omega,lambda_p,pi_bar
3.734950423240661621e-01,3.179661512374877930e+00,1.824438758194446564e-02
1.425078511238098145e-01,3.857091665267944336e+00,1.160235423594713211e-02
3.717574477195739746e-01,4.556959152221679688e+00,5.133137106895446777e-03
4.355478584766387939e-01,2.316588640213012695e+00,2.905364846810698509e-03
2.331216819584369659e-02,5.466626882553100586e-01,6.249789148569107056e-03
5.128553509712219238e-01,1.749031662940979004e+00,5.098153837025165558e-03
3.419868350028991699e-01,2.100831508636474609e+00,4.304906353354454041e-03
2.068450450897216797e-01,4.717190742492675781e+00,1.553509384393692017e-02
2.002498358488082886e-01,4.102730453014373779e-01,2.053464949131011963e-02
3.558656275272369385e-01,2.786812782287597656e+00,2.224125526845455170e-02
3.816954791545867920e-01,2.017369985580444336e+00,8.002187125384807587e-03
2.256175726652145386e-01,1.694536089897155762e+00,4.037946462631225586e-03
2.278068065643310547e-01,7.417834997177124023e-01,5.296017508953809738e-03
7.923587411642074585e-02,4.008452415466308594e+00,4.859621170908212662e-03
2.572334110736846924e-01,4.080653190612792969e+00,6.389415822923183441e-03
1.765767037868499756e-01,4.835041046142578125e+00,9.989429265260696411e-03
2.407787591218948364e-01,4.806154251098632812e+00,1.911887153983116150e-02
1.480714082717895508e-01,3.915548622608184814e-01,7.597547024488449097e-03
6.919881701469421387e-02,4.774472415447235107e-01,7.639138028025627136e-03
3.555088639259338379e-01,4.139603614807128906e+00,3.189196437597274780e-02
3.015250563621520996e-01,4.602899551391601562e+00,1.275870203971862793e-02
1.346632093191146851e-01,4.861912727355957031e+00,8.819252252578735352e-03
3.394404649734497070e-01,4.181627273559570312e+00,2.286153286695480347e-02
3.747745752334594727e-01,4.772334575653076172e+00,2.464117854833602905e-02
3.425624966621398926e-01,4.793548107147216797e+00,2.095824107527732849e-02
2.226934954524040222e-02,3.607713222503662109e+00,4.303523339331150055e-03
3.285824358463287354e-01,5.664542913436889648e-01,6.534573622047901154e-03
1.183376880362629890e-03,3.948097944259643555e+00,1.160030532628297806e-02
1.506738066673278809e-01,9.416797757148742676e-01,1.264161244034767151e-02
1.064028888940811157e-01,4.433848857879638672e+00,3.582905977964401245e-02
1.948402076959609985e-01,1.939567446708679199e+00,6.604591850191354752e-03
3.663776814937591553e-01,4.635948657989501953e+00,1.573034562170505524e-02
3.283966481685638428e-01,4.670896053314208984e+00,1.570729725062847137e-02
1.440336853265762329e-01,1.816940307617187500e+00,8.109032176434993744e-03
1.715295910835266113e-01,3.324401855468750000e+00,2.087818272411823273e-02
1.529954671859741211e-01,4.772130966186523438e+00,1.371549535542726517e-02
2.692484557628631592e-01,4.601722240447998047e+00,6.783760152757167816e-03
2.491956949234008789e-02,3.240547180175781250e+00,4.585593007504940033e-03
3.426042199134826660e-01,3.502278804779052734e+00,1.394926477223634720e-02
5.058294162154197693e-02,3.116175174713134766e+00,3.329877927899360657e-02
2.803263366222381592e-01,5.225164294242858887e-01,1.966493017971515656e-02
8.919021487236022949e-02,3.043972730636596680e+00,8.440734818577766418e-03
1.362223327159881592e-01,3.984432935714721680e+00,2.280580578371882439e-03
1.014967560768127441e-01,2.826263383030891418e-02,3.916457295417785645e-02
5.296915024518966675e-02,3.672360777854919434e-01,7.238493300974369049e-03
4.789536893367767334e-01,1.446414709091186523e+00,5.487427581101655960e-03
3.063119351863861084e-01,3.015987396240234375e+00,9.694451466202735901e-03
2.724247872829437256e-01,2.069940805435180664e+00,2.104126848280429840e-02
2.565571963787078857e-01,3.228758335113525391e+00,9.317430108785629272e-02
8.988861739635467529e-02,3.756067991256713867e+00,2.362666092813014984e-02
2.212970703840255737e-01,4.962461948394775391e+00,1.970232091844081879e-02
4.932389855384826660e-01,3.942114412784576416e-01,9.185783565044403076e-03
8.977455645799636841e-02,4.776225566864013672e+00,4.632500559091567993e-02
1.673512756824493408e-01,4.783360481262207031e+00,1.668268255889415741e-02
3.519087433815002441e-01,2.427585363388061523e+00,1.916220225393772125e-02
5.990777537226676941e-02,2.156491041183471680e+00,4.444481339305639267e-03
1.788850575685501099e-01,4.576738357543945312e+00,4.343423992395401001e-03
4.009079933166503906e-01,4.227920532226562500e+00,1.821181178092956543e-02
2.066260129213333130e-01,4.957753181457519531e+00,2.036352269351482391e-02
3.669862449169158936e-01,3.897842884063720703e+00,1.081023365259170532e-02
4.164064526557922363e-01,4.373642921447753906e+00,6.112519185990095139e-03
2.944183051586151123e-01,4.635775566101074219e+00,2.030953578650951385e-02
4.220283925533294678e-01,3.991806030273437500e+00,1.515626907348632812e-02
9.235131740570068359e-02,3.485066890716552734e+00,4.462152253836393356e-03
2.595508396625518799e-01,4.779644489288330078e+00,5.205665249377489090e-03
2.465589344501495361e-01,2.991277933120727539e+00,1.928497850894927979e-02
3.188536167144775391e-01,4.149703502655029297e+00,1.532888133078813553e-02
2.798319458961486816e-01,3.936660051345825195e+00,5.204164236783981323e-02
2.214085310697555542e-01,4.951786994934082031e+00,2.796608954668045044e-02
2.128438502550125122e-01,2.370299816131591797e+00,7.643952500075101852e-03
2.871550321578979492e-01,4.685591220855712891e+00,2.254606783390045166e-02
8.349189162254333496e-01,1.566674709320068359e+00,2.318836934864521027e-02
1.925470530986785889e-01,3.209804773330688477e+00,6.217981688678264618e-03
4.503995776176452637e-01,2.958488941192626953e+00,9.176871739327907562e-03
2.901707291603088379e-01,4.086387634277343750e+00,2.039010636508464813e-02
1.851570755243301392e-01,3.182365655899047852e+00,4.209431819617748260e-03
2.159105837345123291e-01,3.442897319793701172e+00,6.566493958234786987e-02
2.300329655408859253e-01,1.828071117401123047e+00,1.029459945857524872e-02
2.701348960399627686e-01,4.367281436920166016e+00,2.066695131361484528e-02
1.191721931099891663e-01,4.804377555847167969e+00,4.690435901284217834e-02
1.030708476901054382e-01,4.699329435825347900e-01,5.361323244869709015e-03
3.661989867687225342e-01,6.588614583015441895e-01,2.841882407665252686e-02
2.275169640779495239e-01,4.667739868164062500e+00,2.752262353897094727e-02
3.562188744544982910e-01,4.662783145904541016e+00,2.035481482744216919e-02
2.831774950027465820e-01,4.334345340728759766e+00,1.498959865421056747e-02
4.056200683116912842e-01,3.223060131072998047e+00,1.756377331912517548e-02
1.704487055540084839e-01,3.818381786346435547e+00,9.285355918109416962e-03
2.382108420133590698e-01,4.413260936737060547e+00,1.746281795203685760e-02
3.605792820453643799e-01,3.057163953781127930e+00,1.128381583839654922e-02
8.168676495552062988e-02,3.474668741226196289e+00,3.435186808928847313e-03
3.126560151576995850e-01,4.894675612449645996e-01,1.020772941410541534e-02
8.408651500940322876e-02,5.051270127296447754e-01,2.538361586630344391e-02
6.284714341163635254e-01,3.623539447784423828e+00,1.905366778373718262e-02
1.423570066690444946e-01,2.364727497100830078e+00,2.237898670136928558e-02
1.036493927240371704e-01,1.258370518684387207e+00,1.032620202749967575e-02
2.681466639041900635e-01,3.704553365707397461e+00,1.233695447444915771e-02
1.226029470562934875e-01,3.128050565719604492e+00,4.496367182582616806e-03
1.781103014945983887e-01,6.128649115562438965e-01,2.473270893096923828e-02
1.473233848810195923e-01,4.862895011901855469e+00,9.785265661776065826e-03
7.896662354469299316e-01,4.630579471588134766e+00,1.788958534598350525e-02
3.144909739494323730e-01,3.959264755249023438e+00,2.281999215483665466e-02
6.242313981056213379e-02,1.960507631301879883e+00,3.131553297862410545e-03
4.129134714603424072e-01,2.113685131072998047e+00,9.529727511107921600e-03
2.594433426856994629e-01,1.835353016853332520e+00,2.340784668922424316e-02
6.445736438035964966e-02,1.123689413070678711e+00,4.753185436129570007e-03
3.312867879867553711e-01,1.848279476165771484e+00,5.016355309635400772e-03
4.069868922233581543e-01,2.012563228607177734e+00,8.325438015162944794e-03
3.848717808723449707e-01,3.624554872512817383e-01,9.316804818809032440e-03
4.485423564910888672e-01,2.877056300640106201e-01,4.535909276455640793e-03
8.089162111282348633e-01,3.470193147659301758e+00,4.727165680378675461e-03
7.118902355432510376e-02,4.695572376251220703e+00,1.404202450066804886e-02
1.140688061714172363e-01,5.260316133499145508e-01,6.777716334909200668e-03
3.056123554706573486e-01,3.311299324035644531e+00,6.504200398921966553e-03
2.404390722513198853e-01,2.575405597686767578e+00,6.697095464915037155e-03
7.259442936629056931e-03,2.064872264862060547e+00,2.962772361934185028e-02
9.903125464916229248e-02,3.216322660446166992e+00,6.861153990030288696e-03
3.349185287952423096e-01,4.692104339599609375e+00,9.624536149203777313e-03
6.572193652391433716e-02,2.896845102310180664e+00,3.864166513085365295e-02
5.110728144645690918e-01,5.633991360664367676e-01,1.045901607722043991e-02
1.550790667533874512e-02,3.672179460525512695e+00,7.798996288329362869e-03
1.910161823034286499e-01,4.876286029815673828e+00,5.646056495606899261e-03
2.192007005214691162e-01,3.934900522232055664e+00,7.687387522310018539e-03
4.465551376342773438e-01,1.868004560470581055e+00,2.431859448552131653e-02
3.360655009746551514e-01,4.674610614776611328e+00,1.024353224784135818e-02
2.830425798892974854e-01,3.891556262969970703e+00,1.753964833915233612e-02
2.312855720520019531e-01,2.938848018646240234e+00,7.732973434031009674e-03
2.778870165348052979e-01,2.022157050669193268e-02,3.330072760581970215e-02
1.184833273291587830e-01,3.483757257461547852e+00,3.014566376805305481e-03
1.540038082748651505e-02,4.975251197814941406e+00,1.253154035657644272e-02
3.189392387866973877e-01,7.949325442314147949e-01,3.037825413048267365e-02
1.420710533857345581e-01,3.949769258499145508e+00,4.944339394569396973e-03
4.496959969401359558e-02,4.843485951423645020e-01,3.816367825493216515e-03
2.301704287528991699e-01,4.616113305091857910e-01,2.386539801955223083e-02
2.150254696607589722e-01,4.377526342868804932e-01,2.582621015608310699e-02
2.519828379154205322e-01,3.827645301818847656e+00,2.060451358556747437e-02
9.102569520473480225e-02,3.657379388809204102e+00,6.049569696187973022e-03
2.655085027217864990e-01,3.314766168594360352e+00,4.081867635250091553e-02
6.631021946668624878e-02,1.582267403602600098e+00,3.118446096777915955e-02
3.164795935153961182e-01,8.978734165430068970e-02,8.252346888184547424e-03
1.598786711692810059e-01,2.785404443740844727e+00,1.178275141865015030e-02
1.870411634445190430e-01,3.229973554611206055e+00,3.486694023013114929e-02
4.610482156276702881e-01,1.976336717605590820e+00,5.020298995077610016e-03
6.875493526458740234e-01,1.569836497306823730e+00,9.230652824044227600e-03
2.878466844558715820e-01,1.357828527688980103e-01,9.378627873957157135e-03
5.122606754302978516e-01,2.384953975677490234e+00,1.055003423243761063e-02
2.701205909252166748e-01,4.690965652465820312e+00,4.089985974133014679e-03
3.746122419834136963e-01,3.356189429759979248e-01,5.147007852792739868e-02
1.932739317417144775e-01,3.404771685600280762e-01,1.089402940124273300e-02
9.288646280765533447e-02,4.499656260013580322e-01,2.677040360867977142e-02
2.556849271059036255e-02,1.976138353347778320e+00,5.395794752985239029e-03
8.505839854478836060e-02,1.995304226875305176e+00,2.160120755434036255e-02
1.008147001266479492e-01,3.499974250793457031e+00,1.589189469814300537e-02
1.060731559991836548e-01,3.438766002655029297e+00,2.987660281360149384e-02
7.868520617485046387e-01,1.688446760177612305e+00,2.174518816173076630e-02
7.376371324062347412e-02,1.805181503295898438e+00,6.089828442782163620e-03
7.673196792602539062e-01,3.874118328094482422e-01,2.500484324991703033e-02
3.772542998194694519e-02,1.823894500732421875e+00,3.518675686791539192e-03
1.261541396379470825e-01,2.103781938552856445e+00,8.276931941509246826e-03
8.536307513713836670e-02,4.177856445312500000e-01,5.597909446805715561e-03
3.076454401016235352e-01,1.321659564971923828e+00,7.151879835873842239e-03
2.649553418159484863e-01,1.644578762352466583e-02,2.039845474064350128e-02
2.625892758369445801e-01,2.320285558700561523e+00,2.293897792696952820e-02
3.914579749107360840e-01,5.481386780738830566e-01,4.033203423023223877e-02
8.865914493799209595e-02,3.313218593597412109e+00,5.863281432539224625e-03
1.185681484639644623e-02,3.901968240737915039e+00,4.761073738336563110e-03
2.120777964591979980e-01,4.961870670318603516e+00,2.449755743145942688e-02
2.490819692611694336e-01,3.277344942092895508e+00,2.246898040175437927e-02
3.896954953670501709e-01,3.162460088729858398e+00,3.276854753494262695e-02
6.920762825757265091e-03,3.853691339492797852e+00,7.094103377312421799e-03
4.168018698692321777e-01,4.554186820983886719e+00,5.633456166833639145e-03
3.761060535907745361e-01,4.798358440399169922e+00,1.434325054287910461e-02
2.538994550704956055e-01,4.001316070556640625e+00,1.416500471532344818e-02
9.661595523357391357e-02,1.049860119819641113e+00,4.261829890310764313e-03
3.243546187877655029e-01,4.060195922851562500e+00,5.951841361820697784e-03
2.909498214721679688e-01,3.603704571723937988e-01,5.068292375653982162e-03
7.486218959093093872e-02,3.688143730163574219e+00,1.801046542823314667e-02
7.172546982765197754e-01,3.948149919509887695e+00,2.319205738604068756e-02
1.516102701425552368e-01,3.062838792800903320e+00,2.435060683637857437e-03
1.067180037498474121e-01,4.808454990386962891e+00,4.471986554563045502e-03
7.802689075469970703e-02,4.410676360130310059e-01,1.199951581656932831e-02
9.581783413887023926e-02,1.803030133247375488e+00,7.841457612812519073e-03
9.710716605186462402e-01,6.086150184273719788e-02,4.293074365705251694e-03
1.459842175245285034e-01,1.892388463020324707e+00,1.336945220828056335e-02
1.814449578523635864e-01,4.864624023437500000e+00,6.019503343850374222e-03
1.333587616682052612e-01,2.065196990966796875e+00,4.823982343077659607e-02
5.783817172050476074e-02,3.618347167968750000e+00,2.096028998494148254e-02
2.338055223226547241e-01,1.912688374519348145e+00,6.359759252518415451e-03
5.596306920051574707e-01,5.841283202171325684e-01,6.159897893667221069e-03
2.790053784847259521e-01,5.837306380271911621e-01,9.235877543687820435e-03
3.549087047576904297e-01,4.141225814819335938e+00,1.740924199111759663e-03
3.196558058261871338e-01,1.831117510795593262e+00,3.269950300455093384e-02
9.258969873189926147e-02,2.747133374214172363e-01,1.429587230086326599e-02
9.850066900253295898e-02,2.658258438110351562e+00,1.162458397448062897e-02
4.140177741646766663e-02,2.395132780075073242e+00,1.433428749442100525e-02
7.513971626758575439e-02,3.137566804885864258e+00,2.573708631098270416e-02
2.553105652332305908e-01,2.757679700851440430e+00,2.066126465797424316e-02
3.092337250709533691e-01,5.608983039855957031e-01,1.544325612485408783e-02
9.420345723628997803e-02,3.010821819305419922e+00,4.272534977644681931e-03
1.835196018218994141e-01,5.666826963424682617e-01,6.318782921880483627e-03
3.144868463277816772e-02,4.896939754486083984e+00,4.494318738579750061e-03
4.378084540367126465e-01,3.425018191337585449e-01,2.751483954489231110e-02
3.886371478438377380e-02,4.091386318206787109e+00,1.380538684315979481e-03
2.941860854625701904e-01,4.074046134948730469e+00,1.136315520852804184e-02
3.795976340770721436e-01,3.976682901382446289e+00,9.051432833075523376e-03
2.556092739105224609e-01,1.797874450683593750e+00,4.236640036106109619e-02
1.504217833280563354e-02,5.364574193954467773e-01,1.631528139114379883e-02
3.750600218772888184e-01,4.063604354858398438e+00,1.252831332385540009e-02
7.007499039173126221e-02,4.960026264190673828e+00,1.879690028727054596e-02
1.590542644262313843e-01,2.410488128662109375e+00,6.973479874432086945e-03
3.282986581325531006e-01,3.777103424072265625e+00,5.906767677515745163e-03
7.987854480743408203e-01,4.070724248886108398e-01,6.605923641473054886e-03
3.807462751865386963e-01,1.801880121231079102e+00,1.456385664641857147e-02
2.923730313777923584e-01,5.199504494667053223e-01,1.979984343051910400e-02
2.404054403305053711e-01,3.992012739181518555e+00,9.948657825589179993e-03
3.106665313243865967e-01,8.038849234580993652e-01,3.066109307110309601e-02
2.626789920032024384e-02,4.706268787384033203e+00,1.743725873529911041e-02
2.006893306970596313e-01,1.944078326225280762e+00,4.859723616391420364e-03
3.321048319339752197e-01,2.895206809043884277e-01,3.397785872220993042e-02
1.789368242025375366e-01,7.375120371580123901e-02,1.448717992752790451e-02
4.250393211841583252e-01,3.328173654153943062e-03,2.296858280897140503e-02
1.434204429388046265e-01,4.711839556694030762e-01,2.748123742640018463e-02
2.303052842617034912e-01,3.515501022338867188e+00,9.170212782919406891e-03
3.415279686450958252e-01,2.802181243896484375e+00,3.806810081005096436e-02
7.819543778896331787e-02,4.439782798290252686e-01,2.683745138347148895e-02
2.856526076793670654e-01,1.414625525474548340e+00,4.970820154994726181e-03
3.447695672512054443e-01,4.936124801635742188e+00,5.700811161659657955e-04
8.558642119169235229e-02,3.495489120483398438e+00,1.627102680504322052e-02
1.012558937072753906e-01,3.629869699478149414e+00,5.374737828969955444e-02
2.018389552831649780e-01,4.195401191711425781e+00,4.467172082513570786e-03
4.070028662681579590e-01,1.816904425621032715e+00,1.087395101785659790e-02
3.451629877090454102e-01,4.962005615234375000e+00,2.393777109682559967e-02
1.837998628616333008e-02,8.105137348175048828e-01,7.008514367043972015e-03
2.998178601264953613e-01,2.889712333679199219e+00,3.523183055222034454e-03
4.470430016517639160e-01,9.201068282127380371e-01,3.508841386064887047e-03
8.167753368616104126e-02,2.247905015945434570e+00,8.317293599247932434e-03
3.091125786304473877e-01,3.755059957504272461e+00,5.561952944844961166e-03
3.476947844028472900e-01,5.690125226974487305e-01,1.265989802777767181e-02
7.523049116134643555e-01,4.111858367919921875e+00,6.174751557409763336e-03
3.754037320613861084e-01,4.720175266265869141e+00,9.836792945861816406e-03
1.275574862957000732e-01,1.561748862266540527e+00,2.683567404747009277e-01
6.835228949785232544e-02,5.053412318229675293e-01,8.937160484492778778e-03
2.902360558509826660e-01,1.910151481628417969e+00,5.838286131620407104e-03
9.340962022542953491e-02,5.978718996047973633e-01,6.784682162106037140e-03
4.083142578601837158e-01,4.623801231384277344e+00,7.553753908723592758e-03
3.834815919399261475e-01,4.688956439495086670e-01,4.504665266722440720e-03
2.326059937477111816e-01,1.808650493621826172e+00,4.479567054659128189e-03
1.676064729690551758e-01,4.010476112365722656e+00,9.043494239449501038e-03
7.300467044115066528e-02,1.942057490348815918e+00,2.240690216422080994e-02
3.099184036254882812e-01,4.835368156433105469e+00,6.770852487534284592e-03
2.113904207944869995e-01,3.972385644912719727e+00,2.121224068105220795e-02
4.245038330554962158e-01,2.114730358123779297e+00,1.832669787108898163e-02
8.434852957725524902e-01,1.878227710723876953e+00,2.726621553301811218e-02
3.377432823181152344e-01,2.607094764709472656e+00,1.191264577209949493e-02
1.126013025641441345e-01,4.124950170516967773e-01,7.267227862030267715e-03
2.925720512866973877e-01,5.173439383506774902e-01,3.493424132466316223e-02
7.339555770158767700e-02,5.541561245918273926e-01,8.867142722010612488e-03
1.232800632715225220e-01,4.025545597076416016e+00,1.038628350943326950e-02
2.607624828815460205e-01,1.904529094696044922e+00,4.669594112783670425e-03
1.562846601009368896e-01,4.528237879276275635e-01,7.591912988573312759e-03
5.099557638168334961e-01,2.487581595778465271e-02,1.349617075175046921e-02
1.808229088783264160e-01,3.451130390167236328e+00,2.297688042744994164e-03
1.623382419347763062e-01,1.969703793525695801e+00,2.002044953405857086e-02
2.263614684343338013e-01,3.743905305862426758e+00,2.297811023890972137e-02
1.485777320340275764e-03,5.042485594749450684e-01,2.112813852727413177e-02
1.658336371183395386e-01,4.700014591217041016e+00,1.137135084718465805e-02
3.163612782955169678e-01,8.830438256263732910e-01,7.783476728945970535e-03
2.572011947631835938e-01,1.755180001258850098e+00,5.007647909224033356e-03
3.436082899570465088e-01,1.911319375038146973e+00,1.594091206789016724e-02
2.136595547199249268e-01,1.880775570869445801e+00,3.932432737201452255e-03
2.846971154212951660e-01,2.182116985321044922e+00,1.799192279577255249e-02
5.583120584487915039e-01,1.799111604690551758e+00,1.187085080891847610e-02
2.318764477968215942e-01,4.700034141540527344e+00,5.164279136806726456e-03
9.363405704498291016e-01,4.043003559112548828e+00,3.384069073945283890e-03
2.578160464763641357e-01,1.972430825233459473e+00,6.592708639800548553e-03
8.142001926898956299e-02,3.144480228424072266e+00,2.125280676409602165e-03
1.122454181313514709e-01,4.938856601715087891e+00,1.968577690422534943e-02
2.211063504219055176e-01,2.824392795562744141e+00,5.610048770904541016e-03
6.489165127277374268e-02,4.357681274414062500e+00,9.730665013194084167e-03
5.471410229802131653e-02,8.959446549415588379e-01,4.684207215905189514e-02
1.702891737222671509e-01,4.014653682708740234e+00,1.009402051568031311e-02
8.232808113098144531e-02,1.602579057216644287e-01,1.941369473934173584e-02
2.569310665130615234e-01,2.798738181591033936e-01,7.742295507341623306e-03
3.823239803314208984e-01,3.429765939712524414e+00,6.855258345603942871e-02
5.559176206588745117e-02,4.834669113159179688e+00,1.721470803022384644e-02
3.611112534999847412e-01,3.319825410842895508e+00,7.730002515017986298e-03
3.485053777694702148e-01,3.509250879287719727e+00,5.522205960005521774e-03
2.710001729428768158e-02,1.708820581436157227e+00,4.853167571127414703e-03
2.973820865154266357e-01,4.739727020263671875e+00,1.862351968884468079e-02
2.333525568246841431e-01,4.464824676513671875e+00,2.770348219200968742e-03
1.871239840984344482e-01,2.128202676773071289e+00,1.565704867243766785e-02
3.254010975360870361e-01,7.549818158149719238e-01,3.952716011554002762e-03
3.058073222637176514e-01,1.963270902633666992e+00,5.206792149692773819e-03
1.008436530828475952e-01,1.341146528720855713e-01,3.115495853126049042e-02
1.326406896114349365e-01,2.826170921325683594e-01,9.320697747170925140e-03
1.213504597544670105e-01,1.776755690574645996e+00,1.883972063660621643e-02
1.112814769148826599e-01,7.204974293708801270e-01,1.831834949553012848e-02
3.123418092727661133e-01,3.351458311080932617e+00,3.145469725131988525e-02
9.425904601812362671e-02,3.743654489517211914e+00,4.487096332013607025e-03
8.158884197473526001e-02,4.215178012847900391e+00,2.505478262901306152e-02
2.367644906044006348e-01,1.758483648300170898e+00,9.986407123506069183e-03
4.427720904350280762e-01,1.784436583518981934e+00,1.561259012669324875e-02
3.426385521888732910e-01,1.901213645935058594e+00,4.701863043010234833e-03
9.511660039424896240e-02,1.323241591453552246e+00,8.683006279170513153e-03
4.121662676334381104e-01,3.014144182205200195e+00,3.951384220272302628e-03
1.550042629241943359e-01,2.754395723342895508e+00,7.391539402306079865e-03
1.535308957099914551e-01,2.436175823211669922e+00,5.688467063009738922e-03
1.037117559462785721e-02,3.170960664749145508e+00,1.656001084484159946e-03
2.934574484825134277e-01,3.568641901016235352e+00,1.116303820163011551e-02
8.473481237888336182e-02,4.055505275726318359e+00,5.149220582097768784e-03
3.981080353260040283e-01,4.548282623291015625e+00,1.708097197115421295e-02
3.033838570117950439e-01,1.798403024673461914e+00,1.213642768561840057e-02
3.457274436950683594e-01,4.886956691741943359e+00,1.276331208646297455e-02
2.189523577690124512e-01,2.134054660797119141e+00,2.881905995309352875e-03
2.845812588930130005e-02,4.210537970066070557e-01,9.342005476355552673e-03
4.331904351711273193e-01,1.745918393135070801e+00,8.729718625545501709e-03
1.194024831056594849e-01,2.506439946591854095e-02,2.794985286891460419e-02
9.469758719205856323e-02,2.531782388687133789e+00,4.505689721554517746e-03
1.460589170455932617e-01,5.788450837135314941e-01,1.507155131548643112e-02
1.204163804650306702e-01,2.574513196945190430e+00,1.922740601003170013e-02
3.929851949214935303e-01,3.696728706359863281e+00,2.405404113233089447e-03
9.992532432079315186e-02,5.265426635742187500e-01,1.256467960774898529e-02
2.309882789850234985e-01,1.637972831726074219e+00,2.308556996285915375e-02
2.162349373102188110e-01,3.159844636917114258e+00,7.097330410033464432e-03
3.228101730346679688e-01,1.602785885334014893e-01,5.353589076548814774e-03
7.678978890180587769e-02,1.861438274383544922e+00,6.260253489017486572e-02
1.577552706003189087e-01,4.658130168914794922e+00,2.635618671774864197e-02
8.306103944778442383e-02,2.049372196197509766e+00,5.819129757583141327e-03
1.160191372036933899e-01,9.117308259010314941e-02,2.883032709360122681e-02
4.033147096633911133e-01,1.821226358413696289e+00,2.640930190682411194e-02
1.851674318313598633e-01,2.079446077346801758e+00,3.954764921218156815e-03
1.787801273167133331e-02,6.943919658660888672e-01,2.108670026063919067e-02
1.087902393192052841e-02,7.322688102722167969e-01,4.180901870131492615e-02
4.762864708900451660e-01,2.267750740051269531e+00,1.765929907560348511e-02
2.577418684959411621e-01,3.204357624053955078e+00,6.821560673415660858e-03
3.489726483821868896e-01,3.920375823974609375e+00,4.927744157612323761e-03
7.034477591514587402e-02,3.803770542144775391e+00,2.022568881511688232e-02
3.539632260799407959e-01,4.742378234863281250e+00,5.081046372652053833e-03
1.806714683771133423e-01,3.757156729698181152e-01,7.303901482373476028e-03
3.000259995460510254e-01,4.142633438110351562e+00,4.193911794573068619e-03
1.793504059314727783e-01,4.651377201080322266e+00,3.217756981030106544e-03
1.287467628717422485e-01,3.938960134983062744e-01,1.671802438795566559e-02
1.449844837188720703e-01,3.901003837585449219e+00,6.450521294027566910e-03
1.849687993526458740e-01,1.979580760002136230e+00,2.432468906044960022e-02
2.303428947925567627e-01,4.734415054321289062e+00,8.795383386313915253e-03
6.306805298663675785e-04,3.276030063629150391e+00,2.611765265464782715e-02
1.644739061594009399e-01,4.299526214599609375e+00,1.668217033147811890e-02
1.222584247589111328e-01,4.898590743541717529e-01,8.233549073338508606e-03
2.511128187179565430e-01,3.243196010589599609e+00,3.251972049474716187e-02
2.416766583919525146e-01,4.614820778369903564e-01,1.621371135115623474e-02
1.153073608875274658e-01,7.709801942110061646e-02,1.004650890827178955e-01
5.248853005468845367e-03,3.789099216461181641e+00,2.507055923342704773e-02
4.147714078426361084e-01,2.496378898620605469e+00,2.326412312686443329e-02
1.696735173463821411e-01,1.959223747253417969e+00,7.610966917127370834e-03
1.540960967540740967e-01,4.579460024833679199e-01,1.644727587699890137e-02
1.440912038087844849e-01,3.643300056457519531e+00,8.930297568440437317e-03
8.154430985450744629e-01,2.802433729171752930e+00,2.970619359984993935e-03
2.804309427738189697e-01,4.656268596649169922e+00,5.686110816895961761e-03
3.355899751186370850e-01,1.730823636054992676e+00,4.652076866477727890e-03
1.380939185619354248e-01,8.719180822372436523e-01,7.603079080581665039e-03
2.729198038578033447e-01,2.779239654541015625e+00,2.283371984958648682e-02
1.949494928121566772e-01,1.899363994598388672e+00,1.608929783105850220e-02
7.463362812995910645e-02,1.405559182167053223e-01,4.283946752548217773e-02
5.565305799245834351e-02,4.355860233306884766e+00,1.750727742910385132e-02
3.293154537677764893e-01,2.065454721450805664e+00,1.580599695444107056e-02
4.704235196113586426e-01,3.999652266502380371e-01,5.811600480228662491e-03
3.344179391860961914e-01,3.526464462280273438e+00,3.013623878359794617e-02
3.065644502639770508e-01,4.960423946380615234e+00,1.626590453088283539e-02
6.555591821670532227e-01,4.146239280700683594e+00,1.704434864223003387e-02
2.072789222002029419e-01,4.841931760311126709e-01,2.377181872725486755e-02
2.954998612403869629e-01,3.322767734527587891e+00,1.479081343859434128e-02
9.111694246530532837e-02,2.486529827117919922e+00,2.539959736168384552e-03
1.056362092494964600e-01,3.390758514404296875e+00,1.424751989543437958e-02
2.508486621081829071e-03,2.894191741943359375e+00,1.674896292388439178e-02
1.643634736537933350e-01,3.404654979705810547e+00,1.430135220289230347e-02
3.434104472398757935e-02,4.854951500892639160e-01,9.290273301303386688e-03
4.358826279640197754e-01,1.774926662445068359e+00,8.161276578903198242e-03
3.087679147720336914e-01,3.274680852890014648e+00,5.925980210304260254e-02
1.401139795780181885e-01,3.030825138092041016e+00,5.521283950656652451e-03
6.137655302882194519e-02,1.942712068557739258e+00,6.908122915774583817e-03
2.008645087480545044e-01,4.358570575714111328e-01,1.452774554491043091e-02
2.925002574920654297e-02,4.830254554748535156e+00,3.657482564449310303e-03
3.660144805908203125e-01,1.920351386070251465e+00,3.284379094839096069e-02
1.750455945730209351e-01,4.024730682373046875e+00,1.381511916406452656e-03
3.838151395320892334e-01,2.367358207702636719e+00,1.320585422217845917e-02
3.933773040771484375e-01,1.973871588706970215e+00,5.546484608203172684e-03
2.238938361406326294e-01,3.948295831680297852e+00,8.673120755702257156e-04
2.965471446514129639e-01,3.497818946838378906e+00,9.724159725010395050e-03
7.379107177257537842e-02,3.274693012237548828e+00,7.302467245608568192e-03
4.118529260158538818e-01,3.944564819335937500e+00,5.621573422104120255e-03
3.536259233951568604e-01,5.640854239463806152e-01,1.243007276207208633e-02
2.977659404277801514e-01,2.435959339141845703e+00,2.379128150641918182e-02
1.133412048220634460e-01,1.699604153633117676e+00,5.546535830944776535e-03
1.229311898350715637e-01,2.780480861663818359e+00,3.878139192238450050e-03
3.006503283977508545e-01,4.806010246276855469e+00,4.807120654731988907e-03
3.766242265701293945e-01,4.616397380828857422e+00,7.176004815846681595e-03
3.326824903488159180e-01,4.679307937622070312e+00,2.721489220857620239e-02
1.402934044599533081e-01,1.122117321938276291e-02,1.394885499030351639e-02
1.524044275283813477e-01,1.627055644989013672e+00,1.807981729507446289e-02
3.314625322818756104e-01,5.664135888218879700e-02,2.538694627583026886e-02
2.743581533432006836e-01,2.424937009811401367e+00,5.661934614181518555e-03
2.518839538097381592e-01,2.953614473342895508e+00,1.958728022873401642e-02
2.993370890617370605e-01,9.058272838592529297e-01,1.782392151653766632e-02
3.035530745983123779e-01,1.644041895866394043e+00,5.498905852437019348e-02
1.413699090480804443e-01,3.262616395950317383e+00,2.063324861228466034e-02
1.003760918974876404e-01,3.232851028442382812e+00,1.069421973079442978e-02
2.851427495479583740e-01,3.970753192901611328e+00,7.255190983414649963e-03
3.111024796962738037e-01,1.887968301773071289e+00,7.128779776394367218e-03
5.028489604592323303e-02,1.152227520942687988e-01,8.152313530445098877e-03
3.526914715766906738e-01,2.458158969879150391e+00,3.913691267371177673e-02
3.976111114025115967e-01,3.421472549438476562e+00,5.797463469207286835e-03
4.932343661785125732e-01,3.309417724609375000e+00,9.092255495488643646e-03
4.206306934356689453e-01,5.580919384956359863e-01,3.105943277478218079e-02
3.879961967468261719e-01,4.110251665115356445e-01,8.982439525425434113e-03
6.522995233535766602e-02,3.491853237152099609e+00,5.397551506757736206e-02
3.249026834964752197e-01,2.001331806182861328e+00,2.300254255533218384e-02
3.825966119766235352e-01,1.972261905670166016e+00,1.315330248326063156e-02
3.261997699737548828e-01,4.659790992736816406e+00,4.807940125465393066e-02
2.734343409538269043e-01,4.657707691192626953e+00,7.576751522719860077e-03
2.693433463573455811e-01,2.896290063858032227e+00,7.359629031270742416e-03
3.331358432769775391e-01,2.528618335723876953e+00,1.102525554597377777e-02
1.185201257467269897e-01,4.098339080810546875e+00,1.346216071397066116e-02
3.691099286079406738e-01,3.367901802062988281e+00,1.748571358621120453e-02
1.719480156898498535e-01,1.423063635826110840e+00,2.307927049696445465e-02
5.482778549194335938e-01,1.742729425430297852e+00,7.415100466459989548e-03
7.102292776107788086e-01,3.992067575454711914e+00,1.704081520438194275e-02
3.661774098873138428e-01,3.884972095489501953e+00,7.499921601265668869e-03
8.121328949928283691e-01,1.624669194221496582e+00,8.020011708140373230e-03
1.199487522244453430e-01,5.905562639236450195e-01,5.127298180013895035e-03
2.729305624961853027e-01,5.316011309623718262e-01,6.911810953170061111e-03
1.444647908210754395e-01,4.969705581665039062e+00,6.936601363122463226e-03
3.347167670726776123e-01,3.351737260818481445e-01,1.033946778625249863e-02
3.674045801162719727e-01,3.993018567562103271e-01,2.398161590099334717e-02
1.961925178766250610e-01,4.845112800598144531e+00,2.447384223341941833e-02
9.354305802844464779e-04,2.476304173469543457e-01,8.036545664072036743e-02
4.444334805011749268e-01,5.039085149765014648e-01,1.997368596494197845e-02
3.365170359611511230e-01,2.263976097106933594e+00,1.008756738156080246e-02
1.796522177755832672e-02,3.988826751708984375e+00,7.789930328726768494e-03
3.047528266906738281e-01,4.349825382232666016e+00,1.751936506479978561e-03
4.347476065158843994e-01,9.637157320976257324e-01,1.384052447974681854e-02
8.125976473093032837e-02,3.413624286651611328e+00,1.420019287616014481e-02
2.890979172661900520e-03,4.291856288909912109e+00,2.920321188867092133e-03
7.488115876913070679e-02,1.189024448394775391e-01,1.812714524567127228e-02
1.405188590288162231e-01,9.927689433097839355e-01,8.855362422764301300e-03
3.968800604343414307e-01,3.638314723968505859e+00,1.733584329485893250e-02
1.489381119608879089e-02,3.447098255157470703e+00,1.204566471278667450e-02
2.159388922154903412e-02,1.028616428375244141e+00,7.820149883627891541e-03
4.116533994674682617e-01,5.106940865516662598e-01,1.467331405729055405e-02
9.220633655786514282e-02,3.090641260147094727e+00,2.054489217698574066e-02
4.447897970676422119e-01,5.948464870452880859e-01,4.147967323660850525e-03
2.101722508668899536e-01,3.027756690979003906e+00,3.692045807838439941e-02
2.985844016075134277e-01,1.417696356773376465e+00,9.654039517045021057e-03
1.301470994949340820e-01,3.382232189178466797e+00,2.367265522480010986e-02
1.826714873313903809e-01,3.176774978637695312e+00,9.514822624623775482e-03
3.063449263572692871e-01,3.905362367630004883e+00,1.307242549955844879e-02
1.976515799760818481e-01,4.061093330383300781e+00,8.385212160646915436e-03
2.972309291362762451e-01,3.846011757850646973e-01,2.022579126060009003e-02
2.561484277248382568e-01,4.801635265350341797e+00,9.407875128090381622e-03
1.237199455499649048e-01,4.974806308746337891e+00,3.765044966712594032e-03
1.314346492290496826e-01,3.501865148544311523e+00,3.627211321145296097e-03
3.057359457015991211e-01,1.619441151618957520e+00,3.661272814497351646e-03
3.168477416038513184e-01,9.195796847343444824e-01,1.965837366878986359e-02
3.059348277747631073e-02,1.953822731971740723e+00,4.935836885124444962e-03
5.009142756462097168e-01,2.655725717544555664e+00,8.349459618330001831e-03
2.832580506801605225e-01,4.678518772125244141e+00,9.850673377513885498e-03
3.346921205520629883e-01,7.007380127906799316e-01,1.144305896013975143e-02
1.826291233301162720e-01,4.039781093597412109e+00,2.977892523631453514e-03
2.346707284450531006e-01,2.770475387573242188e+00,1.627901755273342133e-02
2.616392076015472412e-01,3.365343213081359863e-01,2.542100660502910614e-02
5.553865432739257812e-02,3.430941820144653320e+00,1.351158786565065384e-02
2.658993899822235107e-01,4.239924997091293335e-02,2.725725248456001282e-02
4.348365664482116699e-01,2.685037255287170410e-01,9.905632585287094116e-03
3.311272263526916504e-01,3.742356061935424805e+00,6.975733675062656403e-03
3.568097054958343506e-01,3.431970357894897461e+00,8.329074829816818237e-03
4.855969250202178955e-01,4.248189926147460938e+00,9.868754073977470398e-03
1.035612523555755615e-01,2.140340566635131836e+00,5.084580276161432266e-03
8.592544496059417725e-02,1.990702152252197266e+00,2.588736824691295624e-02
3.529411554336547852e-01,1.808330774307250977e+00,1.477729063481092453e-02
3.053333461284637451e-01,4.259997367858886719e+00,3.728525014594197273e-03
3.658322393894195557e-01,3.475060224533081055e+00,1.065334584563970566e-02
2.957647480070590973e-02,1.163551926612854004e+00,4.986545071005821228e-03
4.473377168178558350e-01,3.227105379104614258e+00,2.030625706538558006e-03
3.072310090065002441e-01,2.860793828964233398e+00,3.005346748977899551e-03
2.283954322338104248e-01,4.903498649597167969e+00,3.718844382092356682e-03
6.081798300147056580e-02,4.847734451293945312e+00,4.842001479119062424e-03
1.424036175012588501e-01,4.829100131988525391e+00,4.578729625791311264e-03
4.063134789466857910e-01,1.620676279067993164e+00,6.491241510957479477e-03
2.415010333061218262e-01,3.950943946838378906e+00,9.518459439277648926e-03
8.507867902517318726e-02,2.964899063110351562e+00,4.614250734448432922e-02
2.820064313709735870e-02,4.650145053863525391e+00,3.725298214703798294e-03
2.000021338462829590e-01,2.436236441135406494e-01,8.126959204673767090e-03
7.539091259241104126e-02,2.054559469223022461e+00,5.612763576209545135e-03
7.485818117856979370e-02,5.185607671737670898e-01,1.166176982223987579e-02
5.440569519996643066e-01,1.721571564674377441e+00,8.665284141898155212e-03
9.251358509063720703e-01,1.601775407791137695e+00,3.240037709474563599e-03
9.524896740913391113e-02,1.865202426910400391e+00,1.426165644079446793e-02
7.248748838901519775e-02,2.380240917205810547e+00,5.388567224144935608e-02
4.610978066921234131e-01,1.586334109306335449e+00,4.126352723687887192e-03
7.388789206743240356e-02,5.327008366584777832e-01,1.421837601810693741e-02
4.254075288772583008e-01,1.101311683654785156e+00,5.238650832325220108e-03
2.022874057292938232e-01,5.587378740310668945e-01,1.981208473443984985e-02
1.983561664819717407e-01,2.300858974456787109e+00,8.802554570138454437e-03
3.157448768615722656e-01,1.732765287160873413e-01,2.034436538815498352e-02
3.200508952140808105e-01,4.675242900848388672e+00,1.152419205754995346e-02
3.378050401806831360e-02,4.855014801025390625e+00,7.484555244445800781e-03
3.225887715816497803e-01,3.592661142349243164e+00,3.591725975275039673e-02
9.599640220403671265e-02,4.159914970397949219e+00,1.618958637118339539e-02
2.293572425842285156e-01,4.149363994598388672e+00,1.051320694386959076e-02
1.558169275522232056e-01,2.924237489700317383e+00,4.963803105056285858e-03
1.563581526279449463e-01,3.526651859283447266e-01,5.911326035857200623e-03
2.664889991283416748e-01,3.182858228683471680e+00,5.881976801902055740e-03
1.992351710796356201e-01,1.697546243667602539e+00,1.869691908359527588e-02
1.069498136639595032e-01,2.385877132415771484e+00,3.693746402859687805e-03
1.205938756465911865e-01,4.160206913948059082e-01,1.316165179014205933e-02
3.057110607624053955e-01,4.817113876342773438e+00,1.227897312492132187e-02
1.726229339838027954e-01,4.970902919769287109e+00,8.623846806585788727e-03
3.749198615550994873e-01,1.993524074554443359e+00,4.643164575099945068e-03
2.202699780464172363e-01,7.984474301338195801e-01,7.804322987794876099e-03
3.896422684192657471e-02,4.110828876495361328e+00,4.019097425043582916e-03
3.748850524425506592e-02,3.079909682273864746e-01,7.019987795501947403e-03
2.292594760656356812e-01,2.665543556213378906e+00,1.901991292834281921e-02
2.056745290756225586e-01,3.696336269378662109e+00,6.178951822221279144e-03
1.138316690921783447e-01,3.843674898147583008e+00,8.138535544276237488e-03
3.039760701358318329e-02,2.068483591079711914e+00,3.128070384263992310e-03
5.322621669620275497e-03,4.710480690002441406e+00,2.278116717934608459e-02
7.717535644769668579e-02,4.877657890319824219e+00,6.325338967144489288e-03
2.320206612348556519e-01,3.816652297973632812e+00,1.703574508428573608e-02
9.361285716295242310e-02,8.896478414535522461e-01,2.916633337736129761e-02
6.925775408744812012e-01,1.752087116241455078e+00,4.397717304527759552e-03
3.366741538047790527e-01,2.738357305526733398e+00,7.905175909399986267e-03
1.834898293018341064e-01,3.496827602386474609e+00,6.097818724811077118e-03
1.867209970951080322e-01,6.694161295890808105e-01,7.156950887292623520e-03
1.185031607747077942e-01,4.708424091339111328e+00,2.707362733781337738e-02
4.218148887157440186e-01,5.676167011260986328e-01,1.175801269710063934e-02
3.673313260078430176e-01,2.726006984710693359e+00,6.816955655813217163e-02
1.223108768463134766e-01,3.484183788299560547e+00,1.094294525682926178e-02
7.608284801244735718e-02,6.816575527191162109e-01,4.681559279561042786e-02
3.633807003498077393e-01,4.662138938903808594e+00,1.945308223366737366e-02
6.855703592300415039e-01,1.757885694503784180e+00,2.172475121915340424e-02
4.365571141242980957e-01,1.920530200004577637e+00,2.662529796361923218e-02
2.040428966283798218e-01,4.202559471130371094e+00,8.285844698548316956e-03
2.009483724832534790e-01,3.504855155944824219e+00,5.343959666788578033e-03
4.489021301269531250e-01,3.974624395370483398e+00,5.603492536465637386e-05
1.417665034532546997e-01,4.621975421905517578e+00,9.046567603945732117e-03
1.961076818406581879e-02,4.625354409217834473e-01,9.342415258288383484e-03
1.103581413626670837e-01,1.728158235549926758e+00,1.296296808868646622e-02
3.691971302032470703e-01,3.001793146133422852e+00,3.770371899008750916e-03
2.179422229528427124e-02,1.948138594627380371e+00,8.977317251265048981e-03
2.931478917598724365e-01,4.850719451904296875e+00,1.512579340487718582e-02
1.430375427007675171e-01,4.053548812866210938e+00,7.175031583756208420e-03
2.544940412044525146e-01,4.054647684097290039e-01,5.962751340121030807e-03
1.205810531973838806e-01,3.074038326740264893e-01,5.322549492120742798e-03
1.789025068283081055e-01,2.820474863052368164e+00,7.224582135677337646e-02
2.462379932403564453e-01,3.905469417572021484e+00,3.713671118021011353e-03
7.519409805536270142e-02,3.539067029953002930e+00,1.873482135124504566e-03
1.710808724164962769e-01,4.749968051910400391e+00,3.818314056843519211e-03
3.707529604434967041e-01,4.095411777496337891e+00,2.315563848242163658e-03
2.294907420873641968e-01,3.928497552871704102e+00,5.111624952405691147e-03
1.748313605785369873e-01,2.750049114227294922e+00,1.336663495749235153e-02
3.512530028820037842e-01,1.886312723159790039e+00,1.926443888805806637e-03
3.250491321086883545e-01,4.278198719024658203e+00,1.694785058498382568e-02
4.151541292667388916e-01,3.442396402359008789e+00,1.868687942624092102e-02
2.583957910537719727e-01,6.650546193122863770e-01,1.692193374037742615e-02
3.297486901283264160e-01,4.782784461975097656e+00,7.026236969977617264e-03
5.422339309006929398e-03,5.484854578971862793e-01,7.564817555248737335e-03
2.663382589817047119e-01,6.957681775093078613e-01,1.315345615148544312e-02
1.549976021051406860e-01,4.906177043914794922e+00,2.550982311367988586e-02
8.355665206909179688e-02,3.365186691284179688e+00,6.390491500496864319e-03
2.010194063186645508e-01,2.784646987915039062e+00,4.296147730201482773e-03
2.846159636974334717e-01,1.371028661727905273e+00,9.791513904929161072e-03
1.654243282973766327e-02,7.092490792274475098e-01,1.200470924377441406e-01
9.863798320293426514e-02,5.364976525306701660e-01,9.938311763107776642e-03
1.358014494180679321e-01,4.054869174957275391e+00,6.361808162182569504e-03
3.646267652511596680e-01,3.879893779754638672e+00,1.831112802028656006e-02
2.086599022150039673e-01,4.631158828735351562e+00,8.072153665125370026e-03
2.410424798727035522e-01,2.095785856246948242e+00,4.681323654949665070e-03
4.072009772062301636e-02,1.980673789978027344e+00,3.225747263059020042e-03
2.066634446382522583e-01,4.807561874389648438e+00,2.319815102964639664e-03
3.485258817672729492e-01,4.156829833984375000e+00,1.788845844566822052e-02
2.026308178901672363e-01,3.334064722061157227e+00,6.465257704257965088e-02
3.434579670429229736e-01,2.582148075103759766e+00,9.639799594879150391e-03
3.646778166294097900e-01,4.283651351928710938e+00,7.935702800750732422e-03
3.272462487220764160e-01,2.655509471893310547e+00,3.388468921184539795e-02
1.367437988519668579e-01,2.228854417800903320e+00,1.788707636296749115e-02
4.470216631889343262e-01,3.524908542633056641e+00,7.950045168399810791e-03
2.098908573389053345e-01,4.828504562377929688e+00,9.988302364945411682e-03
6.820157170295715332e-02,5.853900909423828125e-01,1.636317186057567596e-02
1.124748736619949341e-01,7.744871973991394043e-01,1.534173730760812759e-02
6.293820589780807495e-02,4.619253873825073242e-01,1.080408692359924316e-02
2.438981644809246063e-02,4.608300685882568359e+00,1.890569180250167847e-02
7.264206409454345703e-01,1.082358956336975098e+00,9.373301509185694158e-06
5.525781586766242981e-02,4.641743659973144531e+00,5.289256572723388672e-03
2.479840666055679321e-01,3.454787731170654297e+00,2.362169139087200165e-02
1.253181546926498413e-01,2.858558177947998047e+00,5.105631891638040543e-03
8.263932913541793823e-02,1.818431973457336426e+00,7.250274065881967545e-03
6.261519193649291992e-01,3.625229358673095703e+00,2.535375580191612244e-02
8.733541518449783325e-02,1.395524382591247559e+00,6.338246632367372513e-03
2.806337475776672363e-01,4.091789245605468750e+00,1.714192330837249756e-02
3.205016851425170898e-01,4.834120273590087891e+00,1.688274927437305450e-02
2.058331519365310669e-01,6.822622418403625488e-01,1.197953987866640091e-02
2.676099166274070740e-02,1.783879876136779785e+00,1.846765726804733276e-02
3.728206455707550049e-01,3.830972909927368164e-01,9.781628847122192383e-03
4.026810824871063232e-01,3.930298388004302979e-01,1.691102236509323120e-02
2.200832515954971313e-01,4.765162944793701172e+00,1.002866402268409729e-02
2.428428530693054199e-01,6.354134082794189453e-01,6.324832141399383545e-02
2.316589355468750000e-01,2.727162837982177734e+00,4.714872688055038452e-03
3.930256143212318420e-02,1.334704279899597168e+00,2.261798083782196045e-02
3.628392517566680908e-01,2.304912328720092773e+00,2.588747069239616394e-02
3.622444868087768555e-01,4.111714363098144531e+00,8.969737216830253601e-03
2.070811688899993896e-01,4.043999195098876953e+00,7.880487479269504547e-03
1.159948110580444336e-01,2.690320253372192383e+00,3.238280862569808960e-02
2.830716967582702637e-01,4.706335544586181641e+00,5.338837858289480209e-03
2.978588044643402100e-01,1.920038819313049316e+00,9.813999757170677185e-03
2.493497431278228760e-01,3.475708961486816406e+00,1.591402105987071991e-02
7.867371290922164917e-02,2.894503355026245117e+00,2.216042950749397278e-03
3.847340643405914307e-01,8.041027188301086426e-01,4.530664533376693726e-02
2.725861966609954834e-01,2.418166212737560272e-02,5.970075726509094238e-03
6.459111720323562622e-02,2.781733036041259766e+00,1.375985238701105118e-02
2.356781810522079468e-01,4.708472251892089844e+00,1.270492095500230789e-02
2.088762670755386353e-01,1.803151369094848633e+00,2.384081296622753143e-02
2.415019720792770386e-01,5.873407721519470215e-01,1.824945956468582153e-02
1.679365485906600952e-01,4.573402404785156250e+00,2.644720487296581268e-02
4.317706823348999023e-01,5.120512843132019043e-01,7.101377006620168686e-03
1.804320663213729858e-01,4.181105136871337891e+00,7.816104218363761902e-03
1.792677640914916992e-01,4.586831569671630859e+00,5.460895597934722900e-03
7.559397071599960327e-02,3.412316560745239258e+00,1.782515086233615875e-03
1.497209668159484863e-01,4.902768611907958984e+00,1.553396694362163544e-02
1.743845641613006592e-01,4.204643726348876953e+00,3.136368002742528915e-03
3.462827801704406738e-01,3.071704626083374023e+00,4.044144228100776672e-02
1.544624567031860352e-01,1.896362423896789551e+00,2.292852848768234253e-02
1.762061268091201782e-01,4.817795276641845703e+00,8.811261504888534546e-03
4.995460212230682373e-01,4.240321516990661621e-01,3.332505747675895691e-02
2.215344458818435669e-01,4.973211288452148438e+00,2.177115716040134430e-02
2.484346181154251099e-01,4.259327888488769531e+00,6.783145479857921600e-03
2.164681702852249146e-01,4.882553577423095703e+00,2.200677059590816498e-03
3.563899099826812744e-01,4.329806327819824219e+00,7.794949691742658615e-03
3.812618553638458252e-01,3.886055648326873779e-01,6.710669025778770447e-03
3.623103499412536621e-01,2.779258251190185547e+00,2.580459602177143097e-02
2.734240591526031494e-01,4.518901824951171875e+00,7.231783587485551834e-03
1.101078838109970093e-01,4.868955135345458984e+00,1.735520549118518829e-02
2.196788936853408813e-01,4.048711299896240234e+00,2.320583444088697433e-03
1.331538259983062744e-01,3.057790279388427734e+00,7.593859452754259109e-03
2.392790168523788452e-01,2.573694944381713867e+00,7.587712723761796951e-03
3.684451580047607422e-01,4.034488677978515625e+00,2.971715480089187622e-02
1.308670192956924438e-01,4.863459110260009766e+00,5.734667647629976273e-03
1.786606758832931519e-01,4.872636795043945312e+00,5.529376678168773651e-03
5.534934625029563904e-02,2.256594896316528320e+00,4.229663871228694916e-03
2.351873368024826050e-01,4.306893825531005859e+00,2.023239806294441223e-02
1.578808724880218506e-01,3.026974439620971680e+00,4.081150516867637634e-02
1.298667788505554199e-01,4.794819831848144531e+00,5.527942907065153122e-03
2.272035926580429077e-02,4.116420269012451172e+00,5.969000048935413361e-03
2.020599097013473511e-01,4.125463485717773438e+00,7.123555056750774384e-03
1.373671889305114746e-01,4.152582168579101562e+00,6.694483570754528046e-03
1.478773653507232666e-01,4.071308970451354980e-01,6.236677058041095734e-03
6.010354161262512207e-01,1.672834157943725586e+00,1.202696934342384338e-02
3.378676474094390869e-01,1.004145383834838867e+00,5.716228391975164413e-03
5.869371816515922546e-02,7.559134364128112793e-01,7.592271547764539719e-03
7.685360312461853027e-02,2.175297021865844727e+00,1.311324816197156906e-02
1.765851229429244995e-01,4.706675052642822266e+00,1.608776114881038666e-02
1.056301966309547424e-01,4.069599151611328125e+00,5.193782038986682892e-03
3.207297325134277344e-01,2.110120534896850586e+00,2.050473727285861969e-02
1.932804584503173828e-01,2.156829118728637695e+00,1.907717809081077576e-02
3.080307543277740479e-01,1.617464900016784668e+00,7.151521276682615280e-03
2.319431751966476440e-01,3.475176811218261719e+00,1.505746506154537201e-02
7.398594915866851807e-02,4.104128837585449219e+00,1.654607802629470825e-02
1.780109554529190063e-01,4.751308441162109375e+00,1.702867634594440460e-02
9.104169160127639771e-02,2.900140047073364258e+00,1.747495681047439575e-02
3.370220661163330078e-01,4.640047073364257812e+00,2.591830492019653320e-02
5.308455321937799454e-03,3.295433521270751953e+00,2.330571413040161133e-03
3.767952322959899902e-01,4.126228809356689453e+00,1.182680111378431320e-02
5.584416538476943970e-02,7.318540215492248535e-01,7.916085422039031982e-03
1.604257822036743164e-01,3.520128488540649414e+00,4.449654370546340942e-03
1.765894889831542969e-01,4.861956596374511719e+00,7.470726035535335541e-03
3.612436354160308838e-01,3.131937503814697266e+00,8.005567826330661774e-03
7.374055683612823486e-02,3.995836734771728516e+00,9.288326837122440338e-03
3.127871751785278320e-01,4.934910833835601807e-01,2.031983062624931335e-02
3.544120192527770996e-01,4.587629139423370361e-01,8.569297380745410919e-03
3.269161581993103027e-01,4.623589813709259033e-01,1.501587498933076859e-02
8.279260247945785522e-02,2.307919263839721680e+00,3.345346543937921524e-03
2.751960158348083496e-01,3.478238582611083984e+00,8.406518958508968353e-03
7.709046453237533569e-02,4.088995456695556641e+00,6.584411021322011948e-03
6.280331313610076904e-02,1.973437070846557617e+00,9.055069647729396820e-03
2.967235445976257324e-01,4.994806349277496338e-01,5.027264822274446487e-03
3.764645159244537354e-01,1.818984866142272949e+00,2.403867663815617561e-03
1.445703804492950439e-01,4.283542633056640625e+00,1.854940503835678101e-02
2.096450477838516235e-01,4.182272434234619141e+00,9.761396795511245728e-03
2.776441872119903564e-01,4.512855410575866699e-01,1.322828885167837143e-02
2.620716094970703125e-01,2.809429883956909180e+00,1.169967278838157654e-02
5.944463014602661133e-01,2.106548309326171875e+00,1.296931970864534378e-02
9.416323155164718628e-02,4.849346160888671875e+00,1.493228320032358170e-02
3.038069307804107666e-01,4.432040691375732422e+00,1.370678842067718506e-02
1.806340813636779785e-01,3.549866199493408203e+00,5.016611423343420029e-03
3.555282354354858398e-01,1.909362912178039551e+00,4.936963785439729691e-03
3.523793518543243408e-01,3.791476011276245117e+00,2.162251621484756470e-02
3.510135710239410400e-01,4.589416980743408203e+00,3.078386653214693069e-03
8.695513755083084106e-02,4.968646049499511719e+00,6.422964856028556824e-03
3.299687206745147705e-01,1.779549479484558105e+00,3.150658449158072472e-03
1.358287483453750610e-01,2.123767614364624023e+00,1.333288010209798813e-02
2.538360953330993652e-01,4.632970333099365234e+00,3.209546208381652832e-02
1.024494990706443787e-01,2.146163940429687500e+00,6.132495123893022537e-03
9.467612951993942261e-02,4.159111976623535156e+00,9.824807755649089813e-03
2.318284511566162109e-01,4.761718273162841797e+00,1.865963079035282135e-02
3.941947519779205322e-01,3.995678901672363281e+00,1.729205064475536346e-02
6.965407729148864746e-02,4.268504619598388672e+00,3.801104146987199783e-03
2.410542964935302734e-01,2.695193529129028320e+00,8.918823674321174622e-03
5.019098520278930664e-02,4.010571479797363281e+00,9.298416785895824432e-03
2.024987637996673584e-01,4.105247020721435547e+00,2.157703274860978127e-03
3.948465362191200256e-02,5.156590342521667480e-01,6.304851267486810684e-03
1.781840920448303223e-01,4.993033111095428467e-01,3.660243377089500427e-02
5.032531023025512695e-01,4.550158381462097168e-01,1.929235458374023438e-02
3.120952844619750977e-01,1.524019986391067505e-01,6.940904073417186737e-03
4.496299326419830322e-01,1.721383810043334961e+00,2.422921592369675636e-03
5.347793698310852051e-01,7.904130220413208008e-02,1.193175092339515686e-02
1.605120897293090820e-01,1.528689026832580566e+00,2.420698478817939758e-02
1.096329614520072937e-01,3.002821207046508789e+00,1.859739795327186584e-02
2.628244757652282715e-01,2.031993865966796875e+00,4.872989840805530548e-03
5.391770005226135254e-01,4.051008701324462891e+00,1.162186847068369389e-03
2.944907844066619873e-01,4.068758487701416016e+00,2.747626975178718567e-02
3.630512058734893799e-01,4.261361598968505859e+00,5.260061006993055344e-03
1.511079967021942139e-01,3.828767538070678711e-01,2.313945442438125610e-02
2.730016410350799561e-01,4.269981384277343750e+00,3.094469895586371422e-03
2.711770236492156982e-01,2.648179531097412109e+00,1.187925040721893311e-02
6.445068717002868652e-01,1.695653676986694336e+00,7.975244894623756409e-03
3.204989135265350342e-01,2.494329452514648438e+00,6.417535711079835892e-03
4.210646748542785645e-01,3.924440145492553711e+00,3.807762637734413147e-03
4.359509646892547607e-01,1.856848478317260742e+00,1.745687681250274181e-03
2.094494551420211792e-01,1.495956420898437500e+00,3.723259642720222473e-02
2.384452968835830688e-01,1.890079617500305176e+00,1.472596824169158936e-02
2.625027894973754883e-01,1.789971947669982910e+00,1.226038020104169846e-02
3.143861591815948486e-01,2.899886369705200195e-01,1.136110723018646240e-02
5.456618666648864746e-01,4.062455892562866211e-01,5.255092401057481766e-03
1.257032752037048340e-01,4.115819454193115234e+00,7.228761445730924606e-03
4.189195036888122559e-01,9.969015121459960938e-01,1.225530914962291718e-02
6.783390045166015625e-02,2.388194799423217773e+00,1.354354899376630783e-02
7.903143018484115601e-02,4.866698265075683594e+00,2.255964092910289764e-02
1.121076196432113647e-01,2.127307653427124023e+00,3.276916220784187317e-03
5.197142064571380615e-02,8.241102099418640137e-01,3.356615081429481506e-03
2.216614782810211182e-01,1.392087817192077637e+00,3.389662131667137146e-02
9.632201790809631348e-01,1.727159976959228516e+00,3.338482929393649101e-03
2.708689570426940918e-01,4.784540176391601562e+00,1.183289662003517151e-02
2.335759252309799194e-01,4.807491302490234375e+00,2.340180426836013794e-02
1.447915732860565186e-01,1.424939036369323730e+00,1.464770361781120300e-02
2.301593571901321411e-01,7.488954663276672363e-01,6.124043837189674377e-03
2.613633871078491211e-01,4.026914119720458984e+00,9.154744446277618408e-03
6.948221474885940552e-02,4.956644773483276367e-01,6.792774889618158340e-03
1.025527417659759521e-01,4.720426559448242188e+00,5.115379020571708679e-02
2.308502942323684692e-01,1.531554222106933594e+00,3.075518412515521049e-03
1.478311717510223389e-01,2.871263980865478516e+00,3.015488386154174805e-03
2.316111177206039429e-01,3.370223999023437500e+00,1.936442032456398010e-02
1.034182384610176086e-01,3.347217082977294922e+00,3.453933401033282280e-03
4.329491555690765381e-01,4.765334129333496094e+00,6.576205790042877197e-02
1.394719332456588745e-01,2.303297996520996094e+00,6.671828776597976685e-02
3.126404583454132080e-01,2.436734199523925781e+00,1.857552677392959595e-02
1.647427231073379517e-01,3.752717971801757812e+00,5.065936129540205002e-03
3.843337595462799072e-01,2.779957294464111328e+00,1.149427890777587891e-02
5.585088133811950684e-01,1.714877843856811523e+00,2.143858373165130615e-02
3.956476747989654541e-01,3.113755583763122559e-01,1.606102287769317627e-02
7.153751254081726074e-01,3.926707029342651367e+00,3.514337539672851562e-02
1.095436066389083862e-01,4.968580722808837891e+00,1.629407517611980438e-02
1.598245054483413696e-01,3.678402185440063477e+00,6.974606774747371674e-03
1.938991844654083252e-01,2.148169994354248047e+00,7.803759537637233734e-03
6.127393245697021484e-02,8.771611452102661133e-01,4.838620778173208237e-03
1.097766309976577759e-01,1.846871852874755859e+00,5.702398717403411865e-03
3.474644422531127930e-01,1.955333590507507324e+00,2.238656766712665558e-02
1.083860769867897034e-01,1.675928384065628052e-01,2.928746864199638367e-02
3.566165864467620850e-01,4.431639671325683594e+00,1.385655626654624939e-02
1.177796348929405212e-01,5.925520062446594238e-01,8.176745846867561340e-03
5.494567751884460449e-01,3.308660745620727539e+00,7.153052836656570435e-02
8.593329228460788727e-03,4.302308559417724609e+00,4.969232715666294098e-03
3.204446434974670410e-01,4.422685503959655762e-01,3.978069871664047241e-03
1.553492695093154907e-01,9.957611560821533203e-01,4.493191838264465332e-03
3.240283429622650146e-01,1.900369405746459961e+00,2.191236987709999084e-02
8.014840483665466309e-01,4.622431278228759766e+00,1.429710071533918381e-03
3.079316020011901855e-02,7.928451299667358398e-01,1.096230652183294296e-02
7.762766480445861816e-01,2.439500093460083008e+00,4.337482154369354248e-03
2.331366389989852905e-01,3.505644559860229492e+00,2.801900031045079231e-03
3.433038592338562012e-01,3.378236532211303711e+00,2.511563152074813843e-02
3.483068943023681641e-01,5.486465096473693848e-01,1.095503289252519608e-02
2.423772960901260376e-01,4.881384849548339844e+00,1.934926025569438934e-02
1.899843811988830566e-01,4.704779624938964844e+00,4.869045689702033997e-02
2.098770625889301300e-02,2.138422250747680664e+00,4.411444067955017090e-03
4.565604329109191895e-01,1.031244277954101562e+00,8.368923328816890717e-03
3.664411976933479309e-02,1.680595636367797852e+00,4.655508790165185928e-03
2.051729261875152588e-01,4.013456821441650391e+00,7.418173830956220627e-03
1.807879805564880371e-01,4.285567998886108398e-01,5.056337639689445496e-02
2.030017375946044922e-01,1.830976963043212891e+00,7.058710325509309769e-03
3.719585537910461426e-01,2.954563617706298828e+00,2.066346816718578339e-02
4.620855152606964111e-01,1.779586076736450195e+00,7.959622889757156372e-04
1.033116132020950317e-01,2.133012771606445312e+00,5.850374232977628708e-03
8.430052548646926880e-02,4.427532553672790527e-01,8.149393834173679352e-03
2.911371737718582153e-02,4.212418556213378906e+00,6.635324098169803619e-03
4.272656440734863281e-01,3.208348035812377930e+00,6.975016556680202484e-03
9.566538780927658081e-02,4.682529926300048828e+00,8.817664347589015961e-03
1.071464866399765015e-01,4.769859313964843750e+00,1.667126081883907318e-02
2.876171767711639404e-01,2.964254140853881836e+00,1.945533603429794312e-02
3.133901953697204590e-01,8.578824996948242188e-01,1.199634000658988953e-02
9.083703905344009399e-02,4.695982456207275391e+00,7.106498815119266510e-03
1.268423534929752350e-02,5.909433364868164062e-01,1.384308561682701111e-02
1.035148426890373230e-01,3.673323631286621094e+00,3.343425691127777100e-02
1.946607828140258789e-01,3.568053483963012695e+00,3.640784882009029388e-03
1.714263856410980225e-01,2.589915037155151367e+00,4.268160834908485413e-02
2.826122939586639404e-01,4.055160045623779297e+00,2.114104479551315308e-02
2.701240181922912598e-01,2.541145324707031250e+00,1.536033023148775101e-02
3.108999133110046387e-01,3.436263084411621094e+00,4.358892329037189484e-03
1.409108489751815796e-01,3.517580032348632812e+00,3.817719966173171997e-02
2.630874812602996826e-01,7.146292924880981445e-01,3.477494698017835617e-03
3.587198555469512939e-01,3.254887580871582031e+00,1.402025576680898666e-02
9.793446213006973267e-02,4.754626750946044922e+00,1.064796745777130127e-02
1.108703762292861938e-01,6.377940773963928223e-01,4.888919182121753693e-03
7.699257228523492813e-03,3.345593452453613281e+00,1.010426506400108337e-02
3.403853774070739746e-01,4.057412624359130859e+00,3.928539808839559555e-03
2.696497738361358643e-01,3.999901771545410156e+00,5.048521328717470169e-03
3.916301727294921875e-01,4.253684520721435547e+00,4.132929071784019470e-02
2.667724788188934326e-01,2.094237327575683594e+00,2.725581871345639229e-03
1.417787373065948486e-01,2.613363027572631836e+00,1.224639732390642166e-02
2.109882608056068420e-02,5.851197838783264160e-01,9.242484346032142639e-03
5.105694532394409180e-01,1.590566039085388184e+00,1.968680135905742645e-02
3.534578531980514526e-02,4.029708385467529297e+00,1.557330414652824402e-02
3.581878244876861572e-01,3.234323024749755859e+00,2.670094929635524750e-02
2.608016729354858398e-01,4.593688011169433594e+00,8.244248479604721069e-02
1.962277591228485107e-01,3.993737936019897461e+00,1.198276691138744354e-02
4.431272447109222412e-01,1.967689841985702515e-01,1.806076429784297943e-02
2.386631965637207031e-01,2.477033376693725586e+00,1.670440100133419037e-02
3.259541988372802734e-01,4.671399295330047607e-01,4.597291722893714905e-02
9.153924137353897095e-02,1.897410273551940918e+00,1.876560412347316742e-02
1.078009381890296936e-01,3.701131582260131836e+00,1.435395609587430954e-02
1.970155835151672363e-01,4.773411273956298828e+00,7.227583322674036026e-03
1.179976910352706909e-01,3.073747642338275909e-02,8.282105438411235809e-03
1.307016611099243164e-01,4.930473864078521729e-01,1.072515640407800674e-02
1.519885510206222534e-01,2.306523799896240234e+00,4.585388116538524628e-03
3.247296214103698730e-01,5.506390333175659180e-01,9.266250766813755035e-03
3.226995468139648438e-02,4.301554679870605469e+00,8.706209249794483185e-03
3.846823051571846008e-02,4.143579602241516113e-01,6.573905795812606812e-02
7.003525644540786743e-02,4.181381702423095703e+00,3.167806938290596008e-02
2.751270830631256104e-01,3.839836418628692627e-01,1.513849571347236633e-02
2.392563223838806152e-01,6.894070506095886230e-01,1.409104187041521072e-02
3.895256221294403076e-01,2.026116609573364258e+00,1.957217045128345490e-02
2.634359300136566162e-01,2.124028682708740234e+00,8.869324624538421631e-02
2.271612435579299927e-01,3.033032655715942383e+00,4.216192755848169327e-03
2.078238725662231445e-01,2.521167993545532227e+00,1.577183417975902557e-02
2.589819021522998810e-02,2.319747209548950195e+00,5.469449330121278763e-03
1.243978217244148254e-01,4.628751277923583984e+00,1.028681360185146332e-02
7.378364205360412598e-01,3.234999775886535645e-01,1.721511781215667725e-02
2.748437225818634033e-01,4.159167408943176270e-01,1.609272882342338562e-02
2.112318873405456543e-01,4.093332767486572266e+00,8.600438944995403290e-03
5.475408434867858887e-01,2.045080661773681641e+00,5.814724788069725037e-02
1.069818064570426941e-01,4.780750751495361328e+00,5.898521281778812408e-03
2.890071868896484375e-01,1.175710678100585938e+00,2.666939795017242432e-02
6.464572548866271973e-01,8.003763556480407715e-01,5.985697731375694275e-03
3.775418400764465332e-01,1.237769007682800293e+00,4.356070235371589661e-02
1.387648880481719971e-01,3.658082485198974609e+00,1.442033704370260239e-02
1.921717524528503418e-01,1.978047132492065430e+00,5.540696438401937485e-03
1.018538549542427063e-01,4.115419387817382812e+00,2.204159973189234734e-03
3.250852823257446289e-01,3.670562505722045898e+00,1.928082900121808052e-03
3.332422971725463867e-01,1.752916932106018066e+00,2.289083087816834450e-03
2.606985270977020264e-01,4.225764751434326172e+00,2.865351550281047821e-02
3.535125553607940674e-01,4.824160575866699219e+00,6.150780711323022842e-03
3.347514569759368896e-01,3.182947158813476562e+00,1.023123972117900848e-02
3.002821207046508789e-01,4.161423206329345703e+00,3.164067864418029785e-02
1.518996506929397583e-01,4.592758178710937500e+00,7.170267868787050247e-03
3.045985996723175049e-01,3.619169473648071289e+00,3.891098126769065857e-02
1.754638105630874634e-01,4.774862766265869141e+00,1.762139610946178436e-02
1.351538747549057007e-01,4.807683467864990234e+00,2.890946343541145325e-02
3.441808223724365234e-01,3.745032072067260742e+00,4.438847303390502930e-03
1.516614109277725220e-01,2.583341836929321289e+00,1.896398141980171204e-02
2.947715520858764648e-01,4.450439810752868652e-01,1.626810617744922638e-02
3.108422756195068359e-01,3.501873254776000977e+00,5.926005914807319641e-02
3.896396160125732422e-01,1.656336635351181030e-01,2.988049574196338654e-02
2.232369631528854370e-01,4.574321269989013672e+00,1.010646764189004898e-02
3.327609300613403320e-01,2.844508171081542969e+00,2.532665990293025970e-02
5.580346565693616867e-03,2.689939975738525391e+00,4.894860554486513138e-03
4.382915794849395752e-01,4.407857060432434082e-01,8.536311797797679901e-03
4.907999187707901001e-02,5.887225866317749023e-01,1.598588377237319946e-02
6.488266587257385254e-02,4.614196717739105225e-01,2.687755599617958069e-02
7.539623230695724487e-02,2.397431850433349609e+00,3.933252301067113876e-03
4.118080735206604004e-01,1.037435829639434814e-01,6.669129244983196259e-03
4.463576376438140869e-01,4.743813991546630859e+00,1.381721906363964081e-02
1.242393031716346741e-01,9.089331626892089844e-01,1.953375525772571564e-02
3.219887018203735352e-01,3.058510541915893555e+00,2.120855264365673065e-02
4.758472442626953125e-01,3.403710603713989258e+00,1.684858463704586029e-02
3.297059535980224609e-01,4.476335525512695312e+00,1.804232411086559296e-02
2.504976391792297363e-01,4.387319684028625488e-01,8.381216786801815033e-03
2.688626646995544434e-01,1.995059847831726074e+00,2.501682750880718231e-02
1.325724571943283081e-01,4.302178323268890381e-01,8.472491055727005005e-03
2.149492949247360229e-01,5.465156435966491699e-01,2.146045491099357605e-02
3.867885768413543701e-01,3.095384359359741211e+00,2.552897855639457703e-02
1.125622913241386414e-01,2.021649360656738281e+00,8.565711788833141327e-03
2.174551784992218018e-01,4.358231067657470703e+00,2.241571247577667236e-02
1.195019558072090149e-01,7.081487178802490234e-01,1.872549951076507568e-02
3.953561652451753616e-03,3.529605865478515625e+00,5.241724196821451187e-03
3.942193388938903809e-01,2.056483983993530273e+00,5.839156918227672577e-03
1.859148293733596802e-01,4.777949810028076172e+00,2.362830005586147308e-02
1.318128556013107300e-01,3.308586597442626953e+00,5.513805896043777466e-03
2.596665918827056885e-01,1.839697837829589844e+00,5.192875489592552185e-02
1.282886415719985962e-01,4.787725448608398438e+00,4.134578630328178406e-02
4.191860929131507874e-02,3.667588472366333008e+00,1.443539629690349102e-03
1.119403243064880371e-01,1.801008820533752441e+00,3.912625834345817566e-02
1.494802087545394897e-01,4.342926502227783203e+00,3.355436958372592926e-03
6.126039102673530579e-02,7.400852441787719727e-02,7.094718050211668015e-03
3.485653102397918701e-01,2.184037685394287109e+00,5.079443007707595825e-02
1.432399749755859375e-01,2.584524869918823242e+00,6.864790804684162140e-03
3.278696537017822266e-01,2.076592683792114258e+00,1.610768586397171021e-02
6.324969232082366943e-02,3.692997246980667114e-02,3.922219574451446533e-02
3.043144941329956055e-01,4.648050308227539062e+00,2.983449958264827728e-02
8.701487630605697632e-02,4.277339279651641846e-01,5.762736313045024872e-03
8.176118880510330200e-02,3.447526216506958008e+00,1.514377188868820667e-03
1.466433405876159668e-01,1.918455958366394043e+00,5.414131563156843185e-03
1.591305583715438843e-01,3.487162828445434570e+00,4.822742659598588943e-03
2.922948896884918213e-01,1.476614177227020264e-02,4.062188789248466492e-02
1.249020472168922424e-01,5.442895740270614624e-02,1.393010839819908142e-02
3.688088357448577881e-01,4.042184352874755859e+00,1.747982390224933624e-02
6.491166949272155762e-01,1.638857871294021606e-01,6.972352974116802216e-03
4.780563712120056152e-01,2.949906289577484131e-01,8.675425313413143158e-03
3.332331031560897827e-02,1.657557368278503418e+00,2.462709322571754456e-02
2.865319550037384033e-01,2.462227582931518555e+00,1.274779159575700760e-02
1.048882976174354553e-01,3.825050592422485352e+00,1.883203722536563873e-02
2.419625073671340942e-01,3.814891278743743896e-01,9.002005681395530701e-03
6.160919368267059326e-02,2.931925058364868164e-01,9.148085489869117737e-03
4.085192978382110596e-01,4.737265110015869141e+00,2.182340063154697418e-02
2.893278300762176514e-01,2.010012626647949219e+00,6.022253632545471191e-02
9.698735922574996948e-02,4.985267668962478638e-02,8.279083296656608582e-03
2.576248347759246826e-01,4.793725907802581787e-01,7.361319381743669510e-03
3.036710321903228760e-01,4.838019847869873047e+00,5.560513585805892944e-02
3.299395740032196045e-01,5.327392816543579102e-01,6.430391687899827957e-03
2.302696406841278076e-01,3.738391399383544922e+00,1.334906648844480515e-02
1.299555450677871704e-01,4.961746692657470703e+00,2.252670563757419586e-02
3.074916601181030273e-01,4.189894199371337891e+00,1.553970389068126678e-02
5.011728405952453613e-02,1.313991665840148926e+00,5.414234008640050888e-03
1.338543742895126343e-02,1.847201466560363770e+00,1.147922035306692123e-02
8.331552147865295410e-01,2.724660873413085938e+00,1.472268998622894287e-02
1.768266409635543823e-01,3.965357542037963867e+00,8.715479634702205658e-03
3.224256038665771484e-01,2.650729656219482422e+00,5.340374074876308441e-03
3.016405105590820312e-01,4.835943222045898438e+00,8.408567868173122406e-03
6.039019301533699036e-02,5.603759884834289551e-01,6.852907594293355942e-03
3.114561140537261963e-01,4.637646198272705078e+00,3.774469485506415367e-03
1.913201436400413513e-02,4.881294250488281250e+00,3.875168412923812866e-02
6.493734717369079590e-01,1.795471549034118652e+00,3.604008583351969719e-03
4.369845092296600342e-01,4.056631565093994141e+00,8.840252645313739777e-03
3.655165135860443115e-01,4.639845848083496094e+00,1.017935387790203094e-02
1.573641747236251831e-01,1.046304181218147278e-01,8.574009872972965240e-03
5.585228651762008667e-02,2.198962569236755371e-01,8.607507683336734772e-03
3.336209356784820557e-01,3.850041627883911133e-01,5.906357895582914352e-03
1.279497891664505005e-01,2.437947876751422882e-02,1.288111787289381027e-02
4.326518177986145020e-01,1.879050970077514648e+00,2.279776334762573242e-02
4.076326191425323486e-01,4.101238727569580078e+00,3.037164732813835144e-02
3.644633591175079346e-01,3.720705986022949219e+00,1.850678957998752594e-02
3.616661429405212402e-01,8.027886152267456055e-01,8.752819150686264038e-03
1.238007619976997375e-01,5.011782050132751465e-01,1.057631056755781174e-02
2.661228179931640625e-01,3.931859433650970459e-01,7.851394824683666229e-03
5.789431929588317871e-02,3.254078626632690430e-01,8.592705242335796356e-03
3.178113102912902832e-01,4.138110280036926270e-01,8.389001712203025818e-03
1.564763933420181274e-01,4.767819881439208984e+00,4.538029804825782776e-02
7.624866813421249390e-02,3.523420333862304688e+00,7.991993799805641174e-03
2.548518776893615723e-02,2.220665216445922852e+00,3.659992478787899017e-03
3.326888978481292725e-01,2.833097219467163086e+00,1.058932021260261536e-02
2.689165771007537842e-01,2.664286851882934570e+00,1.461620349436998367e-02
3.397850692272186279e-01,3.707230091094970703e+00,3.638838231563568115e-02
4.696110188961029053e-01,1.828804373741149902e+00,1.532493717968463898e-02
2.662281692028045654e-01,4.556260406970977783e-01,2.747427299618721008e-02
3.847185075283050537e-01,3.898030042648315430e+00,1.080045010894536972e-02
1.094639301300048828e-01,1.905234813690185547e+00,2.818823046982288361e-02
3.283618986606597900e-01,4.094895362854003906e+00,4.788630176335573196e-03
3.041264414787292480e-01,1.947301149368286133e+00,2.909974660724401474e-03
1.308163404464721680e-01,1.917456150054931641e+00,4.501043632626533508e-02
1.394443511962890625e-01,3.078039169311523438e+00,1.075681019574403763e-02
1.776067018508911133e-01,3.588187932968139648e+00,3.709419863298535347e-03
3.170742988586425781e-01,4.592309474945068359e+00,5.874242633581161499e-03
3.984264731407165527e-01,2.260155916213989258e+00,5.083146505057811737e-03
6.849195063114166260e-02,2.829894065856933594e+00,5.895601585507392883e-03
1.731816679239273071e-01,4.127870559692382812e+00,1.435692608356475830e-02
8.854646980762481689e-02,3.541455030441284180e+00,6.392847280949354172e-03
7.938388586044311523e-01,4.446937084197998047e+00,8.733406662940979004e-03
6.986927390098571777e-01,1.656612515449523926e+00,1.061585266143083572e-02
2.494611442089080811e-01,3.222328186035156250e+00,2.088350942358374596e-03
3.432340621948242188e-01,4.257193207740783691e-01,8.488881401717662811e-03
2.727923393249511719e-01,4.560774803161621094e+00,7.597086019814014435e-03
2.455322295427322388e-01,2.435422539710998535e-01,1.199183240532875061e-02
1.671967208385467529e-01,4.683131217956542969e+00,5.558264907449483871e-03
4.604613482952117920e-01,4.948823928833007812e+00,1.596734113991260529e-02
2.890858948230743408e-01,4.972490668296813965e-01,3.580765053629875183e-02
9.725613892078399658e-02,4.241867065429687500e+00,1.570427417755126953e-02
3.553903996944427490e-01,4.641183853149414062e+00,1.061534043401479721e-02
8.259648829698562622e-02,4.362492561340332031e+00,1.182874757796525955e-02
3.608451783657073975e-01,4.862243175506591797e+00,1.545513886958360672e-02
7.157265394926071167e-02,3.142636299133300781e+00,2.200897224247455597e-02
1.441886126995086670e-01,2.799670696258544922e+00,3.533309325575828552e-02
1.573776602745056152e-01,4.743556499481201172e+00,2.229933999478816986e-02
6.895242631435394287e-02,3.280384063720703125e+00,1.035217102617025375e-02
2.629685103893280029e-01,3.307143971323966980e-02,9.912957437336444855e-03
2.397115081548690796e-01,3.355130672454833984e+00,3.755103051662445068e-02
3.148536980152130127e-01,1.267179131507873535e+00,5.656095687299966812e-03
4.446499943733215332e-01,5.438364744186401367e-01,9.554057382047176361e-03
2.597086727619171143e-01,2.682128667831420898e+00,1.910365745425224304e-02
1.540382504463195801e-01,4.359460353851318359e+00,7.567224558442831039e-03
4.401051402091979980e-01,2.502943992614746094e+00,9.031713008880615234e-03
4.687673971056938171e-02,4.812677383422851562e+00,2.715660445392131805e-02
4.049918949604034424e-01,9.016057848930358887e-02,1.456908043473958969e-02
2.542020380496978760e-01,1.821231484413146973e+00,8.618929423391819000e-03
3.467450141906738281e-01,3.848820924758911133e-01,1.091615669429302216e-02
1.572642922401428223e-01,4.138457775115966797e+00,6.531142164021730423e-03
3.165926039218902588e-01,4.549370765686035156e+00,5.871527828276157379e-03
1.086656078696250916e-01,5.885517597198486328e-01,2.988172508776187897e-02
3.336952030658721924e-01,3.311439514160156250e+00,5.894285067915916443e-02
3.546135425567626953e-01,3.981345176696777344e+00,1.362263318151235580e-02
2.199274301528930664e-01,4.405241012573242188e-01,1.313117519021034241e-02
1.155041009187698364e-01,1.844530344009399414e+00,3.535476047545671463e-03
2.342198342084884644e-01,4.081023216247558594e+00,1.972142606973648071e-02
1.352120637893676758e-01,9.456962943077087402e-01,1.132771093398332596e-02
1.153934970498085022e-01,4.644810199737548828e+00,4.176660999655723572e-02
3.041765987873077393e-01,3.400774240493774414e+00,1.059925742447376251e-02
1.865269988775253296e-01,3.246389150619506836e+00,1.425904501229524612e-02
2.493892163038253784e-01,2.092928886413574219e+00,1.239964831620454788e-02
1.146899834275245667e-01,2.647597312927246094e+00,4.130296409130096436e-03
1.567779034376144409e-01,5.256047248840332031e-01,1.272428222000598907e-02
7.154221534729003906e-01,4.008244037628173828e+00,2.547335345298051834e-03
1.432444453239440918e-01,4.769193649291992188e+00,1.608099974691867828e-02
5.953115597367286682e-02,3.143044710159301758e+00,1.307657454162836075e-02
3.489654958248138428e-01,2.295939683914184570e+00,1.893068850040435791e-02
3.302090466022491455e-01,4.698217391967773438e+00,8.180945180356502533e-03
5.414103865623474121e-01,2.272530794143676758e-01,1.067209243774414062e-02
2.837089002132415771e-01,4.859339237213134766e+00,1.080413814634084702e-02
3.912751078605651855e-01,4.572030544281005859e+00,1.404243428260087967e-02
3.016246855258941650e-01,4.700566291809082031e+00,9.575774893164634705e-03
3.172670304775238037e-01,3.381389856338500977e+00,1.470711920410394669e-02
2.426715493202209473e-01,4.780191421508789062e+00,5.069286003708839417e-02
2.470474541187286377e-01,2.093898773193359375e+00,2.839495660737156868e-03
2.686631381511688232e-01,1.799039602279663086e+00,1.399351935833692551e-02
1.137976720929145813e-01,9.981361031532287598e-01,6.757561117410659790e-02
2.480182498693466187e-01,4.606318950653076172e+00,1.521921902894973755e-02
5.090048313140869141e-01,2.948198318481445312e-01,4.958066623657941818e-03
3.809898495674133301e-01,3.455175161361694336e+00,1.746957935392856598e-02
1.231312453746795654e-01,1.385938763618469238e+00,3.670676797628402710e-02
4.728200286626815796e-02,1.776370048522949219e+00,1.301198545843362808e-02
2.373568117618560791e-01,4.786529064178466797e+00,8.305410854518413544e-03
1.431168764829635620e-01,1.977613568305969238e+00,1.151323039084672928e-02
1.963177919387817383e-01,5.101803541183471680e-01,8.164145052433013916e-03
2.610190212726593018e-01,2.190506160259246826e-01,7.912653498351573944e-03
3.140850365161895752e-01,1.613915562629699707e+00,1.710724830627441406e-02
2.097709178924560547e-01,4.710394382476806641e+00,3.048474201932549477e-03
4.545576274394989014e-01,4.184268474578857422e+00,1.951131969690322876e-03
9.561494737863540649e-02,5.500115752220153809e-01,4.577940702438354492e-02
3.372182846069335938e-01,1.899520874023437500e+00,2.421763911843299866e-02
1.533080339431762695e-01,2.669708728790283203e+00,1.337846647948026657e-02
1.492029279470443726e-01,3.793238997459411621e-01,1.140536088496446609e-02
1.925798058509826660e-01,3.873182296752929688e+00,7.604410406202077866e-03
2.466879040002822876e-02,4.415747642517089844e+00,4.870295524597167969e-02
1.426333189010620117e-01,5.270273685455322266e-01,1.391863543540239334e-02
2.738816142082214355e-01,3.597552299499511719e+00,2.467662282288074493e-02
3.097259700298309326e-01,4.615685462951660156e+00,2.735774591565132141e-02
1.996962428092956543e-01,1.889581918716430664e+00,4.877650644630193710e-03
3.908830285072326660e-01,1.762886047363281250e+00,2.930780313909053802e-02
2.916690111160278320e-01,3.724715232849121094e+00,5.366814136505126953e-02
3.040426373481750488e-01,3.966290712356567383e+00,7.254678755998611450e-03
2.232115864753723145e-01,1.717496633529663086e+00,1.653460599482059479e-02
1.450542062520980835e-01,3.236490011215209961e+00,3.479615226387977600e-02
2.043729089200496674e-02,4.665347576141357422e+00,2.471939194947481155e-03
8.000607788562774658e-02,3.465123891830444336e+00,1.831143535673618317e-02
3.432374894618988037e-01,2.011524915695190430e+00,3.359893104061484337e-03
3.983276430517435074e-03,6.393473744392395020e-01,7.310713641345500946e-03
3.334912955760955811e-01,1.583545565605163574e+00,9.494539350271224976e-03
1.692556440830230713e-01,4.161945819854736328e+00,4.664472304284572601e-03
3.120343089103698730e-01,4.012158870697021484e+00,4.539802204817533493e-03
2.121232002973556519e-01,5.246863961219787598e-01,2.387057058513164520e-02
2.506653964519500732e-01,8.005881905555725098e-01,3.028769604861736298e-02
3.208414614200592041e-01,4.879438400268554688e+00,4.604032263159751892e-03
1.971873342990875244e-01,3.383808851242065430e+00,2.518959343433380127e-03
3.145063519477844238e-01,3.551187992095947266e+00,4.231302882544696331e-04
2.444600313901901245e-01,4.663150310516357422e+00,4.085171502083539963e-03
2.812687307596206665e-02,3.718369826674461365e-02,5.890838056802749634e-02
5.760186910629272461e-02,1.834598898887634277e+00,4.790883511304855347e-03
3.021534681320190430e-01,4.873467922210693359e+00,1.624049991369247437e-02
8.068409562110900879e-02,4.896282196044921875e+00,1.302115432918071747e-02
6.755629777908325195e-01,8.377077430486679077e-02,2.653576433658599854e-02
2.226951271295547485e-01,1.844515681266784668e+00,1.126097142696380615e-02
4.594326019287109375e-01,3.803611040115356445e+00,2.603472908958792686e-03
6.794408708810806274e-02,4.041595458984375000e-01,5.581211764365434647e-03
3.640756905078887939e-01,1.450181603431701660e+00,8.569604717195034027e-03
3.130428194999694824e-01,2.505744099617004395e-01,3.052505105733871460e-02
1.858785189688205719e-02,4.533331871032714844e+00,5.630383267998695374e-03
5.654219388961791992e-01,4.753082752227783203e+00,1.645080931484699249e-02
7.246938347816467285e-02,4.896777153015136719e+00,1.147799100726842880e-02
3.486378490924835205e-02,1.329515576362609863e+00,1.668524369597434998e-02
1.175301373004913330e-01,4.453026652336120605e-01,1.595858298242092133e-02
6.597109138965606689e-02,9.316954016685485840e-02,4.331576451659202576e-02
2.556930482387542725e-01,2.853564321994781494e-01,3.417817875742912292e-02
1.793954893946647644e-02,1.669433712959289551e+00,7.787164300680160522e-03
2.086348831653594971e-01,4.627758502960205078e+00,7.583103142678737640e-03
4.724143147468566895e-01,1.692762136459350586e+00,3.659300878643989563e-02
3.630935251712799072e-01,1.629155129194259644e-01,6.758816074579954147e-03
7.420708239078521729e-02,4.746434390544891357e-01,1.256503816694021225e-02
3.374732136726379395e-01,1.970129786059260368e-03,1.423451025038957596e-02
3.724692761898040771e-01,1.929445624351501465e+00,3.059281501919031143e-03
3.346815407276153564e-01,2.975128650665283203e+00,4.709648434072732925e-03
1.491513699293136597e-01,1.913354516029357910e+00,5.394258070737123489e-03
9.858998656272888184e-02,4.212945327162742615e-02,7.680933456867933273e-03
1.034755259752273560e-01,8.495681881904602051e-01,3.626888617873191833e-02
1.382778435945510864e-01,4.241458892822265625e+00,4.156674724072217941e-03
4.096073508262634277e-01,4.017915248870849609e+00,5.383348092436790466e-02
2.794820442795753479e-02,3.142290592193603516e+00,1.832649298012256622e-02
2.516897320747375488e-01,4.717214584350585938e+00,1.632234826683998108e-02
2.293675243854522705e-01,5.511690378189086914e-01,8.616880513727664948e-03
3.646762967109680176e-01,7.100708037614822388e-02,1.533164735883474350e-02
3.037467002868652344e-01,5.044643282890319824e-01,3.250353410840034485e-02
2.238645404577255249e-01,4.148430347442626953e+00,2.047656476497650146e-02
1.915871948003768921e-01,1.977371692657470703e+00,4.571712575852870941e-03
3.829456865787506104e-01,3.620880603790283203e+00,6.611147895455360413e-03
2.348387241363525391e-01,6.689465045928955078e-01,2.512930892407894135e-02
2.654231786727905273e-01,4.336097538471221924e-01,1.695302315056324005e-02
3.694144487380981445e-01,2.879222154617309570e+00,6.820792332291603088e-03
5.970379114151000977e-01,4.197626113891601562e+00,1.096163992770016193e-03
3.334499299526214600e-01,7.310851663351058960e-02,9.935596957802772522e-03
3.945888280868530273e-01,5.567492842674255371e-01,1.904070936143398285e-02
3.724107444286346436e-01,6.197817921638488770e-01,3.660171478986740112e-02
2.275359630584716797e-01,3.361407518386840820e+00,1.955367997288703918e-02
6.790967285633087158e-02,6.473347544670104980e-01,2.056456170976161957e-02
3.971199393272399902e-01,3.686464071273803711e+00,4.011721815913915634e-03
5.047800540924072266e-01,4.222916603088378906e+00,2.084873057901859283e-02
2.474776953458786011e-01,5.651355385780334473e-01,6.218903698027133942e-03
1.931726485490798950e-01,4.764207303524017334e-01,1.078887470066547394e-02
4.233997166156768799e-01,1.874648451805114746e+00,3.890432184562087059e-03
3.902333974838256836e-01,2.133325785398483276e-01,6.570172030478715897e-03
1.909825652837753296e-01,3.920968055725097656e+00,1.170971151441335678e-02
2.994123995304107666e-01,4.246321201324462891e+00,3.232626244425773621e-02
2.251688092947006226e-01,2.499933958053588867e+00,1.923882868140935898e-03
3.833123147487640381e-01,1.807933449745178223e+00,5.171834304928779602e-02
3.734359145164489746e-01,4.877408027648925781e+00,3.434777026996016502e-03
1.900473386049270630e-01,2.718707799911499023e+00,1.174392644315958023e-02
1.478948891162872314e-01,6.867710351943969727e-01,7.379963528364896774e-03
8.936142176389694214e-02,4.310189723968505859e+00,7.135950494557619095e-03
8.150970935821533203e-01,2.557984828948974609e+00,8.626356720924377441e-03
3.063544929027557373e-01,4.262546598911285400e-01,1.937486976385116577e-02
2.110152542591094971e-01,8.056786060333251953e-01,5.488467216491699219e-02
3.209587335586547852e-01,1.812088847160339355e+00,5.915797501802444458e-02
4.494188725948333740e-02,2.254868984222412109e+00,3.984984476119279861e-03
1.576171666383743286e-01,3.565517902374267578e+00,2.039942704141139984e-02
3.799394667148590088e-01,5.789989605545997620e-02,1.628552190959453583e-02
3.395640254020690918e-01,4.620752334594726562e+00,2.990933321416378021e-02
1.822391338646411896e-02,4.303134918212890625e+00,1.410610135644674301e-02
2.411839514970779419e-01,3.623413801193237305e+00,1.172968745231628418e-02
1.033420190215110779e-01,2.037975549697875977e+00,3.417669609189033508e-02
1.205822974443435669e-01,3.168765544891357422e+00,1.490964367985725403e-02
3.474711179733276367e-01,4.285176694393157959e-01,1.199613511562347412e-02
1.985927075147628784e-01,4.801415443420410156e+00,1.979292929172515869e-02
5.472781881690025330e-02,3.604439735412597656e+00,1.063142344355583191e-02
3.257791697978973389e-01,1.889522075653076172e+00,1.081048976629972458e-02
4.352985918521881104e-01,2.133470535278320312e+00,9.004976600408554077e-03
4.759545922279357910e-01,1.510053753852844238e+00,1.418938487768173218e-02
1.361604779958724976e-01,2.609041690826416016e+00,5.178006365895271301e-03
1.450589448213577271e-01,3.704771518707275391e+00,1.415296737104654312e-02
3.499763831496238708e-02,4.872802734375000000e+00,4.744478035718202591e-03
7.173687964677810669e-02,4.031880378723144531e+00,3.157470747828483582e-02
2.068114876747131348e-01,3.115752458572387695e+00,1.727709430269896984e-03
1.665655523538589478e-01,2.103707790374755859e+00,2.454217057675123215e-03
1.240960806608200073e-01,2.060933858156204224e-01,8.575136773288249969e-03
2.653468549251556396e-01,3.473401308059692383e+00,2.134346868842840195e-03
1.870652884244918823e-01,3.661404371261596680e+00,4.971511662006378174e-02
6.931795179843902588e-02,1.355479836463928223e+00,2.059831656515598297e-02
5.469323396682739258e-01,4.118201732635498047e+00,4.938910249620676041e-03
6.376700848340988159e-02,1.395400285720825195e+00,1.908209547400474548e-02
2.381169050931930542e-01,4.978751182556152344e+00,1.703953370451927185e-02
8.894399553537368774e-02,3.453080415725708008e+00,5.649488419294357300e-03
3.564904630184173584e-01,3.996830463409423828e+00,5.606872960925102234e-03
3.593161106109619141e-01,4.367159366607666016e+00,7.077149581164121628e-03
6.589622050523757935e-02,2.056197881698608398e+00,4.864231217652559280e-03
1.293649375438690186e-01,3.295960187911987305e+00,5.495607480406761169e-02
1.715357154607772827e-01,3.376690387725830078e+00,5.436155945062637329e-03
3.583523929119110107e-01,3.833180189132690430e+00,3.774418437387794256e-04
1.652680188417434692e-01,3.468812227249145508e+00,5.424887873232364655e-03
2.720766961574554443e-01,2.011069536209106445e+00,2.512300852686166763e-03
1.606350578367710114e-02,1.511984229087829590e+00,3.410140052437782288e-03
2.949469685554504395e-01,7.594490051269531250e-01,2.871769480407238007e-02
9.740681946277618408e-02,3.005603313446044922e+00,1.556377764791250229e-02
3.840415775775909424e-01,2.820690393447875977e+00,3.266160143539309502e-03
1.819195598363876343e-01,2.712779283523559570e+00,3.621526062488555908e-03
3.229235410690307617e-01,1.933666348457336426e+00,5.914040841162204742e-03
1.255590841174125671e-02,2.731919050216674805e+00,8.417378179728984833e-03
4.280316829681396484e-01,3.849731683731079102e+00,1.726582460105419159e-02
6.027864813804626465e-01,1.949459791183471680e+00,2.013569464907050133e-03
3.033165931701660156e-01,4.665209770202636719e+00,3.681146306917071342e-03
2.689512670040130615e-01,2.854982137680053711e+00,1.154616568237543106e-02
2.372910380363464355e-01,4.678674697875976562e+00,1.809518411755561829e-02
5.320071801543235779e-02,3.387722969055175781e+00,1.042587682604789734e-02
4.342831671237945557e-01,4.860233306884765625e+00,1.233229297213256359e-03
2.366601079702377319e-01,2.315357685089111328e+00,1.725916634313762188e-03
3.292317688465118408e-01,4.780524730682373047e+00,6.237035617232322693e-03
3.831174373626708984e-01,4.694189071655273438e+00,6.237547844648361206e-03
1.303280442953109741e-01,2.722621202468872070e+00,1.584907434880733490e-02
4.609031379222869873e-01,2.429290533065795898e+00,5.776872858405113220e-03
1.760889887809753418e-01,4.725048065185546875e+00,4.783917684108018875e-03
1.881731003522872925e-01,4.567828476428985596e-01,3.828153386712074280e-02
3.740151524543762207e-01,3.837009668350219727e+00,7.261542603373527527e-03
6.245192289352416992e-01,4.099079608917236328e+00,2.189802937209606171e-02
1.316905468702316284e-01,1.946803450584411621e+00,1.300773490220308304e-02
3.942762613296508789e-01,4.939171314239501953e+00,1.902933791279792786e-02
2.645074427127838135e-01,7.579625844955444336e-01,2.575608901679515839e-02
3.445567488670349121e-01,4.101974010467529297e+00,3.161824541166424751e-03
3.328589200973510742e-01,4.821034431457519531e+00,1.767128519713878632e-02
3.780341148376464844e-01,4.187633514404296875e+00,8.088851347565650940e-03
4.366464018821716309e-01,2.606685161590576172e+00,9.898564778268337250e-03
3.178321570158004761e-02,1.939482331275939941e+00,9.254009462893009186e-03
3.965190351009368896e-01,1.652298212051391602e+00,6.030413322150707245e-03
3.162992298603057861e-01,9.064161181449890137e-01,1.624188199639320374e-02
2.362328618764877319e-01,2.431769847869873047e+00,3.914223983883857727e-02
1.566365063190460205e-01,4.157212972640991211e-01,9.147265926003456116e-03
9.430721402168273926e-02,4.902708530426025391e+00,1.291758660227060318e-02
2.533456981182098389e-01,4.854469299316406250e+00,1.156158279627561569e-02
3.192332684993743896e-01,1.901840925216674805e+00,4.612022638320922852e-02
2.808298468589782715e-01,3.229813098907470703e+00,3.699995344504714012e-03
3.716903924942016602e-01,1.929929018020629883e+00,7.802633102983236313e-03
2.169589102268218994e-01,4.658660888671875000e+00,1.227702666074037552e-02
2.869556844234466553e-01,2.866267204284667969e+00,5.387189332395792007e-03
1.896698921918869019e-01,1.701797842979431152e+00,6.216803565621376038e-03
9.310041368007659912e-02,9.559254646301269531e-01,1.921214349567890167e-02
1.004960238933563232e-01,4.919464886188507080e-01,4.521849378943443298e-02
2.690047323703765869e-01,3.820392608642578125e+00,3.649789467453956604e-02
3.832052648067474365e-01,3.215558767318725586e+00,1.922289840877056122e-02
4.486994445323944092e-01,8.521509170532226562e-01,1.365689933300018311e-02
2.930027842521667480e-01,4.645164012908935547e+00,9.956341236829757690e-03
2.920509576797485352e-01,3.696582615375518799e-01,6.244155112653970718e-03
1.166046187281608582e-01,2.282115668058395386e-01,1.904818601906299591e-02
7.538697123527526855e-02,1.633574813604354858e-01,1.016921177506446838e-02
6.257540732622146606e-02,3.284812927246093750e+00,5.114697851240634918e-03
3.428338766098022461e-01,4.066478908061981201e-01,1.807116158306598663e-02
2.111490368843078613e-01,1.933365225791931152e+00,3.790808841586112976e-03
1.603648625314235687e-02,4.918200016021728516e+00,5.699965730309486389e-02
1.641438007354736328e-01,3.007774829864501953e+00,7.051744498312473297e-03
4.293137192726135254e-01,3.196431159973144531e+00,7.708131452091038227e-04
6.567159295082092285e-01,1.706259489059448242e+00,3.685197979211807251e-02
1.799124330282211304e-01,4.784522056579589844e+00,1.749206520617008209e-02
8.494821190834045410e-02,2.017505884170532227e+00,4.541820287704467773e-02
3.907572329044342041e-01,1.417978525161743164e+00,4.108916968107223511e-02
3.186258375644683838e-01,2.184615135192871094e+00,9.173183701932430267e-03
2.374244667589664459e-02,2.678257942199707031e+00,8.878258056938648224e-03
4.424023926258087158e-01,5.361496806144714355e-01,2.268528379499912262e-02
9.593690186738967896e-02,5.999466404318809509e-02,9.478046558797359467e-03
7.820279896259307861e-02,4.022942066192626953e+00,2.069297060370445251e-02
6.615608185529708862e-02,2.991618394851684570e+00,8.432641625404357910e-03
3.814588487148284912e-01,3.764820814132690430e+00,1.925368269439786673e-04
2.242536246776580811e-01,4.182068824768066406e+00,2.279924787580966949e-02
2.102569639682769775e-01,2.102578163146972656e+00,5.990871228277683258e-03
3.249961137771606445e-01,4.095067977905273438e+00,2.161314152181148529e-02
6.548069417476654053e-02,4.211834907531738281e+00,5.824251566082239151e-03
2.662633061408996582e-01,1.899825409054756165e-02,1.071501523256301880e-02
7.295370101928710938e-02,3.123722314834594727e+00,1.373055391013622284e-02
7.340022176504135132e-02,4.802349567413330078e+00,3.488558344542980194e-03
2.642736434936523438e-01,4.244175434112548828e+00,1.480664033442735672e-02
9.871426969766616821e-02,3.338639974594116211e+00,4.356771707534790039e-02
8.003471791744232178e-02,3.201373338699340820e+00,8.669279515743255615e-03
4.273089766502380371e-02,6.237832903861999512e-01,5.908508785068988800e-03
2.199901193380355835e-01,5.605751872062683105e-01,1.985500752925872803e-02
1.878334432840347290e-01,2.159080266952514648e+00,3.580447286367416382e-03
2.726081311702728271e-01,4.859664440155029297e+00,1.023958902806043625e-02
1.779795438051223755e-01,4.109893321990966797e+00,1.235370337963104248e-02
5.100755393505096436e-02,2.313171148300170898e+00,3.670712932944297791e-02
7.386856675148010254e-01,7.300234436988830566e-01,1.478855963796377182e-02
4.717350900173187256e-01,3.245747089385986328e-02,1.208295300602912903e-02
2.298063971102237701e-02,4.282733917236328125e+00,1.541016809642314911e-02
4.314785897731781006e-01,4.674091339111328125e+00,1.390828844159841537e-02
1.948264241218566895e-01,2.238731086254119873e-01,7.448803633451461792e-03
4.110211431980133057e-01,1.698966145515441895e+00,1.277089212089776993e-02
4.181256592273712158e-01,3.269873380661010742e+00,4.145145043730735779e-02
4.877972900867462158e-01,1.741780519485473633e+00,3.137904684990644455e-03
3.007715046405792236e-01,3.128303587436676025e-01,2.503419294953346252e-02
2.765513062477111816e-01,2.744623184204101562e+00,6.058717519044876099e-02
2.193703353404998779e-01,1.710585474967956543e+00,2.697415836155414581e-02
2.349624484777450562e-01,1.871500968933105469e+00,1.105634681880474091e-02
2.869126796722412109e-01,3.543014764785766602e+00,1.519488915801048279e-02
2.931114733219146729e-01,4.625556945800781250e+00,1.686267182230949402e-02
1.867897957563400269e-01,1.984799981117248535e+00,1.131316460669040680e-02
2.560018599033355713e-01,4.854579448699951172e+00,3.722685854882001877e-03
3.072198927402496338e-01,3.816730260848999023e+00,2.856090897694230080e-03
4.009187221527099609e-02,1.998231649398803711e+00,7.199565880000591278e-03
1.413193624466657639e-02,2.197458744049072266e+00,3.016154048964381218e-03
1.454005986452102661e-01,2.892495155334472656e+00,4.984496161341667175e-03
2.289843112230300903e-01,5.919091701507568359e-01,1.256186235696077347e-02
2.335248738527297974e-01,3.976601600646972656e+00,4.800615366548299789e-03
8.144593238830566406e-02,7.964066863059997559e-01,1.064125820994377136e-02
2.837676107883453369e-01,3.106882333755493164e+00,2.060712501406669617e-02
4.039399623870849609e-01,1.316846162080764771e-01,9.814552962779998779e-02
3.849371969699859619e-01,1.885819137096405029e-01,3.737642243504524231e-02
1.091514453291893005e-01,3.375841379165649414e+00,1.661952957510948181e-02
1.026354581117630005e-01,7.204412221908569336e-01,2.596491388976573944e-02
3.205539882183074951e-01,4.766267538070678711e-01,2.700238116085529327e-02
1.693877428770065308e-01,3.333081722259521484e+00,1.963419653475284576e-02
1.298852562904357910e-01,3.791632130742073059e-02,9.067004546523094177e-03
3.115184605121612549e-01,4.653301239013671875e+00,8.366311667487025261e-04
1.033711433410644531e-01,2.072840452194213867e+00,4.624008201062679291e-03
1.813842803239822388e-01,6.794999837875366211e-01,5.782353691756725311e-03
3.748002052307128906e-01,4.648706436157226562e+00,4.538982640951871872e-03
1.917712241411209106e-01,2.010661602020263672e+00,5.916755646467208862e-03
1.779325678944587708e-02,2.521128177642822266e+00,2.955611795186996460e-03
3.303273320198059082e-01,4.132187843322753906e+00,3.287774976342916489e-03
1.791976243257522583e-01,4.924945831298828125e+00,3.500589728355407715e-02
6.551054865121841431e-02,3.194217383861541748e-01,5.952558480203151703e-03
1.562426090240478516e-01,3.175699710845947266e+00,1.829227898269891739e-03
3.416263461112976074e-01,4.513463497161865234e+00,2.671390771865844727e-02
2.561771869659423828e-01,1.737723827362060547e+00,4.876831080764532089e-03
2.114827334880828857e-01,3.978218317031860352e+00,2.568970806896686554e-02
1.724711805582046509e-01,4.631162166595458984e+00,3.182978369295597076e-03
2.633249163627624512e-01,1.492157101631164551e+00,4.160670097917318344e-03
3.443242013454437256e-01,1.959765434265136719e+00,1.902119442820549011e-02
4.419167041778564453e-01,1.737117528915405273e+00,7.388568483293056488e-03
7.750636339187622070e-02,5.729274749755859375e-01,1.804288662970066071e-02
8.605636656284332275e-02,8.189494013786315918e-01,5.276246462017297745e-03
5.933414027094841003e-02,3.448764801025390625e+00,3.841670462861657143e-03
1.243488639593124390e-01,4.523953914642333984e+00,4.800717812031507492e-03
1.843792945146560669e-02,3.418471336364746094e+00,1.313568279147148132e-02
2.633932530879974365e-01,1.844436049461364746e+00,4.143511410802602768e-03
4.184986352920532227e-01,1.741759419441223145e+00,1.996451616287231445e-02
7.942699790000915527e-01,1.637289404869079590e+00,1.306325756013393402e-02
2.540300190448760986e-01,6.096770763397216797e-01,1.348756533116102219e-02
7.631462812423706055e-02,1.573939204216003418e+00,5.276241526007652283e-02
6.609477996826171875e-01,4.535462856292724609e+00,7.257649675011634827e-03
2.322469651699066162e-01,3.022929430007934570e+00,3.947798628360033035e-03
1.001028865575790405e-01,1.439721345901489258e+00,1.469636335968971252e-02
1.897724419832229614e-01,4.800610065460205078e+00,4.059330746531486511e-02
2.674044370651245117e-01,1.895996570587158203e+00,4.559983033686876297e-03
3.970238268375396729e-01,1.671895503997802734e+00,2.355920337140560150e-02
3.363425731658935547e-01,4.627420902252197266e+00,5.692461971193552017e-03
2.848296798765659332e-02,4.313816428184509277e-01,9.717654436826705933e-03
2.518417239189147949e-01,3.811617136001586914e+00,2.479816973209381104e-02
1.270280778408050537e-01,3.825808286666870117e+00,1.167426723986864090e-02
3.435079157352447510e-01,4.599248886108398438e+00,7.384061347693204880e-03
4.408609271049499512e-01,5.585500001907348633e-01,3.346872702240943909e-02
3.366875648498535156e-01,3.885030031204223633e+00,6.511268671602010727e-03
3.816395699977874756e-01,3.915037393569946289e+00,3.247362328693270683e-03
1.594829857349395752e-01,4.975284576416015625e+00,6.236728280782699585e-03
2.585664093494415283e-01,7.265591621398925781e-01,4.930817522108554840e-03
2.719458751380443573e-02,2.279973268508911133e+00,5.147473886609077454e-02
2.566071152687072754e-01,1.091429233551025391e+00,2.325766906142234802e-02
3.121515810489654541e-01,3.252856433391571045e-01,7.846272550523281097e-03
3.405840694904327393e-01,4.279486536979675293e-01,7.810725830495357513e-03
1.067504808306694031e-01,1.549080371856689453e+00,1.073007378727197647e-02
1.500130742788314819e-01,5.618275403976440430e-01,2.729781903326511383e-03
3.118224442005157471e-01,4.245267868041992188e+00,8.757224306464195251e-03
9.680105000734329224e-02,4.224947690963745117e-01,7.995733059942722321e-03
8.348965644836425781e-02,2.596336841583251953e+00,4.046602640300989151e-03
2.541615366935729980e-01,4.116928100585937500e+00,1.115765981376171112e-02
9.455142915248870850e-02,2.924158096313476562e+00,1.600165851414203644e-02
2.506106495857238770e-01,4.966080665588378906e+00,1.316303387284278870e-02
1.729785352945327759e-01,4.178852558135986328e+00,3.943496383726596832e-03
1.039352044463157654e-01,4.775342643260955811e-01,5.234824866056442261e-02
3.491789400577545166e-01,7.322619557380676270e-01,3.424737835302948952e-03
1.570270806550979614e-01,1.934836268424987793e+00,3.751113079488277435e-03
3.339447677135467529e-01,2.942513704299926758e+00,8.922870270907878876e-03
1.303020566701889038e-01,1.749887704849243164e+00,7.090159691870212555e-03
1.089245080947875977e-01,1.673239707946777344e+00,2.454329654574394226e-02
4.710064530372619629e-01,3.770922183990478516e+00,3.379249200224876404e-02
8.546631783246994019e-02,4.848788738250732422e+00,5.848888773471117020e-03
2.060939520597457886e-01,1.899660110473632812e+00,2.326135709881782532e-02
2.057763785123825073e-01,4.144263744354248047e+00,9.183324873447418213e-03
4.334698915481567383e-01,1.589424848556518555e+00,8.119993843138217926e-03
1.477456837892532349e-01,3.129904270172119141e+00,2.233483456075191498e-02
3.383025899529457092e-02,4.173455238342285156e+00,1.561125833541154861e-02
3.412948846817016602e-01,4.123935222625732422e+00,1.550052035599946976e-02
1.945908367633819580e-02,2.123399496078491211e+00,2.439772943034768105e-03
7.413928508758544922e-01,4.603653907775878906e+00,8.058426901698112488e-03
3.004778623580932617e-01,1.922670364379882812e+00,3.155216947197914124e-02
3.910132944583892822e-01,4.646396160125732422e+00,2.075469121336936951e-02
5.488458275794982910e-01,2.196568995714187622e-01,2.890715748071670532e-02
9.447697401046752930e-01,3.534584283828735352e+00,1.140336319804191589e-02
5.093650221824645996e-01,2.763700485229492188e-01,3.077285550534725189e-02
1.472509349696338177e-03,5.655857324600219727e-01,3.310696035623550415e-02
2.209010422229766846e-01,4.673960685729980469e+00,2.435900643467903137e-02
1.347927451133728027e-01,3.564424991607666016e+00,3.740868996828794479e-03
1.810704469680786133e-01,3.706964015960693359e+00,5.868250038474798203e-03
3.089115023612976074e-01,1.630463480949401855e+00,9.287763386964797974e-03
4.398450851440429688e-01,3.144540786743164062e+00,1.978621818125247955e-02
1.395437270402908325e-01,2.722916364669799805e+00,5.018608644604682922e-03
3.065001666545867920e-01,1.127404570579528809e+00,1.044938713312149048e-02
8.502086997032165527e-02,4.798781871795654297e+00,1.269160304218530655e-02
3.831045627593994141e-01,4.655073642730712891e+00,4.127412661910057068e-02
9.249004721641540527e-02,4.812764167785644531e+00,6.165941711515188217e-03
1.999678164720535278e-01,1.779433488845825195e+00,3.050574101507663727e-03
2.535206675529479980e-01,4.717109203338623047e+00,1.041778363287448883e-02
4.053428471088409424e-01,1.951167821884155273e+00,5.935860797762870789e-03
9.528676420450210571e-02,4.120125770568847656e+00,1.339024677872657776e-02
3.884751200675964355e-01,4.536984920501708984e+00,1.817682757973670959e-02
1.571555137634277344e-01,3.974862337112426758e+00,2.231485955417156219e-02
4.070542752742767334e-01,3.973840713500976562e+00,4.535550717264413834e-03
1.120203062891960144e-01,6.516399979591369629e-01,8.393714204430580139e-03
3.427471518516540527e-01,4.039322853088378906e+00,2.529613208025693893e-03
3.694325983524322510e-01,3.745293617248535156e+00,1.593799330294132233e-02
3.994188308715820312e-01,3.636088609695434570e+00,2.359459642320871353e-03
2.078021764755249023e-01,4.238109111785888672e+00,1.458234712481498718e-02
1.010286435484886169e-01,4.417727291584014893e-01,6.828992813825607300e-02
1.581926345825195312e-01,2.011226177215576172e+00,4.487864673137664795e-03
2.628940939903259277e-01,1.827776312828063965e+00,8.133618161082267761e-03
3.445813953876495361e-01,4.676067352294921875e+00,2.985165920108556747e-03
3.596606850624084473e-02,3.284238576889038086e+00,8.130078762769699097e-02
2.980794012546539307e-01,4.219137191772460938e+00,3.454086929559707642e-02
1.471808999776840210e-01,4.673192977905273438e+00,6.011154502630233765e-03
1.103627383708953857e-01,4.005732059478759766e+00,1.773367077112197876e-02
1.729274392127990723e-01,9.648523479700088501e-02,1.419030688703060150e-02
9.208240360021591187e-02,3.090033531188964844e+00,6.770391948521137238e-03
8.693298697471618652e-02,2.044680118560791016e+00,1.876616850495338440e-02
8.418225497007369995e-02,3.450199365615844727e+00,1.914540305733680725e-02
1.947369985282421112e-02,3.248130559921264648e+00,4.587744362652301788e-03
1.243696287274360657e-01,3.424634933471679688e+00,4.524845629930496216e-03
4.308460354804992676e-01,5.974333267658948898e-03,8.538462221622467041e-03
9.286479651927947998e-02,2.360103130340576172e+00,2.602038672193884850e-03
2.751554846763610840e-01,4.018533229827880859e+00,2.691110596060752869e-03
1.875549852848052979e-01,4.516382515430450439e-01,1.557304803282022476e-02
1.036914736032485962e-01,4.829803943634033203e+00,2.304822951555252075e-02
7.604747414588928223e-01,4.619115829467773438e+00,4.844772443175315857e-02
3.705268502235412598e-01,1.787004947662353516e+00,6.943961977958679199e-02
4.895892366766929626e-02,7.790617346763610840e-01,2.075822465121746063e-02
3.526847958564758301e-01,2.940089941024780273e+00,3.402610775083303452e-03
1.548233777284622192e-01,4.704675197601318359e+00,1.908419467508792877e-02
2.008920907974243164e-01,4.677985668182373047e+00,2.108588069677352905e-02
2.897697389125823975e-01,2.794396162033081055e+00,7.140498608350753784e-02
1.848322451114654541e-01,4.858565330505371094e+00,9.829570539295673370e-03
4.924705252051353455e-02,4.164590537548065186e-01,9.555952623486518860e-03
4.315350651741027832e-01,3.072680711746215820e+00,7.246893364936113358e-03
1.565199941396713257e-01,3.121004819869995117e+00,5.725396797060966492e-03
1.960347145795822144e-01,3.111366033554077148e+00,1.855867542326450348e-02
1.491889953613281250e-01,4.848171710968017578e+00,8.849113248288631439e-03
6.883066147565841675e-02,3.657609462738037109e+00,1.478446181863546371e-02
2.891155779361724854e-01,3.079030811786651611e-01,1.450290437787771225e-02
3.354112803936004639e-01,1.865097284317016602e+00,8.978751488029956818e-03
3.852374553680419922e-01,5.343902111053466797e-01,7.065266370773315430e-03
3.749560117721557617e-01,2.245965003967285156e+00,2.291239425539970398e-02
2.170515507459640503e-01,4.389378547668457031e+00,3.625684976577758789e-02
2.736639678478240967e-01,3.449387252330780029e-01,2.418091520667076111e-02
2.716068625450134277e-01,2.098913431167602539e+00,6.241440307348966599e-03
1.659529507160186768e-01,4.009033679962158203e+00,3.141182707622647285e-03
3.635841012001037598e-01,3.153064012527465820e+00,1.834339648485183716e-02
4.687260389328002930e-01,2.854359388351440430e+00,2.945828717201948166e-03
9.940424561500549316e-02,4.853056430816650391e+00,5.526406224817037582e-03
5.246731638908386230e-01,1.544325113296508789e+00,2.730073779821395874e-02
4.624275267124176025e-01,2.387566328048706055e+00,1.339921029284596443e-03
3.159926235675811768e-01,3.619070053100585938e-01,1.039330102503299713e-02
2.768543958663940430e-01,3.575291395187377930e+00,3.558986121788620949e-03
1.291676759719848633e-01,4.392288029193878174e-01,9.947069920599460602e-03
1.862838566303253174e-01,4.560690879821777344e+00,1.091026607900857925e-02
3.736142069101333618e-02,5.900455638766288757e-02,7.647230755537748337e-03
2.327985167503356934e-01,4.123199462890625000e+00,6.038096267729997635e-03
3.837992250919342041e-01,2.746273517608642578e+00,4.604769870638847351e-02
3.900129497051239014e-01,3.599060297012329102e+00,2.004201337695121765e-02
2.462492585182189941e-01,4.531033515930175781e+00,1.659243367612361908e-02
3.565256595611572266e-01,4.555545330047607422e+00,1.368834916502237320e-02
1.608083695173263550e-01,4.779973983764648438e+00,6.388545036315917969e-03
2.776358425617218018e-01,1.312684178352355957e+00,9.474768303334712982e-03
4.913052916526794434e-01,4.167880117893218994e-01,6.752618122845888138e-03
8.112829178571701050e-02,3.876406192779541016e+00,1.266645453870296478e-02
4.822256863117218018e-01,4.622678756713867188e+00,1.402250956743955612e-02
7.925788313150405884e-02,1.343572735786437988e+00,4.521260503679513931e-03
3.670208454132080078e-01,2.928669750690460205e-01,1.040538866072893143e-02
9.984917007386684418e-03,5.735636949539184570e-01,8.969532325863838196e-03
4.917553067207336426e-01,1.894763708114624023e+00,3.283062716946005821e-03
3.165958225727081299e-01,1.792026400566101074e+00,8.572421967983245850e-03
5.128507968038320541e-03,3.322873264551162720e-02,8.438071236014366150e-03
6.799706071615219116e-02,1.931392192840576172e+00,2.846056967973709106e-02
1.525130271911621094e-01,4.639990329742431641e+00,2.189690247178077698e-02
5.741651654243469238e-01,6.235358715057373047e-01,3.833419084548950195e-02
5.526842176914215088e-02,3.021109104156494141e+00,6.928815972059965134e-03
4.826630949974060059e-01,4.039036273956298828e+00,2.002772316336631775e-02
3.824054300785064697e-01,4.364772796630859375e+00,3.522732481360435486e-02
5.240680575370788574e-01,4.383736610412597656e+00,1.261323597282171249e-02
4.390729069709777832e-01,3.901665925979614258e+00,6.309204734861850739e-03
3.757371008396148682e-01,1.724750161170959473e+00,7.202075794339179993e-03
2.909833192825317383e-01,6.221328973770141602e-01,5.969717167317867279e-03
3.103250861167907715e-01,4.214447975158691406e+00,2.166308229789137840e-03
2.749195098876953125e-01,4.760060310363769531e+00,1.682225847616791725e-03
1.892619282007217407e-01,3.945373296737670898e-01,1.072797365486621857e-02
1.001933440566062927e-01,4.460542500019073486e-01,3.621623292565345764e-02
2.541110813617706299e-01,5.567114949226379395e-01,1.385717093944549561e-02
3.790554776787757874e-02,3.966178417205810547e+00,5.809039343148469925e-03
3.648756444454193115e-01,3.504785060882568359e+00,9.385594166815280914e-04
3.126837909221649170e-01,1.946082234382629395e+00,9.296419098973274231e-03
2.087483108043670654e-01,1.711702466011047363e+00,1.099242363125085831e-02
2.837537527084350586e-01,3.395998239517211914e+00,2.677342668175697327e-02
2.845394015312194824e-01,2.094157695770263672e+00,2.748707681894302368e-02
3.089738190174102783e-01,1.290433764457702637e+00,9.822861291468143463e-03
1.487402766942977905e-01,3.866610765457153320e+00,4.201595205813646317e-03
7.563823461532592773e-02,4.470770359039306641e-01,8.086597546935081482e-03
2.780498266220092773e-01,4.757289886474609375e+00,6.552086025476455688e-02
2.162643708288669586e-02,3.522719860076904297e+00,9.082524105906486511e-03
2.954197227954864502e-01,1.288516759872436523e+00,3.123665461316704750e-03
1.496384143829345703e-01,3.093637704849243164e+00,3.668136522173881531e-02
3.316716253757476807e-01,4.187332153320312500e+00,7.795000914484262466e-03
3.598337173461914062e-01,3.077558755874633789e+00,2.769600413739681244e-02
3.977817296981811523e-01,3.550959110260009766e+00,3.093358315527439117e-02
1.675458997488021851e-01,4.484289646148681641e+00,6.706110201776027679e-03
1.780843138694763184e-01,4.408167362213134766e+00,5.954863503575325012e-03
5.799669623374938965e-01,3.494140148162841797e+00,8.313912898302078247e-03
1.661158204078674316e-01,4.790726184844970703e+00,8.560589514672756195e-03
3.899384140968322754e-01,2.333118915557861328e+00,4.692233633249998093e-03
4.182880818843841553e-01,3.169223546981811523e+00,3.016410209238529205e-02
1.880853325128555298e-01,3.385837554931640625e+00,4.949615336954593658e-03
3.066122531890869141e-01,4.869014739990234375e+00,4.415183328092098236e-03
2.923807799816131592e-01,3.136602401733398438e+00,8.315762132406234741e-02
3.433695137500762939e-01,4.756734073162078857e-01,5.294275935739278793e-03
7.874816656112670898e-02,2.518588542938232422e+00,6.757023278623819351e-03
3.387941420078277588e-01,4.828145027160644531e+00,8.118918165564537048e-03
2.870635986328125000e-01,2.758589267730712891e+00,7.178155705332756042e-03
1.084434315562248230e-01,2.074166536331176758e+00,9.240589104592800140e-03
3.823599517345428467e-01,3.020632982254028320e+00,7.582898251712322235e-03
2.601413428783416748e-01,7.745398581027984619e-02,9.861891157925128937e-03
1.553693711757659912e-01,1.782653331756591797e+00,1.084019709378480911e-02
1.831380426883697510e-01,4.065776824951171875e+00,1.889611408114433289e-02
2.586671337485313416e-02,4.087265968322753906e+00,7.529065478593111038e-03
1.254464089870452881e-01,2.335989952087402344e+00,5.118201300501823425e-02
2.515636980533599854e-01,2.148201227188110352e+00,6.030618213117122650e-03
3.888660669326782227e-01,4.733645915985107422e+00,1.402747817337512970e-02
2.242556028068065643e-02,4.408991813659667969e+00,9.262357838451862335e-03
9.661726653575897217e-02,3.122369050979614258e-01,8.793334476649761200e-03
2.892995774745941162e-01,2.416698455810546875e+00,2.211084961891174316e-02
7.413791120052337646e-02,7.656816840171813965e-01,6.281494628638029099e-03
3.425728380680084229e-01,3.883492946624755859e+00,1.159210968762636185e-02
2.937413752079010010e-01,3.915583372116088867e+00,2.794375643134117126e-02
3.696387708187103271e-01,4.068931579589843750e+00,9.242689236998558044e-03
1.213001906871795654e-01,3.485423326492309570e+00,6.797538604587316513e-03
1.005894541740417480e-01,4.268351554870605469e+00,6.905213743448257446e-02
1.830510795116424561e-01,2.405099153518676758e+00,1.207573153078556061e-02
4.462114870548248291e-01,2.130772352218627930e+00,1.433782093226909637e-02
1.407769918441772461e-01,2.914332628250122070e+00,5.127979442477226257e-02
6.056661605834960938e-01,1.691877603530883789e+00,4.719175398349761963e-03
3.575730621814727783e-01,2.783370733261108398e+00,1.555353309959173203e-02
3.047122359275817871e-01,3.821095943450927734e+00,3.659838810563087463e-03
2.798808217048645020e-01,1.973688721656799316e+00,1.345294062048196793e-02
8.464591205120086670e-02,1.863012313842773438e+00,5.874678120017051697e-02
5.372866392135620117e-01,4.017880439758300781e+00,1.541416347026824951e-02
3.045472800731658936e-01,3.382998466491699219e+00,3.534943237900733948e-02
4.166782200336456299e-01,2.146254777908325195e-01,1.963844895362854004e-02
1.294042319059371948e-01,3.404479324817657471e-01,6.538261659443378448e-03
3.127682209014892578e-01,5.427179932594299316e-01,2.515035867691040039e-02
1.184882298111915588e-01,9.525148570537567139e-02,2.334664016962051392e-02
4.876774549484252930e-02,2.801164425909519196e-02,3.141351789236068726e-02
2.135373502969741821e-01,1.271135210990905762e+00,6.017971783876419067e-02
7.617565989494323730e-02,1.801575273275375366e-01,6.678553763777017593e-03
7.834563851356506348e-01,1.644433856010437012e+00,2.979111671447753906e-02
7.157189399003982544e-02,4.253797531127929688e+00,1.089182682335376740e-02
2.968207895755767822e-01,5.119114518165588379e-01,1.698155328631401062e-02
3.200497329235076904e-01,2.595601558685302734e+00,9.872647002339363098e-03
3.384918570518493652e-01,4.503933429718017578e+00,3.728729905560612679e-03
9.817228466272354126e-02,4.980297565460205078e+00,2.310954034328460693e-03
6.663418561220169067e-02,1.034488230943679810e-01,9.500686079263687134e-03
4.762169420719146729e-01,4.035466015338897705e-01,7.079608272761106491e-03
1.889263242483139038e-01,1.850165128707885742e+00,9.321517311036586761e-03
3.243435025215148926e-01,3.836025714874267578e+00,2.070562168955802917e-02
3.025773912668228149e-02,1.936765074729919434e+00,5.124890711158514023e-03
3.073149025440216064e-01,1.755637407302856445e+00,7.828140631318092346e-03
3.618641197681427002e-01,1.296344697475433350e-01,7.666643243283033371e-03
2.132633477449417114e-01,4.343716621398925781e+00,5.985646508634090424e-03
2.819754481315612793e-01,3.342481136322021484e+00,4.096286371350288391e-03
8.180385828018188477e-02,1.522881388664245605e-01,1.820346340537071228e-02
7.172994017601013184e-01,2.450749158859252930e+00,1.477785408496856689e-02
3.359779119491577148e-01,4.778417587280273438e+00,1.483757700771093369e-02
1.004340052604675293e-01,4.789545059204101562e+00,1.306479424238204956e-02
2.894030809402465820e-01,3.791753292083740234e+00,6.600140780210494995e-02
3.170454204082489014e-01,2.055986881256103516e+00,4.547792486846446991e-03
4.500293433666229248e-01,1.598359584808349609e+00,2.981534413993358612e-02
2.605823874473571777e-01,3.948509931564331055e+00,1.427866169251501560e-03
1.894026696681976318e-01,3.315226554870605469e+00,4.015204496681690216e-03
2.674774229526519775e-01,1.751244902610778809e+00,3.897961461916565895e-03
3.612167537212371826e-01,4.731839179992675781e+00,2.006403729319572449e-02
1.144020557403564453e-01,4.576809704303741455e-01,1.230028085410594940e-02
3.271031975746154785e-01,6.415173411369323730e-01,2.642876468598842621e-02
3.324612081050872803e-01,2.539678812026977539e-01,1.744729839265346527e-02
1.201356798410415649e-01,4.167718887329101562e+00,4.742173478007316589e-03
7.138697057962417603e-02,9.525986760854721069e-02,1.613872498273849487e-02
1.052656397223472595e-01,5.370156764984130859e-01,9.657521732151508331e-03
3.511815890669822693e-02,4.820436000823974609e+00,1.237280853092670441e-02
3.962208330631256104e-01,2.225588262081146240e-01,3.673437610268592834e-02
9.585777670145034790e-02,4.037876605987548828e+00,7.063115481287240982e-03
3.100158572196960449e-01,4.594073772430419922e+00,4.449910484254360199e-03
3.792491853237152100e-01,1.910164237022399902e+00,2.015946060419082642e-02
2.004730701446533203e-01,3.030871152877807617e+00,6.031130440533161163e-03
3.535357117652893066e-01,4.782202720642089844e+00,5.410136189311742783e-03
1.165772527456283569e-01,4.556879043579101562e+00,3.038332564756274223e-03
6.167362928390502930e-01,3.812731504440307617e+00,6.019964348524808884e-03
1.118878349661827087e-01,4.703634262084960938e+00,1.620956137776374817e-02
1.634665727615356445e-01,1.331858754158020020e+00,6.676043849438428879e-03
6.870510578155517578e-01,2.571977138519287109e+00,1.831517368555068970e-02
1.963175833225250244e-01,9.579427838325500488e-01,7.837001234292984009e-03
3.604404330253601074e-01,1.993677735328674316e+00,2.336011081933975220e-02
1.209530457854270935e-01,2.204033374786376953e+00,4.086605738848447800e-03
4.221700131893157959e-01,5.081441998481750488e-01,1.902744174003601074e-02
8.453755825757980347e-02,1.401447892189025879e+00,1.169598475098609924e-02
2.481506317853927612e-01,4.701725006103515625e+00,2.331078425049781799e-02
1.919044852256774902e-01,6.098508238792419434e-01,2.966199070215225220e-02
2.431091964244842529e-01,3.229331731796264648e+00,6.638776510953903198e-02
1.188511699438095093e-01,4.666128158569335938e-01,1.502099633216857910e-02
1.444511767476797104e-02,1.721980929374694824e+00,1.152552384883165359e-02
2.333273291587829590e-01,3.215171575546264648e+00,2.174861961975693703e-03
3.205548226833343506e-01,7.614155411720275879e-01,2.303726971149444580e-02
8.081750012934207916e-03,2.359799295663833618e-01,1.202236022800207138e-02
3.442245721817016602e-01,4.454517364501953125e-01,8.346182294189929962e-03
8.586242794990539551e-02,3.570214211940765381e-01,8.770951069891452789e-03
3.321044147014617920e-01,3.925220668315887451e-01,1.142856385558843613e-02
3.777822554111480713e-01,2.934439659118652344e+00,2.940245717763900757e-02
3.452606797218322754e-01,4.846805095672607422e+00,2.114980481564998627e-02
1.812668740749359131e-01,2.164908647537231445e+00,2.056963182985782623e-02
3.570909500122070312e-01,4.965179443359375000e+00,1.522669754922389984e-02
2.505715787410736084e-01,1.884775042533874512e+00,7.899848744273185730e-03
1.044354513287544250e-01,3.101837038993835449e-01,2.339581027626991272e-02
3.246052861213684082e-01,1.918527245521545410e+00,8.696323260664939880e-03
8.607947826385498047e-02,1.730521678924560547e+00,2.363582886755466461e-02
2.112052142620086670e-01,3.458426952362060547e+00,3.621771931648254395e-02
4.622985422611236572e-01,2.357761263847351074e-01,5.339145194739103317e-03
3.400365412235260010e-01,3.322424888610839844e+00,3.031028434634208679e-02
9.905809909105300903e-02,3.543373346328735352e+00,4.029853735119104385e-03
6.758540403097867966e-03,3.596609115600585938e+00,3.570459317415952682e-03
1.746974736452102661e-01,3.366725921630859375e+00,1.231820788234472275e-02
2.975731790065765381e-01,1.914965033531188965e+00,2.200210839509963989e-02
2.479923069477081299e-01,4.023527145385742188e+00,8.866067044436931610e-03
2.095483392477035522e-01,4.570656418800354004e-01,8.186528459191322327e-03
1.757252216339111328e-01,4.835609436035156250e+00,3.360251709818840027e-02
2.607943713665008545e-01,4.131035327911376953e+00,2.600573748350143433e-02
3.471576869487762451e-01,3.244688272476196289e+00,7.223434746265411377e-03
6.475275009870529175e-02,5.809744000434875488e-01,2.295900508761405945e-02
2.613767385482788086e-01,1.711740374565124512e+00,6.520488299429416656e-03
8.123584389686584473e-01,1.664220571517944336e+00,1.383350696414709091e-02
9.535925835371017456e-02,3.824513912200927734e+00,5.231054872274398804e-02
2.907611429691314697e-01,1.949058771133422852e+00,1.284290757030248642e-02
7.599578052759170532e-02,2.939032077789306641e+00,3.153680264949798584e-02
2.281133383512496948e-01,4.665591239929199219e+00,3.795418655499815941e-03
3.064303696155548096e-01,1.824984192848205566e+00,7.573627401143312454e-03
3.234001100063323975e-01,2.646980285644531250e+00,2.358757890760898590e-02
5.458976626396179199e-01,3.876729011535644531e-01,5.403989925980567932e-03
3.833060562610626221e-01,4.147263526916503906e+00,5.508427973836660385e-03
3.988623023033142090e-01,4.840904712677001953e+00,4.414210096001625061e-03
3.116937875747680664e-01,4.826940059661865234e+00,2.275530248880386353e-02
2.427895665168762207e-01,3.228085756301879883e+00,5.251706764101982117e-02
1.930824369192123413e-01,3.992907285690307617e+00,6.152967736124992371e-02
2.608320116996765137e-01,3.208154439926147461e+00,3.423815825954079628e-03
6.293489038944244385e-02,1.924771547317504883e+00,7.291762158274650574e-03
7.456362992525100708e-02,2.940200805664062500e+00,5.751570221036672592e-03
1.768065392971038818e-01,2.244655370712280273e+00,6.166863720864057541e-03
1.990062743425369263e-02,4.868585586547851562e+00,7.884073071181774139e-03
3.800321519374847412e-01,4.218226909637451172e+00,1.847641542553901672e-02
2.520993947982788086e-01,6.263611912727355957e-01,6.408008746802806854e-03
3.290943801403045654e-01,4.145033359527587891e+00,2.408016473054885864e-03
2.895111739635467529e-01,3.074642658233642578e+00,7.039128988981246948e-02
3.350619673728942871e-01,4.818903923034667969e+00,1.649199053645133972e-02
1.059796959161758423e-01,4.830918788909912109e+00,4.361146129667758942e-03
2.871865928173065186e-01,1.770923256874084473e+00,1.349478773772716522e-02
2.952220141887664795e-01,2.755033493041992188e+00,4.762405063956975937e-03
3.268189430236816406e-01,3.224240064620971680e+00,2.517935121431946754e-03
3.217871785163879395e-01,2.583599328994750977e+00,1.010011648759245872e-03
3.922638893127441406e-01,3.916101455688476562e+00,3.245467087253928185e-03
3.392039835453033447e-01,1.828184604644775391e+00,2.032792381942272186e-02
8.209426999092102051e-01,2.106807708740234375e+00,2.844310365617275238e-03
3.839547932147979736e-01,4.020736217498779297e+00,1.724636182188987732e-03
6.789165139198303223e-01,3.907858610153198242e+00,1.920235902070999146e-02
3.664657101035118103e-02,4.195816040039062500e+00,2.256148494780063629e-02
7.800602167844772339e-02,3.262957334518432617e-01,7.493262644857168198e-03
1.642122492194175720e-02,3.527548789978027344e+00,5.903131095692515373e-04
1.105415076017379761e-01,3.238205194473266602e+00,4.179109353572130203e-03
9.689617156982421875e-02,3.032978296279907227e+00,1.144521031528711319e-02
1.494018435478210449e-01,4.617519855499267578e+00,7.770896703004837036e-02
3.587777614593505859e-01,1.586204171180725098e+00,1.249686442315578461e-02
2.039256989955902100e-01,2.736753702163696289e+00,5.220416467636823654e-03
6.786888837814331055e-01,4.488052368164062500e+00,1.957355253398418427e-02
1.306835263967514038e-01,4.393688201904296875e+00,2.435163129121065140e-03
1.799549311399459839e-01,1.299273967742919922e+00,3.600013442337512970e-03
2.956062853336334229e-01,2.779018878936767578e+00,3.346729557961225510e-03
2.862659692764282227e-01,4.859865188598632812e+00,2.337726950645446777e-02
2.769148647785186768e-01,2.453136682510375977e+00,5.072595085948705673e-03
1.964164078235626221e-01,1.010783791542053223e+00,1.076387893408536911e-02
1.244072541594505310e-01,2.304424285888671875e+00,1.199572533369064331e-02
2.834353446960449219e-01,4.263242483139038086e-01,2.917473204433917999e-02
7.784158736467361450e-02,4.615817368030548096e-01,6.220440380275249481e-03
2.707572281360626221e-01,4.689919948577880859e+00,9.536847472190856934e-03
1.108937710523605347e-02,3.241993427276611328e+00,3.091012500226497650e-02
2.825095355510711670e-01,2.188935279846191406e+00,1.093741320073604584e-02
2.141494005918502808e-01,3.960600852966308594e+00,1.043863035738468170e-02
2.163012623786926270e-01,4.285557270050048828e+00,7.150394376367330551e-03
4.225062727928161621e-01,1.961792349815368652e+00,5.342422984540462494e-03
1.699687391519546509e-01,2.859680891036987305e+00,8.237748406827449799e-03
3.410775959491729736e-01,4.599133968353271484e+00,5.341485887765884399e-02
4.071080088615417480e-01,2.547377347946166992e+00,3.249359782785177231e-03
1.511028707027435303e-01,4.804573535919189453e+00,6.975323893129825592e-03
4.215424358844757080e-01,4.124384403228759766e+00,5.255553405731916428e-03
9.707895666360855103e-02,5.549747347831726074e-01,1.834068261086940765e-02
2.213274836540222168e-01,1.935197353363037109e+00,4.234683234244585037e-03
3.463514447212219238e-01,1.822472095489501953e+00,8.645666763186454773e-03
1.030079647898674011e-01,1.796245694160461426e+00,1.720513030886650085e-02
2.285597622394561768e-01,4.464529752731323242e-01,8.489752188324928284e-03
1.802065372467041016e-01,3.808002710342407227e+00,2.100387820973992348e-03
2.900502979755401611e-01,4.783544540405273438e+00,2.744123572483658791e-03
9.273688495159149170e-02,1.818823695182800293e+00,9.430103935301303864e-03
2.161560058593750000e-01,3.877716541290283203e+00,1.086340006440877914e-02
2.088023424148559570e-01,4.623808860778808594e-01,5.869479384273290634e-03
8.671839833259582520e-01,1.608818769454956055e+00,8.161071687936782837e-03
2.520557940006256104e-01,2.639014720916748047e-01,1.932498067617416382e-02
3.115747869014739990e-01,5.425331592559814453e-01,1.105107087641954422e-02
8.553891628980636597e-02,4.959978103637695312e+00,4.555967077612876892e-02
9.102845937013626099e-02,6.008777618408203125e-01,1.346041914075613022e-02
1.534382849931716919e-01,1.907556533813476562e+00,3.856114577502012253e-03
8.530074357986450195e-02,5.036282539367675781e-01,2.096454054117202759e-02
4.157353043556213379e-01,3.894367933273315430e+00,1.920579187572002411e-02
2.500667273998260498e-01,4.882235527038574219e-01,7.138870190829038620e-03
7.577674388885498047e-01,2.808731555938720703e+00,2.049198187887668610e-02
2.399054467678070068e-01,2.886425554752349854e-01,2.019393257796764374e-02
5.685656070709228516e-01,4.073997020721435547e+00,4.901442676782608032e-02
1.628469824790954590e-01,2.178533315658569336e+00,7.984874770045280457e-03
1.679967343807220459e-01,7.784260436892509460e-03,2.504756115376949310e-02
2.861280739307403564e-01,1.871315836906433105e+00,2.461787499487400055e-02
2.282727509737014771e-01,4.783269405364990234e+00,2.231316827237606049e-02
3.907627761363983154e-01,4.658964157104492188e+00,3.346166014671325684e-02
1.723883599042892456e-01,3.526448965072631836e+00,9.489929303526878357e-03
1.083657592535018921e-01,5.168082714080810547e-01,3.985174372792243958e-02
2.319683730602264404e-01,3.137333393096923828e+00,1.271880138665437698e-02
2.063859067857265472e-02,4.948799014091491699e-01,1.596416532993316650e-02
6.842011213302612305e-02,4.565699577331542969e+00,2.126899361610412598e-02
2.401812970638275146e-01,4.416240692138671875e+00,2.233130112290382385e-02
1.313026994466781616e-01,2.858561515808105469e+00,6.174597889184951782e-03
1.203107535839080811e-01,2.838331460952758789e+00,3.445461392402648926e-02
4.599213600158691406e-01,1.398446202278137207e+00,1.992978854104876518e-03
1.832281202077865601e-01,3.153890132904052734e+00,3.495365381240844727e-02
9.794095903635025024e-02,3.015478849411010742e+00,2.176741696894168854e-02
1.504105925559997559e-01,1.910074353218078613e+00,7.166375406086444855e-03
9.173045307397842407e-02,2.702977657318115234e+00,2.638712292537093163e-03
3.012759685516357422e-01,3.949931144714355469e+00,3.760127816349267960e-03
9.846936911344528198e-02,4.718971252441406250e+00,1.862218789756298065e-02
3.232253491878509521e-01,3.032001733779907227e+00,1.302012987434864044e-02
1.341325137764215469e-02,3.607533693313598633e+00,5.414336454123258591e-03
6.222467124462127686e-02,1.763916969299316406e+00,3.039561677724123001e-03
1.387261897325515747e-01,7.489905357360839844e-01,2.323979325592517853e-02
8.573862165212631226e-02,1.112460374832153320e+00,2.293918281793594360e-02
3.020159006118774414e-01,3.830851614475250244e-01,5.086629185825586319e-03
1.222775653004646301e-01,4.124636650085449219e+00,9.581152349710464478e-03
4.051380157470703125e-01,1.380853891372680664e+00,1.607889868319034576e-02
1.998280882835388184e-01,2.745287656784057617e+00,2.999937906861305237e-02
3.379736468195915222e-02,2.116788625717163086e+00,5.583086609840393066e-02
3.771889954805374146e-02,1.480163633823394775e-01,2.217907458543777466e-02
3.189761340618133545e-01,1.960728168487548828e+00,1.372266653925180435e-02
3.782564997673034668e-01,3.176269054412841797e+00,3.896885737776756287e-02
2.629778683185577393e-01,1.896171331405639648e+00,4.424812737852334976e-03
1.082523986697196960e-01,3.200045585632324219e+00,7.666182238608598709e-03
3.190039992332458496e-01,3.425525665283203125e+00,1.071716565638780594e-02
2.354981303215026855e-01,2.052878141403198242e+00,5.003140307962894440e-03
3.297832012176513672e-01,3.891714096069335938e+00,2.076211851090192795e-03
3.144958913326263428e-01,4.751669883728027344e+00,2.942755632102489471e-02
4.535848498344421387e-01,2.607884168624877930e+00,2.001983486115932465e-02
3.581453263759613037e-01,1.049733638763427734e+00,2.835331298410892487e-02
3.550443649291992188e-01,3.904553174972534180e+00,1.953436993062496185e-03
3.069857060909271240e-01,4.272935867309570312e+00,1.500696223229169846e-02
3.535957634449005127e-01,2.589168071746826172e+00,2.124881185591220856e-02
7.473061978816986084e-02,4.352809906005859375e+00,7.758071180433034897e-03
2.791939377784729004e-01,1.974477529525756836e+00,2.444019168615341187e-02
3.228443562984466553e-01,4.703591346740722656e+00,8.278827182948589325e-03
5.930833145976066589e-02,2.881086349487304688e+00,5.515752360224723816e-03
3.114219009876251221e-01,2.731642246246337891e+00,2.880948036909103394e-02
2.845320105552673340e-01,4.147091865539550781e+00,2.074162941426038742e-03
1.355554014444351196e-01,1.906807899475097656e+00,5.160693544894456863e-03
1.440033465623855591e-01,1.952780961990356445e+00,6.094540935009717941e-03
3.788263201713562012e-01,3.861162900924682617e+00,9.394454769790172577e-03
1.820683777332305908e-01,4.742383956909179688e+00,2.422573231160640717e-02
2.840054631233215332e-01,2.975661516189575195e+00,1.814722269773483276e-02
2.110358923673629761e-01,3.561879158020019531e+00,2.800383791327476501e-02
5.557690858840942383e-01,3.618276715278625488e-01,6.930455099791288376e-03
2.473247349262237549e-01,3.131516933441162109e+00,2.252409467473626137e-03
3.199940919876098633e-01,3.970937252044677734e+00,2.260758308693766594e-03
1.359792202711105347e-01,7.284198403358459473e-01,9.204530157148838043e-03
1.251835376024246216e-01,3.983000040054321289e+00,6.464760750532150269e-03
3.190296888351440430e-01,2.075103044509887695e+00,3.191890660673379898e-03
2.048544883728027344e-01,2.528278350830078125e+00,4.052001237869262695e-02
2.133702486753463745e-01,1.918411850929260254e+00,1.429638452827930450e-02
2.470080554485321045e-01,3.006875038146972656e+00,1.104190200567245483e-02
2.012287974357604980e-01,4.844730854034423828e+00,1.832972094416618347e-02
9.940051287412643433e-02,3.901018619537353516e+00,4.499440547078847885e-03
3.850317299365997314e-01,1.836156606674194336e+00,5.896421149373054504e-03
1.206142976880073547e-01,3.411701023578643799e-01,2.622327022254467010e-02
3.156199455261230469e-01,4.413621902465820312e+00,2.585402317345142365e-02
2.426411211490631104e-01,4.786588191986083984e+00,1.105306856334209442e-02
1.922676265239715576e-01,1.850879788398742676e+00,4.170401953160762787e-03
2.903459966182708740e-01,3.220026969909667969e+00,1.635646075010299683e-02
3.795196712017059326e-01,2.306089401245117188e+00,5.318247247487306595e-03
1.280440762639045715e-02,4.612617015838623047e+00,2.931589493528008461e-03
2.944410443305969238e-01,4.339090824127197266e+00,1.999816857278347015e-02
8.003599941730499268e-02,6.792560219764709473e-01,3.042691387236118317e-02
3.783294260501861572e-01,2.033012390136718750e+00,9.364747442305088043e-03
2.345327883958816528e-01,6.585595011711120605e-01,1.891342736780643463e-02
2.879140079021453857e-01,3.348263978958129883e+00,1.460032537579536438e-02
3.676358759403228760e-01,3.330593347549438477e+00,1.252897898666560650e-03
2.335248440504074097e-01,3.061669826507568359e+00,3.056602738797664642e-02
1.703497022390365601e-01,1.910793334245681763e-01,8.615395054221153259e-03
4.989621639251708984e-01,5.616952180862426758e-01,2.184634841978549957e-02
6.322947889566421509e-02,3.063449859619140625e+00,6.771876942366361618e-03
4.861548542976379395e-01,5.708256959915161133e-01,4.764505196362733841e-03
1.437703520059585571e-01,4.781353473663330078e+00,1.257420703768730164e-02
2.193810492753982544e-01,2.653123617172241211e+00,1.037573255598545074e-02
2.119110524654388428e-01,2.804532289505004883e+00,7.487628608942031860e-03
3.382504880428314209e-01,3.878715038299560547e+00,4.187611863017082214e-03
3.942245244979858398e-01,3.252584457397460938e+00,3.028344549238681793e-02
7.120477408170700073e-02,1.596446186304092407e-01,2.991619706153869629e-02
3.499716222286224365e-01,2.164735078811645508e+00,1.106894668191671371e-02
3.486634194850921631e-01,3.919570922851562500e+00,2.073097601532936096e-02
3.424445092678070068e-01,1.938870191574096680e+00,1.987211592495441437e-02
9.435216337442398071e-02,5.638334155082702637e-01,4.404785577207803726e-03
2.016185075044631958e-01,4.693949699401855469e+00,5.168376956135034561e-03
1.108888611197471619e-01,3.120839595794677734e+00,4.150779545307159424e-02
1.027050092816352844e-01,3.016081750392913818e-01,3.285198658704757690e-02
1.763147860765457153e-01,5.786715149879455566e-01,7.324133533984422684e-03
4.102784395217895508e-01,3.340854644775390625e+00,7.287152577191591263e-03
7.188711315393447876e-02,3.981045186519622803e-01,5.861795973032712936e-03
4.672834277153015137e-01,1.804657459259033203e+00,2.410951256752014160e-02
4.738994240760803223e-01,4.509183883666992188e+00,2.204247005283832550e-02
4.228184521198272705e-01,1.756123304367065430e+00,1.850402355194091797e-02
3.400044739246368408e-01,1.967793822288513184e+00,2.218137867748737335e-02
1.682341098785400391e-02,4.613831520080566406e+00,7.702548522502183914e-03
2.354819625616073608e-01,4.907618999481201172e+00,4.610019922256469727e-02
6.922569870948791504e-02,7.235947847366333008e-01,3.803921164944767952e-03
2.938138544559478760e-01,1.118085622787475586e+00,7.954859174787998199e-03
4.131199121475219727e-01,2.849496841430664062e+00,3.858880605548620224e-03
2.949456274509429932e-01,8.328393101692199707e-01,2.262248843908309937e-02
3.245021402835845947e-02,3.399613857269287109e+00,3.884593024849891663e-03
3.585602343082427979e-01,1.307413697242736816e+00,5.253489315509796143e-02
2.540772557258605957e-01,5.407080054283142090e-01,8.405340835452079773e-03
7.640494108200073242e-01,3.781381368637084961e+00,1.689785905182361603e-02
1.277013272047042847e-01,3.657259941101074219e+00,1.070389989763498306e-02
3.680114150047302246e-01,4.242168903350830078e+00,6.640036124736070633e-03
1.008474156260490417e-01,2.218080759048461914e+00,2.701528742909431458e-02
1.992335170507431030e-01,4.717849493026733398e-01,1.977935619652271271e-02
4.295935630798339844e-01,4.234159946441650391e+00,1.376461610198020935e-02
4.223163723945617676e-01,2.491277217864990234e+00,1.200305018573999405e-02
2.404551357030868530e-01,1.889350414276123047e+00,3.524468839168548584e-02
3.967335820198059082e-01,2.993757247924804688e+00,3.981450572609901428e-03
1.027796417474746704e-01,4.281894207000732422e+00,4.609461873769760132e-03
3.084641396999359131e-01,3.285839080810546875e+00,4.621462523937225342e-02
1.229218244552612305e-01,4.937747001647949219e+00,5.003017559647560120e-02
1.378359496593475342e-01,6.704279780387878418e-01,2.484887652099132538e-02
3.707169592380523682e-01,3.482899665832519531e-01,1.054230052977800369e-02
2.619101107120513916e-01,1.917883038520812988e+00,8.770387619733810425e-03
2.123287320137023926e-01,4.148476123809814453e+00,4.356740973889827728e-03
1.641088575124740601e-01,4.088211536407470703e+00,5.688979290425777435e-03
2.408221364021301270e-01,2.831276178359985352e+00,9.063623845577239990e-03
3.151614367961883545e-01,2.747553586959838867e+00,1.834011822938919067e-02
9.772473573684692383e-02,4.691645622253417969e+00,8.916468359529972076e-03
1.110908910632133484e-01,4.090983390808105469e+00,4.151809029281139374e-03
1.774948537349700928e-01,3.540617227554321289e+00,8.119071833789348602e-03
5.311768874526023865e-02,2.914580106735229492e+00,6.958011537790298462e-03
7.300145179033279419e-02,1.919845700263977051e+00,7.244844455271959305e-03
2.759144902229309082e-01,7.108485698699951172e-01,1.801343634724617004e-02
2.124929428100585938e-01,1.196041703224182129e+00,9.167754091322422028e-03
2.606202363967895508e-01,2.830443620681762695e+00,4.203285090625286102e-03
1.023721024394035339e-01,4.403358697891235352e-01,9.467545896768569946e-03
4.522095918655395508e-01,4.216619431972503662e-01,1.708004996180534363e-02
3.451690971851348877e-01,1.854854464530944824e+00,9.581306017935276031e-03
4.711534976959228516e-01,6.128724217414855957e-01,1.151825021952390671e-02
1.624176055192947388e-01,5.997985601425170898e-01,2.685420028865337372e-02
1.718080788850784302e-01,3.300808668136596680e+00,4.204924218356609344e-03
1.934599131345748901e-01,5.434885621070861816e-01,9.027103893458843231e-03
2.979294061660766602e-01,2.128812551498413086e+00,7.972376421093940735e-03
3.500537276268005371e-01,4.124410152435302734e+00,4.034616984426975250e-03
6.928737461566925049e-02,2.102587461471557617e+00,7.196697872132062912e-03
2.942719459533691406e-01,1.898880124092102051e+00,1.161654200404882431e-02
4.838246405124664307e-01,1.153261065483093262e+00,6.303878035396337509e-03
9.013435244560241699e-02,4.873907089233398438e+00,3.763452172279357910e-02
1.347909122705459595e-01,3.264717817306518555e+00,1.194317359477281570e-02
2.630512416362762451e-01,4.743259429931640625e+00,5.124019924551248550e-03
7.811115384101867676e-01,2.529572248458862305e+00,2.058095298707485199e-02
4.767251014709472656e-02,2.410694584250450134e-02,1.769146509468555450e-02
1.807820796966552734e-01,1.957569122314453125e+00,4.842001479119062424e-03
1.923245750367641449e-02,1.897751808166503906e+00,1.339782774448394775e-02
6.183816194534301758e-01,4.769789695739746094e+00,5.953664705157279968e-02
4.327568411827087402e-01,4.754682064056396484e+00,2.198587171733379364e-02
7.600023597478866577e-02,4.060052037239074707e-01,5.878289230167865753e-03
1.430173218250274658e-01,5.941740274429321289e-01,7.522765547037124634e-03
1.225828379392623901e-01,2.917342782020568848e-01,1.185415312647819519e-02
3.339191973209381104e-01,9.562296271324157715e-01,6.525405216962099075e-03
3.854784965515136719e-01,1.848154187202453613e+00,9.620643220841884613e-03
2.588329315185546875e-01,3.861968815326690674e-01,1.909792236983776093e-02
6.522504240274429321e-02,7.005926966667175293e-01,5.333019047975540161e-02
1.434779018163681030e-01,3.891148805618286133e+00,2.045812644064426422e-02
1.835874021053314209e-01,1.852239966392517090e+00,1.790331304073333740e-02
2.379399985074996948e-01,3.712477982044219971e-01,1.610348559916019440e-02
1.592854559421539307e-01,3.408470392227172852e+00,8.033789694309234619e-03
3.284574449062347412e-01,1.666806459426879883e+00,4.749769344925880432e-02
2.548459470272064209e-01,6.462483406066894531e-01,8.660571649670600891e-03
1.987752914428710938e-01,4.824654102325439453e+00,8.144988678395748138e-03
7.273989263921976089e-03,2.070281744003295898e+00,8.503120392560958862e-03
4.052647650241851807e-01,2.069512844085693359e+00,4.157443065196275711e-03
1.277451068162918091e-01,4.094182968139648438e+00,7.540590129792690277e-03
1.929680407047271729e-01,1.963769674301147461e+00,5.386472679674625397e-03
2.475261539220809937e-01,1.046307563781738281e+00,4.368603602051734924e-02
2.864317893981933594e-01,2.843943357467651367e+00,7.231681142002344131e-03
3.083758652210235596e-01,3.721855163574218750e+00,1.197011489421129227e-02
2.347024530172348022e-02,1.554142236709594727e-01,5.399687215685844421e-03
8.063384294509887695e-01,2.383545398712158203e+00,1.899046078324317932e-02
3.163590431213378906e-01,7.241696119308471680e-01,3.843207145109772682e-03
3.568717539310455322e-01,4.643483638763427734e+00,2.827807143330574036e-02
4.415888190269470215e-01,4.296876117587089539e-02,4.908690229058265686e-03
1.407962143421173096e-01,4.268083095550537109e+00,1.841356791555881500e-02
2.590011656284332275e-01,3.823696374893188477e-01,2.190837450325489044e-02
3.916746377944946289e-01,4.312976360321044922e+00,2.313105389475822449e-03
1.038256734609603882e-01,4.881441593170166016e+00,8.441451936960220337e-03
3.666258454322814941e-01,1.950197935104370117e+00,7.708080578595399857e-03
1.724149286746978760e-01,2.119256973266601562e+00,6.705905310809612274e-03
2.893594801425933838e-01,2.464110255241394043e-01,5.502332467585802078e-03
2.278997451066970825e-01,4.721379280090332031e+00,1.700787991285324097e-02
1.850405186414718628e-01,2.966773986816406250e+00,6.254916638135910034e-02
1.406170278787612915e-01,1.057574823498725891e-01,1.731330715119838715e-02
3.329147398471832275e-01,4.079027652740478516e+00,2.579768002033233643e-02
2.525803148746490479e-01,2.015128284692764282e-01,6.432235706597566605e-03
2.961371243000030518e-01,2.398203134536743164e+00,2.155408449470996857e-02
8.240994811058044434e-01,1.578308582305908203e+00,8.932653814554214478e-03
2.237793207168579102e-01,4.822300434112548828e+00,8.910116739571094513e-03
8.124241977930068970e-02,3.986872911453247070e+00,1.856108196079730988e-02
8.019020408391952515e-02,2.998132467269897461e+00,2.275653183460235596e-02
4.140444099903106689e-01,5.391620993614196777e-01,6.252555176615715027e-03
1.683136522769927979e-01,2.032633543014526367e+00,1.151876244693994522e-02
3.077430725097656250e-01,4.005296230316162109e+00,4.258091095834970474e-03
1.455609947443008423e-01,4.707811832427978516e+00,6.496312096714973450e-03
9.355238676071166992e-01,1.706420540809631348e+00,5.239055678248405457e-02
3.474257513880729675e-02,2.376609563827514648e+00,2.076913602650165558e-02
4.344463348388671875e-01,2.531002163887023926e-01,8.908887393772602081e-03
2.939404249191284180e-01,1.566382884979248047e+00,3.052243962883949280e-02
4.076685011386871338e-01,2.715589761734008789e+00,3.164308518171310425e-02
1.994291879236698151e-02,3.143704891204833984e+00,1.691558212041854858e-02
9.842147678136825562e-02,3.707255125045776367e+00,3.323936369270086288e-03
1.859395056962966919e-01,3.912312746047973633e+00,3.139364346861839294e-02
2.190797626972198486e-01,4.006118297576904297e+00,6.563205737620592117e-03
1.858072429895401001e-01,4.042480468750000000e+00,1.827076659537851810e-03
2.054901123046875000e-01,4.437457621097564697e-01,1.067588292062282562e-02
6.773035228252410889e-02,4.426170825958251953e+00,1.052785571664571762e-02
8.834378421306610107e-02,2.974312782287597656e+00,3.645292250439524651e-03
3.949739336967468262e-01,3.678521871566772461e+00,6.848912220448255539e-03
7.015670835971832275e-02,5.015380978584289551e-01,6.876571103930473328e-03
2.584371268749237061e-01,3.018842697143554688e+00,3.693592734634876251e-03
3.520627915859222412e-01,4.605154991149902344e+00,7.198541425168514252e-03
1.744083762168884277e-01,3.027968883514404297e+00,1.316784881055355072e-02
3.975603878498077393e-01,4.513340890407562256e-01,1.057170052081346512e-02
3.971504867076873779e-01,2.202367067337036133e+00,1.145693939179182053e-02
8.773756772279739380e-02,4.847019672393798828e+00,1.087103132158517838e-02
3.537571728229522705e-01,4.791407287120819092e-01,5.291459150612354279e-03
3.925299942493438721e-01,1.808912754058837891e+00,8.045416325330734253e-03
3.509525060653686523e-01,4.774299621582031250e+00,3.091908758506178856e-03
1.417281925678253174e-01,3.012289524078369141e+00,2.582528814673423767e-02
6.218065321445465088e-02,6.933014988899230957e-01,8.377631194889545441e-03
3.525125980377197266e-01,6.875349283218383789e-01,7.461250293999910355e-03
1.142789497971534729e-01,3.338814973831176758e+00,9.037296404130756855e-04
4.077355861663818359e-01,2.235113143920898438e+00,1.611880026757717133e-02
1.515209525823593140e-01,4.833025932312011719e+00,4.168967716395854950e-03
4.863016903400421143e-01,4.747333824634552002e-01,7.853341288864612579e-03
2.368009835481643677e-01,3.484445571899414062e+00,5.057126283645629883e-03
7.878199964761734009e-02,1.046126246452331543e+00,5.305339582264423370e-03
3.361926972866058350e-01,4.498122632503509521e-01,2.331872470676898956e-02
1.855518668889999390e-01,1.254260659217834473e+00,4.657967388629913330e-02
3.459472358226776123e-01,2.730314493179321289e+00,9.328995831310749054e-03
2.561329007148742676e-01,1.781626224517822266e+00,6.398118287324905396e-02
1.482117623090744019e-01,4.531284570693969727e-01,1.613544672727584839e-02
9.294451028108596802e-02,4.664866924285888672e+00,2.152688801288604736e-02
1.089197695255279541e-01,3.059917211532592773e+00,2.007545903325080872e-02
2.910204529762268066e-01,4.655572891235351562e+00,1.643385551869869232e-02
3.327195346355438232e-01,4.712449073791503906e+00,8.210909552872180939e-03
2.207618951797485352e-01,2.090254545211791992e+00,3.201007843017578125e-02
4.000613987445831299e-01,4.963186264038085938e+00,6.175058893859386444e-03
5.695900917053222656e-01,9.195802360773086548e-02,1.018847059458494186e-02
9.055069088935852051e-01,2.924957752227783203e+00,9.873978793621063232e-03
2.683486416935920715e-02,3.222278356552124023e+00,4.261163994669914246e-03
3.290900588035583496e-01,1.809552192687988281e+00,9.278901852667331696e-03
1.284533143043518066e-01,1.766942143440246582e+00,5.052414257079362869e-03
7.665141820907592773e-01,4.488599300384521484e+00,2.272794954478740692e-02
9.727486222982406616e-02,4.341477394104003906e+00,8.344082161784172058e-03
8.804056048393249512e-02,1.608776859939098358e-02,1.571185514330863953e-02
3.287139236927032471e-01,1.882446885108947754e+00,4.942470043897628784e-02
2.817626595497131348e-01,4.965464591979980469e+00,3.116392064839601517e-03
6.557593345642089844e-01,3.838731527328491211e+00,5.716433282941579819e-03
3.863803744316101074e-01,2.648013591766357422e+00,5.465546250343322754e-02
1.509082168340682983e-01,4.057451486587524414e-01,7.404549513012170792e-03
2.043689638376235962e-01,3.200693845748901367e+00,2.292996272444725037e-02
1.141388416290283203e-01,4.405906677246093750e+00,9.413662366569042206e-03
1.822027564048767090e-01,1.956801652908325195e+00,3.550944617018103600e-03
3.119238317012786865e-01,3.857027590274810791e-01,2.552559971809387207e-02
7.933638244867324829e-02,3.069186925888061523e+00,1.232169102877378464e-02
3.868058696389198303e-02,5.216386318206787109e-01,9.725952520966529846e-03
2.674948573112487793e-01,1.072962284088134766e+00,1.555635035037994385e-02
2.023535817861557007e-01,5.069814324378967285e-01,7.915931753814220428e-03
1.727827340364456177e-01,9.227916002273559570e-01,8.035121485590934753e-03
1.274439841508865356e-01,1.929549813270568848e+00,4.454622976481914520e-03
4.481385350227355957e-01,2.241146802902221680e+00,1.864370144903659821e-02
1.048674955964088440e-01,2.455016613006591797e+00,3.188612638041377068e-03
1.935180090367794037e-02,5.084630846977233887e-01,5.089379847049713135e-02
1.742455959320068359e-01,3.001901209354400635e-01,1.398368459194898605e-02
2.181331962347030640e-01,5.313776433467864990e-02,1.411275938153266907e-02
2.920844554901123047e-01,4.506433486938476562e+00,1.597348786890506744e-02
3.198203146457672119e-01,4.473444938659667969e+00,4.226488061249256134e-03
7.746376097202301025e-02,4.182963371276855469e-01,1.431446522474288940e-02
1.875634193420410156e-01,3.941531479358673096e-01,5.819078534841537476e-03
4.118694961071014404e-01,1.808507919311523438e+00,4.639169201254844666e-03
7.298441976308822632e-02,3.078131914138793945e+00,4.400278441607952118e-03
2.843626141548156738e-01,3.790164232254028320e+00,7.105807214975357056e-02
3.728719055652618408e-01,3.980696439743041992e+00,1.705531030893325806e-03
3.958316743373870850e-01,3.649161100387573242e+00,3.430336341261863708e-02
3.666573464870452881e-01,3.295309782028198242e+00,6.670153699815273285e-03
1.382407397031784058e-01,3.351281642913818359e+00,8.889116346836090088e-03
5.450294613838195801e-01,2.257560968399047852e+00,4.854499362409114838e-03
2.640973627567291260e-01,9.354657530784606934e-01,2.857991121709346771e-02
3.570291697978973389e-01,6.725791692733764648e-01,2.418255247175693512e-02
3.318632543087005615e-01,4.026770293712615967e-01,5.427448544651269913e-03
1.553511619567871094e-01,3.833920001983642578e+00,1.037716586142778397e-02
2.747210860252380371e-01,3.848283529281616211e+00,1.285684015601873398e-02
2.700382471084594727e-01,3.973398923873901367e+00,1.815377920866012573e-02
4.179210066795349121e-01,4.223802566528320312e+00,9.893185924738645554e-04
3.222705721855163574e-01,4.210862636566162109e+00,2.430875971913337708e-02
2.209234982728958130e-01,6.659842133522033691e-01,9.365362115204334259e-03
2.746356129646301270e-01,2.122931003570556641e+00,4.121348261833190918e-02
2.800487279891967773e-01,1.900335907936096191e+00,1.257553789764642715e-02
1.816160678863525391e-01,2.058650255203247070e+00,1.887977495789527893e-02
3.176172673702239990e-01,1.063022375106811523e+00,2.977503277361392975e-02
1.348979771137237549e-01,4.106820583343505859e+00,2.224617265164852142e-02
1.300984770059585571e-01,3.018476009368896484e+00,4.479259718209505081e-03
3.249444663524627686e-01,6.981568336486816406e-01,9.600769728422164917e-03
2.315302193164825439e-02,2.787085294723510742e+00,1.885979808866977692e-02
1.276686638593673706e-01,2.533913850784301758e+00,6.086755543947219849e-03
2.443589121103286743e-01,4.297520637512207031e+00,6.235089153051376343e-03
1.473441869020462036e-01,2.845455110073089600e-01,7.461916189640760422e-03
3.397953212261199951e-01,1.389467120170593262e-01,6.687517277896404266e-03
1.039806082844734192e-01,2.120219230651855469e+00,1.575057767331600189e-02
9.534588456153869629e-02,2.277130074799060822e-02,1.450459472835063934e-02
2.902158796787261963e-01,2.924656867980957031e-01,1.028773561120033264e-02
2.124478667974472046e-01,4.246922492980957031e+00,2.571157924830913544e-02
6.378690898418426514e-02,1.663266122341156006e-02,1.589563302695751190e-02
2.373850941658020020e-01,4.658606529235839844e+00,3.210227470844984055e-03
3.028935566544532776e-02,6.402570754289627075e-02,9.719703346490859985e-03
2.108901590108871460e-01,4.872677803039550781e+00,4.006394743919372559e-02
2.480804324150085449e-01,3.918171644210815430e+00,3.777440404519438744e-03
2.989257872104644775e-01,1.875786066055297852e+00,4.456876777112483978e-03
3.041785061359405518e-01,1.253158211708068848e+00,6.065345369279384613e-03
3.264759480953216553e-01,3.687224149703979492e+00,7.798996288329362869e-03
8.184508234262466431e-02,4.754609107971191406e+00,1.396514289081096649e-02
3.644326627254486084e-01,2.213927507400512695e+00,3.589923027902841568e-03
3.183905184268951416e-01,2.314694166183471680e+00,2.303875423967838287e-02
2.085551321506500244e-01,2.257217168807983398e+00,1.756884343922138214e-02
5.257791653275489807e-02,4.808844923973083496e-01,5.316454451531171799e-03
1.116086542606353760e-02,2.106521606445312500e+00,3.994030132889747620e-02
1.341372877359390259e-01,2.798305511474609375e+00,2.381637925282120705e-03
2.218601703643798828e-01,1.919032335281372070e+00,7.269532885402441025e-03
2.083013206720352173e-01,3.044089317321777344e+00,1.154140196740627289e-02
1.516819745302200317e-01,1.153964161872863770e+00,9.478302672505378723e-03
1.594259440898895264e-01,2.169433683156967163e-01,9.577618911862373352e-03
1.042508035898208618e-01,4.614063262939453125e+00,5.949177779257297516e-03
3.941024839878082275e-01,1.788451194763183594e+00,5.997837055474519730e-03
1.107318252325057983e-01,6.524781584739685059e-01,1.006021536886692047e-02
1.694340407848358154e-01,3.097666263580322266e+00,2.414685301482677460e-02
1.888463795185089111e-01,3.413057565689086914e+00,4.065707698464393616e-02
9.301627427339553833e-02,3.018142700195312500e+00,2.592404186725616455e-02
8.997378498315811157e-02,4.857490539550781250e+00,7.851548492908477783e-03
3.618316650390625000e-01,1.988513112068176270e+00,7.218107581138610840e-03
1.338743418455123901e-01,4.702140808105468750e+00,1.343829184770584106e-02
4.941485226154327393e-01,2.342664264142513275e-02,5.148708354681730270e-03
2.624414265155792236e-01,3.221344053745269775e-01,1.693519949913024902e-02
1.742367595434188843e-01,4.967373847961425781e+00,2.016427554190158844e-02
6.831096112728118896e-02,1.902632713317871094e-01,6.538722664117813110e-03
1.075176801532506943e-02,4.856145381927490234e+00,6.482277996838092804e-03
2.937433719635009766e-01,4.075820922851562500e+00,2.492662891745567322e-02
2.089440822601318359e-01,2.038265466690063477e+00,2.367506362497806549e-02
2.189277261495590210e-01,6.926912814378738403e-02,1.026478875428438187e-02
3.548563420772552490e-01,4.332832336425781250e+00,3.097338136285543442e-03
1.919190585613250732e-01,4.711152553558349609e+00,8.972913026809692383e-03
3.667445480823516846e-01,2.467108964920043945e+00,4.416617564857006073e-03
4.323698878288269043e-01,3.362082481384277344e+00,1.709638908505439758e-02
4.475702047348022461e-01,4.830972671508789062e+00,6.863049231469631195e-03
1.939560174942016602e-01,4.968780994415283203e+00,6.289280019700527191e-03
2.275643348693847656e-01,1.253060460090637207e+00,1.421448308974504471e-02
1.134276166558265686e-01,1.853098869323730469e+00,3.663526615127921104e-03
3.178148269653320312e-01,3.258835554122924805e+00,1.289658620953559875e-02
2.552442550659179688e-01,1.995735764503479004e+00,1.116134785115718842e-02
2.231229841709136963e-01,3.265533685684204102e+00,2.657325752079486847e-02
3.198727667331695557e-01,1.841684818267822266e+00,5.594221875071525574e-03
1.051725223660469055e-01,3.311752319335937500e+00,1.167723815888166428e-02
3.873332440853118896e-01,3.695481419563293457e-01,3.046082146465778351e-02
2.788107097148895264e-01,3.425361633300781250e+00,2.280549705028533936e-02
1.093198135495185852e-01,7.177213430404663086e-01,9.229525923728942871e-03
2.095761895179748535e-01,3.964771270751953125e+00,2.411647886037826538e-02
3.242906630039215088e-01,3.454834699630737305e+00,1.895117573440074921e-02
3.313091099262237549e-01,2.686993122100830078e+00,1.014734152704477310e-02
2.563904523849487305e-01,3.877446949481964111e-01,3.428430855274200439e-02
5.308766290545463562e-02,1.908114433288574219e+00,1.329548936337232590e-02
2.145532667636871338e-01,3.898812532424926758e+00,7.817487232387065887e-03
9.848377853631973267e-02,7.164508104324340820e-01,1.681534387171268463e-02
3.613677024841308594e-01,2.280429840087890625e+00,9.211189113557338715e-03
1.633757650852203369e-01,3.145848035812377930e+00,8.186887018382549286e-03
4.171655047684907913e-03,4.704477488994598389e-01,2.240393124520778656e-02
3.251219987869262695e-01,3.149601459503173828e+00,2.776494715362787247e-03
3.207792937755584717e-01,8.800570964813232422e-01,1.776568405330181122e-02
1.361466646194458008e-01,3.061625242233276367e+00,8.394431322813034058e-03
3.003038763999938965e-01,4.781017780303955078e+00,2.257797680795192719e-02
2.925598323345184326e-01,4.252076148986816406e-01,1.644512452185153961e-02
6.995879113674163818e-03,3.128885984420776367e+00,2.085958980023860931e-02
4.030812680721282959e-01,4.004571437835693359e+00,5.276553798466920853e-03
1.978861540555953979e-01,2.987902164459228516e+00,8.691278100013732910e-02
2.532176971435546875e-01,4.321307182312011719e+00,6.934142671525478363e-03
6.751499176025390625e-01,4.775454998016357422e+00,2.077087759971618652e-02
2.817241549491882324e-01,1.950784206390380859e+00,7.316655479371547699e-03
3.262903988361358643e-01,5.117778778076171875e-01,7.161048240959644318e-03
4.304525256156921387e-01,5.957393050193786621e-01,1.991094090044498444e-02
1.765398681163787842e-01,4.485043048858642578e+00,9.626072831451892853e-03
1.267273277044296265e-01,4.008376598358154297e+00,2.620816044509410858e-02
3.938998579978942871e-01,4.018385410308837891e+00,6.530937273055315018e-03
4.863337874412536621e-01,4.809618949890136719e+00,3.408245043829083443e-03
9.435278922319412231e-02,3.458896577358245850e-01,2.403017319738864899e-02
3.432644605636596680e-01,4.100958347320556641e+00,5.044475197792053223e-03
2.579227089881896973e-01,3.342080712318420410e-01,9.375042282044887543e-03
9.023731201887130737e-02,3.003420829772949219e+00,7.754178717732429504e-03
6.791513413190841675e-02,4.701755642890930176e-01,5.078587681055068970e-03
3.000101745128631592e-01,4.970369815826416016e+00,1.228132937103509903e-02
1.179643496870994568e-01,4.344817399978637695e-01,1.340494770556688309e-02
3.619461953639984131e-01,3.359231054782867432e-01,2.264707349240779877e-02
3.918930143117904663e-02,5.625969171524047852e-01,1.790423505008220673e-02
1.547695845365524292e-01,3.756175756454467773e+00,7.916597649455070496e-03
2.962654829025268555e-01,3.012868165969848633e+00,9.163809940218925476e-03
2.406265288591384888e-01,2.933089256286621094e+00,9.327305480837821960e-03
2.727460563182830811e-01,3.992309331893920898e+00,4.905396699905395508e-02
4.531073197722434998e-02,2.468064308166503906e+00,2.468399889767169952e-02
1.257988810539245605e-01,4.253266811370849609e+00,1.681918511167168617e-03
6.809079647064208984e-02,2.657573819160461426e-01,7.462530396878719330e-03
2.222262471914291382e-01,2.994768381118774414e+00,1.143353246152400970e-02
3.517243862152099609e-01,4.867442131042480469e+00,1.145181804895401001e-02
1.632099151611328125e-01,3.772022724151611328e+00,5.131907761096954346e-03
9.089671075344085693e-03,6.221610903739929199e-01,2.955596521496772766e-02
2.932457029819488525e-01,3.230056047439575195e+00,7.238867133855819702e-02
1.879121512174606323e-01,1.811527371406555176e+00,3.532961010932922363e-02
4.265154004096984863e-01,2.489374876022338867e+00,3.199732676148414612e-02
3.023369237780570984e-02,5.089187026023864746e-01,1.487547997385263443e-02
2.218457311391830444e-01,3.917402267456054688e+00,2.343909256160259247e-02
4.362953901290893555e-01,4.094377994537353516e+00,7.498128688894212246e-04
9.156864136457443237e-02,3.591455221176147461e+00,3.824562998488545418e-03
7.928124070167541504e-02,1.791707754135131836e+00,2.501283399760723114e-02
8.876691013574600220e-02,1.403636336326599121e+00,5.832395516335964203e-03
4.006522893905639648e-01,4.009643793106079102e-01,5.371977109462022781e-03
3.728204965591430664e-01,3.726543426513671875e+00,1.846540370024740696e-03
2.005513310432434082e-01,4.578205108642578125e+00,1.429223548620939255e-02
1.568042933940887451e-01,4.398703575134277344e+00,1.824930496513843536e-02
2.118631266057491302e-02,5.282421708106994629e-01,6.874420214444398880e-03
3.139200508594512939e-01,1.512636303901672363e+00,4.463381599634885788e-03
3.446109890937805176e-01,1.770290493965148926e+00,1.777121610939502716e-02
2.484484016895294189e-01,1.687817931175231934e+00,6.868217140436172485e-02
3.375499248504638672e-01,1.858794331550598145e+00,9.159508161246776581e-03
2.777877151966094971e-01,3.548446178436279297e+00,1.239017234183847904e-03
3.913620114326477051e-01,3.907345294952392578e+00,1.140310708433389664e-02
2.628647387027740479e-01,5.045797228813171387e-01,1.152890454977750778e-02
1.022610515356063843e-01,4.898519992828369141e+00,1.756029017269611359e-02
9.346427768468856812e-02,3.452390432357788086e+00,4.169059917330741882e-02
3.011961281299591064e-01,2.254361510276794434e-01,8.527296595275402069e-03
2.212367951869964600e-01,4.212361812591552734e+00,2.125741727650165558e-02
1.743869930505752563e-01,4.855047225952148438e+00,1.365003641694784164e-02
4.095612168312072754e-01,3.966033458709716797e+00,2.060082554817199707e-02
4.805691242218017578e-01,4.896521568298339844e+00,1.670306921005249023e-02
1.289201825857162476e-01,4.801797866821289062e+00,6.610430777072906494e-03
8.888615667819976807e-02,7.284942269325256348e-01,2.585678920149803162e-02
9.779376536607742310e-02,4.524341523647308350e-01,2.261372841894626617e-02
6.751388311386108398e-03,2.446301221847534180e+00,4.970359150320291519e-03
1.842305511236190796e-01,3.925164461135864258e+00,8.067389950156211853e-03
5.092558264732360840e-01,1.668156147003173828e+00,8.681776933372020721e-03
3.509134426712989807e-02,4.766166687011718750e+00,1.711682602763175964e-02
4.449599385261535645e-01,2.099362134933471680e+00,2.065342850983142853e-02
1.180308982729911804e-01,6.391743421554565430e-01,7.607073988765478134e-03
1.728907041251659393e-02,4.773150920867919922e+00,1.987380534410476685e-02
6.599486619234085083e-02,2.686150074005126953e+00,5.242569372057914734e-02
3.011240363121032715e-01,1.936787128448486328e+00,6.650741212069988251e-03
6.910092830657958984e-01,1.711409926414489746e+00,3.282314911484718323e-02
2.118835449218750000e-01,3.734952211380004883e+00,2.366763725876808167e-02
2.554519474506378174e-01,1.806766033172607422e+00,1.681944169104099274e-02
3.337903916835784912e-01,2.033069849014282227e+00,5.355381872504949570e-03
3.187208473682403564e-01,3.148235678672790527e-01,2.211238630115985870e-02
1.049558818340301514e-01,4.059277057647705078e+00,1.352567318826913834e-02
7.355829477310180664e-01,1.755836725234985352e+00,6.516902707517147064e-03
6.555281281471252441e-01,4.371749162673950195e-01,1.714223064482212067e-02
9.427882432937622070e-01,4.471458435058593750e+00,6.583181675523519516e-03
3.202570378780364990e-01,1.793208837509155273e+00,8.671327494084835052e-03
3.588121533393859863e-01,2.741816043853759766e-01,2.855189517140388489e-02
3.827612698078155518e-01,4.736107826232910156e+00,1.983462274074554443e-02
8.191000670194625854e-02,2.508469521999359131e-01,7.013073191046714783e-03
7.462144494056701660e-01,3.973951339721679688e-01,1.349104847759008408e-02
9.790001809597015381e-02,4.496282935142517090e-01,6.015354301780462265e-03
9.333999454975128174e-02,1.801357150077819824e+00,1.622620783746242523e-02
2.868909835815429688e-01,3.821985960006713867e+00,1.000331016257405281e-03
6.888059377670288086e-01,2.361232757568359375e+00,1.163528859615325928e-02
3.410901427268981934e-01,4.095720767974853516e+00,1.021070033311843872e-02
3.317472040653228760e-01,4.066509723663330078e+00,2.557354047894477844e-02
2.348181605339050293e-01,3.505472898483276367e+00,6.914576515555381775e-03
3.074942529201507568e-01,1.998164415359497070e+00,5.123405251652002335e-03
2.215984761714935303e-01,1.964684724807739258e+00,9.747874923050403595e-03
2.396068423986434937e-01,5.887864828109741211e-01,1.018995605409145355e-02
3.197846710681915283e-01,4.762161254882812500e+00,2.175492048263549805e-02
2.082611024379730225e-01,3.092821836471557617e+00,4.053537920117378235e-02
1.744034290313720703e-01,3.957622051239013672e+00,3.512990428134799004e-03
2.336798608303070068e-01,1.830114603042602539e+00,2.263447269797325134e-02
3.216299116611480713e-01,4.867682933807373047e+00,2.169412188231945038e-02
4.247718751430511475e-01,3.480022251605987549e-01,7.313377223908901215e-03
2.341726571321487427e-01,4.249808788299560547e+00,7.354046218097209930e-03
9.173239022493362427e-02,5.624452605843544006e-02,9.917413815855979919e-03
4.327411949634552002e-01,4.227412700653076172e+00,1.581962220370769501e-02
3.936819136142730713e-01,1.798678636550903320e+00,1.238960865885019302e-02
2.886893451213836670e-01,4.641129970550537109e+00,8.065084926784038544e-03
6.281166672706604004e-01,4.043729782104492188e+00,6.498873233795166016e-03
2.720313966274261475e-01,4.356084346771240234e+00,4.342501983046531677e-03
1.769613623619079590e-01,4.659769058227539062e+00,4.623700864613056183e-03
8.996131271123886108e-02,3.937975168228149414e-01,1.146011520177125931e-02
1.310634911060333252e-01,3.726757049560546875e+00,2.541650086641311646e-03
3.957563936710357666e-01,1.633280754089355469e+00,2.952902205288410187e-02
7.903336286544799805e-01,3.935448169708251953e+00,1.451115030795335770e-02
4.521006941795349121e-01,1.732188344001770020e+00,6.048698909580707550e-03
4.164384007453918457e-01,1.420432448387145996e+00,2.792419120669364929e-02
2.850653231143951416e-02,1.152897238731384277e+00,2.656275779008865356e-02
3.284639418125152588e-01,4.664197444915771484e+00,1.615946879610419273e-03
8.729182481765747070e-01,3.865080475807189941e-01,1.524057798087596893e-02
1.285253912210464478e-01,3.716971278190612793e-01,9.789362549781799316e-03
8.159557729959487915e-02,1.735701918601989746e+00,1.758088171482086182e-02
2.075357735157012939e-01,1.313314914703369141e+00,7.209809962660074234e-03
8.385532535612583160e-03,3.624661922454833984e+00,4.194577690213918686e-03
9.382695555686950684e-01,1.570776253938674927e-01,6.620823591947555542e-02
1.969690620899200439e-02,4.158246994018554688e+00,8.289993274956941605e-04
2.194974571466445923e-01,4.699377417564392090e-01,1.993721537292003632e-02
1.409477144479751587e-01,1.709570288658142090e+00,3.397980332374572754e-02
3.408292829990386963e-01,2.103559255599975586e+00,3.209510585293173790e-03
1.775143742561340332e-01,4.822012424468994141e+00,1.703415624797344208e-02
4.449302852153778076e-01,3.926372528076171875e+00,1.691711880266666412e-02
1.887421011924743652e-01,2.307277202606201172e+00,2.402909845113754272e-02
3.976820409297943115e-01,3.656373739242553711e+00,2.117367275059223175e-02
4.393305480480194092e-01,3.377102911472320557e-01,7.310099434107542038e-03
3.394996523857116699e-01,1.835149407386779785e+00,8.598851040005683899e-03
2.698246836662292480e-01,4.683360099792480469e+00,3.305804450064897537e-03
2.186492383480072021e-01,4.375914573669433594e+00,1.924722827970981598e-02
3.871317505836486816e-01,4.729782104492187500e+00,3.516580909490585327e-02
1.376401484012603760e-01,4.896953582763671875e+00,2.003934979438781738e-02
3.665232062339782715e-01,2.782514572143554688e+00,1.702099223621189594e-03
1.897930651903152466e-01,3.978583574295043945e+00,3.968491684645414352e-03
4.127667844295501709e-01,4.371009826660156250e+00,1.611767336726188660e-02
4.077185690402984619e-02,2.512682437896728516e+00,7.756432052701711655e-03
1.222099810838699341e-01,2.566552639007568359e+00,1.541703194379806519e-02
2.656238079071044922e-01,2.373063087463378906e+00,7.578328996896743774e-02
4.262737929821014404e-02,1.000072956085205078e-01,3.041672147810459137e-02
6.039962545037269592e-02,2.001102447509765625e+00,7.716378197073936462e-03
3.395527005195617676e-01,3.644408226013183594e+00,1.200714707374572754e-02
2.475678324699401855e-01,4.585066318511962891e+00,1.916476339101791382e-02
2.960179448127746582e-01,5.153772234916687012e-01,2.049833349883556366e-02
7.351018190383911133e-01,4.093410491943359375e+00,2.925309911370277405e-02
3.238945305347442627e-01,1.809615731239318848e+00,3.477392252534627914e-03
3.667152523994445801e-01,1.865833878517150879e+00,2.377740107476711273e-02
9.796290099620819092e-02,4.876844882965087891e+00,2.571613900363445282e-02
1.518952548503875732e-01,3.386070013046264648e+00,2.665326371788978577e-02
3.107055723667144775e-01,4.431345462799072266e-01,1.544305123388767242e-02
2.752794921398162842e-01,4.056639373302459717e-01,1.302786450833082199e-02
1.792805790901184082e-01,2.398874998092651367e+00,1.983508281409740448e-02
2.876969575881958008e-01,3.399508953094482422e+00,1.184913329780101776e-02
1.703950464725494385e-01,2.410342693328857422e+00,4.014620557427406311e-02
2.730120718479156494e-01,4.269388675689697266e+00,3.318481519818305969e-02
3.200460374355316162e-01,1.857752919197082520e+00,2.254319936037063599e-02
1.661008298397064209e-01,4.791004657745361328e+00,5.380121059715747833e-03
1.302560120820999146e-01,5.070539116859436035e-01,1.349780987948179245e-02
2.805768847465515137e-01,1.811466693878173828e+00,1.100164279341697693e-02
3.316907584667205811e-01,4.661155700683593750e+00,1.436921954154968262e-02
1.528217047452926636e-01,3.844522833824157715e-01,1.376978866755962372e-02
3.343996703624725342e-01,4.835506439208984375e+00,1.690267398953437805e-02
4.221545159816741943e-01,3.903681278228759766e+00,1.265595387667417526e-02
4.943849742412567139e-01,2.311801910400390625e+00,2.257331646978855133e-02
1.392781287431716919e-01,7.308073043823242188e-01,2.007243782281875610e-02
2.246537506580352783e-01,4.687409877777099609e+00,2.433329448103904724e-02
2.897916734218597412e-01,2.546441316604614258e+00,1.512840576469898224e-02
2.599944472312927246e-01,3.847898483276367188e+00,1.625238172709941864e-02
2.155967950820922852e-01,4.254621028900146484e+00,2.064467035233974457e-02
1.356338411569595337e-01,5.383887887001037598e-01,3.819676488637924194e-02
6.269209980964660645e-01,4.937063694000244141e+00,2.147525735199451447e-02
3.555084764957427979e-01,1.099271893501281738e+00,8.754611946642398834e-03
3.398503959178924561e-01,3.123090744018554688e+00,2.390540018677711487e-02
1.918871700763702393e-01,4.137097835540771484e+00,6.412003654986619949e-03
1.918412894010543823e-01,4.267481327056884766e+00,8.848652243614196777e-03
2.656130790710449219e-01,4.742643833160400391e+00,3.637352958321571350e-03
8.214169144630432129e-01,2.455574512481689453e+00,1.453097257763147354e-02
9.793084114789962769e-03,2.505456924438476562e+00,2.721939980983734131e-02
4.377454519271850586e-02,4.225923538208007812e+00,2.509739715605974197e-03
4.474461674690246582e-01,1.886889576911926270e+00,3.894171211868524551e-03
2.075113207101821899e-01,4.443020343780517578e+00,6.753335241228342056e-03
1.061307564377784729e-01,3.190382480621337891e+00,9.601794183254241943e-03
5.538569390773773193e-02,1.910926938056945801e+00,1.890932954847812653e-02
1.623929291963577271e-01,1.709488153457641602e+00,6.382808089256286621e-03
4.716456234455108643e-01,1.955384373664855957e+00,1.100266724824905396e-02
2.947559058666229248e-01,2.056431293487548828e+00,5.912862718105316162e-03
2.442998737096786499e-01,4.064218521118164062e+00,2.406782098114490509e-02
6.099226325750350952e-02,5.615456104278564453e-01,4.419947043061256409e-03
2.055824100971221924e-01,4.746852397918701172e+00,8.693352341651916504e-03
2.760413587093353271e-01,3.917444229125976562e+00,1.086882874369621277e-02
2.188803851604461670e-01,2.915161371231079102e+00,2.143889106810092926e-02
1.625275760889053345e-01,1.941616415977478027e+00,6.830011960119009018e-03
1.430368870496749878e-01,4.018970966339111328e+00,8.594384789466857910e-02
1.877018362283706665e-01,2.768796205520629883e+00,3.047408722341060638e-02
2.053762674331665039e-01,3.497408390045166016e+00,1.765412651002407074e-02
7.880182564258575439e-02,3.610366106033325195e+00,7.349677383899688721e-02
2.639470994472503662e-01,4.095959186553955078e+00,1.057743746787309647e-02
9.354108572006225586e-02,3.168685674667358398e+00,6.687312386929988861e-03
2.424271702766418457e-01,4.966031551361083984e+00,1.616843231022357941e-02
6.456198543310165405e-02,3.895524501800537109e+00,3.866230696439743042e-02
2.973504066467285156e-01,4.758053779602050781e+00,2.299660071730613708e-02
6.945111155509948730e-01,2.984806776046752930e+00,1.246915385127067566e-02
3.784641921520233154e-01,4.576130867004394531e+00,8.143861778080463409e-03
1.735162734985351562e-01,1.902962803840637207e+00,1.064596977084875107e-02
1.431148052215576172e-01,4.345198154449462891e+00,5.348467268049716949e-03
3.109778463840484619e-01,4.416646003723144531e+00,8.714096620678901672e-04
1.000958085060119629e-01,3.932655572891235352e+00,2.926160115748643875e-03
3.846243321895599365e-01,4.673519134521484375e+00,8.102117106318473816e-03
3.513761758804321289e-01,1.273836046457290649e-01,5.755463149398565292e-03
2.607319056987762451e-01,1.858766317367553711e+00,1.876027882099151611e-02
1.567143201828002930e-01,3.962316274642944336e+00,9.119505062699317932e-03
2.307393151568248868e-04,3.479011297225952148e+00,1.882891356945037842e-02
3.948218524456024170e-01,4.661043167114257812e+00,1.486528757959604263e-02
3.110995590686798096e-01,1.871326804161071777e+00,1.868237182497978210e-02
3.306154310703277588e-01,3.274894714355468750e+00,6.362217944115400314e-03
1.358264982700347900e-01,4.962813854217529297e+00,1.509915851056575775e-02
2.591948211193084717e-01,1.884951353073120117e+00,8.560179732739925385e-03
2.219391167163848877e-01,6.577990204095840454e-02,9.340263903141021729e-03
3.650681078433990479e-01,4.968664646148681641e+00,2.279761014506220818e-03
2.481075078248977661e-01,1.923817873001098633e+00,8.199435658752918243e-03
2.305360734462738037e-01,4.125174999237060547e+00,1.398942153900861740e-02
1.269473582506179810e-01,3.384187459945678711e+00,6.128243636339902878e-03
7.938925176858901978e-02,3.285048902034759521e-01,8.337781764566898346e-03
1.623399704694747925e-01,2.309480190277099609e+00,8.496513590216636658e-03
2.226685881614685059e-01,4.654178619384765625e+00,8.867808617651462555e-03
3.172147870063781738e-01,2.699606180191040039e+00,4.911046475172042847e-03
3.593889474868774414e-01,4.736848831176757812e+00,1.858500204980373383e-02
6.772210597991943359e-01,4.601860523223876953e+00,6.689822301268577576e-03
6.946489959955215454e-02,9.290740489959716797e-01,1.889575459063053131e-02
6.237097382545471191e-01,2.235877275466918945e+00,1.050936523824930191e-02
2.683628499507904053e-01,4.133650779724121094e+00,6.386946886777877808e-02
1.380381882190704346e-01,8.670842647552490234e-01,5.031208973377943039e-03
1.871194541454315186e-01,4.618306636810302734e+00,2.091086097061634064e-02
1.624586135149002075e-01,1.985986709594726562e+00,2.947196364402770996e-02
2.800405025482177734e-01,3.923635721206665039e+00,9.614958427846431732e-03
2.170908451080322266e-01,2.872299551963806152e-01,3.737667948007583618e-02
3.122794032096862793e-01,2.075082540512084961e+00,2.389607951045036316e-02
1.503932476043701172e-01,3.155128002166748047e+00,7.387134246528148651e-03
5.645062308758497238e-03,2.807785034179687500e+00,8.116597682237625122e-02
1.588601469993591309e-01,4.842649459838867188e+00,1.056668069213628769e-02
2.975673675537109375e-01,4.683846473693847656e+00,5.806631874293088913e-03
3.482760190963745117e-01,4.669276237487792969e+00,1.170284766703844070e-02
1.527531296014785767e-01,3.932063579559326172e+00,1.572512090206146240e-03
1.290575265884399414e-01,1.317203879356384277e+00,2.639393508434295654e-02
8.802059106528759003e-03,7.254915833473205566e-01,4.921239335089921951e-03
2.245892882347106934e-01,3.417258501052856445e+00,9.330225177109241486e-03
2.891018390655517578e-01,4.838894844055175781e+00,1.973694562911987305e-02
3.012946248054504395e-01,4.774705410003662109e+00,2.100234106183052063e-02
4.340599775314331055e-01,3.008197307586669922e+00,9.718781337141990662e-03
3.213011324405670166e-01,1.811802983283996582e-01,2.639081142842769623e-02
4.694960713386535645e-01,1.354895353317260742e+00,1.466353051364421844e-02
1.587569117546081543e-01,3.224511861801147461e+00,1.958005689084529877e-02
1.522368788719177246e-01,4.045679092407226562e+00,7.164736278355121613e-03
2.736279368400573730e-01,2.651609182357788086e+00,4.384502302855253220e-03
1.752001792192459106e-02,4.025606632232666016e+00,1.982504315674304962e-02
7.962306588888168335e-02,1.829132795333862305e+00,1.975748501718044281e-02
3.438480198383331299e-01,4.859756946563720703e+00,8.933678269386291504e-03
2.521875798702239990e-01,4.525464773178100586e-01,8.269535750150680542e-02
4.046642482280731201e-01,4.380443572998046875e+00,1.184677705168724060e-02
3.615890145301818848e-01,2.172308683395385742e+00,1.788722909986972809e-02
2.177443057298660278e-01,4.610943317413330078e+00,1.261379942297935486e-02
3.902139961719512939e-01,4.562901020050048828e+00,1.674850122071802616e-03
2.431336045265197754e-01,1.964616656303405762e+00,7.906917482614517212e-03
1.204566359519958496e-01,3.066313505172729492e+00,8.976497687399387360e-03
4.878349974751472473e-02,3.917277097702026367e+00,6.378813181072473526e-03
2.440902590751647949e-02,3.115757703781127930e+00,5.366086959838867188e-03
3.856575787067413330e-01,1.829801321029663086e+00,1.387776155024766922e-02
4.779278039932250977e-01,4.185441017150878906e+00,9.205811074934899807e-04
3.400017023086547852e-01,1.700863242149353027e+00,3.783842781558632851e-03
2.448312193155288696e-01,4.193637371063232422e-01,7.719041313976049423e-03
1.718888282775878906e-01,1.939827919006347656e+00,1.646356284618377686e-02
6.812338251620531082e-03,4.734621047973632812e+00,1.823311857879161835e-02
2.014981657266616821e-01,1.289186954498291016e+00,3.346852213144302368e-02
1.021725609898567200e-01,5.511028766632080078e-01,5.182539299130439758e-02
1.240945979952812195e-01,2.179054498672485352e+00,2.275463566184043884e-02
3.184250593185424805e-01,2.724291801452636719e+00,4.605640470981597900e-02
1.441511511802673340e-01,3.069788217544555664e+00,1.422795350663363934e-03
5.187047123908996582e-01,2.751763582229614258e+00,2.263590693473815918e-02
9.862581640481948853e-02,8.339196443557739258e-01,6.493116170167922974e-02
2.524201571941375732e-01,2.175708055496215820e+00,5.953839048743247986e-03
2.278270125389099121e-01,1.877551913261413574e+00,2.259769663214683533e-02
3.587266504764556885e-01,1.669419527053833008e+00,1.099944114685058594e-02
8.889561891555786133e-02,3.918773233890533447e-01,2.557517960667610168e-02
2.440293729305267334e-01,4.108905315399169922e+00,3.148353425785899162e-03
4.429542124271392822e-01,2.555359840393066406e+00,8.367284201085567474e-03
9.455098211765289307e-02,3.880321085453033447e-01,5.252818390727043152e-02
1.610451638698577881e-01,4.189930558204650879e-01,9.202276356518268585e-03
2.649694085121154785e-01,4.609946310520172119e-01,8.955497294664382935e-03
2.334378063678741455e-01,2.881091117858886719e+00,5.787424277514219284e-03
6.788956373929977417e-02,3.118868112564086914e+00,5.343821272253990173e-02
8.405831456184387207e-02,7.516191005706787109e-01,7.413717918097972870e-03
3.378065824508666992e-01,1.924197316169738770e+00,1.222549937665462494e-02
3.599008023738861084e-01,4.252908825874328613e-01,6.263106595724821091e-03
3.118362426757812500e-01,1.086692929267883301e+00,2.395477704703807831e-02
2.446334809064865112e-01,4.304185867309570312e+00,7.598161697387695312e-03
1.136878654360771179e-01,2.985956192016601562e+00,1.990986429154872894e-02
1.891102790832519531e-01,2.601005434989929199e-01,1.421110238879919052e-02
8.158279210329055786e-02,3.462528944015502930e+00,1.710448181256651878e-03
2.687975764274597168e-01,2.841810703277587891e+00,1.472991239279508591e-02
9.716591984033584595e-02,8.575993776321411133e-01,1.057938393205404282e-02
2.246147543191909790e-01,4.853950023651123047e+00,1.733707264065742493e-02
1.694486290216445923e-01,4.287504196166992188e+00,1.283153705298900604e-02
1.369090974330902100e-01,4.716082096099853516e+00,1.092317420989274979e-02
7.375044375658035278e-02,2.138961791992187500e+00,1.927555352449417114e-02
7.937269657850265503e-02,1.959769010543823242e+00,1.350006368011236191e-02
1.327474266290664673e-01,8.058955669403076172e-01,5.798021703958511353e-02
3.633497655391693115e-01,4.734322547912597656e+00,2.185433730483055115e-02
3.564530014991760254e-01,3.351678371429443359e+00,1.999340578913688660e-02
3.626213073730468750e-01,2.821485519409179688e+00,2.255165018141269684e-02
2.622101604938507080e-01,4.262677669525146484e+00,2.880369313061237335e-03
6.232722103595733643e-02,2.906237363815307617e+00,5.593473836779594421e-02
3.709859251976013184e-01,3.987599372863769531e+00,1.898544281721115112e-02
2.855256795883178711e-01,4.713843345642089844e+00,1.833054050803184509e-02
7.551266998052597046e-02,5.281957983970642090e-01,2.543473429977893829e-02
2.105612009763717651e-01,2.900740861892700195e+00,1.223763823509216309e-02
2.140901088714599609e-01,1.855722188949584961e+00,1.788999512791633606e-02
2.027304023504257202e-01,4.267522335052490234e+00,1.166699361056089401e-02
3.070597946643829346e-01,2.157715320587158203e+00,5.676225293427705765e-03
4.330118298530578613e-01,4.323970377445220947e-01,2.327882312238216400e-02
1.281417608261108398e-01,2.083560228347778320e+00,7.015275768935680389e-03
7.979153841733932495e-02,1.866950869560241699e+00,1.557023078203201294e-02
9.380778074264526367e-01,1.564904332160949707e+00,2.928004134446382523e-03
1.491646021604537964e-01,5.438949465751647949e-01,2.476912736892700195e-02
6.974118202924728394e-02,5.263703465461730957e-01,7.808661460876464844e-02
1.742410361766815186e-01,3.509520530700683594e+00,1.046014297753572464e-02
2.161277234554290771e-01,2.646506547927856445e+00,3.376129781827330589e-03
9.840326756238937378e-02,2.949645996093750000e+00,4.594300407916307449e-03
1.120811551809310913e-01,1.937852978706359863e+00,6.907405797392129898e-03
4.101891219615936279e-01,3.673858404159545898e+00,4.575758706778287888e-03
2.676332294940948486e-01,3.181887149810791016e+00,5.013999063521623611e-03
1.441033035516738892e-01,2.478705883026123047e+00,2.367613837122917175e-02
1.091022789478302002e-01,2.004397630691528320e+00,1.480469387024641037e-02
5.884391441941261292e-02,4.295296669006347656e+00,5.863537546247243881e-03
2.800423800945281982e-01,4.710214138031005859e+00,1.608422584831714630e-02
1.665255725383758545e-01,4.300019741058349609e+00,4.364731255918741226e-03
4.514249786734580994e-02,1.209471225738525391e-01,7.325670216232538223e-03
2.405022978782653809e-01,2.954255819320678711e+00,5.739891901612281799e-03
2.466107457876205444e-01,1.593526482582092285e+00,4.619091283529996872e-03
1.906266808509826660e-02,6.613542437553405762e-01,6.322086602449417114e-02
3.086487650871276855e-01,1.177323222160339355e+00,8.266790769994258881e-03
1.585477888584136963e-01,1.642020225524902344e+00,6.374459248036146164e-03
6.637351959943771362e-02,3.863719701766967773e-01,8.204455487430095673e-03
2.268673926591873169e-01,1.831640005111694336e+00,1.684162020683288574e-02
1.193506866693496704e-01,3.197833538055419922e+00,1.754272170364856720e-02
7.266975194215774536e-02,4.850779846310615540e-02,5.890581756830215454e-03
2.994593977928161621e-01,4.770263671875000000e+00,8.062627166509628296e-03
2.932400107383728027e-01,8.195236921310424805e-01,5.711106117814779282e-03
1.570109575986862183e-01,4.208948135375976562e+00,4.248512908816337585e-03
3.313532769680023193e-01,4.577927112579345703e+00,1.558554638177156448e-02
3.142702281475067139e-01,4.677316665649414062e+00,2.111036516726016998e-02
4.025502502918243408e-02,3.081267118453979492e+00,5.312971305102109909e-03
2.533611953258514404e-01,4.709537029266357422e+00,2.235327474772930145e-02
2.436974495649337769e-01,1.632643043994903564e-01,9.723186492919921875e-03
1.528408527374267578e-01,4.811085700988769531e+00,1.007168926298618317e-02
1.457037627696990967e-01,4.694185256958007812e+00,4.451908171176910400e-03
2.854149937629699707e-01,4.236988544464111328e+00,7.417610380798578262e-03
4.424165189266204834e-01,4.722332000732421875e+00,2.085656858980655670e-02
2.895869910717010498e-01,4.519549012184143066e-01,6.689924746751785278e-03
1.055955737829208374e-01,3.395224809646606445e+00,2.593464404344558716e-02
2.508894205093383789e-01,3.268522024154663086e+00,1.805615425109863281e-02
2.576801478862762451e-01,2.306911468505859375e+00,6.336812395602464676e-03
2.638932466506958008e-01,6.961582899093627930e-01,1.407070830464363098e-02
8.401519656181335449e-01,4.461984157562255859e+00,2.007074654102325439e-02
3.850388824939727783e-01,1.845212697982788086e+00,3.291411558166146278e-03
1.931304335594177246e-01,4.126774787902832031e+00,2.714287675917148590e-02
3.138569295406341553e-01,3.749266862869262695e+00,1.100154034793376923e-02
4.365925192832946777e-01,1.548296928405761719e+00,2.785063907504081726e-02
3.822135627269744873e-01,1.890796899795532227e+00,1.553406938910484314e-03
2.029841840267181396e-01,3.158814191818237305e+00,3.786147804930806160e-03
9.380845725536346436e-02,4.034491539001464844e+00,2.355464501306414604e-03
5.436149984598159790e-02,2.260306596755981445e+00,5.109780933707952499e-03
1.535568088293075562e-01,1.450682640075683594e+00,7.203510031104087830e-03
5.583853274583816528e-02,3.632155179977416992e+00,8.667333051562309265e-03
1.575182527303695679e-01,4.651077747344970703e+00,1.712645590305328369e-02
6.141124293208122253e-02,1.875807404518127441e+00,1.140986848622560501e-02
3.458304703235626221e-02,4.775964260101318359e+00,1.751127280294895172e-02
1.686155349016189575e-01,2.115985631942749023e+00,1.801010593771934509e-02
1.516762673854827881e-01,3.331495046615600586e+00,4.328467417508363724e-03
3.376882076263427734e-01,4.209992408752441406e+00,2.491008490324020386e-02
1.021170765161514282e-01,1.880602121353149414e+00,3.965270146727561951e-02
3.556463122367858887e-01,1.823968887329101562e+00,3.871685592457652092e-03
6.007255613803863525e-02,3.090653896331787109e+00,1.115048956125974655e-02
6.067044660449028015e-02,2.237290859222412109e+00,3.305702004581689835e-03
4.975897073745727539e-01,4.327022552490234375e+00,2.132297959178686142e-04
3.205714821815490723e-01,4.608967781066894531e+00,7.918083108961582184e-03
7.269384264945983887e-01,1.778273582458496094e+00,3.163412213325500488e-03
1.656503044068813324e-02,4.523018002510070801e-01,7.057583425194025040e-03
1.971570700407028198e-01,3.434843063354492188e+00,1.694155111908912659e-02
1.033387333154678345e-01,2.750576257705688477e+00,3.469606861472129822e-03
1.685933172702789307e-01,4.835400104522705078e+00,4.348289687186479568e-03
6.355898976325988770e-01,4.343769550323486328e+00,3.513758536428213120e-03
4.909649491310119629e-01,1.748556017875671387e+00,1.529620308429002762e-02
3.573581874370574951e-01,1.751766920089721680e+00,3.865600749850273132e-02
4.047353565692901611e-01,4.084596633911132812e+00,3.896076604723930359e-02
7.620720565319061279e-02,4.884489059448242188e+00,2.265583164989948273e-02
3.070919774472713470e-02,4.862535893917083740e-01,8.354889228940010071e-03
3.317409455776214600e-01,2.757758855819702148e+00,8.228785358369350433e-03
8.133903145790100098e-02,4.041325569152832031e+00,3.537627169862389565e-03
1.480842679738998413e-01,3.395231485366821289e+00,2.653709612786769867e-02
1.256558001041412354e-01,1.980202078819274902e+00,3.685704898089170456e-03
1.310587581247091293e-02,4.929709434509277344e+00,6.327695213258266449e-03
3.474050164222717285e-01,5.000898241996765137e-01,3.986808285117149353e-02
1.366957277059555054e-01,4.584372520446777344e+00,2.086768299341201782e-02
2.717021703720092773e-01,1.112570166587829590e-01,2.873208746314048767e-02
3.331652879714965820e-01,4.948681831359863281e+00,4.549851641058921814e-02
9.564555436372756958e-02,4.791862964630126953e+00,3.945422172546386719e-02
2.458241432905197144e-01,4.079085826873779297e+00,4.458669107407331467e-03
3.542142212390899658e-01,3.319138050079345703e+00,2.899935469031333923e-03
3.014226853847503662e-01,4.841879367828369141e+00,1.051525585353374481e-02
2.832328081130981445e-01,3.333809614181518555e+00,5.741172470152378082e-03
1.890124976634979248e-01,4.320527553558349609e+00,5.891913548111915588e-03
1.564003378152847290e-01,2.909621953964233398e+00,5.555995926260948181e-02
1.505147665739059448e-01,2.960985183715820312e+00,3.547886759042739868e-02
1.624898165464401245e-01,3.938398599624633789e+00,9.253087453544139862e-03
1.987466067075729370e-01,4.595734119415283203e+00,2.308505773544311523e-02
1.036700531840324402e-01,3.750647902488708496e-01,1.130875945091247559e-02
4.158970117568969727e-01,9.375894069671630859e-01,4.862489644438028336e-03
1.180998310446739197e-01,4.791220188140869141e+00,6.809677463024854660e-03
3.700927197933197021e-01,1.278962016105651855e+00,5.330130457878112793e-03
1.769615411758422852e-01,4.142112255096435547e+00,3.978894650936126709e-02
1.308451592922210693e-01,3.031283617019653320e+00,1.585813984274864197e-02
2.494536042213439941e-01,9.188348054885864258e-01,4.645418375730514526e-03
3.054489493370056152e-01,2.023111104965209961e+00,2.002311311662197113e-02
6.902395188808441162e-02,4.810387194156646729e-01,7.021883036941289902e-03
2.721580266952514648e-01,4.917668819427490234e+00,1.101024821400642395e-02
2.681321203708648682e-01,5.855041742324829102e-01,8.189243264496326447e-03
3.589721322059631348e-01,3.846435844898223877e-01,6.032359320670366287e-03
3.085625171661376953e-02,3.335787057876586914e+00,1.975717721506953239e-03
1.582095026969909668e-01,3.067306756973266602e+00,8.683467283844947815e-03
2.435780614614486694e-01,4.201035499572753906e+00,1.628342201001942158e-03
1.595166027545928955e-01,4.760759830474853516e+00,5.927050951868295670e-03
1.017707884311676025e-01,3.971635103225708008e+00,2.462688833475112915e-02
1.146723628044128418e-01,5.319801568984985352e-01,2.017482742667198181e-02
3.545274436473846436e-01,3.415103435516357422e+00,1.125323679298162460e-02
1.762933731079101562e-01,4.054171085357666016e+00,1.110034435987472534e-02
4.040888845920562744e-01,4.356482505798339844e+00,2.302251756191253662e-02
8.992603421211242676e-02,7.449105978012084961e-01,6.094131153076887131e-03
2.829031646251678467e-01,2.149215936660766602e+00,2.057439647614955902e-02
3.136297464370727539e-01,1.992500066757202148e+00,8.059845864772796631e-02
2.303332090377807617e-01,2.666088342666625977e-01,2.206224016845226288e-02
7.283256202936172485e-02,6.235278248786926270e-01,1.343890652060508728e-02
1.587393581867218018e-01,6.391401290893554688e-01,4.105044994503259659e-03
3.903656005859375000e-01,4.639770984649658203e+00,3.717410145327448845e-03
1.500725001096725464e-01,3.269587755203247070e-01,2.669659629464149475e-02
1.457381397485733032e-01,3.476225137710571289e+00,3.032493405044078827e-03
1.270297616720199585e-01,1.986482024192810059e+00,1.837807334959506989e-02
9.440572559833526611e-02,3.144196271896362305e+00,2.291536517441272736e-02
3.051318824291229248e-01,4.095921039581298828e+00,6.687788665294647217e-02
7.889822870492935181e-02,6.849169731140136719e-01,3.827072679996490479e-03
2.102189958095550537e-01,4.888932704925537109e+00,1.489463634788990021e-02
7.213958352804183960e-02,4.733139038085937500e+00,7.019240409135818481e-02
2.916374206542968750e-01,4.615653991699218750e+00,4.700787365436553955e-03
7.811844944953918457e-01,6.109417676925659180e-01,3.888086229562759399e-02
1.827767342329025269e-01,1.731984853744506836e+00,7.922744378447532654e-03
2.175956964492797852e-01,5.006090402603149414e-01,5.720991641283035278e-03
1.944778263568878174e-01,1.890588283538818359e+00,6.089264992624521255e-03
2.304406613111495972e-01,3.293893098831176758e+00,1.333072967827320099e-02
1.189193055033683777e-01,3.436498403549194336e+00,1.540437992662191391e-02
1.598632633686065674e-01,3.799218654632568359e+00,1.439923420548439026e-02
3.503579795360565186e-01,1.707446932792663574e+00,3.901086049154400826e-03
1.095227375626564026e-01,5.187934637069702148e-01,4.233863670378923416e-03
1.059761717915534973e-01,4.666193008422851562e+00,2.314944192767143250e-02
1.193495839834213257e-01,9.344108104705810547e-01,2.264702320098876953e-02
1.099748238921165466e-01,4.613311767578125000e+00,1.850294694304466248e-02
1.916715651750564575e-01,1.875579833984375000e+00,1.024512015283107758e-02
6.410945951938629150e-02,2.631455957889556885e-01,1.113799121230840683e-02
8.669533580541610718e-02,1.636144518852233887e-01,2.503823861479759216e-02
2.693338394165039062e-01,4.769530773162841797e+00,4.757078364491462708e-03
1.037305518984794617e-01,3.334895372390747070e+00,3.723582252860069275e-02
6.439036875963211060e-02,1.708511710166931152e+00,2.834629733115434647e-03
1.639988422393798828e-01,4.239282131195068359e+00,3.455572528764605522e-03
1.649303734302520752e-01,4.780112266540527344e+00,9.065006859600543976e-03
3.624429404735565186e-01,4.767808437347412109e+00,5.145430099219083786e-03
2.259236425161361694e-01,3.214930295944213867e+00,5.585708841681480408e-02
2.893023490905761719e-01,4.967262744903564453e+00,1.752023585140705109e-02
3.583980798721313477e-01,4.879439353942871094e+00,1.642192155122756958e-02
2.532645463943481445e-01,9.772017598152160645e-02,3.106209449470043182e-02
7.766596227884292603e-02,2.133202791213989258e+00,5.793980788439512253e-03
2.242238819599151611e-01,6.257961392402648926e-01,7.679171860218048096e-02
8.017866313457489014e-02,1.938000798225402832e+00,6.369398534297943115e-02
3.040596246719360352e-01,2.496145725250244141e+00,1.689227670431137085e-02
2.240208536386489868e-01,3.426105022430419922e+00,2.968652546405792236e-02
3.853388130664825439e-01,3.197497844696044922e+00,6.237035617232322693e-03
2.536363005638122559e-01,2.458490610122680664e+00,5.930123850703239441e-03
1.499373912811279297e-01,2.016604661941528320e+00,7.168270647525787354e-03
8.624654263257980347e-02,4.831307888031005859e+00,2.338080294430255890e-02
1.602519750595092773e-01,4.781168937683105469e+00,2.879457548260688782e-02
8.220683783292770386e-02,4.056309700012207031e+00,5.258473102003335953e-03
2.375495387241244316e-03,5.080199241638183594e-01,4.316174890846014023e-03
1.735459268093109131e-01,3.349744319915771484e+00,1.924564130604267120e-02
2.724707722663879395e-01,4.569978237152099609e+00,1.403203699737787247e-02
3.683424293994903564e-01,4.628469944000244141e+00,1.147542987018823624e-02
4.757026135921478271e-01,2.237293124198913574e-01,1.677984744310379028e-02
1.708300113677978516e-01,9.324393272399902344e-01,2.215735614299774170e-02
3.907705247402191162e-01,3.570829629898071289e+00,1.250357367098331451e-02
8.434409648180007935e-02,3.986866235733032227e+00,3.001162037253379822e-02
6.476342678070068359e-02,3.819353342056274414e+00,2.014281414449214935e-02
2.477679252624511719e-01,4.289383411407470703e+00,9.041855111718177795e-03
2.122110687196254730e-02,4.668009757995605469e+00,6.360937375575304031e-03
1.083793416619300842e-01,1.586815476417541504e+00,3.059804067015647888e-02
3.095752373337745667e-02,4.758936166763305664e-01,5.627873353660106659e-03
2.024087160825729370e-01,3.333608865737915039e+00,4.281549714505672455e-03
3.462273180484771729e-01,2.059255361557006836e+00,2.872501872479915619e-02
4.774577021598815918e-01,1.220972299575805664e+00,5.013486836105585098e-03
2.093373984098434448e-01,4.689544737339019775e-01,9.637801907956600189e-03
3.936806917190551758e-01,4.677295684814453125e+00,4.892402328550815582e-03
8.692338317632675171e-02,2.914228200912475586e+00,1.340653561055660248e-02
2.825722098350524902e-01,4.432461857795715332e-01,3.627329319715499878e-02
3.287418782711029053e-01,1.904248118400573730e+00,9.495205245912075043e-03
3.568613827228546143e-01,2.674948930740356445e+00,1.942834351211786270e-03
4.357110857963562012e-01,2.596905469894409180e+00,2.154916711151599884e-02
5.395488813519477844e-02,4.803431034088134766e+00,1.622672006487846375e-02
4.103629887104034424e-01,4.243471145629882812e+00,4.645367152988910675e-03
2.206247895956039429e-01,3.201331615447998047e+00,1.729655778035521507e-03
2.753300368785858154e-01,4.985893249511718750e+00,1.698877476155757904e-02
2.018772810697555542e-01,4.891961097717285156e+00,4.675489664077758789e-02
3.925291076302528381e-02,4.002205848693847656e+00,6.002651993185281754e-03
1.257488429546356201e-01,4.766985416412353516e+00,7.197855412960052490e-02
7.885226607322692871e-01,1.751580834388732910e+00,3.793779527768492699e-03
1.070539578795433044e-01,2.942675828933715820e+00,1.373752020299434662e-02
2.759514451026916504e-01,4.282785415649414062e+00,2.226194925606250763e-02
1.043133810162544250e-01,3.110282659530639648e+00,1.126762945204973221e-02
1.816348284482955933e-01,5.652902647852897644e-03,5.284267663955688477e-02
6.161036714911460876e-02,2.034340858459472656e+00,3.994818776845932007e-03
1.875173002481460571e-01,7.967313528060913086e-01,5.022091791033744812e-03
1.663973927497863770e-01,3.227822780609130859e+00,1.914007589221000671e-02
2.941320836544036865e-01,4.058753013610839844e+00,1.870311610400676727e-02
4.617887735366821289e-01,9.318580031394958496e-01,4.892965778708457947e-03
1.070044785737991333e-01,1.835734963417053223e+00,1.794802770018577576e-02
9.680271148681640625e-02,6.310846805572509766e-01,6.355302873998880386e-03
1.383516490459442139e-01,4.869304656982421875e+00,1.381435059010982513e-02
2.685474753379821777e-01,1.493809342384338379e+00,7.507450878620147705e-03
1.358146220445632935e-01,2.950322151184082031e+00,1.410287432372570038e-02
2.597521245479583740e-01,3.385726451873779297e+00,2.741255098953843117e-03
6.878540515899658203e-01,3.695382475852966309e-01,2.384326979517936707e-02
9.954888373613357544e-02,3.396601438522338867e+00,1.182106416672468185e-02
6.540969014167785645e-02,4.384940624237060547e+00,2.371880598366260529e-02
3.001369237899780273e-01,1.227046608924865723e+00,9.109875187277793884e-03
1.233787760138511658e-01,4.891930580139160156e+00,6.578981876373291016e-03
6.240485981106758118e-02,3.608284711837768555e+00,4.812718927860260010e-02
3.473353981971740723e-01,2.087217330932617188e+00,4.985827952623367310e-03
3.835906088352203369e-01,3.159688234329223633e+00,4.389778245240449905e-03
3.444159170612692833e-03,3.992242336273193359e+00,1.873256824910640717e-02
2.585709393024444580e-01,4.052245616912841797e+00,1.304220524616539478e-03
2.605045735836029053e-01,4.780446290969848633e-01,1.782069355249404907e-02
1.023443192243576050e-01,3.206085681915283203e+00,2.499418891966342926e-02
2.812379598617553711e-01,4.716155529022216797e+00,4.645756259560585022e-02
1.725504696369171143e-01,4.117753982543945312e+00,7.831367664039134979e-03
4.755785465240478516e-01,7.744628787040710449e-01,5.965670570731163025e-03
3.020885288715362549e-01,3.044680833816528320e+00,5.178160034120082855e-03
2.290620207786560059e-01,2.097984790802001953e+00,6.689822301268577576e-03
2.562448084354400635e-01,4.626144886016845703e+00,5.157108418643474579e-03
3.072939515113830566e-01,7.971511036157608032e-02,1.482646260410547256e-02
1.912263929843902588e-01,3.218425512313842773e+00,1.230366155505180359e-02
3.714372813701629639e-01,6.464422345161437988e-01,1.678312569856643677e-02
2.094566524028778076e-01,4.049061775207519531e+00,2.029499039053916931e-02
9.296126663684844971e-02,3.965039730072021484e+00,4.109654575586318970e-03
1.416956335306167603e-01,3.474543571472167969e+00,1.976726762950420380e-02
3.591625094413757324e-01,1.954149127006530762e+00,6.934121996164321899e-02
1.103820502758026123e-01,1.930316567420959473e+00,1.049179676920175552e-02
7.678902894258499146e-02,4.825558185577392578e+00,6.867453921586275101e-03
3.628552854061126709e-01,4.262764453887939453e+00,2.505985274910926819e-02
2.600885331630706787e-01,3.907105922698974609e+00,5.066755693405866623e-03
2.041395455598831177e-01,3.486702442169189453e+00,6.073540542274713516e-03
3.643803596496582031e-01,2.856591224670410156e+00,1.028809417039155960e-02
1.975615024566650391e-01,2.605642557144165039e+00,1.286513730883598328e-02
1.046047955751419067e-01,4.083895683288574219e+00,6.289280019700527191e-03
1.798010021448135376e-01,4.730556488037109375e+00,2.835157327353954315e-02
2.399588674306869507e-01,2.107100486755371094e+00,2.269086614251136780e-02
8.074749261140823364e-02,2.999339342117309570e+00,1.317501999437808990e-02
1.493371576070785522e-01,4.817964553833007812e+00,2.276959270238876343e-02
3.291938304901123047e-01,4.269788742065429688e+00,8.459327742457389832e-03
1.285489946603775024e-01,6.464020609855651855e-01,5.037662573158740997e-03
2.652644217014312744e-01,4.419922530651092529e-01,1.001247856765985489e-02
4.167859852313995361e-01,7.020229101181030273e-01,1.648594625294208527e-02
1.238445043563842773e-01,4.123276233673095703e+00,1.490764669142663479e-03
3.276680409908294678e-01,4.732605934143066406e+00,4.200621973723173141e-03
1.509246528148651123e-01,9.309147596359252930e-01,1.757842302322387695e-02
2.089909464120864868e-01,4.051514148712158203e+00,3.572969231754541397e-03
5.230267643928527832e-01,1.871630787849426270e+00,6.487707141786813736e-03
1.731058359146118164e-01,4.034671306610107422e+00,1.970216631889343262e-02
2.098820805549621582e-01,1.913749217987060547e+00,2.162712439894676208e-02
2.625287771224975586e-01,3.402217626571655273e+00,2.485666191205382347e-03
1.079984754323959351e-01,2.585386753082275391e+00,7.841252721846103668e-03
3.161286711692810059e-01,4.101885795593261719e+00,5.192040465772151947e-03
4.066630080342292786e-02,1.016203641891479492e+00,1.446167193353176117e-02
2.496022731065750122e-01,4.386820495128631592e-01,8.632247336208820343e-03
2.958656474947929382e-02,3.524700403213500977e+00,5.058458074927330017e-03
6.060811504721641541e-02,1.948487877845764160e+00,6.447653286159038544e-03
7.619569450616836548e-02,1.787823200225830078e+00,8.431924507021903992e-03
7.648023217916488647e-02,7.998554110527038574e-01,6.707237102091312408e-03
9.220740944147109985e-02,2.662545680999755859e+00,3.989799413830041885e-03
1.395324021577835083e-01,4.296372413635253906e+00,9.383186697959899902e-03
1.151510775089263916e-01,4.761363029479980469e+00,7.960186339914798737e-03
3.616236448287963867e-01,1.992793440818786621e+00,5.080073140561580658e-03
2.798720598220825195e-01,3.450801849365234375e+00,3.244744986295700073e-02
2.688227593898773193e-01,2.815462112426757812e+00,1.339372992515563965e-02
2.034845761954784393e-03,3.108017921447753906e+00,3.285982459783554077e-02
3.957248330116271973e-01,1.881286978721618652e+00,7.638523355126380920e-03
3.805173933506011963e-02,2.697277069091796875e+00,1.101117022335529327e-02
8.662243187427520752e-02,1.909068226814270020e-01,1.342292595654726028e-02
1.037909165024757385e-01,4.117635250091552734e+00,3.421306144446134567e-03
6.686115264892578125e-02,2.012173652648925781e+00,2.989109838381409645e-03
3.551821112632751465e-01,4.830479621887207031e+00,4.005984868854284286e-03
4.011014848947525024e-02,1.618594080209732056e-01,2.747463062405586243e-02
2.027623206377029419e-01,3.392338991165161133e+00,8.369845338165760040e-03
8.368588238954544067e-02,3.048986196517944336e+00,4.943212494254112244e-03
1.255364567041397095e-01,2.092607736587524414e+00,1.776727102696895599e-02
3.705421090126037598e-01,2.862894535064697266e-01,1.341012027114629745e-02
3.772516250610351562e-01,1.853684544563293457e+00,9.795150719583034515e-03
8.660577982664108276e-02,3.156208395957946777e-01,2.624749764800071716e-02
3.095364868640899658e-01,3.987617731094360352e+00,7.774154655635356903e-03
9.206671267747879028e-02,1.792892575263977051e+00,4.001682624220848083e-03
3.312176764011383057e-01,3.787704944610595703e+00,1.970390789210796356e-03
3.264787495136260986e-01,4.526944160461425781e+00,2.394017949700355530e-02
5.571594461798667908e-02,4.068717956542968750e+00,1.723324880003929138e-02
3.650108277797698975e-01,2.818924665451049805e+00,3.400403261184692383e-02
2.575786709785461426e-01,8.692310452461242676e-01,6.852753926068544388e-03
3.881704211235046387e-01,1.908380627632141113e+00,4.038100130856037140e-03
1.755199581384658813e-01,3.612419068813323975e-01,1.011297199875116348e-02
2.645094096660614014e-01,4.005580425262451172e+00,2.249320782721042633e-02
2.684873938560485840e-01,3.426215410232543945e+00,1.864288188517093658e-02
1.088492125272750854e-01,4.394834041595458984e+00,6.142380647361278534e-03
3.608464002609252930e-01,1.502998471260070801e+00,1.937302574515342712e-02
3.588937520980834961e-01,4.579905986785888672e+00,7.500945590436458588e-03
1.218311488628387451e-01,7.118617296218872070e-01,7.353482767939567566e-03
7.656886428594589233e-02,3.599434375762939453e+00,9.755147621035575867e-03
2.820528447628021240e-01,3.370692968368530273e+00,1.833141036331653595e-02
3.619082272052764893e-01,1.819429874420166016e+00,2.058202773332595825e-02
4.499481618404388428e-01,4.419431984424591064e-01,6.991150788962841034e-03
1.935929507017135620e-01,3.095818996429443359e+00,1.152665074914693832e-02
1.553824692964553833e-01,4.262527465820312500e+00,3.822001861408352852e-03
1.605926603078842163e-01,4.068031311035156250e+00,2.676000585779547691e-03
1.175575032830238342e-01,3.256883859634399414e+00,8.221942186355590820e-02
3.399989306926727295e-01,4.148151874542236328e+00,3.231740090996026993e-03
2.056450843811035156e-01,3.615964651107788086e+00,3.528714878484606743e-03
9.810667484998703003e-02,6.415758132934570312e-01,8.362823724746704102e-02
1.155039966106414795e-01,1.164940953254699707e+00,4.706831276416778564e-02
3.069827258586883545e-01,6.446219086647033691e-01,3.082284517586231232e-02
1.940344572067260742e-01,1.954819679260253906e+00,1.527545880526304245e-02
3.519853949546813965e-01,1.837853193283081055e+00,3.331911563873291016e-02
6.736291944980621338e-02,1.945236563682556152e+00,2.355126477777957916e-02
2.449955642223358154e-01,3.895839691162109375e+00,7.323109079152345657e-03
1.557776182889938354e-01,7.069838643074035645e-01,7.942566648125648499e-03
3.660355508327484131e-01,2.250933170318603516e+00,3.451474942266941071e-03
6.863571703433990479e-02,4.801544666290283203e+00,1.382090710103511810e-02
2.227903008460998535e-01,2.221804141998291016e+00,5.094143375754356384e-02
2.671731412410736084e-01,4.848175048828125000e+00,7.892780937254428864e-03
2.465699017047882080e-01,3.653333663940429688e+00,2.183241583406925201e-02
1.260481029748916626e-01,1.864779472351074219e+00,4.338250495493412018e-03
9.739787131547927856e-02,4.752015113830566406e+00,2.666499279439449310e-02
1.680782437324523926e-01,4.788578987121582031e+00,9.889309108257293701e-02
3.686091303825378418e-01,3.119781255722045898e+00,8.540818467736244202e-03
1.558781266212463379e-01,4.778319835662841797e+00,7.236649282276630402e-03
2.511707544326782227e-01,1.901814222335815430e+00,5.853805691003799438e-03
9.170319139957427979e-02,6.481186151504516602e-01,2.288319915533065796e-02
1.086954548954963684e-01,6.169897913932800293e-01,1.219292357563972473e-02
3.484987616539001465e-01,2.763381958007812500e+00,3.291565226390957832e-03
3.232347071170806885e-01,4.390710830688476562e+00,6.942850071936845779e-03
2.700283229351043701e-01,6.591023206710815430e-01,9.695475921034812927e-03
3.287888467311859131e-01,4.953109741210937500e+00,2.502451092004776001e-02
3.692074492573738098e-02,4.214258491992950439e-01,8.235136047005653381e-03
3.222792446613311768e-01,2.338188141584396362e-01,3.390727564692497253e-02
4.066377282142639160e-01,1.665211081504821777e+00,1.009699143469333649e-02
4.886592328548431396e-01,1.725101828575134277e+00,1.319612283259630203e-02
2.572963833808898926e-01,4.333087921142578125e+00,1.858372241258621216e-03
3.266159594058990479e-01,2.023922920227050781e+00,7.864916697144508362e-03
4.079744517803192139e-01,1.903895497322082520e+00,1.124765444546937943e-02
1.088150814175605774e-01,3.212488651275634766e+00,3.260443732142448425e-02
2.844032645225524902e-01,4.146468162536621094e+00,4.600651562213897705e-03
1.621551066637039185e-01,4.687074661254882812e+00,4.681989550590515137e-03
4.170312583446502686e-01,4.646605491638183594e+00,1.106566842645406723e-02
1.799934953451156616e-01,3.891258955001831055e+00,7.308050524443387985e-03
9.125017374753952026e-02,1.921343207359313965e+00,4.286723211407661438e-03
1.569574326276779175e-01,3.466457843780517578e+00,2.041356451809406281e-02
2.298592776060104370e-02,9.112839102745056152e-01,5.676788743585348129e-03
2.885147929191589355e-01,8.147634267807006836e-01,6.095585599541664124e-02
2.504685223102569580e-01,5.504769682884216309e-01,6.158309988677501678e-03
1.511418223381042480e-01,3.705167770385742188e+00,1.019717846065759659e-02
1.805333048105239868e-02,4.984226703643798828e+00,2.351638302206993103e-02
2.456415593624114990e-01,4.223660469055175781e+00,5.014357622712850571e-03
2.866818904876708984e-01,1.588649868965148926e+00,3.025117795914411545e-03
2.307583838701248169e-01,2.032115221023559570e+00,1.967440545558929443e-02
2.408730685710906982e-01,2.582715988159179688e+00,1.225771661847829819e-02
4.667074233293533325e-02,8.583465218544006348e-01,8.634551428258419037e-03
3.707144558429718018e-01,1.952560782432556152e+00,1.066266745328903198e-02
2.077586762607097626e-02,6.667152643203735352e-01,5.345496349036693573e-03
2.655383348464965820e-01,1.898270964622497559e+00,1.831829920411109924e-02
3.931368887424468994e-02,3.316732168197631836e+00,1.487522386014461517e-02
1.191591620445251465e-01,4.920908451080322266e+00,1.515386160463094711e-02
8.471556752920150757e-02,4.608466148376464844e+00,2.140288241207599640e-03
4.502243697643280029e-01,8.246621489524841309e-01,7.498999591916799545e-03
2.006606906652450562e-01,4.445621967315673828e+00,9.121707640588283539e-03
6.330304592847824097e-02,1.704362034797668457e+00,7.741424720734357834e-03
3.688896298408508301e-01,3.030574560165405273e+00,6.419584620743989944e-03
6.688720583915710449e-01,4.548350334167480469e+00,1.874916255474090576e-02
3.024814724922180176e-01,4.418433666229248047e+00,2.678003348410129547e-02
6.639928221702575684e-01,1.795429348945617676e+00,1.245798822492361069e-02
4.115574359893798828e-01,2.637010812759399414e+00,1.299472432583570480e-02
2.788953781127929688e-01,2.107558965682983398e+00,2.248045429587364197e-02
2.164213657379150391e-01,4.598685741424560547e+00,7.852316834032535553e-03
1.644755341112613678e-02,4.832052707672119141e+00,3.473038552328944206e-03
4.759964048862457275e-01,3.821632623672485352e+00,7.161765359342098236e-03
1.646471470594406128e-01,1.842788457870483398e-01,3.072583489120006561e-02
2.779029011726379395e-01,2.890902519226074219e+00,1.037409342825412750e-02
1.136721447110176086e-01,4.782243728637695312e+00,2.864608913660049438e-02
2.711698412895202637e-01,2.077445030212402344e+00,3.696205094456672668e-03
3.132111132144927979e-01,4.106550216674804688e-01,1.201129611581563950e-02
6.160475611686706543e-01,2.343706607818603516e+00,3.384325187653303146e-03
6.884534358978271484e-01,4.551295280456542969e+00,8.739860728383064270e-03
3.029093742370605469e-01,4.306240081787109375e+00,4.721941426396369934e-03
9.866717457771301270e-02,6.321526169776916504e-01,8.302952162921428680e-03
1.578977257013320923e-01,4.027320861816406250e+00,2.437416929751634598e-03
3.068836033344268799e-01,4.757092893123626709e-01,5.783122032880783081e-03
3.666139394044876099e-02,1.095580458641052246e+00,7.300111465156078339e-03
1.606613211333751678e-02,1.294571608304977417e-01,1.266327872872352600e-02
1.952816843986511230e-01,6.098087430000305176e-01,2.060021087527275085e-02
8.476919680833816528e-02,3.046743392944335938e+00,2.800056012347340584e-03
2.726424932479858398e-01,2.099195957183837891e+00,1.881662011146545410e-02
4.652959480881690979e-02,2.577753067016601562e-01,6.620060186833143234e-03
7.256993651390075684e-02,1.916326284408569336e+00,4.131628200411796570e-03
2.096348255872726440e-01,4.248457908630371094e+00,6.332356482744216919e-03
9.930618852376937866e-02,4.224029064178466797e+00,5.834239535033702850e-03
7.255238294601440430e-02,3.417051792144775391e+00,5.066192243248224258e-03
3.542006015777587891e-01,4.763153553009033203e+00,5.533320829272270203e-02
3.176227211952209473e-01,1.925434112548828125e+00,1.894190534949302673e-02
1.642315238714218140e-01,4.713296890258789062e+00,4.580624867230653763e-03
3.567630350589752197e-01,2.003881692886352539e+00,7.831931114196777344e-03
4.641872644424438477e-01,3.346343994140625000e+00,2.331554889678955078e-02
1.247872933745384216e-01,1.897127747535705566e+00,1.565039157867431641e-02
2.243587374687194824e-01,3.942103147506713867e+00,3.028651990462094545e-04
4.231851547956466675e-02,3.207502841949462891e+00,1.308451406657695770e-02
1.691768318414688110e-01,4.033286571502685547e+00,7.757251616567373276e-03
1.751687675714492798e-01,4.717994213104248047e+00,5.595655646175146103e-03
3.148552775382995605e-01,4.766104221343994141e+00,2.014962583780288696e-02
1.409310400485992432e-01,3.960497140884399414e+00,4.497299715876579285e-02
7.929751276969909668e-02,4.015032291412353516e+00,6.726495921611785889e-03
1.744032651185989380e-01,4.825655937194824219e+00,1.319038588553667068e-02
3.025262653827667236e-01,4.200601100921630859e+00,1.173112168908119202e-02
2.824823260307312012e-01,4.712320327758789062e+00,8.273090235888957977e-03
2.212766855955123901e-01,4.813478469848632812e+00,2.261168090626597404e-03
2.551987767219543457e-01,1.893576979637145996e+00,6.503688171505928040e-03
2.337831109762191772e-01,8.915393352508544922e-01,1.105020008981227875e-02
3.355749547481536865e-01,2.708333492279052734e+00,1.086892113089561462e-01
3.076256811618804932e-01,1.124706625938415527e+00,1.402927096933126450e-02
3.579593002796173096e-01,3.438048064708709717e-01,1.052611507475376129e-02
9.520485997200012207e-01,4.873314857482910156e+00,1.073038112372159958e-02
2.301054894924163818e-01,4.380644857883453369e-01,5.681756883859634399e-03
3.765646517276763916e-01,2.936223030090332031e+00,6.082519516348838806e-02
1.444626152515411377e-01,2.226230859756469727e+00,1.908311992883682251e-02
2.161525785923004150e-01,3.850087165832519531e+00,1.516005955636501312e-02
2.202433943748474121e-01,4.286153793334960938e+00,1.453911699354648590e-02
6.102429330348968506e-02,1.580129146575927734e+00,5.922440905123949051e-03
3.702277541160583496e-01,3.774176836013793945e+00,4.940344486385583878e-03
3.866806924343109131e-01,1.855691552162170410e+00,2.630076557397842407e-02
5.005121976137161255e-02,2.721606016159057617e+00,2.841196022927761078e-02
3.120070993900299072e-01,3.893722772598266602e+00,4.947515204548835754e-03
1.950582712888717651e-01,1.506249010562896729e-01,4.378499463200569153e-02
1.264923065900802612e-01,1.928767085075378418e+00,1.380328740924596786e-02
1.585282087326049805e-01,1.945024251937866211e+00,4.039892926812171936e-03
2.997316122055053711e-01,1.863841652870178223e+00,4.209790378808975220e-03
3.098099827766418457e-01,4.538435935974121094e+00,1.497115939855575562e-03
4.741537272930145264e-01,2.848662853240966797e+00,2.129547484219074249e-02
1.576499938964843750e-01,2.804209291934967041e-01,5.784151330590248108e-02
4.316439032554626465e-01,2.197983980178833008e+00,9.649019688367843628e-03
1.579333245754241943e-01,2.777252674102783203e+00,8.788826875388622284e-03
3.294681608676910400e-01,4.202802658081054688e+00,2.561006136238574982e-02
2.420271784067153931e-01,2.074026584625244141e+00,2.276785112917423248e-02
1.740445047616958618e-01,3.108492612838745117e+00,2.275504544377326965e-02
4.507643580436706543e-01,3.707261323928833008e+00,1.067460235208272934e-02
3.447642177343368530e-02,3.643046379089355469e+00,3.587054787203669548e-03
2.162801474332809448e-01,1.907555341720581055e+00,7.378529291599988937e-03
1.778043359518051147e-01,4.178623199462890625e+00,1.201775018125772476e-02
3.964197337627410889e-01,2.192784547805786133e+00,1.776394248008728027e-02
1.110696420073509216e-01,4.538922011852264404e-01,7.135438267141580582e-03
1.953995078802108765e-01,4.957381248474121094e+00,1.265912968665361404e-02
2.600745856761932373e-01,4.234935939311981201e-01,8.867398835718631744e-03
1.279841661453247070e-01,4.648278713226318359e+00,7.295962423086166382e-03
1.871181428432464600e-01,4.893684387207031250e+00,1.656410843133926392e-02
2.935196161270141602e-01,5.225741863250732422e-01,9.076274931430816650e-03
1.982357203960418701e-01,3.307002067565917969e+00,1.501269917935132980e-02
1.408608257770538330e-01,4.850936889648437500e+00,7.246381137520074844e-03
1.456250846385955811e-01,1.894448757171630859e+00,2.307486534118652344e-02
8.661707490682601929e-02,1.565342187881469727e+00,8.756916970014572144e-03
3.335581719875335693e-01,3.950958490371704102e+00,1.067849528044462204e-02
4.054095745086669922e-01,1.835853338241577148e+00,2.707880176603794098e-02
2.845870852470397949e-01,2.689773321151733398e+00,5.571377463638782501e-03
3.237643241882324219e-01,1.705521225929260254e+00,7.953527383506298065e-03
2.477583885192871094e-01,3.648595809936523438e+00,7.331406697630882263e-03
1.114046946167945862e-01,2.194407880306243896e-01,3.516078740358352661e-02
2.777589298784732819e-02,7.010266184806823730e-01,3.133438155055046082e-02
1.034299507737159729e-01,4.290520191192626953e+00,1.292188931256532669e-02
6.151403784751892090e-01,1.736155509948730469e+00,5.346879363059997559e-03
2.363544255495071411e-01,4.747255146503448486e-01,6.753739714622497559e-02
2.642075419425964355e-01,2.311991453170776367e+00,4.299389943480491638e-02
2.745332121849060059e-01,1.839861392974853516e+00,8.562023751437664032e-03
6.673408150672912598e-01,4.303369998931884766e+00,2.503572776913642883e-02
2.506112754344940186e-01,2.184896618127822876e-01,1.092143263667821884e-02
2.618418633937835693e-01,4.924959659576416016e+00,4.780383780598640442e-03
1.006980836391448975e-01,1.878384709358215332e+00,8.249467611312866211e-02
4.743819832801818848e-01,3.685901880264282227e+00,8.265586942434310913e-02
2.204161435365676880e-01,4.199188709259033203e+00,2.100423537194728851e-02
1.492446959018707275e-01,2.141358137130737305e+00,2.047774381935596466e-02
8.565904945135116577e-02,1.154681921005249023e+00,7.014968432486057281e-03
3.097727000713348389e-01,3.552927076816558838e-01,2.133091911673545837e-02
2.533981800079345703e-01,4.843210220336914062e+00,4.798331111669540405e-02
3.032405078411102295e-01,4.430924415588378906e+00,7.861331105232238770e-03
2.119911760091781616e-01,2.259740591049194336e+00,7.911527529358863831e-03
3.955193758010864258e-01,2.080956459045410156e+00,3.103925101459026337e-02
2.414409816265106201e-01,1.902262926101684570e+00,4.152474924921989441e-03
4.136462211608886719e-01,2.041687011718750000e+00,6.668309681117534637e-03
3.576701283454895020e-01,2.251332759857177734e+00,2.430676296353340149e-02
8.210093528032302856e-02,4.681241035461425781e+00,7.790749892592430115e-03
9.716146439313888550e-02,9.048465490341186523e-01,9.393481537699699402e-03
1.839689910411834717e-01,4.065076351165771484e+00,3.502848790958523750e-03
3.423203229904174805e-01,4.074440479278564453e+00,1.404750533401966095e-02
1.677982658147811890e-01,2.447864413261413574e-02,7.058510929346084595e-02
6.356764584779739380e-02,4.549967050552368164e-01,7.675504311919212341e-03
3.322452008724212646e-01,3.312791824340820312e+00,1.868718652985990047e-03
4.360788464546203613e-01,1.893932938575744629e+00,4.301730543375015259e-03
3.417845964431762695e-01,4.605012893676757812e+00,1.660380326211452484e-02
6.475627422332763672e-03,3.085253953933715820e+00,1.864329166710376740e-02
2.185615152120590210e-01,1.849875926971435547e+00,2.239660732448101044e-02
4.393814504146575928e-01,4.768894195556640625e+00,6.078452616930007935e-02
2.083433270454406738e-01,4.668690204620361328e+00,5.835366435348987579e-03
5.474750995635986328e-01,1.811540365219116211e+00,3.041605465114116669e-02
6.049737567082047462e-04,3.561800956726074219e+00,4.738280549645423889e-03
3.830977380275726318e-01,3.942425549030303955e-01,5.197470076382160187e-03
1.861948072910308838e-01,4.644588947296142578e+00,2.002551965415477753e-02
3.117372989654541016e-01,7.328478991985321045e-02,1.927821710705757141e-02
2.552297413349151611e-01,3.585453510284423828e+00,3.165614791214466095e-03
1.424797922372817993e-01,2.070290088653564453e+00,1.605754047632217407e-01
1.397656649351119995e-01,7.400630116462707520e-01,1.067598536610603333e-02
3.177768588066101074e-01,1.796213507652282715e+00,9.742445312440395355e-03
9.194823354482650757e-02,4.758199691772460938e+00,1.011225488036870956e-02
3.847927749156951904e-01,2.799571514129638672e+00,9.174822829663753510e-03
3.556130230426788330e-01,3.853012800216674805e+00,6.600801367312669754e-03
2.146459557116031647e-02,3.926206350326538086e+00,3.226618049666285515e-03
2.775975763797760010e-01,1.872126579284667969e+00,4.761211946606636047e-02
3.003019988536834717e-01,3.024231672286987305e+00,1.362022571265697479e-02
1.971456408500671387e-02,4.002380847930908203e+00,4.610485862940549850e-03
4.394840598106384277e-01,4.180192470550537109e+00,1.000981498509645462e-02
3.409984707832336426e-01,2.813865423202514648e+00,7.691792212426662445e-03
3.430154323577880859e-01,4.745216369628906250e+00,2.570312842726707458e-02
1.390739977359771729e-01,1.950861096382141113e+00,7.746342103928327560e-03
2.768732309341430664e-01,6.089347228407859802e-02,7.010240852832794189e-02
2.448525279760360718e-01,1.888177275657653809e+00,1.092271320521831512e-02
6.681782007217407227e-01,3.218288719654083252e-01,4.185204394161701202e-03
8.653315156698226929e-02,1.159165650606155396e-01,1.872836798429489136e-02
2.879867851734161377e-01,4.849722385406494141e+00,1.183704473078250885e-02
2.232669889926910400e-01,2.790006875991821289e+00,7.615141570568084717e-02
3.947473466396331787e-01,4.728737354278564453e+00,2.052317559719085693e-02
2.468710988759994507e-01,4.810915589332580566e-01,6.119843572378158569e-03
3.952734172344207764e-01,2.749578952789306641e+00,1.942931674420833588e-02
3.867423161864280701e-02,2.171258032321929932e-01,2.686044946312904358e-02
1.611981838941574097e-01,3.590749800205230713e-01,7.153109181672334671e-03
3.453126847743988037e-01,7.758990526199340820e-01,1.962021365761756897e-02
3.415119349956512451e-01,4.820379018783569336e-01,8.925892412662506104e-03
3.530004024505615234e-01,5.050196647644042969e-01,5.919777322560548782e-03
3.963437974452972412e-01,2.219460010528564453e+00,2.406070008873939514e-03
2.751098573207855225e-01,4.840805053710937500e+00,3.574761794880032539e-03
1.723455041646957397e-01,4.901070117950439453e+00,6.322061177343130112e-03
2.829178869724273682e-01,4.463960230350494385e-01,3.821817412972450256e-02
1.587941199541091919e-01,6.332164257764816284e-02,1.818082295358181000e-02
9.664767235517501831e-02,3.337900340557098389e-01,2.680277451872825623e-02
3.076674044132232666e-01,1.169703483581542969e+00,7.847911678254604340e-03
3.671358823776245117e-01,2.740989923477172852e+00,1.877979375422000885e-02
3.156106770038604736e-01,1.832987666130065918e+00,7.472876925021409988e-03
3.256071507930755615e-01,1.714417695999145508e+00,2.069850265979766846e-02
1.022327542304992676e-01,1.449323177337646484e+00,3.733186051249504089e-03
3.405762016773223877e-01,1.373961448669433594e+00,1.016378309577703476e-02
3.002852797508239746e-01,3.115680932998657227e+00,2.104690298438072205e-03
3.446805477142333984e-01,4.841508388519287109e+00,9.831670671701431274e-03
2.315614074468612671e-01,2.941237986087799072e-01,2.451287209987640381e-02
4.011911451816558838e-01,1.993505597114562988e+00,4.447549581527709961e-02
3.644088208675384521e-01,2.316062688827514648e+00,2.242738939821720123e-02
1.116852238774299622e-01,8.669735193252563477e-01,1.273698452860116959e-02
1.081304252147674561e-01,4.158610343933105469e+00,6.016071420162916183e-03
4.933561012148857117e-02,7.187904324382543564e-03,9.684566408395767212e-03
3.708115518093109131e-01,1.954906582832336426e+00,1.022063754498958588e-02
4.320085346698760986e-01,5.980365276336669922e-01,1.370299793779850006e-02
3.034347891807556152e-01,4.654679298400878906e+00,9.085956029593944550e-03
3.503066897392272949e-01,4.166673183441162109e+00,7.166580297052860260e-03
7.564088106155395508e-01,5.829253792762756348e-01,1.035954616963863373e-02
3.688473701477050781e-01,4.823416233062744141e+00,5.867328029125928879e-03
3.459143638610839844e-01,3.195303201675415039e+00,5.717765074223279953e-03
9.492189884185791016e-01,1.930059790611267090e+00,2.462125383317470551e-02
1.148751154541969299e-01,1.921639680862426758e+00,8.192521519958972931e-03
7.904746383428573608e-02,2.212832689285278320e+00,4.507789388298988342e-03
3.307819068431854248e-01,3.926856517791748047e+00,1.904316712170839310e-03
2.752070426940917969e-01,4.763989448547363281e+00,2.519487030804157257e-02
5.820389986038208008e-01,3.985695362091064453e+00,1.415260881185531616e-02
3.781995773315429688e-01,4.830021858215332031e-01,3.047500969842076302e-03
2.120777219533920288e-01,2.550588846206665039e+00,4.320272244513034821e-03
1.555215120315551758e-01,1.810071706771850586e+00,7.839920930564403534e-03
1.789715737104415894e-01,3.875916242599487305e+00,1.049656048417091370e-02
2.809129357337951660e-01,5.521354079246520996e-01,1.290493551641702652e-02
3.086686730384826660e-01,4.893887519836425781e+00,1.481867674738168716e-02
7.856880873441696167e-02,1.564792871475219727e+00,6.496619433164596558e-03
1.026642397046089172e-01,2.004553318023681641e+00,7.008616812527179718e-03
2.785907983779907227e-01,4.033241271972656250e+00,5.381760187447071075e-03
3.531798422336578369e-01,3.299850225448608398e-01,1.522802840918302536e-02
8.880291879177093506e-02,1.806218743324279785e+00,2.618244662880897522e-02
6.695960760116577148e-01,4.591486930847167969e+00,2.284678164869546890e-03
3.446349501609802246e-01,2.988006114959716797e+00,2.512300852686166763e-03
1.177829504013061523e-01,4.574732303619384766e+00,1.748325489461421967e-02
2.149181514978408813e-01,1.900948643684387207e+00,6.589635740965604782e-03
3.099569678306579590e-01,2.247703552246093750e+00,3.071523271501064301e-03
1.582463681697845459e-01,2.910352706909179688e+00,1.554953865706920624e-02
4.000756517052650452e-02,3.773790121078491211e+00,4.738024435937404633e-03
1.405804306268692017e-01,4.206124305725097656e+00,4.154523834586143494e-03
2.078499197959899902e-01,4.891844749450683594e+00,1.935663446784019470e-02
3.597916662693023682e-01,3.677410602569580078e+00,8.624205365777015686e-03
4.179397225379943848e-01,1.870934247970581055e+00,1.003619283437728882e-02
3.191373050212860107e-01,3.541279554367065430e+00,2.831735648214817047e-02
6.728901714086532593e-02,3.391856193542480469e+00,6.111136171966791153e-03
1.212816312909126282e-01,4.730540752410888672e+00,8.949351496994495392e-03
3.838706910610198975e-01,1.666705846786499023e+00,7.433642633259296417e-03
3.026563227176666260e-01,3.715910434722900391e+00,5.000220611691474915e-03
3.465603888034820557e-01,4.763050556182861328e+00,2.595636062324047089e-03
4.126950502395629883e-01,1.957395076751708984e+00,5.896267481148242950e-03
6.295299530029296875e-02,1.980422288179397583e-01,5.907279904931783676e-03
2.997428774833679199e-01,4.894013702869415283e-01,8.919643238186836243e-03
1.117005273699760437e-01,3.690210103988647461e+00,3.417157335206866264e-03
1.874094158411026001e-01,4.246046066284179688e+00,9.999022632837295532e-02
1.141699030995368958e-01,1.630202174186706543e+00,2.633482776582241058e-02
2.717999219894409180e-01,4.672482490539550781e+00,2.839239547029137611e-03
2.973367273807525635e-01,4.670037746429443359e+00,7.441018242388963699e-03
2.543803453445434570e-01,3.202016353607177734e+00,3.707427531480789185e-02
2.069697082042694092e-01,9.405184984207153320e-01,6.899415515363216400e-03
1.148420423269271851e-01,4.204157367348670959e-02,8.378348313271999359e-03
7.317169010639190674e-02,1.966325163841247559e+00,1.055735908448696136e-02
1.138696074485778809e-01,4.794809818267822266e-01,5.191220901906490326e-03
6.828702241182327271e-02,3.208580732345581055e+00,1.018780469894409180e-02
1.360402405261993408e-01,1.891287088394165039e+00,1.500460598617792130e-02
1.683048456907272339e-01,8.791688680648803711e-01,2.391118928790092468e-02
1.151422709226608276e-01,4.425737559795379639e-01,1.778714545071125031e-02
2.288170754909515381e-01,4.316200256347656250e+00,6.872678641229867935e-03
3.056431114673614502e-01,2.432825088500976562e+00,7.417559158056974411e-03
8.652838319540023804e-02,4.386863231658935547e+00,8.828368969261646271e-03
7.081758230924606323e-02,1.766397118568420410e+00,1.970723830163478851e-02
3.425696790218353271e-01,2.865934610366821289e+00,1.925778016448020935e-02
2.094444185495376587e-01,4.869664669036865234e+00,7.631455082446336746e-03
9.659045189619064331e-02,3.970709800720214844e+00,3.929769154638051987e-03
2.133447229862213135e-01,4.306344687938690186e-01,1.725471019744873047e-02
2.791410125792026520e-02,4.636611938476562500e+00,6.750364787876605988e-03
1.015459597110748291e-01,3.785994529724121094e+00,5.371925886720418930e-03
1.247207820415496826e-01,1.844694912433624268e-01,1.431702636182308197e-02
3.725624382495880127e-01,2.766543924808502197e-01,1.552520878612995148e-02
3.599562048912048340e-01,5.496598780155181885e-02,7.963157258927822113e-03
8.487423509359359741e-02,1.855500340461730957e-01,7.680933456867933273e-03
1.356596797704696655e-01,1.681962132453918457e+00,7.372505962848663330e-02
1.731610447168350220e-01,4.692706584930419922e+00,2.299398742616176605e-02
2.236732095479965210e-01,3.952551126480102539e+00,1.160983182489871979e-02
7.604384422302246094e-02,4.612312316894531250e+00,9.518766775727272034e-03
1.685355156660079956e-01,4.771616935729980469e+00,1.137734390795230865e-02
1.966349482536315918e-01,2.908655881881713867e+00,1.314336527138948441e-02
3.868789374828338623e-01,2.127541750669479370e-01,2.038011699914932251e-02
5.423282459378242493e-02,1.963455557823181152e+00,7.887018471956253052e-02
1.916662454605102539e-01,6.756633520126342773e-01,9.710176847875118256e-03
3.657126426696777344e-01,1.899415135383605957e+00,1.900101266801357269e-02
4.308073595166206360e-02,3.164184570312500000e+00,1.886594574898481369e-03
1.261923611164093018e-01,1.954020380973815918e+00,6.234372034668922424e-03
5.156000852584838867e-01,1.742735505104064941e+00,8.238619193434715271e-03
4.878059327602386475e-01,1.773575663566589355e+00,5.071058403700590134e-03
6.619172692298889160e-01,1.824304223060607910e+00,1.016634423285722733e-02
2.762262821197509766e-01,4.282730102539062500e+00,1.555245742201805115e-02
1.045827120542526245e-01,1.629888713359832764e-01,2.660844475030899048e-02
9.774085283279418945e-01,5.801731944084167480e-01,1.659417524933815002e-02
4.500548541545867920e-01,3.098556073382496834e-03,7.431178539991378784e-02
8.190150856971740723e-01,1.559171199798583984e+00,4.466147627681493759e-03
4.008514881134033203e-01,2.005024671554565430e+00,5.218265112489461899e-03
3.047261945903301239e-02,2.094786614179611206e-02,8.657600730657577515e-03
6.690939068794250488e-01,1.725363731384277344e+00,5.295556504279375076e-03
1.012338846921920776e-01,2.990210056304931641e+00,2.526140585541725159e-02
8.258982002735137939e-02,2.651036500930786133e+00,3.628030885010957718e-03
5.158246681094169617e-02,2.085206955671310425e-01,6.377481389790773392e-03
3.089739084243774414e-01,4.287829875946044922e+00,2.012918889522552490e-02
1.670617908239364624e-01,4.198661327362060547e+00,4.952534567564725876e-03
6.270273774862289429e-02,2.784372806549072266e+00,2.216714061796665192e-02
3.244009912014007568e-01,1.850336194038391113e+00,8.834618143737316132e-03
1.118456851691007614e-02,1.814109206199645996e+00,2.344964304938912392e-03
2.012438327074050903e-01,4.370871543884277344e+00,1.347137987613677979e-02
8.885987401008605957e-01,4.819371700286865234e+00,2.521930262446403503e-03
2.966316938400268555e-01,2.080234050750732422e+00,1.974047906696796417e-02
1.265372633934020996e-01,3.990555763244628906e+00,2.760370634496212006e-02
3.258845582604408264e-02,3.019765615463256836e+00,8.099403232336044312e-03
2.516399137675762177e-02,4.815131187438964844e+00,2.767525985836982727e-02
2.675352692604064941e-01,6.092009544372558594e-01,7.753973826766014099e-03
3.408516645431518555e-01,4.278308451175689697e-01,2.189598046243190765e-02
2.162927836179733276e-01,4.662601947784423828e+00,6.505967676639556885e-02
2.198182940483093262e-01,3.736702203750610352e+00,6.765116006135940552e-03
5.825586915016174316e-01,3.931838870048522949e-01,7.373714819550514221e-03
2.308354079723358154e-01,4.051060676574707031e+00,1.323935203254222870e-02
2.998596727848052979e-01,4.453857541084289551e-01,1.320185884833335876e-02
3.613962829113006592e-01,4.968820095062255859e+00,2.772499574348330498e-03
8.175016194581985474e-02,2.537523031234741211e+00,5.591865628957748413e-03
3.215402066707611084e-01,2.738006114959716797e+00,1.932395622134208679e-02
4.104767441749572754e-01,4.554782390594482422e+00,2.868732064962387085e-02
1.944404095411300659e-01,2.356667280197143555e+00,7.715763524174690247e-03
1.171400025486946106e-01,3.146888494491577148e+00,2.062034048140048981e-02
2.781394422054290771e-01,3.998630046844482422e+00,1.709095947444438934e-02
2.856284677982330322e-01,3.701293706893920898e+00,1.223784312605857849e-02
1.172777339816093445e-01,1.486418128013610840e+00,6.627385038882493973e-03
2.820406258106231689e-01,4.068810939788818359e+00,2.358527481555938721e-02
3.365524113178253174e-01,1.879279255867004395e+00,1.076531317085027695e-02
1.052008494734764099e-01,1.319209814071655273e+00,5.526303779333829880e-03
1.311492472887039185e-01,3.607701539993286133e+00,2.260963199660181999e-03
2.189027220010757446e-01,7.648343443870544434e-01,1.349832210689783096e-02
3.048697113990783691e-01,2.332527190446853638e-01,2.789924666285514832e-02
1.062733158469200134e-01,4.835950851440429688e+00,1.160860247910022736e-02
2.574130594730377197e-01,4.859595298767089844e+00,6.590250413864850998e-03
5.211135745048522949e-01,4.572824537754058838e-01,1.034090202301740646e-02
3.867621421813964844e-01,1.201687932014465332e+00,8.350996300578117371e-03
7.826633751392364502e-02,5.418885946273803711e-01,4.874833859503269196e-03
2.799653708934783936e-01,3.353163719177246094e+00,1.204540859907865524e-02
2.019715011119842529e-01,3.033022165298461914e+00,1.349852699786424637e-02
8.789550513029098511e-02,4.705904960632324219e+00,1.555952616035938263e-02
3.258125483989715576e-01,3.983326911926269531e+00,9.425802156329154968e-03
2.961862087249755859e-01,2.505610585212707520e-01,1.880909129977226257e-02
5.628363490104675293e-01,2.690019607543945312e-01,1.773874089121818542e-02
2.305668592453002930e-01,4.603905677795410156e-01,2.239891141653060913e-02
1.496182084083557129e-01,2.277232706546783447e-02,1.361858658492565155e-02
1.009089946746826172e-01,2.447519004344940186e-01,6.537083536386489868e-03
3.732392489910125732e-01,4.384559154510498047e+00,1.293884310871362686e-02
1.150590702891349792e-01,3.996794700622558594e+00,1.675198413431644440e-02
8.168481588363647461e-01,1.537408977746963501e-01,1.426759827882051468e-02
1.989588886499404907e-01,4.339375197887420654e-01,1.413114741444587708e-02
1.391221582889556885e-01,4.206921577453613281e+00,1.978708989918231964e-02
3.498174250125885010e-01,4.148408412933349609e+00,3.009546780958771706e-03
2.040537446737289429e-01,3.495484352111816406e+00,4.979118239134550095e-03
3.591888546943664551e-01,6.653661131858825684e-01,3.154372051358222961e-02
1.570857614278793335e-01,4.369376003742218018e-01,9.107314050197601318e-03
1.463910639286041260e-01,4.093379974365234375e+00,6.163995712995529175e-03
4.031106233596801758e-01,4.647641658782958984e+00,2.022276865318417549e-03
1.180029436945915222e-01,9.886150956153869629e-01,2.174283191561698914e-02
1.514621824026107788e-01,5.065765380859375000e-01,3.455854207277297974e-02
1.002311110496520996e-01,4.203446388244628906e+00,7.962337695062160492e-03
2.930514812469482422e-01,4.361028969287872314e-01,5.686315707862377167e-03
1.924862414598464966e-01,4.356377601623535156e+00,6.562898401170969009e-03
2.156980633735656738e-01,4.220108985900878906e+00,9.731279686093330383e-03
2.151198089122772217e-01,5.829687714576721191e-01,1.476643234491348267e-02
2.293433994054794312e-01,3.093587398529052734e+00,1.685032621026039124e-02
2.071952372789382935e-01,4.196562767028808594e+00,1.156347803771495819e-03
4.435232877731323242e-01,4.662931442260742188e+00,3.677765838801860809e-03
1.416728347539901733e-01,1.906816959381103516e+00,7.674172520637512207e-03
1.918423920869827271e-01,1.940291762351989746e+00,5.074950866401195526e-03
2.664595544338226318e-01,4.770042419433593750e+00,1.350334100425243378e-02
9.674341976642608643e-02,1.934821963310241699e+00,1.625699177384376526e-02
6.424145102500915527e-01,4.537005901336669922e+00,3.583520650863647461e-03
9.175208210945129395e-02,2.984630107879638672e+00,2.415187191218137741e-03
3.724597394466400146e-01,4.931865632534027100e-01,7.404344622045755386e-03
4.201645553112030029e-01,1.778545856475830078e+00,8.273243904113769531e-03
2.301844507455825806e-01,1.857476830482482910e+00,1.330091897398233414e-02
3.900333940982818604e-01,1.951282382011413574e+00,1.469272654503583908e-02
6.910449862480163574e-01,1.643197894096374512e+00,8.076763711869716644e-03
1.972186118364334106e-01,3.656279563903808594e+00,4.987057298421859741e-03
3.933101594448089600e-01,1.894244790077209473e+00,1.463746000081300735e-02
7.504000663757324219e-01,2.431066989898681641e+00,2.420841902494430542e-02
1.039658561348915100e-01,3.775284528732299805e+00,5.146966781467199326e-03
1.521502882242202759e-01,4.968113422393798828e+00,5.894792079925537109e-02
1.685320585966110229e-01,1.038468956947326660e+00,6.704266183078289032e-03
4.170919656753540039e-01,4.521974563598632812e+00,1.601973921060562134e-02
8.397331833839416504e-02,3.273222595453262329e-02,1.483291573822498322e-02
8.403067290782928467e-02,1.566736102104187012e-01,4.482230544090270996e-02
3.202781081199645996e-01,3.374825954437255859e+00,1.492168102413415909e-02
1.985524296760559082e-01,2.955038547515869141e+00,1.771067269146442413e-02
2.092198133468627930e-01,3.960575103759765625e+00,1.493192464113235474e-02
1.808437108993530273e-01,4.139505386352539062e+00,2.318842103704810143e-03
4.161886870861053467e-01,1.771115660667419434e+00,3.768425667658448219e-03
1.598655879497528076e-01,3.101249217987060547e+00,3.817596938461065292e-03
3.310539126396179199e-01,3.933387517929077148e+00,6.425049901008605957e-02
3.027580678462982178e-01,3.747016489505767822e-01,1.079276762902736664e-02
1.658501178026199341e-01,4.682883262634277344e+00,5.000271834433078766e-03
2.948243916034698486e-01,4.830625057220458984e+00,7.263283710926771164e-03
3.430458903312683105e-01,4.714270114898681641e+00,3.718588268384337425e-03
1.318118572235107422e-01,3.643148243427276611e-01,5.922440905123949051e-03
1.730320900678634644e-01,2.679595232009887695e+00,6.112467963248491287e-03
1.337679624557495117e-01,3.129187583923339844e+00,1.861972920596599579e-02
7.576277256011962891e-01,1.684384942054748535e+00,4.635430406779050827e-03
2.003175914287567139e-01,2.384453058242797852e+00,1.774719357490539551e-02
3.381509184837341309e-01,4.876989841461181641e+00,6.777152884751558304e-03
7.677019387483596802e-02,3.319989442825317383e+00,3.611809387803077698e-02
3.852322399616241455e-01,4.174738407135009766e+00,2.036823518574237823e-02
9.510775655508041382e-02,7.698782086372375488e-01,9.221842512488365173e-03
9.640794992446899414e-02,2.083026409149169922e+00,5.649575218558311462e-02
3.936018943786621094e-01,4.233100891113281250e+00,5.692564416676759720e-03
4.938831627368927002e-01,1.744272470474243164e+00,6.473570596426725388e-03
1.031423062086105347e-01,4.800457060337066650e-01,2.184839732944965363e-02
7.885368913412094116e-02,2.372842878103256226e-01,3.056592494249343872e-02
3.426045477390289307e-01,1.842457175254821777e+00,1.535935793071985245e-02
1.195701956748962402e-01,6.527717113494873047e-01,1.253435760736465454e-02
3.797966539859771729e-01,3.070849776268005371e-01,5.291664041578769684e-03
1.855597048997879028e-01,2.761359930038452148e+00,1.038254424929618835e-02
7.720327377319335938e-02,2.176179647445678711e+00,5.104043986648321152e-03
2.282394319772720337e-01,1.824419140815734863e+00,1.359635777771472931e-02
9.951726347208023071e-02,1.955480724573135376e-01,8.431412279605865479e-03
8.120175451040267944e-02,5.579633712768554688e-01,7.138409186154603958e-03
3.638859093189239502e-01,2.150661230087280273e+00,2.250401489436626434e-02
2.841423749923706055e-01,4.879483699798583984e+00,4.849172197282314301e-03
1.798577308654785156e-01,3.289616584777832031e+00,7.011075504124164581e-03
3.140116631984710693e-01,4.024649620056152344e+00,1.368809305131435394e-02
4.237397909164428711e-01,1.849587917327880859e+00,1.435841154307126999e-02
3.370241224765777588e-01,4.418826699256896973e-01,4.196626599878072739e-03
3.100522160530090332e-01,1.195264458656311035e+00,2.582979574799537659e-02
2.120840847492218018e-01,5.892124176025390625e-01,7.082425523549318314e-03
3.350039422512054443e-01,7.062855958938598633e-01,1.788810081779956818e-02
3.596101701259613037e-01,4.180135250091552734e+00,2.955540083348751068e-02
4.976861923933029175e-02,7.564819455146789551e-01,2.104874700307846069e-02
3.234604001045227051e-01,1.940127968788146973e+00,4.289437551051378250e-03
3.234941065311431885e-01,4.245233058929443359e+00,2.555976249277591705e-02
1.596890240907669067e-01,2.903480052947998047e+00,2.774763479828834534e-02
2.662028670310974121e-01,4.660459995269775391e+00,6.083477288484573364e-03
4.599614441394805908e-02,5.896875262260437012e-01,2.598709240555763245e-02
7.447558641433715820e-02,7.568615078926086426e-01,1.621012575924396515e-02
2.413319498300552368e-01,4.138000488281250000e+00,1.491210237145423889e-02
3.377942740917205811e-01,4.562541484832763672e+00,5.607026629149913788e-03
1.237036734819412231e-01,4.660804748535156250e+00,1.790116168558597565e-02
3.780093789100646973e-01,1.349988818168640137e+00,1.242771651595830917e-02
5.329186562448740005e-03,4.684847354888916016e+00,1.877067610621452332e-03
2.806443274021148682e-01,3.268223762512207031e+00,1.543603464961051941e-02
1.643491089344024658e-01,4.346521377563476562e+00,5.293866153806447983e-03
7.151524424552917480e-01,4.761817455291748047e+00,4.502513911575078964e-03
1.253622174263000488e-01,4.589991867542266846e-01,5.655429791659116745e-03
3.341603577136993408e-01,3.498896598815917969e+00,6.067086942493915558e-03
4.638938307762145996e-01,3.082407474517822266e+00,3.510490804910659790e-02
2.697691321372985840e-01,1.721217870712280273e+00,1.619762741029262543e-02
4.332723915576934814e-01,3.959242343902587891e+00,1.548213232308626175e-02
9.134436398744583130e-02,1.312071442604064941e+00,2.411929704248905182e-02
2.822504043579101562e-01,4.909012794494628906e+00,3.107659146189689636e-02
6.870495080947875977e-01,3.265844583511352539e+00,7.103169336915016174e-03
3.895353078842163086e-01,1.887176990509033203e+00,4.034053534269332886e-03
2.419838309288024902e-01,3.528601408004760742e+00,5.128732416778802872e-03
3.143652677536010742e-01,3.651744842529296875e+00,4.964212886989116669e-03
4.152232408523559570e-01,1.940636783838272095e-01,4.385731648653745651e-03
2.874274551868438721e-01,4.731815338134765625e+00,4.792522639036178589e-02
2.939891517162322998e-01,1.880011558532714844e+00,4.077795892953872681e-03
2.304372638463973999e-01,2.395472824573516846e-01,7.193675730377435684e-03
4.188734591007232666e-01,1.886828303337097168e+00,1.333451922982931137e-02
5.455029010772705078e-02,2.088441610336303711e+00,2.022532979026436806e-03
1.951424777507781982e-01,3.361401796340942383e+00,1.141990721225738525e-02
3.682360947132110596e-01,5.733701586723327637e-01,6.618319079279899597e-03
3.813593387603759766e-01,2.144575834274291992e+00,5.719521641731262207e-02
6.509339809417724609e-02,4.079653739929199219e+00,1.023472286760807037e-02
1.075692325830459595e-01,3.943544149398803711e+00,7.268201094120740891e-03
3.222444057464599609e-01,4.851611137390136719e+00,2.984351478517055511e-02
3.269106745719909668e-01,1.891583204269409180e+00,1.858566887676715851e-02
1.479263305664062500e-01,3.823778152465820312e+00,1.846345700323581696e-02
3.374956250190734863e-01,1.886048555374145508e+00,7.442283630371093750e-02
5.788453817367553711e-01,2.449781000614166260e-01,6.487399805337190628e-03
1.502671986818313599e-01,7.563242912292480469e-01,7.741783279925584793e-03
2.101573050022125244e-01,4.826282024383544922e+00,4.956427495926618576e-03
5.170910060405731201e-02,1.926509857177734375e+00,3.977199271321296692e-02
3.239035308361053467e-01,2.991137266159057617e+00,5.881556868553161621e-02
6.350721120834350586e-01,4.482960700988769531e-01,3.240862488746643066e-02
2.970103621482849121e-01,4.956926345825195312e+00,3.026413545012474060e-02
3.093099594116210938e-01,2.015276908874511719e+00,1.598419249057769775e-02
3.269684016704559326e-01,1.067017689347267151e-01,8.954371325671672821e-03
2.543905377388000488e-01,3.375281572341918945e+00,2.130935527384281158e-02
4.051635265350341797e-01,4.538324832916259766e+00,9.787672897800803185e-04
4.725767765194177628e-03,3.281275510787963867e+00,1.467920374125242233e-03
3.400402963161468506e-01,3.419433116912841797e+00,1.884135976433753967e-02
1.118388772010803223e-01,3.641424179077148438e+00,6.064730696380138397e-03
5.983899235725402832e-01,4.267400264739990234e+00,1.278625801205635071e-02
2.053972780704498291e-01,4.968549728393554688e+00,4.685031995177268982e-02
3.333873450756072998e-01,4.556190371513366699e-01,2.154271490871906281e-02
3.641082048416137695e-01,3.941883742809295654e-01,4.077027551829814911e-03
1.024042740464210510e-01,1.838399291038513184e+00,4.011737182736396790e-02
3.399106562137603760e-01,2.101609468460083008e+00,9.621206670999526978e-02
1.519606411457061768e-01,6.667751073837280273e-01,2.109438367187976837e-02
1.059167385101318359e-01,4.020745754241943359e+00,5.066294688731431961e-03
2.879324257373809814e-01,3.504889249801635742e+00,1.591330394148826599e-02
4.232809543609619141e-01,4.891277313232421875e+00,8.157077245414257050e-03
3.430782854557037354e-01,3.412261903285980225e-01,8.331839926540851593e-03
1.215129643678665161e-01,2.484055995941162109e+00,2.602346008643507957e-03
2.701299786567687988e-01,4.500164091587066650e-01,1.901617459952831268e-02
7.378057390451431274e-02,4.800242424011230469e+00,4.431845247745513916e-02
3.228683471679687500e-01,1.847113847732543945e+00,4.261573776602745056e-03
4.285525679588317871e-01,8.613836765289306641e-01,5.482561420649290085e-03
2.369955033063888550e-01,2.315161705017089844e+00,3.724785987287759781e-03
3.190473318099975586e-01,4.889422416687011719e+00,3.531532129272818565e-03
1.860209107398986816e-01,4.629811286926269531e+00,2.349476888775825500e-02
1.254066824913024902e-01,2.415640115737915039e+00,1.160952448844909668e-02
3.468710184097290039e-01,2.929424762725830078e+00,2.337373420596122742e-02
8.377598971128463745e-02,1.928163051605224609e+00,4.214707296341657639e-03
3.322868347167968750e-01,4.839746475219726562e+00,6.573962047696113586e-03
2.915663123130798340e-01,4.773870468139648438e+00,1.030996534973382950e-02
2.264449596405029297e-01,1.887032389640808105e+00,8.701855316758155823e-03
3.563160598278045654e-01,1.651909351348876953e+00,7.879770360887050629e-03
5.252066068351268768e-03,2.927771091461181641e+00,6.493597757071256638e-03
3.622954487800598145e-01,3.017483949661254883e+00,7.508680224418640137e-03
5.155496299266815186e-02,4.490852653980255127e-01,7.759351748973131180e-03
3.169257640838623047e-01,3.862350702285766602e+00,4.804969357792288065e-04
1.246980801224708557e-01,2.977712154388427734e+00,5.649642087519168854e-03
1.926156431436538696e-01,2.562414169311523438e+00,1.442489586770534515e-02
3.803027272224426270e-01,4.304778575897216797e+00,1.269211526960134506e-02
1.070755869150161743e-01,3.659797191619873047e+00,1.580753363668918610e-02
4.778981581330299377e-02,2.303882598876953125e+00,7.891551591455936432e-03
2.931356728076934814e-01,4.185177326202392578e+00,2.093934081494808197e-02
1.963820010423660278e-01,4.829182147979736328e+00,8.595009334385395050e-03
3.035810887813568115e-01,2.238658905029296875e+00,7.494312524795532227e-02
7.017543539404869080e-03,4.865638256072998047e+00,1.357228402048349380e-02
1.000317782163619995e-01,2.909794807434082031e+00,4.885640926659107208e-03
4.013244509696960449e-01,4.303317070007324219e+00,5.908355116844177246e-03
8.182203024625778198e-02,3.875843286514282227e+00,2.083392813801765442e-02
1.652149856090545654e-01,4.458187103271484375e+00,3.754237666726112366e-03
3.926172554492950439e-01,4.710483551025390625e+00,3.313267230987548828e-02
2.594184279441833496e-01,4.198134899139404297e+00,2.746003307402133942e-02
1.212366446852684021e-01,2.472860813140869141e+00,1.588497869670391083e-02
3.810926899313926697e-02,2.770882606506347656e+00,2.577862702310085297e-03
2.806257903575897217e-01,3.874346256256103516e+00,4.691516514867544174e-03
8.030387759208679199e-02,3.572695732116699219e+00,1.809748820960521698e-02
1.284135133028030396e-01,5.607624053955078125e-01,7.723497692495584488e-03
7.382476329803466797e-02,5.034542083740234375e-01,1.918601989746093750e-02
1.268705129623413086e-01,1.977864265441894531e+00,2.476620860397815704e-02
8.357997983694076538e-02,4.317950606346130371e-01,6.851473357528448105e-03
2.964903414249420166e-02,3.323686599731445312e+00,2.776366658508777618e-02
1.498627290129661560e-02,4.870631694793701172e+00,1.684033870697021484e-02
2.377650439739227295e-01,2.467787504196166992e+00,6.796821486204862595e-03
2.923316508531570435e-02,3.964972019195556641e+00,1.234310120344161987e-02
3.715983331203460693e-01,2.527109086513519287e-01,4.041577875614166260e-02
3.441300392150878906e-01,4.208520889282226562e+00,5.708084441721439362e-03
3.710967600345611572e-01,1.916371107101440430e+00,1.949769631028175354e-02
1.088683214038610458e-02,4.879045009613037109e+00,2.934867748990654945e-03
2.546274960041046143e-01,4.176357746124267578e+00,3.153834119439125061e-02
1.104811504483222961e-01,3.125458240509033203e+00,9.671454317867755890e-03
2.770325243473052979e-01,3.831333398818969727e+00,7.390873506665229797e-03
4.473426565527915955e-02,4.142037868499755859e+00,3.739895997568964958e-03
1.179454177618026733e-01,4.766223907470703125e+00,8.791080676019191742e-03
1.309436559677124023e-01,3.788503110408782959e-01,1.258547510951757431e-02
2.342516779899597168e-01,4.387858390808105469e+00,9.582228027284145355e-03
4.494931697845458984e-01,4.235833168029785156e+00,2.662580925971269608e-03
4.121179580688476562e-01,2.561651229858398438e+00,1.254367921501398087e-02
7.331518922001123428e-03,1.768572181463241577e-01,9.447212330996990204e-03
5.270181968808174133e-02,3.918764591217041016e+00,3.681863425299525261e-03
1.222970560193061829e-01,4.053179264068603516e+00,4.812754690647125244e-03
4.640199244022369385e-01,4.830261170864105225e-01,8.409643545746803284e-03
6.936480849981307983e-02,1.491965889930725098e+00,2.257316187024116516e-02
6.563241034746170044e-02,3.038496732711791992e+00,4.490016028285026550e-03
3.322489857673645020e-01,2.005725383758544922e+00,2.876066835597157478e-03
4.333619177341461182e-01,2.168859243392944336e-01,8.484373800456523895e-03
1.266995221376419067e-01,3.429250478744506836e+00,1.189902145415544510e-02
3.489002287387847900e-01,1.939043760299682617e+00,7.230861578136682510e-03
3.774304389953613281e-01,2.222523450851440430e+00,3.347272425889968872e-02
2.469952106475830078e-01,4.107413291931152344e+00,2.104372717440128326e-02
1.518067419528961182e-01,4.838857173919677734e+00,1.892203092575073242e-02
1.973954141139984131e-01,3.438281774520874023e+00,1.213781069964170456e-02
2.243215963244438171e-02,2.371140956878662109e+00,2.043943153694272041e-03
4.313182532787322998e-01,1.732388973236083984e+00,1.889708638191223145e-02
4.163208901882171631e-01,4.141610145568847656e+00,1.541360002011060715e-02
1.178902387619018555e-02,2.760495185852050781e+00,7.212319876998662949e-03
3.158357441425323486e-01,2.357659101486206055e+00,6.677324417978525162e-03
2.027145028114318848e-01,3.147651672363281250e+00,3.533478360623121262e-03
2.941790223121643066e-01,4.020189762115478516e+00,9.103575721383094788e-03
4.017457962036132812e-01,3.690459966659545898e+00,2.217200584709644318e-02
4.014856517314910889e-01,2.850673913955688477e+00,2.521218173205852509e-02
3.168708086013793945e-01,4.628767490386962891e+00,2.966009546071290970e-03
2.472334951162338257e-01,1.933734178543090820e+00,1.814066618680953979e-02
3.868150711059570312e-01,1.891737461090087891e+00,4.751649219542741776e-03
2.655395492911338806e-02,1.970125794410705566e+00,6.701500620692968369e-03
2.940353453159332275e-01,4.631157219409942627e-01,3.978490084409713745e-02
2.305842339992523193e-01,1.888928771018981934e+00,7.478408981114625931e-03
4.238184988498687744e-01,4.579336643218994141e+00,1.532493717968463898e-02
8.973060548305511475e-02,2.132773876190185547e+00,1.611419022083282471e-02
9.444652497768402100e-02,2.698055982589721680e+00,1.539930887520313263e-02
2.497044354677200317e-01,4.820751190185546875e+00,1.597999222576618195e-02
2.952683866024017334e-01,4.880707740783691406e+00,1.516277436167001724e-02
3.684067130088806152e-01,4.761258602142333984e+00,2.077435888350009918e-02
2.509563565254211426e-01,1.828986167907714844e+00,2.387733198702335358e-02
2.349816113710403442e-01,4.410021781921386719e+00,1.447473280131816864e-02
4.156938791275024414e-01,1.996342062950134277e+00,6.401144899427890778e-03
3.355751931667327881e-01,2.300984263420104980e-01,6.114311981946229935e-03
3.312078118324279785e-01,4.599730491638183594e+00,2.968212123960256577e-03
2.247722148895263672e-01,3.609261989593505859e+00,3.011006489396095276e-02
1.382505446672439575e-01,4.361596107482910156e+00,4.570022225379943848e-03
2.273038029670715332e-01,3.171509027481079102e+00,1.734024845063686371e-02
2.605381011962890625e-01,2.550553321838378906e+00,1.943500153720378876e-02
1.614477299153804779e-02,4.915463447570800781e+00,7.238185964524745941e-03
3.528668880462646484e-01,2.887829542160034180e+00,7.105679251253604889e-03
1.632624715566635132e-01,3.341012477874755859e+00,1.320098876021802425e-03
2.245569042861461639e-02,4.779523015022277832e-01,6.710310466587543488e-03
1.488631367683410645e-01,3.305456340312957764e-01,9.973090142011642456e-03
5.488261207938194275e-02,3.878386735916137695e+00,2.074111811816692352e-02
2.894599139690399170e-01,8.034424185752868652e-01,3.799695521593093872e-02
9.936489164829254150e-02,3.928801536560058594e+00,1.217161584645509720e-02
1.593004167079925537e-01,1.349423646926879883e+00,1.215389370918273926e-02
7.998226583003997803e-02,1.093669295310974121e+00,8.653912693262100220e-03
3.484877943992614746e-01,3.983352184295654297e+00,2.295229583978652954e-03
4.394235014915466309e-01,4.337533935904502869e-02,4.899163264781236649e-03
3.173531591892242432e-01,3.209759712219238281e+00,2.848612843081355095e-03
6.003793329000473022e-02,2.076788902282714844e+00,2.353261969983577728e-02
2.853288650512695312e-01,2.119486093521118164e+00,3.644856810569763184e-02
5.409223213791847229e-02,2.890660524368286133e+00,3.042286634445190430e-02
1.034512370824813843e-02,2.068658351898193359e+00,3.750242292881011963e-03
2.356291562318801880e-01,1.789860129356384277e+00,5.184505879878997803e-02
2.950562238693237305e-01,3.580682516098022461e+00,4.389931913465261459e-03
1.926395446062088013e-01,4.230684280395507812e+00,1.978719234466552734e-02
1.003322098404169083e-02,1.662536740303039551e+00,8.093973621726036072e-03
3.069760203361511230e-01,1.778254151344299316e+00,1.232875883579254150e-02
1.125230789184570312e-01,1.825200557708740234e+00,2.555838041007518768e-02
2.158492803573608398e-01,3.188100814819335938e+00,2.903213491663336754e-03
2.798490524291992188e-01,4.660599708557128906e+00,5.058150738477706909e-03
7.042980939149856567e-02,4.985766410827636719e+00,9.564403444528579712e-03
6.148946881294250488e-01,1.611329793930053711e+00,4.556704778224229813e-03
1.274574548006057739e-01,2.748779654502868652e-01,2.546562068164348602e-02
5.369937419891357422e-02,4.762281894683837891e+00,1.642827317118644714e-02
3.208806514739990234e-01,1.521381884813308716e-01,9.348305873572826385e-03
8.887381851673126221e-02,3.803130626678466797e+00,3.535168711096048355e-03
3.617466688156127930e-01,1.850020051002502441e+00,2.118401974439620972e-02
2.697858512401580811e-01,4.885525226593017578e+00,7.114950101822614670e-03
7.805346697568893433e-02,4.045624256134033203e+00,5.534959957003593445e-03
1.163966879248619080e-01,7.378454804420471191e-01,1.692664436995983124e-02
9.529633820056915283e-02,2.008234739303588867e+00,7.678065448999404907e-03
3.942671716213226318e-01,1.858735203742980957e+00,7.079608272761106491e-03
2.421783208847045898e-01,4.640386581420898438e+00,7.613563537597656250e-02
5.874105170369148254e-02,3.135390520095825195e+00,1.931478828191757202e-02
4.581491649150848389e-02,1.676139831542968750e+00,9.764828719198703766e-03
9.904614835977554321e-02,1.980947017669677734e+00,7.245459128171205521e-03
2.281746566295623779e-01,8.310503959655761719e-01,1.308123581111431122e-02
2.824917435646057129e-01,1.876872301101684570e+00,1.597343757748603821e-02
4.169304668903350830e-01,3.795562982559204102e+00,2.915608929470181465e-03
1.706346273422241211e-01,4.836041927337646484e+00,1.216490566730499268e-02
3.546477854251861572e-01,4.634985327720642090e-01,2.761605009436607361e-02
2.191327214241027832e-01,4.377141594886779785e-01,2.626286260783672333e-02
6.738945841789245605e-02,8.919828534126281738e-01,9.953523986041545868e-03
1.715462207794189453e-01,2.953416481614112854e-02,1.791089214384555817e-02
3.473320901393890381e-01,2.022136926651000977e+00,5.512166768312454224e-03
3.844787180423736572e-01,7.906728982925415039e-02,1.035155635327100754e-02
5.200500786304473877e-02,1.948204040527343750e-01,1.557714585214853287e-02
3.642760813236236572e-01,2.821983098983764648e+00,2.452895604074001312e-02
2.873159945011138916e-01,3.521680593490600586e+00,1.890185102820396423e-02
3.120796680450439453e-01,3.687817335128784180e+00,2.112783025950193405e-03
3.080563247203826904e-02,2.248621702194213867e+00,6.733051966875791550e-03
3.171516954898834229e-01,4.145260810852050781e+00,9.034991264343261719e-03
1.402972042560577393e-01,1.744164347648620605e+00,5.398048087954521179e-03
3.288506567478179932e-01,2.188956260681152344e+00,5.925580859184265137e-02
8.582811802625656128e-02,1.887387156486511230e+00,6.985158193856477737e-03
2.658249139785766602e-01,1.933615565299987793e+00,9.061728604137897491e-03
3.296601772308349609e-01,4.738030433654785156e+00,1.591463573276996613e-02
1.009288951754570007e-01,5.111582875251770020e-01,6.927535403519868851e-03
2.221964299678802490e-01,4.866880893707275391e+00,1.418293174356222153e-02
1.274064928293228149e-01,4.153569221496582031e+00,6.177927367389202118e-03
3.760423958301544189e-01,4.436306476593017578e+00,1.438632700592279434e-02
7.666260004043579102e-03,3.057640552520751953e+00,3.080589231103658676e-03
3.051747381687164307e-01,3.493665933609008789e+00,2.616385370492935181e-02
2.518852949142456055e-01,4.430934906005859375e+00,6.046957336366176605e-03
3.361791372299194336e-01,8.686780929565429688e-01,7.166375406086444855e-03
2.765198051929473877e-01,2.650508403778076172e+00,2.933469414710998535e-02
8.282359689474105835e-02,4.554738998413085938e+00,1.057846192270517349e-02
8.344484120607376099e-02,5.513747334480285645e-01,3.619185090065002441e-02
1.705304086208343506e-01,4.972203254699707031e+00,2.094681747257709503e-02
8.622428774833679199e-01,4.576802730560302734e+00,9.080807864665985107e-02
2.885904908180236816e-01,4.060074806213378906e+00,2.091854438185691833e-02
1.051276400685310364e-01,2.505452156066894531e+00,3.478928934782743454e-03
1.471124887466430664e-01,4.823998451232910156e+00,2.187846228480339050e-02
2.608164250850677490e-01,4.869921207427978516e+00,1.838893070816993713e-02
1.565008610486984253e-01,3.247276306152343750e+00,7.827321067452430725e-03
9.552835673093795776e-02,4.203897416591644287e-01,3.183372691273689270e-02
3.831245601177215576e-01,1.631958484649658203e+00,1.119515299797058105e-02
2.917162477970123291e-01,4.679560184478759766e+00,1.681954413652420044e-02
1.697819828987121582e-01,4.703498363494873047e+00,8.092846721410751343e-03
1.447683572769165039e-01,9.672288894653320312e-01,8.918106555938720703e-03
2.103418111801147461e-01,1.900872349739074707e+00,4.261676222085952759e-03
2.394513189792633057e-01,4.215418815612792969e+00,5.465556401759386063e-03
3.216114938259124756e-01,3.880348205566406250e+00,4.789352044463157654e-02
3.187791705131530762e-01,1.634507060050964355e+00,7.949174381792545319e-03
3.837217390537261963e-01,2.240997076034545898e+00,2.148432424291968346e-03
3.637671843171119690e-02,6.566414833068847656e-01,3.766863420605659485e-02
1.578992456197738647e-01,2.216684341430664062e+00,7.569990586489439011e-03
3.751969933509826660e-01,1.487119793891906738e+00,7.634118199348449707e-03
1.820006221532821655e-01,4.866635322570800781e+00,2.746515534818172455e-02
2.578817903995513916e-01,1.962979912757873535e+00,2.230487205088138580e-02
5.939274281263351440e-02,1.537382125854492188e+00,1.250505913048982620e-02
2.013988941907882690e-01,2.309947729110717773e+00,7.956139743328094482e-03
5.057015419006347656e-01,2.817697450518608093e-02,6.074513774365186691e-03
2.334782183170318604e-01,4.877869129180908203e+00,1.790203154087066650e-02
3.314982354640960693e-01,4.673715114593505859e+00,2.203596569597721100e-02
3.111962974071502686e-01,4.178393185138702393e-01,7.261952385306358337e-03
2.104519903659820557e-01,4.946918010711669922e+00,1.622190698981285095e-02
1.626310348510742188e-01,3.446505784988403320e+00,9.433330968022346497e-03
4.993194714188575745e-02,2.761688709259033203e+00,2.990492852404713631e-03
2.676736712455749512e-01,5.215895771980285645e-01,1.190649997442960739e-02
2.273963950574398041e-02,2.596529960632324219e+00,3.899651812389492989e-03
4.466097801923751831e-02,3.212241172790527344e+00,9.298160672187805176e-03
1.513586342334747314e-01,2.103617340326309204e-01,2.101238071918487549e-02
2.383495271205902100e-01,3.389909505844116211e+00,3.535066265612840652e-03
4.679319262504577637e-02,2.176793813705444336e+00,1.668324694037437439e-02
6.152049824595451355e-02,1.861531376838684082e+00,4.123776033520698547e-02
2.667354345321655273e-01,5.993432998657226562e-01,8.839740417897701263e-03
1.194192394614219666e-01,1.931392073631286621e+00,8.605356328189373016e-03
3.804897367954254150e-01,4.724834442138671875e+00,1.862879656255245209e-02
2.997085750102996826e-01,4.841581821441650391e+00,6.101916544139385223e-03
1.647225767374038696e-01,2.959256887435913086e+00,7.021114695817232132e-03
1.496578305959701538e-01,4.031250953674316406e+00,2.962285839021205902e-02
3.205792009830474854e-01,4.177962541580200195e-01,9.445060975849628448e-03
2.197655141353607178e-01,2.603910207748413086e+00,1.119187474250793457e-02
1.735137253999710083e-01,3.604554891586303711e+00,7.483069784939289093e-03
3.660506308078765869e-01,4.578035831451416016e+00,8.778173476457595825e-03
6.991566717624664307e-02,4.243545055389404297e+00,6.160102784633636475e-03
3.552134335041046143e-01,4.839773654937744141e+00,1.835912093520164490e-02
8.825485408306121826e-02,4.799269676208496094e+00,1.547035202383995056e-02
7.968048453330993652e-01,4.457170486450195312e+00,1.866951584815979004e-02
1.109239012002944946e-01,2.156330347061157227e-01,4.457834362983703613e-02
3.787535727024078369e-01,4.106297194957733154e-01,4.931073635816574097e-03
6.076822802424430847e-02,1.948739051818847656e+00,8.534211665391921997e-03
1.104891300201416016e-01,2.848527193069458008e+00,3.605319932103157043e-02
1.186638604849576950e-02,4.385059833526611328e+00,5.570967681705951691e-03
2.673740088939666748e-01,1.951419591903686523e+00,5.296171177178621292e-03
5.051737427711486816e-01,4.829681396484375000e+00,1.619414426386356354e-02
2.686151564121246338e-01,4.120342254638671875e+00,5.563592072576284409e-03
3.289412856101989746e-01,4.963486194610595703e+00,1.404699310660362244e-02
2.504319250583648682e-01,3.988581597805023193e-01,2.327375300228595734e-02
5.367221236228942871e-01,9.064060449600219727e-01,7.892729714512825012e-03
1.933170855045318604e-01,7.429032325744628906e-01,7.590683642774820328e-03
3.795942366123199463e-01,3.263781547546386719e+00,1.784461433999240398e-03
1.390351168811321259e-02,8.053805828094482422e-01,2.409173920750617981e-02
3.013120964169502258e-02,1.346268773078918457e+00,4.065441340208053589e-02
7.316955178976058960e-02,4.876708984375000000e+00,7.060042116791009903e-03
2.924867905676364899e-02,4.094911575317382812e+00,1.375887915492057800e-02
1.789672523736953735e-01,4.157250523567199707e-01,9.307585656642913818e-03
3.004426956176757812e-01,4.223311543464660645e-01,1.143583748489618301e-02
2.766485810279846191e-01,9.457439780235290527e-01,7.428930141031742096e-03
1.896643638610839844e-01,3.443655014038085938e+00,1.663556136190891266e-02
6.045653223991394043e-01,2.920430183410644531e+00,5.112725868821144104e-02
3.162776678800582886e-02,9.197137355804443359e-01,7.684672717005014420e-03
4.251021146774291992e-01,2.675705194473266602e+00,1.521727256476879120e-02
2.940466403961181641e-01,2.877356767654418945e+00,2.194551005959510803e-02
2.213458269834518433e-01,2.701111078262329102e+00,2.490798570215702057e-02
4.062024950981140137e-01,1.492323279380798340e-01,1.411127392202615738e-02
2.270414382219314575e-01,2.598657846450805664e+00,2.119902754202485085e-03
4.062081277370452881e-01,1.998960256576538086e+00,7.572398055344820023e-03
2.336771637201309204e-01,4.835586547851562500e+00,5.809126421809196472e-02
3.325798511505126953e-01,1.837228417396545410e+00,3.786147804930806160e-03
2.339615970849990845e-01,4.783687114715576172e+00,1.336289569735527039e-02
2.843297086656093597e-02,4.041959285736083984e+00,7.535570766776800156e-03
4.672493636608123779e-01,1.887280702590942383e+00,3.028293373063206673e-03
1.234897226095199585e-01,4.803980827331542969e+00,2.194387093186378479e-02
2.982690632343292236e-01,2.139587879180908203e+00,2.182145416736602783e-02
2.126484960317611694e-01,5.681422948837280273e-01,2.179620228707790375e-02
9.105036407709121704e-02,4.727171421051025391e+00,1.947987079620361328e-02
3.967404663562774658e-01,2.862416028976440430e+00,1.541800424456596375e-02
1.172447353601455688e-01,3.468419313430786133e+00,9.657521732151508331e-03
1.321574151515960693e-01,3.800042629241943359e+00,2.376454509794712067e-02
2.972746491432189941e-01,4.307664632797241211e-01,1.026350818574428558e-02
3.865208476781845093e-02,3.912771224975585938e+00,2.063160948455333710e-02
5.915237069129943848e-01,1.672591686248779297e+00,2.113766409456729889e-02
6.966707110404968262e-02,1.962671518325805664e+00,9.479583241045475006e-03
1.945106834173202515e-01,3.571653127670288086e+00,1.495512761175632477e-02
1.568502187728881836e-02,8.945715427398681641e-01,4.589742049574851990e-03
3.826412558555603027e-01,3.460370540618896484e+00,4.881466552615165710e-02
2.835877239704132080e-01,4.011294841766357422e+00,1.548894494771957397e-02
4.357724785804748535e-01,2.395721197128295898e+00,2.620964497327804565e-02
4.450230896472930908e-01,6.801023483276367188e-01,3.985256329178810120e-02
1.676726788282394409e-01,4.652539730072021484e+00,2.070941217243671417e-02
2.816221415996551514e-01,4.131746292114257812e+00,1.868262887001037598e-02
3.405180275440216064e-01,2.002657413482666016e+00,5.246128886938095093e-03
3.013489246368408203e-01,1.757918834686279297e+00,5.705164745450019836e-03
9.446421638131141663e-03,1.561039566993713379e+00,3.648160491138696671e-03
8.705371618270874023e-02,1.983285784721374512e+00,6.435565184801816940e-03
3.342480361461639404e-01,1.775116086006164551e+00,3.470631083473563194e-03
2.620115280151367188e-01,2.448296546936035156e+00,4.322526045143604279e-03
4.617067277431488037e-01,3.043555498123168945e+00,9.152029524557292461e-04
8.661113679409027100e-02,1.947841882705688477e+00,8.188474923372268677e-03
4.400853067636489868e-02,1.168000578880310059e+00,4.975686315447092056e-03
3.417178094387054443e-01,4.819252967834472656e+00,4.046141635626554489e-03
1.603622734546661377e-01,3.825962781906127930e+00,1.750020869076251984e-02
2.967298924922943115e-01,1.192524433135986328e+00,5.107322242110967636e-03
9.661905765533447266e-01,1.530372381210327148e+00,2.287828177213668823e-02
3.795425593852996826e-01,5.369638800621032715e-01,5.638475995510816574e-03
2.770135402679443359e-01,3.185603916645050049e-01,7.104398682713508606e-03
1.137407645583152771e-01,1.741629242897033691e+00,1.274661347270011902e-02
3.806535899639129639e-01,4.095956802368164062e+00,2.948333509266376495e-02
1.087597236037254333e-01,4.176805019378662109e+00,1.088004652410745621e-02
9.046436548233032227e-01,4.213112831115722656e+00,2.692877687513828278e-02
3.006456494331359863e-01,4.127084255218505859e+00,1.025254745036363602e-02
6.441555172204971313e-02,5.903669819235801697e-02,9.023364633321762085e-03
4.077983498573303223e-01,4.657392024993896484e+00,2.691955678164958954e-02
1.108322665095329285e-01,4.671089172363281250e+00,3.531690686941146851e-02
1.832715272903442383e-01,4.971414566040039062e+00,4.871197044849395752e-03
3.332040309906005859e-01,3.648407936096191406e+00,9.573059651302173734e-05
1.207899227738380432e-01,4.861635208129882812e+00,1.263679750263690948e-02
2.998744249343872070e-01,1.961990356445312500e+00,8.596597239375114441e-03
1.121867448091506958e-01,4.652814865112304688e+00,6.146744638681411743e-02
1.412213444709777832e-01,3.962644934654235840e-01,2.583128027617931366e-02
2.330968379974365234e-01,3.058071136474609375e-01,2.931978739798069000e-02
2.265120148658752441e-01,4.025766849517822266e+00,2.153656678274273872e-03
3.262462615966796875e-01,2.744074583053588867e+00,3.310194239020347595e-02
4.105996489524841309e-01,3.978459119796752930e+00,2.251436235383152962e-03
2.359671890735626221e-01,6.184405088424682617e-01,2.355920337140560150e-02
1.525426954030990601e-01,1.471098542213439941e+00,1.633971184492111206e-02
1.997314095497131348e-01,5.132932662963867188e-01,1.026376429945230484e-02
4.355747699737548828e-01,2.211734771728515625e+00,6.329949013888835907e-03
1.675379872322082520e-01,2.031861543655395508e+00,1.248047314584255219e-02
6.748371571302413940e-02,1.755480647087097168e+00,2.313612401485443115e-02
7.278284430503845215e-02,8.289658464491367340e-03,1.037035416811704636e-02
1.533714681863784790e-01,4.108569145202636719e+00,2.750065177679061890e-03
3.627981841564178467e-01,3.072473287582397461e+00,1.990341022610664368e-02
3.729983568191528320e-01,2.512066662311553955e-01,9.911062195897102356e-03
2.727056145668029785e-01,1.870987176895141602e+00,2.694439841434359550e-03
2.339761555194854736e-01,4.902084350585937500e+00,8.767058141529560089e-03
1.248056814074516296e-01,6.891012191772460938e-01,9.111309424042701721e-03
3.141354620456695557e-01,4.790982246398925781e+00,2.047758921980857849e-02
1.050944998860359192e-01,1.789792537689208984e+00,2.237243019044399261e-02
9.113788604736328125e-02,4.267569065093994141e+00,1.726848818361759186e-02
1.925604641437530518e-01,8.725330233573913574e-01,4.482691641896963120e-03
4.857017472386360168e-02,2.013602495193481445e+00,1.125226356089115143e-02
2.590333819389343262e-01,3.855623006820678711e+00,1.839543692767620087e-02
3.121106028556823730e-01,7.004569172859191895e-01,8.557526767253875732e-02
7.194215655326843262e-01,3.423951625823974609e+00,2.400394901633262634e-02
1.727070361375808716e-01,2.157454013824462891e+00,5.676378961652517319e-03
3.517168760299682617e-01,4.165215492248535156e+00,6.515263579785823822e-03
1.748772561550140381e-01,3.805102586746215820e+00,6.347363814711570740e-03
4.620079696178436279e-02,1.169870615005493164e+00,6.567969452589750290e-03
8.446691036224365234e-01,1.769119352102279663e-01,2.427654340863227844e-02
2.566831707954406738e-01,4.769964218139648438e+00,2.117992192506790161e-02
7.732666283845901489e-02,4.782003402709960938e+00,2.223572321236133575e-02
2.694421410560607910e-01,3.027446031570434570e+00,1.608571154065430164e-03
7.344369292259216309e-01,3.628745302557945251e-02,2.816241607069969177e-02
1.541940122842788696e-01,1.356910705566406250e+00,4.993920680135488510e-03
3.700909912586212158e-01,1.400989145040512085e-01,8.230578154325485229e-03
2.034995704889297485e-01,4.760375022888183594e+00,1.740914024412631989e-02
3.512620031833648682e-01,4.803047180175781250e+00,1.046367734670639038e-02
2.379212975502014160e-01,4.052018642425537109e+00,2.374211093410849571e-03
4.019301235675811768e-01,5.860225558280944824e-01,2.348816022276878357e-02
2.272789478302001953e-01,4.697985649108886719e+00,1.968280598521232605e-02
8.959640562534332275e-02,2.135564565658569336e+00,3.549510380253195763e-03
7.078937292098999023e-01,4.943248748779296875e+00,8.501481264829635620e-03
2.496351301670074463e-01,3.644487142562866211e+00,2.617081999778747559e-02
1.470453143119812012e-01,1.060223221778869629e+00,6.708568893373012543e-03
7.125253677368164062e-01,2.169040441513061523e-01,1.254931371659040451e-02
1.604016572237014771e-01,1.902865529060363770e+00,1.185517664998769760e-02
1.432668268680572510e-01,1.984829545021057129e+00,1.620269939303398132e-02
1.795409619808197021e-01,4.973792076110839844e+00,2.553292363882064819e-02
3.369138538837432861e-01,4.966223716735839844e+00,2.099071443080902100e-02
3.608628213405609131e-01,3.760014057159423828e+00,1.667402684688568115e-02
3.397513553500175476e-02,4.772799015045166016e+00,6.884561385959386826e-03
8.282601833343505859e-02,2.921225547790527344e+00,9.455611929297447205e-03
2.921427488327026367e-01,2.674986362457275391e+00,3.507868386805057526e-03
2.745716273784637451e-01,3.870254516601562500e+00,9.527678601443767548e-03
8.920133858919143677e-02,5.169423222541809082e-01,2.485814876854419708e-02
1.133956238627433777e-01,4.876687049865722656e+00,2.424929291009902954e-02
8.017648756504058838e-02,4.111048221588134766e+00,2.390038222074508667e-03
1.340609639883041382e-01,1.051573641598224640e-02,5.600363016128540039e-02
2.010676413774490356e-01,1.716301441192626953e+00,3.371581435203552246e-02
4.111599028110504150e-01,6.104233860969543457e-01,1.553627196699380875e-02
2.099606096744537354e-01,2.965023756027221680e+00,5.754848476499319077e-03
2.867158353328704834e-01,1.542889356613159180e+00,3.893351648002862930e-03
1.977623850107192993e-01,4.824517726898193359e+00,5.873576737940311432e-03
1.255966871976852417e-01,4.668646335601806641e+00,1.943633332848548889e-02
6.170383095741271973e-02,2.970513701438903809e-01,1.103862468153238297e-02
2.881390154361724854e-01,4.799146175384521484e+00,7.077354472130537033e-03
3.253568410873413086e-01,4.739306926727294922e+00,2.651133202016353607e-02
2.059308625757694244e-02,3.302128553390502930e+00,4.955556616187095642e-02
1.610109508037567139e-01,1.828934550285339355e-01,1.101178489625453949e-02
2.047249525785446167e-01,9.189924001693725586e-01,3.704502712935209274e-03
1.619065701961517334e-01,3.413691520690917969e+00,4.570503532886505127e-02
3.608301579952239990e-01,1.957098484039306641e+00,7.049285806715488434e-03
2.872400358319282532e-02,2.888172864913940430e+00,1.793440245091915131e-02
9.018983691930770874e-02,3.511225223541259766e+00,6.379632744938135147e-03
2.630177736282348633e-01,4.584935188293457031e+00,3.036488546058535576e-03
2.860824763774871826e-01,2.146714776754379272e-01,7.926995866000652313e-03
3.863451778888702393e-01,3.205489397048950195e+00,4.468605853617191315e-03
6.799450144171714783e-03,8.723521977663040161e-02,5.118923634290695190e-02
1.878100186586380005e-01,4.050935268402099609e+00,1.959096826612949371e-02
2.006028890609741211e-01,4.839752674102783203e+00,8.760707452893257141e-03
3.099546730518341064e-01,4.055755138397216797e+00,4.818644840270280838e-03
4.932531341910362244e-02,2.324629545211791992e+00,1.094233058393001556e-02
1.085974363377317786e-04,1.993333339691162109e+00,1.884586736559867859e-02
1.533375680446624756e-01,8.696576580405235291e-03,2.609737031161785126e-02
2.589553296566009521e-01,4.224043369293212891e+00,3.589154686778783798e-03
1.794672608375549316e-01,1.923916935920715332e+00,5.739420652389526367e-02
4.625732600688934326e-01,2.000239133834838867e+00,1.372932549566030502e-02
1.002227887511253357e-01,2.194109678268432617e+00,7.882587611675262451e-03
5.372975468635559082e-01,4.640185832977294922e+00,9.626277722418308258e-03
3.740330338478088379e-01,8.030232191085815430e-01,8.581999689340591431e-03
3.255079984664916992e-01,4.543470382690429688e+00,1.260990742594003677e-02
3.935427069664001465e-01,1.747958779335021973e+00,1.955398730933666229e-02
2.420052736997604370e-01,1.988926529884338379e-01,2.642205543816089630e-02
3.014871478080749512e-01,3.418859839439392090e-01,1.063183322548866272e-02
3.980730101466178894e-02,2.436416625976562500e+00,3.978121094405651093e-03
1.288812756538391113e-01,1.794311642646789551e+00,3.286238294094800949e-03
1.938348114490509033e-01,2.509347438812255859e+00,1.024896185845136642e-02
4.387357532978057861e-01,4.666202068328857422e+00,8.618980646133422852e-03
3.650521337985992432e-01,1.576813340187072754e+00,7.381909992545843124e-03
4.037795960903167725e-01,4.377137660980224609e+00,4.592313244938850403e-02
2.029615193605422974e-01,3.302960395812988281e+00,1.744407229125499725e-03
7.673273980617523193e-02,5.296870470046997070e-01,4.075577855110168457e-02
7.087542861700057983e-02,2.807785987854003906e+00,3.522978164255619049e-03
1.662929803133010864e-01,1.877425670623779297e+00,1.177834719419479370e-02
6.306978315114974976e-02,2.086681127548217773e+00,1.743761822581291199e-02
1.065747532993555069e-02,5.724925398826599121e-01,5.617578048259019852e-03
2.227981984615325928e-01,9.960346817970275879e-01,1.349130459129810333e-02
3.516256809234619141e-01,2.796143054962158203e+00,6.069135852158069611e-03
2.455622702836990356e-01,4.238241195678710938e+00,6.131572881713509560e-04
7.203061133623123169e-02,2.674260735511779785e-01,2.912469021975994110e-02
3.320908248424530029e-01,5.253412723541259766e-01,3.170250356197357178e-02
2.001348733901977539e-01,1.301246508955955505e-02,1.315729785710573196e-02
3.694181889295578003e-02,3.996798038482666016e+00,1.985931023955345154e-02
2.138791680335998535e-01,3.549694061279296875e+00,8.104576263576745987e-04
1.208814829587936401e-01,4.237433433532714844e+00,3.027130663394927979e-02
6.279284507036209106e-02,4.978627204895019531e+00,1.041394192725419998e-02
1.360892355442047119e-01,1.850337028503417969e+00,6.725164130330085754e-03
1.328144520521163940e-01,1.066546320915222168e+00,5.454390309751033783e-03
2.288432568311691284e-01,3.658122062683105469e+00,2.050637453794479370e-02
2.770835459232330322e-01,3.533803701400756836e+00,4.792922362685203552e-02
9.250217676162719727e-02,5.535792708396911621e-01,7.360033690929412842e-02
6.890771538019180298e-02,2.082627534866333008e+00,4.231456201523542404e-03
2.618021667003631592e-01,3.027787208557128906e+00,7.064549252390861511e-03
1.834274977445602417e-01,1.839558124542236328e+00,5.774030461907386780e-02
5.447453260421752930e-01,9.233242273330688477e-01,1.873533357866108418e-03
2.643314898014068604e-01,2.056096792221069336e+00,4.370416980236768723e-03
2.869424521923065186e-01,2.924821376800537109e+00,1.469656825065612793e-02
2.958550453186035156e-01,4.061900138854980469e+00,3.157148137688636780e-02
2.478213012218475342e-01,4.650450229644775391e+00,1.749273156747221947e-03
1.367570012807846069e-01,2.512172937393188477e+00,2.196338586509227753e-02
2.984521389007568359e-01,4.313030719757080078e+00,6.199542433023452759e-03
1.163900196552276611e-01,4.379481315612792969e+00,4.462126642465591431e-02
2.671363055706024170e-01,2.695108413696289062e+00,1.305449847131967545e-02
3.806543648242950439e-01,2.775661706924438477e+00,1.953472755849361420e-02
3.839941620826721191e-01,1.151868939399719238e+00,8.239438757300376892e-03
9.485255181789398193e-02,2.347965955734252930e+00,5.642522592097520828e-03
1.423026174306869507e-01,4.773699283599853516e+00,5.578138399869203568e-03
1.622014790773391724e-01,3.519613981246948242e+00,2.510610502213239670e-03
2.695719897747039795e-01,4.771733582019805908e-01,7.608088105916976929e-02
3.966781198978424072e-01,3.098147392272949219e+00,1.606932142749428749e-03
7.801818847656250000e-02,4.217754840850830078e+00,1.099349930882453918e-02
8.278441429138183594e-01,1.492310643196105957e+00,6.003880873322486877e-03
6.401246786117553711e-02,2.532504081726074219e+00,9.177383966743946075e-03
3.398547470569610596e-01,4.611275672912597656e+00,1.130507141351699829e-02
1.038579177111387253e-02,3.586711883544921875e+00,3.563032485544681549e-03
3.425027802586555481e-02,5.827015638351440430e-01,7.297939807176589966e-02
2.723473906517028809e-01,1.827411770820617676e+00,1.769935339689254761e-02
3.471181690692901611e-01,1.724452495574951172e+00,1.589414849877357483e-02
1.039750501513481140e-02,3.309542894363403320e+00,4.920470993965864182e-03
7.654162645339965820e-01,4.550971984863281250e+00,1.401462219655513763e-02
3.099394142627716064e-01,2.929115891456604004e-01,5.657427478581666946e-03
1.993480175733566284e-01,5.520678758621215820e-01,2.239378914237022400e-02
5.610245466232299805e-01,3.481224060058593750e+00,3.140516811981797218e-03
3.635754287242889404e-01,1.234612584114074707e+00,4.422405268996953964e-03
2.895928323268890381e-01,1.865847706794738770e+00,2.225529029965400696e-02
1.367820501327514648e-01,4.616652965545654297e+00,2.017334103584289551e-02
1.329524517059326172e-01,3.297923326492309570e+00,2.945675048977136612e-03
3.133970499038696289e-01,4.027049064636230469e+00,6.459126248955726624e-03
1.336781829595565796e-01,5.236703157424926758e-01,2.529218792915344238e-02
1.410625725984573364e-01,2.578536033630371094e+00,2.285226248204708099e-02
7.160612940788269043e-01,4.758798122406005859e+00,5.138074979186058044e-02
3.255901038646697998e-01,4.902023792266845703e+00,5.127400625497102737e-03
3.899479508399963379e-01,2.491410255432128906e+00,8.329637348651885986e-03
3.886534273624420166e-01,4.073139667510986328e+00,2.817573258653283119e-03
3.107888996601104736e-01,4.185087680816650391e+00,7.199463434517383575e-03
3.911015391349792480e-01,3.216837346553802490e-01,7.731436751782894135e-03
3.077107369899749756e-01,2.102468013763427734e+00,6.146426778286695480e-03
9.581054747104644775e-02,4.145067214965820312e+00,2.624524291604757309e-03
1.642217040061950684e-01,4.541364669799804688e+00,3.752173483371734619e-02
4.343986511230468750e-01,3.105328381061553955e-01,2.100095711648464203e-02
1.534080207347869873e-01,3.377804994583129883e+00,1.941072382032871246e-02
4.537809491157531738e-01,1.777478307485580444e-01,2.398873679339885712e-02
3.732838928699493408e-01,3.090145111083984375e+00,1.227339031174778938e-03
3.141243159770965576e-01,1.912229657173156738e+00,1.774770580232143402e-02
1.103624254465103149e-01,4.937919139862060547e+00,6.358017679303884506e-03
1.051632240414619446e-01,5.193860530853271484e-01,2.278813347220420837e-02
3.742652535438537598e-01,4.627254486083984375e+00,5.772775504738092422e-03
1.767902970314025879e-01,6.790325641632080078e-01,2.047098241746425629e-02
2.694760560989379883e-01,4.921807765960693359e+00,7.158794905990362167e-03
3.975680470466613770e-01,4.012741088867187500e+00,3.572313487529754639e-02
3.971339166164398193e-01,4.650693893432617188e+00,1.079671084880828857e-03
8.533353358507156372e-02,4.031535625457763672e+00,4.794074594974517822e-02
3.707411289215087891e-01,2.358832359313964844e+00,5.276968702673912048e-02
1.889097392559051514e-01,3.886925876140594482e-01,9.034427814185619354e-03
2.265784442424774170e-01,1.780961513519287109e+00,1.115760859102010727e-02
8.647092431783676147e-02,1.996074438095092773e+00,6.684085819870233536e-03
1.518998891115188599e-01,4.778175354003906250e+00,8.797637186944484711e-03
5.143361091613769531e-01,1.484198570251464844e+00,7.402500603348016739e-03
2.667098939418792725e-01,4.725118637084960938e+00,2.620810829102993011e-02
3.373220190405845642e-02,3.212114572525024414e+00,2.287116274237632751e-02
6.210114955902099609e-01,2.523231029510498047e+00,1.873246580362319946e-02
2.033327817916870117e-01,8.671369552612304688e-01,9.902764111757278442e-03
3.408471047878265381e-01,3.992116451263427734e+00,3.561598248779773712e-03
3.547015786170959473e-01,3.350095272064208984e+00,5.238830298185348511e-02
6.723365932703018188e-02,3.335088253021240234e+00,2.076580561697483063e-02
3.758708015084266663e-02,4.032619297504425049e-01,8.177974261343479156e-03
3.422567546367645264e-01,3.243023753166198730e-01,1.052642241120338440e-02
1.137764230370521545e-01,3.532009840011596680e+00,1.121261902153491974e-02
2.497502714395523071e-01,3.383716106414794922e+00,4.104993771761655807e-03
3.950524032115936279e-01,9.292498230934143066e-01,7.550782989710569382e-03
1.293192952871322632e-01,4.364464282989501953e+00,1.668898388743400574e-02
3.290045857429504395e-01,7.820912003517150879e-01,1.251694280654191971e-02
3.251506686210632324e-01,4.599170684814453125e+00,1.298412214964628220e-02
2.729757428169250488e-01,2.534309387207031250e+00,3.514424432069063187e-03
2.585682868957519531e-01,4.323609828948974609e+00,4.578934516757726669e-03
3.148880600929260254e-01,2.638342142105102539e+00,5.612148903310298920e-03
4.290274679660797119e-01,4.757655620574951172e+00,5.365267395973205566e-03
2.317495793104171753e-01,4.794852733612060547e+00,7.815899327397346497e-03
2.982744574546813965e-01,5.559816360473632812e-01,9.324488230049610138e-03
6.027613878250122070e-01,3.598500728607177734e+00,8.839023299515247345e-03
1.655674874782562256e-01,4.714545726776123047e+00,1.029096264392137527e-02
2.782119810581207275e-01,4.811400890350341797e+00,7.595600560307502747e-03
2.471395879983901978e-01,1.951126694679260254e+00,4.614686127752065659e-03
5.026457831263542175e-02,1.996252417564392090e+00,4.225822165608406067e-03
3.719874322414398193e-01,4.552594661712646484e+00,1.306325756013393402e-02
2.952235341072082520e-01,2.819779396057128906e+00,7.416176144033670425e-03
3.077607154846191406e-01,4.723540306091308594e+00,8.997088298201560974e-03
1.223414912819862366e-01,2.743315935134887695e+00,2.898091450333595276e-03
8.689601719379425049e-02,3.310667276382446289e+00,2.752221375703811646e-02
6.090097874402999878e-02,3.568437576293945312e+00,4.668057430535554886e-03
8.287069201469421387e-02,1.970109343528747559e+00,1.360552571713924408e-02
3.873711684718728065e-03,3.354359388351440430e+00,5.855777859687805176e-02
3.484080135822296143e-01,4.095087945461273193e-01,5.267129279673099518e-03
8.107851147651672363e-01,1.896488547325134277e+00,7.923768862383440137e-05
9.437227249145507812e-02,3.990440130233764648e+00,7.282081991434097290e-03
1.251721009612083435e-02,6.587641239166259766e-01,3.766274312511086464e-03
3.620720803737640381e-01,4.163492679595947266e+00,6.802271306514739990e-02
3.011221289634704590e-01,3.606704711914062500e+00,4.883848596364259720e-03
5.498578771948814392e-02,5.044203996658325195e-01,4.173152521252632141e-02
2.659609019756317139e-01,2.088073730468750000e+00,2.586160413920879364e-02
8.268867433071136475e-02,4.834063529968261719e+00,8.122246712446212769e-03
2.296347916126251221e-01,4.270161151885986328e+00,1.500204484909772873e-02
2.662869691848754883e-01,4.130994796752929688e+00,4.639271646738052368e-03
4.509975761175155640e-02,4.135006904602050781e+00,3.541094809770584106e-02
3.703739121556282043e-02,2.687792062759399414e+00,1.702893152832984924e-02
4.186571016907691956e-02,4.238272666931152344e+00,3.152604773640632629e-02
3.519010543823242188e-01,3.951372578740119934e-03,6.052745040506124496e-03
1.248291432857513428e-01,1.380618691444396973e+00,2.512423694133758545e-02
2.414872348308563232e-01,1.398391723632812500e+00,8.010791614651679993e-03
3.697606027126312256e-01,3.813974142074584961e+00,3.644267795607447624e-03
2.706144452095031738e-01,4.027754306793212891e+00,8.680854924023151398e-03
9.942528605461120605e-02,5.912929773330688477e-01,8.532521314918994904e-03
1.946601271629333496e-01,4.671483516693115234e+00,7.167655974626541138e-03
3.010353147983551025e-01,4.818721294403076172e+00,8.743190206587314606e-03
3.242134451866149902e-01,4.591436386108398438e+00,3.552020061761140823e-03
3.957669734954833984e-01,4.771153450012207031e+00,1.824710331857204437e-02
8.759085834026336670e-02,4.592905342578887939e-01,1.359307952225208282e-02
2.094884365797042847e-01,3.603231191635131836e+00,3.083867207169532776e-02
2.953919768333435059e-01,1.029723137617111206e-02,6.403808481991291046e-03
3.165848851203918457e-01,3.304426670074462891e+00,4.840444400906562805e-02
7.611964643001556396e-02,7.224251627922058105e-01,8.280517533421516418e-03
1.069673299789428711e-01,3.220110654830932617e+00,7.180153392255306244e-03
8.790255337953567505e-02,3.286815881729125977e+00,5.957680288702249527e-03
1.186473444104194641e-01,4.403392970561981201e-01,6.939264945685863495e-03
3.831602036952972412e-01,3.961144447326660156e+00,1.734706014394760132e-02
3.232413828372955322e-01,1.800321936607360840e+00,1.090063713490962982e-02
3.683263957500457764e-01,4.168782711029052734e+00,1.218001544475555420e-02
4.050696790218353271e-01,4.546376705169677734e+00,7.001138757914304733e-03
7.594549655914306641e-01,4.944375991821289062e+00,1.422585360705852509e-02
3.835850954055786133e-01,1.082547187805175781e+00,1.347301900386810303e-02
1.872572153806686401e-01,1.747179985046386719e+00,2.680661715567111969e-02
1.508470922708511353e-01,3.399558544158935547e+00,8.282105438411235809e-03
1.008410602807998657e-01,4.980262756347656250e+00,2.221605554223060608e-02
1.960608959197998047e-01,4.827329158782958984e+00,1.212930772453546524e-02
4.096452891826629639e-01,2.726972579956054688e+00,5.931916646659374237e-03
2.357296347618103027e-01,2.239426612854003906e+00,1.222263090312480927e-02
6.601411104202270508e-02,4.120398044586181641e+00,1.560372882522642612e-03
5.124350190162658691e-01,2.647184371948242188e+00,2.318442426621913910e-02
1.001927927136421204e-01,4.720113277435302734e+00,7.968279533088207245e-03
3.087531030178070068e-01,2.002847671508789062e+00,1.834877394139766693e-02
3.448664844036102295e-01,3.897635936737060547e+00,1.753319520503282547e-03
1.569745689630508423e-01,3.179135799407958984e+00,5.974787753075361252e-03
1.486973166465759277e-01,3.956606626510620117e+00,2.491556666791439056e-02
2.011441141366958618e-01,3.221430301666259766e+00,2.534760907292366028e-02
1.770881004631519318e-02,2.852385759353637695e+00,1.443616393953561783e-02
1.761558838188648224e-02,2.019569873809814453e+00,6.207276601344347000e-03
3.287904560565948486e-01,8.689826130867004395e-01,4.774390719830989838e-03
2.162639945745468140e-01,4.835482597351074219e+00,1.124698854982852936e-02
2.211418747901916504e-01,3.612106561660766602e+00,2.513842470943927765e-02
3.077875077724456787e-01,4.693462848663330078e+00,1.981044560670852661e-02
3.870514035224914551e-01,1.864422440528869629e+00,6.280521396547555923e-03
2.800803482532501221e-01,1.699491739273071289e+00,5.287924781441688538e-03
3.578834235668182373e-01,1.848805427551269531e+00,6.482861936092376709e-02
2.619187533855438232e-01,3.834763288497924805e+00,1.922545954585075378e-02
1.249530762434005737e-01,1.062327861785888672e+00,1.253789104521274567e-02
1.795267872512340546e-02,3.428818941116333008e+00,6.556137464940547943e-03
1.832443326711654663e-01,4.849860668182373047e+00,5.063068121671676636e-03
2.580220699310302734e-01,2.986925601959228516e+00,1.236625202000141144e-02
9.364219009876251221e-02,1.765106916427612305e+00,6.220747716724872589e-03
3.110356926918029785e-01,4.609390258789062500e+00,7.686260621994733810e-03
1.848363280296325684e-01,1.885406136512756348e+00,8.062934502959251404e-03
8.369852602481842041e-02,5.792258381843566895e-01,9.331249631941318512e-03
4.734084382653236389e-02,3.083150625228881836e+00,1.745533943176269531e-02
2.876724600791931152e-01,4.162197589874267578e+00,1.295928005129098892e-02
1.222274303436279297e-01,4.192217350006103516e+00,7.563536986708641052e-03
2.854489684104919434e-01,1.950680375099182129e+00,2.447338216006755829e-02
7.864078134298324585e-02,4.638070583343505859e+00,7.576495409011840820e-03
5.858397856354713440e-02,5.315021276473999023e-01,6.572937592864036560e-03
3.501018583774566650e-01,5.396651029586791992e-01,1.052713952958583832e-02
1.411398649215698242e-01,4.220583915710449219e+00,3.481889516115188599e-02
4.367289319634437561e-02,3.291970252990722656e+00,1.327551435679197311e-02
2.105205953121185303e-01,4.339108943939208984e+00,1.646064338274300098e-03
3.433411717414855957e-01,7.711560726165771484e-01,2.471468038856983185e-02
1.210882440209388733e-01,5.063953399658203125e-01,4.611356649547815323e-03
1.988493651151657104e-01,1.968911170959472656e+00,3.018336184322834015e-02
9.176659584045410156e-02,3.227338075637817383e+00,1.263515837490558624e-02
3.945417702198028564e-02,3.849908590316772461e+00,1.628495752811431885e-02
2.154592573642730713e-01,4.198879718780517578e+00,2.959965495392680168e-03
3.480084836483001709e-01,3.130213320255279541e-01,8.625076152384281158e-03
3.113970458507537842e-01,4.391217708587646484e+00,3.775970265269279480e-02
1.175713241100311279e-01,5.033972859382629395e-01,5.015330854803323746e-03
1.064132899045944214e-01,4.274384975433349609e+00,7.177950814366340637e-03
6.647112965583801270e-02,3.855350494384765625e+00,1.032548490911722183e-03
3.372933268547058105e-01,6.045605540275573730e-01,1.522598043084144592e-02
6.714958548545837402e-01,3.723461389541625977e+00,3.447582013905048370e-03
2.736329138278961182e-01,5.774333477020263672e-01,2.204062603414058685e-02
4.860772192478179932e-01,8.275122642517089844e-01,1.670921593904495239e-02
2.993144989013671875e-01,1.240339398384094238e+00,1.133785303682088852e-02
1.035867854952812195e-01,3.316102266311645508e+00,2.812553662806749344e-03
3.432607054710388184e-01,3.293303966522216797e+00,3.446993231773376465e-02
2.711689174175262451e-01,4.697605609893798828e+00,2.211791649460792542e-02
2.936552464962005615e-01,3.434619426727294922e+00,2.268236503005027771e-02
1.605333387851715088e-01,4.617486000061035156e+00,3.359734266996383667e-02
1.113887280225753784e-01,4.718232631683349609e+00,5.687954835593700409e-03
3.123680353164672852e-01,1.173664182424545288e-01,2.897067181766033173e-02
8.550260215997695923e-02,1.945367455482482910e+00,6.730696186423301697e-03
1.614748835563659668e-01,2.978484869003295898e+00,7.192600052803754807e-03
3.296495079994201660e-01,4.695754528045654297e+00,5.616758484393358231e-03
1.467205584049224854e-01,2.395404338836669922e+00,2.102733589708805084e-02
1.482037156820297241e-01,2.513475179672241211e+00,6.140536628663539886e-03
3.954183682799339294e-02,3.941413462162017822e-01,1.462127361446619034e-02
1.250698715448379517e-01,4.095181941986083984e+00,2.063678205013275146e-02
1.307689696550369263e-01,2.104407310485839844e+00,4.658602178096771240e-02
5.919330567121505737e-02,4.819413661956787109e+00,4.044809844344854355e-03
3.231023550033569336e-01,4.336834430694580078e+00,2.351469360291957855e-03
2.996245622634887695e-01,4.018791198730468750e+00,4.492357000708580017e-02
4.189991578459739685e-02,2.258315563201904297e+00,3.656350448727607727e-02
2.924316525459289551e-01,1.832810997962951660e+00,5.672865360975265503e-02
1.356459408998489380e-01,5.863752365112304688e-01,4.747653845697641373e-03
5.779401399195194244e-03,3.380822181701660156e+00,4.502616357058286667e-03
3.409727215766906738e-01,1.854591488838195801e+00,7.997116073966026306e-03
2.581096291542053223e-01,1.901297807693481445e+00,1.086396351456642151e-02
2.463638084009289742e-03,4.729840278625488281e+00,2.449018135666847229e-02
3.772709667682647705e-01,1.905115127563476562e+00,1.663704589009284973e-02
4.226112365722656250e-02,3.832084313035011292e-02,2.524025179445743561e-02
2.595735788345336914e-01,2.911037445068359375e+00,2.257377840578556061e-03
2.751021385192871094e-01,3.955993175506591797e+00,5.963663011789321899e-02
2.447399497032165527e-01,3.783371210098266602e+00,2.161134965717792511e-03
2.182729691267013550e-01,4.164215087890625000e+00,6.810343358665704727e-03
4.044295549392700195e-01,2.686789512634277344e+00,6.267460528761148453e-03
3.282098770141601562e-01,4.139000415802001953e+00,6.252196617424488068e-03
2.666531801223754883e-01,1.524028301239013672e+00,2.013728208839893341e-02
1.416766047477722168e-01,3.617262840270996094e-01,6.959496997296810150e-03
6.834931671619415283e-02,3.492192745208740234e+00,3.203568980097770691e-03
6.810106337070465088e-02,3.477691888809204102e+00,3.033020906150341034e-02
9.339477419853210449e-01,3.750310659408569336e+00,2.626798488199710846e-02
2.937760651111602783e-01,2.441061019897460938e+00,4.742700979113578796e-02
2.900909483432769775e-01,3.558420419692993164e+00,1.440865918993949890e-02
3.468481898307800293e-01,4.194938182830810547e+00,7.676016539335250854e-03
2.471301108598709106e-01,3.042389869689941406e+00,9.289453737437725067e-03
1.999211013317108154e-01,4.208112716674804688e+00,6.028774194419384003e-03
7.595075666904449463e-02,2.656229734420776367e+00,2.353794686496257782e-02
2.714330554008483887e-01,7.669585347175598145e-01,3.679865738376975060e-03
4.198758006095886230e-01,4.173127651214599609e+00,6.873805541545152664e-03
1.908834278583526611e-01,3.226625442504882812e+00,2.998380688950419426e-03
1.559644341468811035e-01,2.081698179244995117e+00,6.749929487705230713e-02
3.943817913532257080e-01,6.488257646560668945e-01,1.955572888255119324e-02
4.507052004337310791e-01,1.917718410491943359e+00,1.994612812995910645e-02
2.005245238542556763e-01,4.247522830963134766e+00,1.153351366519927979e-02
3.187709152698516846e-01,3.318315267562866211e+00,7.712895050644874573e-03
4.671538248658180237e-02,4.291137218475341797e+00,4.188021644949913025e-03
2.834344208240509033e-01,3.894503355026245117e+00,1.163728628307580948e-02
2.762581110000610352e-01,1.647002816200256348e+00,2.066838555037975311e-02
2.325209230184555054e-01,4.040872097015380859e+00,2.827100222930312157e-03
3.104630708694458008e-01,2.280520439147949219e+00,1.636260747909545898e-02
2.847239375114440918e-01,2.708629131317138672e+00,2.704786369577050209e-03
8.218448609113693237e-02,8.060090541839599609e-01,1.320575177669525146e-02
7.961214333772659302e-02,6.761584877967834473e-01,6.174546666443347931e-03
3.298202157020568848e-01,1.868739724159240723e+00,9.209088981151580811e-03
3.754788041114807129e-01,2.052129030227661133e+00,9.326537139713764191e-03
3.096286058425903320e-01,3.683574676513671875e+00,5.472727119922637939e-03
1.044954732060432434e-01,4.769373416900634766e+00,5.662651732563972473e-03
3.357071876525878906e-01,4.629209518432617188e+00,5.358506459742784500e-03
1.224589273333549500e-01,5.003960132598876953e-01,8.860073983669281006e-03
4.052828550338745117e-01,2.262025117874145508e+00,3.330390201881527901e-03
2.168350219726562500e-01,3.344606876373291016e+00,5.574758164584636688e-03
4.254677891731262207e-01,2.376438379287719727e-01,1.005463209003210068e-02
3.154091835021972656e-01,4.834952831268310547e+00,7.774410769343376160e-03
6.181790232658386230e-01,2.312760829925537109e+00,1.075803954154253006e-02
3.816185519099235535e-02,3.009355545043945312e+00,2.881060726940631866e-02
2.778359055519104004e-01,2.802531957626342773e+00,5.122585687786340714e-03
3.234892487525939941e-01,4.729571819305419922e+00,3.380053490400314331e-02
1.742475666105747223e-02,4.870949268341064453e+00,2.471222076565027237e-03
6.315709650516510010e-02,4.757927417755126953e+00,3.486007452011108398e-02
8.403572440147399902e-02,1.848572731018066406e+00,3.801718819886445999e-03
1.712117195129394531e-01,4.449118077754974365e-01,1.717706024646759033e-02
1.865537762641906738e-01,1.855213522911071777e+00,7.368387654423713684e-03
2.999340295791625977e-01,3.831681489944458008e+00,1.052867528051137924e-02
1.505708396434783936e-01,2.544508695602416992e+00,6.204049568623304367e-03
4.825842380523681641e-01,4.010669887065887451e-01,6.545329932123422623e-03
1.962256431579589844e-01,3.972058534622192383e+00,7.381192874163389206e-03
8.929963707923889160e-01,1.586747765541076660e+00,2.108792960643768311e-02
1.229624599218368530e-01,1.950984239578247070e+00,1.877262257039546967e-02
2.972007393836975098e-01,1.756942629814147949e+00,6.126194726675748825e-03
8.770477771759033203e-02,3.295750319957733154e-01,7.338577881455421448e-03
2.418335974216461182e-01,4.808502197265625000e+00,1.092307176440954208e-02
2.402203679084777832e-01,2.558552980422973633e+00,2.554685436189174652e-02
9.600140899419784546e-02,7.171767950057983398e-01,9.125343523919582367e-03
3.330222666263580322e-01,4.849100112915039062e+00,7.977703586220741272e-03
1.223000958561897278e-01,4.699675083160400391e+00,4.842206370085477829e-03
3.840192258358001709e-01,3.987371444702148438e+00,6.028108182363212109e-04
3.720521032810211182e-01,2.384711802005767822e-01,5.191630870103836060e-02
1.328582316637039185e-02,1.171159744262695312e+00,1.314316038042306900e-02
1.203135848045349121e-01,3.539126396179199219e+00,3.450655378401279449e-03
1.055636852979660034e-01,7.269870638847351074e-01,1.519422326236963272e-02
2.026282995939254761e-01,3.846077919006347656e+00,2.030190452933311462e-02
3.967657387256622314e-01,2.108346223831176758e+00,1.804483309388160706e-02
3.099603354930877686e-01,7.356829643249511719e-01,9.227016009390354156e-03
3.759246170520782471e-01,9.656227231025695801e-01,7.173443678766489029e-03
8.622045069932937622e-02,1.738239288330078125e+00,1.379714068025350571e-02
9.688410162925720215e-01,1.438134908676147461e-01,1.303805690258741379e-02
1.045958101749420166e-01,4.276671886444091797e+00,5.609690211713314056e-03
1.118113026022911072e-01,4.706407546997070312e+00,1.863571070134639740e-02
3.476638114079833031e-03,4.156035900115966797e+00,1.239667739719152451e-02
6.166810542345046997e-02,1.624881148338317871e+00,9.923815727233886719e-03
3.263551592826843262e-01,2.975569486618041992e+00,1.788297854363918304e-02
1.408959925174713135e-01,3.346875190734863281e+00,2.646067552268505096e-02
1.864960044622421265e-01,4.842022359371185303e-01,9.024235419929027557e-03
