omega,lambda_p,pi_bar
3.020965158939361572e-01,2.384840011596679688e+00,9.827041067183017731e-03
1.791788078844547272e-02,2.578641653060913086e+00,2.182521484792232513e-02
4.328216314315795898e-01,3.340942382812500000e+00,6.592983007431030273e-02
1.894675791263580322e-01,2.770742177963256836e+00,2.407534793019294739e-02
4.240918159484863281e-02,3.668512105941772461e+00,8.425782620906829834e-02
3.599745929241180420e-01,1.549251556396484375e+00,1.595521159470081329e-02
6.429278850555419922e-02,1.367221474647521973e+00,1.479568891227245331e-02
3.611471951007843018e-01,2.377038717269897461e+00,3.510484471917152405e-03
1.616427004337310791e-01,3.014147043228149414e+00,5.683548375964164734e-02
1.399342566728591919e-01,5.932168364524841309e-01,4.370801616460084915e-03
2.632569968700408936e-01,3.554076194763183594e+00,1.256435737013816833e-02
5.467718839645385742e-02,4.803038835525512695e-01,9.880528785288333893e-03
8.156827650964260101e-03,1.084721922874450684e+00,4.324640147387981415e-03
1.781110763549804688e-01,6.882864832878112793e-01,1.798765384592115879e-03
2.491400539875030518e-01,1.892955422401428223e+00,2.578209899365901947e-02
1.037493199110031128e-01,2.009221315383911133e+00,5.097296088933944702e-03
1.084949746727943420e-01,3.778141021728515625e+00,3.627938032150268555e-02
1.772018074989318848e-01,4.366960525512695312e+00,6.713054608553647995e-03
4.208698868751525879e-01,2.807917118072509766e+00,2.351223863661289215e-02
6.285559386014938354e-02,2.082456350326538086e+00,1.582635752856731415e-02
6.494010090827941895e-01,5.627557039260864258e-01,7.021840196102857590e-03
3.551027551293373108e-02,2.670129776000976562e+00,8.033680915832519531e-02
5.724659562110900879e-02,4.330212116241455078e+00,1.709070429205894470e-02
2.497745454311370850e-01,3.626016855239868164e+00,9.042601101100444794e-03
1.248101517558097839e-01,3.066528558731079102e+00,1.692158170044422150e-02
2.316920161247253418e-01,2.344573020935058594e+00,4.532725736498832703e-02
4.036991298198699951e-02,4.979321002960205078e+00,1.341099478304386139e-02
3.906945586204528809e-01,1.870225310325622559e+00,9.111254476010799408e-03
7.656544446945190430e-01,3.904295921325683594e+00,2.354472130537033081e-02
2.913179993629455566e-01,6.120312213897705078e-01,2.702764235436916351e-02
3.543663918972015381e-01,2.097481012344360352e+00,2.325765788555145264e-02
3.227348625659942627e-01,6.001977920532226562e-01,1.317275781184434891e-02
2.549511194229125977e-01,4.072316169738769531e+00,4.762191325426101685e-02
4.011557102203369141e-01,4.243128299713134766e+00,8.338598534464836121e-03
1.797314882278442383e-01,2.475739002227783203e+00,1.170127419754862785e-03
2.452356554567813873e-02,3.773345470428466797e+00,2.560882642865180969e-02
2.137477546930313110e-01,4.521021842956542969e+00,2.217575535178184509e-02
3.429289460182189941e-01,1.680782198905944824e+00,1.190733537077903748e-02
3.579649925231933594e-01,4.379074573516845703e+00,3.708774596452713013e-02
2.436188757419586182e-01,2.981988430023193359e+00,2.676245523616671562e-03
1.692680418491363525e-01,4.012006282806396484e+00,7.365269958972930908e-02
1.964818090200424194e-01,7.338707447052001953e-01,3.883957862854003906e-02
1.881571561098098755e-01,4.120380878448486328e+00,9.523686021566390991e-03
1.071129068732261658e-01,1.515125185251235962e-01,1.465525757521390915e-02
1.107897013425827026e-01,1.762577891349792480e-01,6.912558339536190033e-03
3.197085857391357422e-01,5.955555438995361328e-01,3.553044423460960388e-02
1.408841162919998169e-01,4.667262554168701172e+00,3.874935954809188843e-02
3.414053916931152344e-01,2.927583932876586914e+00,1.974558643996715546e-02
3.643937110900878906e-01,3.531449079513549805e+00,5.131571087986230850e-03
3.618044033646583557e-02,8.493353724479675293e-01,2.168842032551765442e-02
2.162360996007919312e-01,2.045194387435913086e+00,9.209095686674118042e-02
3.049601987004280090e-02,2.992760658264160156e+00,3.315934538841247559e-02
3.358176052570343018e-01,3.253123760223388672e+00,5.428778007626533508e-03
3.852447569370269775e-01,2.333843708038330078e+00,7.911564782261848450e-03
1.554553657770156860e-01,4.195071697235107422e+00,3.101265244185924530e-02
2.096462622284889221e-02,2.772622585296630859e+00,3.818609565496444702e-02
4.258791506290435791e-01,2.626632153987884521e-01,1.880365237593650818e-02
5.956096053123474121e-01,1.212811589241027832e+00,1.173247490078210831e-02
2.853379957377910614e-02,3.114527940750122070e+00,5.063584074378013611e-02
2.172899693250656128e-01,4.344599723815917969e+00,2.336412202566862106e-03
4.065038561820983887e-01,1.252170801162719727e-01,6.199846044182777405e-03
2.547638714313507080e-01,4.153815746307373047e+00,1.876645721495151520e-02
4.094714820384979248e-01,9.501584172248840332e-01,6.180126219987869263e-02
1.638020128011703491e-01,2.114208698272705078e+00,3.668079618364572525e-03
1.666689217090606689e-01,4.117000579833984375e+00,3.398554399609565735e-02
2.450525760650634766e-01,6.468620300292968750e-01,1.845664717257022858e-02
6.506500393152236938e-02,2.563749074935913086e+00,1.246808934956789017e-02
3.799703717231750488e-01,2.178020477294921875e+00,2.246107533574104309e-02
4.357912391424179077e-02,5.899183154106140137e-01,1.028594188392162323e-02
8.225158452987670898e-01,4.120957374572753906e+00,8.670746348798274994e-03
6.765737384557723999e-02,2.324152469635009766e+00,2.694715373218059540e-02
3.523686528205871582e-01,2.742268085479736328e+00,7.486786227673292160e-03
2.497344911098480225e-01,2.658946990966796875e+00,6.317611783742904663e-02
3.083372712135314941e-01,2.066674947738647461e+00,2.705346420407295227e-02
3.147433698177337646e-01,2.979678630828857422e+00,6.333309691399335861e-03
2.002657353878021240e-01,3.240020513534545898e+00,3.718314319849014282e-02
2.954770997166633606e-02,3.749042004346847534e-02,7.341641001403331757e-03
6.218120455741882324e-01,4.149029031395912170e-02,7.685060700168833137e-05
3.811965286731719971e-01,2.587406635284423828e+00,3.412013407796621323e-03
4.553439021110534668e-01,2.059253215789794922e+00,2.121348306536674500e-02
4.017283618450164795e-01,2.391912698745727539e+00,3.300226479768753052e-02
3.516106009483337402e-01,2.577027797698974609e+00,2.171296067535877228e-02
4.288023710250854492e-01,2.161066293716430664e+00,1.208706386387348175e-02
3.295059204101562500e-01,2.437571287155151367e+00,1.107591483741998672e-02
6.583977341651916504e-01,1.911202073097229004e+00,8.941056206822395325e-03
1.533745527267456055e-01,6.913611292839050293e-01,3.053909912705421448e-02
2.555562257766723633e-01,2.127248764038085938e+00,2.743956074118614197e-02
1.994047872722148895e-02,1.846354246139526367e+00,3.273769468069076538e-02
5.020470619201660156e-01,4.322406768798828125e+00,2.104758843779563904e-02
1.497359126806259155e-01,2.979124546051025391e+00,4.639558494091033936e-02
2.140184678137302399e-02,2.386313438415527344e+00,4.497241228818893433e-02
3.408581316471099854e-01,6.029213219881057739e-02,2.082369662821292877e-02
8.380236625671386719e-01,8.208801746368408203e-01,1.306769847869873047e-01
2.805388867855072021e-01,6.335144042968750000e-01,2.882102690637111664e-02
6.002623215317726135e-02,2.070080995559692383e+00,1.202302169986069202e-03
5.717636272311210632e-02,3.014911174774169922e+00,5.154324322938919067e-02
3.023632764816284180e-01,5.757336616516113281e-01,1.395755633711814880e-02
3.151951134204864502e-01,2.648513793945312500e+00,3.767934162169694901e-03
2.954172194004058838e-01,3.146701812744140625e+00,9.884012863039970398e-03
3.560202121734619141e-01,2.812940835952758789e+00,9.750805329531431198e-04
6.848440319299697876e-02,6.825109571218490601e-02,5.726856179535388947e-03
1.679796129465103149e-01,3.356478214263916016e+00,1.418329216539859772e-02
3.510744869709014893e-01,2.778738498687744141e+00,2.723585581406950951e-03
2.879434078931808472e-02,8.562836050987243652e-01,4.925478622317314148e-02
3.034582138061523438e-01,4.874508380889892578e-01,5.218299850821495056e-02
2.525098621845245361e-01,6.048743128776550293e-01,6.131141446530818939e-03
2.730550765991210938e-01,3.179334402084350586e+00,8.618590421974658966e-03
1.559168566018342972e-02,1.628896445035934448e-01,1.882225158624351025e-03
1.857234090566635132e-01,4.417767047882080078e+00,2.302295714616775513e-02
1.634702682495117188e-01,3.198151350021362305e+00,5.403468851000070572e-03
2.882231771945953369e-02,2.723657786846160889e-01,7.360526174306869507e-02
3.522240519523620605e-01,4.183731555938720703e+00,9.939089417457580566e-03
6.549276113510131836e-01,3.173203229904174805e+00,1.982540823519229889e-02
3.571377396583557129e-01,7.556990385055541992e-01,5.359561182558536530e-04
3.460155427455902100e-01,4.812559604644775391e+00,1.450447645038366318e-02
4.311708807945251465e-01,1.820340275764465332e+00,4.414990544319152832e-02
1.320910453796386719e-01,4.698362827301025391e+00,7.030498702079057693e-03
2.077745348215103149e-01,1.866662502288818359e+00,7.713034283369779587e-03
6.323184818029403687e-02,1.583531141281127930e+00,6.798486411571502686e-02
5.627480894327163696e-02,2.876442909240722656e+00,7.446624338626861572e-02
3.328568637371063232e-01,2.284458160400390625e+00,1.054113730788230896e-02
4.617045819759368896e-02,1.627892017364501953e+00,1.933556236326694489e-02
3.722865507006645203e-02,1.917192935943603516e+00,6.889129430055618286e-02
6.574544310569763184e-02,9.507086277008056641e-01,4.002502560615539551e-02
4.156231582164764404e-01,3.264358639717102051e-02,1.731044612824916840e-02
9.704234078526496887e-03,3.461196899414062500e+00,4.973602294921875000e-02
2.069221884012222290e-01,4.352617740631103516e+00,1.015611551702022552e-02
1.005049049854278564e-01,3.398850679397583008e+00,4.570556804537773132e-02
1.215087808668613434e-02,4.829720556735992432e-01,1.452179346233606339e-02
3.391139507293701172e-01,2.123172998428344727e+00,1.635181158781051636e-02
2.496564835309982300e-01,4.461616992950439453e+00,4.094154760241508484e-02
2.260774523019790649e-01,4.865118503570556641e+00,1.249452587217092514e-02
4.291069507598876953e-01,4.745087623596191406e+00,2.246138267219066620e-02
1.951864734292030334e-02,2.966098546981811523e+00,4.313240572810173035e-02
3.386652097105979919e-03,2.046532392501831055e+00,3.648134320974349976e-02
3.824811875820159912e-01,2.795776128768920898e+00,3.494925051927566528e-02
3.245096504688262939e-01,2.260953187942504883e-01,5.769610777497291565e-02
8.343726396560668945e-01,9.882396459579467773e-01,3.351557534188032150e-03
3.737766444683074951e-01,1.941818714141845703e+00,3.360190242528915405e-02
1.949535310268402100e-01,1.327048897743225098e+00,1.380990073084831238e-02
1.401915848255157471e-01,1.009777545928955078e+00,5.521869752556085587e-03
9.464069455862045288e-02,3.128614664077758789e+00,2.569474512711167336e-03
1.505168713629245758e-02,1.700264960527420044e-01,4.041722044348716736e-02
2.269624024629592896e-01,3.278316497802734375e+00,1.488406769931316376e-02
6.169657111167907715e-01,3.730573654174804688e+00,2.673658356070518494e-02
1.897273585200309753e-02,2.424389839172363281e+00,1.413692533969879150e-02
5.420770123600959778e-02,6.118475198745727539e-01,1.965029165148735046e-02
3.522597625851631165e-02,7.879874110221862793e-02,4.906465485692024231e-02
1.685077250003814697e-01,4.354613304138183594e+00,4.126826301217079163e-03
1.588757634162902832e-01,4.129646778106689453e+00,4.271346703171730042e-02
6.996925175189971924e-02,2.681639909744262695e+00,5.160774569958448410e-03
4.827206134796142578e-01,9.371951818466186523e-01,5.102214403450489044e-03
9.164664894342422485e-02,2.625663280487060547e+00,5.472275894135236740e-03
8.366138488054275513e-02,3.647552013397216797e+00,1.044722553342580795e-02
1.591666340827941895e-01,4.440320968627929688e+00,1.186629757285118103e-02
2.652451694011688232e-01,1.921685338020324707e-01,5.906589329242706299e-02
2.293637841939926147e-01,4.390042304992675781e+00,1.537626981735229492e-02
9.622351080179214478e-02,2.213604688644409180e+00,2.196446806192398071e-02
5.743677020072937012e-01,2.222850561141967773e+00,2.846597693860530853e-03
3.620513081550598145e-01,3.541220903396606445e+00,1.009335368871688843e-02
3.212998434901237488e-02,1.428005695343017578e+00,2.120544016361236572e-02
6.336556673049926758e-01,2.475728839635848999e-01,9.976130910217761993e-03
1.468807756900787354e-01,4.199704527854919434e-01,2.608719514682888985e-03
3.359196484088897705e-01,1.224171757698059082e+00,1.801690831780433655e-02
2.034703195095062256e-01,1.421632617712020874e-01,1.068500149995088577e-02
1.469486355781555176e-01,1.820150613784790039e+00,3.610185533761978149e-02
8.138870596885681152e-01,3.713857889175415039e+00,1.734682172536849976e-02
2.615088522434234619e-01,8.755069226026535034e-02,6.996889133006334305e-03
9.882784634828567505e-02,3.545714139938354492e+00,2.351418510079383850e-02
3.513974845409393311e-01,3.993877887725830078e+00,3.306753560900688171e-02
1.903194002807140350e-02,2.909040689468383789e+00,1.812378130853176117e-02
8.707511238753795624e-03,2.848346233367919922e+00,6.169310770928859711e-03
3.660002350807189941e-02,2.555658578872680664e+00,8.363395929336547852e-03
1.798128932714462280e-01,1.565404534339904785e+00,1.004145387560129166e-02
1.799259781837463379e-01,6.954548954963684082e-01,1.985937543213367462e-02
1.922684013843536377e-01,4.571189880371093750e+00,1.660424098372459412e-02
1.858562082052230835e-01,3.677740812301635742e+00,1.619395986199378967e-02
1.299140453338623047e-01,6.839129328727722168e-01,1.989093609154224396e-02
2.475423067808151245e-01,4.268637657165527344e+00,1.331780105829238892e-02
6.230650097131729126e-02,3.378969907760620117e+00,2.825883962213993073e-02
3.040136098861694336e-01,4.903542518615722656e+00,1.677474565804004669e-02
1.118584945797920227e-01,3.570483446121215820e+00,1.223594881594181061e-02
2.593940794467926025e-01,2.176954030990600586e+00,2.315908484160900116e-02
7.378794252872467041e-02,3.490521192550659180e+00,1.765745133161544800e-02
1.152631640434265137e-01,2.002877712249755859e+00,1.245533209294080734e-02
9.067890234291553497e-03,1.648118257522583008e+00,2.460859017446637154e-03
3.537121787667274475e-02,1.412618160247802734e-01,4.859878681600093842e-03
4.064645767211914062e-01,2.029570102691650391e+00,3.105737967416644096e-03
1.747853606939315796e-01,4.260416984558105469e+00,2.034097351133823395e-02
2.659482136368751526e-02,4.323721408843994141e+00,8.296945132315158844e-03
1.089734211564064026e-01,1.240335226058959961e+00,7.992104627192020416e-03
4.100606441497802734e-01,4.141397476196289062e+00,8.090914040803909302e-02
3.728092312812805176e-01,2.348139286041259766e+00,3.001139312982559204e-02
6.024520471692085266e-02,3.109062433242797852e+00,1.712482608854770660e-02
1.790483593940734863e-01,1.184085965156555176e+00,1.903271861374378204e-02
3.774745762348175049e-01,4.738901615142822266e+00,1.147374510765075684e-02
3.466069698333740234e-01,5.956760048866271973e-01,8.451364003121852875e-03
1.517313271760940552e-01,3.569414615631103516e+00,1.322988327592611313e-02
4.370040446519851685e-02,2.565490961074829102e+00,8.886952884495258331e-03
9.162278473377227783e-02,4.280733108520507812e+00,2.990016341209411621e-02
1.200758069753646851e-01,9.546875953674316406e-01,4.663294821511954069e-04
3.799426555633544922e-02,4.750919818878173828e+00,3.178413212299346924e-02
2.440764568746089935e-02,7.379264831542968750e-01,5.335020367056131363e-03
3.788246810436248779e-01,2.794176340103149414e+00,1.216760277748107910e-02
3.980601951479911804e-02,1.836827993392944336e+00,1.404332183301448822e-02
4.552027285099029541e-01,4.015611171722412109e+00,2.443721331655979156e-02
2.506958544254302979e-01,6.107596755027770996e-01,5.272156558930873871e-03
1.696754842996597290e-01,4.831657409667968750e+00,2.514613419771194458e-02
2.668460309505462646e-01,7.150253653526306152e-02,1.333527173846960068e-02
2.290255427360534668e-01,4.542611598968505859e+00,1.972862705588340759e-02
4.233542382717132568e-01,1.259243130683898926e+00,2.410188876092433929e-02
2.563349306583404541e-01,2.250478982925415039e+00,1.041699759662151337e-02
2.998144626617431641e-01,1.967792272567749023e+00,7.542272657155990601e-02
7.787041831761598587e-03,4.425027847290039062e+00,8.321947418153285980e-03
2.926990687847137451e-01,4.410136222839355469e+00,2.595198899507522583e-02
5.784514173865318298e-02,1.055084347724914551e+00,3.039344213902950287e-02
5.716228485107421875e-02,7.845629453659057617e-01,2.814048901200294495e-02
3.845748603343963623e-01,1.501189619302749634e-01,7.008775719441473484e-05
3.433655947446823120e-02,2.446052074432373047e+00,9.462000802159309387e-03
1.884986609220504761e-01,3.082876920700073242e+00,8.270150050520896912e-03
1.054124385118484497e-01,2.153745174407958984e+00,2.538155391812324524e-02
1.595622897148132324e-01,7.510849088430404663e-02,2.915799245238304138e-02
3.515476286411285400e-01,3.576614260673522949e-01,2.019029483199119568e-02
1.097059343010187149e-02,5.578067302703857422e-01,9.806496091187000275e-03
1.659238524734973907e-02,3.312507390975952148e+00,1.524628978222608566e-02
3.723681867122650146e-01,2.631387948989868164e+00,6.057313643395900726e-03
2.181816101074218750e-01,2.835569143295288086e+00,4.105415940284729004e-02
2.911860644817352295e-01,4.066820621490478516e+00,1.471176836639642715e-02
4.012483358383178711e-01,4.507118225097656250e+00,7.973046042025089264e-03
3.284349739551544189e-01,4.943479537963867188e+00,1.672187261283397675e-02
2.945855855941772461e-01,5.824260711669921875e-01,1.080463174730539322e-02
2.378472685813903809e-01,4.758296489715576172e+00,1.970950216054916382e-01
1.537513267248868942e-02,2.038053274154663086e+00,5.699804518371820450e-03
2.848296426236629486e-02,1.970899343490600586e+00,1.156278885900974274e-02
1.607040762901306152e-01,4.892097949981689453e+00,2.526258863508701324e-02
1.502851098775863647e-01,1.404765844345092773e+00,2.858591638505458832e-02
3.036899864673614502e-01,2.291974782943725586e+00,1.007234863936901093e-02
7.527337074279785156e-01,3.203953504562377930e+00,1.077670454978942871e-01
4.081343412399291992e-01,2.852882385253906250e+00,6.563605740666389465e-03
2.960945367813110352e-01,4.513195037841796875e+00,2.465982362627983093e-02
2.251445315778255463e-02,6.689293384552001953e-01,3.319382667541503906e-03
2.287995070219039917e-01,3.888943195343017578e-01,1.135339625761844218e-04
8.287094533443450928e-02,4.877855300903320312e+00,2.299923449754714966e-02
5.278244614601135254e-01,1.160844042897224426e-01,3.483632951974868774e-02
2.098803818225860596e-01,4.507052898406982422e+00,6.085169687867164612e-02
3.067456558346748352e-02,5.597994923591613770e-01,8.145293220877647400e-03
1.512729078531265259e-01,4.979866981506347656e+00,5.646670237183570862e-02
4.179645702242851257e-02,2.860841989517211914e+00,3.513389453291893005e-02
1.184227466583251953e-01,2.126411199569702148e+00,1.722857356071472168e-02
3.029399812221527100e-01,4.293929100036621094e+00,8.212973363697528839e-03
2.725921571254730225e-01,7.213851809501647949e-01,2.989714033901691437e-02
4.017552733421325684e-01,2.985744476318359375e+00,8.688422851264476776e-03
1.019302681088447571e-01,3.287785053253173828e+00,9.439458139240741730e-03
3.309898078441619873e-01,4.800745010375976562e+00,4.745458438992500305e-02
3.088287413120269775e-01,1.800083667039871216e-01,8.109224960207939148e-03
4.073638617992401123e-01,6.772761940956115723e-01,3.683552145957946777e-03
1.907998174428939819e-01,2.041900634765625000e+00,4.671569168567657471e-02
6.802560761570930481e-03,1.223333477973937988e+00,4.472305625677108765e-02
8.564963936805725098e-02,3.342180728912353516e+00,1.504755392670631409e-02
3.972879797220230103e-02,1.456102728843688965e+00,1.660506054759025574e-02
1.609353907406330109e-02,7.195622324943542480e-01,6.426709238439798355e-03
1.940923631191253662e-01,6.226156651973724365e-02,2.546537108719348907e-02
1.358492579311132431e-02,6.310062408447265625e-01,1.856874674558639526e-02
2.949464917182922363e-01,6.883518099784851074e-01,6.301350146532058716e-02
3.752103745937347412e-01,2.655947446823120117e+00,1.806757762096822262e-03
2.330493628978729248e-01,3.591263532638549805e+00,6.406630575656890869e-02
1.530980784446001053e-02,6.610721349716186523e-01,1.618064008653163910e-03
4.332230389118194580e-01,1.615767240524291992e+00,9.253991767764091492e-03
3.435512483119964600e-01,2.372532367706298828e+00,2.983273938298225403e-02
2.038416564464569092e-01,7.327035069465637207e-01,1.521227043122053146e-02
1.747311353683471680e-01,3.343236207962036133e+00,2.030562236905097961e-02
1.598742455244064331e-01,4.065749645233154297e+00,3.385781496763229370e-02
3.865927830338478088e-02,2.619732141494750977e+00,3.783898428082466125e-02
2.385348081588745117e-01,3.540206432342529297e+00,2.699290588498115540e-02
1.296419948339462280e-01,2.662622213363647461e+00,1.005969382822513580e-02
3.732825219631195068e-01,3.610429048538208008e+00,2.755114808678627014e-02
1.957577317953109741e-01,4.157568454742431641e+00,1.887947879731655121e-02
3.387504518032073975e-01,2.380407094955444336e+00,3.235041722655296326e-02
7.948950529098510742e-01,4.570213556289672852e-01,1.849486725404858589e-03
2.316709905862808228e-01,2.704299449920654297e+00,3.884286060929298401e-02
7.796356081962585449e-01,5.165857821702957153e-02,2.927003987133502960e-02
1.929972916841506958e-01,2.998040914535522461e+00,5.015885457396507263e-03
1.082185953855514526e-01,4.469847679138183594e+00,7.567581720650196075e-03
3.023302257061004639e-01,4.719573259353637695e-02,8.934600278735160828e-03
2.729010879993438721e-01,2.749394655227661133e+00,3.871513530611991882e-02
5.578529834747314453e-02,4.406938076019287109e+00,1.045439857989549637e-02
1.123144254088401794e-01,3.835316658020019531e+00,2.346730604767799377e-02
1.238130182027816772e-01,3.061650276184082031e+00,1.365589164197444916e-02
2.890537083148956299e-01,2.180379390716552734e+00,1.022963598370552063e-02
6.447687000036239624e-02,2.125473499298095703e+00,9.499760344624519348e-03
5.827891826629638672e-01,2.161576747894287109e+00,8.588091284036636353e-02
1.928682327270507812e-01,3.371238231658935547e+00,1.141108572483062744e-02
1.079682931303977966e-01,1.088177680969238281e+00,5.104294419288635254e-02
8.233717083930969238e-02,2.552392005920410156e+00,1.119400840252637863e-02
8.772853612899780273e-01,2.683221101760864258e+00,7.617053389549255371e-02
5.315886437892913818e-02,2.638323783874511719e+00,8.175879716873168945e-03
2.973108887672424316e-01,1.897104024887084961e+00,2.400454366579651833e-03
3.480024933815002441e-01,1.440453052520751953e+00,6.803840398788452148e-03
3.494087159633636475e-01,3.586187839508056641e+00,7.451127748936414719e-03
4.362123310565948486e-01,3.171089649200439453e+00,1.253295131027698517e-02
1.346490532159805298e-01,3.388519287109375000e+00,4.595476761460304260e-02
4.272690713405609131e-01,1.990670442581176758e+00,1.246644929051399231e-02
3.363592624664306641e-01,2.968916416168212891e+00,1.995723135769367218e-02
1.339133828878402710e-01,2.933515548706054688e+00,1.773194596171379089e-02
2.959663867950439453e-01,1.206560134887695312e+00,1.941061951220035553e-02
1.759575605392456055e-01,3.833856821060180664e+00,6.190828979015350342e-03
5.175056457519531250e-01,3.035407781600952148e+00,2.796916477382183075e-02
4.762749075889587402e-01,3.207792282104492188e+00,7.559128571301698685e-03
6.955388933420181274e-02,3.029497146606445312e+00,1.693771965801715851e-02
1.167909651994705200e-01,3.630184412002563477e+00,3.916112333536148071e-02
1.620973646640777588e-02,3.594643175601959229e-01,4.662116523832082748e-03
3.837544918060302734e-01,7.186618447303771973e-01,3.378245234489440918e-02
2.447757869958877563e-01,2.185915708541870117e+00,5.849509499967098236e-03
1.055879052728414536e-02,8.079148083925247192e-02,4.501073434948921204e-02
3.001590669155120850e-01,4.102809429168701172e+00,3.733986616134643555e-02
1.212608255445957184e-02,3.184395313262939453e+00,1.062305923551321030e-02
2.185190320014953613e-01,2.017297506332397461e+00,1.088353153318166733e-02
3.003199100494384766e-01,3.255886554718017578e+00,2.272482775151729584e-02
4.202127754688262939e-01,3.616462707519531250e+00,7.154227793216705322e-02
4.348886385560035706e-02,3.312248229980468750e+00,9.592749178409576416e-03
9.676430374383926392e-03,4.152571201324462891e+00,6.386592984199523926e-03
2.854337915778160095e-02,1.679660081863403320e+00,1.308094710111618042e-02
2.802690863609313965e-01,3.260209083557128906e+00,1.340208016335964203e-02
2.026607245206832886e-01,2.679704427719116211e-01,8.610136806964874268e-03
3.786787018179893494e-02,6.136080622673034668e-01,1.797382021322846413e-03
3.630582690238952637e-01,2.631843328475952148e+00,8.634514361619949341e-02
1.640236079692840576e-01,1.794533014297485352e+00,8.947869762778282166e-03
2.458494901657104492e-02,9.772751331329345703e-01,1.120354831218719482e-01
2.339188903570175171e-01,2.663028955459594727e+00,1.160464715212583542e-02
2.186728455126285553e-02,3.019443988800048828e+00,3.412633389234542847e-02
3.548547029495239258e-01,2.674285650253295898e+00,1.081149745732545853e-02
2.579216063022613525e-01,2.128284454345703125e+00,5.056001711636781693e-03
3.207741379737854004e-01,7.450105547904968262e-01,5.841117724776268005e-02
3.343867138028144836e-02,7.189970016479492188e-01,1.568203233182430267e-02
9.634454250335693359e-01,4.917634487152099609e+00,1.923201791942119598e-02
3.017107844352722168e-01,1.081445336341857910e+00,3.750688955187797546e-02
4.458611831068992615e-02,2.343708515167236328e+00,8.777973800897598267e-02
1.126272901892662048e-01,4.365529537200927734e+00,1.475224271416664124e-02
2.353219836950302124e-01,2.557658195495605469e+00,1.329044159501791000e-02
3.701637685298919678e-01,3.639422178268432617e+00,6.272239144891500473e-03
1.736991107463836670e-01,1.943690061569213867e+00,5.697191954823210835e-05
1.959797888994216919e-01,1.569354414939880371e+00,8.250307291746139526e-02
2.607251405715942383e-01,2.780976057052612305e+00,1.183622330427169800e-02
2.623386085033416748e-01,1.147293567657470703e+00,2.539810258895158768e-03
1.685776412487030029e-01,4.310220241546630859e+00,1.617730967700481415e-02
6.166064739227294922e-01,5.416347086429595947e-02,2.321487851440906525e-02
1.715267598628997803e-01,2.905539989471435547e+00,1.996998861432075500e-02
5.499648302793502808e-02,2.799662113189697266e+00,2.800231333822011948e-03
3.762210905551910400e-01,4.864126682281494141e+00,1.521734241396188736e-02
2.658556401729583740e-01,4.530253887176513672e+00,1.093102525919675827e-02
1.658279299736022949e-01,4.945738792419433594e+00,1.608170755207538605e-02
2.124574035406112671e-01,4.393408775329589844e+00,1.068331021815538406e-02
2.359359711408615112e-01,3.192589282989501953e+00,8.205944299697875977e-02
8.256644755601882935e-02,2.861908912658691406e+00,1.908733509480953217e-02
2.622558921575546265e-02,9.780806303024291992e-01,2.234267443418502808e-02
1.371249835938215256e-02,2.530808687210083008e+00,1.128043979406356812e-02
3.154387772083282471e-01,5.863053202629089355e-01,4.123803693801164627e-03
2.529815435409545898e-01,9.343227744102478027e-02,1.359958574175834656e-02
7.295724749565124512e-02,2.234540462493896484e+00,5.045191384851932526e-03
1.098845526576042175e-01,4.074497699737548828e+00,2.380872890353202820e-02
2.235448062419891357e-01,2.524826049804687500e+00,6.911226548254489899e-03
3.566294014453887939e-01,1.929309606552124023e+00,1.734743639826774597e-02
9.016965329647064209e-02,4.050628662109375000e+00,2.112761512398719788e-02
2.566587626934051514e-01,7.528488636016845703e-01,1.845639012753963470e-02
3.729857504367828369e-01,2.431426763534545898e+00,7.831640541553497314e-02
3.914604485034942627e-01,1.284232884645462036e-01,6.627955008298158646e-03
1.461514085531234741e-01,2.349478244781494141e+00,2.770551480352878571e-02
2.981139905750751495e-02,3.584328174591064453e+00,5.384296923875808716e-02
2.712532877922058105e-01,2.427615225315093994e-01,1.159439980983734131e-02
3.411341607570648193e-01,3.446321725845336914e+00,2.767313644289970398e-02
2.790310382843017578e-01,2.087923765182495117e+00,4.972956702113151550e-02
1.845826208591461182e-01,3.526379168033599854e-02,1.678888686001300812e-02
2.634742110967636108e-02,1.042401790618896484e+00,1.187249645590782166e-02
1.525394320487976074e-01,2.416202068328857422e+00,5.871847737580537796e-03
5.869559049606323242e-01,5.419698357582092285e-01,3.864612197503447533e-03
6.274412274360656738e-01,6.484386920928955078e-01,2.862014062702655792e-02
2.707063257694244385e-01,1.608939051628112793e+00,3.615821246057748795e-03
3.104877844452857971e-02,3.937959909439086914e+00,2.155879884958267212e-02
3.195765018463134766e-01,7.162547707557678223e-01,1.161981187760829926e-02
1.750465631484985352e-01,3.688505649566650391e+00,2.461166307330131531e-02
1.744750291109085083e-01,4.793918132781982422e+00,1.006983779370784760e-02
3.808811902999877930e-01,4.549084976315498352e-02,5.823533982038497925e-03
8.813940733671188354e-02,8.112851530313491821e-02,1.282851863652467728e-02
2.883280813694000244e-01,9.949822723865509033e-02,1.364251971244812012e-02
2.231065332889556885e-01,2.883395433425903320e+00,2.499412372708320618e-02
7.142398506402969360e-02,8.508699536323547363e-01,3.146053850650787354e-02
9.058812856674194336e-01,1.331255674362182617e+00,2.563787624239921570e-03
2.405037917196750641e-02,6.121139600872993469e-02,2.569090202450752258e-02
3.935049772262573242e-01,4.207339286804199219e+00,2.409240975975990295e-02
7.613931894302368164e-01,3.996399641036987305e+00,3.028282895684242249e-02
4.739397764205932617e-01,1.054409146308898926e+00,1.942614279687404633e-02
1.236139982938766479e-01,4.214724063873291016e+00,4.225645959377288818e-02
1.682687550783157349e-01,2.698045253753662109e+00,2.142338827252388000e-02
1.499231755733489990e-01,3.682759523391723633e+00,1.186809036880731583e-02
1.587120890617370605e-01,3.417338848114013672e+00,5.095912609249353409e-03
2.993969805538654327e-02,1.678692936897277832e+00,2.037617145106196404e-03
9.179355204105377197e-02,5.366654992103576660e-01,3.477490041404962540e-03
7.724871039390563965e-01,3.303796052932739258e+00,9.720065281726419926e-04
1.813265532255172729e-01,3.547045946121215820e+00,1.398440264165401459e-02
3.346041440963745117e-01,4.024775505065917969e+00,4.646848887205123901e-03
4.675731528550386429e-03,6.045238971710205078e-01,9.064631536602973938e-03
1.052619367837905884e-01,2.869903802871704102e+00,7.008519489318132401e-03
1.845546513795852661e-01,1.303653478622436523e+00,9.247126057744026184e-03
1.135034561157226562e-01,4.845610618591308594e+00,7.309005409479141235e-02
3.979163244366645813e-02,2.110823392868041992e+00,1.997229456901550293e-02
1.915422230958938599e-01,2.889768362045288086e+00,2.262159064412117004e-02
3.482715189456939697e-01,4.228051185607910156e+00,1.662150584161281586e-02
3.549253642559051514e-01,2.194052696228027344e+00,1.022907253354787827e-02
2.894392013549804688e-01,2.416210651397705078e+00,2.386892773211002350e-02
1.414251625537872314e-01,3.459876298904418945e+00,2.361439913511276245e-02
7.789462339133024216e-03,4.280657291412353516e+00,1.269121188670396805e-02
3.557305335998535156e-01,2.746102094650268555e+00,1.604507490992546082e-02
3.901427686214447021e-01,4.001965522766113281e+00,6.411133799701929092e-03
1.665421128273010254e-01,1.066203832626342773e+00,3.738013561815023422e-03
4.410259425640106201e-02,2.394088029861450195e+00,4.255833104252815247e-03
3.229683041572570801e-01,2.007238149642944336e+00,2.835474908351898193e-02
1.804652437567710876e-02,7.310330867767333984e-01,6.922267377376556396e-02
3.924867510795593262e-01,2.373994112014770508e+00,1.055804360657930374e-02
8.871602825820446014e-03,4.837107658386230469e+00,1.456365175545215607e-02
2.001707814633846283e-02,1.008910179138183594e+00,4.697109106928110123e-03
1.016429960727691650e-01,3.742150306701660156e+00,2.443690598011016846e-02
1.406322568655014038e-01,3.765027999877929688e+00,3.392677754163742065e-02
1.552931666374206543e-01,2.537615537643432617e+00,1.717595756053924561e-02
4.157424867153167725e-01,1.056575551629066467e-01,2.820366062223911285e-03
3.542988598346710205e-01,1.914041996002197266e+00,9.528348222374916077e-03
1.922061853110790253e-02,3.149884700775146484e+00,4.981794580817222595e-02
2.948301434516906738e-01,2.510217130184173584e-01,1.006573904305696487e-02
3.682457208633422852e-01,3.593238592147827148e+00,2.761206589639186859e-02
1.920258849859237671e-01,2.911175966262817383e+00,7.690901402384042740e-03
1.351939588785171509e-01,2.598893880844116211e+00,9.920645505189895630e-03
3.575815819203853607e-03,1.412009894847869873e-01,1.517082215286791325e-03
1.224315315485000610e-01,4.165340423583984375e+00,3.803541650995612144e-03
4.328005909919738770e-01,1.883435964584350586e+00,7.642741780728101730e-03
1.344748586416244507e-01,2.944397687911987305e+00,2.214163355529308319e-02
1.867760568857192993e-01,2.981565475463867188e+00,2.200330235064029694e-02
3.788181543350219727e-01,2.249397039413452148e+00,5.885680671781301498e-03
3.124269247055053711e-01,4.794810712337493896e-02,1.586042903363704681e-02
2.519863545894622803e-01,6.114097312092781067e-02,1.857760921120643616e-02
1.916957646608352661e-02,2.565920829772949219e+00,3.877676790580153465e-03
1.584113985300064087e-01,4.239367008209228516e+00,1.290823798626661301e-02
4.012554287910461426e-01,2.143664121627807617e+00,6.574928294867277145e-03
4.254588186740875244e-01,3.235243082046508789e+00,1.133587490767240524e-02
5.082658305764198303e-02,4.300160884857177734e+00,1.175952609628438950e-02
3.539148569107055664e-01,3.659012794494628906e+00,1.913744024932384491e-02
7.556331753730773926e-01,3.873738288879394531e+00,1.244667358696460724e-02
2.926246821880340576e-01,3.316244602203369141e+00,1.360153313726186752e-02
5.180317759513854980e-01,1.867813348770141602e+00,1.973677426576614380e-03
3.809901475906372070e-01,1.858358621597290039e+00,2.437419444322586060e-02
1.952408701181411743e-01,9.479964375495910645e-01,1.884484477341175079e-02
8.148341774940490723e-01,4.420715808868408203e+00,1.891447231173515320e-03
1.926761269569396973e-01,2.354333639144897461e+00,2.301317173987627029e-03
2.090715058147907257e-02,3.914123773574829102e+00,5.019384622573852539e-02
3.079545497894287109e-01,2.818827867507934570e+00,6.167804449796676636e-02
3.586258292198181152e-01,5.906057357788085938e-01,1.041786861605942249e-03
3.703331947326660156e-01,4.034814357757568359e+00,4.428592976182699203e-03
1.074735969305038452e-01,2.751247167587280273e+00,9.949182160198688507e-03
3.598314225673675537e-01,3.149866819381713867e+00,2.316564321517944336e-02
3.230742514133453369e-01,3.600584268569946289e+00,1.832374744117259979e-02
7.809405922889709473e-01,3.605347871780395508e+00,2.380406670272350311e-02
3.805478513240814209e-01,1.743404746055603027e+00,2.106818370521068573e-02
6.130196154117584229e-02,3.900692224502563477e+00,6.589324679225683212e-03
3.417897820472717285e-01,1.965378224849700928e-01,1.096852868795394897e-02
3.343434333801269531e-01,9.417784810066223145e-01,8.255087770521640778e-03
3.476948440074920654e-01,2.720064878463745117e+00,3.287915140390396118e-02
3.563667088747024536e-02,2.565022945404052734e+00,6.173511967062950134e-03
3.353103995323181152e-02,2.441374778747558594e+00,8.458075113594532013e-03
3.790941834449768066e-01,4.259317874908447266e+00,2.351833507418632507e-03
3.004027009010314941e-01,1.093269065022468567e-01,4.382836446166038513e-02
2.515845745801925659e-02,4.296291351318359375e+00,4.797255620360374451e-02
3.638006150722503662e-01,2.465046644210815430e+00,4.103510081768035889e-02
1.522210799157619476e-02,1.876492619514465332e+00,5.315602757036685944e-03
3.440728485584259033e-01,1.518443465232849121e+00,3.363494994118809700e-03
5.552986860275268555e-01,2.639196634292602539e+00,1.568054780364036560e-02
4.035897850990295410e-01,2.015974760055541992e+00,1.343707321211695671e-03
3.816411197185516357e-01,2.794960737228393555e+00,1.124211680144071579e-02
3.256148695945739746e-01,3.514964342117309570e+00,5.760465282946825027e-03
3.360997140407562256e-01,1.626225829124450684e+00,1.192542165517807007e-02
3.170095384120941162e-01,3.520062923431396484e+00,2.404240518808364868e-02
8.071651682257652283e-03,3.914443731307983398e+00,1.852504350244998932e-02
8.421586826443672180e-03,3.769958257675170898e+00,3.419380635023117065e-02
1.716161668300628662e-01,4.912851333618164062e+00,1.750918105244636536e-02
3.845755457878112793e-01,3.393604278564453125e+00,2.942035906016826630e-02
1.401680260896682739e-01,6.987447142601013184e-01,7.275042682886123657e-02
3.262257203459739685e-02,1.078253269195556641e+00,7.296350318938493729e-03
2.313821315765380859e-01,1.629484176635742188e+00,2.520505338907241821e-02
3.853444457054138184e-01,1.730908989906311035e+00,2.384776808321475983e-02
3.737696707248687744e-01,1.938373446464538574e+00,3.839533403515815735e-02
8.422659337520599365e-02,2.472594022750854492e+00,1.826621219515800476e-02
6.135836616158485413e-02,3.531856536865234375e+00,5.453063175082206726e-03
1.484595891088247299e-02,1.188793540000915527e+00,2.683638595044612885e-02
2.033884972333908081e-01,3.227914810180664062e+00,5.805976316332817078e-02
1.849441081285476685e-01,1.586228162050247192e-01,2.763814292848110199e-02
3.581010699272155762e-01,2.267889231443405151e-01,1.574059203267097473e-02
3.419743850827217102e-02,2.293851375579833984e+00,1.335740461945533752e-02
4.758694022893905640e-02,2.699796438217163086e+00,1.760396361351013184e-02
7.498816847801208496e-01,2.435531377792358398e+00,1.017896551638841629e-02
2.929446101188659668e-01,1.572260111570358276e-01,5.392299965023994446e-03
3.374881744384765625e-01,4.164781093597412109e+00,7.556971162557601929e-02
2.740734517574310303e-01,6.948357820510864258e-02,8.204109966754913330e-03
7.294358313083648682e-02,3.993983507156372070e+00,2.109979651868343353e-02
5.587517842650413513e-02,1.113610148429870605e+00,7.483399659395217896e-02
1.254238039255142212e-01,2.333839893341064453e+00,1.673099212348461151e-02
1.571350097656250000e-01,9.306198358535766602e-01,2.105819433927536011e-02
3.667329847812652588e-01,2.743078231811523438e+00,2.354728244245052338e-02
1.191599667072296143e-02,7.250711321830749512e-01,1.030945777893066406e-02
3.910766541957855225e-01,4.671635150909423828e+00,1.546142064034938812e-02
2.993817031383514404e-01,9.763899445533752441e-01,4.901121836155653000e-03
3.366782069206237793e-01,1.036278367042541504e+00,4.966573044657707214e-02
4.495645165443420410e-01,2.458596467971801758e+00,1.202696654945611954e-02
2.371535599231719971e-01,3.094117403030395508e+00,1.798355393111705780e-02
8.896303176879882812e-01,6.566353440284729004e-01,4.813307430595159531e-03
1.714184582233428955e-01,1.171987056732177734e+00,3.208338841795921326e-02
2.554918229579925537e-01,6.070267409086227417e-02,3.929699584841728210e-02
1.933777630329132080e-01,7.403689622879028320e-01,3.516171593219041824e-03
2.451694607734680176e-01,2.130434274673461914e+00,2.661131555214524269e-03
9.016498327255249023e-01,1.948590159416198730e+00,1.758198440074920654e-02
2.511006891727447510e-01,3.155788421630859375e+00,9.491562377661466599e-04
1.821096241474151611e-02,3.598792314529418945e+00,4.090809263288974762e-03
5.992905423045158386e-02,6.677033752202987671e-02,1.740901917219161987e-02
8.531872034072875977e-01,1.960390925407409668e+00,1.763024739921092987e-02
4.096116125583648682e-02,5.688274502754211426e-01,1.831401325762271881e-02
2.209625206887722015e-02,1.151509210467338562e-01,1.186035480350255966e-02
3.450834155082702637e-01,3.844687461853027344e+00,1.667263731360435486e-02
1.611553318798542023e-02,2.350587606430053711e+00,3.775322064757347107e-02
4.543794319033622742e-02,1.950744986534118652e+00,7.383857853710651398e-03
4.129402637481689453e-01,9.445636868476867676e-01,1.367740985006093979e-02
9.213723242282867432e-03,3.641305446624755859e+00,3.606588765978813171e-02
1.517143100500106812e-01,4.218618392944335938e+00,5.392960831522941589e-02
6.059026345610618591e-02,1.496035605669021606e-01,8.911852724850177765e-03
5.389819294214248657e-02,2.139651328325271606e-01,8.365952223539352417e-02
3.280704617500305176e-01,9.701984524726867676e-01,2.327907364815473557e-03
1.382319182157516479e-01,3.871279716491699219e+00,7.522342726588249207e-03
3.569224476814270020e-02,4.863271236419677734e+00,2.999719977378845215e-02
3.167578577995300293e-02,7.831160724163055420e-02,8.910623379051685333e-03
1.312533766031265259e-01,2.615859508514404297e+00,8.804773911833763123e-03
1.144021749496459961e-02,9.483314156532287598e-01,7.283439394086599350e-03
1.933086365461349487e-01,4.878128051757812500e+00,2.064161188900470734e-02
1.167483255267143250e-01,2.462201118469238281e+00,5.332002788782119751e-02
2.788683176040649414e-01,1.740680932998657227e+00,4.726619925349950790e-03
3.776254653930664062e-01,2.067427873611450195e+00,6.965677440166473389e-02
8.311244845390319824e-01,7.342355251312255859e-01,2.839455753564834595e-02
2.745485305786132812e-01,1.327163696289062500e+00,5.215415358543395996e-02
6.061890721321105957e-01,2.170513868331909180e+00,4.774195328354835510e-02
3.530996739864349365e-01,4.673690319061279297e+00,1.542560756206512451e-02
9.913880228996276855e-01,1.994931459426879883e+00,7.053764164447784424e-02
3.256820887327194214e-02,3.128622770309448242e+00,2.291772328317165375e-02
6.917884945869445801e-02,3.892064332962036133e+00,8.283983333967626095e-04
3.737779259681701660e-01,2.121610492467880249e-01,8.330298587679862976e-03
3.108937144279479980e-01,2.766816854476928711e+00,1.346637867391109467e-02
1.926771700382232666e-01,3.543786525726318359e+00,7.160171400755643845e-03
3.592732846736907959e-01,3.383942127227783203e+00,2.972581423819065094e-04
3.810949921607971191e-01,1.269617229700088501e-01,6.860146299004554749e-03
1.085246801376342773e-01,7.399296760559082031e-01,1.087482180446386337e-02
1.281124949455261230e-01,1.633580446243286133e+00,1.240717247128486633e-02
3.491466641426086426e-01,7.231805324554443359e-01,6.926494184881448746e-03
3.834929764270782471e-01,2.011358499526977539e+00,9.419005364179611206e-02
2.935877442359924316e-01,8.535765111446380615e-02,9.022415615618228912e-03
1.896211206912994385e-01,3.119126558303833008e+00,7.066131383180618286e-02
5.414171889424324036e-02,2.731906890869140625e+00,1.284183934330940247e-02
1.304140686988830566e-01,3.464594364166259766e+00,2.446129173040390015e-02
3.514157831668853760e-01,2.329190492630004883e+00,2.022415958344936371e-02
2.068593651056289673e-01,1.965725183486938477e+00,6.522413808852434158e-03
1.456823348999023438e-01,3.219350814819335938e+00,9.236213751137256622e-03
3.051337301731109619e-01,3.565195798873901367e+00,2.642974443733692169e-02
1.875158399343490601e-02,4.486347675323486328e+00,1.477427314966917038e-02
4.584297239780426025e-01,4.004183769226074219e+00,7.849521003663539886e-03
1.005533188581466675e-01,3.783131599426269531e+00,1.109604910016059875e-02
1.111700683832168579e-01,1.074209332466125488e+00,3.276100382208824158e-02
1.954918950796127319e-01,3.723665952682495117e+00,1.449258998036384583e-02
3.372725844383239746e-01,1.438302695751190186e-01,5.012042820453643799e-03
4.220787808299064636e-02,3.976470470428466797e+00,1.469783298671245575e-02
3.092415332794189453e-01,1.627884507179260254e+00,1.662883162498474121e-02
3.969248533248901367e-01,3.931977510452270508e+00,1.081323903053998947e-02
1.754331886768341064e-01,4.279399871826171875e+00,1.090914849191904068e-02
5.215577781200408936e-02,3.304150819778442383e+00,2.208896540105342865e-02
3.875612616539001465e-01,1.898184537887573242e+00,6.944989319890737534e-03
3.386662527918815613e-02,2.769051313400268555e+00,6.137494463473558426e-03
1.079700887203216553e-01,6.366071701049804688e-01,1.356187835335731506e-02
4.666231870651245117e-01,9.048943221569061279e-02,8.578525856137275696e-03
3.188266754150390625e-01,4.948122024536132812e+00,9.342113509774208069e-03
4.095895588397979736e-01,1.587038040161132812e+00,8.432663977146148682e-03
2.946106195449829102e-01,1.081395626068115234e+00,1.958332769572734833e-02
3.582006096839904785e-01,2.616836309432983398e+00,1.562859676778316498e-02
1.240659803152084351e-01,3.110853910446166992e+00,1.468871347606182098e-02
3.248795270919799805e-01,4.978036403656005859e+00,1.148819271475076675e-02
4.179134070873260498e-01,1.303565651178359985e-01,4.285651259124279022e-03
1.954536885023117065e-01,9.866279959678649902e-01,4.930683877319097519e-03
2.968080937862396240e-01,3.640326261520385742e+00,4.706479981541633606e-02
2.635000646114349365e-01,4.945011436939239502e-02,3.460577875375747681e-02
1.122734770178794861e-01,7.797846198081970215e-01,5.251407157629728317e-03
4.584034085273742676e-01,3.346224546432495117e+00,2.555825747549533844e-02
5.387979745864868164e-01,2.300818264484405518e-01,3.420938178896903992e-02
2.630184218287467957e-02,3.058503627777099609e+00,1.908953674137592316e-02
2.492342889308929443e-01,3.123428344726562500e+00,1.693854108452796936e-02
5.298263207077980042e-02,3.338952302932739258e+00,4.097059834748506546e-03
4.046158865094184875e-02,2.827334642410278320e+00,2.284210175275802612e-02
3.195861577987670898e-01,7.013554871082305908e-02,2.872829558327794075e-03
3.387688100337982178e-01,4.332180500030517578e+00,3.425743896514177322e-03
5.487153679132461548e-02,3.293263196945190430e+00,3.412192687392234802e-02
7.014168053865432739e-02,6.321270018815994263e-02,2.875980362296104431e-02
5.479206442832946777e-01,2.530933380126953125e+00,7.592276670038700104e-03
2.845153026282787323e-02,1.726860880851745605e+00,1.068571861833333969e-02
4.277970790863037109e-01,3.283025026321411133e+00,6.222035363316535950e-02
1.475950330495834351e-01,2.318515062332153320e+00,4.021285101771354675e-03
2.412753179669380188e-03,8.414987325668334961e-01,1.842841692268848419e-02
2.459794431924819946e-01,3.156697034835815430e+00,1.581124402582645416e-02
7.656079716980457306e-03,1.953151583671569824e+00,5.179152265191078186e-02
1.096756383776664734e-01,1.943810224533081055e+00,9.587267413735389709e-03
2.917341589927673340e-01,1.655995607376098633e+00,6.080486625432968140e-02
4.430026188492774963e-02,4.414631366729736328e+00,9.684764780104160309e-03
1.055537089705467224e-01,3.211442947387695312e+00,8.998181670904159546e-03
2.044078409671783447e-01,2.842839241027832031e+00,3.352966532111167908e-02
3.348833918571472168e-01,1.942908048629760742e+00,1.598794944584369659e-02
2.110451608896255493e-01,2.747355222702026367e+00,4.805801436305046082e-02
3.092396557331085205e-01,1.989870309829711914e+00,1.163323502987623215e-02
1.961580961942672729e-01,4.089027881622314453e+00,6.730935070663690567e-03
2.230512909591197968e-02,4.056443214416503906e+00,5.577458441257476807e-02
4.370099306106567383e-02,1.893995285034179688e+00,1.164153497666120529e-02
3.889257609844207764e-01,4.126729488372802734e+00,5.632908642292022705e-02
3.591497242450714111e-01,4.064354896545410156e+00,1.752337254583835602e-02
2.180812656879425049e-01,2.990349292755126953e+00,1.329766586422920227e-02
1.281040906906127930e-01,2.347613334655761719e+00,8.419394493103027344e-03
3.462435305118560791e-02,2.117049694061279297e+00,1.213722117245197296e-02
2.397564798593521118e-02,4.055853843688964844e+00,9.758864343166351318e-02
7.230595946311950684e-01,1.278391003608703613e+00,2.630673162639141083e-02
6.136460900306701660e-01,7.084150910377502441e-01,8.771611005067825317e-02
1.520923674106597900e-01,7.945328205823898315e-02,2.657545264810323715e-03
3.397365510463714600e-01,5.481077432632446289e-01,2.254545874893665314e-02
3.368531167507171631e-02,6.283178925514221191e-01,7.034597452729940414e-03
4.262984693050384521e-01,2.341999530792236328e+00,1.010585459880530834e-03
2.538017630577087402e-01,1.061052083969116211e+00,1.946487650275230408e-02
2.279819920659065247e-02,1.941539764404296875e+00,3.092519706115126610e-03
1.457849740982055664e-01,2.809520959854125977e+00,1.474440377205610275e-02
3.530969023704528809e-01,1.798815608024597168e+00,7.518551428802311420e-04
2.611814253032207489e-02,6.372126936912536621e-01,6.729090586304664612e-03
4.091112315654754639e-02,1.836453914642333984e+00,6.767208222299814224e-03
2.944448888301849365e-01,3.218414068222045898e+00,8.015159517526626587e-03
3.958519101142883301e-01,3.189179897308349609e+00,1.047571096569299698e-02
1.398759800940752029e-02,4.875952243804931641e+00,1.112479157745838165e-02
3.427641987800598145e-01,2.092387914657592773e+00,2.048867940902709961e-02
3.583326935768127441e-02,2.693422794342041016e+00,3.695315495133399963e-02
3.586539030075073242e-01,2.106840133666992188e+00,2.213809872046113014e-03
2.019733041524887085e-01,3.293081521987915039e+00,1.823659799993038177e-02
3.658568263053894043e-01,1.956266403198242188e+00,8.574939332902431488e-03
2.612343728542327881e-01,1.107777237892150879e+00,2.477474138140678406e-02
1.355241537094116211e-01,2.744177341461181641e+00,5.763862282037734985e-02
3.049973249435424805e-01,1.999788165092468262e+00,5.186750087887048721e-03
6.776537895202636719e-01,2.670493125915527344e+00,1.479963399469852448e-02
3.274744153022766113e-01,3.885851144790649414e+00,2.161285094916820526e-02
3.058578670024871826e-01,2.625500202178955078e+00,5.830040667206048965e-03
4.310082197189331055e-01,3.387855529785156250e+00,1.513285841792821884e-02
2.505176365375518799e-01,3.132012113928794861e-02,7.929205149412155151e-02
5.466287732124328613e-01,7.575582712888717651e-02,7.575943320989608765e-02
3.632104396820068359e-01,2.229530572891235352e+00,7.471621036529541016e-03
8.224026858806610107e-02,3.366724729537963867e+00,1.560497749596834183e-02
1.106376796960830688e-01,2.877817869186401367e+00,1.737187430262565613e-02
5.078785121440887451e-02,3.468543529510498047e+00,8.493995666503906250e-02
3.384249806404113770e-01,1.927826642990112305e+00,3.130453079938888550e-02
3.705315589904785156e-01,1.776811480522155762e-02,2.617050148546695709e-02
7.617866396903991699e-01,2.040349483489990234e+00,5.799756571650505066e-02
7.583791613578796387e-01,3.240058660507202148e+00,4.231548402458429337e-03
1.305849403142929077e-01,3.723132371902465820e+00,3.767349943518638611e-02
2.402741014957427979e-01,1.312406539916992188e+00,7.290714886039495468e-03
8.704321384429931641e-01,4.855507850646972656e+00,4.877400584518909454e-03
1.093512624502182007e-01,3.206045389175415039e+00,1.615276746451854706e-02
1.276748627424240112e-01,2.216295599937438965e-01,3.397872904315590858e-03
8.304589241743087769e-02,2.283787012100219727e+00,1.418667379766702652e-02
6.517341732978820801e-02,1.609376817941665649e-01,1.089680194854736328e-02
3.238328397274017334e-01,3.890461921691894531e+00,6.020374130457639694e-03
3.425921499729156494e-01,3.513667583465576172e+00,2.018102072179317474e-02
2.832499444484710693e-01,1.889838814735412598e+00,1.155653875321149826e-02
1.255627274513244629e-01,2.547170162200927734e+00,2.279793843626976013e-02
2.605470716953277588e-01,4.356555938720703125e+00,4.799909889698028564e-02
4.384720325469970703e-02,2.853212356567382812e+00,2.136462368071079254e-02
1.847748011350631714e-01,3.219875812530517578e+00,1.022912375628948212e-02
1.671524792909622192e-01,3.345625638961791992e+00,2.382005192339420319e-02
7.404768466949462891e-02,3.529672145843505859e+00,6.326803006231784821e-03
5.545996427536010742e-01,3.054355144500732422e+00,4.269666038453578949e-03
1.920199990272521973e-01,4.922883510589599609e+00,3.581509739160537720e-02
1.580992192029953003e-01,6.071144342422485352e-01,5.225943867117166519e-03
1.755223423242568970e-01,2.725777149200439453e+00,8.082327432930469513e-03
3.130675256252288818e-01,4.960290491580963135e-01,2.944233827292919159e-02
2.004757970571517944e-01,2.935273885726928711e+00,1.053099241107702255e-02
2.830082476139068604e-01,8.421075344085693359e-01,2.380283735692501068e-02
1.362617164850234985e-01,3.845406293869018555e+00,2.345762401819229126e-02
9.183179736137390137e-01,7.272592186927795410e-01,3.834845265373587608e-04
3.710105419158935547e-01,4.777767181396484375e+00,2.936041727662086487e-02
4.048186838626861572e-01,4.227349162101745605e-01,1.330350618809461594e-02
1.010207310318946838e-01,1.171111941337585449e+00,2.847781218588352203e-02
5.412149056792259216e-02,3.589949846267700195e+00,2.890699729323387146e-02
2.185424789786338806e-02,3.409104585647583008e+00,2.385345473885536194e-02
1.761903911828994751e-01,2.437750101089477539e+00,3.290276974439620972e-02
1.165472939610481262e-01,4.857191085815429688e+00,4.013686999678611755e-02
6.567330360412597656e-01,3.371076345443725586e+00,2.260944806039333344e-03
3.997401893138885498e-01,4.922246932983398438e+00,1.232560817152261734e-02
3.283103182911872864e-02,2.853734254837036133e+00,8.109240233898162842e-02
5.306726098060607910e-01,4.642121315002441406e+00,1.716489158570766449e-02
4.254064857959747314e-01,2.075008153915405273e+00,2.224553562700748444e-02
1.142615675926208496e-01,4.713016986846923828e+00,2.348088286817073822e-02
1.417867392301559448e-01,4.695395946502685547e+00,1.641047373414039612e-02
5.911144614219665527e-01,3.844285011291503906e+00,9.542898274958133698e-03
1.530987676233053207e-02,2.755996942520141602e+00,1.615476608276367188e-02
2.125635445117950439e-01,1.323710680007934570e-01,1.736982539296150208e-02
3.704689443111419678e-01,3.185781478881835938e+00,7.022403646260499954e-03
3.080197870731353760e-01,2.469616413116455078e+00,3.049688413739204407e-03
3.126911520957946777e-01,2.653398036956787109e+00,6.056186743080615997e-03
3.737600743770599365e-01,3.649276733398437500e+00,1.516831200569868088e-02
3.662044405937194824e-01,2.206267595291137695e+00,8.471806533634662628e-03
6.342840939760208130e-02,6.196241974830627441e-01,1.067818701267242432e-02
7.978414297103881836e-01,1.190771102905273438e+00,1.726187579333782196e-02
2.304138056933879852e-02,2.537222623825073242e+00,6.547979079186916351e-03
3.268508613109588623e-01,4.966241121292114258e-02,5.270430073142051697e-02
3.556821942329406738e-01,4.589722156524658203e+00,2.002962492406368256e-02
3.434607014060020447e-02,2.409108281135559082e-01,1.946482434868812561e-02
3.557931780815124512e-01,3.704313755035400391e+00,5.953565239906311035e-03
4.215760231018066406e-01,2.508011341094970703e+00,2.956284023821353912e-02
5.676882863044738770e-01,3.167428821325302124e-02,1.897154562175273895e-02
2.990753576159477234e-02,1.874511122703552246e+00,3.161634085699915886e-03
6.550806760787963867e-02,2.997083902359008789e+00,2.647134661674499512e-02
4.236554503440856934e-01,3.574788331985473633e+00,2.182813361287117004e-03
1.768517680466175079e-02,3.079871892929077148e+00,1.241080928593873978e-02
4.989190027117729187e-02,3.219624996185302734e+00,4.895552992820739746e-02
5.235623121261596680e-01,2.514547586441040039e+00,2.856075996533036232e-03
6.334469318389892578e-01,6.595684289932250977e-01,9.580452926456928253e-03
3.059073910117149353e-02,3.094977855682373047e+00,5.133005790412425995e-03
2.293236404657363892e-01,1.311045169830322266e+00,2.765325643122196198e-02
3.542016744613647461e-01,2.103708028793334961e+00,1.756610162556171417e-02
3.968690335750579834e-01,2.841589450836181641e+00,5.318984389305114746e-02
5.973337888717651367e-01,1.012284874916076660e+00,2.714056055992841721e-03
5.619552731513977051e-01,2.484260559082031250e+00,7.431166619062423706e-02
4.528356790542602539e-01,3.054204225540161133e+00,3.963134717196226120e-03
9.638369828462600708e-02,4.218811988830566406e+00,1.126255933195352554e-02
1.126244142651557922e-01,3.433617353439331055e+00,1.423698477447032928e-02
1.781534850597381592e-01,2.231933116912841797e+00,5.237420089542865753e-03
3.712075054645538330e-01,1.850532650947570801e+00,1.150115486234426498e-02
2.262196540832519531e-01,1.007444620132446289e+00,1.624130085110664368e-02
2.137068063020706177e-01,6.311317086219787598e-01,4.351230338215827942e-02
2.674731612205505371e-01,4.836023330688476562e+00,1.817583478987216949e-02
7.657334953546524048e-02,3.018782854080200195e+00,5.118890851736068726e-02
1.375980377197265625e-01,4.934867858886718750e+00,2.409722656011581421e-02
3.255232572555541992e-01,1.069981604814529419e-01,2.024045214056968689e-02
3.658325672149658203e-01,6.341665387153625488e-01,3.793843090534210205e-02
2.884750664234161377e-01,2.174145221710205078e+00,9.330381639301776886e-03
2.133399620652198792e-02,5.658779144287109375e-01,2.624094858765602112e-02
2.493422329425811768e-01,7.385852932929992676e-02,7.182714063674211502e-03
3.163281679153442383e-01,2.344809770584106445e+00,5.727675743401050568e-03
7.896203398704528809e-01,1.043003320693969727e+00,4.279708024114370346e-03
3.716638088226318359e-01,3.793651580810546875e+00,4.514102358371019363e-03
2.327266335487365723e-02,3.592193126678466797e+00,2.622993290424346924e-02
4.839636757969856262e-02,3.206363618373870850e-01,6.443872116506099701e-03
9.453694522380828857e-02,4.906505107879638672e+00,1.400940492749214172e-02
2.930667400360107422e-01,9.767580032348632812e-02,2.226920612156391144e-02
3.679816424846649170e-01,2.507469654083251953e+00,6.012069061398506165e-02
1.424586772918701172e-01,4.977664470672607422e+00,1.846965961158275604e-02
1.921171396970748901e-01,3.128899335861206055e+00,3.315898822620511055e-03
1.328572165220975876e-03,1.122708797454833984e+00,1.765822060406208038e-02
4.122234582901000977e-01,1.241483092308044434e+00,5.275282077491283417e-03
3.194098174571990967e-01,2.210688114166259766e+00,3.285486623644828796e-02
3.032145798206329346e-01,4.884865283966064453e+00,9.176782332360744476e-03
8.670269697904586792e-02,4.585324525833129883e-01,3.359529376029968262e-02
3.684118390083312988e-01,3.901927471160888672e+00,3.790507838129997253e-02
3.766146898269653320e-01,5.825210213661193848e-01,6.084908172488212585e-02
1.820331960916519165e-01,3.282323598861694336e+00,1.132270786911249161e-02
2.156840860843658447e-01,6.250693202018737793e-01,7.949631661176681519e-03
4.139847457408905029e-01,4.447547912597656250e+00,1.739313639700412750e-02
1.803892403841018677e-01,2.134862661361694336e+00,1.727832295000553131e-02
3.523253798484802246e-01,3.078458786010742188e+00,1.776432618498802185e-02
2.420499175786972046e-01,2.673154592514038086e+00,1.448290701955556870e-02
8.687788844108581543e-01,1.237810403108596802e-01,9.866721928119659424e-02
1.995019614696502686e-02,2.997548580169677734e+00,3.222089959308505058e-03
3.607399389147758484e-02,1.834928274154663086e+00,5.615063942968845367e-03
5.780599638819694519e-02,3.952159404754638672e+00,1.838538050651550293e-02
1.240679174661636353e-01,1.911958456039428711e+00,4.521582275629043579e-03
2.987464889883995056e-02,1.771773815155029297e+00,2.716054208576679230e-03
1.742895245552062988e-01,4.921597003936767578e+00,9.572818875312805176e-03
3.082827627658843994e-01,1.135613545775413513e-01,5.082689225673675537e-02
2.409227341413497925e-01,2.959784507751464844e+00,3.137917816638946533e-02
2.178459316492080688e-01,3.572202920913696289e+00,1.294615119695663452e-02
4.230453446507453918e-02,5.965293049812316895e-01,1.752450130879878998e-02
1.838788390159606934e-01,3.072760581970214844e+00,1.393578201532363892e-02
3.605584800243377686e-01,3.212756156921386719e+00,2.438223920762538910e-02
3.903359472751617432e-01,3.709368705749511719e+00,8.244584314525127411e-03
3.530015945434570312e-01,7.910726666450500488e-01,1.629724726080894470e-02
1.096729114651679993e-01,3.895464181900024414e+00,1.026467978954315186e-02
1.818215250968933105e-01,4.192275047302246094e+00,5.166973918676376343e-03
5.642948746681213379e-01,2.591593503952026367e+00,1.376681309193372726e-02
8.031532913446426392e-02,6.026343107223510742e-01,3.628419339656829834e-02
3.394706249237060547e-01,2.104671239852905273e+00,9.153778664767742157e-03
3.545790314674377441e-01,4.956094741821289062e+00,1.450698729604482651e-02
3.516814708709716797e-01,2.889979839324951172e+00,1.874063536524772644e-02
1.158474236726760864e-01,4.227907657623291016e+00,1.728493161499500275e-02
3.108878135681152344e-01,2.635440587997436523e+00,2.887241542339324951e-02
2.152438610792160034e-01,3.696928739547729492e+00,5.146644264459609985e-02
3.826113939285278320e-01,2.613080739974975586e+00,9.450462460517883301e-02
3.309433460235595703e-01,3.392054080963134766e+00,5.487594753503799438e-03
3.672425746917724609e-01,3.758717775344848633e+00,5.511341243982315063e-02
5.527452379465103149e-02,6.090804934501647949e-01,2.960741519927978516e-02
3.440081374719738960e-03,1.115826249122619629e+00,1.941446214914321899e-02
2.020893543958663940e-01,3.823008060455322266e+00,9.145017713308334351e-03
3.407746255397796631e-01,4.701430320739746094e+00,1.130231656134128571e-02
9.992987662553787231e-02,7.929067313671112061e-02,1.566194929182529449e-02
2.036584466695785522e-01,3.339258432388305664e+00,8.202675729990005493e-03
3.897964954376220703e-01,1.947745122015476227e-02,4.802599549293518066e-03
2.104768902063369751e-01,3.924484491348266602e+00,1.364036835730075836e-02
3.426762521266937256e-01,2.361202478408813477e+00,9.149433672428131104e-02
1.754276920109987259e-03,5.099149942398071289e-01,2.273768745362758636e-02
3.737050294876098633e-01,3.759499788284301758e+00,1.491660065948963165e-02
2.065208703279495239e-01,9.914165735244750977e-01,1.839142665266990662e-02
3.619147092103958130e-02,3.235419750213623047e+00,1.944586820900440216e-02
4.498858377337455750e-02,5.445874929428100586e-01,1.134704332798719406e-02
1.076932623982429504e-02,1.874291300773620605e+00,2.588379662483930588e-03
1.708783209323883057e-01,2.602631330490112305e+00,5.533807445317506790e-03
3.173246607184410095e-02,8.078783154487609863e-01,1.558940159156918526e-03
2.085542231798171997e-01,5.791047215461730957e-01,3.409979492425918579e-02
2.574805617332458496e-01,3.868528127670288086e+00,5.194286629557609558e-02
3.197374939918518066e-01,4.329342365264892578e+00,1.045132428407669067e-02
2.316274046897888184e-01,1.896864414215087891e+00,3.102781809866428375e-02
3.984492421150207520e-01,2.726924657821655273e+00,1.699868775904178619e-02
1.904651671648025513e-01,5.595652461051940918e-01,1.166745927184820175e-02
3.654261529445648193e-01,3.860305547714233398e+00,7.805613800883293152e-03
2.045668810606002808e-01,4.854039192199707031e+00,5.185469053685665131e-03
2.276761382818222046e-01,2.820392131805419922e+00,1.640745066106319427e-02
3.773292601108551025e-01,2.560799598693847656e+00,1.410931069403886795e-02
2.837453782558441162e-01,1.344705939292907715e+00,1.448552031069993973e-02
8.133013844490051270e-01,1.544721245765686035e+00,1.109589543193578720e-02
2.089271545410156250e-01,3.379730939865112305e+00,5.783827975392341614e-03
3.133058249950408936e-01,6.650553941726684570e-01,1.317690778523683548e-02
5.420414209365844727e-01,9.322015047073364258e-01,1.533625647425651550e-02
2.069592326879501343e-01,3.620400905609130859e+00,9.494994767010211945e-03
8.877655118703842163e-02,1.298461407423019409e-01,1.007900852710008621e-02
4.844481498003005981e-02,1.203419685363769531e+00,5.206500738859176636e-02
2.519338391721248627e-02,2.211702108383178711e+00,7.146542891860008240e-03
6.647478342056274414e-01,7.741986513137817383e-01,7.661852054297924042e-03
3.529420495033264160e-02,7.204148769378662109e-01,1.751036010682582855e-02
1.409846842288970947e-01,2.467770814895629883e+00,3.555928822606801987e-03
2.391764968633651733e-01,3.760423660278320312e+00,1.820529438555240631e-02
7.610725760459899902e-01,2.071145921945571899e-01,7.615177892148494720e-03
1.130188908427953720e-02,5.437537431716918945e-01,6.036513019353151321e-03
2.530642747879028320e-01,3.357814311981201172e+00,7.229849230498075485e-03
1.432479768991470337e-01,3.852032423019409180e+00,7.466687262058258057e-02
2.106449455022811890e-01,1.892363548278808594e+00,2.881200984120368958e-02
1.938572824001312256e-01,2.174008131027221680e+00,1.946390233933925629e-02
3.673829436302185059e-01,2.566847085952758789e+00,5.445746704936027527e-02
3.467347919940948486e-01,3.593169212341308594e+00,8.509089052677154541e-02
4.176443442702293396e-02,5.423937365412712097e-02,4.774251952767372131e-02
5.113626644015312195e-02,2.428712844848632812e+00,2.341499738395214081e-02
3.848968446254730225e-01,2.873309612274169922e+00,6.095815822482109070e-02
1.372422873973846436e-01,3.442825317382812500e+00,5.177466571331024170e-02
2.106065899133682251e-01,3.177924156188964844e+00,6.199846044182777405e-03
1.229942515492439270e-01,2.119150400161743164e+00,5.049335956573486328e-02
9.931715205311775208e-03,4.165396213531494141e+00,5.515311844646930695e-03
1.858592182397842407e-01,2.026105880737304688e+00,1.390990894287824631e-02
3.485410809516906738e-01,2.237217903137207031e+00,1.354778930544853210e-02
2.067557126283645630e-01,3.416296482086181641e+00,1.885908842086791992e-02
3.697454333305358887e-01,6.214632391929626465e-01,5.579917691648006439e-03
1.718476861715316772e-01,2.385496906936168671e-02,7.014974951744079590e-03
2.760044336318969727e-01,1.300601840019226074e+00,4.147524945437908173e-03
6.521996576339006424e-03,1.022510528564453125e+00,5.878021195530891418e-02
3.286339342594146729e-01,2.449295520782470703e+00,1.917468756437301636e-02
2.424288392066955566e-01,1.849458813667297363e+00,2.669887430965900421e-02
3.459227681159973145e-01,4.118372440338134766e+00,3.181605041027069092e-02
7.841697335243225098e-01,2.900376796722412109e+00,2.421511523425579071e-02
2.589232102036476135e-02,2.829980373382568359e+00,1.411607395857572556e-02
3.413120806217193604e-01,6.667128205299377441e-01,5.051851738244295120e-03
4.021598696708679199e-01,2.092039346694946289e+00,3.667956590652465820e-02
3.843502104282379150e-01,8.263537883758544922e-01,1.564985839650034904e-03
3.655041158199310303e-01,6.974037289619445801e-01,2.171926200389862061e-02
6.099335104227066040e-02,4.372323989868164062e+00,1.755575276911258698e-02
2.731004543602466583e-02,3.602470159530639648e-01,8.017516694962978363e-03
1.963675469160079956e-01,4.992545604705810547e+00,3.031116165220737457e-02
2.359939552843570709e-02,7.009324431419372559e-01,1.723610609769821167e-02
1.802615970373153687e-01,2.893016815185546875e+00,3.778104111552238464e-02
4.694260656833648682e-02,4.128582775592803955e-01,7.658983115106821060e-03
3.505872189998626709e-01,2.145174026489257812e+00,4.331694915890693665e-02
2.923318743705749512e-01,2.464119911193847656e+00,1.728221587836742401e-02
8.548790216445922852e-02,2.787868738174438477e+00,6.812847405672073364e-02
1.225863248109817505e-01,2.958120584487915039e+00,1.776663027703762054e-02
3.057126104831695557e-01,1.315604448318481445e-01,2.080197446048259735e-02
7.371061295270919800e-02,4.101825237274169922e+00,1.556286308914422989e-02
1.589930951595306396e-01,4.937857627868652344e+00,1.976623199880123138e-02
2.667148970067501068e-02,3.913201093673706055e+00,1.568556763231754303e-02
1.996720433235168457e-01,4.971165657043457031e+00,1.125933136790990829e-02
3.674822449684143066e-01,1.768829464912414551e+00,2.376461587846279144e-02
1.557665914297103882e-01,3.047815799713134766e+00,2.331145294010639191e-02
2.741426527500152588e-01,7.157272100448608398e-01,1.851484877988696098e-03
1.962964534759521484e-01,4.492279529571533203e+00,3.673976659774780273e-02
3.309233486652374268e-02,3.958758354187011719e+00,8.218403905630111694e-03
6.710494160652160645e-01,2.401842594146728516e+00,1.774731650948524475e-02
3.069334328174591064e-01,3.248418092727661133e+00,1.198705565184354782e-02
5.559177696704864502e-02,3.736198186874389648e+00,8.007219061255455017e-03
6.428255438804626465e-01,3.587716579437255859e+00,6.855709850788116455e-02
1.923680305480957031e-02,3.292527198791503906e+00,1.043912544846534729e-01
3.163952827453613281e-01,3.318650722503662109e+00,1.933505013585090637e-02
2.169354446232318878e-02,4.985376894474029541e-01,8.352380245923995972e-03
2.434715926647186279e-01,2.198726177215576172e+00,1.388070546090602875e-02
1.153014451265335083e-01,8.807325959205627441e-01,2.236711326986551285e-03
7.261111587285995483e-02,3.828356981277465820e+00,1.487735565751791000e-02
8.408383727073669434e-01,4.065917968750000000e+00,1.947030611336231232e-02
4.010665118694305420e-01,2.319353580474853516e+00,1.257194019854068756e-02
3.610576987266540527e-01,2.561721086502075195e+00,7.798133883625268936e-03
3.638869225978851318e-01,2.881848573684692383e+00,6.105370819568634033e-03
1.520158350467681885e-01,4.474439144134521484e+00,1.694402284920215607e-02
3.663464486598968506e-01,3.552011728286743164e+00,5.742979422211647034e-02
3.313155099749565125e-02,1.487500965595245361e-01,3.755376860499382019e-02
3.197074830532073975e-01,1.903679847717285156e+00,8.709223475307226181e-04
3.364934772253036499e-02,5.943968892097473145e-01,1.950171217322349548e-02
8.562110662460327148e-01,4.864222526550292969e+00,2.214163355529308319e-02
1.040237676352262497e-02,8.761427998542785645e-01,2.352304942905902863e-02
6.025177240371704102e-01,5.788679048418998718e-02,2.225296385586261749e-02
3.728860020637512207e-01,4.029909610748291016e+00,2.323178574442863464e-02
3.208983540534973145e-01,4.799012660980224609e+00,3.216797485947608948e-02
3.784165084362030029e-01,3.219938993453979492e+00,5.743301939219236374e-03
6.171711087226867676e-01,3.581509351730346680e+00,1.889300532639026642e-02
3.418578207492828369e-02,1.515078544616699219e+00,8.514206856489181519e-02
9.328099340200424194e-02,3.640110015869140625e+00,3.464148938655853271e-02
3.661243021488189697e-01,3.092494487762451172e+00,4.750330746173858643e-02
8.499351888895034790e-02,3.362720012664794922e+00,2.622603904455900192e-03
1.626743227243423462e-01,1.795301914215087891e+00,9.070524014532566071e-03
1.145048514008522034e-01,2.794663190841674805e+00,7.510707527399063110e-02
7.322767376899719238e-02,2.082322120666503906e+00,1.205120002850890160e-03
1.689096726477146149e-02,1.868129730224609375e+00,8.804876357316970825e-03
5.400190502405166626e-02,3.273870229721069336e+00,2.539620548486709595e-02
1.081376448273658752e-01,3.996864080429077148e+00,7.683933712542057037e-03
2.935857772827148438e-01,2.154635429382324219e+00,1.336893183179199696e-03
3.291133046150207520e-01,3.981901645660400391e+00,1.080914027988910675e-02
7.298508286476135254e-02,4.928727626800537109e+00,2.046152576804161072e-02
1.320525556802749634e-01,4.410144984722137451e-01,1.677238964475691319e-03
3.578217923641204834e-01,1.062970995903015137e+00,6.949964165687561035e-02
2.184300869703292847e-02,3.201946020126342773e+00,2.657591365277767181e-02
2.708580195903778076e-01,2.773667335510253906e+00,5.919034010730683804e-04
1.592725962400436401e-01,4.341526031494140625e+00,1.062449440360069275e-02
8.131051063537597656e-01,2.697512626647949219e+00,7.692853361368179321e-02
2.308829724788665771e-01,3.955574035644531250e+00,6.413526833057403564e-02
1.993180513381958008e-01,4.541238784790039062e+00,1.769234240055084229e-02
2.399013750255107880e-02,1.641158223152160645e+00,6.943093985319137573e-02
3.866002559661865234e-01,7.244805097579956055e-01,1.547305006533861160e-02
7.554629445075988770e-02,2.681247472763061523e+00,6.807426922023296356e-03
3.605933114886283875e-02,2.276908397674560547e+00,7.482431363314390182e-03
4.324699938297271729e-02,6.345633864402770996e-01,1.313786767423152924e-02
6.084805727005004883e-01,9.175534248352050781e-01,1.406002417206764221e-02
2.550171688199043274e-02,3.956254959106445312e+00,4.663551226258277893e-03
8.330090045928955078e-01,2.589842557907104492e+00,1.132808718830347061e-02
2.840022146701812744e-01,9.185674190521240234e-01,4.766121041029691696e-03
1.247179210186004639e-01,4.835315227508544922e+00,2.564504742622375488e-02
6.560689806938171387e-01,7.778102159500122070e-01,6.744358222931623459e-03
5.979663133621215820e-01,2.061605691909790039e+00,4.990473762154579163e-02
7.206191867589950562e-02,2.114975214004516602e+00,9.135334752500057220e-03
3.434894979000091553e-01,4.450236320495605469e+00,4.598120599985122681e-02
4.817852079868316650e-01,4.628322601318359375e+00,2.486255578696727753e-02
3.104013204574584961e-01,2.922728061676025391e-01,8.526779711246490479e-03
9.432626888155937195e-03,3.746538400650024414e+00,1.086027175188064575e-02
3.381166160106658936e-01,2.269135713577270508e+00,1.184477936476469040e-02
3.644540905952453613e-01,2.071317195892333984e+00,2.121256105601787567e-02
3.182583674788475037e-02,4.784610271453857422e+00,1.330232806503772736e-02
1.387494355440139771e-01,2.136293411254882812e+00,1.148850005120038986e-02
1.625974774360656738e-01,9.504283070564270020e-01,9.996163658797740936e-03
4.052349030971527100e-01,2.365392446517944336e+00,1.311937253922224045e-02
4.854050278663635254e-02,2.027829885482788086e+00,7.540366798639297485e-02
2.360385209321975708e-01,4.866769790649414062e+00,3.664344549179077148e-02
1.242050379514694214e-01,4.119614124298095703e+00,5.408489610999822617e-03
4.485197067260742188e-01,2.451017379760742188e+00,3.872655797749757767e-03
2.257391065359115601e-01,4.819681644439697266e+00,7.438831496983766556e-03
9.296581149101257324e-03,2.744850397109985352e+00,9.046904742717742920e-03
8.281322196125984192e-03,2.865643262863159180e+00,6.401041056960821152e-03
1.735277175903320312e-01,4.654609680175781250e+00,2.847617305815219879e-02
1.163614168763160706e-01,8.386954069137573242e-01,5.675468593835830688e-03
1.112698391079902649e-01,5.998403429985046387e-01,1.069468446075916290e-02
5.430899187922477722e-02,2.934945583343505859e+00,6.411646492779254913e-03
1.417022645473480225e-01,2.839812517166137695e+00,1.877363026142120361e-02
6.614518761634826660e-01,1.876109838485717773e+00,7.038844376802444458e-02
3.917926549911499023e-01,4.919213771820068359e+00,2.302008680999279022e-02
1.870724856853485107e-01,3.768925428390502930e+00,1.957226172089576721e-02
1.004531681537628174e-01,1.057222962379455566e+00,7.460708264261484146e-03
4.713426157832145691e-02,4.242112636566162109e+00,6.348321214318275452e-03
7.764132022857666016e-01,3.036805987358093262e-01,2.993433736264705658e-02
8.984596282243728638e-02,1.999966740608215332e+00,1.122720818966627121e-02
1.191091686487197876e-01,3.624784231185913086e+00,1.382035203278064728e-02
4.121457785367965698e-02,3.092194557189941406e+00,1.215981598943471909e-02
3.759672939777374268e-01,3.820441246032714844e+00,1.121568027883768082e-02
3.657503128051757812e-01,4.126967430114746094e+00,2.599753672257065773e-03
1.746280193328857422e-01,4.897902011871337891e+00,5.327309668064117432e-02
3.658736497163772583e-02,3.128945589065551758e+00,7.859717123210430145e-03
1.066966075450181961e-02,3.211910486221313477e+00,1.209602970629930496e-02
8.169769644737243652e-01,1.361454486846923828e+00,2.092657424509525299e-02
3.640767633914947510e-01,4.593351840972900391e+00,3.135735541582107544e-02
2.917645871639251709e-01,3.445968866348266602e+00,3.429125249385833740e-02
3.792661726474761963e-01,2.040523290634155273e+00,5.560648813843727112e-02
1.765874624252319336e-01,1.909465909004211426e+00,3.078020550310611725e-02
3.625282049179077148e-01,2.876452684402465820e+00,1.548027433454990387e-02
4.151801168918609619e-01,5.860507115721702576e-02,1.972258090972900391e-02
2.349869161844253540e-01,3.781450986862182617e+00,6.897137034684419632e-03
9.613899141550064087e-02,1.987580776214599609e+00,3.743546782061457634e-03
2.600977718830108643e-01,3.550346612930297852e+00,2.998280338943004608e-02
3.480964004993438721e-01,3.278812408447265625e+00,1.406268775463104248e-02
3.066229522228240967e-01,1.380765140056610107e-01,1.162022165954113007e-02
3.523783758282661438e-02,1.788416504859924316e+00,9.361326694488525391e-03
2.871545553207397461e-01,1.094054460525512695e+00,1.160731073468923569e-02
2.620745301246643066e-01,2.974941015243530273e+00,1.156068872660398483e-02
1.968814134597778320e-01,5.788254141807556152e-01,1.472145132720470428e-02
6.154789328575134277e-01,2.090443134307861328e+00,1.597847044467926025e-02
3.866358101367950439e-01,3.510647058486938477e+00,2.679714187979698181e-02
2.071547508239746094e-01,3.091377258300781250e+00,2.193418797105550766e-03
3.607412576675415039e-01,2.954341888427734375e+00,1.920261047780513763e-02
8.417741954326629639e-02,2.962522268295288086e+00,4.325920715928077698e-03
2.654934488236904144e-02,2.194966316223144531e+00,1.950601674616336823e-02
2.828814387321472168e-01,1.665057092905044556e-01,9.240107610821723938e-03
2.029162459075450897e-02,3.155887842178344727e+00,7.168676238507032394e-03
1.347381342202425003e-02,4.394621372222900391e+00,8.820759132504463196e-03
3.190547823905944824e-01,7.560266256332397461e-01,1.098425779491662979e-02
2.381055243313312531e-02,9.772874712944030762e-01,5.431954748928546906e-03
4.595995694398880005e-02,3.853251934051513672e-01,5.991990678012371063e-03
7.629036437720060349e-03,3.456430912017822266e+00,1.716053672134876251e-02
3.937308192253112793e-01,1.124013543128967285e+00,6.730591505765914917e-02
2.487777918577194214e-01,3.917150259017944336e+00,3.320504724979400635e-02
2.641199827194213867e-01,3.013626098632812500e+00,1.834777556359767914e-02
3.300094008445739746e-01,9.262980222702026367e-01,2.478888072073459625e-02
2.131532579660415649e-01,3.938275337219238281e+00,9.872228838503360748e-03
2.656486034393310547e-01,6.983425617218017578e-01,3.370616352185606956e-03
2.431939356029033661e-02,1.971989035606384277e+00,4.202488437294960022e-02
2.818923592567443848e-01,9.162081778049468994e-02,6.746407598257064819e-03
3.460671901702880859e-01,6.427281349897384644e-02,7.589919958263635635e-03
3.801600933074951172e-01,3.195204257965087891e+00,7.995486259460449219e-03
5.933910012245178223e-01,4.702113151550292969e+00,1.042724400758743286e-02
9.674397110939025879e-01,2.099413871765136719e+00,6.725657731294631958e-03
3.162705600261688232e-01,2.843556404113769531e-01,9.849122725427150726e-03
4.100086167454719543e-02,8.814871907234191895e-01,3.502389648929238319e-03
3.856027424335479736e-01,2.454397439956665039e+00,7.362032309174537659e-03
3.747280836105346680e-01,9.130326509475708008e-01,2.611127495765686035e-02
3.084744140505790710e-02,4.468733787536621094e+00,1.573633961379528046e-02
4.831247031688690186e-02,3.035607337951660156e+00,2.434002235531806946e-02
2.105995565652847290e-01,2.462973594665527344e+00,4.530753474682569504e-03
1.198799982666969299e-01,3.657795190811157227e+00,5.554019287228584290e-02
1.434518694877624512e-01,2.177811622619628906e+00,1.097232010215520859e-02
9.596926160156726837e-03,8.348279446363449097e-02,2.670994214713573456e-02
1.701126396656036377e-01,4.466027259826660156e+00,2.882318012416362762e-02
3.092679679393768311e-01,1.130022555589675903e-01,1.037539541721343994e-02
1.727848947048187256e-01,4.852451324462890625e+00,8.636727929115295410e-03
7.582942396402359009e-02,3.160919904708862305e+00,2.139638736844062805e-02
6.719139218330383301e-01,3.045580148696899414e+00,1.054923143237829208e-02
4.622648283839225769e-02,3.571131706237792969e+00,2.681850641965866089e-02
6.315638870000839233e-02,4.390516281127929688e+00,2.669108659029006958e-02
2.350625246763229370e-01,3.926469326019287109e+00,1.933663710951805115e-02
3.161361217498779297e-01,4.505434930324554443e-01,5.250535905361175537e-03
1.159987896680831909e-01,4.151784896850585938e+00,7.994256913661956787e-03
3.304280638694763184e-01,2.933269500732421875e+00,6.505557801574468613e-03
3.980944752693176270e-01,4.408739566802978516e+00,4.785026423633098602e-03
8.112388849258422852e-01,2.655370235443115234e+00,6.542189978063106537e-03
3.605517745018005371e-01,2.001417160034179688e+00,1.210268959403038025e-02
1.112375780940055847e-02,3.589827537536621094e+00,6.120023783296346664e-03
3.384490609169006348e-01,5.793281793594360352e-01,1.128940563648939133e-02
3.144321441650390625e-01,4.572673797607421875e+00,3.952677920460700989e-02
1.897218264639377594e-02,3.151218175888061523e+00,1.886600442230701447e-02
1.879948005080223083e-02,2.447849325835704803e-02,2.826642245054244995e-02
9.514310397207736969e-03,3.305377244949340820e+00,7.343792822211980820e-03
3.691541850566864014e-01,2.615861892700195312e+00,2.241711691021919250e-02
8.804826736450195312e-01,3.873910427093505859e+00,8.348537608981132507e-03
2.946435511112213135e-01,2.721536159515380859e+00,6.438682228326797485e-02
5.534001588821411133e-01,2.425055980682373047e+00,1.011072192341089249e-02
1.831470131874084473e-01,4.557087421417236328e+00,5.000412929803133011e-03
3.246381580829620361e-01,2.568606853485107422e+00,4.091311246156692505e-02
8.551726490259170532e-02,5.356448292732238770e-01,1.528046280145645142e-02
6.848989129066467285e-01,1.262122541666030884e-01,1.266241888515651226e-03
6.526713818311691284e-02,2.854008436203002930e+00,1.878013648092746735e-02
5.090165734291076660e-01,2.592256784439086914e+00,1.376583985984325409e-02
2.038104385137557983e-01,3.705391407012939453e+00,1.486946549266576767e-02
1.519094873219728470e-02,1.939385890960693359e+00,6.428809370845556259e-03
1.983517259359359741e-01,3.316034317016601562e+00,2.008977346122264862e-02
3.593463078141212463e-02,3.402664959430694580e-01,8.337676525115966797e-03
1.225928887724876404e-01,4.625315666198730469e+00,1.025776285678148270e-02
4.842282086610794067e-02,1.723415851593017578e+00,6.543624214828014374e-03
1.177201792597770691e-01,1.872222661972045898e+00,8.049486204981803894e-03
8.727084845304489136e-03,2.838181257247924805e+00,1.440113782882690430e-02
3.519248962402343750e-01,3.133737564086914062e+00,1.111956592649221420e-02
3.159162700176239014e-01,6.917310506105422974e-02,2.253039553761482239e-02
2.609405815601348877e-01,5.964136123657226562e-01,1.210858207195997238e-02
1.094553545117378235e-01,3.767117261886596680e+00,3.111291863024234772e-02
1.325550079345703125e-01,4.457580089569091797e+00,1.923847384750843048e-02
2.626677751541137695e-01,2.550334453582763672e+00,2.723329467698931694e-03
3.432936593890190125e-02,2.869324684143066406e+00,2.160531841218471527e-02
3.062498867511749268e-01,4.124012947082519531e+00,8.809898048639297485e-03
1.634772121906280518e-01,4.379229068756103516e+00,8.356991223990917206e-03
3.009485304355621338e-01,1.738269925117492676e+00,1.276176050305366516e-02
6.169955730438232422e-01,4.681925773620605469e+00,8.316516876220703125e-03
3.871983289718627930e-01,7.135362029075622559e-01,3.295881673693656921e-02
4.631705209612846375e-02,3.420422077178955078e+00,2.034968324005603790e-02
6.831333041191101074e-02,3.025336503982543945e+00,5.062508396804332733e-03
1.408673077821731567e-01,3.550026893615722656e+00,4.442687705159187317e-02
1.793979108333587646e-01,3.426828145980834961e+00,1.459582615643739700e-02
3.289589583873748779e-01,4.929093360900878906e+00,1.045070961117744446e-02
1.930248588323593140e-01,1.139518857002258301e+00,2.517820708453655243e-02
3.077093362808227539e-01,1.385579586029052734e+00,2.309734746813774109e-02
1.889291703701019287e-01,3.652676105499267578e+00,2.622655127197504044e-03
3.120830468833446503e-02,4.064948081970214844e+00,4.787613451480865479e-02
3.412685543298721313e-02,3.103478908538818359e+00,1.797622814774513245e-02
3.132884502410888672e-01,3.785978555679321289e-01,1.498827710747718811e-02
2.393998950719833374e-01,4.139436721801757812e+00,1.360055990517139435e-02
1.665109246969223022e-01,3.904993772506713867e+00,3.629890084266662598e-02
1.820249706506729126e-01,3.986874341964721680e+00,1.068602595478296280e-02
1.688535809516906738e-01,2.453297138214111328e+00,4.066601023077964783e-02
1.912619024515151978e-01,3.359169721603393555e+00,1.129995938390493393e-02
3.978034853935241699e-01,2.874613046646118164e+00,9.257547557353973389e-02
2.260138541460037231e-01,1.151776194572448730e+00,1.108011603355407715e-02
5.767600238323211670e-02,3.483600616455078125e+00,8.081302978098392487e-03
3.916153013706207275e-01,4.872485637664794922e+00,6.156604737043380737e-03
3.411870002746582031e-01,3.600997924804687500e+00,5.278576165437698364e-02
3.270612955093383789e-01,1.445973813533782959e-01,3.001077845692634583e-02
1.933468431234359741e-01,2.203007698059082031e+00,5.256837699562311172e-03
3.494508266448974609e-01,1.951304316520690918e+00,1.169666284113191068e-04
3.759950399398803711e-01,4.228643417358398438e+00,3.802199289202690125e-02
5.199234466999769211e-03,4.756139755249023438e+00,1.759417913854122162e-02
1.407402902841567993e-01,4.177566051483154297e+00,9.946877136826515198e-03
4.348056018352508545e-01,2.261555910110473633e+00,7.665028329938650131e-03
8.774306178092956543e-01,6.350940465927124023e-01,8.357196114957332611e-03
2.936186734586954117e-03,1.036843895912170410e+00,3.733197692781686783e-03
3.198972046375274658e-01,8.614183068275451660e-01,2.674109116196632385e-02
4.136846065521240234e-01,4.398150920867919922e+00,1.056895684450864792e-02
2.082508616149425507e-02,3.022686243057250977e+00,2.779922261834144592e-02
3.205390572547912598e-01,2.261596679687500000e+00,4.840204957872629166e-03
2.364535443484783173e-02,2.955985069274902344e+00,1.036837697029113770e-02
2.029521763324737549e-01,1.179387450218200684e+00,5.181011743843555450e-03
1.867764294147491455e-01,3.648461818695068359e+00,6.221400201320648193e-02
6.903284788131713867e-01,1.987181663513183594e+00,5.264727864414453506e-03
5.913443118333816528e-02,3.049728393554687500e+00,9.813105687499046326e-03
7.731340080499649048e-02,2.926254272460937500e-01,2.835541591048240662e-02
1.892389208078384399e-01,4.828616142272949219e+00,1.345474831759929657e-02
2.739203870296478271e-01,8.641930669546127319e-02,4.322180524468421936e-03
3.824601173400878906e-01,3.380952119827270508e+00,4.964908119291067123e-03
5.451759323477745056e-02,2.447937011718750000e+00,3.771776566281914711e-03
2.698051035404205322e-01,4.861116409301757812e+00,3.528590500354766846e-02
3.989811837673187256e-01,4.149031162261962891e+00,3.767560049891471863e-02
1.714051812887191772e-01,4.063658237457275391e+00,3.560345247387886047e-02
5.214125290513038635e-02,1.540669918060302734e+00,3.394455462694168091e-02
3.425166010856628418e-02,3.025722265243530273e+00,2.594245970249176025e-02
1.970178633928298950e-01,2.928447961807250977e+00,1.729994267225265503e-02
8.970500528812408447e-02,3.612067103385925293e-01,7.047969102859497070e-02
7.518505305051803589e-02,6.900900602340698242e-01,1.664589345455169678e-02
1.054733023047447205e-01,4.312780857086181641e+00,1.825852692127227783e-02
3.323040306568145752e-01,3.280530691146850586e+00,2.742408774793148041e-02
2.967484593391418457e-01,1.374924033880233765e-01,2.427674829959869385e-02
4.104921519756317139e-01,3.288658857345581055e+00,8.251024782657623291e-02
3.751410841941833496e-01,4.322574615478515625e+00,1.453854702413082123e-02
2.048059850931167603e-01,1.783530831336975098e+00,1.076620630919933319e-02
2.404494956135749817e-02,4.505303859710693359e+00,1.162191294133663177e-02
2.866378128528594971e-01,3.225825130939483643e-01,9.180010296404361725e-03
3.964644670486450195e-01,2.688702821731567383e+00,3.869171952828764915e-03
9.533624351024627686e-02,8.790374994277954102e-01,1.980773173272609711e-02
1.827369481325149536e-01,2.741308212280273438e+00,2.121133171021938324e-02
4.314805939793586731e-02,3.283038377761840820e+00,1.843108236789703369e-02
3.172410130500793457e-01,4.028431892395019531e+00,2.230885997414588928e-02
2.387342303991317749e-01,7.402610033750534058e-02,5.792998708784580231e-03
2.759803235530853271e-01,2.707328319549560547e+00,3.442205488681793213e-02
4.302186891436576843e-02,3.037101745605468750e+00,1.324663683772087097e-02
7.624506205320358276e-02,1.420290917158126831e-01,1.987725682556629181e-02
1.947024613618850708e-01,2.291894912719726562e+00,6.345349829643964767e-03
1.066633388400077820e-01,8.352622985839843750e-01,1.445518992841243744e-02
1.199863776564598083e-01,2.003157854080200195e+00,1.876778900623321533e-02
2.752791345119476318e-02,3.348714590072631836e+00,3.390515595674514771e-02
7.326443493366241455e-02,2.005316019058227539e+00,2.041582576930522919e-02
1.403544545173645020e-01,4.810861110687255859e+00,2.105737477540969849e-02
2.204903811216354370e-01,1.306500673294067383e+00,3.027007170021533966e-02
1.952314376831054688e-02,1.063068032264709473e+00,4.143995046615600586e-02
1.401498764753341675e-01,4.078049182891845703e+00,2.749530412256717682e-02
6.977985054254531860e-02,4.462884426116943359e+00,1.561922021210193634e-02
6.048361305147409439e-03,2.837507724761962891e+00,3.908370807766914368e-02
1.872879453003406525e-02,6.082018017768859863e-01,6.865935865789651871e-03
9.348264336585998535e-02,3.002297282218933105e-01,2.318516187369823456e-02
2.593010365962982178e-01,2.685376644134521484e+00,1.959029585123062134e-02
2.727227210998535156e-01,3.456602096557617188e+00,2.503521367907524109e-02
1.554398685693740845e-01,3.543061494827270508e+00,1.392087340354919434e-02
7.461175322532653809e-03,2.025242745876312256e-01,3.122645197436213493e-03
1.075412705540657043e-01,2.788140535354614258e+00,2.808925695717334747e-02
1.715777367353439331e-01,4.993975162506103516e+00,3.571386262774467468e-02
4.538546800613403320e-01,2.841708183288574219e+00,2.813372761011123657e-02
1.655918732285499573e-02,3.246809244155883789e+00,6.539577152580022812e-03
2.520023100078105927e-02,1.694541692733764648e+00,5.729622673243284225e-03
3.765707314014434814e-01,4.843148231506347656e+00,4.681226797401905060e-03
2.779715657234191895e-01,1.872524619102478027e+00,1.607904210686683655e-02
3.564161062240600586e-01,3.963978767395019531e+00,9.569273889064788818e-02
3.905323520302772522e-02,2.573511600494384766e+00,8.847400546073913574e-03
3.961588814854621887e-02,4.112965106964111328e+00,8.365147560834884644e-02
3.999766409397125244e-01,6.181901693344116211e-01,2.395305410027503967e-02
7.981102168560028076e-02,2.676799535751342773e+00,4.771613329648971558e-02
3.588230907917022705e-02,1.017890214920043945e+00,1.422217860817909241e-02
1.840533465147018433e-01,3.406575679779052734e+00,1.403415109962224960e-02
4.229582101106643677e-02,9.486848860979080200e-02,2.782145747914910316e-03
2.310916334390640259e-01,2.847317695617675781e+00,6.545227766036987305e-02
3.247125446796417236e-01,3.173791646957397461e+00,7.191577460616827011e-03
7.163064181804656982e-02,2.642714500427246094e+00,2.304488420486450195e-02
1.161631569266319275e-01,3.078514337539672852e+00,6.571239326149225235e-03
1.560396254062652588e-01,2.037960529327392578e+00,5.217746365815401077e-03
3.609676659107208252e-01,2.820449352264404297e+00,1.581513881683349609e-02
1.336990445852279663e-01,4.853702545166015625e+00,1.435343921184539795e-02
3.436682522296905518e-01,4.595053672790527344e+00,2.574003487825393677e-02
1.511278301477432251e-01,2.205949306488037109e+00,3.389992937445640564e-02
8.115198612213134766e-01,1.775840759277343750e+00,4.141305014491081238e-02
3.808871209621429443e-01,2.344581127166748047e+00,4.697109106928110123e-03
2.071241848170757294e-02,3.181747674942016602e+00,1.416182518005371094e-02
2.115077972412109375e-01,4.498692601919174194e-02,6.027700845152139664e-03
1.843256354331970215e-01,5.839226022362709045e-02,1.137342862784862518e-02
4.779583215713500977e-01,2.945013046264648438e+00,1.894505880773067474e-02
3.268060684204101562e-01,4.185522079467773438e+00,5.101722478866577148e-02
2.453046739101409912e-01,2.951182842254638672e+00,4.158785939216613770e-02
3.474732339382171631e-01,3.296948194503784180e+00,3.693235339596867561e-03
4.047060608863830566e-01,4.054047107696533203e+00,4.675888270139694214e-02
3.291161358356475830e-01,2.614338099956512451e-01,4.379306454211473465e-03
1.633002609014511108e-01,2.699615001678466797e+00,2.307183295488357544e-02
3.040923774242401123e-01,4.330309867858886719e+00,7.441136986017227173e-03
7.649681996554136276e-03,4.414444446563720703e+00,4.994982387870550156e-03
3.918506503105163574e-01,2.725256204605102539e+00,4.079880937933921814e-02
1.590978503227233887e-01,4.898898124694824219e+00,1.465162485837936401e-01
2.034654095768928528e-02,2.408253669738769531e+00,3.326555481180548668e-03
3.255856633186340332e-01,2.670872688293457031e+00,2.380462922155857086e-02
7.683074474334716797e-01,6.328588724136352539e-01,1.827702112495899200e-02
1.863985955715179443e-01,4.663306713104248047e+00,6.379717588424682617e-02
3.260945677757263184e-01,4.561796665191650391e+00,1.421843841671943665e-02
5.578938126564025879e-02,1.936129808425903320e+00,1.326103322207927704e-02
5.527310967445373535e-01,2.485225200653076172e+00,4.280194640159606934e-02
5.965664386749267578e-01,1.438863396644592285e+00,4.685632884502410889e-03
4.351615160703659058e-02,1.928479075431823730e+00,3.592560999095439911e-03
3.296684324741363525e-01,1.025680378079414368e-01,1.676562614738941193e-02
1.493163257837295532e-01,2.204974889755249023e+00,7.672559935599565506e-03
7.358477264642715454e-02,2.175251960754394531e+00,1.859426149167120457e-03
2.355364337563514709e-02,1.246454790234565735e-01,1.607627607882022858e-02
2.271587699651718140e-01,3.943595647811889648e+00,1.885985583066940308e-02
4.254347383975982666e-01,2.147024869918823242e+00,2.250109054148197174e-02
2.092277109622955322e-01,1.930224061012268066e+00,1.647641137242317200e-02
5.234030634164810181e-02,5.668972730636596680e-01,2.624335512518882751e-02
3.967360407114028931e-02,5.616644024848937988e-01,2.988515188917517662e-03
9.196708910167217255e-03,5.821839570999145508e-01,2.199362032115459442e-03
2.651339471340179443e-01,8.451628088951110840e-01,5.992861930280923843e-03
9.446550160646438599e-02,1.032318323850631714e-01,3.516683937050402164e-04
1.498913913965225220e-01,3.840727090835571289e+00,7.208126131445169449e-03
1.775183826684951782e-01,3.252808809280395508e+00,2.208046056330204010e-02
3.966171741485595703e-01,2.262498617172241211e+00,2.057388052344322205e-02
9.613158702850341797e-01,2.273213386535644531e+00,9.862853214144706726e-03
1.555343121290206909e-01,4.690079689025878906e+00,3.985754400491714478e-02
1.820773333311080933e-01,3.229516744613647461e+00,2.915455959737300873e-03
1.999013870954513550e-02,7.454352974891662598e-01,6.130526773631572723e-03
2.301083356142044067e-01,6.879861354827880859e-01,8.968363516032695770e-03
2.787795290350914001e-02,8.527866005897521973e-02,1.547479256987571716e-02
8.290725201368331909e-02,4.151051118969917297e-02,8.026175200939178467e-03
1.734695136547088623e-01,2.903271436691284180e+00,2.847058884799480438e-02
3.417336940765380859e-02,6.485070586204528809e-01,3.593708574771881104e-02
3.980032205581665039e-01,4.713604927062988281e+00,1.293969526886940002e-02
3.749467432498931885e-01,2.461820363998413086e+00,1.702871173620223999e-02
3.782009482383728027e-01,5.063153803348541260e-02,7.405888289213180542e-03
2.270755767822265625e-01,2.480977296829223633e+00,1.235107146203517914e-02
4.109347239136695862e-02,4.202661037445068359e+00,8.351442962884902954e-02
3.520777821540832520e-01,3.939923524856567383e+00,2.567896433174610138e-02
1.408223211765289307e-01,1.530194878578186035e-01,1.604041270911693573e-02
9.260719642043113708e-03,2.726059913635253906e+00,3.395213931798934937e-02
3.468180000782012939e-01,1.122249126434326172e+00,1.746199559420347214e-03
6.590939164161682129e-01,6.468292474746704102e-01,1.193387433886528015e-03
9.515821188688278198e-02,4.064140796661376953e+00,9.922182187438011169e-03
2.269640862941741943e-01,4.121623516082763672e+00,1.479389611631631851e-02
3.949050009250640869e-01,3.419740438461303711e+00,4.692293237894773483e-03
4.897519946098327637e-02,4.488992691040039062e+00,4.009659960865974426e-02
1.229052059352397919e-02,1.393742918968200684e+00,8.950124494731426239e-03
3.724691867828369141e-01,1.533711791038513184e+00,1.590986922383308411e-02
1.153899729251861572e-01,1.452196002006530762e+00,1.779414340853691101e-02
3.149535059928894043e-01,3.228883445262908936e-01,5.609889514744281769e-03
3.997113406658172607e-01,1.955985069274902344e+00,2.231880091130733490e-02
3.243318498134613037e-01,1.030646085739135742e+00,9.260651655495166779e-03
9.465518593788146973e-02,3.257222652435302734e+00,1.217682566493749619e-02
3.286650478839874268e-01,4.279056072235107422e+00,1.312311273068189621e-02
7.346248030662536621e-01,4.018382549285888672e+00,1.418985053896903992e-02
3.465920388698577881e-01,2.597437858581542969e+00,4.232675302773714066e-03
3.167004510760307312e-02,2.744938373565673828e+00,2.184406854212284088e-02
3.963293507695198059e-02,2.247053623199462891e+00,7.457173429429531097e-03
5.007608234882354736e-02,3.126780509948730469e+00,4.083892796188592911e-03
1.287719458341598511e-01,3.641784906387329102e+00,1.564627140760421753e-02
5.851146951317787170e-02,3.789804875850677490e-02,1.305471546947956085e-02
4.534432888031005859e-01,1.402755141258239746e+00,1.827763626351952553e-03
1.079425662755966187e-01,1.993631601333618164e+00,1.687193661928176880e-02
1.876758784055709839e-01,4.008203983306884766e+00,1.377055328339338303e-02
5.445541441440582275e-02,4.306175708770751953e+00,8.737043477594852448e-03
1.975556835532188416e-02,4.217644691467285156e+00,9.473220445215702057e-03
3.679716587066650391e-01,2.273317813873291016e+00,1.455750316381454468e-02
7.329520583152770996e-01,1.975379943847656250e+00,9.949387051165103912e-03
2.676159441471099854e-01,2.671572566032409668e-01,4.503343254327774048e-03
1.827967762947082520e-01,2.993626356124877930e+00,8.426105603575706482e-03
2.269031703472137451e-01,3.079271793365478516e+00,1.107012480497360229e-02
3.150687813758850098e-01,7.548812031745910645e-01,5.404851865023374557e-03
3.170142471790313721e-01,3.202547073364257812e+00,8.384862914681434631e-03
1.033679842948913574e-01,3.583025932312011719e+00,3.009623615071177483e-03
3.555108234286308289e-02,4.121591091156005859e+00,4.684485122561454773e-02
2.361446917057037354e-01,3.726670026779174805e+00,4.405973479151725769e-02
9.658029675483703613e-02,2.190656661987304688e+00,1.722611486911773682e-02
8.880601078271865845e-02,2.511237621307373047e+00,4.285041242837905884e-02
5.923036020249128342e-03,5.881044268608093262e-01,1.417878363281488419e-02
4.594894051551818848e-01,1.037054300308227539e+00,6.420509889721870422e-03
3.221699297428131104e-01,4.858199596405029297e+00,1.351689454168081284e-02
1.078351140022277832e-01,3.018811702728271484e+00,8.109839633107185364e-03
1.059073060750961304e-01,2.945765018463134766e+00,2.201933972537517548e-02
3.387360572814941406e-01,2.697942733764648438e+00,5.537696182727813721e-02
3.249829113483428955e-01,3.249310493469238281e+00,1.397277321666479111e-02
3.366290628910064697e-01,3.559071943163871765e-02,7.824703305959701538e-02
2.635833919048309326e-01,3.967360496520996094e+00,2.000805549323558807e-02
1.110105440020561218e-01,4.549481391906738281e+00,2.969492226839065552e-02
1.921359300613403320e-01,4.849360942840576172e+00,1.632342860102653503e-02
7.250385880470275879e-01,4.625653743743896484e+00,9.644505381584167480e-02
2.299462445080280304e-02,5.054278299212455750e-02,4.651972092688083649e-03
6.341432929039001465e-01,4.264258742332458496e-01,5.423035100102424622e-02
5.812495946884155273e-01,2.835463762283325195e+00,4.060207307338714600e-02
4.194765985012054443e-01,3.611489772796630859e+00,1.265693642199039459e-02
8.664076328277587891e-01,1.739842534065246582e+00,1.845259964466094971e-02
2.864894270896911621e-01,4.933988571166992188e+00,1.105598453432321548e-02
7.782874107360839844e-01,7.754483819007873535e-02,2.013337425887584686e-02
2.078466117382049561e-02,3.854697942733764648e+00,1.569576375186443329e-02
2.359148561954498291e-01,4.065285682678222656e+00,1.781084574759006500e-02
3.586009740829467773e-01,1.293989270925521851e-01,4.915160126984119415e-03
2.926999032497406006e-01,1.411682516336441040e-01,1.743110083043575287e-02
2.673536241054534912e-01,4.916312217712402344e+00,3.516642749309539795e-02
4.089396595954895020e-01,3.707414627075195312e+00,1.164660695940256119e-02
1.825056672096252441e-01,5.796326398849487305e-01,1.038807108998298645e-01
5.612332224845886230e-01,4.870820522308349609e+00,1.779573224484920502e-02
9.015246480703353882e-02,3.317451238632202148e+00,1.135648116469383240e-01
1.796392202377319336e-01,4.615061759948730469e+00,3.841659519821405411e-03
2.850651443004608154e-01,6.098682880401611328e-01,2.680923230946063995e-02
2.372615486383438110e-01,2.864220380783081055e+00,8.108349144458770752e-02
5.876924470067024231e-02,2.266369581222534180e+00,1.153025589883327484e-02
6.946297734975814819e-02,1.613930463790893555e+00,9.775017946958541870e-02
2.432963997125625610e-01,4.162911891937255859e+00,5.558086931705474854e-02
4.596887901425361633e-02,2.949847221374511719e+00,5.913172662258148193e-02
1.109140217304229736e-01,6.561111807823181152e-01,2.750278450548648834e-03
3.884660005569458008e-01,7.031854242086410522e-02,5.561883561313152313e-03
1.038163378834724426e-01,2.757346630096435547e+00,5.292086396366357803e-03
3.761435151100158691e-01,2.234705924987792969e+00,2.397318929433822632e-02
7.045903801918029785e-02,3.386061906814575195e+00,4.306093323975801468e-03
3.208765387535095215e-01,1.984528541564941406e+00,1.461027376353740692e-02
2.326415777206420898e-01,2.518130064010620117e+00,9.370461106300354004e-02
2.070908844470977783e-01,3.844764232635498047e+00,1.478026807308197021e-02
6.054510474205017090e-01,1.755635023117065430e+00,5.252006649971008301e-02
3.288130462169647217e-01,2.197329282760620117e+00,4.850907623767852783e-02
1.530252099037170410e-01,5.885290503501892090e-01,1.362663786858320236e-02
8.486109972000122070e-01,1.628267288208007812e+00,5.605027452111244202e-02
4.022235225420445204e-04,1.133856654167175293e+00,1.491101644933223724e-02
3.957386314868927002e-01,3.271360158920288086e+00,1.021411176770925522e-02
2.383146882057189941e-01,1.624796867370605469e+00,1.082087308168411255e-02
2.269827127456665039e-01,3.971431732177734375e+00,4.490601271390914917e-02
3.239814639091491699e-01,2.533134520053863525e-01,2.614472992718219757e-02
9.117342531681060791e-03,3.672735214233398438e+00,1.974978670477867126e-02
7.587745320051908493e-03,4.238037586212158203e+00,1.702225580811500549e-02
1.270498633384704590e-01,2.732054710388183594e+00,3.485497832298278809e-02
4.447625204920768738e-02,2.691499471664428711e+00,2.183325774967670441e-02
5.887765884399414062e-01,5.118266940116882324e-01,9.437305852770805359e-03
3.063465058803558350e-01,4.022187232971191406e+00,2.203424833714962006e-02
9.508451819419860840e-02,4.062733173370361328e+00,2.606675215065479279e-02
2.609545588493347168e-01,2.747706413269042969e+00,1.880186051130294800e-02
4.833543598651885986e-01,2.997773587703704834e-01,7.772209588438272476e-03
2.341175265610218048e-02,7.233162522315979004e-01,1.801388524472713470e-02
1.411771029233932495e-01,3.974935054779052734e+00,1.136010792106389999e-02
4.429132640361785889e-01,2.533754110336303711e+00,9.521175175905227661e-03
2.500903010368347168e-01,8.234679698944091797e-01,3.595686284825205803e-03
2.825047075748443604e-01,1.875422716140747070e+00,2.060236781835556030e-02
1.688391268253326416e-01,3.504042387008666992e+00,7.174772676080465317e-03
1.314740329980850220e-01,3.243908166885375977e+00,2.162345498800277710e-02
1.388591676950454712e-01,2.707259654998779297e+00,7.570553570985794067e-03
3.001996874809265137e-01,6.603949666023254395e-01,4.623183980584144592e-02
3.423293828964233398e-01,1.734821319580078125e+00,3.408724069595336914e-02
2.577919960021972656e-01,6.757187247276306152e-01,7.937694899737834930e-03
6.877763867378234863e-01,6.857836842536926270e-01,2.027011709287762642e-03
8.365885019302368164e-01,1.911773324012756348e+00,9.544845670461654663e-05
5.442441105842590332e-01,2.139878988265991211e+00,4.951336234807968140e-02
8.451016247272491455e-02,4.263994216918945312e+00,1.226300001144409180e-02
3.056014180183410645e-01,3.398631513118743896e-01,3.740226849913597107e-02
2.908885478973388672e-01,1.019737243652343750e+00,1.227783784270286560e-01
3.255959153175354004e-01,2.953779220581054688e+00,1.044143573381006718e-03
4.612918794155120850e-01,3.411241054534912109e+00,2.525208517909049988e-03
7.953865453600883484e-03,1.157478839159011841e-01,1.882378756999969482e-02
3.190493881702423096e-01,2.888078451156616211e+00,4.120698943734169006e-02
3.513529002666473389e-01,2.496284484863281250e+00,6.738773547112941742e-03
4.224442839622497559e-01,2.056189537048339844e+00,2.006589807569980621e-02
3.171727657318115234e-01,3.775126695632934570e+00,4.826884344220161438e-02
5.843644142150878906e-01,4.618186950683593750e+00,8.968004956841468811e-03
3.584275841712951660e-01,3.252485513687133789e+00,2.202102914452552795e-02
4.106788635253906250e-01,5.904422700405120850e-02,2.632312662899494171e-02
2.433161437511444092e-01,1.962317347526550293e+00,3.063239715993404388e-02
1.223431080579757690e-01,3.583777666091918945e+00,9.622618556022644043e-03
6.105791777372360229e-02,3.092217206954956055e+00,3.315781056880950928e-02
3.974452987313270569e-02,2.677160024642944336e+00,8.130471408367156982e-02
2.866531312465667725e-01,4.279723644256591797e+00,4.280732478946447372e-03
3.589959815144538879e-02,3.840544223785400391e+00,2.841653674840927124e-02
5.810517668724060059e-01,5.952291488647460938e-01,5.468177259899675846e-04
1.007525771856307983e-01,4.111342906951904297e+00,5.839775316417217255e-03
3.088532388210296631e-01,4.809951305389404297e+00,3.613428398966789246e-02
4.634404182434082031e-01,4.142427444458007812e+00,1.543693058192729950e-02
3.663294389843940735e-02,3.781341791152954102e+00,6.024052947759628296e-02
4.183865487575531006e-01,2.162314653396606445e+00,7.303164806216955185e-03
2.083912044763565063e-01,2.200817346572875977e+00,3.218390792608261108e-02
3.181816637516021729e-01,3.013126373291015625e+00,5.453831516206264496e-03
1.066866144537925720e-01,4.037304878234863281e+00,8.185307495296001434e-03
3.802751600742340088e-01,2.770392656326293945e+00,7.822418585419654846e-03
1.594476848840713501e-01,4.148227214813232422e+00,4.606645926833152771e-02
2.353939600288867950e-02,4.356831550598144531e+00,2.723211608827114105e-02
2.964402139186859131e-01,2.589164495468139648e+00,1.223077438771724701e-02
3.943595290184020996e-01,3.307216882705688477e+00,6.084826309233903885e-03
3.662025928497314453e-01,1.628665447235107422e+00,2.565631875768303871e-03
8.266659453511238098e-03,9.719552099704742432e-02,1.913195848464965820e-02
1.349342763423919678e-01,4.288614749908447266e+00,8.538128435611724854e-02
3.868320956826210022e-02,2.873809814453125000e+00,7.037958502769470215e-02
4.724169075489044189e-01,4.165222167968750000e+00,9.551644325256347656e-02
3.878806531429290771e-01,4.436577796936035156e+00,1.315759308636188507e-02
3.901093304157257080e-01,2.263716936111450195e+00,5.865084938704967499e-03
1.350352615118026733e-01,6.452652215957641602e-01,1.657667569816112518e-02
3.534812629222869873e-01,4.228807449340820312e+00,1.764751225709915161e-02
1.661877147853374481e-02,1.041564345359802246e+00,3.463866934180259705e-02
1.390185952186584473e-01,2.382460355758666992e+00,1.891688071191310883e-02
9.910502284765243530e-02,2.901749610900878906e+00,5.564035382121801376e-03
3.436377644538879395e-01,6.091039180755615234e-01,8.556341752409934998e-03
3.483927249908447266e-01,1.949629426002502441e+00,3.315427526831626892e-02
2.628929615020751953e-01,4.922065734863281250e+00,3.768856450915336609e-02
3.874920904636383057e-01,4.181062698364257812e+00,1.248420700430870056e-01
1.632078588008880615e-01,2.997955322265625000e+00,3.402714431285858154e-02
1.281299889087677002e-01,4.169502735137939453e+00,2.272984944283962250e-03
3.986477386206388474e-03,1.021455407142639160e+00,2.403492480516433716e-02
1.211301088333129883e-01,1.834096908569335938e+00,2.596874348819255829e-02
5.456272363662719727e-01,5.194661021232604980e-02,1.961996033787727356e-02
1.972980424761772156e-02,4.187687397003173828e+00,4.184976592659950256e-02
6.145063042640686035e-02,2.151001244783401489e-01,5.667783785611391068e-03
3.705276921391487122e-02,4.218951463699340820e-01,5.510495975613594055e-03
9.969686158001422882e-03,2.823700428009033203e+00,4.549248609691858292e-03
3.339749872684478760e-01,4.300452709197998047e+00,6.913019809871912003e-03
4.033198952674865723e-01,2.146076679229736328e+00,4.372487217187881470e-02
2.450212538242340088e-01,2.511915922164916992e+00,9.023798629641532898e-04
7.509622573852539062e-01,2.555148601531982422e+00,2.722791396081447601e-02
3.205050230026245117e-01,2.926092863082885742e+00,6.696516275405883789e-02
1.942121535539627075e-01,5.615322589874267578e-01,7.724562194198369980e-03
8.925959467887878418e-02,2.472445726394653320e+00,6.799792870879173279e-03
1.761438846588134766e-01,1.738282889127731323e-01,1.157549489289522171e-02
2.068738788366317749e-01,8.064613342285156250e-01,4.467535763978958130e-02
2.417570352554321289e-01,3.107258081436157227e+00,1.447936147451400757e-01
1.737686544656753540e-01,1.964616060256958008e+00,2.377978153526782990e-02
3.519179821014404297e-01,4.512763500213623047e+00,9.150781482458114624e-02
4.357663542032241821e-02,1.011648774147033691e+00,2.529015205800533295e-02
3.131517767906188965e-01,2.802874088287353516e+00,2.969092503190040588e-02
4.259743690490722656e-01,8.888373970985412598e-01,3.370770253241062164e-03
2.856807112693786621e-01,7.935360670089721680e-01,7.273904979228973389e-02
1.768734306097030640e-01,4.664627552032470703e+00,3.667925670742988586e-02
8.710573911666870117e-01,7.481463253498077393e-02,1.372936088591814041e-02
1.028685495257377625e-01,1.915974318981170654e-01,5.750321317464113235e-03
2.160947583615779877e-02,2.529739618301391602e+00,3.904620558023452759e-02
4.360274411737918854e-03,2.047945857048034668e-01,1.052694488316774368e-02
3.714096248149871826e-01,7.156475186347961426e-01,7.833536714315414429e-03
1.999148726463317871e-02,3.023908138275146484e+00,3.312102332711219788e-02
2.523885071277618408e-01,5.080643296241760254e-01,6.141234654933214188e-03
4.567318260669708252e-01,3.731507778167724609e+00,6.637587212026119232e-03
2.149226069450378418e-01,2.993179798126220703e+00,4.467581864446401596e-03
8.387178182601928711e-03,8.111378550529479980e-02,8.850423619151115417e-03
1.244451776146888733e-01,3.655385017395019531e+00,9.778369218111038208e-03
3.752203583717346191e-01,2.278046369552612305e+00,3.462273627519607544e-03
1.878619343042373657e-01,2.308493852615356445e+00,1.633341796696186066e-02
4.124193787574768066e-01,2.870811939239501953e+00,3.132466599345207214e-02
5.449665784835815430e-01,3.235112190246582031e+00,2.729313448071479797e-02
3.246662616729736328e-01,2.040142536163330078e+00,3.136227279901504517e-02
3.280544281005859375e-02,7.053729891777038574e-01,1.976351812481880188e-02
2.384046167135238647e-01,4.753485679626464844e+00,8.942592889070510864e-03
1.496962010860443115e-01,2.974660634994506836e+00,3.524041175842285156e-02
2.068511694669723511e-01,3.380523681640625000e+00,1.231500227004289627e-02
2.717620134353637695e-01,2.119099140167236328e+00,7.754482794553041458e-03
3.588521182537078857e-01,4.590050697326660156e+00,1.716786250472068787e-02
3.001723885536193848e-01,3.288579702377319336e+00,2.366788685321807861e-02
3.100928477942943573e-02,1.997489333152770996e+00,3.787095425650477409e-03
3.106973469257354736e-01,4.887745857238769531e+00,1.383879687637090683e-02
2.068887501955032349e-01,4.232374668121337891e+00,7.574088405817747116e-03
3.917009010910987854e-02,3.129066944122314453e+00,2.396924421191215515e-02
2.112630307674407959e-01,4.409230709075927734e+00,8.488405495882034302e-03
4.281317293643951416e-01,2.033503167331218719e-02,9.932735934853553772e-03
3.563115894794464111e-01,4.417663574218750000e+00,1.231597643345594406e-02
3.255129605531692505e-02,2.310083866119384766e+00,3.764193970710039139e-03
1.665709912776947021e-01,4.508018016815185547e+00,7.456250954419374466e-03
2.485890686511993408e-02,3.086742639541625977e+00,1.395673677325248718e-02
1.848133206367492676e-01,1.974620103836059570e+00,1.452778745442628860e-02
6.347755342721939087e-02,9.883681535720825195e-01,2.699034288525581360e-02
1.485661044716835022e-02,2.852757453918457031e+00,2.731772698462009430e-02
1.485094279050827026e-01,3.477503061294555664e+00,2.671567909419536591e-02
4.103147685527801514e-01,6.603150069713592529e-02,2.933848882094025612e-03
3.742302656173706055e-01,1.664987802505493164e+00,4.173090681433677673e-03
3.712148964405059814e-01,3.266670227050781250e+00,1.817901059985160828e-02
2.761246636509895325e-02,3.481978654861450195e+00,5.291369277983903885e-03
4.667601361870765686e-02,1.623431324958801270e+00,1.235670689493417740e-02
1.544426288455724716e-02,2.492809057235717773e+00,6.534720212221145630e-02
4.164944887161254883e-01,2.472898960113525391e+00,1.626671146368607879e-04
5.463366508483886719e-01,4.440070152282714844e+00,7.133176177740097046e-02
3.563255444169044495e-02,1.156659796833992004e-01,3.810806572437286377e-02
3.790332376956939697e-01,1.055242493748664856e-01,2.964845299720764160e-02
1.691569238901138306e-01,2.539364099502563477e+00,3.461653739213943481e-02
2.643792629241943359e-01,4.672975838184356689e-01,6.452633067965507507e-03
3.906650841236114502e-01,2.797335386276245117e+00,1.025320310145616531e-02
3.087901510298252106e-02,2.228461056947708130e-01,2.392764203250408173e-02
3.752633556723594666e-02,3.638108491897583008e+00,3.057132661342620850e-02
3.773135840892791748e-01,2.773077249526977539e+00,8.437070064246654510e-03
1.121425181627273560e-01,4.872010231018066406e+00,9.483109228312969208e-03
3.478353098034858704e-02,5.561779141426086426e-01,1.010800711810588837e-02
3.491857647895812988e-02,1.912980318069458008e+00,5.809598602354526520e-03
4.668506085872650146e-01,1.861420631408691406e+00,1.003515254706144333e-02
1.147563606500625610e-01,4.738961696624755859e+00,6.039689294993877411e-03
3.386057913303375244e-01,6.695238947868347168e-01,3.902371507138013840e-03
1.223512366414070129e-01,1.688605666160583496e+00,5.171046778559684753e-02
9.062999486923217773e-01,4.442207813262939453e+00,7.289228960871696472e-03
7.376646399497985840e-01,4.930506229400634766e+00,2.258490771055221558e-02
1.335152387619018555e-01,3.498501330614089966e-02,7.698176894336938858e-03
3.276025056838989258e-01,4.737090587615966797e+00,1.359487231820821762e-02
3.553771078586578369e-01,3.120461225509643555e+00,4.202370718121528625e-02
1.530538126826286316e-02,2.234721183776855469e+00,5.205860361456871033e-03
1.157042905688285828e-01,2.807975530624389648e+00,2.906413190066814423e-02
1.948279291391372681e-01,2.040969610214233398e+00,5.604151170700788498e-03
3.404258489608764648e-01,3.571023464202880859e+00,2.320217154920101166e-02
2.038957476615905762e-01,4.814927101135253906e+00,1.254642568528652191e-02
1.964766979217529297e-01,4.813641548156738281e+00,1.450816541910171509e-02
6.816740036010742188e-01,7.858623862266540527e-01,4.447482898831367493e-02
2.120940983295440674e-01,4.859093666076660156e+00,2.049329131841659546e-02
2.559344172477722168e-01,2.233399391174316406e+00,2.307224273681640625e-02
2.809092402458190918e-01,4.344816505908966064e-01,3.900834359228610992e-03
9.311721473932266235e-02,1.443792581558227539e-01,7.105197291821241379e-03
2.929863631725311279e-01,3.582209587097167969e+00,5.669084936380386353e-02
1.101502776145935059e-01,2.547150611877441406e+00,2.691938541829586029e-02
1.671561151742935181e-01,3.094734191894531250e+00,7.656836509704589844e-02
2.402237504720687866e-01,3.048712968826293945e+00,2.091540582478046417e-02
2.915685772895812988e-01,2.188206434249877930e+00,8.441168814897537231e-03
2.060602009296417236e-01,2.241435766220092773e+00,3.297659568488597870e-03
1.371799707412719727e-01,2.823232650756835938e+00,7.883437909185886383e-03
3.089409470558166504e-01,3.743046760559082031e+00,2.509023807942867279e-02
3.315273821353912354e-01,3.967862844467163086e+00,1.477616932243108749e-02
1.888916790485382080e-01,3.864559173583984375e+00,9.887502342462539673e-02
3.656486868858337402e-01,4.136564731597900391e+00,1.054749009199440479e-03
5.364772677421569824e-01,6.175245046615600586e-01,5.961865186691284180e-03
3.746577799320220947e-01,3.198238611221313477e-01,2.434043213725090027e-02
1.580671966075897217e-01,4.548141956329345703e+00,1.069453079253435135e-02
2.473814599215984344e-02,5.555804446339607239e-02,2.841530740261077881e-02
3.552931249141693115e-01,2.776267290115356445e+00,1.617162302136421204e-02
2.634820342063903809e-01,1.900019764900207520e+00,6.158141884952783585e-03
2.390258610248565674e-01,3.591912508010864258e+00,1.321651134639978409e-02
2.600059211254119873e-01,1.025148034095764160e+00,6.684491783380508423e-02
1.441663056612014771e-01,4.872817993164062500e+00,2.909743413329124451e-02
5.187531560659408569e-02,3.915809154510498047e+00,3.251641616225242615e-02
2.848647534847259521e-01,4.198598384857177734e+00,5.110309459269046783e-03
3.896212577819824219e-01,4.655686378479003906e+00,1.176403462886810303e-02
3.938588127493858337e-02,3.072826862335205078e+00,1.048001460731029510e-02
2.381865233182907104e-01,2.825725317001342773e+00,8.410238474607467651e-02
3.766767084598541260e-01,4.764165401458740234e+00,2.780613861978054047e-02
3.640933632850646973e-01,2.316249608993530273e+00,1.348113361746072769e-02
7.613408565521240234e-02,2.691625356674194336e+00,6.001766026020050049e-02
1.799391955137252808e-01,6.737103462219238281e-01,5.164924543350934982e-03
3.284426629543304443e-01,3.572214022278785706e-02,2.482679486274719238e-02
8.355138301849365234e-01,5.858001708984375000e-01,3.766407445073127747e-02
1.326742768287658691e-01,4.035788059234619141e+00,3.359959926456212997e-03
1.453925110399723053e-02,6.193159222602844238e-01,1.275151409208774567e-02
1.165500283241271973e-01,3.378224611282348633e+00,7.512111216783523560e-02
1.977686434984207153e-01,1.022849753499031067e-01,2.482223510742187500e-02
3.698007762432098389e-02,9.578639864921569824e-01,4.419627133756875992e-03
8.631143718957901001e-02,4.489441394805908203e+00,2.660352922976016998e-02
4.076124355196952820e-02,2.143925666809082031e+00,1.431926619261503220e-02
5.920093134045600891e-02,2.434083700180053711e+00,4.353587049990892410e-03
2.592557668685913086e-01,7.281298190355300903e-02,1.282180659472942352e-02
1.413975656032562256e-01,2.521366357803344727e+00,2.501128613948822021e-02
3.155523166060447693e-02,3.598047733306884766e+00,3.010151162743568420e-02
3.403785526752471924e-01,2.161080121994018555e+00,3.134331479668617249e-02
1.099557578563690186e-01,3.665529727935791016e+00,1.305691804736852646e-02
8.113461546599864960e-03,8.654455840587615967e-02,3.635766357183456421e-02
5.549131631851196289e-01,2.159979343414306641e+00,4.573021084070205688e-03
2.466952502727508545e-01,2.056736469268798828e+00,2.581601589918136597e-02
4.402692019939422607e-01,3.722002983093261719e+00,2.297863923013210297e-02
3.525905013084411621e-01,2.001541614532470703e+00,1.490604691207408905e-02
5.723117385059595108e-03,3.108921289443969727e+00,4.438496753573417664e-02
4.462797045707702637e-01,2.654651880264282227e+00,2.346756309270858765e-02
1.622186303138732910e-01,3.415733098983764648e+00,2.342109382152557373e-02
2.432959526777267456e-02,4.869385063648223877e-01,4.110892768949270248e-03
8.769384026527404785e-01,1.084157586097717285e+00,7.289689965546131134e-03
4.199128970503807068e-02,1.724306344985961914e+00,4.404882341623306274e-02
8.069992065429687500e-03,2.987592935562133789e+00,1.194155961275100708e-02
1.339835580438375473e-02,8.026927709579467773e-01,8.312879130244255066e-03
7.565818428993225098e-01,2.471067667007446289e+00,1.147210504859685898e-02
4.506856501102447510e-01,4.518143653869628906e+00,1.650853455066680908e-02
3.178045153617858887e-01,1.012949466705322266e+00,2.254904434084892273e-02
7.972809672355651855e-02,1.081495642662048340e+00,4.040497820824384689e-03
7.927465438842773438e-02,2.257917165756225586e+00,8.213127031922340393e-03
1.435282975435256958e-01,4.890930175781250000e+00,2.977361716330051422e-02
2.923733592033386230e-01,2.639688253402709961e+00,5.960635840892791748e-03
1.794844716787338257e-01,9.909996986389160156e-01,8.160561323165893555e-03
2.297988235950469971e-01,2.552781820297241211e+00,4.795626550912857056e-02
3.816201686859130859e-01,5.273233056068420410e-01,2.604907751083374023e-02
7.530120611190795898e-01,3.300203323364257812e+00,1.245917472988367081e-02
2.897780835628509521e-01,7.143098115921020508e-01,2.420794218778610229e-02
3.280865773558616638e-02,1.122248619794845581e-01,9.018162963911890984e-04
3.615903556346893311e-01,1.000472784042358398e+00,8.744522929191589355e-03
1.008794307708740234e-01,5.744504928588867188e-01,1.997142471373081207e-02
1.331557333469390869e-01,2.667220354080200195e+00,7.924424484372138977e-03
3.300996720790863037e-01,4.011286258697509766e+00,5.154047533869743347e-02
2.414725720882415771e-01,3.247568607330322266e+00,7.764575537294149399e-03
3.261858820915222168e-01,6.828262805938720703e-01,7.766522467136383057e-03
5.173384398221969604e-02,1.913379907608032227e+00,5.067785270512104034e-03
3.444933295249938965e-01,4.020842552185058594e+00,2.957267872989177704e-02
8.629051595926284790e-02,2.250681877136230469e+00,1.930922828614711761e-02
1.529722008854150772e-02,4.236709594726562500e+00,2.313075214624404907e-02
6.078301072120666504e-01,4.857593059539794922e+00,4.950203932821750641e-03
3.310446143150329590e-01,3.626393556594848633e+00,1.830310001969337463e-02
2.446532845497131348e-01,2.133416891098022461e+00,5.487235728651285172e-03
3.667165637016296387e-01,3.072427272796630859e+00,2.427680045366287231e-02
3.670697808265686035e-01,3.414355814456939697e-01,5.391633603721857071e-03
2.846103906631469727e-02,2.555619239807128906e+00,1.342226658016443253e-02
3.152483403682708740e-01,4.767026901245117188e+00,6.623420864343643188e-02
1.006046403199434280e-02,6.549085378646850586e-01,4.822068382054567337e-03
1.190065667033195496e-01,2.864436149597167969e+00,1.944135874509811401e-02
1.411233562976121902e-02,6.513041257858276367e-01,1.231828145682811737e-02
3.581598401069641113e-01,4.204906940460205078e+00,2.078455500304698944e-02
3.811969608068466187e-02,2.701416015625000000e+00,1.011707540601491928e-02
3.269885852932929993e-02,2.375810623168945312e+00,4.496047645807266235e-02
1.775481253862380981e-01,3.720925569534301758e+00,6.508324295282363892e-03
7.688897848129272461e-02,2.144797086715698242e+00,7.681525778025388718e-03
6.271251440048217773e-01,3.555012464523315430e+00,8.403486013412475586e-02
3.478838801383972168e-01,4.919483184814453125e+00,6.073708645999431610e-03
3.593168258666992188e-01,1.218037366867065430e+00,2.460264600813388824e-02
3.011852204799652100e-01,5.749555826187133789e-01,1.451026555150747299e-02
1.163194030523300171e-01,1.156387329101562500e-01,2.435155026614665985e-02
1.651621162891387939e-01,3.321346342563629150e-01,1.637440547347068787e-02
2.165659219026565552e-01,2.263839960098266602e+00,1.529639679938554764e-02
1.607705503702163696e-01,3.378788948059082031e+00,1.777821034193038940e-02
4.414046108722686768e-01,2.688347578048706055e+00,1.769915595650672913e-02
1.723198741674423218e-01,4.860623836517333984e+00,1.743130572140216827e-02
4.714542329311370850e-01,7.127267718315124512e-01,3.439828008413314819e-02
3.659426271915435791e-01,4.010480403900146484e+00,3.862511599436402321e-03
1.740859076380729675e-02,2.633582055568695068e-01,5.039606709033250809e-03
7.879341021180152893e-03,2.673298358917236328e+00,1.029160320758819580e-01
5.257625877857208252e-02,6.932129859924316406e-01,1.909711956977844238e-02
3.440126776695251465e-01,2.557276010513305664e+00,2.602407522499561310e-02
1.073744520545005798e-01,2.863281667232513428e-01,9.689222089946269989e-03
3.536658883094787598e-01,3.968491792678833008e+00,1.243130303919315338e-02
1.859422475099563599e-01,2.226853609085083008e+00,1.147722825407981873e-02
3.543393313884735107e-01,2.049449443817138672e+00,1.533379685133695602e-02
1.590850949287414551e-01,1.220239028334617615e-01,5.185776390135288239e-03
1.736073940992355347e-01,1.900098562240600586e+00,3.510638372972607613e-03
2.482291907072067261e-01,2.546530246734619141e+00,1.417873241007328033e-02
8.035686798393726349e-03,1.292797923088073730e+00,2.611998468637466431e-03
2.019932568073272705e-01,4.558309555053710938e+00,3.635100275278091431e-02
2.634745538234710693e-01,3.140213727951049805e+00,1.433484163135290146e-02
3.482551500201225281e-02,6.127057671546936035e-01,1.517625339329242706e-02
3.852675259113311768e-01,2.602094173431396484e+00,5.331024061888456345e-03
1.846600472927093506e-01,4.645396709442138672e+00,1.256102696061134338e-02
4.442673176527023315e-02,4.047244071960449219e+00,4.012693092226982117e-02
2.893100865185260773e-02,3.508292198181152344e+00,1.088722050189971924e-02
1.383602526038885117e-02,9.412108361721038818e-02,1.971356384456157684e-02
3.909233808517456055e-01,3.960909843444824219e+00,1.121486071497201920e-02
8.540725708007812500e-02,4.086698055267333984e+00,6.290632300078868866e-03
1.419329196214675903e-01,4.552922725677490234e+00,9.252711199223995209e-03
9.875947982072830200e-02,3.018800497055053711e+00,1.230829115957021713e-02
4.221626818180084229e-01,4.043457031250000000e+00,1.685912720859050751e-02
3.553436994552612305e-01,4.837115764617919922e+00,1.267445832490921021e-02
3.742352724075317383e-01,1.791853070259094238e+00,8.983682841062545776e-03
3.147040903568267822e-01,2.693410634994506836e+00,2.414518035948276520e-02
1.079230979084968567e-01,3.383964300155639648e+00,3.518989309668540955e-03
1.944504976272583008e-01,4.644675254821777344e+00,1.448178011924028397e-02
2.246043644845485687e-02,2.651448726654052734e+00,4.182327911257743835e-02
1.980796083807945251e-02,2.824952363967895508e+00,3.290281863883137703e-03
3.394393324851989746e-01,1.114180013537406921e-01,7.031297683715820312e-02
3.195713162422180176e-01,1.850095033645629883e+00,1.873541064560413361e-02
1.719515025615692139e-02,1.340363770723342896e-01,7.314523309469223022e-02
2.293609827756881714e-01,7.966862320899963379e-01,3.457155451178550720e-02
2.262262627482414246e-02,2.757099866867065430e+00,2.876395359635353088e-02
1.923531740903854370e-01,3.127377033233642578e+00,4.471024870872497559e-02
2.539033889770507812e-01,2.003992080688476562e+00,3.601219505071640015e-03
1.124455556273460388e-01,8.988259434700012207e-01,1.282928697764873505e-02
2.376272529363632202e-02,2.658936738967895508e+00,9.175501763820648193e-03
2.199872583150863647e-01,2.311353445053100586e+00,4.281921312212944031e-02
3.859070315957069397e-02,1.757657647132873535e+00,1.915629580616950989e-02
4.917128682136535645e-01,1.604184031486511230e+00,9.501962922513484955e-03
5.029229074716567993e-02,1.151190474629402161e-01,7.943739742040634155e-02
3.958985209465026855e-01,2.315858364105224609e+00,1.431101746857166290e-02
3.257723525166511536e-02,2.751798629760742188e+00,6.478716433048248291e-02
1.340648233890533447e-01,4.266183853149414062e+00,7.471149414777755737e-02
9.655954688787460327e-02,2.528613328933715820e+00,1.599548012018203735e-02
3.632486462593078613e-01,1.097485423088073730e+00,6.117513403296470642e-03
3.348654508590698242e-01,2.493709087371826172e+00,2.674119360744953156e-02
2.344052344560623169e-01,1.982440590858459473e+00,2.063064835965633392e-02
1.863006129860877991e-02,2.851467430591583252e-01,4.044324904680252075e-02
6.460087895393371582e-01,2.375096321105957031e+00,4.846962913870811462e-02
1.686198636889457703e-02,1.006017923355102539e+00,3.177772741764783859e-03
3.796461820602416992e-01,2.068338871002197266e+00,9.499247185885906219e-03
8.706989884376525879e-01,4.676233768463134766e+00,1.138249691575765610e-02
5.743864178657531738e-01,4.040323734283447266e+00,3.553510829806327820e-02
1.914696022868156433e-02,4.048110008239746094e+00,1.341330073773860931e-02
9.892142564058303833e-02,2.463410794734954834e-01,4.128004889935255051e-03
3.240781724452972412e-01,7.685096263885498047e-01,2.630785852670669556e-02
3.788616135716438293e-02,3.478291034698486328e+00,3.229564800858497620e-02
2.081551849842071533e-01,3.879277706146240234e+00,1.926214434206485748e-02
1.749458163976669312e-01,3.685448646545410156e+00,2.040972933173179626e-02
3.940679430961608887e-01,2.700124263763427734e+00,1.793503575026988983e-02
3.361063897609710693e-01,4.009981632232666016e+00,2.118755877017974854e-02
2.980749905109405518e-01,4.415227174758911133e-01,3.809981793165206909e-02
3.040330484509468079e-02,3.358061790466308594e+00,6.992022041231393814e-03
2.319226041436195374e-02,3.134211301803588867e+00,9.845177643001079559e-03
9.149259328842163086e-01,3.493639469146728516e+00,2.083030715584754944e-02
1.836360804736614227e-02,3.540005207061767578e+00,1.822583936154842377e-02
4.524912685155868530e-02,4.641204357147216797e+00,9.315881878137588501e-03
2.696421146392822266e-01,3.755339860916137695e+00,2.256922982633113861e-02
1.676507443189620972e-01,2.704970121383666992e+00,8.979840204119682312e-03
3.397481441497802734e-01,4.129662990570068359e+00,5.432005971670150757e-03
3.680075109004974365e-01,2.542911052703857422e+00,4.820121452212333679e-03
2.844073995947837830e-02,1.269199103116989136e-01,1.661535724997520447e-02
3.840942680835723877e-01,2.483013391494750977e+00,1.285362336784601212e-02
3.396195769309997559e-01,4.479770183563232422e+00,3.482090681791305542e-02
3.954948782920837402e-01,3.213527679443359375e+00,1.247162465006113052e-02
2.555944025516510010e-01,4.705210208892822266e+00,1.275458838790655136e-02
2.231441438198089600e-01,4.072278022766113281e+00,1.659537665545940399e-02
3.475371897220611572e-01,4.499726772308349609e+00,1.951237022876739502e-02
1.552750170230865479e-01,4.251524448394775391e+00,3.716244548559188843e-02
3.261250853538513184e-01,5.430774018168449402e-02,1.214096136391162872e-02
3.167956471443176270e-01,3.121463298797607422e+00,5.487133603310212493e-05
9.379408359527587891e-01,4.071424007415771484e+00,7.710180431604385376e-02
2.608596682548522949e-01,2.854741096496582031e+00,3.064187476411461830e-03
4.016894400119781494e-01,3.736711978912353516e+00,1.761651597917079926e-02
7.883283495903015137e-02,4.157109260559082031e+00,2.498151920735836029e-02
3.279759883880615234e-01,1.978033781051635742e+00,1.508818287402391434e-02
1.974112093448638916e-01,5.782930850982666016e-01,9.971724823117256165e-03
4.612411931157112122e-02,2.544398069381713867e+00,4.271597787737846375e-02
3.417810797691345215e-01,4.700396060943603516e+00,4.287587851285934448e-02
1.130278855562210083e-01,2.194509267807006836e+00,6.753682624548673630e-03
2.158149890601634979e-02,9.211079478263854980e-01,6.465031765401363373e-03
3.294401243329048157e-02,1.275221854448318481e-01,3.161582862958312035e-03
3.545471429824829102e-01,4.181138992309570312e+00,5.017217714339494705e-03
6.883050799369812012e-01,2.471641540527343750e+00,9.171997010707855225e-02
2.105521261692047119e-01,3.240252494812011719e+00,2.745703235268592834e-02
6.213202476501464844e-01,4.208530902862548828e+00,2.527380920946598053e-02
3.497922420501708984e-01,3.494051933288574219e+00,1.322598941624164581e-02
8.575608581304550171e-02,2.426722288131713867e+00,2.471326105296611786e-02
1.414154767990112305e-01,1.322337031364440918e+00,8.575041778385639191e-03
1.250871270895004272e-01,3.655269384384155273e+00,3.526822850108146667e-02
3.345218300819396973e-01,1.888630151748657227e+00,4.356553405523300171e-02
9.264039807021617889e-03,3.253266334533691406e+00,6.240115500986576080e-03
3.589054346084594727e-01,3.679507493972778320e+00,1.659220084547996521e-02
8.531627245247364044e-03,3.285614013671875000e+00,1.136021036654710770e-02
3.467163443565368652e-01,1.193544387817382812e+00,1.962267607450485229e-02
2.343391999602317810e-02,8.397918194532394409e-02,5.510649643838405609e-03
5.171853899955749512e-01,4.925890922546386719e+00,2.306630089879035950e-02
2.052490413188934326e-01,4.172716617584228516e+00,1.034117117524147034e-02
1.981318593025207520e-01,2.790281534194946289e+00,2.973821386694908142e-02
1.498528942465782166e-02,3.492654561996459961e+00,1.765939965844154358e-02
5.824642777442932129e-01,3.011037409305572510e-01,5.058522149920463562e-02
4.358088076114654541e-01,2.434406518936157227e+00,5.971343722194433212e-03
2.670254372060298920e-02,3.259149074554443359e+00,4.314516112208366394e-02
1.738332509994506836e-01,4.386136054992675781e+00,4.463867470622062683e-02
2.903437614440917969e-01,3.632739067077636719e+00,1.213840022683143616e-02
5.549597144126892090e-01,1.205563321709632874e-01,1.302848383784294128e-02
1.179371494799852371e-02,1.305724680423736572e-01,9.656894020736217499e-03
4.215262234210968018e-01,2.633335590362548828e+00,1.702584326267242432e-02
2.515209913253784180e-01,9.467676877975463867e-01,3.203184576705098152e-03
2.429718077182769775e-01,4.197964668273925781e+00,1.708394102752208710e-02
4.126115143299102783e-01,3.035380125045776367e+00,7.255942374467849731e-02
2.511654235422611237e-02,5.290840268135070801e-01,3.293115273118019104e-02
3.650071024894714355e-01,2.907188653945922852e+00,5.069050937891006470e-02
1.469600051641464233e-01,2.355172872543334961e+00,6.959334947168827057e-03
1.288514733314514160e-01,6.055509448051452637e-01,7.032701745629310608e-03
3.975880742073059082e-01,3.830287456512451172e+00,2.957564964890480042e-02
3.842781782150268555e-01,2.874375581741333008e+00,2.543616853654384613e-02
1.765052974224090576e-01,2.790297746658325195e+00,4.907669499516487122e-02
3.812332749366760254e-01,2.908739089965820312e+00,7.680552080273628235e-03
3.846807405352592468e-02,3.488923311233520508e+00,1.754648052155971527e-02
8.931186795234680176e-01,3.300897359848022461e+00,3.307767957448959351e-02
2.009410262107849121e-01,1.998159766197204590e+00,2.694100514054298401e-02
2.218626290559768677e-01,2.292570352554321289e+00,2.311112917959690094e-02
3.344635665416717529e-01,3.959401845932006836e+00,9.672412276268005371e-02
2.671132087707519531e-01,6.022527217864990234e-01,2.171547152101993561e-02
3.107841499149799347e-02,1.307414650917053223e+00,1.168518606573343277e-02
1.977706849575042725e-01,2.099807262420654297e+00,2.345086075365543365e-02
6.291881203651428223e-01,7.804612517356872559e-01,1.646293792873620987e-03
1.852135062217712402e-01,2.833625793457031250e+00,1.505631487816572189e-02
3.775383234024047852e-01,1.867933750152587891e+00,3.856824710965156555e-03
3.185619115829467773e-01,1.913742661476135254e+00,9.106694720685482025e-03
3.644463419914245605e-01,3.660943269729614258e+00,9.846099419519305229e-04
1.197050884366035461e-01,3.178251743316650391e+00,4.471619427204132080e-02
3.542488515377044678e-01,3.535154104232788086e+00,1.005646586418151855e-02
1.069980263710021973e-01,2.884347915649414062e+00,7.136127352714538574e-02
5.249039456248283386e-02,3.058982133865356445e+00,1.206441875547170639e-02
3.529963493347167969e-01,3.300602912902832031e+00,1.000702474266290665e-02
3.744445443153381348e-01,1.707332611083984375e+00,3.631391003727912903e-02
2.070228569209575653e-02,5.725579857826232910e-01,2.528641186654567719e-02
1.405579149723052979e-01,4.492540359497070312e+00,1.712011173367500305e-02
3.363241553306579590e-01,6.192098855972290039e-01,9.861828759312629700e-03
1.027301177382469177e-01,3.388791322708129883e+00,7.223326712846755981e-02
3.363906443119049072e-01,7.723849415779113770e-01,7.138499524444341660e-03
1.620660871267318726e-01,4.300194263458251953e+00,3.312414977699518204e-03
3.337337374687194824e-01,4.643420696258544922e+00,9.138305671513080597e-03
3.512323275208473206e-02,5.341784358024597168e-01,2.165855141356587410e-03
2.868416346609592438e-02,3.302951335906982422e+00,1.125431060791015625e-02
1.547222584486007690e-01,2.906093835830688477e+00,9.036709554493427277e-03
3.618281185626983643e-01,2.681869745254516602e+00,2.273855730891227722e-02
3.914441168308258057e-01,1.899852871894836426e+00,7.254390046000480652e-03
3.141379058361053467e-01,5.157133340835571289e-01,6.216753274202346802e-03
1.328271329402923584e-01,1.267939209938049316e+00,3.220107033848762512e-02
9.603013284504413605e-03,2.024831295013427734e+00,3.649153932929039001e-02
3.956096991896629333e-02,1.376710414886474609e+00,5.930561572313308716e-03
9.599575400352478027e-01,4.832257747650146484e+00,2.133506163954734802e-02
3.790831863880157471e-01,2.356750965118408203e+00,5.282147321850061417e-03
2.012258023023605347e-01,7.409446686506271362e-02,5.485340487211942673e-03
7.193779945373535156e-02,5.216164886951446533e-02,2.140217646956443787e-02
1.031437218189239502e-01,4.192710399627685547e+00,2.792940661311149597e-02
3.382501006126403809e-01,3.943241357803344727e+00,7.155892997980117798e-02
3.776599094271659851e-02,3.339786052703857422e+00,6.704088300466537476e-03
3.358218073844909668e-01,3.470759391784667969e+00,5.876356270164251328e-03
9.846850484609603882e-02,2.767509698867797852e+00,6.558021064847707748e-03
3.949286043643951416e-01,1.931383967399597168e+00,7.361827418208122253e-03
3.283161222934722900e-01,1.549694299697875977e+00,6.188220903277397156e-02
1.288006007671356201e-01,4.954248428344726562e+00,1.580330356955528259e-02
1.056829765439033508e-01,9.877886772155761719e-01,2.320837229490280151e-02
1.130752265453338623e-01,2.342456340789794922e+00,6.947807502001523972e-03
1.410381495952606201e-01,3.600541830062866211e+00,1.868561096489429474e-02
3.682082295417785645e-01,6.995553374290466309e-01,5.269543733447790146e-03
3.801573514938354492e-01,2.221748590469360352e+00,1.063084695488214493e-02
2.973198890686035156e-01,3.194881439208984375e+00,1.299277413636445999e-02
3.662169873714447021e-01,8.626734018325805664e-01,2.635478973388671875e-02
9.581067413091659546e-02,6.196992397308349609e-01,1.081487908959388733e-02
3.647577762603759766e-01,3.550828218460083008e+00,6.046913098543882370e-03
2.092165201902389526e-01,3.087491512298583984e+00,1.337907649576663971e-02
1.078101173043251038e-01,3.585832118988037109e+00,3.754403442144393921e-02
8.455128073692321777e-01,2.008373975753784180e+00,1.465976610779762268e-02
2.599624693393707275e-01,9.828310012817382812e-01,1.723093097098171711e-03
3.147409856319427490e-01,3.536311149597167969e+00,6.362738460302352905e-02
4.514711499214172363e-01,1.938641786575317383e+00,5.312016606330871582e-02
5.245055537670850754e-03,1.895608901977539062e+00,6.539320573210716248e-03
9.158163070678710938e-01,2.088333517313003540e-01,3.422413719817996025e-03
2.544471919536590576e-01,3.333949804306030273e+00,3.366671502590179443e-02
3.468846529722213745e-02,3.174687147140502930e+00,8.578218519687652588e-03
7.543687820434570312e-01,1.707207560539245605e+00,9.748141281306743622e-03
2.763114124536514282e-02,1.940219640731811523e+00,3.302424401044845581e-02
2.046731859445571899e-01,4.940075397491455078e+00,4.945936053991317749e-02
6.332998722791671753e-02,3.722360134124755859e-01,4.601302091032266617e-03
3.614855557680130005e-02,2.803489923477172852e+00,6.962921470403671265e-03
2.266874909400939941e-01,1.090147197246551514e-01,2.075729891657829285e-02
8.606507629156112671e-02,1.667186856269836426e+00,1.140140276402235031e-02
3.913276493549346924e-01,4.657730579376220703e+00,4.712177067995071411e-02
1.246583014726638794e-01,6.284887194633483887e-01,2.034799195826053619e-03
3.110334835946559906e-02,7.438037395477294922e-01,7.625896483659744263e-02
2.336966618895530701e-02,3.837735414505004883e+00,6.066433154046535492e-03
3.569369018077850342e-01,3.326911211013793945e+00,2.193096093833446503e-02
3.899091780185699463e-01,3.378681421279907227e+00,3.311031730845570564e-03
1.398087590932846069e-01,3.269530534744262695e+00,2.911633811891078949e-02
9.609348326921463013e-02,4.139225006103515625e+00,2.805677428841590881e-02
1.638671606779098511e-01,4.631758853793144226e-02,8.168451488018035889e-03
3.552162647247314453e-01,2.307821273803710938e+00,8.313278853893280029e-02
8.660687506198883057e-02,2.627038955688476562e+00,2.851070463657379150e-02
3.011337816715240479e-01,5.812965631484985352e-01,5.309762433171272278e-03
6.081867814064025879e-01,3.947511911392211914e+00,1.826815865933895111e-02
9.272743463516235352e-01,1.382999420166015625e-01,2.541962079703807831e-03
3.188010454177856445e-01,1.262171864509582520e+00,1.586268283426761627e-02
9.764545597136020660e-03,3.641754388809204102e-01,9.215002879500389099e-03
3.578876331448554993e-02,4.263972282409667969e+00,1.454858854413032532e-02
5.126148462295532227e-01,2.760862588882446289e+00,1.243309676647186279e-02
1.204090751707553864e-02,3.429166078567504883e+00,4.425263032317161560e-03
2.962176501750946045e-01,1.486193060874938965e+00,5.439639557152986526e-03
2.680965960025787354e-01,1.602215409278869629e+00,1.085525099188089371e-02
4.822228550910949707e-01,2.792029641568660736e-02,3.106506541371345520e-03
1.537348031997680664e-01,9.161857366561889648e-01,4.555929452180862427e-02
3.311898112297058105e-01,6.932834535837173462e-02,4.178162664175033569e-03
3.263314962387084961e-01,8.976738154888153076e-02,1.943459734320640564e-02
9.558540768921375275e-03,2.905463218688964844e+00,4.795140027999877930e-02
1.553995460271835327e-01,4.700223922729492188e+00,1.061322260648012161e-02
3.376820310950279236e-02,1.013378143310546875e+00,2.320452965795993805e-02
1.822156608104705811e-01,3.651430130004882812e+00,2.718538977205753326e-02
2.070207893848419189e-02,1.728662610054016113e+00,8.245968073606491089e-02
1.048218160867691040e-01,3.491163015365600586e+00,1.195534225553274155e-02
2.789008989930152893e-02,3.186534643173217773e+00,1.094911154359579086e-02
2.002680301666259766e-01,2.460927724838256836e+00,3.997650742530822754e-02
3.492798283696174622e-02,2.716327190399169922e+00,2.962093986570835114e-02
4.996721819043159485e-02,1.139616847038269043e+00,1.303796190768480301e-02
3.943837806582450867e-02,1.280245900154113770e+00,2.447640709578990936e-02
2.385397404432296753e-01,8.356606960296630859e-02,1.007398776710033417e-02
6.054468452930450439e-02,3.086925745010375977e+00,7.869297638535499573e-03
3.611651659011840820e-01,5.947226285934448242e-01,2.241870574653148651e-02
1.701515167951583862e-02,1.938361287117004395e+00,1.146298553794622421e-02
3.291965425014495850e-01,1.425283074378967285e+00,1.428622100502252579e-02
5.087618827819824219e-01,6.725730001926422119e-02,2.534717507660388947e-02
1.384604722261428833e-01,2.727592706680297852e+00,1.318361982703208923e-02
1.824815273284912109e-01,4.417669296264648438e+00,9.999391622841358185e-03
4.445349797606468201e-02,2.425739049911499023e+00,7.833746075630187988e-02
1.669473052024841309e-01,3.238609075546264648e+00,1.340761315077543259e-02
1.920561119914054871e-02,3.055831193923950195e+00,6.314507219940423965e-03
6.268417090177536011e-02,1.835935115814208984e+00,1.036798730492591858e-01
3.452473580837249756e-01,2.879070281982421875e+00,6.160601042211055756e-03
5.418680310249328613e-01,2.006841182708740234e+00,7.689774502068758011e-03
4.873275160789489746e-01,1.248431563377380371e+00,2.495943754911422729e-02
4.057989642024040222e-02,2.383815526962280273e+00,1.598385162651538849e-02
1.614218652248382568e-01,3.214761972427368164e+00,1.213799044489860535e-02
1.580634266138076782e-01,5.480089187622070312e-01,3.542403224855661392e-03
1.271126270294189453e-01,1.194033026695251465e+00,4.703482612967491150e-02
6.371436715126037598e-01,1.777570962905883789e+00,2.523569017648696899e-02
4.523280262947082520e-02,4.032743453979492188e+00,5.370499938726425171e-02
1.400593370199203491e-01,9.744638800621032715e-01,4.543766845017671585e-03
3.547706902027130127e-01,3.530604600906372070e+00,5.474427714943885803e-03
3.666691780090332031e-01,3.131336212158203125e+00,5.820531770586967468e-02
3.666522502899169922e-01,3.100298881530761719e+00,4.375192150473594666e-02
8.918567299842834473e-01,3.759051561355590820e+00,1.975214295089244843e-02
4.289052635431289673e-02,1.357905030250549316e+00,1.538907876238226891e-03
4.682807251811027527e-02,2.645493030548095703e+00,1.071912329643964767e-02
2.518212199211120605e-01,2.144554138183593750e+00,1.014120597392320633e-02
4.057179093360900879e-01,6.372951269149780273e-01,5.508036818355321884e-03
1.769771724939346313e-01,4.019516468048095703e+00,5.138185620307922363e-02
1.436495780944824219e-02,4.875953674316406250e+00,1.676808483898639679e-02
1.948090493679046631e-01,5.884193778038024902e-01,2.231009118258953094e-02
3.246415033936500549e-02,6.986127495765686035e-01,1.100326515734195709e-02
2.905754558742046356e-02,2.199683785438537598e-01,1.027697580866515636e-03
3.057488799095153809e-01,4.811635971069335938e+00,1.271380577236413956e-02
3.385078608989715576e-01,2.987886667251586914e+00,3.452744102105498314e-03
4.776548594236373901e-02,4.788689613342285156e+00,1.029362715780735016e-02
8.162030577659606934e-01,2.491942405700683594e+00,3.336653485894203186e-02
5.112226121127605438e-03,9.079784899950027466e-02,3.491067094728350639e-03
2.947534322738647461e-01,2.050599098205566406e+00,3.636007197201251984e-03
9.084753990173339844e-01,3.504858732223510742e+00,2.222058549523353577e-02
1.537707000970840454e-01,9.578228592872619629e-01,2.336611971259117126e-02
3.092044405639171600e-02,9.671181440353393555e-01,2.350911265239119530e-03
1.801224052906036377e-01,2.843369960784912109e+00,2.037299424409866333e-02
3.497231304645538330e-01,4.521490097045898438e+00,2.522329241037368774e-02
4.667292833328247070e-01,3.477327346801757812e+00,2.297474630177021027e-02
3.028126657009124756e-01,5.102169141173362732e-02,4.235037416219711304e-02
2.116834744811058044e-02,3.800474166870117188e+00,1.018393505364656448e-02
2.020956873893737793e-01,4.227704524993896484e+00,7.975658401846885681e-03
3.739784359931945801e-01,4.375090122222900391e+00,1.446753740310668945e-02
4.524430930614471436e-01,8.260038495063781738e-01,3.919893410056829453e-03
4.064936935901641846e-02,1.028507575392723083e-01,7.485300302505493164e-03
2.579978108406066895e-02,3.151879072189331055e+00,2.940970240160822868e-03
1.551086734980344772e-02,9.155042767524719238e-01,8.453208021819591522e-03
1.420380547642707825e-02,1.078935503959655762e+00,7.915612513897940516e-05
4.922017827630043030e-02,1.533342599868774414e+00,7.359778042882680893e-03
2.933375835418701172e-01,1.944720894098281860e-01,4.905430600047111511e-02
9.938696771860122681e-02,3.767668724060058594e+00,3.813983127474784851e-02
4.360794425010681152e-01,2.965119361877441406e+00,9.214029647409915924e-03
4.838912487030029297e-01,9.563179612159729004e-01,2.322609908878803253e-02
7.689464092254638672e-01,1.505043625831604004e+00,2.916388399899005890e-02
4.182955250144004822e-02,2.135261058807373047e+00,2.007865533232688904e-02
2.741374075412750244e-01,2.701554298400878906e+00,2.128326334059238434e-02
3.239287734031677246e-01,3.696614742279052734e+00,9.188976138830184937e-03
2.279823273420333862e-02,2.846222162246704102e+00,3.855584934353828430e-02
3.742541372776031494e-01,7.672735303640365601e-02,1.776468381285667419e-02
2.858019471168518066e-01,2.349800109863281250e+00,4.473356157541275024e-02
3.625222146511077881e-01,2.423834800720214844e+00,3.688859939575195312e-02
7.022972404956817627e-02,2.472288846969604492e+00,4.541307222098112106e-03
9.952668100595474243e-02,4.922132492065429688e+00,1.062188111245632172e-02
4.974065124988555908e-01,3.465089201927185059e-02,2.228939160704612732e-02
1.266353279352188110e-01,1.481369853019714355e+00,1.453501172363758087e-02
4.540094137191772461e-01,2.932378053665161133e+00,1.711596176028251648e-02
1.770965456962585449e-01,2.714923620223999023e+00,2.009433321654796600e-02
3.681914806365966797e-01,3.963472604751586914e+00,1.027191355824470520e-01
3.123947679996490479e-01,4.535148620605468750e+00,1.197204366326332092e-02
2.780756652355194092e-01,2.171000480651855469e+00,5.050212144851684570e-03
2.247613668441772461e-01,1.902087211608886719e+00,4.746754653751850128e-03
3.128151595592498779e-01,1.871724963188171387e+00,5.472070537507534027e-03
9.971547126770019531e-01,1.674003601074218750e+00,2.461904101073741913e-02
2.694899439811706543e-01,3.557963371276855469e-01,1.303232624195516109e-03
1.172239631414413452e-01,8.120331168174743652e-01,1.132583245635032654e-02
3.191885054111480713e-01,2.974428653717041016e+00,7.913717068731784821e-03
1.585405915975570679e-01,2.785812616348266602e+00,2.442865632474422455e-02
1.803511977195739746e-01,4.308451175689697266e+00,3.335147351026535034e-02
9.647693037986755371e-01,2.210569858551025391e+00,4.164360463619232178e-02
2.361260540783405304e-02,3.693725824356079102e+00,2.603611536324024200e-02
8.686712980270385742e-01,4.650208950042724609e+00,6.100401282310485840e-03
3.733641803264617920e-01,2.938537359237670898e+00,3.956627845764160156e-02
3.274274468421936035e-01,8.149476647377014160e-01,4.387913737446069717e-03
2.458400726318359375e-01,3.641695022583007812e+00,6.664023734629154205e-03
1.712016314268112183e-01,1.048421621322631836e+00,4.102387931197881699e-03
1.441499777138233185e-02,2.556139707565307617e+00,3.559258999302983284e-03
3.516618907451629639e-01,1.986285924911499023e+00,1.404229737818241119e-02
3.231837153434753418e-01,8.612503409385681152e-01,1.105982693843543530e-03
3.639478385448455811e-01,5.575457811355590820e-01,5.103351920843124390e-02
1.421509236097335815e-01,7.599776983261108398e-01,5.186847224831581116e-02
3.195174932479858398e-01,4.098321914672851562e+00,7.799875456839799881e-03
7.022246718406677246e-02,4.340411186218261719e+00,1.097923703491687775e-02
3.645295500755310059e-01,2.625312566757202148e+00,3.353909030556678772e-02
6.261746287345886230e-01,3.239126443862915039e+00,2.161080017685890198e-02
4.896472394466400146e-01,3.860610961914062500e+00,7.080554030835628510e-03
2.857073396444320679e-02,1.824949622154235840e+00,3.103535063564777374e-02
3.309598863124847412e-01,6.620549559593200684e-01,2.018614485859870911e-02
7.833506166934967041e-02,2.830100297927856445e+00,3.213605657219886780e-02
3.772737383842468262e-01,1.625945210456848145e+00,3.289723396301269531e-02
6.154040694236755371e-01,5.896463394165039062e-01,2.386887744069099426e-02
1.750262528657913208e-01,2.823316574096679688e+00,2.778830938041210175e-02
2.130896747112274170e-01,3.359401702880859375e+00,4.924843087792396545e-03
3.206835091114044189e-01,2.007242679595947266e+00,2.248356863856315613e-02
1.040420960634946823e-02,5.842532962560653687e-02,1.257347688078880310e-02
3.556126952171325684e-01,1.079421162605285645e+00,8.581651491113007069e-05
1.426325887441635132e-01,2.970059394836425781e+00,2.012230642139911652e-02
9.656106680631637573e-02,2.972085952758789062e+00,5.590277165174484253e-02
2.343540340662002563e-01,1.869870305061340332e+00,2.664364501833915710e-02
1.465600281953811646e-01,3.201423168182373047e+00,1.062710676342248917e-02
3.000785112380981445e-01,6.124532222747802734e-01,6.397915538400411606e-03
3.246083110570907593e-02,4.613071978092193604e-01,4.135843366384506226e-03
4.637587815523147583e-02,1.243538483977317810e-01,1.137291640043258667e-02
3.707742094993591309e-01,1.868364334106445312e+00,6.608281284570693970e-03
4.463764652609825134e-02,6.092268228530883789e-01,7.783788256347179413e-03
7.224100828170776367e-01,1.755582928657531738e+00,4.471061006188392639e-02
2.832257449626922607e-01,5.328590869903564453e-01,4.064029082655906677e-02
2.027089595794677734e-01,3.170740842819213867e+00,3.211438283324241638e-02
2.868466377258300781e-01,2.332434803247451782e-01,1.737940683960914612e-02
5.150338634848594666e-02,9.503789544105529785e-01,3.642821218818426132e-03
6.462031602859497070e-02,3.967885971069335938e+00,6.869143247604370117e-02
3.273645043373107910e-02,2.131276607513427734e+00,7.010773755609989166e-03
9.644075483083724976e-02,5.376055240631103516e-01,1.412370707839727402e-02
6.494133472442626953e-01,2.496940851211547852e+00,3.176599368453025818e-02
1.044841855764389038e-01,4.499744415283203125e+00,8.811419457197189331e-02
3.603658378124237061e-01,3.566017866134643555e+00,2.873474918305873871e-02
3.491722643375396729e-01,3.088856458663940430e+00,9.169199503958225250e-03
4.087798595428466797e-01,3.539530754089355469e+00,2.374494262039661407e-02
7.357992976903915405e-02,4.316623210906982422e+00,4.116364568471908569e-02
2.003824859857559204e-01,3.254803180694580078e+00,5.972880404442548752e-03
1.258917003870010376e-01,4.734558105468750000e+00,6.672620773315429688e-02
2.596658170223236084e-01,2.792058467864990234e+00,2.331857569515705109e-02
4.730793088674545288e-02,3.631031274795532227e+00,7.307724561542272568e-03
1.256259083747863770e-01,3.666479587554931641e+00,1.279009319841861725e-02
6.055873036384582520e-01,1.251445174217224121e+00,1.406688895076513290e-02
3.934232294559478760e-01,1.546502828598022461e+00,6.038357038050889969e-03
3.039607703685760498e-01,9.287420511245727539e-01,2.043355256319046021e-03
6.308598071336746216e-02,4.719447612762451172e+00,1.540455128997564316e-02
3.168269991874694824e-01,3.466980218887329102e+00,7.347942795604467392e-03
8.493935465812683105e-01,1.580069959163665771e-01,4.579681437462568283e-03
2.086759507656097412e-01,4.786661624908447266e+00,2.268394269049167633e-02
1.100850924849510193e-01,2.950066328048706055e+00,5.544156767427921295e-03
2.432752028107643127e-02,3.601034641265869141e+00,2.929099462926387787e-02
1.900608241558074951e-01,1.043985009193420410e+00,2.251179702579975128e-02
3.900955915451049805e-01,3.737085819244384766e+00,1.737505197525024414e-02
2.309629768133163452e-01,6.199141144752502441e-01,5.622800439596176147e-03
3.077962622046470642e-02,1.062159538269042969e+00,3.499336168169975281e-02
3.942078053951263428e-01,4.561663150787353516e+00,4.350712895393371582e-02
2.770199812948703766e-02,6.245985031127929688e-01,5.619060248136520386e-03
3.835754990577697754e-01,5.463824868202209473e-01,7.995486259460449219e-03
8.969743549823760986e-02,3.041999101638793945e+00,2.082794904708862305e-02
2.377110868692398071e-01,3.776649951934814453e+00,2.476141974329948425e-02
2.291135117411613464e-02,3.338464260101318359e+00,5.215133540332317352e-03
2.662622928619384766e-01,3.864431381225585938e+00,2.947251498699188232e-02
5.016496777534484863e-01,8.399974554777145386e-02,2.477125637233257294e-02
7.884666919708251953e-01,4.369235515594482422e+00,1.083578169345855713e-02
1.688451319932937622e-01,5.955649614334106445e-01,1.391810644418001175e-02
2.230763584375381470e-01,3.270559310913085938e+00,1.123607158660888672e-02
3.815770149230957031e-01,6.847710013389587402e-01,6.479121278971433640e-03
3.707358986139297485e-02,4.273748874664306641e+00,2.404476143419742584e-02
2.063269317150115967e-01,2.229698181152343750e+00,8.196117356419563293e-03
5.890217795968055725e-02,8.515872061252593994e-02,2.619017614051699638e-03
1.855878904461860657e-02,9.508626908063888550e-02,6.442130543291568756e-03
2.582072913646697998e-01,1.919307589530944824e+00,5.153473839163780212e-02
1.475543975830078125e-01,4.889998912811279297e+00,1.920927129685878754e-02
3.271740078926086426e-01,4.616743564605712891e+00,7.870680652558803558e-03
2.436899244785308838e-01,2.530985355377197266e+00,2.157975360751152039e-02
1.187297999858856201e-01,4.352430343627929688e+00,7.663952652364969254e-03
7.480875849723815918e-01,3.897769927978515625e+00,1.727396738715469837e-03
2.761405706405639648e-02,1.916632056236267090e+00,2.622578293085098267e-02
3.557390570640563965e-01,2.872271776199340820e+00,6.848567631095647812e-03
5.572392344474792480e-01,7.426752895116806030e-02,4.055919125676155090e-02
3.129962086677551270e-01,1.011338710784912109e+00,6.598290987312793732e-03
2.346338480710983276e-01,2.209432125091552734e+00,1.853201165795326233e-02
1.423544809222221375e-02,2.389415264129638672e+00,3.086894191801548004e-02
2.289502173662185669e-01,3.274512767791748047e+00,4.795964807271957397e-02
4.507206380367279053e-02,4.815161705017089844e+00,2.454229258000850677e-02
5.807612538337707520e-01,1.246593952178955078e+00,1.128054223954677582e-02
3.373102843761444092e-01,6.388238668441772461e-01,1.827983930706977844e-02
3.738587796688079834e-01,3.586041450500488281e+00,9.262599050998687744e-03
3.863513842225074768e-02,2.626802444458007812e+00,4.494910314679145813e-02
2.063606530427932739e-01,4.158980846405029297e+00,8.091667294502258301e-02
3.569388687610626221e-01,1.360623598098754883e+00,2.113786153495311737e-02
2.545243874192237854e-02,3.068699121475219727e+00,3.107121447101235390e-03
4.528791010379791260e-01,1.913997411727905273e+00,2.293539792299270630e-02
3.614372909069061279e-01,3.098039865493774414e+00,4.426082596182823181e-04
8.547896146774291992e-01,1.187281847000122070e+00,6.236990448087453842e-03
1.690327525138854980e-01,3.033991813659667969e+00,2.309104613959789276e-02
1.926000416278839111e-01,2.658421039581298828e+00,4.114709794521331787e-02
3.483516350388526917e-02,2.039815902709960938e+00,1.556173618882894516e-02
1.575492620468139648e-01,4.636934757232666016e+00,1.356551609933376312e-02
2.438198626041412354e-01,3.890852212905883789e+00,1.810733601450920105e-02
3.501632511615753174e-01,2.314599990844726562e+00,5.455061327666044235e-03
3.299069702625274658e-01,2.639843463897705078e+00,3.542915452271699905e-03
2.975253947079181671e-02,2.833192586898803711e+00,1.886272616684436798e-02
1.857741177082061768e-01,4.993228912353515625e+00,1.717057824134826660e-02
3.244293928146362305e-01,4.347157955169677734e+00,1.725234650075435638e-02
2.296581864356994629e-02,2.505998134613037109e+00,3.342401981353759766e-02
3.805912435054779053e-01,6.688890457153320312e-01,2.334055490791797638e-03
6.864666193723678589e-02,8.038230985403060913e-02,4.193107411265373230e-02
6.418309360742568970e-02,2.213069915771484375e+00,2.166956663131713867e-02
2.681617736816406250e-01,1.000316739082336426e+00,2.430533617734909058e-02
3.823068141937255859e-01,5.504482984542846680e-01,8.485434576869010925e-03
7.537686228752136230e-01,3.124023199081420898e+00,1.994452625513076782e-02
3.989206254482269287e-01,2.590569019317626953e+00,1.005152687430381775e-01
1.145926862955093384e-01,8.315114378929138184e-01,1.103190518915653229e-02
3.528896272182464600e-01,2.416649580001831055e+00,3.120821155607700348e-02
7.584806066006422043e-03,3.127932310104370117e+00,1.355982851237058640e-02
1.542689502239227295e-01,3.800660610198974609e+00,1.046643778681755066e-02
2.054216116666793823e-01,4.860859394073486328e+00,6.601928267627954483e-03
7.380031794309616089e-02,4.644986629486083984e+00,1.785116642713546753e-02
2.483633160591125488e-01,1.646353363990783691e+00,3.378219529986381531e-02
3.970246315002441406e-01,3.566118240356445312e+00,1.363452803343534470e-02
7.981945760548114777e-03,4.395361423492431641e+00,1.647267118096351624e-02
3.779300153255462646e-01,4.936580181121826172e+00,2.321631275117397308e-02
3.305557370185852051e-02,1.684903502464294434e+00,7.763653527945280075e-03
1.000677868723869324e-01,3.796670198440551758e+00,6.847476214170455933e-02
2.308727055788040161e-02,2.535171508789062500e+00,5.915908608585596085e-03
1.173668913543224335e-02,2.682356834411621094e-01,5.313809495419263840e-03
4.443332254886627197e-01,1.615157008171081543e+00,5.755495745688676834e-03
2.598840892314910889e-01,4.478762626647949219e+00,2.070847153663635254e-02
3.342749178409576416e-01,2.208787202835083008e-01,1.599133014678955078e-02
5.882522463798522949e-01,3.179388865828514099e-02,1.190236583352088928e-02
8.647670596837997437e-02,4.953342914581298828e+00,1.033230777829885483e-02
3.279850482940673828e-01,2.420385360717773438e+00,5.844432488083839417e-02
3.738428354263305664e-01,2.735380172729492188e+00,6.342275999486446381e-03
3.796545863151550293e-01,2.375620365142822266e+00,1.403297204524278641e-02
4.259087517857551575e-02,4.607290774583816528e-02,3.327697888016700745e-02
8.909115195274353027e-01,4.023330211639404297e+00,3.321842104196548462e-02
2.798876464366912842e-01,1.967864394187927246e+00,3.005453199148178101e-02
5.713989138603210449e-01,3.389841318130493164e+00,7.223808765411376953e-02
3.697776198387145996e-01,4.970840930938720703e+00,2.241173759102821350e-02
3.730069398880004883e-01,2.820298671722412109e+00,3.991589695215225220e-02
3.204469084739685059e-01,1.711042523384094238e-01,3.454742254689335823e-03
3.677228689193725586e-01,2.128193855285644531e+00,1.786607503890991211e-02
3.651507496833801270e-01,1.926432728767395020e+00,5.298255011439323425e-02
4.064500331878662109e-01,2.154638767242431641e+00,9.108077734708786011e-03
2.814717888832092285e-01,4.409262657165527344e+00,9.212287142872810364e-03
2.010836005210876465e-01,6.621111631393432617e-01,3.844031691551208496e-02
5.708768963813781738e-01,2.775651693344116211e+00,2.169328741729259491e-02
1.956289112567901611e-01,2.169017791748046875e+00,1.915614120662212372e-02
4.557815194129943848e-01,4.350921630859375000e+00,7.576701696962118149e-03
3.580173850059509277e-01,4.356459140777587891e+00,1.214776039123535156e-01
2.937532663345336914e-01,2.382718086242675781e+00,2.740882150828838348e-02
4.226193428039550781e-01,2.920810222625732422e+00,4.084527865052223206e-02
1.741770654916763306e-01,3.184440374374389648e+00,2.666121721267700195e-02
3.175596594810485840e-01,1.188035845756530762e+00,5.001709237694740295e-02
9.087173640727996826e-02,9.151338785886764526e-02,5.669745802879333496e-02
9.441307745873928070e-03,3.177693605422973633e+00,6.989409215748310089e-03
3.038011491298675537e-01,1.183069199323654175e-01,9.736869484186172485e-03
8.018443584442138672e-01,3.454484939575195312e+00,8.325841277837753296e-03
5.602968335151672363e-01,3.673449993133544922e+00,1.293165236711502075e-02
3.734374418854713440e-02,2.712513506412506104e-01,1.431803684681653976e-02
3.945501744747161865e-01,2.735681295394897461e+00,1.224778406322002411e-02
3.630465641617774963e-02,1.726681143045425415e-01,9.098599548451602459e-04
1.574494689702987671e-01,4.953077316284179688e+00,1.241736765950918198e-02
2.994108200073242188e-01,3.547427356243133545e-01,1.097995415329933167e-02
6.314492225646972656e-01,4.895561695098876953e+00,1.879776082932949066e-02
1.210937947034835815e-01,2.660672903060913086e+00,8.652917109429836273e-03
1.280247569084167480e-01,2.454113483428955078e+00,3.617563052102923393e-03
4.312326014041900635e-01,1.619953960180282593e-01,9.698802605271339417e-03
4.426066577434539795e-02,4.935527801513671875e+00,2.749304845929145813e-02
1.943688094615936279e-01,2.893719434738159180e+00,3.508742665871977806e-03
1.433919668197631836e-01,4.817231655120849609e+00,9.685738012194633484e-03
3.557692766189575195e-01,3.021132469177246094e+00,3.981834743171930313e-03
1.358412653207778931e-01,3.529735326766967773e+00,3.371015936136245728e-02
3.581538796424865723e-01,4.544529438018798828e+00,2.892431430518627167e-02
3.007806092500686646e-02,6.912140846252441406e-01,5.093453451991081238e-03
3.949636816978454590e-01,4.182587146759033203e+00,1.610640250146389008e-02
8.514145761728286743e-02,4.206186294555664062e+00,3.072743536904454231e-03
7.576409578323364258e-01,1.416173577308654785e+00,2.586202323436737061e-02
3.511935845017433167e-02,3.894818305969238281e+00,8.295101113617420197e-03
3.333420455455780029e-01,2.186620473861694336e+00,4.078564234077930450e-03
8.112890124320983887e-01,4.136754035949707031e+00,2.937460877001285553e-02
6.436178088188171387e-02,2.394055366516113281e+00,2.717662975192070007e-02
1.694927178323268890e-02,2.881426334381103516e+00,3.404277143999934196e-03
3.860688582062721252e-02,3.451475143432617188e+00,2.050435729324817657e-02
4.391498565673828125e-01,3.926452249288558960e-02,1.427167002111673355e-02
3.814908862113952637e-02,3.113688707351684570e+00,9.979922324419021606e-03
3.367855548858642578e-01,1.720903754234313965e+00,2.455325797200202942e-03
6.967091560363769531e-02,3.553202629089355469e+00,4.813727363944053650e-02
3.629038631916046143e-01,2.775754928588867188e+00,1.750093302689492702e-03
7.772921323776245117e-01,2.655859231948852539e+00,1.227129995822906494e-02
2.099981606006622314e-01,3.308533430099487305e+00,9.253556281328201294e-02
7.423617243766784668e-01,1.979939818382263184e+00,1.362027972936630249e-01
1.206902563571929932e-01,4.493460178375244141e+00,1.102667860686779022e-02
2.666267007589340210e-02,2.324240207672119141e+00,3.008645027875900269e-02
1.786735951900482178e-01,1.935794711112976074e+00,6.968813249841332436e-04
1.736816391348838806e-02,8.075087666511535645e-01,2.699459530413150787e-02
4.260432422161102295e-01,4.167711734771728516e+00,1.374421920627355576e-02
2.030007988214492798e-01,4.892504692077636719e+00,1.397005748003721237e-02
7.352305650711059570e-01,6.226088479161262512e-02,5.174597352743148804e-02
4.038395360112190247e-02,2.527559757232666016e+00,3.740928694605827332e-02
1.870733201503753662e-01,3.441206216812133789e+00,2.228406444191932678e-02
5.610334873199462891e-02,2.971021175384521484e+00,5.583811551332473755e-03
3.764040470123291016e-01,4.951164245605468750e+00,1.015339978039264679e-02
4.141636490821838379e-01,4.143513202667236328e+00,1.027743704617023468e-02
2.967199981212615967e-01,6.178402900695800781e-01,2.468349412083625793e-02
1.581849455833435059e-01,4.856334209442138672e+00,1.523317396640777588e-02
3.177238702774047852e-01,7.885871082544326782e-02,4.928373172879219055e-02
2.889229953289031982e-01,4.919497966766357422e+00,2.315483242273330688e-02
3.110089339315891266e-02,1.826537549495697021e-01,7.643202785402536392e-03
4.756149351596832275e-01,6.568217873573303223e-01,2.478754892945289612e-02
3.412836194038391113e-01,3.226503610610961914e+00,2.678346121683716774e-03
2.430441379547119141e-01,3.937424898147583008e+00,1.053826790302991867e-02
4.280715063214302063e-02,2.451524019241333008e+00,7.536534219980239868e-03
1.497710049152374268e-01,2.882781028747558594e+00,7.951583713293075562e-02
2.594747953116893768e-02,3.810206949710845947e-01,7.829376310110092163e-02
1.456796377897262573e-01,3.996807813644409180e+00,1.106074918061494827e-02
2.761146239936351776e-02,4.580233573913574219e+00,2.389556914567947388e-02
1.351000666618347168e-01,3.195093631744384766e+00,2.021263167262077332e-02
6.314735412597656250e-01,1.819081306457519531e+00,4.821761045604944229e-03
8.594528585672378540e-02,8.816791176795959473e-01,1.770248636603355408e-02
1.384088397026062012e-01,3.360601186752319336e+00,2.871369384229183197e-02
3.193905651569366455e-01,2.860779523849487305e+00,2.763189142569899559e-03
5.159482359886169434e-02,2.942110776901245117e+00,1.895392197184264660e-03
4.632625877857208252e-01,2.978296756744384766e+00,2.700089849531650543e-02
3.291326463222503662e-01,2.301647663116455078e+00,1.809744723141193390e-02
2.796466052532196045e-01,4.321165084838867188e+00,6.366765592247247696e-03
1.536475121974945068e-01,2.201843261718750000e+00,2.248203009366989136e-02
3.341315090656280518e-01,3.920811891555786133e+00,2.309857681393623352e-02
1.659536361694335938e-01,3.083145856857299805e+00,7.984573021531105042e-03
3.201099634170532227e-01,6.330459713935852051e-01,2.272605709731578827e-02
1.504482924938201904e-01,2.869035005569458008e+00,3.008578345179557800e-02
2.874332964420318604e-01,3.231880366802215576e-01,6.356160156428813934e-03
3.647654354572296143e-01,4.935697317123413086e-01,7.940358482301235199e-03
3.398373425006866455e-01,2.461463928222656250e+00,3.184084594249725342e-02
1.391497626900672913e-02,4.126820564270019531e+00,4.181549325585365295e-02
1.135722771286964417e-01,4.519242286682128906e+00,2.679007127881050110e-02
2.372105121612548828e-01,2.317677497863769531e+00,1.855860278010368347e-02
3.565645813941955566e-01,3.448524236679077148e+00,1.087410468608140945e-02
3.761416971683502197e-01,5.553447008132934570e-01,7.648341357707977295e-02
4.121826887130737305e-01,1.041144490242004395e+00,1.620917581021785736e-02
9.371143579483032227e-02,2.766847133636474609e+00,1.029069647192955017e-01
4.102396965026855469e-01,3.036169290542602539e+00,2.623351849615573883e-02
1.354041788727045059e-02,4.241000652313232422e+00,1.175875775516033173e-02
9.722860455513000488e-01,8.588422536849975586e-01,5.997165571898221970e-03
1.424456685781478882e-01,4.472318172454833984e+00,7.076147943735122681e-03
3.392904102802276611e-01,2.885885715484619141e+00,1.651478558778762817e-02
4.331686794757843018e-01,2.539409160614013672e+00,4.552630241960287094e-03
3.892087042331695557e-01,2.940304517745971680e+00,8.767373859882354736e-03
2.145997881889343262e-01,4.558595657348632812e+00,3.719456866383552551e-02
3.569379150867462158e-01,4.462705612182617188e+00,2.010032720863819122e-02
3.789486587047576904e-01,3.227160453796386719e+00,8.784383535385131836e-03
3.751026391983032227e-01,1.067567467689514160e+00,3.770439326763153076e-02
7.185681164264678955e-02,2.082854747772216797e+00,1.002572569996118546e-02
3.558512330055236816e-01,4.215229511260986328e+00,2.147021517157554626e-02
1.558374613523483276e-01,2.929695367813110352e+00,2.520392648875713348e-02
5.180773735046386719e-01,1.142795562744140625e+00,2.189632691442966461e-02
2.096431329846382141e-02,7.466898858547210693e-02,1.110332459211349487e-02
1.728973165154457092e-02,3.084056138992309570e+00,1.017667576670646667e-01
8.982590585947036743e-02,2.826880931854248047e+00,1.107120141386985779e-02
2.752903401851654053e-01,4.788717627525329590e-01,5.626950412988662720e-03
4.418254643678665161e-02,1.016940101981163025e-01,4.826971516013145447e-02
4.007262289524078369e-01,2.498751640319824219e+00,2.900029532611370087e-02
8.513551205396652222e-02,8.906486630439758301e-02,4.494377411901950836e-03
4.200558066368103027e-01,2.918639421463012695e+00,3.300861641764640808e-02
7.595367431640625000e-01,2.118268489837646484e+00,7.444979622960090637e-03
3.837677836418151855e-01,1.864475965499877930e+00,8.853087201714515686e-03
8.828244209289550781e-01,2.762967824935913086e+00,2.776679024100303650e-02
1.345334108918905258e-02,4.119534492492675781e+00,7.472389843314886093e-03
1.777730323374271393e-02,3.461225986480712891e+00,4.288417752832174301e-03
8.779752999544143677e-03,3.528543710708618164e+00,5.284657701849937439e-03
8.740282654762268066e-01,4.021201133728027344e+00,1.678483933210372925e-02
9.940014779567718506e-02,2.905482530593872070e+00,1.106792762875556946e-01
1.942179650068283081e-01,4.819966316223144531e+00,1.960781775414943695e-02
3.187317773699760437e-02,5.607797503471374512e-01,5.490566138178110123e-03
1.611190587282180786e-01,3.376283168792724609e+00,9.192152880132198334e-03
3.589928746223449707e-01,3.553111553192138672e+00,2.358944714069366455e-02
1.748340874910354614e-01,3.490143299102783203e+00,1.194114983081817627e-02
1.705991327762603760e-01,2.666581153869628906e+00,1.726689748466014862e-02
5.480110049247741699e-01,2.525383472442626953e+00,2.073588222265243530e-02
3.374633789062500000e-01,2.413290023803710938e+00,8.432971313595771790e-03
2.055427581071853638e-01,2.250674217939376831e-01,6.145026069134473801e-03
8.320117592811584473e-01,1.971853494644165039e+00,5.044576246291399002e-03
3.120346069335937500e-01,2.591412365436553955e-01,8.314093202352523804e-02
3.290780261158943176e-02,7.136985063552856445e-01,1.125507894903421402e-02
1.068666502833366394e-01,3.049168586730957031e-01,2.766212075948715210e-02
7.218622565269470215e-01,4.613120079040527344e+00,3.870811313390731812e-02
7.853549718856811523e-01,1.807242445647716522e-02,2.700069220736622810e-03
2.197732329368591309e-01,4.958281993865966797e+00,9.968138299882411957e-03
3.219037652015686035e-01,1.230025291442871094e+00,7.571578025817871094e-03
1.335509717464447021e-01,2.080431222915649414e+00,1.338706910610198975e-02
7.378408312797546387e-01,1.333829045295715332e+00,1.987361907958984375e-02
9.259651601314544678e-02,1.905553817749023438e+00,1.026019677519798279e-01
3.100792169570922852e-01,3.515414476394653320e+00,4.850451834499835968e-03
3.763296306133270264e-01,3.611475944519042969e+00,6.055156886577606201e-02
5.836978554725646973e-01,1.069636821746826172e+00,8.798831142485141754e-03
2.055539935827255249e-01,1.919582247734069824e+00,2.296577952802181244e-02
3.661302328109741211e-01,2.351484298706054688e+00,3.776822984218597412e-02
2.007496505975723267e-01,3.488074541091918945e+00,9.801219217479228973e-03
1.988357752561569214e-01,4.629326343536376953e+00,2.278036437928676605e-02
8.633606135845184326e-02,3.670078516006469727e+00,1.326979417353868484e-02
3.528805971145629883e-01,2.798156976699829102e+00,1.016528625041246414e-02
4.283697009086608887e-01,4.463298320770263672e+00,8.562386967241764069e-03
1.391546055674552917e-02,2.350670576095581055e+00,5.011089891195297241e-02
1.437384542077779770e-02,3.212898731231689453e+00,6.684670690447092056e-03
1.978150568902492523e-02,2.735663175582885742e+00,4.656532313674688339e-03
3.760205209255218506e-01,8.539623618125915527e-01,1.507890876382589340e-02
1.096204817295074463e-01,9.947502613067626953e-01,3.219461441040039062e-02
4.553772509098052979e-01,4.173921585083007812e+00,4.332883283495903015e-02
2.338252067565917969e-01,3.589404344558715820e+00,2.994033135473728180e-02
4.236865639686584473e-01,2.902000188827514648e+00,2.384115941822528839e-02
1.522916257381439209e-01,3.376352071762084961e+00,5.427973717451095581e-02
3.442296981811523438e-01,4.997909545898437500e+00,2.522293291985988617e-02
3.413612842559814453e-01,4.795846939086914062e+00,1.708850078284740448e-02
9.093955159187316895e-02,1.475348114967346191e+00,6.777260452508926392e-02
2.029667347669601440e-01,3.714976549148559570e+00,2.900377847254276276e-02
7.406597584486007690e-02,3.296641588211059570e+00,8.969439193606376648e-03
3.377678245306015015e-02,1.808820515871047974e-01,3.743649285752326250e-04
4.478327184915542603e-02,3.354902744293212891e+00,1.992142014205455780e-02
2.192498594522476196e-01,4.671557426452636719e+00,3.837027773261070251e-02
2.603943943977355957e-01,3.490727901458740234e+00,4.925750195980072021e-02
9.059373289346694946e-02,2.635446786880493164e+00,3.258568234741687775e-03
2.384347468614578247e-02,1.707227349281311035e+00,1.023455429822206497e-02
3.310817107558250427e-02,3.092829465866088867e+00,2.593129128217697144e-02
1.641034521162509918e-02,3.015558481216430664e+00,7.981269061565399170e-02
2.640092000365257263e-02,4.815439224243164062e+00,1.271785330027341843e-02
5.276580527424812317e-02,3.729125738143920898e+00,2.762000635266304016e-02
3.396331071853637695e-01,3.662350654602050781e+00,1.090192515403032303e-02
1.548331230878829956e-01,4.874544143676757812e+00,8.220197632908821106e-03
3.195157647132873535e-02,8.229160308837890625e-02,6.050294730812311172e-03
5.674384534358978271e-02,3.673800230026245117e+00,1.256560236215591431e-01
2.399972379207611084e-01,3.136186361312866211e+00,3.526981920003890991e-03
2.002178877592086792e-01,4.128401279449462891e+00,1.751466281712055206e-02
3.734599947929382324e-01,1.027493253350257874e-01,5.056232213973999023e-02
4.343190789222717285e-02,6.171270012855529785e-01,1.879489235579967499e-02
2.583256363868713379e-02,5.646668672561645508e-01,2.427408471703529358e-02
4.550129547715187073e-02,3.988222122192382812e+00,1.082568895071744919e-02
3.310644924640655518e-01,2.212863683700561523e+00,2.434781054034829140e-03
4.491710364818572998e-01,2.415139436721801758e+00,4.012677818536758423e-03
1.079735830426216125e-01,1.907152175903320312e+00,7.021379191428422928e-03
8.188958168029785156e-01,4.171376228332519531e+00,2.548335492610931396e-02
3.218356966972351074e-01,2.664359807968139648e+00,6.765466649085283279e-03
3.961979746818542480e-01,3.137131929397583008e-01,1.147840730845928192e-02
3.293517231941223145e-01,4.229201376438140869e-02,6.341763306409120560e-03
3.215744197368621826e-01,4.917992591857910156e+00,1.223292574286460876e-02
1.409515589475631714e-01,4.067251682281494141e+00,7.830052636563777924e-03
1.988430321216583252e-01,3.907163619995117188e+00,2.448255429044365883e-03
2.175536006689071655e-01,1.727577447891235352e+00,5.286025628447532654e-02
2.567928135395050049e-01,4.032111644744873047e+00,2.441164664924144745e-02
4.253425002098083496e-01,9.297485351562500000e-01,6.354059558361768723e-03
3.586190566420555115e-02,2.474231958389282227e+00,2.918786136433482170e-03
2.958312928676605225e-01,3.267803430557250977e+00,2.310241945087909698e-02
1.433378458023071289e-01,4.748519897460937500e+00,1.293436717242002487e-02
5.479974150657653809e-01,4.164051532745361328e+00,9.121961891651153564e-03
3.374918550252914429e-02,4.819908618927001953e+00,1.932828687131404877e-02
3.482131361961364746e-01,1.897025704383850098e+00,2.932983078062534332e-02
9.956303052604198456e-03,3.877653181552886963e-02,2.845409139990806580e-02
1.292532831430435181e-01,1.827021002769470215e+00,1.288472209125757217e-02
2.076328247785568237e-01,2.665413618087768555e+00,2.357566542923450470e-02
2.000856399536132812e-01,2.697174549102783203e+00,3.555011749267578125e-02
5.777625441551208496e-01,2.505379915237426758e+00,1.161955576390028000e-02
2.268962562084197998e-01,4.239978313446044922e+00,4.241861402988433838e-02
2.289533615112304688e-01,4.857278347015380859e+00,1.660316437482833862e-02
5.883442983031272888e-02,9.775989651679992676e-01,2.715311385691165924e-02
4.286818802356719971e-01,3.911619901657104492e+00,1.150540728121995926e-02
1.704652011394500732e-01,2.143686771392822266e+00,5.497462302446365356e-02
3.735784292221069336e-01,3.492140531539916992e+00,1.441855728626251221e-02
1.420337706804275513e-01,4.563797473907470703e+00,6.330030970275402069e-03
3.427672684192657471e-01,6.081827878952026367e-01,8.756665885448455811e-02
2.958493828773498535e-01,2.226260900497436523e+00,7.127027958631515503e-02
3.585809767246246338e-01,9.924230575561523438e-01,1.334254629909992218e-02
1.497259885072708130e-01,2.563396453857421875e+00,1.962098479270935059e-02
1.347285509109497070e-01,6.313546299934387207e-01,2.419856563210487366e-02
4.344607591629028320e-01,3.575437307357788086e+00,4.059505183249711990e-03
1.586889475584030151e-02,6.546466946601867676e-01,1.161878695711493492e-03
2.979791164398193359e-02,2.929842710494995117e+00,1.180240884423255920e-02
8.592982590198516846e-02,2.957896947860717773e+00,1.196128502488136292e-02
3.337613642215728760e-01,3.268829584121704102e+00,1.080596446990966797e-02
3.444680944085121155e-02,2.493238210678100586e+00,4.565284587442874908e-03
9.490348398685455322e-02,3.954293727874755859e+00,7.744696922600269318e-03
3.120875358581542969e-02,1.965944886207580566e+00,2.293165773153305054e-02
6.806676387786865234e-01,4.287843227386474609e+00,1.353436522185802460e-02
6.223057508468627930e-01,8.915622830390930176e-01,3.769291937351226807e-02
2.476167976856231689e-01,5.101260915398597717e-02,2.156366594135761261e-02
3.056887984275817871e-01,6.237979605793952942e-02,1.138142123818397522e-02
2.226617187261581421e-01,2.302002906799316406e+00,6.336435209959745407e-03
1.202375441789627075e-02,6.543189287185668945e-01,3.716649254783987999e-03
3.381769955158233643e-01,2.918101787567138672e+00,8.241100236773490906e-03
3.579134345054626465e-01,2.710160732269287109e+00,1.547130849212408066e-02
8.181505203247070312e-01,1.758042097091674805e+00,1.504673436284065247e-02
3.612922728061676025e-01,3.177319765090942383e+00,2.899875678122043610e-02
2.142864912748336792e-01,2.838327407836914062e+00,7.680039852857589722e-03
2.942073941230773926e-01,4.335810661315917969e+00,3.281766921281814575e-02
1.805600821971893311e-01,4.979610919952392578e+00,1.426393445581197739e-02
2.819862663745880127e-01,4.736187934875488281e+00,1.163215935230255127e-02
1.118544116616249084e-01,1.449282884597778320e+00,4.437353927642107010e-03
3.201154172420501709e-01,3.906406641006469727e+00,6.275026500225067139e-02
2.710376381874084473e-01,4.815341949462890625e+00,2.654363587498664856e-02
1.674054265022277832e-01,9.655347466468811035e-01,1.008966565132141113e-02
1.647592782974243164e-01,4.218530654907226562e+00,2.248766645789146423e-02
1.714251562952995300e-02,1.717912435531616211e+00,1.016052160412073135e-02
1.262362748384475708e-01,3.379577159881591797e+00,1.989349722862243652e-02
6.317476630210876465e-01,4.213918685913085938e+00,2.767513319849967957e-02
9.411303699016571045e-02,2.759156465530395508e+00,7.187575846910476685e-02
5.014410614967346191e-01,2.755523025989532471e-01,2.919862046837806702e-03
1.376136299222707748e-02,8.484035730361938477e-02,5.752575583755970001e-03
4.184612631797790527e-01,6.232672929763793945e-01,6.779658142477273941e-03
4.273867905139923096e-01,3.433895587921142578e+00,2.741517312824726105e-02
8.192923665046691895e-02,2.197782039642333984e+00,2.514014020562171936e-02
3.765145316720008850e-02,8.618130534887313843e-02,1.096975803375244141e-02
4.416983425617218018e-01,2.668072462081909180e+00,1.654414273798465729e-02
1.699744537472724915e-02,1.114921927452087402e+00,5.768662784248590469e-03
1.183149218559265137e-01,4.484937191009521484e+00,9.089889936149120331e-04
2.105894088745117188e-01,3.135337591171264648e+00,1.903415471315383911e-02
7.939181476831436157e-02,1.971248865127563477e+00,3.736661002039909363e-02
2.992666140198707581e-02,1.928003191947937012e+00,1.091314479708671570e-02
2.755187824368476868e-02,7.047943770885467529e-02,3.369335550814867020e-03
1.734818667173385620e-01,4.482495784759521484e+00,4.027022980153560638e-03
6.120686233043670654e-02,6.491383314132690430e-01,3.286362439393997192e-02
3.731989860534667969e-01,3.943144083023071289e+00,6.311535369604825974e-03
8.837059140205383301e-02,1.993034362792968750e+00,8.807592093944549561e-03
1.461108177900314331e-01,4.936096668243408203e+00,1.582528278231620789e-02
5.193858742713928223e-01,2.398892402648925781e+00,1.521744532510638237e-03
7.484418153762817383e-02,9.676198363304138184e-01,7.237278041429817677e-04
3.985186517238616943e-01,5.801055431365966797e-01,9.625641629099845886e-03
4.372158944606781006e-01,4.098762989044189453e+00,4.198707174509763718e-03
1.923697628080844879e-02,3.676323890686035156e+00,8.655581623315811157e-03
2.412808500230312347e-02,3.398483991622924805e+00,1.619872450828552246e-02
3.687155991792678833e-02,3.604785203933715820e+00,1.226545963436365128e-02
5.731329917907714844e-01,2.943155728280544281e-02,9.722677990794181824e-03
3.517317026853561401e-02,2.246819019317626953e+00,1.092149596661329269e-02
3.683756664395332336e-02,5.459868535399436951e-02,7.245219312608242035e-03
6.466319784522056580e-03,3.986777305603027344e+00,1.433115266263484955e-02
3.630187511444091797e-01,3.973349094390869141e+00,2.566410787403583527e-02
4.219720959663391113e-01,7.175509631633758545e-02,1.597672887146472931e-02
1.547335237264633179e-01,3.316295862197875977e+00,3.049990534782409668e-02
4.992464929819107056e-02,2.405061960220336914e+00,2.928576804697513580e-02
3.653640151023864746e-01,1.963226199150085449e-01,5.905405618250370026e-03
1.239441484212875366e-01,2.835767030715942383e+00,3.215828910470008850e-02
3.085045814514160156e-01,6.047781705856323242e-01,4.769861116074025631e-04
2.985287010669708252e-01,2.151732444763183594e+00,7.116417400538921356e-03
3.625951409339904785e-01,2.156643867492675781e+00,2.752004936337471008e-02
1.977032124996185303e-01,3.181089878082275391e+00,7.781318575143814087e-02
2.680740058422088623e-01,7.444726675748825073e-02,8.949663490056991577e-03
3.566817566752433777e-02,2.037261724472045898e+00,1.697465963661670685e-02
1.840200126171112061e-01,4.149961471557617188e+00,5.552097782492637634e-02
2.102939635515213013e-01,1.925442576408386230e+00,2.965127117931842804e-02
1.006193011999130249e-01,6.375601887702941895e-01,1.129360683262348175e-02
6.083236336708068848e-01,2.998307466506958008e+00,1.287467963993549347e-02
1.430043429136276245e-01,5.345252752304077148e-01,1.968287490308284760e-02
2.582406103610992432e-01,2.127850800752639771e-01,1.994688250124454498e-02
6.706507802009582520e-01,2.167272195219993591e-02,5.441566184163093567e-02
6.598744541406631470e-02,4.103608608245849609e+00,3.143031150102615356e-02
2.619524002075195312e-01,2.823534250259399414e+00,2.614088915288448334e-02
9.639788866043090820e-01,1.882910132408142090e+00,1.317152846604585648e-02
3.421781659126281738e-01,3.436416387557983398e-01,4.350886866450309753e-02
1.366586834192276001e-01,2.274484634399414062e+00,2.440001629292964935e-02
4.199191927909851074e-01,3.269624948501586914e+00,4.208698123693466187e-02
2.140485793352127075e-01,1.220254302024841309e+00,9.576282650232315063e-02
9.110011160373687744e-03,3.228878736495971680e+00,2.722299657762050629e-02
1.676590740680694580e-01,4.931914806365966797e+00,1.503700017929077148e-02
1.461809426546096802e-01,6.374560594558715820e-01,4.080695658922195435e-02
9.354902505874633789e-01,2.085060812532901764e-02,4.256227612495422363e-02
3.689332306385040283e-01,2.885454416275024414e+00,1.556127518415451050e-02
4.284184873104095459e-01,2.873567581176757812e+00,2.140550687909126282e-02
3.472146391868591309e-01,2.498861312866210938e+00,2.238243259489536285e-02
2.372190654277801514e-01,3.482940673828125000e+00,2.605850435793399811e-02
2.084669768810272217e-01,2.876759529113769531e+00,1.949295215308666229e-02
1.838854141533374786e-02,2.153764963150024414e-01,4.803316667675971985e-03
1.031879149377346039e-02,6.604371666908264160e-01,4.600835964083671570e-02
9.485849179327487946e-03,3.092296600341796875e+00,3.549114800989627838e-03
2.315216511487960815e-01,3.862031698226928711e+00,2.011539041996002197e-02
3.927388489246368408e-01,2.130973815917968750e+00,8.705431595444679260e-03
3.726707398891448975e-01,3.968328237533569336e+00,9.780059568583965302e-03
6.619524955749511719e-01,3.760223150253295898e+00,4.531762376427650452e-02
3.378678560256958008e-01,2.266207695007324219e+00,1.857033558189868927e-02
3.838172256946563721e-01,1.480784416198730469e+00,2.001804765313863754e-03
3.868445158004760742e-01,7.840307354927062988e-01,2.110707014799118042e-02
9.943403303623199463e-03,3.994483709335327148e+00,3.048433177173137665e-02
1.314370781183242798e-01,2.096319437026977539e+00,4.176779184490442276e-03
4.617351889610290527e-01,5.335129499435424805e-01,1.334100961685180664e-02
3.339459300041198730e-01,4.193426609039306641e+00,2.016401104629039764e-02
5.019297078251838684e-02,2.368216037750244141e+00,1.825063675642013550e-02
4.133558869361877441e-01,3.310220241546630859e+00,8.593742735683917999e-03
1.783332787454128265e-02,2.678433418273925781e+00,5.327899008989334106e-03
8.118311166763305664e-01,9.399480372667312622e-02,2.099087275564670563e-02
1.303338408470153809e-01,2.898703336715698242e+00,4.030404612421989441e-03
3.634497895836830139e-02,4.982347786426544189e-02,6.749532651156187057e-03
7.739844173192977905e-02,3.151711225509643555e+00,7.275938987731933594e-02
8.796348571777343750e-01,9.428654909133911133e-01,4.791035875678062439e-02
2.879605591297149658e-01,4.669250011444091797e+00,1.927935890853404999e-02
3.798621594905853271e-01,9.250992536544799805e-01,1.910470239818096161e-02
1.445414423942565918e-01,4.840551376342773438e+00,1.936030760407447815e-02
1.504890322685241699e-01,2.666260719299316406e+00,2.502660639584064484e-02
5.639964342117309570e-01,6.507309675216674805e-01,1.853083446621894836e-02
9.647940993309020996e-01,2.283164501190185547e+00,1.438986696302890778e-02
4.115288555622100830e-01,2.713068723678588867e+00,2.846172451972961426e-02
1.389723271131515503e-01,3.397361516952514648e+00,2.239826321601867676e-02
8.737593889236450195e-01,7.077381014823913574e-02,2.485056594014167786e-02
1.717936694622039795e-01,2.737276554107666016e+00,5.972250550985336304e-02
3.334325253963470459e-01,6.309098005294799805e-01,2.673325361683964729e-03
3.258143365383148193e-01,3.610308647155761719e+00,4.113879799842834473e-02
3.822543025016784668e-01,2.157170057296752930e+00,8.549630641937255859e-03
7.296080701053142548e-03,2.267035007476806641e+00,6.347706541419029236e-03
1.195030193775892258e-02,4.645136356353759766e+00,1.007275842130184174e-02
5.052623152732849121e-01,2.974681138992309570e+00,3.674099594354629517e-02
4.682167246937751770e-02,7.278594374656677246e-01,1.877957396209239960e-02
1.172163560986518860e-01,4.082864284515380859e+00,1.119067799299955368e-02
5.747947376221418381e-03,3.663200139999389648e+00,6.952008698135614395e-03
9.373787045478820801e-01,2.692202568054199219e+00,1.343179587274789810e-02
1.220883801579475403e-03,1.277736306190490723e+00,5.198482424020767212e-03
2.987279295921325684e-01,2.909981608390808105e-01,1.131850667297840118e-02
1.739614084362983704e-02,1.871512651443481445e+00,4.419950023293495178e-02
9.058179706335067749e-02,2.264284372329711914e+00,4.600175190716981888e-03
7.498177886009216309e-02,3.112924098968505859e+00,6.452633067965507507e-03
3.315636515617370605e-01,3.627661943435668945e+00,1.774331927299499512e-02
3.886377215385437012e-01,7.213454246520996094e-01,8.976868353784084320e-03
1.478795856237411499e-01,2.636610269546508789e+00,3.904113313183188438e-03
3.736913502216339111e-01,4.078893661499023438e+00,1.729302667081356049e-02
2.450434416532516479e-01,1.846820354461669922e+00,9.667959995567798615e-03
1.901379078626632690e-01,2.387998580932617188e+00,7.965002208948135376e-03
5.671894550323486328e-02,4.137681484222412109e+00,1.435651350766420364e-02
1.125178020447492599e-02,3.608619689941406250e+00,4.034657031297683716e-03
2.363784983754158020e-02,1.296055614948272705e-01,1.855429820716381073e-02
2.030963897705078125e-01,2.000873327255249023e+00,5.024390295147895813e-02
1.556009799242019653e-01,4.579515933990478516e+00,1.432710513472557068e-02
4.650622010231018066e-01,3.476519346237182617e+00,1.364897564053535461e-02
3.149626255035400391e-01,9.067465066909790039e-01,1.089997822418808937e-03
4.503962695598602295e-01,2.641487836837768555e+00,1.031084079295396805e-02
1.702974438667297363e-01,1.910753488540649414e+00,3.157181665301322937e-02
5.077464133501052856e-02,3.787767410278320312e+00,6.726477760821580887e-03
5.556568503379821777e-01,5.952467918395996094e-01,5.333124659955501556e-03
3.335027098655700684e-01,4.764030933380126953e+00,9.694755077362060547e-03
3.379712998867034912e-01,4.302947044372558594e+00,7.151523232460021973e-02
2.303716987371444702e-01,3.188410520553588867e+00,2.371742948889732361e-02
9.408134818077087402e-01,1.034759044647216797e+00,3.838508576154708862e-02
3.677006363868713379e-01,3.170884370803833008e+00,8.162989467382431030e-02
3.204384744167327881e-01,2.238825708627700806e-02,1.455022860318422318e-02
4.031295422464609146e-03,1.634906172752380371e+00,3.505976125597953796e-02
5.700017809867858887e-01,3.862766742706298828e+00,1.203685440123081207e-02
2.271541655063629150e-01,1.434810757637023926e+00,3.027514368295669556e-02
2.861790359020233154e-02,1.785686135292053223e+00,5.025004968047142029e-03
3.323861584067344666e-02,3.490619659423828125e+00,2.003628574311733246e-02
3.222130835056304932e-01,3.345077514648437500e+00,8.396185003221035004e-04
1.250782310962677002e-01,1.313845515251159668e+00,2.105624787509441376e-02
5.856576189398765564e-02,2.640450000762939453e+00,7.025410979986190796e-02
1.877789944410324097e-02,4.863393306732177734e-01,2.443045005202293396e-02
3.841232359409332275e-01,2.609623193740844727e+00,8.541945368051528931e-03
4.554044455289840698e-02,1.237010210752487183e-01,3.643969073891639709e-02
2.656867727637290955e-02,5.504842996597290039e-01,2.485184744000434875e-02
5.407601222395896912e-02,4.837408542633056641e+00,3.247506916522979736e-02
9.423515200614929199e-02,3.115202665328979492e+00,1.030453946441411972e-02
5.825622007250785828e-02,2.265933275222778320e+00,6.968556903302669525e-03
3.522433638572692871e-01,4.033430099487304688e+00,2.100583333231043071e-05
4.592644795775413513e-02,8.419758081436157227e-01,3.792936215177178383e-03
3.500765934586524963e-02,2.995071887969970703e+00,4.825090989470481873e-02
1.586748808622360229e-01,3.470562219619750977e+00,3.276197984814643860e-02
1.804766594432294369e-03,6.363162398338317871e-01,2.758419327437877655e-02
3.279010355472564697e-01,4.508460521697998047e+00,2.458199858665466309e-02
4.575153440237045288e-02,7.573677897453308105e-01,8.049178868532180786e-03
2.711694538593292236e-01,3.318642854690551758e+00,1.760816574096679688e-02
1.381894201040267944e-02,2.057493925094604492e+00,1.079284865409135818e-02
1.976431719958782196e-02,3.121157646179199219e+00,2.950105257332324982e-02
1.378807425498962402e-01,1.608526229858398438e+00,5.830307304859161377e-02
3.760043680667877197e-01,2.631350994110107422e+00,5.471988767385482788e-02
4.321542978286743164e-01,3.608947277069091797e+00,1.667688973248004913e-02
2.890481054782867432e-01,4.335965633392333984e+00,6.624420173466205597e-03
3.998073339462280273e-01,3.656243562698364258e+00,1.641815900802612305e-02
3.992855846881866455e-01,2.914515018463134766e+00,1.025100052356719971e-02
4.005582630634307861e-01,1.922698140144348145e+00,2.244037750642746687e-04
3.296190798282623291e-01,8.404849171638488770e-01,1.039271242916584015e-02
1.611297577619552612e-01,2.338109254837036133e+00,6.432764977216720581e-02
3.969082608819007874e-03,1.647140145301818848e+00,9.887343272566795349e-03
4.058001339435577393e-01,4.308790683746337891e+00,2.175251394510269165e-02
3.277143239974975586e-01,2.539718866348266602e+00,2.866117842495441437e-02
2.531922794878482819e-02,2.306606531143188477e+00,8.064703084528446198e-03
1.002695411443710327e-02,4.437902927398681641e+00,1.170424558222293854e-02
3.349693715572357178e-01,4.744848728179931641e+00,1.037329528480768204e-02
7.559893280267715454e-02,8.036209642887115479e-02,1.676936633884906769e-02
1.009657084941864014e-01,2.067695856094360352e+00,1.053552702069282532e-01
4.466489702463150024e-02,2.274868249893188477e+00,6.911431439220905304e-03
3.369846045970916748e-01,3.004976920783519745e-02,2.400095760822296143e-02
3.515497967600822449e-02,4.530305862426757812e+00,2.309217303991317749e-02
3.200709521770477295e-01,2.343075275421142578e+00,4.996775183826684952e-03
1.483711302280426025e-01,4.015666007995605469e+00,9.676874615252017975e-03
1.592312008142471313e-02,2.997659206390380859e+00,3.072026185691356659e-02
3.100942373275756836e-01,1.905912995338439941e+00,7.391542661935091019e-03
1.337231509387493134e-02,1.725774705410003662e-01,7.813964784145355225e-02
3.648036718368530273e-02,3.111350536346435547e+00,2.473493292927742004e-02
1.553779244422912598e-01,3.105139970779418945e+00,5.836701486259698868e-03
3.164885342121124268e-01,4.431407153606414795e-01,2.172961272299289703e-02
3.343638181686401367e-01,3.321060180664062500e+00,4.153104126453399658e-02
9.011739492416381836e-02,4.417009353637695312e+00,1.432515867054462433e-02
1.348152458667755127e-01,4.557172581553459167e-02,8.285879157483577728e-03
5.826773494482040405e-02,7.490753531455993652e-01,1.965623348951339722e-02
1.474322676658630371e-01,2.051831960678100586e+00,7.108066696673631668e-03
2.256778180599212646e-01,4.082902431488037109e+00,1.941394992172718048e-02
4.337035417556762695e-01,2.114064216613769531e+00,1.163714453577995300e-01
1.314347833395004272e-01,2.986814498901367188e+00,1.031689718365669250e-01
9.721456095576286316e-03,2.964493989944458008e+00,7.351682987064123154e-03
3.586396872997283936e-01,3.607576847076416016e+00,1.656263880431652069e-02
2.269945740699768066e-01,3.404789924621582031e+00,9.597918391227722168e-02
3.594991266727447510e-01,4.863611698150634766e+00,3.802132606506347656e-02
3.657519221305847168e-01,3.264027357101440430e+00,6.104397587478160858e-03
7.383003234863281250e-01,7.333592325448989868e-02,1.313694566488265991e-02
3.309813737869262695e-01,3.336828947067260742e+00,3.631585836410522461e-02
3.669800162315368652e-01,6.277645826339721680e-01,2.166054956614971161e-02
2.136989086866378784e-01,3.588220357894897461e+00,5.106159485876560211e-03
3.962320387363433838e-01,1.804712295532226562e+00,6.313774734735488892e-02
4.243421833962202072e-03,1.100497126579284668e+00,3.772084135562181473e-03
4.142528772354125977e-02,2.993730306625366211e+00,3.351265564560890198e-02
2.966155111789703369e-01,1.884369850158691406e+00,6.354986876249313354e-02
4.365199506282806396e-01,1.890911102294921875e+00,1.716791419312357903e-03
3.056153059005737305e-01,1.235492154955863953e-01,4.343068599700927734e-02
2.700547873973846436e-01,4.871514797210693359e+00,2.253900282084941864e-02
5.049563199281692505e-02,1.994105339050292969e+00,8.080021478235721588e-03
1.759454905986785889e-01,1.538847208023071289e+00,1.042739767581224442e-02
1.347491983324289322e-02,4.683753550052642822e-01,4.437456838786602020e-03
2.040304802358150482e-02,1.982329249382019043e+00,6.883816327899694443e-03
3.163997828960418701e-01,4.444017887115478516e+00,3.146852925419807434e-02
3.648629486560821533e-01,4.145345464348793030e-02,3.427537158131599426e-03
3.717792332172393799e-01,3.479843139648437500e+00,1.008654013276100159e-02
3.890600800514221191e-01,3.381563186645507812e+00,1.631840690970420837e-02
3.816897422075271606e-02,1.129035577178001404e-01,5.444496870040893555e-02
3.164109885692596436e-01,2.095088243484497070e+00,6.877002306282520294e-03
9.063214808702468872e-02,4.772374629974365234e+00,2.525229007005691528e-02
4.117346182465553284e-02,4.096475124359130859e+00,1.110593788325786591e-02
1.463979184627532959e-01,3.194273471832275391e+00,4.717961419373750687e-03
2.427796423435211182e-01,3.125030040740966797e+00,4.184259450994431973e-04
9.652361273765563965e-02,3.169000148773193359e+00,3.723396733403205872e-02
2.254228889942169189e-01,3.329763174057006836e+00,4.733726009726524353e-02
3.543372452259063721e-01,4.228305339813232422e+00,7.865864783525466919e-03
4.518388211727142334e-01,8.757913857698440552e-02,6.872099637985229492e-02
3.600729703903198242e-01,2.299739599227905273e+00,1.174369547516107559e-02
2.578043043613433838e-01,1.994430422782897949e+00,1.138741616159677505e-02
1.063652411103248596e-01,4.817991733551025391e+00,1.079874020069837570e-02
3.684262633323669434e-01,2.417687416076660156e+00,1.792745292186737061e-02
8.816769719123840332e-02,7.803810834884643555e-01,1.328670140355825424e-02
3.776386082172393799e-01,2.308585882186889648e+00,2.242695540189743042e-02
3.159767091274261475e-01,4.130306720733642578e+00,8.660238981246948242e-02
1.893533915281295776e-01,4.169303894042968750e+00,2.783559821546077728e-02
3.933578133583068848e-01,2.368238687515258789e+00,4.955839365720748901e-03
8.132640272378921509e-02,4.694556236267089844e+00,1.526755187660455704e-02
2.608871273696422577e-02,6.502600908279418945e-01,1.520207501016557217e-03
5.492154508829116821e-02,3.045899868011474609e+00,2.831381279975175858e-03
3.682722747325897217e-01,3.156460762023925781e+00,1.663697883486747742e-02
2.312606126070022583e-01,3.688582897186279297e+00,8.308831602334976196e-03
5.278994441032409668e-01,1.990792751312255859e+00,2.647626399993896484e-02
4.837201908230781555e-02,2.911527872085571289e+00,6.581721454858779907e-02
3.726762235164642334e-01,2.780714750289916992e+00,4.207637533545494080e-02
1.581621617078781128e-01,3.424492120742797852e+00,2.260089293122291565e-02
3.901903033256530762e-01,1.574320197105407715e+00,1.022394839674234390e-02
1.401287764310836792e-01,3.000411748886108398e+00,8.508499711751937866e-02
2.756780385971069336e-01,1.475570201873779297e+00,3.828799817711114883e-03
8.086871355772018433e-02,3.857116937637329102e+00,1.408989261835813522e-02
3.976292312145233154e-01,3.391419887542724609e+00,6.416564807295799255e-03
1.667285859584808350e-01,1.850875854492187500e+00,7.879134267568588257e-03
3.988344669342041016e-01,1.947209835052490234e+00,2.814919874072074890e-02
7.854542136192321777e-01,4.230969905853271484e+00,1.213558204472064972e-02
5.671877264976501465e-01,3.548250675201416016e+00,1.443438883870840073e-02
2.367042154073715210e-01,3.294479131698608398e+00,1.996476389467716217e-02
9.535958059132099152e-03,3.798799276351928711e+00,8.510077744722366333e-02
4.302882030606269836e-02,2.368777275085449219e+00,8.647128008306026459e-03
2.701347135007381439e-02,3.218611478805541992e-01,1.749929413199424744e-02
3.475239276885986328e-01,4.241552829742431641e+00,2.356188371777534485e-03
3.605009317398071289e-01,1.057908177375793457e+00,2.454905584454536438e-02
2.230491638183593750e-01,4.170184135437011719e+00,2.723708562552928925e-02
3.340381979942321777e-01,1.162810921669006348e+00,3.667977172881364822e-03
3.333008587360382080e-01,4.170763492584228516e+00,2.206350304186344147e-02
3.206827342510223389e-01,3.162278413772583008e+00,6.362052168697118759e-03
7.767811417579650879e-01,3.482848882675170898e+00,1.141513325273990631e-02
6.850733421742916107e-03,1.191998362541198730e+00,4.302307218313217163e-02
3.005552589893341064e-01,5.627095699310302734e-01,1.552254240959882736e-02
2.526887692511081696e-02,4.649824619293212891e+00,4.324691370129585266e-03
2.761385738849639893e-01,7.951136827468872070e-01,1.046997308731079102e-02
2.360499836504459381e-02,3.133294105529785156e+00,9.962912648916244507e-03
1.108293011784553528e-01,2.141015768051147461e+00,6.548952776938676834e-03
5.796120036393404007e-03,2.334965705871582031e+00,7.270016241818666458e-03
1.343532055616378784e-01,2.368120193481445312e+00,2.499806880950927734e-02
9.572252035140991211e-01,4.823307514190673828e+00,3.619105368852615356e-02
7.028988599777221680e-01,7.588603496551513672e-01,2.611542493104934692e-02
4.402912259101867676e-01,4.091459274291992188e+00,8.995312266051769257e-03
3.601579368114471436e-02,3.076611757278442383e+00,1.149415597319602966e-01
3.536056578159332275e-01,2.374841451644897461e+00,1.820386038161814213e-03
6.558507084846496582e-01,2.575082778930664062e+00,1.963174436241388321e-03
1.426529232412576675e-02,3.010302305221557617e+00,1.404403895139694214e-02
2.470805644989013672e-01,4.274110868573188782e-02,7.490782532840967178e-03
1.954863034188747406e-02,3.912708044052124023e+00,5.022643133997917175e-02
3.274314105510711670e-01,3.049036502838134766e+00,1.091148480772972107e-01
2.875953018665313721e-01,3.824281692504882812e+00,6.886618584394454956e-02
1.122010946273803711e-01,2.601507902145385742e+00,2.174559794366359711e-02
3.775250166654586792e-02,8.920605778694152832e-01,8.710478246212005615e-02
3.628183603286743164e-01,4.904530525207519531e+00,1.494052726775407791e-02
1.913205087184906006e-01,2.669466733932495117e+00,6.216189358383417130e-03
1.404486000537872314e-01,6.616312265396118164e-01,1.440677419304847717e-02
1.303867399692535400e-01,5.596982240676879883e-01,5.146172828972339630e-03
3.634371161460876465e-01,4.882529258728027344e+00,2.761370502412319183e-02
2.754243016242980957e-01,3.960163354873657227e+00,6.718607991933822632e-02
3.827755451202392578e-01,3.746769905090332031e+00,3.706299932673573494e-03
2.279568165540695190e-01,1.095507502555847168e+00,1.239543966948986053e-02
1.890307366847991943e-01,1.925710320472717285e+00,3.212545067071914673e-02
1.123453080654144287e-01,4.749437808990478516e+00,5.039196927100419998e-03
4.265833795070648193e-01,6.043842434883117676e-01,6.516496092081069946e-02
3.028330504894256592e-01,3.654441595077514648e+00,8.914927020668983459e-03
3.569473326206207275e-01,2.095703363418579102e+00,2.140120416879653931e-02
2.619318477809429169e-02,3.359789609909057617e+00,6.119737029075622559e-02
2.915155291557312012e-01,3.822304725646972656e+00,3.068696008995175362e-03
7.723749428987503052e-02,4.107771396636962891e+00,2.021427266299724579e-02
1.148359403014183044e-01,6.364756226539611816e-01,1.830909401178359985e-02
2.251821607351303101e-01,2.556214809417724609e+00,2.131292782723903656e-02
1.483344733715057373e-01,4.858149528503417969e+00,5.942944809794425964e-02
1.253505647182464600e-01,2.638604402542114258e+00,1.120891701430082321e-02
2.743175327777862549e-01,9.480749070644378662e-02,7.613179739564657211e-03
5.883470922708511353e-02,3.155572652816772461e+00,2.262189798057079315e-02
1.272300928831100464e-01,3.470504283905029297e+00,1.399244647473096848e-02
5.497189760208129883e-01,3.556984961032867432e-01,3.494648262858390808e-02
4.686970636248588562e-02,4.030928611755371094e+00,1.095203123986721039e-02
1.678054593503475189e-02,3.047607660293579102e+00,2.013788186013698578e-02
4.103053361177444458e-03,9.182005524635314941e-01,1.455724705010652542e-02
2.185016721487045288e-01,2.956431150436401367e+00,1.630595698952674866e-02
6.168106198310852051e-01,4.068450450897216797e+00,3.266207128763198853e-02
2.303384095430374146e-01,3.328072547912597656e+00,9.026615880429744720e-03
4.669601023197174072e-01,3.604062795639038086e+00,6.504994351416826248e-03
3.205108940601348877e-01,3.345398664474487305e+00,4.163765814155340195e-03
2.883974611759185791e-01,3.595119953155517578e+00,4.124075174331665039e-02
1.908259242773056030e-01,3.309074878692626953e+00,1.960474438965320587e-02
1.228201985359191895e-01,4.466431140899658203e+00,3.316288068890571594e-02
3.480843082070350647e-02,3.399394512176513672e+00,8.451773785054683685e-03
5.236681103706359863e-01,1.121991574764251709e-01,3.764603985473513603e-03
7.031870633363723755e-02,8.131610751152038574e-01,1.293539162725210190e-02
3.597253262996673584e-01,8.975547552108764648e-01,2.039251476526260376e-02
3.123002350330352783e-01,2.562009334564208984e+00,4.537972062826156616e-02
4.819292724132537842e-01,2.415514737367630005e-01,1.043636351823806763e-02
1.300638914108276367e-01,3.574215412139892578e+00,5.729725118726491928e-03
2.601478397846221924e-01,2.950058937072753906e+00,6.100196391344070435e-03
3.719328641891479492e-01,2.001430988311767578e+00,8.543482050299644470e-03
2.450058162212371826e-01,3.763708591461181641e+00,1.329694874584674835e-02
5.421316027641296387e-01,1.966136217117309570e+00,2.364980056881904602e-02
7.656864821910858154e-02,3.897835731506347656e+00,1.115973293781280518e-01
1.867374926805496216e-01,4.180572509765625000e+00,1.410526316612958908e-02
6.944469213485717773e-01,4.713447690010070801e-01,2.201462630182504654e-03
6.120326463133096695e-03,2.518626689910888672e+00,4.038022831082344055e-02
3.118159770965576172e-01,1.712752580642700195e-01,1.758295856416225433e-02
3.563046157360076904e-01,4.180328845977783203e+00,8.064190857112407684e-03
4.608287811279296875e-01,2.573263406753540039e+00,1.372321322560310364e-02
2.418234385550022125e-02,6.779943406581878662e-02,7.912795059382915497e-03
2.572560608386993408e-01,3.081773996353149414e+00,5.066145677119493484e-03
1.275952160358428955e-01,2.107848644256591797e+00,2.443542005494236946e-03
2.813723683357238770e-01,5.792474746704101562e-01,5.766152590513229370e-02
3.117970563471317291e-02,2.461715221405029297e+00,1.210878696292638779e-02
1.447121798992156982e-01,4.006168842315673828e+00,5.701884627342224121e-02
1.626086533069610596e-01,3.579410791397094727e+00,2.733550593256950378e-02
2.074112184345722198e-02,3.174879789352416992e+00,5.974387004971504211e-02
3.955447673797607422e-01,3.773997306823730469e+00,2.150561846792697906e-02
2.486521899700164795e-01,2.533786773681640625e+00,3.690048679709434509e-02
3.187490105628967285e-01,3.261565923690795898e+00,1.934037730097770691e-02
2.944948673248291016e-01,1.857433080673217773e+00,1.073649153113365173e-02
3.536598384380340576e-01,3.984465599060058594e+00,8.446599356830120087e-03
3.164055347442626953e-01,2.301107406616210938e+00,1.655853912234306335e-02
6.016531959176063538e-02,1.455477118492126465e+00,4.734663758426904678e-03
2.422824651002883911e-01,4.523144721984863281e+00,2.874238416552543640e-02
1.342958360910415649e-01,2.480759143829345703e+00,2.475921623408794403e-02
5.251275897026062012e-01,2.042785644531250000e+00,1.010103896260261536e-02
3.284811601042747498e-02,3.529947280883789062e+00,6.875618826597929001e-03
9.683242999017238617e-03,3.159645795822143555e+00,2.216535434126853943e-02
2.438005059957504272e-02,3.687933444976806641e+00,2.904199808835983276e-02
6.576550006866455078e-02,2.878199338912963867e+00,1.026662625372409821e-02
3.922475576400756836e-01,2.238040685653686523e+00,1.060594804584980011e-02
1.741798669099807739e-01,2.746030569076538086e+00,1.493473723530769348e-02
3.410015106201171875e-01,3.688610553741455078e+00,1.137803960591554642e-02
2.386239171028137207e-02,1.384257793426513672e+00,2.310713380575180054e-02
1.714095622301101685e-01,4.980671405792236328e+00,5.108644068241119385e-02
3.627780675888061523e-01,4.489320755004882812e+00,1.819069311022758484e-02
3.202345073223114014e-01,2.458574771881103516e+00,9.264955297112464905e-03
2.680302858352661133e-01,2.871881484985351562e+00,2.082118578255176544e-02
3.742730021476745605e-01,4.085455894470214844e+00,2.750406414270401001e-02
3.627902269363403320e-01,3.215182542800903320e+00,1.526842266321182251e-02
4.524815827608108521e-02,6.530616283416748047e-01,3.782433224841952324e-03
4.181526601314544678e-01,1.050386786460876465e+00,2.330889180302619934e-02
3.630842640995979309e-02,1.805316329002380371e+00,6.762597244232892990e-03
2.028023749589920044e-01,1.204038858413696289e+00,1.488375943154096603e-02
3.499751985073089600e-01,1.217226758599281311e-01,1.702942885458469391e-02
1.772304177284240723e-01,4.232721328735351562e+00,9.643419645726680756e-03
4.546643793582916260e-01,6.464973688125610352e-01,1.485358364880084991e-02
8.185882866382598877e-02,2.252592086791992188e+00,5.436616949737071991e-03
5.836176499724388123e-02,2.120032072067260742e+00,3.822344355285167694e-03
1.338401436805725098e-01,3.536233186721801758e+00,1.002587936818599701e-02
8.758437633514404297e-01,4.747825145721435547e+00,3.848345577716827393e-02
3.028294444084167480e-01,3.150145769119262695e+00,1.232816930860280991e-02
4.934709519147872925e-02,3.265430450439453125e+00,2.156197465956211090e-02
3.829427957534790039e-01,3.362237691879272461e+00,3.926645964384078979e-02
3.795264661312103271e-01,3.773451328277587891e+00,3.693081671372056007e-03
3.222261071205139160e-01,8.572673052549362183e-02,7.185915857553482056e-02
4.088732302188873291e-01,4.313958168029785156e+00,1.720014028251171112e-02
1.110058426856994629e-01,2.635035514831542969e+00,1.635058224201202393e-02
3.506251573562622070e-01,3.724475860595703125e+00,1.326344162225723267e-02
4.193616509437561035e-01,1.967911005020141602e+00,3.307393984869122505e-03
4.442325234413146973e-01,2.126162052154541016e+00,1.111428905278444290e-02
3.416772931814193726e-02,2.114038765430450439e-01,9.202706627547740936e-03
6.332200020551681519e-02,5.297904610633850098e-01,2.302597975358366966e-03
1.454995423555374146e-01,2.907819747924804688e+00,2.104533463716506958e-02
1.279838532209396362e-01,2.646974563598632812e+00,7.055295631289482117e-03
5.922309681773185730e-02,3.390582084655761719e+00,8.265795186161994934e-03
2.098108977079391479e-01,6.118927597999572754e-01,4.025024827569723129e-03
4.002426862716674805e-01,3.760207653045654297e+00,8.509104140102863312e-03
5.367851257324218750e-01,3.073940277099609375e+00,6.221313029527664185e-03
1.808413714170455933e-01,3.533686161041259766e+00,2.064996398985385895e-02
1.920740902423858643e-01,2.266973495483398438e+00,8.141092024743556976e-03
2.741690538823604584e-02,1.445670843124389648e+00,8.713834104128181934e-04
1.966170668601989746e-01,3.126710891723632812e+00,1.659245602786540985e-02
9.353870153427124023e-01,6.664317846298217773e-01,5.457151308655738831e-02
1.949328482151031494e-01,3.853803873062133789e+00,3.323020413517951965e-02
1.192370206117630005e-01,8.080587387084960938e-01,4.791481886059045792e-03
2.665440551936626434e-02,2.095748901367187500e+00,3.521715104579925537e-02
1.743808537721633911e-01,3.763008594512939453e+00,3.117029927670955658e-02
5.931356549263000488e-02,3.184751987457275391e+00,1.697932183742523193e-02
2.094897478818893433e-01,3.373802900314331055e+00,9.121961891651153564e-03
1.956896483898162842e-02,1.282215118408203125e+00,1.032798886299133301e-01
1.552101075649261475e-01,3.175112724304199219e+00,2.964168973267078400e-02
8.952274918556213379e-01,4.451579570770263672e+00,2.329654432833194733e-02
1.011109165847301483e-02,9.169860929250717163e-02,2.908303774893283844e-02
3.620505034923553467e-01,2.070089340209960938e+00,1.120297424495220184e-02
2.786641120910644531e-01,1.668595671653747559e+00,6.734239310026168823e-02
1.281678909435868263e-03,1.665183663368225098e+00,3.358781570568680763e-03
4.448026418685913086e-01,5.799295902252197266e-01,1.684257993474602699e-03
1.788840591907501221e-01,4.950123786926269531e+00,2.291280403733253479e-02
2.215428203344345093e-01,4.877607822418212891e+00,2.309417165815830231e-02
2.250872552394866943e-01,4.800286769866943359e+00,3.796087205410003662e-02
1.291222870349884033e-01,9.259045869112014771e-02,1.846218109130859375e-02
2.368452548980712891e-01,4.918068408966064453e+00,1.425384078174829483e-02
3.912644386291503906e-01,1.139792680740356445e+00,8.892384357750415802e-03
3.751476109027862549e-01,3.490578174591064453e+00,1.566594466567039490e-02
4.148723781108856201e-01,3.064171791076660156e+00,7.539300713688135147e-03
4.488822817802429199e-02,2.149042606353759766e+00,6.486088968813419342e-03
3.486542701721191406e-01,3.533155679702758789e+00,2.290506847202777863e-03
2.373454160988330841e-02,2.207273006439208984e+00,9.613411873579025269e-02
2.073098868131637573e-01,3.413707017898559570e+00,2.179631777107715607e-02
2.187533229589462280e-01,1.172457784414291382e-01,5.228198133409023285e-03
1.768349409103393555e-01,8.412703275680541992e-01,1.025678962469100952e-02
1.791467070579528809e-01,4.590752601623535156e+00,2.183423191308975220e-02
1.792515665292739868e-01,4.130850315093994141e+00,2.744458243250846863e-02
6.053846478462219238e-01,3.618852376937866211e+00,6.979208439588546753e-02
2.051025927066802979e-01,2.633014917373657227e-01,5.220856517553329468e-02
9.298615157604217529e-02,4.740389347076416016e+00,2.309970557689666748e-02
2.907492220401763916e-01,6.378864645957946777e-01,9.280530735850334167e-03
3.514013886451721191e-01,3.522807121276855469e+00,1.346335560083389282e-02
3.710852265357971191e-01,1.397410273551940918e+00,4.293028730899095535e-03
4.279871284961700439e-02,6.098525524139404297e-01,6.256715394556522369e-03
1.946421526372432709e-02,2.973261177539825439e-01,1.566364057362079620e-02
5.769837647676467896e-03,1.464632987976074219e+00,6.699477322399616241e-03
1.677037961781024933e-02,2.125811100006103516e+00,5.112768616527318954e-03
3.658821284770965576e-01,1.162949323654174805e+00,1.413349341601133347e-02
2.976848185062408447e-02,2.769394874572753906e+00,1.630836538970470428e-02
2.220286875963211060e-01,2.586423873901367188e+00,6.595524027943611145e-03
4.218155443668365479e-01,4.321698188781738281e+00,2.027846686542034149e-02
2.497883699834346771e-02,1.964836955070495605e+00,8.145139552652835846e-03
3.059551119804382324e-02,2.220315694808959961e+00,2.625867538154125214e-02
3.617034107446670532e-02,2.521442413330078125e+00,1.057623233646154404e-02
8.323796093463897705e-02,3.958494186401367188e+00,4.665144532918930054e-02
2.991697750985622406e-02,1.253127336502075195e+00,3.187742829322814941e-02
3.548215702176094055e-02,4.571401596069335938e+00,1.000583171844482422e-01
3.401522040367126465e-01,6.693575382232666016e-01,1.776632294058799744e-02
5.789366960525512695e-01,6.555089354515075684e-01,1.609861478209495544e-02
9.825929068028926849e-03,2.957590103149414062e+00,6.220411136746406555e-02
3.906186223030090332e-01,3.376998186111450195e+00,1.978483051061630249e-02
4.201503992080688477e-01,4.208514690399169922e+00,4.764763265848159790e-02
3.720400333404541016e-01,1.159727931022644043e+00,6.723454687744379044e-03
7.874409854412078857e-02,1.796408891677856445e+00,9.319263510406017303e-03
5.994482338428497314e-02,3.604635238647460938e+00,1.835725456476211548e-02
5.050524473190307617e-01,4.172489643096923828e+00,1.351832970976829529e-02
7.999921590089797974e-02,3.746129989624023438e+00,3.583241626620292664e-02
4.182956218719482422e-01,1.381388753652572632e-01,1.460622716695070267e-02
8.279731497168540955e-03,4.267192840576171875e+00,5.180781334638595581e-02
3.417757749557495117e-01,1.597687005996704102e+00,2.778738737106323242e-02
3.077340126037597656e-01,3.036507844924926758e+00,5.593853536993265152e-03
1.475563086569309235e-02,4.296197891235351562e+00,6.379742920398712158e-02
1.381794661283493042e-01,6.835023760795593262e-01,2.887835726141929626e-02
3.526619449257850647e-02,8.776509761810302734e-01,4.075520858168601990e-02
2.897433638572692871e-01,3.728492736816406250e+00,3.407817333936691284e-02
2.099183499813079834e-01,7.764884829521179199e-02,3.768963739275932312e-02
3.461325764656066895e-01,3.146767139434814453e+00,1.912642642855644226e-02
3.544867038726806641e-01,3.117353916168212891e+00,3.257625550031661987e-02
2.519305646419525146e-01,1.772879838943481445e+00,5.847460124641656876e-03
3.354079425334930420e-01,4.044206142425537109e+00,1.132962927222251892e-01
1.407204754650592804e-02,2.463756561279296875e+00,9.036504663527011871e-03
2.669124305248260498e-01,2.032485485076904297e+00,9.125138632953166962e-03
3.360177576541900635e-01,2.349715232849121094e+00,1.989718526601791382e-02
2.510914504528045654e-01,2.524332761764526367e+00,8.580288290977478027e-02
1.270171403884887695e-01,6.295583844184875488e-01,7.536108791828155518e-02
3.665738105773925781e-01,1.745792627334594727e+00,4.003763198852539062e-03
2.137442827224731445e-01,6.624995917081832886e-02,3.254315815865993500e-03
4.969760775566101074e-01,3.367847502231597900e-01,4.014865309000015259e-02
2.941224575042724609e-01,3.758992910385131836e+00,2.244539931416511536e-02
4.208469763398170471e-02,2.660366296768188477e+00,3.689341479912400246e-03
4.526759311556816101e-02,3.164168596267700195e+00,2.459706179797649384e-02
3.946525454521179199e-01,3.040823936462402344e-01,9.995856322348117828e-03
6.071206182241439819e-02,2.598553657531738281e+00,6.406374275684356689e-02
4.067801833152770996e-01,4.559356689453125000e+00,3.642565011978149414e-02
4.032263904809951782e-02,2.585661649703979492e+00,5.490258801728487015e-03
7.517170161008834839e-02,2.598521947860717773e+00,4.413479007780551910e-03
2.448870092630386353e-01,6.416075676679611206e-02,1.187372673302888870e-02
1.545789539813995361e-01,3.608816623687744141e+00,1.359728071838617325e-02
3.744549751281738281e-01,7.633086293935775757e-02,3.241763636469841003e-02
7.003703713417053223e-01,1.300359368324279785e+00,6.548132747411727905e-03
7.304708659648895264e-02,3.721417665481567383e+00,2.626999653875827789e-02
2.851903438568115234e-01,3.880981445312500000e+00,9.060584008693695068e-03
1.109572872519493103e-01,5.735454559326171875e-01,1.955883763730525970e-02
2.432530373334884644e-01,3.160685539245605469e+00,2.045476250350475311e-02
3.809272050857543945e-01,2.128588914871215820e+00,2.375826239585876465e-02
6.640011072158813477e-02,5.489665269851684570e-02,1.251691486686468124e-02
4.335615634918212891e-01,2.257260560989379883e+00,4.151341691613197327e-02
3.423899114131927490e-01,3.498077630996704102e+00,7.487555034458637238e-03
3.954485431313514709e-02,3.536146879196166992e+00,2.612403221428394318e-02
1.465223077684640884e-02,4.499800682067871094e+00,2.311809733510017395e-02
5.523575544357299805e-01,7.699763178825378418e-01,3.850123286247253418e-02
1.939121261239051819e-02,2.024644851684570312e+00,2.605332992970943451e-02
5.479929596185684204e-02,1.830504179000854492e+00,2.637692168354988098e-02
2.104614526033401489e-01,4.882303237915039062e+00,1.459075417369604111e-02
4.110924154520034790e-02,1.976435065269470215e+00,3.076765313744544983e-02
3.082735538482666016e-01,3.653042078018188477e+00,8.570810407400131226e-02
3.717137277126312256e-01,3.609381437301635742e+00,2.306737564504146576e-02
4.882410913705825806e-02,7.561260461807250977e-01,7.341282442212104797e-03
3.632837533950805664e-01,3.446660757064819336e+00,1.700212061405181885e-02
4.361032843589782715e-01,1.119457408785820007e-01,6.680674850940704346e-03
5.363873839378356934e-01,3.964523315429687500e+00,9.422294795513153076e-03
2.043998837471008301e-01,2.027288913726806641e+00,4.224426671862602234e-02
3.162434995174407959e-01,6.386532187461853027e-01,1.881046779453754425e-02
3.539366126060485840e-01,4.470778465270996094e+00,3.242742270231246948e-02
1.797431856393814087e-01,3.299736022949218750e+00,2.469712123274803162e-02
3.803382813930511475e-01,3.477418422698974609e+00,2.091822400689125061e-02
3.439060151576995850e-01,4.761178970336914062e+00,2.623643912374973297e-02
3.364542424678802490e-01,2.297819703817367554e-01,2.703148499131202698e-02
1.768247969448566437e-02,6.788421273231506348e-01,3.513041138648986816e-02
4.050101339817047119e-02,2.706823825836181641e+00,1.218322943896055222e-02
2.375358492136001587e-01,1.642617344856262207e+00,6.234223954379558563e-03
3.334160149097442627e-02,2.280042409896850586e+00,7.150129415094852448e-03
2.879177629947662354e-01,4.440685749053955078e+00,8.828239515423774719e-03
1.284297853708267212e-01,2.887277126312255859e+00,1.441614981740713120e-02
4.260661602020263672e-01,8.998430520296096802e-02,3.082580398768186569e-03
3.143596053123474121e-01,2.805406570434570312e+00,7.012823130935430527e-03
3.133303523063659668e-01,6.208028644323348999e-02,4.190284386277198792e-02
3.902825415134429932e-01,1.415632367134094238e+00,5.268109031021595001e-03
1.419003456830978394e-01,2.760840654373168945e+00,7.594274822622537613e-03
3.489100933074951172e-01,2.218965291976928711e+00,6.767669692635536194e-03
1.549925804138183594e-01,9.923388957977294922e-01,2.653395349625498056e-04
9.936943650245666504e-02,4.050571918487548828e+00,8.148008957505226135e-03
1.317354738712310791e-01,2.932798385620117188e+00,2.803197689354419708e-02
3.814962506294250488e-01,2.089582681655883789e-01,7.945174351334571838e-03
5.719400048255920410e-01,7.592793107032775879e-01,1.635381020605564117e-02
3.635255396366119385e-01,1.654187798500061035e+00,6.698422133922576904e-02
3.713047504425048828e-02,2.889383316040039062e+00,2.251476980745792389e-02
4.411548376083374023e-01,6.680710911750793457e-01,3.123055025935173035e-02
3.502950668334960938e-01,3.958913564682006836e+00,1.808156445622444153e-02
1.394447498023509979e-02,1.627226710319519043e+00,1.897339010611176491e-03
5.489032268524169922e-01,3.908631801605224609e+00,4.528094083070755005e-02
3.338742256164550781e-02,2.413345336914062500e+00,8.624687790870666504e-03
3.127826154232025146e-01,3.576333761215209961e+00,3.960654884576797485e-02
6.824513524770736694e-02,2.754316091537475586e+00,9.558499604463577271e-02
1.208606436848640442e-01,1.928783774375915527e+00,6.573032587766647339e-03
2.834806032478809357e-02,5.286881923675537109e-01,2.024357765913009644e-02
1.647264212369918823e-01,4.354407310485839844e+00,4.764143377542495728e-02
3.675853312015533447e-01,4.503087997436523438e+00,2.970921620726585388e-02
8.447047472000122070e-01,2.532943964004516602e+00,5.688236281275749207e-02
4.598616957664489746e-01,1.790314078330993652e+00,1.708455570042133331e-02
2.054472416639328003e-01,3.811029195785522461e+00,2.206698618829250336e-02
1.034747064113616943e-01,3.577565431594848633e+00,1.358539424836635590e-02
3.851316273212432861e-01,3.581402778625488281e+00,4.366677254438400269e-02
3.496685251593589783e-02,4.014256954193115234e+00,6.058691814541816711e-02
2.313412912189960480e-02,4.208229064941406250e+00,8.498550392687320709e-03
3.568699061870574951e-01,8.246605396270751953e-01,1.494985166937112808e-02
4.600673317909240723e-01,1.560112237930297852e+00,2.239493280649185181e-02
4.920849110931158066e-03,2.129928588867187500e+00,1.828363165259361267e-02
2.386327385902404785e-01,7.435997128486633301e-01,5.135208833962678909e-03
3.429416120052337646e-01,3.888442277908325195e+00,5.411322787404060364e-02
1.415874809026718140e-01,2.628432750701904297e+00,5.102516710758209229e-02
8.397041261196136475e-02,4.127260684967041016e+00,4.513769224286079407e-02
1.758599653840065002e-03,2.687283039093017578e+00,6.457751244306564331e-02
2.509249448776245117e-01,4.007599353790283203e+00,3.809387236833572388e-02
1.596606671810150146e-01,4.884941577911376953e+00,1.473615504801273346e-02
1.200136244297027588e-01,4.928596019744873047e+00,1.041325740516185760e-02
7.936252951622009277e-01,1.397541642189025879e+00,8.249656530097126961e-04
3.790129721164703369e-01,1.903886675834655762e+00,1.318085286766290665e-02
2.494074702262878418e-01,4.125134944915771484e+00,1.397933065891265869e-02
3.351256847381591797e-01,1.884019255638122559e+00,6.406625360250473022e-02
6.531106233596801758e-01,3.751990795135498047e+00,8.475854061543941498e-03
3.085773289203643799e-01,3.452378749847412109e+00,4.181226342916488647e-02
3.757499456405639648e-01,2.350040435791015625e+00,2.917494997382164001e-02
8.375818282365798950e-02,3.080714464187622070e+00,1.247264910489320755e-02
5.106260627508163452e-02,3.282513141632080078e+00,8.491838350892066956e-03
3.960279226303100586e-01,1.898606896400451660e+00,1.395622454583644867e-02
3.850087225437164307e-01,4.339499473571777344e+00,2.177515812218189240e-02
4.465797916054725647e-02,6.480000615119934082e-01,1.573388115502893925e-03
4.097565114498138428e-01,1.763833910226821899e-01,1.616916246712207794e-02
4.006211459636688232e-01,3.708548545837402344e+00,1.034168433398008347e-02
1.315479446202516556e-02,2.974759340286254883e+00,4.248045384883880615e-03
1.861560344696044922e-01,4.446456909179687500e+00,2.568173222243785858e-02
1.377547532320022583e-01,1.947530955076217651e-01,5.784237757325172424e-03
3.458809554576873779e-01,4.776099681854248047e+00,1.847514323890209198e-02
5.037400871515274048e-02,9.852432012557983398e-01,6.439978722482919693e-03
3.641533255577087402e-01,4.683938503265380859e+00,2.899768203496932983e-02
3.843306303024291992e-01,2.730148315429687500e+00,7.888638228178024292e-02
1.397726237773895264e-01,3.204802751541137695e+00,2.287191897630691528e-02
3.526188731193542480e-01,6.991519927978515625e-01,3.739448264241218567e-03
1.872640103101730347e-01,3.585358619689941406e+00,3.907612711191177368e-02
3.977681994438171387e-01,2.765406370162963867e+00,6.857226137071847916e-03
1.749484837055206299e-01,9.076997041702270508e-01,9.413072839379310608e-03
1.626534014940261841e-01,2.888239145278930664e+00,1.171346753835678101e-02
4.404555261135101318e-01,4.839357376098632812e+00,1.601874083280563354e-02
1.986673623323440552e-01,4.024576663970947266e+00,7.861458696424961090e-03
3.555223941802978516e-01,2.253036975860595703e+00,9.753571823239326477e-03
5.403247475624084473e-02,2.788555860519409180e+00,8.460585959255695343e-03
8.574881553649902344e-01,7.590253353118896484e-01,5.016741156578063965e-02
2.172300219535827637e-01,5.967462062835693359e-01,7.365823257714509964e-03
1.706318110227584839e-01,2.029633998870849609e+00,1.058765687048435211e-02
6.269015371799468994e-02,2.470359086990356445e+00,4.266197606921195984e-02
2.493149414658546448e-02,3.346996545791625977e+00,1.899388385936617851e-03
2.474206686019897461e-01,1.971630096435546875e+00,7.556264102458953857e-02
3.681565523147583008e-01,4.136039257049560547e+00,3.131672739982604980e-02
3.531230092048645020e-01,2.863603353500366211e+00,1.067690644413232803e-02
2.219127565622329712e-01,2.531021118164062500e+00,6.270281970500946045e-02
6.441662553697824478e-03,2.763508319854736328e+00,1.263992674648761749e-02
7.012863159179687500e-01,2.179192543029785156e+00,7.846601307392120361e-03
3.306044340133666992e-01,1.951978087425231934e+00,2.501179929822683334e-03
2.454106323421001434e-02,3.202096462249755859e+00,2.728555351495742798e-03
2.798539772629737854e-02,4.120608806610107422e+00,7.369614671915769577e-03
2.335845082998275757e-01,1.371292352676391602e+00,6.744270771741867065e-02
1.778691774234175682e-03,4.965955018997192383e-01,4.419780801981687546e-03
3.738871514797210693e-01,2.671671867370605469e+00,4.826536029577255249e-02
2.129177190363407135e-02,2.682695865631103516e+00,1.040077209472656250e-01
2.070436067879199982e-02,2.418363809585571289e+00,7.343803346157073975e-02
8.261936157941818237e-02,5.588831305503845215e-01,6.038920953869819641e-03
2.289302274584770203e-02,2.069093704223632812e+00,8.199498988687992096e-03
4.569520652294158936e-01,1.431058645248413086e+00,3.274840116500854492e-02
3.574989140033721924e-01,9.523785710334777832e-01,2.845214447006583214e-03
3.361438214778900146e-02,2.023259401321411133e+00,7.836353965103626251e-03
1.256045401096343994e-01,7.974456250667572021e-02,3.490861877799034119e-02
1.325680017471313477e-01,4.914414882659912109e+00,1.449766196310520172e-02
3.846266567707061768e-01,2.863217592239379883e+00,2.315391041338443756e-02
1.454303413629531860e-01,4.562079906463623047e+00,7.459120452404022217e-02
3.762149214744567871e-01,9.509350061416625977e-01,1.032021194696426392e-01
5.408261418342590332e-01,5.409916639328002930e-01,7.391491439193487167e-03
4.247210323810577393e-01,3.509388685226440430e+00,1.054661907255649567e-02
3.975117802619934082e-01,2.688908815383911133e+00,1.257106848061084747e-02
2.094652503728866577e-01,2.494098424911499023e+00,8.521451614797115326e-03
3.512495458126068115e-01,1.142356872558593750e+00,4.915723577141761780e-02
4.042910337448120117e-01,1.802975177764892578e+00,3.635955974459648132e-03
4.741180241107940674e-01,1.898853659629821777e+00,1.209008693695068359e-02
3.646578192710876465e-01,1.901758193969726562e+00,5.135670071467757225e-04
3.251004219055175781e-02,2.849885702133178711e+00,7.938360795378684998e-03
2.768211439251899719e-02,7.937608957290649414e-01,6.812345236539840698e-03
2.963552772998809814e-01,4.306338787078857422e+00,3.040927276015281677e-02
1.178982406854629517e-01,4.794845104217529297e+00,5.767120793461799622e-02
5.720350742340087891e-01,7.845005393028259277e-02,4.174058884382247925e-02
7.217773050069808960e-02,8.818912506103515625e-02,9.083537384867668152e-03
1.051875501871109009e-01,2.274471521377563477e+00,1.798457931727170944e-03
2.118509560823440552e-01,2.207844495773315430e+00,8.547222241759300232e-03
1.210716962814331055e-01,1.017154216766357422e+00,6.285216659307479858e-02
2.948696613311767578e-01,1.566092014312744141e+00,8.270047605037689209e-03
7.985174655914306641e-01,2.282743692398071289e+00,4.268744029104709625e-03
1.091375127434730530e-01,9.078036993741989136e-02,1.572527363896369934e-02
3.652975261211395264e-01,2.130955219268798828e+00,1.011949852108955383e-01
1.840846389532089233e-01,4.730824470520019531e+00,2.458589337766170502e-02
6.014226078987121582e-01,4.356745719909667969e+00,7.212019991129636765e-03
3.428485989570617676e-01,3.535758733749389648e+00,1.401329878717660904e-02
3.702438473701477051e-01,1.887489795684814453e+00,4.928183555603027344e-02
3.398191332817077637e-01,1.347427010536193848e+00,4.173859022557735443e-03
1.180812492966651917e-01,4.928346633911132812e+00,3.040133230388164520e-02
2.320227921009063721e-01,1.804818034172058105e+00,1.218404900282621384e-02
3.846499323844909668e-01,3.582205533981323242e+00,4.326228052377700806e-03
1.522967815399169922e-01,7.903280109167098999e-02,2.162786200642585754e-02
3.288833424448966980e-02,4.123409748077392578e+00,1.439012307673692703e-02
2.454031556844711304e-01,2.637823820114135742e+00,1.093927398324012756e-02
3.848443627357482910e-01,2.362008571624755859e+00,7.426125463098287582e-03
3.158650100231170654e-01,4.190330028533935547e+00,5.425089504569768906e-03
4.920607060194015503e-02,6.358233094215393066e-01,2.364693209528923035e-02
3.470343649387359619e-01,3.335595607757568359e+00,3.761017462238669395e-03
1.779404096305370331e-02,4.848256587982177734e+00,8.831954002380371094e-02
1.641272455453872681e-01,3.849937677383422852e+00,3.423013165593147278e-02
1.976502686738967896e-01,3.873872041702270508e+00,7.631624117493629456e-03
2.094289064407348633e-01,5.162573456764221191e-01,8.992699906229972839e-03
3.433150053024291992e-01,2.637174606323242188e+00,3.151541110128164291e-03
2.996682822704315186e-01,3.254631519317626953e+00,1.815621275454759598e-03
1.521710008382797241e-01,2.972667217254638672e+00,7.686597760766744614e-03
4.119628071784973145e-01,1.908995032310485840e+00,1.707825460471212864e-03
5.830639004707336426e-01,4.139853954315185547e+00,2.403041720390319824e-02
9.562389552593231201e-02,2.970920562744140625e+00,7.971457205712795258e-03
2.451242879033088684e-03,1.186086893081665039e+00,6.096748262643814087e-02
3.123053908348083496e-01,3.985265254974365234e+00,1.329489890486001968e-02
2.232061773538589478e-01,5.068380013108253479e-02,1.465295162051916122e-02
1.027853116393089294e-01,2.490312099456787109e+00,2.178176864981651306e-02
2.870679795742034912e-01,2.009103059768676758e+00,1.382839586585760117e-02
3.121475577354431152e-01,3.137291908264160156e+00,1.271406188607215881e-02
2.116013765335083008e-01,1.137608528137207031e+00,1.387163717299699783e-02
3.685201406478881836e-01,3.115547180175781250e+00,9.579889476299285889e-03
3.996888697147369385e-01,2.083057880401611328e+00,2.047715149819850922e-02
2.247973345220088959e-02,3.035150051116943359e+00,3.197246789932250977e-02
1.697555035352706909e-01,4.908538341522216797e+00,2.306030690670013428e-02
3.638242185115814209e-01,3.270246505737304688e+00,7.837839424610137939e-03
1.963584497570991516e-02,4.465061128139495850e-01,1.341007277369499207e-02
1.268360316753387451e-01,3.148133516311645508e+00,2.046839147806167603e-02
1.350376158952713013e-01,6.799545139074325562e-02,2.032529562711715698e-02
1.999207586050033569e-02,2.260943889617919922e+00,2.931594499386847019e-04
7.763048410415649414e-01,2.192791700363159180e+00,2.214363217353820801e-02
2.028657495975494385e-02,6.578719615936279297e-01,1.277948729693889618e-02
2.158326655626296997e-01,6.013958454132080078e-01,2.611614204943180084e-02
3.621562421321868896e-01,9.828510135412216187e-02,5.846896674484014511e-03
1.051758304238319397e-01,2.963015317916870117e+00,9.274587966501712799e-03
4.146824479103088379e-01,2.139604330062866211e+00,1.924134325236082077e-03
2.356714457273483276e-01,2.341497898101806641e+00,4.809772130101919174e-03
3.319026231765747070e-01,4.466372966766357422e+00,2.160260453820228577e-02
1.465265899896621704e-01,1.286369323730468750e+00,6.126274354755878448e-03
3.262789547443389893e-02,3.647782325744628906e+00,1.066092122346162796e-02
5.668069794774055481e-02,4.280434131622314453e+00,8.810000494122505188e-03
3.476227521896362305e-01,4.601325511932373047e+00,1.013715844601392746e-02
2.728504315018653870e-02,3.578505039215087891e+00,1.238201651722192764e-02
1.062098667025566101e-01,4.281045913696289062e+00,1.299687288701534271e-02
3.375172913074493408e-01,2.455044746398925781e+00,1.455854922533035278e-01
1.592695899307727814e-02,3.240796089172363281e+00,2.494022622704505920e-02
5.812657251954078674e-02,3.214394748210906982e-01,2.312778122723102570e-02
7.573584467172622681e-02,2.582519531250000000e+00,8.569611236453056335e-03
2.750539965927600861e-02,1.362009644508361816e-01,6.278950721025466919e-03
5.757827311754226685e-02,1.376767605543136597e-01,5.627734214067459106e-02
1.963809430599212646e-01,3.931124925613403320e+00,2.169610559940338135e-02
2.079603821039199829e-01,2.802136898040771484e+00,2.652508951723575592e-02
2.010750025510787964e-01,4.155429363250732422e+00,1.472508907318115234e-02
2.031337656080722809e-02,4.034637928009033203e+00,1.238058228045701981e-02
3.056842982769012451e-01,1.446840763092041016e-01,2.427224069833755493e-02
1.475137025117874146e-01,4.533841133117675781e+00,3.681712970137596130e-02
9.706703573465347290e-02,3.047732591629028320e+00,5.276408977806568146e-03
3.325360119342803955e-01,1.787302941083908081e-01,6.311637815088033676e-03
2.913302183151245117e-01,6.597577333450317383e-01,3.064238699153065681e-03
3.535532951354980469e-01,2.287162542343139648e+00,9.073270112276077271e-02
8.000119030475616455e-02,3.040699064731597900e-01,1.271093729883432388e-02
3.248524665832519531e-02,1.553650021553039551e+00,1.116065494716167450e-02
3.485452830791473389e-01,1.894047021865844727e+00,1.729932799935340881e-02
1.156999319791793823e-01,2.237020492553710938e+00,1.976997219026088715e-02
3.089699745178222656e-01,1.973663091659545898e+00,4.626201931387186050e-03
1.765207946300506592e-01,4.153314113616943359e+00,1.046300586313009262e-02
7.487827539443969727e-02,6.421313285827636719e-01,2.829291112720966339e-02
3.106171078979969025e-02,2.814772129058837891e+00,3.726122155785560608e-02
4.331151843070983887e-01,4.069019317626953125e+00,3.094307705760002136e-02
2.130178511142730713e-01,2.207648754119873047e+00,9.659629315137863159e-02
2.144210636615753174e-01,1.829909443855285645e+00,2.993536181747913361e-02
3.558590710163116455e-01,3.724180698394775391e+00,2.848903276026248932e-02
1.401934493333101273e-02,1.209497377276420593e-01,3.057424677535891533e-03
1.920622587203979492e-01,3.070651292800903320e+00,1.235742401331663132e-02
3.655299544334411621e-01,3.583449125289916992e-01,3.071513958275318146e-03
1.371283084154129028e-01,2.072224855422973633e+00,2.753316424787044525e-02
6.076144576072692871e-01,3.853469371795654297e+00,6.780683062970638275e-03
1.734749376773834229e-01,4.156572818756103516e+00,1.102309301495552063e-02
2.793829441070556641e-01,4.236389160156250000e+00,3.440909087657928467e-03
3.661723136901855469e-01,3.964154720306396484e+00,1.670020073652267456e-02
1.622847169637680054e-01,2.235525131225585938e+00,1.144792325794696808e-02
3.005846738815307617e-01,5.875945091247558594e-01,1.764100603759288788e-02
3.154066503047943115e-01,4.041082859039306641e+00,6.377268582582473755e-03
1.794263720512390137e-01,2.417266607284545898e+00,6.794823333621025085e-03
3.219948112964630127e-01,7.244971394538879395e-01,1.320657227188348770e-02
4.100375175476074219e-01,3.768925666809082031e+00,6.500178016722202301e-03
1.860499680042266846e-01,4.709243297576904297e+00,2.079828456044197083e-02
4.614382982254028320e-02,1.693331480026245117e+00,1.863729674369096756e-03
3.670868575572967529e-01,2.353025674819946289e+00,2.539077587425708771e-02
3.785865306854248047e-01,1.336424499750137329e-01,4.796097800135612488e-02
1.776603013277053833e-01,5.819226503372192383e-01,9.807674214243888855e-04
2.360361441969871521e-02,2.057612180709838867e+00,2.852858603000640869e-02
2.358242571353912354e-01,3.126641988754272461e+00,1.592733897268772125e-02
1.217582523822784424e-01,6.029351949691772461e-01,9.277507662773132324e-03
4.141643345355987549e-01,2.013482093811035156e+00,1.949080079793930054e-02
3.796612322330474854e-01,3.213519334793090820e+00,3.799955127760767937e-03
9.933111816644668579e-02,8.556211590766906738e-01,4.737071692943572998e-03
8.129704743623733521e-02,2.805620431900024414e+00,3.146146237850189209e-02
3.027416169643402100e-01,6.784363836050033569e-02,2.127337642014026642e-02
1.029714643955230713e-01,4.412784576416015625e+00,2.449003420770168304e-02
1.007737405598163605e-02,4.593435764312744141e+00,5.702827591449022293e-03
4.264088869094848633e-01,4.286544322967529297e+00,3.050200641155242920e-03
3.707612454891204834e-01,3.314848661422729492e+00,8.059066720306873322e-03
3.834575116634368896e-01,3.228042840957641602e+00,1.566738076508045197e-02
6.568357944488525391e-01,1.679513216018676758e+00,5.182036664336919785e-03
1.977472752332687378e-01,4.538341999053955078e+00,1.909358426928520203e-02
3.341217935085296631e-01,2.311033904552459717e-01,3.537228563800454140e-03
3.029094822704792023e-02,3.851498126983642578e+00,1.252367813140153885e-02
6.588221061974763870e-03,1.150737404823303223e+00,1.795624755322933197e-02
4.295101016759872437e-02,3.370372295379638672e+00,7.099151611328125000e-03
2.243982627987861633e-02,1.705431699752807617e+00,1.900295168161392212e-02
2.707325816154479980e-01,3.033334575593471527e-02,2.662463812157511711e-03
3.718313872814178467e-01,3.975731134414672852e+00,2.210730686783790588e-02
3.716832399368286133e-01,4.801721572875976562e+00,5.630229134112596512e-03
3.289251625537872314e-01,3.539863973855972290e-02,1.268711313605308533e-02
1.154984906315803528e-01,4.027082920074462891e+00,7.061402499675750732e-02
3.573926687240600586e-01,4.384160041809082031e+00,3.136114403605461121e-02
3.545031845569610596e-01,2.430732965469360352e+00,2.361865155398845673e-02
3.437817990779876709e-01,3.439954042434692383e+00,2.210377156734466553e-02
3.920761942863464355e-01,4.864520549774169922e+00,2.644982747733592987e-02
2.958908081054687500e-01,1.776746034622192383e+00,3.218554658815264702e-03
4.106431901454925537e-01,1.436614036560058594e+00,3.436713293194770813e-02
1.048844754695892334e-01,2.529283285140991211e+00,9.003817103803157806e-03
2.883791029453277588e-01,3.712430596351623535e-01,4.415503144264221191e-02
4.522992372512817383e-01,3.171445608139038086e+00,7.071075960993766785e-03
5.213081091642379761e-02,3.940105140209197998e-01,5.233962088823318481e-02
1.656056642532348633e-01,2.834752798080444336e+00,2.679252997040748596e-02
3.571472167968750000e-01,4.027121543884277344e+00,8.997618220746517181e-03
1.712792664766311646e-01,3.341809749603271484e+00,9.595208801329135895e-03
3.910433053970336914e-01,4.125596046447753906e+00,5.460220202803611755e-02
2.741814553737640381e-01,1.508570313453674316e+00,3.958702832460403442e-02
2.332181930541992188e-01,8.222170174121856689e-02,8.429005742073059082e-02
1.635637432336807251e-01,3.146804809570312500e+00,9.157877415418624878e-03
3.791190683841705322e-01,1.939789652824401855e+00,3.181820036843419075e-03
5.956991910934448242e-01,7.889058440923690796e-02,2.297828160226345062e-02
1.759347915649414062e-01,4.104700565338134766e+00,1.676542125642299652e-02
2.236904352903366089e-01,3.406158924102783203e+00,2.434668317437171936e-02
3.542284965515136719e-01,2.380744695663452148e+00,2.897985279560089111e-03
3.062325417995452881e-01,4.412446498870849609e+00,5.497702956199645996e-02
8.063691109418869019e-02,3.006807565689086914e+00,3.788586333394050598e-02
8.359767198562622070e-01,3.364639282226562500e+00,6.728388369083404541e-02
3.880335390567779541e-01,2.275798082351684570e+00,8.355710655450820923e-03
3.877930343151092529e-01,3.528161287307739258e+00,3.345588967204093933e-02
4.199616611003875732e-02,4.345237910747528076e-01,5.458663031458854675e-02
3.292983174324035645e-01,4.426347732543945312e+00,2.068849094212055206e-02
2.062202058732509613e-02,3.708299398422241211e+00,2.364570274949073792e-02
1.020519658923149109e-01,7.363579869270324707e-01,1.041351351886987686e-02
3.605505824089050293e-01,3.277999639511108398e+00,8.797601796686649323e-03
3.991141021251678467e-01,2.552602291107177734e+00,1.018422245979309082e-01
3.613422214984893799e-01,3.374997377395629883e+00,6.953407078981399536e-02
5.186218023300170898e-01,1.990221500396728516e+00,2.791034802794456482e-02
3.526338636875152588e-01,1.665255427360534668e+00,1.626737788319587708e-02
1.379940956830978394e-01,2.208601713180541992e+00,2.934130653738975525e-02
2.545095048844814301e-02,5.523776412010192871e-01,2.620605751872062683e-03
3.177778720855712891e-01,2.023114442825317383e+00,7.358497008681297302e-03
3.700637817382812500e-01,2.234575748443603516e+00,8.470525033771991730e-03
1.958137154579162598e-01,4.627340316772460938e+00,1.208644919097423553e-02
6.564238667488098145e-02,1.788901925086975098e+00,8.543430827558040619e-03
4.870581328868865967e-01,1.862495899200439453e+00,4.709405358880758286e-03
3.638305515050888062e-02,3.472051382064819336e+00,1.305128261446952820e-02
7.855548523366451263e-03,2.575340509414672852e+00,1.202215068042278290e-02
4.221240803599357605e-02,3.576862335205078125e+00,1.975455135107040405e-02
9.292009472846984863e-02,4.334923744201660156e+00,1.352596376091241837e-02
2.050592936575412750e-02,3.045765161514282227e+00,9.280838072299957275e-03
9.228517115116119385e-02,5.811180472373962402e-01,3.013466019183397293e-03
6.096994876861572266e-01,2.796296030282974243e-02,9.434847161173820496e-03
3.939196169376373291e-01,3.195826053619384766e+00,3.787018731236457825e-02
1.154698580503463745e-01,7.101581692695617676e-01,2.347135357558727264e-02
1.158697977662086487e-01,8.112691044807434082e-01,1.071509048342704773e-01
1.260814219713211060e-01,3.992344617843627930e+00,2.400070056319236755e-02
3.693993017077445984e-02,1.791847586631774902e+00,6.155733950436115265e-03
3.677565753459930420e-01,1.867253303527832031e+00,9.822634980082511902e-03
1.166237238794565201e-02,2.708388805389404297e+00,8.336548693478107452e-03
1.694177091121673584e-01,2.632150888442993164e+00,3.488305583596229553e-02
1.551198065280914307e-01,4.847859859466552734e+00,3.949501365423202515e-02
3.897514641284942627e-01,3.868222475051879883e+00,8.776647038757801056e-03
1.348013132810592651e-01,2.120972156524658203e+00,4.182030633091926575e-02
1.201987117528915405e-01,3.821938514709472656e+00,3.309212997555732727e-02
1.000848691910505295e-02,2.999490737915039062e+00,1.845808140933513641e-02
4.167681634426116943e-01,2.999729394912719727e+00,6.008400768041610718e-02
4.023960605263710022e-02,3.436191797256469727e+00,1.992403343319892883e-02
3.551110327243804932e-01,1.215439662337303162e-01,2.130252681672573090e-02
7.219371199607849121e-02,2.087691307067871094e+00,5.484059453010559082e-03
6.759954690933227539e-01,3.707686185836791992e+00,1.459198351949453354e-02
3.456340730190277100e-01,5.580930709838867188e-01,2.135422313585877419e-03
9.911072999238967896e-02,4.309224128723144531e+00,1.487919967621564865e-02
1.829648390412330627e-02,4.276974201202392578e-01,8.679148741066455841e-03
1.396889239549636841e-01,2.215252161026000977e+00,5.233572423458099365e-02
1.979616843163967133e-02,2.141280770301818848e-01,8.998232893645763397e-03
7.791952230036258698e-03,3.198618650436401367e+00,1.774388365447521210e-02
2.851071357727050781e-01,2.810740709304809570e+00,8.101391047239303589e-02
1.783388108015060425e-02,6.505666375160217285e-01,2.288355026394128799e-03
3.881325721740722656e-01,4.348056316375732422e+00,5.803860258311033249e-03
5.979850888252258301e-02,2.268792152404785156e+00,4.353740718215703964e-03
1.792891137301921844e-02,3.384305000305175781e+00,3.470635041594505310e-02
3.669953346252441406e-01,1.860031008720397949e+00,1.128628035075962543e-03
3.581396639347076416e-01,3.314098119735717773e+00,1.928914338350296021e-02
2.308584451675415039e-01,2.012840747833251953e+00,9.110844694077968597e-03
3.577001690864562988e-01,3.408776283264160156e+00,2.529312297701835632e-02
1.707944273948669434e-01,4.119064807891845703e+00,3.842832893133163452e-02
3.235876262187957764e-01,5.729376897215843201e-02,6.874543149024248123e-03
4.751806259155273438e-01,4.095522403717041016e+00,2.159092342481017113e-03
1.785909086465835571e-01,3.157186746597290039e+00,1.113580726087093353e-02
8.791051059961318970e-02,1.901094079017639160e+00,2.422592416405677795e-02
3.389651775360107422e-01,9.416605830192565918e-01,1.607699319720268250e-02
4.268383234739303589e-02,4.529240131378173828e+00,5.584733560681343079e-03
3.502224981784820557e-01,3.206683635711669922e+00,4.761100281029939651e-03
3.385449349880218506e-01,2.134390592575073242e+00,1.510063186287879944e-02
2.890233695507049561e-01,4.168581008911132812e+00,2.251553721725940704e-02
1.306809671223163605e-02,2.374308824539184570e+00,3.962366376072168350e-03
7.865214943885803223e-01,4.099319458007812500e+00,6.772367656230926514e-02
3.264264166355133057e-01,1.013232231140136719e+00,8.463219553232192993e-02
2.135488688945770264e-01,3.601432323455810547e+00,6.170232780277729034e-03
1.794182509183883667e-01,3.343299388885498047e+00,5.095707601867616177e-04
2.987645566463470459e-01,4.573624610900878906e+00,1.200795918703079224e-02
1.530686765909194946e-02,2.831359624862670898e+00,5.977952852845191956e-03
1.064765304327011108e-01,4.018005371093750000e+00,6.292015314102172852e-03
2.059042751789093018e-01,2.927317619323730469e+00,1.467667333781719208e-02
3.666580915451049805e-01,2.404751062393188477e+00,3.966439142823219299e-02
4.660200178623199463e-01,1.390696644783020020e+00,9.321466786786913872e-04
1.611465513706207275e-01,2.936636447906494141e+00,7.424742449074983597e-03
3.428793698549270630e-02,1.997851729393005371e+00,6.101169623434543610e-03
2.318757623434066772e-01,4.605302810668945312e+00,5.929536651819944382e-03
9.824763238430023193e-02,2.918860435485839844e+00,1.398143079131841660e-02
4.157202243804931641e-01,4.396360874176025391e+00,2.285173349082469940e-02
4.993720352649688721e-01,5.134482979774475098e-01,3.318819217383861542e-03
4.698864519596099854e-01,4.913233280181884766e+00,1.480854861438274384e-02
3.773984014987945557e-01,3.046031951904296875e+00,1.689109764993190765e-02
4.406835511326789856e-02,1.766110777854919434e+00,2.534092403948307037e-02
1.463988870382308960e-01,2.895925998687744141e+00,2.334900759160518646e-02
2.745791897177696228e-02,1.896121025085449219e+00,2.420794218778610229e-02
4.581811726093292236e-01,2.204902648925781250e+00,8.817479945719242096e-03
8.985066413879394531e-02,8.001716136932373047e-01,1.391723565757274628e-02
1.075279265642166138e-01,6.539270877838134766e-01,4.859110340476036072e-03
3.667487204074859619e-01,2.319669008255004883e+00,1.332323160022497177e-02
3.305572569370269775e-01,3.590904712677001953e+00,3.180846804752945900e-03
3.783996105194091797e-01,3.249267339706420898e+00,2.693700976669788361e-02
3.456497564911842346e-02,1.969645261764526367e+00,3.286388237029314041e-03
4.218658804893493652e-01,1.823285102844238281e+00,2.555180341005325317e-03
2.525672912597656250e-01,4.462176322937011719e+00,3.447528555989265442e-02
3.546769917011260986e-01,3.556919097900390625e+00,1.281017716974020004e-02
2.852543070912361145e-02,1.258476495742797852e+00,1.439790986478328705e-02
1.586374267935752869e-02,6.044474840164184570e-01,9.717452339828014374e-03
3.853787481784820557e-01,2.470589876174926758e+00,1.591004282236099243e-01
1.035742983222007751e-01,3.191349983215332031e+00,1.161402277648448944e-02
3.579956591129302979e-01,4.030488014221191406e+00,2.011882327497005463e-02
1.631254702806472778e-02,2.144268989562988281e+00,2.487659268081188202e-02
2.172839045524597168e-01,4.360266208648681641e+00,1.792115159332752228e-02
1.608821153640747070e-01,2.916951894760131836e+00,3.219538554549217224e-02
3.279690146446228027e-01,2.910681486129760742e+00,1.477201934903860092e-02
1.479470822960138321e-02,2.742206096649169922e+00,1.587687432765960693e-02
8.362174965441226959e-03,4.119289875030517578e+00,1.092569716274738312e-02
3.119670152664184570e-01,2.701950311660766602e+00,1.585607416927814484e-02
6.947389990091323853e-02,5.588217973709106445e-01,9.387968108057975769e-03
2.023686468601226807e-01,3.578967809677124023e+00,1.624155603349208832e-02
4.657641649246215820e-01,1.180640697479248047e+00,4.820684902369976044e-03
4.302086681127548218e-02,2.568444728851318359e+00,5.652669817209243774e-03
8.989449143409729004e-01,4.582317352294921875e+00,2.770536206662654877e-02
2.175745368003845215e-02,8.559066057205200195e-01,2.497291192412376404e-02
4.915716052055358887e-01,2.149182319641113281e+00,3.033047541975975037e-02
5.344067215919494629e-01,1.617665410041809082e+00,3.853955492377281189e-02
3.318465352058410645e-01,4.861180305480957031e+00,3.095235209912061691e-03
9.791135787963867188e-02,3.075073480606079102e+00,2.550774253904819489e-02
3.346104621887207031e-01,4.094954013824462891e+00,1.806691288948059082e-02
6.165981665253639221e-02,3.502099752426147461e+00,6.242984905838966370e-03
4.073075950145721436e-01,4.680220127105712891e+00,7.419208995997905731e-03
4.987896606326103210e-02,2.447036504745483398e+00,1.968466863036155701e-02
5.009621381759643555e-01,3.770173072814941406e+00,1.496752724051475525e-02
3.757900372147560120e-02,5.969520211219787598e-01,1.311619579792022705e-02
1.240510419011116028e-01,3.773674726486206055e+00,2.766575850546360016e-02
1.884967237710952759e-01,4.202381134033203125e+00,1.289455872029066086e-02
4.455485567450523376e-02,4.099406242370605469e+00,6.188185140490531921e-02
2.131644338369369507e-01,2.582319736480712891e+00,4.370391834527254105e-03
2.225527167320251465e-01,7.450655698776245117e-01,1.591975800693035126e-02
2.542632818222045898e-02,2.512016296386718750e+00,8.681408315896987915e-02
8.221239596605300903e-02,1.828996181488037109e+00,6.771270930767059326e-02
2.504524886608123779e-01,2.416933774948120117e+00,6.002698559314012527e-03
1.867551356554031372e-01,2.675792694091796875e+00,5.330066010355949402e-02
1.594391763210296631e-01,1.421627044677734375e+00,1.174077484756708145e-02
3.042616322636604309e-02,1.581519603729248047e+00,1.041325740516185760e-02
1.322042047977447510e-01,4.848715662956237793e-02,1.988284103572368622e-02
3.746824264526367188e-01,7.930609583854675293e-01,2.216171659529209137e-02
1.809021234512329102e-01,3.115719556808471680e+00,2.336227707564830780e-02
1.868247538805007935e-01,2.170522928237915039e+00,8.516686968505382538e-03
3.785777091979980469e-01,3.452603578567504883e+00,5.802272353321313858e-03
9.026256799697875977e-01,3.072734594345092773e+00,6.882033497095108032e-02
8.555626869201660156e-02,1.967196702957153320e+00,1.280039083212614059e-02
3.672671020030975342e-01,1.097244247794151306e-01,2.386826323345303535e-03
1.397338509559631348e-02,5.047996640205383301e-01,2.249478735029697418e-02
2.907457649707794189e-01,3.256745338439941406e+00,1.586001925170421600e-02
1.136091426014900208e-01,4.515195369720458984e+00,1.874242909252643585e-02
1.430167257785797119e-01,3.020902395248413086e+00,1.837836205959320068e-02
3.289074599742889404e-01,4.785925388336181641e+00,1.877255365252494812e-02
1.881914287805557251e-01,4.523081302642822266e+00,1.527257263660430908e-02
3.730949163436889648e-01,2.030853986740112305e+00,1.931358315050601959e-02
3.812492787837982178e-01,1.617344379425048828e+00,2.071969211101531982e-02
5.814182162284851074e-01,3.336344480514526367e+00,2.178899198770523071e-02
2.356730401515960693e-02,3.282899618148803711e+00,1.350152492523193359e-02
3.045969009399414062e-01,3.509793519973754883e+00,1.479922421276569366e-02
5.464276671409606934e-01,2.070488929748535156e+00,2.014121226966381073e-02
4.516692161560058594e-01,9.103212952613830566e-01,1.065866742283105850e-02
3.284009099006652832e-01,2.200637340545654297e+00,3.000760043505579233e-04
3.504528701305389404e-01,3.065814018249511719e+00,1.748433336615562439e-02
3.248389810323715210e-02,5.005475878715515137e-01,2.817343221977353096e-03
1.573638767004013062e-01,2.268369674682617188e+00,5.349058657884597778e-03
3.053746223449707031e-01,8.809577822685241699e-01,2.219179086387157440e-02
1.662343740463256836e-01,2.207813978195190430e+00,1.637179218232631683e-02
2.075236439704895020e-01,2.621319770812988281e+00,3.683516383171081543e-02
6.741008162498474121e-02,3.016988992691040039e+00,2.349025942385196686e-02
1.272187232971191406e-01,4.557032108306884766e+00,1.828137598931789398e-02
5.390777066349983215e-02,1.796208500862121582e+00,6.562939379364252090e-03
3.044282495975494385e-01,4.501196861267089844e+00,6.594448350369930267e-03
3.326206505298614502e-01,3.863440513610839844e+00,1.317859813570976257e-02
3.106878101825714111e-01,4.065965175628662109e+00,1.175801530480384827e-01
1.336019337177276611e-01,9.247158169746398926e-01,9.704920649528503418e-02
1.697515696287155151e-01,4.883995056152343750e+00,1.558105088770389557e-02
3.698436617851257324e-01,1.028044968843460083e-01,1.463435404002666473e-02
3.714410066604614258e-01,4.001255035400390625e+00,4.899513348937034607e-02
6.343542784452438354e-02,1.770218729972839355e+00,6.131812557578086853e-02
1.304514557123184204e-01,1.922507882118225098e+00,3.107946179807186127e-02
4.058504104614257812e-01,2.306358337402343750e+00,7.748437114059925079e-03
1.829745918512344360e-01,3.569314241409301758e+00,3.504715487360954285e-02
7.423875480890274048e-02,4.157904148101806641e+00,9.284117259085178375e-03
3.386585116386413574e-01,1.869018912315368652e+00,3.524640575051307678e-02
3.698393404483795166e-01,2.491729021072387695e+00,4.427174106240272522e-02
1.888081617653369904e-02,2.678766250610351562e+00,3.467038273811340332e-03
3.286405801773071289e-01,8.305191397666931152e-01,2.936220914125442505e-02
3.501318395137786865e-01,1.832945942878723145e+00,3.262820653617382050e-03
7.964116930961608887e-01,1.336749911308288574e+00,1.512445602566003799e-02
2.533489465713500977e-01,4.101322650909423828e+00,4.682768881320953369e-02
3.233083188533782959e-01,4.789351463317871094e+00,1.881149224936962128e-02
2.569981515407562256e-01,2.097514152526855469e+00,2.578886039555072784e-02
2.465352416038513184e-02,1.923626780509948730e+00,9.649055078625679016e-03
1.923744380474090576e-01,3.668012842535972595e-02,1.034737098962068558e-02
8.390684425830841064e-02,2.942397832870483398e+00,1.353749074041843414e-03
1.697783619165420532e-01,4.593777179718017578e+00,7.242452818900346756e-03
2.299495637416839600e-01,4.861001297831535339e-02,2.691241726279258728e-02
5.663678050041198730e-01,4.029291629791259766e+00,1.173216756433248520e-02
8.824191056191921234e-03,3.575237274169921875e+00,1.006963290274143219e-02
2.826662659645080566e-01,4.579784870147705078e-01,3.357162326574325562e-02
4.654913395643234253e-02,1.607227802276611328e+00,5.203098803758621216e-02
2.429856061935424805e-01,4.040286064147949219e+00,1.252383179962635040e-02
5.726260691881179810e-02,2.931926488876342773e+00,1.488427259027957916e-02
3.861524760723114014e-01,2.484873294830322266e+00,3.812046255916357040e-03
3.703843355178833008e-01,2.583621144294738770e-01,3.451668191701173782e-03
6.327112913131713867e-01,2.529488325119018555e+00,1.488662883639335632e-02
2.416464537382125854e-01,4.716955184936523438e+00,2.445130143314599991e-03
1.119506545364856720e-02,2.818855285644531250e+00,3.626272780820727348e-03
3.395320475101470947e-01,2.540956020355224609e+00,3.332488238811492920e-02
4.021856188774108887e-01,2.412099123001098633e+00,6.435264833271503448e-03
1.310625821352005005e-01,6.732946634292602539e-01,1.235189102590084076e-02
3.393564522266387939e-01,3.431044340133666992e+00,3.343334421515464783e-02
4.411123692989349365e-02,3.482473850250244141e+00,6.259276997298002243e-03
2.630429565906524658e-01,1.868084669113159180e+00,4.414811264723539352e-03
3.032210655510425568e-02,2.186933517456054688e+00,6.013252772390842438e-03
2.301240563392639160e-01,4.684380531311035156e+00,8.392905816435813904e-03
1.407019793987274170e-01,8.031029701232910156e-01,6.022761762142181396e-02
1.992521435022354126e-01,2.569161355495452881e-02,1.991199329495429993e-03
6.066260859370231628e-02,1.142904758453369141e+00,5.403059069067239761e-03
3.412865474820137024e-02,3.052047729492187500e+00,9.586539864540100098e-02
1.055865269154310226e-02,2.439995765686035156e+00,1.733447425067424774e-02
1.583199650049209595e-01,2.494944095611572266e+00,3.467478975653648376e-02
4.165928959846496582e-01,4.713423550128936768e-01,2.444008179008960724e-02
1.492654830217361450e-01,4.300153255462646484e+00,3.730364516377449036e-02
3.313680887222290039e-01,4.125726222991943359e-02,4.322062805294990540e-02
4.500615224242210388e-02,2.888144016265869141e+00,1.962011493742465973e-02
3.801691830158233643e-01,4.842704772949218750e+00,8.057120256125926971e-03
1.258684992790222168e-01,5.727474689483642578e-01,6.625188514590263367e-03
3.746115565299987793e-01,2.449073314666748047e+00,2.398912236094474792e-02
5.792872607707977295e-02,1.115795731544494629e+00,1.439509261399507523e-02
5.245031416416168213e-02,2.636398553848266602e+00,1.603139564394950867e-02
2.073621153831481934e-01,2.325329780578613281e+00,9.829756803810596466e-03
2.742196023464202881e-01,3.563269138336181641e+00,1.092923246324062347e-02
3.281750977039337158e-01,3.987820386886596680e+00,2.479405514895915985e-02
4.133816659450531006e-01,4.036966323852539062e+00,6.618374609388411045e-04
8.463362231850624084e-03,4.934881627559661865e-01,2.246138406917452812e-03
4.120890796184539795e-02,2.643234491348266602e+00,2.865159697830677032e-02
3.635213673114776611e-01,2.303952932357788086e+00,1.240937504917383194e-02
2.262706309556961060e-01,2.207479238510131836e+00,3.997046127915382385e-02
2.864037752151489258e-01,3.217658042907714844e+00,9.691425599157810211e-03
4.212905466556549072e-01,3.875987052917480469e+00,1.087779365479946136e-02
3.503266274929046631e-01,3.952630281448364258e+00,2.719138562679290771e-02
3.827850222587585449e-01,2.195345878601074219e+00,6.862211227416992188e-02
2.411529719829559326e-01,3.963844299316406250e+00,5.305166542530059814e-02
7.429268360137939453e-01,1.961544871330261230e+00,1.581052690744400024e-02
3.985111415386199951e-02,7.190168499946594238e-01,1.016482524573802948e-02
3.636910915374755859e-01,3.364447355270385742e+00,9.629996493458747864e-03
3.029913008213043213e-01,2.360953569412231445e+00,1.237351167947053909e-02
3.841924481093883514e-03,2.079775810241699219e+00,1.783277466893196106e-02
1.272623986005783081e-01,8.355150371789932251e-02,1.322639919817447662e-02
3.151855766773223877e-01,4.791842460632324219e+00,6.536220759153366089e-02
6.809096783399581909e-03,2.692095994949340820e+00,1.885837130248546600e-02
1.090731918811798096e-01,3.075409173965454102e+00,1.240107510238885880e-02
1.233699172735214233e-01,4.991268634796142578e+00,3.164380043745040894e-02
2.243759781122207642e-01,4.951406955718994141e+00,7.865506224334239960e-03
5.878563597798347473e-02,2.290407657623291016e+00,2.294497936964035034e-02
2.002265900373458862e-01,4.855714321136474609e+00,9.728969633579254150e-02
1.191864237189292908e-01,4.953826427459716797e+00,3.144665434956550598e-02
1.891363859176635742e-01,4.966078758239746094e+00,1.981019042432308197e-02
3.796121478080749512e-01,1.894917130470275879e+00,4.558777902275323868e-03
2.314187437295913696e-01,3.952884674072265625e+00,9.671398252248764038e-02
3.921510875225067139e-01,2.412561893463134766e+00,4.709917586296796799e-03
1.793077886104583740e-01,2.622422695159912109e+00,6.988537963479757309e-03
3.244026303291320801e-01,2.993284463882446289e+00,8.606499992311000824e-03
1.018055677413940430e-01,1.328811526298522949e+00,7.463782560080289841e-03
3.484616875648498535e-01,3.649709224700927734e+00,1.286028325557708740e-02
3.555754125118255615e-01,4.583936691284179688e+00,2.829716354608535767e-02
1.917746104300022125e-02,3.152609348297119141e+00,6.932298839092254639e-02
7.934867143630981445e-01,4.761142253875732422e+00,5.554710980504751205e-03
6.287011783570051193e-04,7.025242447853088379e-01,6.273007951676845551e-03
2.870923466980457306e-02,2.962285757064819336e+00,7.684036158025264740e-03
1.841037273406982422e-01,2.371437311172485352e+00,1.727616973221302032e-02
3.509248793125152588e-01,2.729273319244384766e+00,5.308532621711492538e-03
6.683940887451171875e-01,4.339956760406494141e+00,8.880518376827239990e-02
1.523087471723556519e-01,4.492973327636718750e+00,2.536751516163349152e-02
2.805789113044738770e-01,4.345013618469238281e+00,8.751081302762031555e-03
4.682914167642593384e-02,2.793368101119995117e+00,7.511086761951446533e-02
9.507269859313964844e-01,2.840867280960083008e+00,1.346289459615945816e-02
2.703618109226226807e-01,4.144986629486083984e+00,3.393312916159629822e-03
2.774421870708465576e-01,8.872613310813903809e-01,2.365282364189624786e-02
2.487203627824783325e-01,4.197088241577148438e+00,1.996220089495182037e-02
9.732537865638732910e-01,1.290471673011779785e+00,1.182423438876867294e-03
8.147009462118148804e-02,3.484956741333007812e+00,1.246983092278242111e-02
3.794720023870468140e-02,6.872166395187377930e-01,2.981378324329853058e-02
3.886252343654632568e-01,1.922275304794311523e+00,6.251797080039978027e-03
2.936459891498088837e-02,1.692180395126342773e+00,2.957001328468322754e-02
6.437972187995910645e-01,8.064429461956024170e-02,3.271304816007614136e-02
5.016375780105590820e-01,3.296265125274658203e+00,2.357971295714378357e-02
1.044372990727424622e-01,4.517538547515869141e+00,1.249493565410375595e-02
2.372750490903854370e-01,3.562251329421997070e+00,1.448736409656703472e-03
1.316059678792953491e-01,3.243845701217651367e+00,1.152933295816183090e-02
9.905550628900527954e-02,2.899540185928344727e+00,1.035951357334852219e-02
2.710681855678558350e-01,3.921703338623046875e+00,1.137896254658699036e-02
4.127744957804679871e-02,2.413379907608032227e+00,8.739902079105377197e-02
2.805513739585876465e-01,2.237112045288085938e+00,7.180920802056789398e-03
4.140464961528778076e-01,2.518276691436767578e+00,1.267369021661579609e-03
3.601129055023193359e-01,2.159719944000244141e+00,5.408797040581703186e-02
8.300134912133216858e-03,3.214092254638671875e+00,2.072040922939777374e-02
3.710291385650634766e-01,3.358229637145996094e+00,1.695785555057227612e-03
2.235809117555618286e-01,3.896470308303833008e+00,9.377003647387027740e-03
1.704118698835372925e-01,2.339512825012207031e+00,2.040055766701698303e-02
4.092682152986526489e-02,1.970541834831237793e+00,2.583292312920093536e-02
5.534684658050537109e-01,8.499858379364013672e-01,1.587021350860595703e-02
1.377902776002883911e-01,2.485198974609375000e-01,3.791347844526171684e-03
6.810548901557922363e-02,2.647363901138305664e+00,7.502207532525062561e-03
5.424805283546447754e-01,2.157210111618041992e+00,1.694863312877714634e-03
1.266947016119956970e-02,2.517311334609985352e+00,5.503851175308227539e-02
1.702919751405715942e-01,9.598928689956665039e-01,3.311820700764656067e-02
8.500462025403976440e-02,2.137076377868652344e+00,6.506121251732110977e-03
3.448309004306793213e-01,2.831847667694091797e+00,2.486993372440338135e-02
2.565479874610900879e-01,4.094874382019042969e+00,3.008998557925224304e-02
3.162055611610412598e-01,3.975162982940673828e+00,1.429600641131401062e-02
8.151905983686447144e-02,4.086242198944091797e+00,1.199960801750421524e-02
3.202516436576843262e-01,3.950544357299804688e+00,1.064201630651950836e-02
2.891160547733306885e-01,1.567148566246032715e+00,1.019183024764060974e-01
1.656485199928283691e-01,3.117833137512207031e+00,2.488151192665100098e-02
1.955343596637248993e-02,5.413835048675537109e-01,9.614318609237670898e-03
3.452110290527343750e-01,3.727491140365600586e+00,2.572430670261383057e-02
2.404113411903381348e-01,4.283180236816406250e-01,7.758345454931259155e-02
3.615968227386474609e-01,3.534748315811157227e+00,2.486460469663143158e-02
4.246467351913452148e-01,1.902282953262329102e+00,1.378131192177534103e-02
5.550811886787414551e-01,4.447818756103515625e+00,3.147800918668508530e-03
1.772245019674301147e-01,4.434591293334960938e+00,1.308299601078033447e-02
1.756647527217864990e-01,2.236495018005371094e+00,1.531617250293493271e-02
3.477053642272949219e-01,9.100692272186279297e-01,3.336105495691299438e-02
2.397924475371837616e-02,2.313199996948242188e+00,9.295849595218896866e-04
2.019752413034439087e-01,2.333903789520263672e+00,7.907518185675144196e-03
3.345016539096832275e-01,5.886040925979614258e-01,4.799320362508296967e-03
3.748492002487182617e-01,2.769587993621826172e+00,3.080172464251518250e-02
4.110801815986633301e-01,5.475462675094604492e-01,1.351100299507379532e-02
1.258550491183996201e-02,6.336883306503295898e-01,1.853385567665100098e-02
3.766298890113830566e-01,4.598590850830078125e+00,9.014781564474105835e-03
1.191859394311904907e-01,4.090906143188476562e+00,1.264679245650768280e-02
6.038097143173217773e-01,2.308757781982421875e+00,5.456751678138971329e-03
5.874637961387634277e-01,3.523066520690917969e+00,2.302848920226097107e-02
2.756216228008270264e-01,2.400076389312744141e+00,2.920692041516304016e-02
7.821474075317382812e-01,7.554661482572555542e-02,1.905100978910923004e-02
5.564402341842651367e-01,2.271653652191162109e+00,9.307530708611011505e-03
3.424208238720893860e-02,4.934629797935485840e-01,5.059326440095901489e-02
1.433243304491043091e-01,2.724865436553955078e+00,3.738213330507278442e-02
1.513032019138336182e-01,4.512827396392822266e+00,1.440236810594797134e-02
1.814722865819931030e-01,2.946370840072631836e+00,6.028673960827291012e-04
1.903194002807140350e-02,2.577926158905029297e+00,3.568102046847343445e-02
1.741024702787399292e-01,1.998386502265930176e+00,9.614318609237670898e-03
5.885406732559204102e-01,4.617143422365188599e-02,2.126850932836532593e-02
1.955368965864181519e-01,3.929788351058959961e+00,1.243847608566284180e-02
1.142940744757652283e-01,4.974201679229736328e+00,1.714157871901988983e-02
3.297321200370788574e-01,4.004979133605957031e+00,4.115093965083360672e-03
7.786428928375244141e-01,4.541299343109130859e+00,7.833639159798622131e-03
4.482719600200653076e-01,2.431904077529907227e+00,4.241758957505226135e-02
2.256769239902496338e-01,1.076399803161621094e+00,3.910722676664590836e-03
3.353550285100936890e-02,1.244139894843101501e-01,3.596695512533187866e-02
1.821476593613624573e-02,7.648977041244506836e-01,7.739112246781587601e-03
3.565187454223632812e-01,2.348660945892333984e+00,2.622193889692425728e-03
3.364583849906921387e-01,4.080412387847900391e+00,4.901762306690216064e-02
1.700568199157714844e-01,9.959194809198379517e-02,1.114077633246779442e-03
2.498400360345840454e-01,2.206848621368408203e+00,2.646683715283870697e-02
3.404904603958129883e-01,4.532201290130615234e+00,1.343164220452308655e-02
1.871952563524246216e-01,4.017916202545166016e+00,4.001672565937042236e-02
3.197605907917022705e-02,3.141270160675048828e+00,2.504868805408477783e-02
3.378573656082153320e-01,2.165821790695190430e+00,2.930103614926338196e-02
2.496579894796013832e-03,2.067533254623413086e+00,7.351068314164876938e-03
7.822751253843307495e-02,2.414781808853149414e+00,7.930163294076919556e-03
4.774934351444244385e-01,1.680711030960083008e+00,1.731490343809127808e-02
3.084837459027767181e-02,4.608731865882873535e-01,9.089685045182704926e-03
1.038765832781791687e-01,2.031301021575927734e+00,7.227953523397445679e-03
2.072791904211044312e-01,3.018242597579956055e+00,6.496914476156234741e-02
4.531489908695220947e-01,2.970268011093139648e+00,3.824752289801836014e-03
3.699880242347717285e-01,4.263494491577148438e+00,5.611119326204061508e-03
3.274888694286346436e-01,4.665088176727294922e+00,8.127668872475624084e-03
3.507190048694610596e-01,1.925468206405639648e+00,1.108959410339593887e-02
3.470693230628967285e-01,3.043350934982299805e+00,7.856233045458793640e-03
6.412544846534729004e-02,2.757967233657836914e+00,2.872106991708278656e-02
2.953583598136901855e-01,4.940145492553710938e+00,1.513762306421995163e-02
2.875888645648956299e-01,6.575304269790649414e-01,1.306096557527780533e-02
5.097794905304908752e-02,4.111338138580322266e+00,5.738194286823272705e-02
2.039411216974258423e-01,2.955851793289184570e+00,2.559299394488334656e-02
4.749450087547302246e-02,6.106760501861572266e-01,1.208265777677297592e-02
3.933191001415252686e-01,4.356698513031005859e+00,1.635375805199146271e-02
8.217425644397735596e-02,8.648321777582168579e-02,1.738002151250839233e-02
2.750744521617889404e-01,1.049360990524291992e+00,2.065616287291049957e-02
8.426501601934432983e-02,4.267900466918945312e+00,2.334429509937763214e-02
2.492223381996154785e-01,4.065407276153564453e+00,3.865078464150428772e-02
1.803173124790191650e-01,3.903902530670166016e+00,1.847678236663341522e-02
7.189125567674636841e-02,3.362502574920654297e+00,9.585166350007057190e-03
2.695288322865962982e-02,7.435942292213439941e-01,5.603577569127082825e-02
1.956458985805511475e-01,3.957819938659667969e+00,6.033131387084722519e-03
4.158966243267059326e-01,3.433555066585540771e-01,1.825786009430885315e-02
3.299494683742523193e-01,1.746460437774658203e+00,2.711340785026550293e-03
5.497794747352600098e-01,1.937613844871520996e+00,8.855137042701244354e-03
6.938751786947250366e-02,4.101104259490966797e+00,9.291546419262886047e-03
3.673811852931976318e-01,2.661396265029907227e+00,8.163481950759887695e-03
1.135619357228279114e-01,2.934985399246215820e+00,1.856572367250919342e-02
5.786973237991333008e-02,3.434683322906494141e+00,1.598106324672698975e-01
5.065759420394897461e-01,1.928897380828857422e+00,3.849866986274719238e-02
1.013067215681076050e-01,4.333939552307128906e+00,5.883441865444183350e-02
8.898825943470001221e-02,3.180082798004150391e+00,7.703965995460748672e-03
2.030957303941249847e-02,2.336568593978881836e+00,4.487870726734399796e-03
4.934854587190784514e-05,4.346726834774017334e-01,1.262158527970314026e-02
4.309542477130889893e-02,1.850013256072998047e+00,3.838175535202026367e-02
1.634048968553543091e-01,5.923807024955749512e-01,3.248531743884086609e-02
1.501131653785705566e-01,2.709903001785278320e+00,1.680707372725009918e-02
1.183854043483734131e-01,8.255028724670410156e-01,2.721976861357688904e-02
1.069128811359405518e-01,4.670386791229248047e+00,8.135866373777389526e-03
2.812653183937072754e-01,4.940066814422607422e+00,3.489345684647560120e-02
3.045241832733154297e-01,9.142788499593734741e-02,1.587113738059997559e-02
2.378475069999694824e-01,2.856203317642211914e+00,1.710182242095470428e-02
4.177124425768852234e-02,1.298098802566528320e+00,9.704951196908950806e-03
4.014869630336761475e-01,4.497994899749755859e+00,2.250780165195465088e-02
2.192953228950500488e-02,5.849520564079284668e-01,4.951346293091773987e-02
3.852407634258270264e-01,4.561864852905273438e+00,1.657672785222530365e-02
2.526507973670959473e-01,4.956091403961181641e+00,1.659542694687843323e-02
8.605563640594482422e-02,2.168606996536254883e+00,1.677080057561397552e-02
3.600486740469932556e-02,7.324221730232238770e-01,1.239533722400665283e-02
3.811160475015640259e-02,4.139308929443359375e+00,1.311670802533626556e-02
4.535840451717376709e-02,3.313799858093261719e+00,1.975024864077568054e-02
1.630938053131103516e-01,4.119898319244384766e+00,3.944792784750461578e-03
4.014057815074920654e-01,6.192014813423156738e-01,6.012586876749992371e-03
1.106935963034629822e-01,1.987318634986877441e+00,9.388531558215618134e-03
5.485370159149169922e-01,2.507352828979492188e+00,3.086217911913990974e-03
1.183638907968997955e-02,2.135090827941894531e+00,9.444427676498889923e-03
3.703133463859558105e-01,2.555240631103515625e+00,9.439304471015930176e-03
1.213109679520130157e-02,1.348150134086608887e+00,8.705637417733669281e-03
4.085498452186584473e-01,1.796936035156250000e+00,4.220973700284957886e-02
1.269907951354980469e-01,4.233338356018066406e+00,5.418772250413894653e-02
4.016298353672027588e-01,1.320901751518249512e+00,7.238133251667022705e-02
3.081242144107818604e-01,2.360633134841918945e+00,3.685627132654190063e-02
1.705852299928665161e-01,4.439390182495117188e+00,8.634370751678943634e-03
2.022885829210281372e-01,4.862887859344482422e+00,5.458596348762512207e-02
1.294327378273010254e-01,1.880055665969848633e+00,2.476977184414863586e-02
4.216415286064147949e-01,4.690389156341552734e+00,3.654517978429794312e-02
2.964265346527099609e-01,6.984326839447021484e-01,1.011845842003822327e-02
1.421680152416229248e-01,2.276735067367553711e+00,2.093113400042057037e-02
3.557158112525939941e-01,9.354519098997116089e-02,4.226112365722656250e-02
2.613565921783447266e-01,2.648793220520019531e+00,1.122136693447828293e-02
8.080835938453674316e-01,1.058859944343566895e+00,9.860343299806118011e-03
7.664484381675720215e-01,4.641676902770996094e+00,2.888168767094612122e-02
3.809741735458374023e-01,2.737366437911987305e+00,3.346075536683201790e-03
2.720747515559196472e-02,4.745403528213500977e-01,5.270055960863828659e-03
2.958459556102752686e-01,4.525532245635986328e+00,2.691354416310787201e-02
5.953056216239929199e-01,3.894732892513275146e-01,1.524552144110202789e-02
3.468755483627319336e-01,4.755332946777343750e+00,8.564436808228492737e-03
2.622426152229309082e-01,4.895783424377441406e+00,1.295424625277519226e-02
4.201065748929977417e-02,5.762476921081542969e-01,1.165516325272619724e-03
1.794067323207855225e-01,4.265755653381347656e+00,3.008055873215198517e-02
3.552100062370300293e-01,1.202080368995666504e+00,1.119908038526773453e-02
1.877029985189437866e-01,1.008259296417236328e+00,4.808337427675724030e-03
4.868199825286865234e-01,4.416087150573730469e+00,6.045263633131980896e-02
3.831872642040252686e-01,4.540460109710693359e+00,1.245799567550420761e-02
2.732028961181640625e-01,9.667921066284179688e-01,5.107214674353599548e-02
2.085511833429336548e-01,4.197822570800781250e+00,1.167027745395898819e-02
1.994767934083938599e-01,2.262851953506469727e+00,4.011965543031692505e-02
3.578205704689025879e-01,4.195351600646972656e+00,9.616418741643428802e-03
1.387410759925842285e-01,2.994546175003051758e+00,7.608107756823301315e-03
3.296753466129302979e-01,2.295843839645385742e+00,4.104590974748134613e-03
3.414808958768844604e-02,2.609419822692871094e+00,1.000502705574035645e-02
1.348647028207778931e-01,4.866373062133789062e+00,2.340859360992908478e-02
4.805601015686988831e-02,3.657354593276977539e+00,3.442046418786048889e-02
3.799889385700225830e-01,3.272074460983276367e+00,2.913949638605117798e-02
1.865997537970542908e-02,2.248524904251098633e+00,8.152568712830543518e-03
2.806380093097686768e-01,1.966908693313598633e+00,5.076494999229907990e-03
1.824807226657867432e-01,2.819386959075927734e+00,8.669261005707085133e-04
9.261728525161743164e-01,8.484961092472076416e-02,3.079962357878684998e-02
3.855834305286407471e-01,1.714465379714965820e+00,1.791080273687839508e-02
4.658336937427520752e-02,3.527010202407836914e+00,5.783858895301818848e-02
9.904225915670394897e-02,4.740014672279357910e-01,6.932078395038843155e-03
1.087688356637954712e-01,3.306727647781372070e+00,1.506594661623239517e-02
1.632582396268844604e-01,4.286298274993896484e+00,2.936138957738876343e-02
3.169346749782562256e-01,2.502539157867431641e+00,2.196236746385693550e-03
3.192460238933563232e-01,4.555923342704772949e-01,2.821728959679603577e-02
2.185962349176406860e-01,3.812357187271118164e+00,2.310288138687610626e-02
2.258001416921615601e-01,3.661298513412475586e+00,1.577994041144847870e-02
2.796068489551544189e-01,3.004830360412597656e+00,1.134171523153781891e-02
3.562816381454467773e-01,3.788782835006713867e+00,1.693310961127281189e-02
1.332404166460037231e-01,2.734062910079956055e+00,7.754738908261060715e-03
2.003790289163589478e-01,2.235304564237594604e-01,1.105383317917585373e-02
2.754897773265838623e-01,6.980211287736892700e-02,3.432599082589149475e-02
4.546011686325073242e-01,1.036069154739379883e+00,1.253494899719953537e-02
1.284359022974967957e-02,2.598939657211303711e+00,5.785672459751367569e-03
3.021800816059112549e-01,3.294683396816253662e-01,7.771594449877738953e-03
3.132367134094238281e-02,4.919779300689697266e+00,2.301434986293315887e-02
3.462213873863220215e-01,2.132131338119506836e+00,1.249298825860023499e-02
2.689413726329803467e-01,3.751393795013427734e+00,9.317264892160892487e-03
3.580003380775451660e-01,5.737549662590026855e-01,2.678151428699493408e-02
2.204872816801071167e-01,2.232695102691650391e+00,4.847782477736473083e-02
2.288821786642074585e-01,3.476587057113647461e+00,1.964885555207729340e-02
3.929705321788787842e-01,2.312525510787963867e+00,1.295065972954034805e-02
3.356767594814300537e-01,4.803199291229248047e+00,5.932764615863561630e-03
3.936095535755157471e-01,3.663018465042114258e+00,2.832144685089588165e-02
1.478270813822746277e-02,2.834444761276245117e+00,2.319566532969474792e-02
3.819897770881652832e-01,6.800398230552673340e-01,1.945606432855129242e-02
2.407521605491638184e-01,3.362669467926025391e+00,9.094808250665664673e-02
5.670476704835891724e-02,3.711541652679443359e+00,2.043339796364307404e-02
2.762564122676849365e-01,2.527631998062133789e+00,7.631265558302402496e-03
4.758363962173461914e-01,1.417650580406188965e-01,1.181260496377944946e-02
2.450672686100006104e-01,3.500451326370239258e+00,5.719504132866859436e-02
3.546108305454254150e-01,4.893938541412353516e+00,2.659727819263935089e-02
4.331170022487640381e-02,3.904529809951782227e+00,1.610291749238967896e-02
1.165702566504478455e-01,4.853849887847900391e+00,1.111182942986488342e-02
1.947305500507354736e-01,4.660892486572265625e+00,3.276192583143711090e-03
7.891367077827453613e-01,3.807285785675048828e+00,3.799647791311144829e-03
2.067841738462448120e-01,5.416238903999328613e-01,3.997154068201780319e-03
3.897824585437774658e-01,3.647494792938232422e+00,2.086775749921798706e-02
3.293095529079437256e-01,1.996447205543518066e+00,9.351253509521484375e-02
1.717341244220733643e-01,4.112486362457275391e+00,1.105593331158161163e-02
3.122045993804931641e-01,2.503701448440551758e+00,6.280103325843811035e-02
7.193809747695922852e-01,2.165840864181518555e+00,4.714887123554944992e-03
8.382928967475891113e-01,1.908481836318969727e+00,6.811423227190971375e-03
3.652389347553253174e-01,4.876187801361083984e+00,2.083568647503852844e-02
5.341249108314514160e-01,1.170213460922241211e+00,1.759417820721864700e-03
2.982277609407901764e-02,3.196229696273803711e+00,2.193526364862918854e-02
1.963696628808975220e-01,4.380847930908203125e+00,2.421137504279613495e-02
3.690876960754394531e-01,4.851068496704101562e+00,3.439782187342643738e-02
3.724447190761566162e-01,2.282373666763305664e+00,4.672614485025405884e-02
6.116139888763427734e-01,2.735824823379516602e+00,5.071469023823738098e-02
8.542354702949523926e-01,5.454717874526977539e-01,2.792904851958155632e-03
3.213369846343994141e-01,3.062187194824218750e+00,1.054369844496250153e-02
3.641775846481323242e-01,2.651302814483642578e+00,5.054126307368278503e-02
1.728141903877258301e-01,2.885565757751464844e+00,2.143645286560058594e-02
5.111790075898170471e-02,6.989146471023559570e-01,6.449508015066385269e-03
3.500162661075592041e-01,3.636988162994384766e+00,2.804954908788204193e-02
9.121715426445007324e-01,2.934417247772216797e+00,1.543406117707490921e-02
3.658997118473052979e-01,4.180047988891601562e+00,2.634997293353080750e-02
3.258512020111083984e-01,3.706381082534790039e+00,3.505094721913337708e-02
3.857903480529785156e-01,2.086631059646606445e+00,6.100350059568881989e-03
4.140291213989257812e-01,1.914688587188720703e+00,1.343620195984840393e-02
2.768055498600006104e-01,1.548092722892761230e+00,1.074935076758265495e-03
3.872691690921783447e-01,1.597761154174804688e+00,8.730280213057994843e-03
1.029818039387464523e-02,2.185333013534545898e+00,5.289115011692047119e-03
3.874249756336212158e-01,9.830674529075622559e-01,1.647267141379415989e-03
3.672297298908233643e-01,4.091982364654541016e+00,1.171648968011140823e-02
1.912541501224040985e-02,1.404314786195755005e-01,2.343636238947510719e-03
2.030735313892364502e-01,4.375056266784667969e+00,3.505832701921463013e-02
2.453813701868057251e-01,3.762247323989868164e+00,4.963883198797702789e-03
5.484001636505126953e-01,4.749698162078857422e+00,2.507604658603668213e-02
3.438743948936462402e-01,4.517477989196777344e+00,1.351597253233194351e-02
2.302865311503410339e-02,2.376424074172973633e+00,6.603004294447600842e-04
1.608935557305812836e-02,3.214842557907104492e+00,9.068842977285385132e-02
8.516266196966171265e-02,3.052724599838256836e+00,1.013997662812471390e-02
2.429452911019325256e-02,6.332380175590515137e-01,7.544629275798797607e-03
3.385474979877471924e-01,4.356600284576416016e+00,1.027216017246246338e-02
3.855945765972137451e-01,4.018537998199462891e+00,1.450293976813554764e-02
2.113061957061290741e-02,1.905362606048583984e+00,2.155454643070697784e-02
3.251718580722808838e-01,4.365428924560546875e+00,2.105296775698661804e-02
2.280800342559814453e-01,2.811586141586303711e+00,1.667673513293266296e-02
4.424659162759780884e-02,2.414339333772659302e-01,5.549684911966323853e-02
1.468432545661926270e-01,6.326193213462829590e-01,8.479388430714607239e-03
2.819085121154785156e-02,3.220636367797851562e+00,6.709452718496322632e-02
7.522041201591491699e-01,4.595088958740234375e+00,2.135417051613330841e-02
8.490163832902908325e-03,6.292049288749694824e-01,8.236284367740154266e-03
7.670947313308715820e-01,2.068356752395629883e+00,3.123311093077063560e-03
4.120088219642639160e-01,2.733848571777343750e+00,2.557972446084022522e-02
7.497431337833404541e-02,4.356704711914062500e+00,5.968166980892419815e-03
9.970917552709579468e-02,3.599425554275512695e+00,2.039989084005355835e-02
6.050719693303108215e-02,2.301139354705810547e+00,7.653859443962574005e-03
7.818698137998580933e-02,3.355624198913574219e+00,1.782206632196903229e-02
3.828987181186676025e-01,4.613363265991210938e+00,3.261135146021842957e-02
3.174000084400177002e-01,3.288110256195068359e+00,1.900720526464283466e-03
3.972848653793334961e-01,1.594453334808349609e+00,7.677580695599317551e-03
3.206797242164611816e-01,6.922776252031326294e-02,1.472073420882225037e-02
1.781136728823184967e-02,3.481878519058227539e+00,5.492615513503551483e-03
1.185509487986564636e-01,3.062475442886352539e+00,8.672796189785003662e-03
3.078422546386718750e-01,4.455693721771240234e+00,7.463833782821893692e-03
2.664954960346221924e-01,4.943681716918945312e+00,8.087501861155033112e-03
1.937357932329177856e-01,4.172842502593994141e+00,6.182938814163208008e-03
5.602076649665832520e-02,1.172518491744995117e+00,2.096177311614155769e-03
8.526024967432022095e-02,2.153154611587524414e+00,8.612801320850849152e-03
2.112222760915756226e-01,9.708192348480224609e-01,3.080531023442745209e-03
4.093550145626068115e-02,1.801708102226257324e+00,1.777190901339054108e-02
2.021248042583465576e-01,2.122458457946777344e+00,1.195339486002922058e-02
3.708451688289642334e-01,1.209886312484741211e+00,6.879051681607961655e-03
2.324148863554000854e-01,2.888165950775146484e+00,8.766123652458190918e-02
4.162676930427551270e-01,2.787170886993408203e+00,2.408744022250175476e-02
3.625545501708984375e-01,2.207737684249877930e+00,1.763357780873775482e-02
3.376140296459197998e-01,4.862770557403564453e+00,1.491926517337560654e-02
1.354267597198486328e-01,4.726181507110595703e+00,1.331078168004751205e-02
1.562859565019607544e-01,2.364656686782836914e+00,5.114715546369552612e-03
3.001745343208312988e-01,2.980563640594482422e+00,9.358047507703304291e-03
1.252288073301315308e-01,4.180157661437988281e+00,2.980153821408748627e-02
9.288113713264465332e-01,2.906899154186248779e-02,2.327441237866878510e-02
8.085536211729049683e-02,3.296514272689819336e+00,8.738989941775798798e-03
3.534444868564605713e-01,2.677201747894287109e+00,3.191913245245814323e-03
2.369318157434463501e-02,2.016266345977783203e+00,1.019418239593505859e-02
2.855426371097564697e-01,1.251985728740692139e-01,1.042703911662101746e-02
2.066069841384887695e-01,3.868520498275756836e+00,1.158907171338796616e-02
4.097863137722015381e-01,2.272549390792846680e+00,1.914820075035095215e-02
8.406820707023143768e-03,3.432558298110961914e+00,1.308125443756580353e-02
2.643138542771339417e-02,3.572423160076141357e-01,4.305529873818159103e-03
2.950303070247173309e-02,4.506283253431320190e-02,6.723659578710794449e-03
1.477936804294586182e-01,2.286130636930465698e-01,1.734195463359355927e-02
9.333442896604537964e-02,4.051766872406005859e+00,1.161279343068599701e-02
3.360580503940582275e-01,4.259412288665771484e+00,8.628837764263153076e-03
7.978888601064682007e-02,2.650894880294799805e+00,2.909492328763008118e-02
5.299532413482666016e-01,5.216790437698364258e-01,2.286638692021369934e-02
3.323834538459777832e-01,4.260904788970947266e+00,1.158922538161277771e-02
3.581387400627136230e-01,3.916829526424407959e-01,2.365728095173835754e-02
4.064073860645294189e-01,3.085509777069091797e+00,1.450714096426963806e-02
3.143511414527893066e-01,4.566045284271240234e+00,5.759399756789207458e-02
3.726652562618255615e-01,4.350541591644287109e+00,1.386011019349098206e-02
2.135249376296997070e-01,3.248182535171508789e+00,2.223590388894081116e-02
4.044436663389205933e-02,7.975875139236450195e-01,4.881755448877811432e-03
3.167550563812255859e-01,4.971651554107666016e+00,1.637855544686317444e-02
3.843560218811035156e-01,3.329047203063964844e+00,2.669072896242141724e-02
8.184184879064559937e-02,2.631165266036987305e+00,4.929454065859317780e-03
4.014748930931091309e-01,3.333746671676635742e+00,2.781992033123970032e-02
2.990048229694366455e-01,2.820097208023071289e+00,1.246803812682628632e-02
3.538344204425811768e-01,2.580885171890258789e+00,4.515588283538818359e-03
3.834223747253417969e-01,8.975684642791748047e-01,6.035027094185352325e-03
2.009054422378540039e-01,4.812798500061035156e+00,6.477988511323928833e-02
4.515309631824493408e-01,1.023195028305053711e+00,7.364235352724790573e-03
3.436507582664489746e-01,1.671783328056335449e+00,2.636918611824512482e-02
2.070755660533905029e-01,2.614337205886840820e+00,9.301090985536575317e-02
2.706447541713714600e-01,3.358814954757690430e+00,5.954231601208448410e-03
3.075102567672729492e-01,1.386308431625366211e+00,1.518675591796636581e-02
3.935091942548751831e-02,9.136198759078979492e-01,3.204158041626214981e-03
3.166483044624328613e-01,3.188802480697631836e+00,1.211959682404994965e-02
3.349194228649139404e-01,4.140201568603515625e+00,4.949025437235832214e-02
3.874988481402397156e-02,3.517389774322509766e+00,1.946410723030567169e-02
2.450969815254211426e-02,2.844819307327270508e+00,6.430807709693908691e-02
3.833067417144775391e-01,2.611592292785644531e+00,6.993610411882400513e-03
1.149164065718650818e-01,2.599888086318969727e+00,3.099190443754196167e-02
2.549719810485839844e-01,3.258325338363647461e+00,3.180867061018943787e-02
3.372585773468017578e-01,3.709593057632446289e+00,2.199218422174453735e-02
4.099287390708923340e-01,2.083417177200317383e+00,2.734529040753841400e-02
3.843933716416358948e-02,2.824479103088378906e+00,1.717534288763999939e-02
1.063579842448234558e-01,2.895483493804931641e+00,4.607742279767990112e-02
4.983079433441162109e-02,3.405061006546020508e+00,4.341531544923782349e-02
7.320762872695922852e-01,2.947328090667724609e+00,7.921709679067134857e-03
8.987411111593246460e-02,1.916819810867309570e+00,1.957277394831180573e-02
2.184427231550216675e-01,4.816821575164794922e+00,2.715577743947505951e-02
3.030239418148994446e-02,5.622046440839767456e-02,2.843011403456330299e-03
1.399128884077072144e-01,4.166470050811767578e+00,1.569535396993160248e-02
1.975999921560287476e-01,6.508774757385253906e-01,1.489359699189662933e-02
2.865096367895603180e-02,1.132598638534545898e+00,8.211907744407653809e-02
9.553961455821990967e-02,3.634539365768432617e+00,1.174016017466783524e-02
3.160475194454193115e-01,2.351737022399902344e+00,9.737689048051834106e-03
7.041560113430023193e-02,3.062999010086059570e+00,2.784999459981918335e-02
8.914162963628768921e-02,7.336551547050476074e-01,1.543062925338745117e-02
3.226915597915649414e-01,2.198982000350952148e+00,1.305809710174798965e-02
1.173149868845939636e-01,4.179544925689697266e+00,3.071893006563186646e-02
4.000569507479667664e-02,1.533090472221374512e+00,1.081298291683197021e-02
3.623867630958557129e-01,3.982009887695312500e+00,4.913315642625093460e-03
7.257417775690555573e-03,2.979113578796386719e+00,2.214819192886352539e-02
2.811034321784973145e-01,4.905758857727050781e+00,9.966704063117504120e-03
6.337155587971210480e-03,1.954817533493041992e+00,6.401912122964859009e-02
4.235385358333587646e-01,5.679553151130676270e-01,5.430412665009498596e-02
3.907784819602966309e-01,2.946184396743774414e+00,1.347781866788864136e-01
8.637642115354537964e-02,8.901022672653198242e-01,5.874153226613998413e-03
1.723518222570419312e-01,1.984503626823425293e+00,2.564356289803981781e-02
3.324962854385375977e-01,4.199114799499511719e+00,4.271203186362981796e-03
2.890604175627231598e-02,3.081256151199340820e-01,4.094078019261360168e-02
1.462176349014043808e-02,3.265541791915893555e+00,1.302684377878904343e-02
1.341330856084823608e-01,2.110365867614746094e+00,1.177592109888792038e-02
3.907298445701599121e-01,1.244396939873695374e-01,3.151249140501022339e-02
3.820822536945343018e-01,4.886230945587158203e+00,1.025760918855667114e-02
3.303000032901763916e-01,2.772096395492553711e+00,3.559694439172744751e-02
3.493682444095611572e-01,2.174461841583251953e+00,1.777759520336985588e-03
3.124736845493316650e-01,3.695051908493041992e+00,9.533266536891460419e-03
4.446071088314056396e-01,5.487172603607177734e-01,9.006020613014698029e-03
3.722767531871795654e-01,7.892843484878540039e-01,5.584528669714927673e-03
4.045374095439910889e-01,4.200927734375000000e+00,1.857458800077438354e-02
3.835723921656608582e-02,1.765086770057678223e+00,1.752941869199275970e-02
1.592849344015121460e-01,4.859028816223144531e+00,4.624464735388755798e-02
2.986489795148372650e-02,1.903889417648315430e+00,6.224699318408966064e-02
3.649357557296752930e-01,4.540862560272216797e+00,6.951444782316684723e-03
1.267064511775970459e-01,4.817267894744873047e+00,9.584910236299037933e-03
5.334894657135009766e-01,7.280116081237792969e-01,4.030317440629005432e-02
6.763800978660583496e-02,3.207596778869628906e+00,6.813477724790573120e-02
1.352118998765945435e-01,3.219831287860870361e-01,2.157509140670299530e-02
1.126958988606929779e-03,1.001734137535095215e+00,2.766519552096724510e-03
3.147811293601989746e-01,3.489043191075325012e-02,7.540325634181499481e-03
3.094545304775238037e-01,2.057044357061386108e-01,1.470280252397060394e-02
1.795785687863826752e-02,2.872626781463623047e+00,2.913821488618850708e-02
4.597835540771484375e-01,2.547760725021362305e+00,4.769302532076835632e-02
3.073672354221343994e-01,4.151423931121826172e+00,6.162394210696220398e-02
2.194146215915679932e-01,3.273860931396484375e+00,1.593891903758049011e-02
2.552374899387359619e-01,2.757264375686645508e+00,1.385693345218896866e-02
3.756270408630371094e-01,3.466536998748779297e+00,1.585602201521396637e-02
1.997697949409484863e-01,1.031945109367370605e+00,2.077868878841400146e-01
1.520366519689559937e-01,3.734427452087402344e+00,1.290798187255859375e-02
1.747201383113861084e-01,3.453659057617187500e+00,2.909968793392181396e-02
3.369922041893005371e-01,2.948841094970703125e+00,4.094569757580757141e-02
2.446505241096019745e-02,1.008454561233520508e+00,1.570826396346092224e-03
3.790113031864166260e-01,4.521043300628662109e+00,3.782023442909121513e-03
1.034826934337615967e-01,1.968405842781066895e-01,3.471393138170242310e-03
3.268017768859863281e-01,3.035508632659912109e+00,1.777674406766891479e-01
2.777871489524841309e-01,2.209228992462158203e+00,9.590596891939640045e-03
5.003856420516967773e-01,2.868561506271362305e+00,2.475358173251152039e-02
1.461337357759475708e-01,4.135602474212646484e+00,1.231367047876119614e-02
4.534623026847839355e-02,1.045818567276000977e+00,1.872618868947029114e-02
4.547015130519866943e-01,3.746291399002075195e+00,3.262897580862045288e-02
1.318937242031097412e-01,4.284080505371093750e+00,9.531781077384948730e-03
2.396722137928009033e-01,2.802668809890747070e+00,1.118442788720130920e-02
7.690988779067993164e-01,1.913823604583740234e+00,1.710589528083801270e-01
3.355039358139038086e-01,1.815200209617614746e+00,1.828434877097606659e-02
2.023817449808120728e-01,2.268886566162109375e+00,2.944864146411418915e-02
3.726955056190490723e-01,2.751907825469970703e+00,9.281555190682411194e-03
6.150564551353454590e-01,2.842908143997192383e+00,2.559791319072246552e-03
6.088857073336839676e-03,7.653707861900329590e-01,2.301552705466747284e-02
1.753018498420715332e-01,4.797288894653320312e+00,1.552546210587024689e-02
8.751568943262100220e-02,3.728541135787963867e+00,1.563622988760471344e-02
1.155250519514083862e-02,4.612475931644439697e-01,1.298273168504238129e-02
3.555097579956054688e-01,3.611181974411010742e+00,5.574937909841537476e-02
1.243287026882171631e-01,4.652619361877441406e+00,9.491101838648319244e-03
4.056486189365386963e-01,3.536711260676383972e-02,9.635222144424915314e-03
3.815124034881591797e-01,2.750557899475097656e+00,1.393224671483039856e-02
3.584507703781127930e-01,4.399618148803710938e+00,1.124058011919260025e-02
3.530548214912414551e-01,4.427428722381591797e+00,2.148712240159511566e-02
1.230782866477966309e-01,2.541868925094604492e+00,3.342442959547042847e-02
2.765626609325408936e-01,1.534675657749176025e-01,3.304678713902831078e-03
2.206755280494689941e-01,9.130230545997619629e-01,1.014317870140075684e-01
6.147754788398742676e-01,3.230918645858764648e+00,1.870077662169933319e-02
3.170936554670333862e-02,4.086119830608367920e-01,2.576529420912265778e-02
2.789655700325965881e-02,4.087813377380371094e+00,1.427961140871047974e-02
3.341806307435035706e-02,1.939056873321533203e+00,6.185013800859451294e-02
4.017481505870819092e-01,2.512509822845458984e+00,8.586774580180644989e-03
3.858227729797363281e-01,1.878227829933166504e+00,1.859113574028015137e-02
3.683030605316162109e-02,1.038270473480224609e+00,5.858988035470247269e-03
2.608574628829956055e-01,1.623284220695495605e+00,1.158399973064661026e-02
9.139651805162429810e-02,9.685536623001098633e-01,1.819135807454586029e-02
3.100006282329559326e-01,4.079025268554687500e+00,2.104128710925579071e-02
2.244124375283718109e-02,2.082329690456390381e-01,1.890284195542335510e-02
1.220112219452857971e-01,6.494494676589965820e-01,1.104015391319990158e-02
8.005865216255187988e-01,4.495331287384033203e+00,1.730983145534992218e-03
6.092297658324241638e-02,3.623468637466430664e+00,1.078173052519559860e-02
5.880569107830524445e-03,2.714614629745483398e+00,3.829045593738555908e-02
5.551925897598266602e-01,2.460203886032104492e+00,8.224757388234138489e-03
1.580349057912826538e-01,1.781962215900421143e-01,1.786207966506481171e-02
4.665897190570831299e-01,6.286555528640747070e-02,3.034164430573582649e-03
5.267464555799961090e-03,1.401957154273986816e+00,5.812621209770441055e-03
6.002436205744743347e-02,1.299743056297302246e-01,1.488119829446077347e-02
5.453896149992942810e-02,2.102071762084960938e+00,1.226566452533006668e-02
1.723302453756332397e-01,2.349414825439453125e+00,6.095687858760356903e-03
4.112355783581733704e-02,1.838653206825256348e+00,6.915837526321411133e-03
1.508580595254898071e-01,2.682873010635375977e+00,1.003300026059150696e-02
1.891401596367359161e-02,4.793053627014160156e+00,1.769034378230571747e-02
6.447970867156982422e-01,1.982522487640380859e+00,1.320334430783987045e-02
3.722772300243377686e-01,5.939875841140747070e-01,5.245822481811046600e-03
4.005942642688751221e-01,1.718477249145507812e+00,2.975194482132792473e-03
1.754864864051342010e-02,2.263841867446899414e+00,4.650179296731948853e-03
1.058120727539062500e-01,5.429806113243103027e-01,1.466714404523372650e-02
2.994391620159149170e-01,3.939046144485473633e+00,7.389447093009948730e-02
3.585142493247985840e-01,3.320061683654785156e+00,3.295984119176864624e-02
1.761334389448165894e-01,4.848491668701171875e+00,2.643266506493091583e-02
8.027704358100891113e-01,2.110275924205780029e-01,1.102662738412618637e-02
3.458108603954315186e-01,3.230629920959472656e+00,9.346862882375717163e-02
1.299139391630887985e-02,2.401417732238769531e+00,4.476086702197790146e-03
1.829995661973953247e-01,2.049561023712158203e+00,2.571595646440982819e-02
2.231706976890563965e-01,6.700499057769775391e-01,1.110373437404632568e-02
3.128114938735961914e-01,3.460323333740234375e+00,8.686219342052936554e-03
2.498270571231842041e-01,3.863979339599609375e+00,5.612707231193780899e-03
1.724987328052520752e-01,3.252467155456542969e+00,4.042336717247962952e-02
3.945772349834442139e-01,3.274505853652954102e+00,4.244049079716205597e-03
3.149697482585906982e-01,4.519202709197998047e+00,7.668666075915098190e-03
1.487168762832880020e-02,1.653429388999938965e+00,3.123121708631515503e-02
4.909284785389900208e-02,9.973932504653930664e-01,9.559165686368942261e-02
8.031260222196578979e-03,4.677298069000244141e+00,1.487475782632827759e-01
3.557926118373870850e-01,4.025611400604248047e+00,1.056342348456382751e-01
2.803360670804977417e-02,1.541740179061889648e+00,2.558146789669990540e-02
4.013679549098014832e-02,1.487398147583007812e-01,1.277472265064716339e-02
1.402310431003570557e-01,3.775224983692169189e-01,6.542036309838294983e-03
6.883119791746139526e-02,1.656545639038085938e+00,2.476797811686992645e-02
4.355834051966667175e-02,3.455813884735107422e+00,7.265558931976556778e-03
3.846057131886482239e-02,2.905711829662322998e-01,3.052393533289432526e-02
3.155848383903503418e-02,3.017016410827636719e+00,1.570093818008899689e-02
6.054496020078659058e-02,2.879218459129333496e-01,1.027016155421733856e-02
8.969705551862716675e-02,4.540000915527343750e+00,2.375549636781215668e-02
1.798566132783889771e-01,8.100600540637969971e-02,3.813055530190467834e-02
5.498022958636283875e-02,7.143818140029907227e-01,1.532503589987754822e-02
3.492597490549087524e-02,3.061974048614501953e+00,6.484930962324142456e-02
3.861367404460906982e-01,1.421719938516616821e-01,5.459723528474569321e-03
3.981021940708160400e-01,2.592894554138183594e+00,1.232432760298252106e-02
1.422535628080368042e-01,1.201110959053039551e+00,5.117738153785467148e-03
4.322078451514244080e-02,3.392568588256835938e+00,4.965983796864748001e-03
7.733578085899353027e-01,1.819571018218994141e+00,3.526202961802482605e-02
4.184754192829132080e-01,4.177595138549804688e+00,4.984735511243343353e-03
3.998453021049499512e-01,3.909294128417968750e+00,1.794000528752803802e-02
2.489905618131160736e-02,6.310809850692749023e-01,2.261129394173622131e-02
3.401111662387847900e-01,3.882384538650512695e+00,2.586981095373630524e-02
2.568161785602569580e-01,3.007628679275512695e+00,1.185958553105592728e-02
4.362110793590545654e-02,1.993963718414306641e+00,3.027247963473200798e-03
3.903688788414001465e-01,4.303918182849884033e-01,3.447313327342271805e-03
1.433997899293899536e-01,3.413892745971679688e+00,1.091539952903985977e-02
2.271744310855865479e-01,2.915967464447021484e+00,1.341529842466115952e-02
3.934981301426887512e-02,1.973962426185607910e+00,5.481753963977098465e-03
3.927389681339263916e-01,2.330500125885009766e+00,1.711288839578628540e-02
1.045994833111763000e-01,2.413419961929321289e+00,5.037352442741394043e-03
3.282897472381591797e-01,1.546130299568176270e+00,9.276995435357093811e-03
3.416037261486053467e-01,2.385363340377807617e+00,9.239492937922477722e-03
1.030808836221694946e-01,3.071594238281250000e+00,3.165512531995773315e-02
3.375454619526863098e-02,1.587319612503051758e+00,3.176307305693626404e-02
3.915354311466217041e-01,2.153951883316040039e+00,8.239409886300563812e-03
1.080401167273521423e-01,4.241162776947021484e+00,2.658303454518318176e-02
1.875544339418411255e-01,3.741922378540039062e+00,1.222729030996561050e-02
3.259376436471939087e-02,3.150795936584472656e+00,4.917772952467203140e-03
8.455430865287780762e-01,9.745644330978393555e-01,2.572128362953662872e-02
1.209713798016309738e-02,3.034904479980468750e+00,8.186792954802513123e-03
2.127980627119541168e-02,1.169585585594177246e+00,2.231552079319953918e-02
1.211484335362911224e-02,2.573341846466064453e+00,1.969230175018310547e-02
2.826526993885636330e-03,5.892754197120666504e-01,1.497203600592911243e-03
7.303048372268676758e-01,4.842375278472900391e+00,1.356146857142448425e-02
3.361962735652923584e-01,4.021118640899658203e+00,1.163031533360481262e-02
2.891226671636104584e-02,4.726129531860351562e+00,4.815694689750671387e-02
8.909721970558166504e-01,3.133417844772338867e+00,1.485148258507251740e-02
2.178238630294799805e-01,4.419290542602539062e+00,5.578037351369857788e-02
2.106603085994720459e-01,4.273477554321289062e+00,6.385260727256536484e-03
4.119863733649253845e-02,6.734995841979980469e-01,8.954376913607120514e-03
2.108808234333992004e-02,2.509310245513916016e+00,4.402054008096456528e-03
1.203855592757463455e-02,2.779719591140747070e+00,6.735213100910186768e-02
1.889729201793670654e-01,2.870172739028930664e+00,9.825862944126129150e-03
3.542681336402893066e-01,1.859047293663024902e+00,8.276196196675300598e-03
4.475125074386596680e-01,5.899484753608703613e-01,1.382486056536436081e-02
3.573108017444610596e-01,4.255769729614257812e+00,5.578893236815929413e-03
6.362026929855346680e-02,4.024182796478271484e+00,2.954987809062004089e-02
3.769176602363586426e-01,2.530961751937866211e+00,2.484364993870258331e-02
6.505553126335144043e-01,2.163153409957885742e+00,1.476592198014259338e-02
4.430975914001464844e-01,3.226978063583374023e+00,6.669198162853717804e-03
3.204628825187683105e-01,2.397060632705688477e+00,2.456401707604527473e-03
2.593274116516113281e-01,3.211808681488037109e+00,8.073259145021438599e-03
1.513126790523529053e-01,2.700067520141601562e+00,9.245384484529495239e-03
1.408824920654296875e-01,2.797605752944946289e+00,3.838021773844957352e-03
3.600597679615020752e-01,4.108606338500976562e+00,2.441518194973468781e-02
3.905571401119232178e-01,2.162849664688110352e+00,2.457948960363864899e-02
2.776944339275360107e-01,6.022561192512512207e-01,2.086862921714782715e-02
