omega,lambda_p,pi_bar
9.519401192665100098e-01,8.475335836410522461e-01,6.812328696250915527e-01
4.508731663227081299e-01,4.282423019409179688e+00,6.950802803039550781e-01
3.900557756423950195e-01,3.528541803359985352e+00,1.664354205131530762e-01
1.779984533786773682e-01,4.697141170501708984e+00,1.089004278182983398e+00
2.121362537145614624e-01,3.023290157318115234e+00,8.472328186035156250e-01
6.745439171791076660e-01,3.045184373855590820e+00,3.822465240955352783e-01
3.632735311985015869e-01,3.218524694442749023e+00,9.014282822608947754e-01
4.334428906440734863e-02,1.761822342872619629e+00,3.410303592681884766e-01
4.866247251629829407e-02,9.331486225128173828e-01,6.054393053054809570e-01
9.033600687980651855e-01,2.660477399826049805e+00,9.098387956619262695e-01
9.400646388530731201e-02,2.240496873855590820e+00,1.003410458564758301e+00
6.100208759307861328e-01,3.549388647079467773e+00,7.345532178878784180e-01
8.863660693168640137e-01,3.880236625671386719e+00,6.105802059173583984e-01
3.102441430091857910e-01,7.716689705848693848e-01,7.173283100128173828e-01
3.791042566299438477e-01,3.815199851989746094e+00,1.229982733726501465e+00
7.118295431137084961e-01,1.681832432746887207e+00,6.397797465324401855e-01
4.387806057929992676e-01,1.397648930549621582e+00,1.613144278526306152e-01
4.649893343448638916e-01,2.232161760330200195e+00,4.573699831962585449e-01
1.987392902374267578e-01,1.116748571395874023e+00,1.395922422409057617e+00
4.516420364379882812e-01,3.200686931610107422e+00,6.293008327484130859e-01
8.219186663627624512e-01,3.018440723419189453e+00,3.908732235431671143e-01
3.034867048263549805e-01,4.179996490478515625e+00,7.712928056716918945e-01
4.083221554756164551e-01,4.419507026672363281e+00,2.537208497524261475e-01
8.025344610214233398e-01,1.775115966796875000e+00,4.310716688632965088e-01
4.951239824295043945e-01,3.481706619262695312e+00,9.891954660415649414e-01
4.332085549831390381e-01,2.958502531051635742e+00,1.049634575843811035e+00
9.473084807395935059e-01,1.304489970207214355e+00,1.108251333236694336e+00
5.326608419418334961e-01,1.965990304946899414e+00,1.000618100166320801e+00
3.997757136821746826e-01,1.048378229141235352e+00,5.480991601943969727e-01
9.404137134552001953e-01,3.138406515121459961e+00,9.525038003921508789e-01
3.340035676956176758e-01,2.148947238922119141e+00,9.673898220062255859e-01
2.651159763336181641e-01,7.499515414237976074e-01,6.289058923721313477e-01
6.805463433265686035e-01,3.120328485965728760e-01,3.252757489681243896e-01
7.030940651893615723e-01,1.264228105545043945e+00,7.212696671485900879e-01
6.579304933547973633e-01,1.259904742240905762e+00,8.967083692550659180e-01
6.228600144386291504e-01,4.412861824035644531e+00,6.793678402900695801e-01
5.991799831390380859e-01,1.836162090301513672e+00,7.713568806648254395e-01
5.095996260643005371e-01,3.046429634094238281e+00,1.065569996833801270e+00
2.483875304460525513e-01,3.271948814392089844e+00,1.394824832677841187e-01
1.170191094279289246e-01,8.386544585227966309e-01,8.799527287483215332e-01
1.278677135705947876e-01,4.293781757354736328e+00,5.851614475250244141e-01
2.528303265571594238e-01,3.579726457595825195e+00,6.138365268707275391e-01
3.375928401947021484e-01,4.944845199584960938e+00,6.256378889083862305e-01
4.249786138534545898e-01,7.466803193092346191e-01,8.976296186447143555e-01
4.622765779495239258e-01,4.720314502716064453e+00,3.033436536788940430e-01
2.884655594825744629e-01,1.105793118476867676e+00,1.060444951057434082e+00
6.637842059135437012e-01,3.641242027282714844e+00,2.461409121751785278e-01
7.581008672714233398e-01,3.668482065200805664e+00,2.749972343444824219e-01
6.729151010513305664e-01,3.237626314163208008e+00,1.390679955482482910e+00
2.082359790802001953e-01,3.079016923904418945e+00,1.127777695655822754e+00
2.266544550657272339e-01,2.214300870895385742e+00,6.633265018463134766e-01
6.420359611511230469e-01,4.131323814392089844e+00,1.080427289009094238e+00
5.501514077186584473e-01,3.257013559341430664e+00,1.043204665184020996e+00
9.361802339553833008e-01,1.164988875389099121e+00,7.734840512275695801e-01
5.136769413948059082e-01,1.473475694656372070e+00,6.719415187835693359e-01
3.634612634778022766e-02,4.390458583831787109e+00,7.896438241004943848e-01
1.630380451679229736e-01,1.373499751091003418e+00,6.140728592872619629e-01
6.934895515441894531e-01,2.798428773880004883e+00,7.906453609466552734e-01
8.832819014787673950e-02,3.313439369201660156e+00,1.604283154010772705e-01
6.745700836181640625e-01,4.060476779937744141e+00,1.501194685697555542e-01
9.093642830848693848e-01,2.944337844848632812e+00,1.368170827627182007e-01
8.577037453651428223e-01,1.723380982875823975e-01,1.186014533042907715e+00
4.279095530509948730e-01,2.152507305145263672e+00,1.051782608032226562e+00
7.604746818542480469e-01,3.252270936965942383e+00,1.486444830894470215e+00
8.977547287940979004e-01,6.554903984069824219e-01,3.282122015953063965e-01
6.399922370910644531e-01,4.873667716979980469e+00,7.496888041496276855e-01
7.792081832885742188e-01,5.591328144073486328e-01,8.660174012184143066e-01
6.895773410797119141e-01,4.503701210021972656e+00,5.173562169075012207e-01
3.464117348194122314e-01,2.641960382461547852e+00,1.258796930313110352e+00
6.675015687942504883e-01,3.453703641891479492e+00,4.178654849529266357e-01
3.852500319480895996e-01,4.383397102355957031e+00,4.593793153762817383e-01
6.941702961921691895e-01,1.312288403511047363e+00,1.307246208190917969e+00
6.837510466575622559e-01,2.635213375091552734e+00,1.242914199829101562e+00
5.474255084991455078e-01,3.038752317428588867e+00,4.988731145858764648e-01
6.505293846130371094e-01,3.349513292312622070e+00,2.931257188320159912e-01
5.802178978919982910e-01,5.868322849273681641e-01,1.124068140983581543e+00
1.816364526748657227e-01,2.841642379760742188e+00,9.107906818389892578e-01
3.015262782573699951e-01,1.199295639991760254e+00,6.658362746238708496e-01
1.864701658487319946e-01,3.379480123519897461e+00,2.941696643829345703e-01
1.233278512954711914e-01,2.119644880294799805e+00,1.746020168066024780e-01
8.835161328315734863e-01,3.245268583297729492e+00,7.999680936336517334e-02
6.528101563453674316e-01,5.916616320610046387e-01,4.396209418773651123e-01
4.738414287567138672e-01,4.625912189483642578e+00,5.102518796920776367e-01
2.367341220378875732e-01,3.127810955047607422e+00,7.333006262779235840e-01
3.980181515216827393e-01,4.161692142486572266e+00,8.271407485008239746e-01
3.667547404766082764e-01,4.234474182128906250e+00,1.085348844528198242e+00
4.007290005683898926e-01,1.642139315605163574e+00,1.036813855171203613e+00
1.950849443674087524e-01,2.038218498229980469e+00,3.016100525856018066e-01
5.837560296058654785e-01,3.815918445587158203e+00,6.276192665100097656e-01
8.176069259643554688e-01,9.803904891014099121e-01,1.170215487480163574e+00
6.842206120491027832e-01,3.717862367630004883e+00,7.132963538169860840e-01
6.334280967712402344e-01,2.987359762191772461e+00,7.500739097595214844e-01
5.068044066429138184e-01,2.789499282836914062e+00,9.818663001060485840e-01
8.693308830261230469e-01,4.245167255401611328e+00,1.170071363449096680e+00
2.209757417440414429e-01,1.101378202438354492e+00,6.035959124565124512e-01
6.812686324119567871e-01,4.794449329376220703e+00,9.187068939208984375e-01
7.933463454246520996e-01,1.300970315933227539e+00,3.815533220767974854e-01
2.836435139179229736e-01,1.674651503562927246e+00,1.273497104644775391e+00
5.627703666687011719e-01,1.751165866851806641e+00,2.462448328733444214e-01
2.709343731403350830e-01,4.065634727478027344e+00,2.190290689468383789e-01
3.494891822338104248e-01,3.813406229019165039e+00,1.054461240768432617e+00
5.493530631065368652e-01,4.244096755981445312e+00,5.333191156387329102e-01
3.222720921039581299e-01,2.573331356048583984e+00,8.515197634696960449e-01
5.202621817588806152e-01,3.506096839904785156e+00,5.988781452178955078e-01
4.655500054359436035e-01,3.600935459136962891e+00,3.450389802455902100e-01
4.334424138069152832e-01,6.520018577575683594e-01,7.476334571838378906e-01
8.722732067108154297e-01,4.386039376258850098e-01,1.427144765853881836e+00
3.252086639404296875e-01,4.685342311859130859e+00,5.771737694740295410e-01
9.021766185760498047e-01,3.636265039443969727e+00,3.473317623138427734e-01
6.293596029281616211e-01,5.891422629356384277e-01,5.883894562721252441e-01
4.549652040004730225e-01,1.673278689384460449e+00,7.002256512641906738e-01
8.636000156402587891e-01,2.142699480056762695e+00,8.574813604354858398e-01
8.834459185600280762e-01,7.508596777915954590e-01,9.514819979667663574e-01
2.515047490596771240e-01,8.576936721801757812e-01,6.835781335830688477e-01
3.022738397121429443e-01,3.591172456741333008e+00,7.901623845100402832e-01
3.226930499076843262e-01,4.033282279968261719e+00,6.371192336082458496e-01
7.852700948715209961e-01,1.688608765602111816e+00,7.651001811027526855e-01
7.381499409675598145e-01,1.737479567527770996e+00,6.283466219902038574e-01
8.031261563301086426e-01,3.534195423126220703e+00,5.129550695419311523e-01
3.225286006927490234e-01,2.536143779754638672e+00,1.373258709907531738e+00
4.625681340694427490e-01,1.864971876144409180e+00,4.290574789047241211e-01
5.668870210647583008e-01,4.667140007019042969e+00,1.406020998954772949e+00
5.871129035949707031e-01,1.820147156715393066e+00,6.542238593101501465e-01
1.639371514320373535e-01,4.939171314239501953e+00,1.055125951766967773e+00
1.699010431766510010e-01,3.668272733688354492e+00,1.062313556671142578e+00
8.094742298126220703e-01,3.898983716964721680e+00,1.339354991912841797e+00
8.506481051445007324e-01,4.654841899871826172e+00,5.467089414596557617e-01
1.945631802082061768e-01,1.020181059837341309e+00,6.978851556777954102e-01
5.711061954498291016e-01,1.096555590629577637e-01,4.841975271701812744e-01
2.891899049282073975e-01,3.830266952514648438e+00,1.047037243843078613e+00
2.564457952976226807e-01,4.474495410919189453e+00,1.141363739967346191e+00
4.612424224615097046e-02,4.180221557617187500e+00,1.774481534957885742e-01
6.474051475524902344e-01,2.817501783370971680e+00,7.766399383544921875e-01
7.311891913414001465e-01,2.541418075561523438e+00,9.910004138946533203e-01
4.192281365394592285e-01,3.001641511917114258e+00,7.639167904853820801e-01
1.682061254978179932e-01,6.309319138526916504e-01,6.943619251251220703e-01
4.432606697082519531e-01,3.305253028869628906e+00,1.292954325675964355e+00
5.308899283409118652e-01,4.612087726593017578e+00,1.407464981079101562e+00
8.492321968078613281e-01,4.552586078643798828e+00,8.088021874427795410e-01
9.735945463180541992e-01,1.705131679773330688e-01,1.180644631385803223e+00
9.507111907005310059e-01,4.742921352386474609e+00,9.076837897300720215e-01
4.427001774311065674e-01,9.727340936660766602e-01,6.183666586875915527e-01
3.739856779575347900e-01,2.049009323120117188e+00,4.105004370212554932e-01
7.836849689483642578e-01,1.174321889877319336e+00,1.421329021453857422e+00
3.089323341846466064e-01,2.977938890457153320e+00,1.341303110122680664e+00
7.906035780906677246e-01,8.761522769927978516e-01,1.201827168464660645e+00
4.093001782894134521e-01,4.565796852111816406e+00,5.938688516616821289e-01
4.752251505851745605e-01,3.461972475051879883e+00,9.936622381210327148e-01
7.411105036735534668e-01,5.438145399093627930e-01,5.725988149642944336e-01
2.084166705608367920e-01,2.779734849929809570e+00,1.603411585092544556e-01
3.770221769809722900e-01,4.626614570617675781e+00,7.158128023147583008e-01
6.264454722404479980e-01,1.615528583526611328e+00,5.817863941192626953e-01
7.548157125711441040e-02,3.601374626159667969e+00,5.853681564331054688e-01
3.020931482315063477e-01,1.702916622161865234e+00,1.840801239013671875e-01
4.558508098125457764e-01,2.596630096435546875e+00,4.867685437202453613e-01
1.445008814334869385e-01,3.041624069213867188e+00,8.235438466072082520e-01
5.511208176612854004e-01,3.975138425827026367e+00,1.281860589981079102e+00
8.358104825019836426e-01,4.081545352935791016e+00,1.133061647415161133e-01
4.972550272941589355e-01,1.815954804420471191e+00,4.198927879333496094e-01
8.133729696273803711e-01,3.622655630111694336e+00,8.496394157409667969e-01
5.900798439979553223e-01,2.075382471084594727e-01,2.430904805660247803e-01
7.767447084188461304e-02,5.222342014312744141e-01,3.939521312713623047e-01
9.848212003707885742e-01,9.281893372535705566e-01,4.576151371002197266e-01
3.344175219535827637e-01,2.613311052322387695e+00,2.259200215339660645e-01
2.761244587600231171e-02,1.382423043251037598e+00,3.640732467174530029e-01
9.450931549072265625e-01,3.649717330932617188e+00,9.201975464820861816e-01
8.923863172531127930e-01,3.733955621719360352e+00,1.061570763587951660e+00
6.099337935447692871e-01,4.953232765197753906e+00,1.403836607933044434e-01
1.040538102388381958e-01,4.291544437408447266e+00,1.345077276229858398e+00
9.592856168746948242e-01,3.960569202899932861e-01,3.172339498996734619e-01
5.785573124885559082e-01,3.988071441650390625e+00,3.527164757251739502e-01
6.139261126518249512e-01,3.077826976776123047e+00,9.232131838798522949e-01
7.629812955856323242e-01,7.267953753471374512e-01,3.763028681278228760e-01
7.537814378738403320e-01,4.577058315277099609e+00,1.283950924873352051e+00
5.154247879981994629e-01,1.303632020950317383e+00,4.199044406414031982e-01
7.976126670837402344e-01,3.934851646423339844e+00,1.330536842346191406e+00
7.323464155197143555e-01,3.378867387771606445e+00,4.630003273487091064e-01
2.461125105619430542e-01,1.309097558259963989e-01,9.264925122261047363e-01
3.061245381832122803e-01,1.992365479469299316e+00,1.624303907155990601e-01
9.618170857429504395e-01,1.464992880821228027e+00,1.051119446754455566e+00
6.689085364341735840e-01,4.676740646362304688e+00,4.158186316490173340e-01
8.306544423103332520e-01,4.851465702056884766e+00,1.129572033882141113e+00
2.677114903926849365e-01,4.656227588653564453e+00,4.548885822296142578e-01
9.230097532272338867e-01,1.009702086448669434e+00,4.077352881431579590e-01
7.391848564147949219e-01,4.471746921539306641e+00,3.769947290420532227e-01
8.772227764129638672e-01,4.276418685913085938e+00,4.719692170619964600e-01
7.200884222984313965e-01,2.710329294204711914e+00,3.377074599266052246e-01
7.957684993743896484e-02,8.724097907543182373e-02,7.044425606727600098e-01
5.120578780770301819e-02,8.071174621582031250e-01,8.827517032623291016e-01
6.503581404685974121e-01,1.643275260925292969e+00,1.484708547592163086e+00
5.326203107833862305e-01,2.958858728408813477e+00,6.203535795211791992e-01
4.167920053005218506e-01,5.163035988807678223e-01,5.494521260261535645e-01
1.581707447767257690e-01,1.970433950424194336e+00,1.382928013801574707e+00
2.224210947751998901e-01,2.841208934783935547e+00,3.356881439685821533e-01
5.802334547042846680e-01,3.965356111526489258e+00,5.849767923355102539e-01
5.368301272392272949e-01,1.534983634948730469e+00,1.261721491813659668e+00
4.068597257137298584e-01,4.686333656311035156e+00,1.394154191017150879e+00
6.750023365020751953e-01,1.192980051040649414e+00,5.043621659278869629e-01
4.628247916698455811e-01,4.092978477478027344e+00,1.730204224586486816e-01
3.686820864677429199e-01,2.278293371200561523e+00,5.996832251548767090e-01
8.898677825927734375e-01,1.406144976615905762e+00,1.041549921035766602e+00
1.874394267797470093e-01,2.447851896286010742e+00,8.916242718696594238e-01
8.222424983978271484e-01,3.165568590164184570e+00,6.368898153305053711e-01
5.023104548454284668e-01,4.259514331817626953e+00,1.069938182830810547e+00
7.851039767265319824e-01,9.558553099632263184e-01,6.784969568252563477e-01
6.672662496566772461e-01,1.474930197000503540e-01,8.863793015480041504e-01
5.989873409271240234e-01,3.203809022903442383e+00,9.569914340972900391e-01
3.243127465248107910e-01,3.975729465484619141e+00,1.154597401618957520e+00
8.603873848915100098e-01,1.164232969284057617e+00,5.245848298072814941e-01
3.896385431289672852e-01,2.579394578933715820e+00,1.238965153694152832e+00
4.262864589691162109e-01,3.604887485504150391e+00,1.965787559747695923e-01
3.065831065177917480e-01,3.326140880584716797e+00,1.246006414294242859e-02
1.439690887928009033e-01,4.464930534362792969e+00,9.539652615785598755e-02
2.082962244749069214e-01,8.214583992958068848e-01,3.568583130836486816e-01
6.479799151420593262e-01,1.153404593467712402e+00,1.511743813753128052e-01
2.156995236873626709e-01,3.320196628570556641e+00,1.731515228748321533e-01
8.209412097930908203e-01,4.919923782348632812e+00,7.740070819854736328e-01
8.776023387908935547e-01,9.451325535774230957e-01,9.192660450935363770e-01
8.559089303016662598e-01,8.235102891921997070e-01,4.124614596366882324e-01
9.467114806175231934e-01,3.388030767440795898e+00,8.662900328636169434e-01
8.866323828697204590e-01,4.675103664398193359e+00,5.124697685241699219e-01
4.161503314971923828e-01,4.443952560424804688e+00,2.189573645591735840e-01
7.839097976684570312e-01,4.178903579711914062e+00,6.434662938117980957e-01
2.450075000524520874e-01,2.525441169738769531e+00,1.167908310890197754e+00
8.104627728462219238e-01,2.273434162139892578e+00,3.951762616634368896e-01
5.258868336677551270e-01,2.898892402648925781e+00,3.383596539497375488e-01
2.407101988792419434e-01,4.494756221771240234e+00,7.237564325332641602e-01
2.175896912813186646e-01,2.688773632049560547e+00,1.147802114486694336e+00
8.702901005744934082e-01,2.579977273941040039e+00,1.347986608743667603e-01
4.475691318511962891e-01,4.725343286991119385e-01,1.405881047248840332e+00
8.038713037967681885e-02,2.927325487136840820e+00,1.211324453353881836e+00
1.344987750053405762e-01,2.608962059020996094e-01,5.728273391723632812e-01
4.872426986694335938e-01,3.800205945968627930e+00,9.444423913955688477e-01
7.929927110671997070e-01,1.495909690856933594e+00,6.542766690254211426e-01
7.150053381919860840e-01,2.093221426010131836e+00,9.408034682273864746e-01
3.022114746272563934e-02,4.793764114379882812e+00,7.795035243034362793e-01
9.583719968795776367e-01,1.057474464178085327e-01,9.566015005111694336e-01
3.069137036800384521e-01,3.894457340240478516e+00,1.301772236824035645e+00
3.113687038421630859e-01,3.786252260208129883e+00,8.865436315536499023e-01
1.015495136380195618e-01,3.778765797615051270e-01,8.689206242561340332e-01
7.180146574974060059e-01,4.557110786437988281e+00,7.858324646949768066e-01
6.646645665168762207e-01,4.959520339965820312e+00,7.358591556549072266e-01
8.841679990291595459e-02,3.745736122131347656e+00,1.029185533523559570e+00
4.405253529548645020e-01,2.825375273823738098e-02,6.374273300170898438e-01
7.863417863845825195e-01,4.258059501647949219e+00,4.838250875473022461e-01
8.032680153846740723e-01,1.983510851860046387e+00,7.521701455116271973e-01
3.306225836277008057e-01,1.723056435585021973e+00,7.541369795799255371e-01
1.116000413894653320e-01,3.831287384033203125e+00,1.325566023588180542e-01
4.643765389919281006e-01,4.551845550537109375e+00,8.092772364616394043e-01
6.153863668441772461e-01,1.688856482505798340e+00,3.433401584625244141e-01
5.074605345726013184e-01,3.446048259735107422e+00,2.505162060260772705e-01
6.739814877510070801e-01,6.795074939727783203e-01,2.280869483947753906e-01
4.161016047000885010e-01,4.275073528289794922e+00,1.455260515213012695e-01
6.328079700469970703e-01,2.146278619766235352e+00,1.145130395889282227e+00
3.047110438346862793e-01,2.087084531784057617e+00,9.893001914024353027e-01
2.357635647058486938e-01,1.692778468132019043e+00,6.427812576293945312e-01
4.358237683773040771e-01,3.897317886352539062e+00,2.507605552673339844e-01
7.737552523612976074e-01,3.115330457687377930e+00,7.102439999580383301e-01
4.882280528545379639e-01,4.153876304626464844e+00,7.032320499420166016e-01
2.736749649047851562e-01,1.584531188011169434e+00,1.024793028831481934e+00
5.027695894241333008e-01,1.413104891777038574e+00,6.613839268684387207e-01
4.283579066395759583e-02,2.148691177368164062e+00,1.409523606300354004e+00
4.533222913742065430e-01,1.443022370338439941e+00,8.910672068595886230e-01
6.037812232971191406e-01,1.977756142616271973e+00,8.163750171661376953e-01
1.328091919422149658e-01,4.715794086456298828e+00,7.090795040130615234e-01
4.655188918113708496e-01,1.697202682495117188e+00,7.450627684593200684e-01
3.462025150656700134e-02,2.790556430816650391e+00,7.521536350250244141e-01
5.310040116310119629e-01,4.350178241729736328e+00,2.032204419374465942e-01
8.514408469200134277e-01,3.818971514701843262e-01,7.945502996444702148e-01
6.963974982500076294e-02,2.338084697723388672e+00,1.805839240550994873e-01
4.621883481740951538e-02,3.907570600509643555e+00,7.117404043674468994e-02
9.333627223968505859e-01,1.761941909790039062e+00,2.246362715959548950e-01
9.510211944580078125e-01,1.776614338159561157e-01,1.026420831680297852e+00
3.542779684066772461e-01,1.502903103828430176e+00,7.752589583396911621e-01
6.127492785453796387e-01,4.968840122222900391e+00,9.591670036315917969e-01
9.676516056060791016e-02,6.040072441101074219e-01,3.236716985702514648e-01
7.917113602161407471e-02,2.470132589340209961e+00,8.910108804702758789e-01
1.691506803035736084e-01,3.169805049896240234e+00,1.881926506757736206e-01
6.889411807060241699e-01,3.636530399322509766e+00,8.289077281951904297e-01
4.399052858352661133e-01,2.602524757385253906e+00,7.492196559906005859e-01
8.295211195945739746e-02,2.975047588348388672e+00,8.822311758995056152e-01
6.002658605575561523e-01,1.034068107604980469e+00,8.002032041549682617e-01
9.001117944717407227e-01,3.722245454788208008e+00,8.895640373229980469e-01
8.576104044914245605e-01,3.736539363861083984e+00,7.496237754821777344e-02
6.805068850517272949e-01,1.069208741188049316e+00,1.413803339004516602e+00
6.524690389633178711e-01,5.616127252578735352e-01,1.011049628257751465e+00
6.319496035575866699e-01,4.344789505004882812e+00,7.853307723999023438e-01
7.882187962532043457e-01,3.772041082382202148e+00,8.992621898651123047e-01
5.631039738655090332e-01,4.619009971618652344e+00,1.074531555175781250e+00
1.294993758201599121e-01,4.826614856719970703e+00,7.123060226440429688e-01
6.014703512191772461e-01,3.757005691528320312e+00,9.452935457229614258e-01
7.243166565895080566e-01,3.463568687438964844e+00,8.054676055908203125e-01
5.582981705665588379e-01,2.662527799606323242e+00,6.550005674362182617e-01
5.488776564598083496e-01,2.380105257034301758e+00,1.173863887786865234e+00
2.096824496984481812e-01,1.252763986587524414e+00,2.148667126893997192e-01
5.103756785392761230e-01,4.745507717132568359e+00,7.834444642066955566e-01
6.346935033798217773e-01,5.530976057052612305e-01,6.645776629447937012e-01
9.952575713396072388e-02,4.910792410373687744e-01,1.756896674633026123e-01
3.114841282367706299e-01,2.773294687271118164e+00,1.387230873107910156e+00
1.911180019378662109e-01,4.769188404083251953e+00,3.060694932937622070e-01
8.341877460479736328e-01,3.689385890960693359e+00,2.836841344833374023e-01
1.074763908982276917e-01,3.411489248275756836e+00,6.116605401039123535e-01
9.633270502090454102e-01,2.762809753417968750e+00,5.497625470161437988e-01
6.860288977622985840e-01,1.895805001258850098e+00,8.760857582092285156e-01
7.126483321189880371e-01,2.654823064804077148e+00,1.183140039443969727e+00
8.299652934074401855e-01,2.145619094371795654e-01,1.035839796066284180e+00
3.407250642776489258e-01,3.693350553512573242e+00,1.224109768867492676e+00
6.216015815734863281e-01,1.615263223648071289e+00,2.190702855587005615e-01
5.390129685401916504e-01,4.988682866096496582e-01,6.317602992057800293e-01
7.669590115547180176e-01,1.435478210449218750e+00,5.097483396530151367e-01
7.588220834732055664e-01,3.101693093776702881e-01,3.928126394748687744e-01
3.642189800739288330e-01,3.887683391571044922e+00,3.554235100746154785e-01
1.643351167440414429e-01,1.793975472450256348e+00,4.565895199775695801e-01
7.601433992385864258e-01,7.898440361022949219e-01,1.302446007728576660e+00
8.004189133644104004e-01,2.469487041234970093e-01,8.774220943450927734e-01
8.285741806030273438e-01,4.045422554016113281e+00,5.184181928634643555e-01
3.531697392463684082e-01,4.732502937316894531e+00,4.962353706359863281e-01
3.349763453006744385e-01,3.397590398788452148e+00,7.819722890853881836e-01
4.282278418540954590e-01,1.788972616195678711e+00,1.123754739761352539e+00
7.516649365425109863e-01,4.810660839080810547e+00,1.387233376502990723e+00
2.157652378082275391e-01,1.387329339981079102e+00,1.179667353630065918e+00
5.730703473091125488e-01,1.178029417991638184e+00,8.876808881759643555e-01
2.941771447658538818e-01,4.064898490905761719e+00,3.098084591329097748e-02
6.471475362777709961e-01,2.173879861831665039e+00,7.996188998222351074e-01
8.333195447921752930e-01,2.614416599273681641e+00,1.038451075553894043e+00
4.190454483032226562e-01,4.187678337097167969e+00,1.295012354850769043e+00
4.498744904994964600e-01,3.919632673263549805e+00,6.871877908706665039e-01
9.090046286582946777e-01,3.632265806198120117e+00,1.785544902086257935e-01
7.385255098342895508e-01,3.503294944763183594e+00,1.347433924674987793e+00
4.112651944160461426e-01,8.273763656616210938e-01,8.218075633049011230e-01
8.152323961257934570e-01,1.064757943153381348e+00,4.502516686916351318e-01
8.277489542961120605e-01,7.447677254676818848e-01,5.696949958801269531e-01
6.101607680320739746e-01,1.405571579933166504e+00,5.123061537742614746e-01
5.073029398918151855e-01,5.807756781578063965e-01,1.198347926139831543e+00
8.708338737487792969e-01,3.250123500823974609e+00,8.853909969329833984e-01
4.153645932674407959e-01,3.448370695114135742e+00,6.810595989227294922e-01
3.737746775150299072e-01,4.174447536468505859e+00,8.663315176963806152e-01
3.030107915401458740e-01,4.834084987640380859e+00,1.126515939831733704e-01
6.988683342933654785e-01,3.919153928756713867e+00,7.434663176536560059e-01
3.029485046863555908e-01,3.451109886169433594e+00,1.112233757972717285e+00
3.657764196395874023e-01,4.332892417907714844e+00,9.421097636222839355e-01
6.529933214187622070e-01,2.806481838226318359e+00,1.150468468666076660e+00
6.530465185642242432e-02,1.397919416427612305e+00,5.552995204925537109e-01
4.767240881919860840e-01,4.370921611785888672e+00,1.417547941207885742e+00
5.851398110389709473e-01,1.429492354393005371e+00,6.960582733154296875e-01
5.881543755531311035e-01,1.248167157173156738e+00,7.240104079246520996e-01
7.879275083541870117e-01,3.444443941116333008e+00,1.119753241539001465e+00
2.200555205345153809e-01,4.851542472839355469e+00,8.802080750465393066e-01
8.588993549346923828e-01,3.734655380249023438e+00,1.371508240699768066e+00
9.407232403755187988e-01,4.359421253204345703e+00,1.008805751800537109e+00
6.376624107360839844e-01,3.933473110198974609e+00,9.701238274574279785e-01
7.142833471298217773e-01,3.092881917953491211e+00,3.435896039009094238e-01
4.676785171031951904e-01,1.786314368247985840e+00,7.556237578392028809e-01
4.077535271644592285e-01,2.931043803691864014e-01,8.669000864028930664e-01
8.328163027763366699e-01,3.823929727077484131e-01,4.977106750011444092e-01
9.820039272308349609e-01,4.308377265930175781e+00,2.943519353866577148e-01
8.451839089393615723e-01,2.861657381057739258e+00,2.193114161491394043e-01
8.241937756538391113e-01,4.338602542877197266e+00,1.215536117553710938e+00
3.999978601932525635e-01,2.610551357269287109e+00,1.304869174957275391e+00
9.573868513107299805e-01,2.142434597015380859e+00,9.417304396629333496e-01
4.718564152717590332e-01,2.882991075515747070e+00,1.620384454727172852e-01
6.016030311584472656e-01,3.469877004623413086e+00,1.191951870918273926e+00
5.676317811012268066e-01,3.673439979553222656e+00,5.430289506912231445e-01
3.953180015087127686e-01,4.185094535350799561e-01,1.112700939178466797e+00
2.052479684352874756e-01,2.106482982635498047e+00,8.280642628669738770e-01
8.518257141113281250e-01,4.794463157653808594e+00,3.652590215206146240e-01
6.279867887496948242e-01,4.069741249084472656e+00,6.928711533546447754e-01
5.328884124755859375e-01,9.420539140701293945e-01,5.938428640365600586e-01
2.159535288810729980e-01,4.851807653903961182e-01,8.685333728790283203e-01
2.380213290452957153e-01,1.142119690775871277e-01,4.477974772453308105e-01
5.301488563418388367e-02,1.140162229537963867e+00,6.390214562416076660e-01
7.476730942726135254e-01,3.282304048538208008e+00,8.229995369911193848e-01
6.119071245193481445e-01,3.256059885025024414e+00,6.047569513320922852e-01
6.242478489875793457e-01,3.688160181045532227e+00,9.205322861671447754e-01
3.118416666984558105e-01,3.778010308742523193e-01,2.406360805034637451e-01
1.798418313264846802e-01,2.506261825561523438e+00,1.004493832588195801e+00
9.265508651733398438e-01,1.316529750823974609e+00,4.800207912921905518e-01
5.515075325965881348e-01,2.975252389907836914e+00,1.234230756759643555e+00
9.123783707618713379e-01,4.111892223358154297e+00,6.516364812850952148e-01
4.121359288692474365e-01,2.824000835418701172e+00,4.339024722576141357e-01
1.188394427299499512e-01,3.141397237777709961e+00,8.424720764160156250e-01
4.650307893753051758e-01,3.023861646652221680e+00,1.286001682281494141e+00
7.163053750991821289e-01,2.464630126953125000e+00,1.470840215682983398e+00
5.261634588241577148e-01,2.132249116897583008e+00,5.303234457969665527e-01
1.934098154306411743e-01,2.701073884963989258e+00,7.746929526329040527e-01
7.534286975860595703e-01,1.932357668876647949e+00,6.462569832801818848e-01
9.851427078247070312e-01,3.438270568847656250e+00,9.519639015197753906e-01
3.174214065074920654e-01,3.908463954925537109e+00,7.521861195564270020e-01
1.064341664314270020e-01,2.281739950180053711e+00,3.834398090839385986e-01
1.092671751976013184e-01,3.024214029312133789e+00,8.206981420516967773e-01
6.893463730812072754e-01,4.349586963653564453e+00,1.889344900846481323e-01
2.071236632764339447e-02,1.879676938056945801e+00,7.811759114265441895e-01
7.710497975349426270e-01,3.923813343048095703e+00,6.608282923698425293e-01
5.619281530380249023e-01,4.011358261108398438e+00,1.100501298904418945e+00
3.824250996112823486e-01,3.691411733627319336e+00,8.573545813560485840e-01
4.564690589904785156e-01,1.592924952507019043e+00,1.348499655723571777e+00
2.622425258159637451e-01,3.205093622207641602e+00,3.860788345336914062e-01
1.887415796518325806e-01,1.050914049148559570e+00,1.149913296103477478e-01
9.114558696746826172e-01,4.513562679290771484e+00,1.028512477874755859e+00
9.207382202148437500e-01,4.717902660369873047e+00,5.297704935073852539e-01
1.698675155639648438e-01,5.020007491111755371e-01,1.073139667510986328e+00
5.311869382858276367e-01,2.791598796844482422e+00,2.397867441177368164e-01
4.704819023609161377e-01,3.779063701629638672e+00,9.575285911560058594e-01
6.341739296913146973e-01,1.489711642265319824e+00,5.569599270820617676e-01
6.216802000999450684e-01,2.665029764175415039e+00,1.071429729461669922e+00
3.355318605899810791e-01,2.085340738296508789e+00,1.094611763954162598e+00
3.311986625194549561e-01,3.943348824977874756e-01,6.693447828292846680e-01
1.810403019189834595e-01,1.966878890991210938e+00,1.346175551414489746e+00
1.303265690803527832e-01,1.660957217216491699e+00,1.433702468872070312e+00
4.571110308170318604e-01,3.745761632919311523e+00,1.094020962715148926e+00
2.343546450138092041e-01,4.357981204986572266e+00,1.894243955612182617e-01
3.311650753021240234e-01,4.228094577789306641e+00,1.160875678062438965e+00
6.470410823822021484e-01,4.387092113494873047e+00,8.022428750991821289e-01
3.976657092571258545e-01,1.212001562118530273e+00,9.041458368301391602e-01
1.447708755731582642e-01,1.494397759437561035e+00,8.491811752319335938e-01
1.472752988338470459e-01,3.868685960769653320e+00,8.395634591579437256e-03
2.428032308816909790e-01,8.264094591140747070e-01,1.141091227531433105e+00
3.773515522480010986e-01,2.697767734527587891e+00,1.442955732345581055e-01
1.337895840406417847e-01,4.073655605316162109e+00,1.027564287185668945e+00
8.673302531242370605e-01,2.869774818420410156e+00,2.609186470508575439e-01
6.221548467874526978e-02,4.162834644317626953e+00,6.184958219528198242e-01
4.266034662723541260e-01,1.035029172897338867e+00,1.161838531494140625e+00
6.263550519943237305e-01,3.523357868194580078e+00,1.292767167091369629e+00
1.170842573046684265e-01,1.942179322242736816e+00,1.684009283781051636e-01
2.620702981948852539e-01,4.283476829528808594e+00,7.694679498672485352e-01
9.166758060455322266e-01,4.946362972259521484e+00,1.047516584396362305e+00
5.966169238090515137e-01,4.333636760711669922e+00,7.943772673606872559e-01
6.179605126380920410e-01,1.826381206512451172e+00,2.869935929775238037e-01
2.434686124324798584e-01,4.960200309753417969e+00,1.013789653778076172e+00
5.334496498107910156e-01,2.313507080078125000e+00,5.283029675483703613e-01
5.279526710510253906e-01,3.299511671066284180e+00,8.461758494377136230e-01
8.863103389739990234e-01,4.021317005157470703e+00,4.937144517898559570e-01
2.683416903018951416e-01,2.486805200576782227e+00,5.894664525985717773e-01
1.816299557685852051e-01,1.506683588027954102e+00,3.342627286911010742e-01
8.182057142257690430e-01,3.186717510223388672e+00,6.417229771614074707e-01
8.739567995071411133e-01,6.585738062858581543e-01,6.803283691406250000e-01
4.640500247478485107e-01,3.331337928771972656e+00,3.160809874534606934e-01
9.702918529510498047e-01,4.170156478881835938e+00,6.401797533035278320e-01
8.993058204650878906e-01,2.210373401641845703e+00,2.426996082067489624e-01
5.636067390441894531e-01,3.412348628044128418e-01,1.063908815383911133e+00
3.402952551841735840e-01,8.289232254028320312e-01,9.101502895355224609e-01
7.451035380363464355e-01,3.769505262374877930e+00,1.064437866210937500e+00
9.033554792404174805e-01,1.263639807701110840e+00,5.002536773681640625e-01
9.090421199798583984e-01,1.768024444580078125e+00,9.774288535118103027e-01
5.640773773193359375e-01,4.458900451660156250e+00,1.011528253555297852e+00
5.260015726089477539e-01,1.361775398254394531e+00,1.189459562301635742e-01
5.710174441337585449e-01,1.854073166847229004e+00,2.124093919992446899e-01
5.183480978012084961e-01,4.444528102874755859e+00,1.036626920104026794e-01
2.427900880575180054e-01,4.115948677062988281e+00,1.180693030357360840e+00
6.658304333686828613e-01,3.299112796783447266e+00,3.705306351184844971e-01
1.165754199028015137e-01,4.368981361389160156e+00,1.087825775146484375e+00
4.518007338047027588e-01,2.648350715637207031e+00,2.960180938243865967e-01
9.934979677200317383e-01,1.422636270523071289e+00,5.640814900398254395e-01
4.723412394523620605e-01,2.855996847152709961e+00,1.201088428497314453e+00
7.699432969093322754e-01,2.959867238998413086e+00,6.565201878547668457e-01
2.590720951557159424e-01,1.770214676856994629e+00,3.768777847290039062e-01
8.345432877540588379e-01,4.746031388640403748e-02,1.364795207977294922e+00
4.515204727649688721e-01,2.802948713302612305e+00,4.329216778278350830e-01
2.836230695247650146e-01,3.807242393493652344e+00,6.662644147872924805e-01
7.156600952148437500e-01,3.350701808929443359e+00,1.359844923019409180e+00
8.128344416618347168e-01,4.933673858642578125e+00,1.048808932304382324e+00
8.428357243537902832e-01,1.196498394012451172e+00,2.699110209941864014e-01
3.477862477302551270e-01,5.047596096992492676e-01,5.672622323036193848e-01
5.498380661010742188e-01,6.506456136703491211e-01,9.063042998313903809e-01
6.027516722679138184e-01,4.799785614013671875e+00,1.363203644752502441e+00
6.393449306488037109e-01,2.595041513442993164e+00,8.240167498588562012e-01
4.175965189933776855e-01,4.328080654144287109e+00,9.242238402366638184e-01
6.742207407951354980e-01,2.408527374267578125e+00,2.495811879634857178e-01
7.367785573005676270e-01,1.104007735848426819e-01,1.109886169433593750e+00
7.570832371711730957e-01,2.925294637680053711e+00,5.526530742645263672e-01
7.882134616374969482e-02,1.107963442802429199e+00,9.693294167518615723e-01
5.523033142089843750e-01,4.035026073455810547e+00,4.130938649177551270e-01
4.556018114089965820e-01,4.028868675231933594e+00,8.035025596618652344e-01
4.367955029010772705e-01,2.336805105209350586e+00,1.073560476303100586e+00
1.783058047294616699e-01,1.571850657463073730e+00,7.677456736564636230e-01
9.987342357635498047e-01,1.612836122512817383e-01,7.465591430664062500e-01
4.351351559162139893e-01,3.076905727386474609e+00,5.572267770767211914e-01
5.788583159446716309e-01,7.695693373680114746e-01,1.880885809659957886e-01
8.539844155311584473e-01,3.967547178268432617e+00,6.350397467613220215e-01
6.419180035591125488e-01,2.823405981063842773e+00,1.649105070100631565e-05
9.492191672325134277e-01,4.654781341552734375e+00,1.309804081916809082e+00
2.780701518058776855e-01,1.890696525573730469e+00,9.841293692588806152e-01
6.026940941810607910e-01,8.901886343955993652e-01,7.103502750396728516e-01
5.209377408027648926e-01,4.329604148864746094e+00,6.108681559562683105e-01
2.591954767704010010e-01,4.468328475952148438e+00,3.350728452205657959e-01
3.202976286411285400e-01,3.273477792739868164e+00,1.155419945716857910e+00
4.921310842037200928e-01,3.008428096771240234e+00,5.481643676757812500e-01
9.930208325386047363e-02,4.995060443878173828e+00,1.828578412532806396e-01
3.974791467189788818e-01,2.956707477569580078e+00,1.321297049522399902e+00
6.931294798851013184e-01,4.079741001129150391e+00,1.038719296455383301e+00
6.612037420272827148e-01,4.625768184661865234e+00,2.220205068588256836e-01
4.008777141571044922e-01,3.474172115325927734e+00,1.317498683929443359e+00
8.849382400512695312e-01,2.208533763885498047e+00,4.636109471321105957e-01
3.943885564804077148e-01,3.664249658584594727e+00,1.290154755115509033e-01
9.161797761917114258e-01,1.288225054740905762e+00,4.163145422935485840e-01
5.773489475250244141e-01,4.320452213287353516e+00,2.159302830696105957e-01
6.107451319694519043e-01,6.988149285316467285e-01,1.437939047813415527e+00
7.893159389495849609e-01,4.125857830047607422e+00,2.349575236439704895e-02
2.015651762485504150e-01,4.654218673706054688e+00,7.337842583656311035e-01
5.061981081962585449e-01,2.442529201507568359e+00,1.065796017646789551e+00
5.188491940498352051e-01,4.836674213409423828e+00,9.316380620002746582e-01
8.768711686134338379e-01,2.646107912063598633e+00,3.279125988483428955e-01
7.805784940719604492e-01,8.592782616615295410e-01,1.061911582946777344e+00
7.185868620872497559e-01,1.948628187179565430e+00,9.776548147201538086e-01
3.129484355449676514e-01,4.846335887908935547e+00,1.322225451469421387e+00
2.054421752691268921e-01,2.435694456100463867e+00,9.159540534019470215e-01
6.874338984489440918e-01,1.487593412399291992e+00,3.178803026676177979e-01
4.214586615562438965e-01,1.320346474647521973e+00,1.226424813270568848e+00
5.224911570549011230e-01,6.343301534652709961e-01,1.397110581398010254e+00
9.066025018692016602e-01,1.250816106796264648e+00,2.022425532341003418e-01
6.461637467145919800e-02,4.150788307189941406e+00,1.187981843948364258e+00
8.378933668136596680e-01,5.387297868728637695e-01,4.859986901283264160e-01
6.663580536842346191e-01,2.225947141647338867e+00,2.248094826936721802e-01
7.529557347297668457e-01,2.517927587032318115e-01,9.026771783828735352e-01
7.647650241851806641e-01,4.976000785827636719e+00,8.965699672698974609e-01
4.522611498832702637e-01,4.609403610229492188e+00,9.552106261253356934e-01
9.366187453269958496e-01,1.445373296737670898e+00,1.101007580757141113e+00
8.248791694641113281e-01,1.618043661117553711e+00,1.352204680442810059e-01
2.529557347297668457e-01,1.622947812080383301e+00,7.540526986122131348e-01
3.799916207790374756e-01,3.858105421066284180e+00,1.215132951736450195e+00
9.166342020034790039e-01,2.751739978790283203e+00,6.463218331336975098e-01
3.762125596404075623e-02,4.563236713409423828e+00,4.217337369918823242e-01
3.913171887397766113e-01,3.666828393936157227e+00,1.398650646209716797e+00
2.998415827751159668e-01,3.428290486335754395e-01,9.002873301506042480e-01
6.947485804557800293e-01,3.185115814208984375e+00,5.215017199516296387e-01
7.131730914115905762e-01,4.312253475189208984e+00,9.537916779518127441e-01
8.833896517753601074e-01,3.470100164413452148e+00,5.853353738784790039e-01
7.510617375373840332e-01,4.671257972717285156e+00,8.045900464057922363e-01
1.021414771676063538e-01,5.031298398971557617e-01,5.621414780616760254e-01
2.430479079484939575e-01,2.394106388092041016e+00,7.553189992904663086e-01
9.145262241363525391e-01,2.055857419967651367e+00,2.908767759799957275e-01
4.056665301322937012e-02,4.887104034423828125e+00,9.693374037742614746e-01
4.280122518539428711e-01,1.627996444702148438e+00,7.777273654937744141e-01
9.049318432807922363e-01,1.805567622184753418e+00,1.971948593854904175e-01
4.276663661003112793e-01,2.114274740219116211e+00,1.302495718002319336e+00
6.049531046301126480e-03,2.849866449832916260e-01,9.275635480880737305e-01
1.726447045803070068e-01,3.466366529464721680e+00,2.579913139343261719e-01
3.729313910007476807e-01,1.567343473434448242e+00,6.890624165534973145e-01
6.978223919868469238e-01,4.057377338409423828e+00,9.247671961784362793e-01
6.203055977821350098e-01,2.209023475646972656e+00,4.508874416351318359e-01
6.050907969474792480e-01,1.589590549468994141e+00,6.375427842140197754e-01
9.717887639999389648e-01,2.870869636535644531e+00,9.700171351432800293e-01
5.685959458351135254e-01,4.059331417083740234e+00,1.110791683197021484e+00
1.690006852149963379e-01,1.326561689376831055e+00,8.234130144119262695e-01
8.259375691413879395e-01,3.131491422653198242e+00,1.395251631736755371e+00
5.279235839843750000e-01,8.210584521293640137e-01,6.187876462936401367e-01
1.393892019987106323e-01,2.452679395675659180e+00,6.876226067543029785e-01
9.943996071815490723e-01,4.566987514495849609e+00,8.409980535507202148e-01
8.253290653228759766e-01,3.636815071105957031e+00,1.227700948715209961e+00
4.783333539962768555e-01,2.111149549484252930e+00,4.921704828739166260e-01
8.342015147209167480e-01,1.690367221832275391e+00,5.881443023681640625e-01
7.276191115379333496e-01,2.567189931869506836e+00,9.629305005073547363e-01
9.398492574691772461e-01,1.352800846099853516e+00,1.461394667625427246e+00
3.422125875949859619e-01,3.504848480224609375e+00,1.015452265739440918e+00
5.113053917884826660e-01,6.999934315681457520e-01,9.623654484748840332e-01
3.377442061901092529e-01,2.781116962432861328e-01,9.012783169746398926e-01
4.273861348628997803e-01,2.515417098999023438e+00,7.307490706443786621e-01
5.764762163162231445e-01,2.721908330917358398e+00,1.163308978080749512e+00
7.018287181854248047e-01,4.437927722930908203e+00,9.812539070844650269e-02
6.324808597564697266e-01,1.638176560401916504e+00,4.680270850658416748e-01
3.519403338432312012e-01,2.562546730041503906e-01,6.900355219841003418e-01
5.800947546958923340e-01,4.403809547424316406e+00,1.102680921554565430e+00
8.654329180717468262e-01,2.909624338150024414e+00,1.237923502922058105e+00
9.150577187538146973e-01,2.780321836471557617e+00,3.811932206153869629e-01
8.058621883392333984e-01,1.440677642822265625e+00,2.695732116699218750e-01
4.568211138248443604e-01,3.441146850585937500e+00,9.146894514560699463e-02
8.080711364746093750e-01,1.829399466514587402e+00,4.529757797718048096e-01
2.798719145357608795e-02,2.634051322937011719e+00,6.826736330986022949e-01
8.177512884140014648e-01,3.214208602905273438e+00,2.920724749565124512e-01
5.804961919784545898e-01,4.489072799682617188e+00,8.261675834655761719e-01
3.467046022415161133e-01,4.042915821075439453e+00,2.708922922611236572e-01
6.658543348312377930e-01,4.432325839996337891e+00,1.239525794982910156e+00
5.717502832412719727e-01,3.493374109268188477e+00,1.182404398918151855e+00
5.539615750312805176e-01,3.663781642913818359e+00,2.479346990585327148e-01
5.714804530143737793e-01,1.866349339485168457e+00,5.063674449920654297e-01
8.374158740043640137e-01,3.580561637878417969e+00,1.696974188089370728e-01
6.084910035133361816e-01,4.030707836151123047e+00,6.073701977729797363e-01
2.617732882499694824e-01,4.762579441070556641e+00,1.006889790296554565e-01
8.129351735115051270e-01,3.285921096801757812e+00,1.090749859809875488e+00
8.083775639533996582e-01,3.954771518707275391e+00,1.076146125793457031e+00
7.556485533714294434e-01,3.544579029083251953e+00,4.500460922718048096e-01
4.198687672615051270e-01,3.641062259674072266e+00,7.897331118583679199e-01
3.490777313709259033e-01,4.021268844604492188e+00,3.584280908107757568e-01
8.662744760513305664e-01,2.457529783248901367e+00,8.026156425476074219e-01
4.792583882808685303e-01,2.627546072006225586e+00,1.133112788200378418e+00
1.519899815320968628e-01,2.125099182128906250e+00,4.775235652923583984e-01
3.040930926799774170e-01,3.912601947784423828e+00,9.579405188560485840e-01
2.338362485170364380e-02,2.640162229537963867e+00,9.902978539466857910e-01
8.968750834465026855e-01,3.810489892959594727e+00,2.824904620647430420e-01
4.455617070198059082e-02,2.571659326553344727e+00,1.148694276809692383e+00
6.394580006599426270e-01,2.493495464324951172e+00,3.319727182388305664e-01
6.954454779624938965e-01,4.483972549438476562e+00,9.094729423522949219e-01
9.437004476785659790e-02,1.608890891075134277e+00,7.071657776832580566e-01
7.207732796669006348e-01,8.977153301239013672e-01,2.187041044235229492e-01
7.715815901756286621e-01,2.023802518844604492e+00,7.360598444938659668e-01
6.336006522178649902e-01,1.529981255531311035e+00,3.346665799617767334e-01
8.987650871276855469e-01,2.006315708160400391e+00,5.901979804039001465e-01
4.201637804508209229e-01,2.470750331878662109e+00,3.314249217510223389e-01
3.315163552761077881e-01,3.392335474491119385e-01,1.120963811874389648e+00
5.994391441345214844e-01,2.121763229370117188e+00,9.848746061325073242e-01
4.670121967792510986e-01,3.310000419616699219e+00,1.567074358463287354e-01
7.887313365936279297e-01,3.150949954986572266e+00,7.733606547117233276e-02
6.554484963417053223e-01,3.248844385147094727e+00,7.813237309455871582e-01
5.885351300239562988e-01,3.919265031814575195e+00,8.936074376106262207e-01
5.730019807815551758e-01,2.432430505752563477e+00,1.385514974594116211e+00
3.562940657138824463e-01,1.733087599277496338e-01,9.030212759971618652e-01
7.088884115219116211e-01,4.249705791473388672e+00,7.246559858322143555e-01
2.515889406204223633e-01,3.488404989242553711e+00,1.238249301910400391e+00
4.722776710987091064e-01,4.831720888614654541e-01,1.116721749305725098e+00
1.506935656070709229e-01,2.713085412979125977e+00,5.127972364425659180e-01
8.144787549972534180e-01,3.111428260803222656e+00,3.268907666206359863e-01
6.678112149238586426e-01,2.601010560989379883e+00,1.360950708389282227e+00
5.886455774307250977e-01,4.196924686431884766e+00,1.059273004531860352e+00
3.903683423995971680e-01,9.864899516105651855e-01,1.415265440940856934e+00
7.441776990890502930e-01,4.610897064208984375e+00,4.684562683105468750e-01
6.172020435333251953e-01,4.220715999603271484e+00,1.196180939674377441e+00
4.237455427646636963e-01,2.132770299911499023e+00,4.748804569244384766e-01
4.509618878364562988e-01,3.723209619522094727e+00,9.392382502555847168e-01
2.022792398929595947e-01,4.657488822937011719e+00,1.076623082160949707e+00
1.992641389369964600e-01,4.297386646270751953e+00,1.075197577476501465e+00
1.007362231612205505e-01,4.872940063476562500e+00,3.640795648097991943e-01
4.710470512509346008e-02,4.364414215087890625e+00,3.820491731166839600e-01
8.396236300468444824e-01,4.093840122222900391e+00,6.836372017860412598e-01
7.487884759902954102e-01,3.952456235885620117e+00,8.956970572471618652e-01
7.093671560287475586e-01,1.975614309310913086e+00,2.701604366302490234e-01
6.647294759750366211e-01,3.398550510406494141e+00,2.510467469692230225e-01
2.767159044742584229e-01,4.873454570770263672e+00,1.172881603240966797e+00
8.138844966888427734e-01,3.358435392379760742e+00,1.173299789428710938e+00
6.909361481666564941e-01,2.877064704895019531e+00,1.102141737937927246e+00
9.441728889942169189e-02,1.621934056282043457e+00,4.508331120014190674e-01
3.005100488662719727e-01,2.635565519332885742e+00,9.415304064750671387e-01
3.876548111438751221e-01,6.095490455627441406e-01,7.553991675376892090e-01
5.930793285369873047e-01,3.916073322296142578e+00,5.399019122123718262e-01
3.995343446731567383e-01,2.906666994094848633e-01,6.362134814262390137e-01
8.771127462387084961e-01,1.449905157089233398e+00,4.832419157028198242e-01
8.953347802162170410e-01,4.766593933105468750e+00,4.063512384891510010e-01
2.125233709812164307e-01,4.527903079986572266e+00,2.578921318054199219e-01
8.552669286727905273e-01,4.718939781188964844e+00,9.551496505737304688e-01
6.327752470970153809e-01,1.232333481311798096e-01,6.805791258811950684e-01
1.776261627674102783e-01,1.399953246116638184e+00,1.341551542282104492e-01
5.710198283195495605e-01,3.484305381774902344e+00,1.432251572608947754e+00
5.228785872459411621e-01,1.223043680191040039e+00,7.842652797698974609e-01
3.465926945209503174e-01,4.131899833679199219e+00,1.071657896041870117e+00
8.500726819038391113e-01,4.709423542022705078e+00,3.726368248462677002e-01
3.191349208354949951e-01,2.864332675933837891e+00,7.009383440017700195e-01
7.104807496070861816e-01,4.870947360992431641e+00,1.490591280162334442e-02
8.892115205526351929e-02,4.531009674072265625e+00,9.027676582336425781e-01
8.118106722831726074e-01,8.605830669403076172e-01,2.503104507923126221e-01
8.611343502998352051e-01,9.429403543472290039e-01,9.664160013198852539e-02
9.646166563034057617e-01,3.877799749374389648e+00,7.470341324806213379e-01
5.033602118492126465e-01,5.548744648694992065e-02,5.739831924438476562e-01
3.872225582599639893e-01,4.669497013092041016e+00,7.099189758300781250e-01
3.974397778511047363e-01,4.722942829132080078e+00,7.366673350334167480e-01
1.048079654574394226e-01,2.107929289340972900e-01,4.359458386898040771e-01
1.343163251876831055e-01,1.609271764755249023e+00,3.932630717754364014e-01
1.698886007070541382e-01,3.469940900802612305e+00,9.277014136314392090e-01
4.373394846916198730e-01,3.422580242156982422e+00,1.200183391571044922e+00
8.804509639739990234e-01,3.710457086563110352e+00,1.188183665275573730e+00
3.122617006301879883e-01,2.045326948165893555e+00,7.131654024124145508e-01
4.545115232467651367e-01,2.130407333374023438e+00,2.994909584522247314e-01
7.573269605636596680e-01,2.281193017959594727e+00,1.014358878135681152e+00
3.340632021427154541e-01,2.777336597442626953e+00,2.436595708131790161e-01
3.563456237316131592e-01,3.380977153778076172e+00,2.952498793601989746e-01
6.396365761756896973e-01,7.468570470809936523e-01,3.751466870307922363e-01
4.696874022483825684e-01,4.389191150665283203e+00,1.006611704826354980e+00
8.709022998809814453e-01,1.357520937919616699e+00,7.567217946052551270e-01
7.788464426994323730e-01,4.205424785614013672e+00,5.591230392456054688e-01
8.648342490196228027e-01,1.130357384681701660e+00,6.012354493141174316e-01
7.587360739707946777e-01,3.283418893814086914e+00,1.239917576313018799e-01
9.551731944084167480e-01,3.084931135177612305e+00,1.271295666694641113e+00
8.514697551727294922e-01,1.819237351417541504e+00,1.029825091361999512e+00
5.098935365676879883e-01,4.194488227367401123e-01,1.380213499069213867e+00
3.323970735073089600e-01,4.934772968292236328e+00,1.562309861183166504e-01
1.695157885551452637e-01,3.367384910583496094e+00,1.008012771606445312e+00
5.050652623176574707e-01,4.268751144409179688e+00,8.543650507926940918e-01
5.218132734298706055e-01,4.402307510375976562e+00,4.502339661121368408e-01
9.144895672798156738e-01,3.039566993713378906e+00,6.301680803298950195e-01
1.592559181153774261e-02,3.758976459503173828e+00,8.272312283515930176e-01
2.422629892826080322e-01,2.873737335205078125e+00,5.819688439369201660e-01
4.618058204650878906e-01,3.545571565628051758e+00,1.024413466453552246e+00
8.879528641700744629e-01,1.055983066558837891e+00,5.485660955309867859e-02
9.857388734817504883e-01,1.945865392684936523e+00,9.939051866531372070e-01
4.348332881927490234e-01,9.878427982330322266e-01,1.038909316062927246e+00
3.431771695613861084e-01,1.747256040573120117e+00,7.588011026382446289e-01
3.173403739929199219e-01,3.982744455337524414e+00,7.793417572975158691e-01
6.575257182121276855e-01,2.155080318450927734e+00,3.842191696166992188e-01
3.400914371013641357e-01,3.376211881637573242e+00,1.091854214668273926e+00
6.727135777473449707e-01,7.086153626441955566e-01,8.287898302078247070e-01
4.494262933731079102e-01,4.035467624664306641e+00,9.781612157821655273e-01
5.187869071960449219e-01,1.796169877052307129e+00,5.567067265510559082e-01
6.659847497940063477e-01,3.881268739700317383e+00,1.823673546314239502e-01
7.965348362922668457e-01,1.784781932830810547e+00,8.218752145767211914e-01
3.292214274406433105e-01,3.960532665252685547e+00,3.289828598499298096e-01
5.432489514350891113e-01,1.941890835762023926e+00,7.647612690925598145e-01
8.644196391105651855e-01,3.782322645187377930e+00,4.800063371658325195e-01
2.809073030948638916e-01,5.431277751922607422e-01,2.997647523880004883e-01
7.941071391105651855e-01,3.960395812988281250e+00,1.326464891433715820e+00
6.366893053054809570e-01,1.751314282417297363e+00,1.308938145637512207e+00
5.938460826873779297e-01,3.848429203033447266e+00,8.354301452636718750e-01
7.901522517204284668e-01,2.460511922836303711e-01,3.126211464405059814e-01
4.803602099418640137e-01,4.380424022674560547e+00,6.984254717826843262e-01
8.531469702720642090e-01,1.377271413803100586e+00,1.378855466842651367e+00
5.044109225273132324e-01,2.876073598861694336e+00,1.380184531211853027e+00
5.761509761214256287e-02,2.331344366073608398e+00,6.499977111816406250e-01
8.994489312171936035e-01,3.405835628509521484e+00,8.378441333770751953e-01
3.409097492694854736e-01,3.776577472686767578e+00,1.364314794540405273e+00
7.322717905044555664e-01,4.087291657924652100e-01,5.090534090995788574e-01
6.647865772247314453e-01,2.245689153671264648e+00,1.382335543632507324e+00
5.164641737937927246e-01,2.062005519866943359e+00,2.273082882165908813e-01
2.333848625421524048e-01,4.406754016876220703e+00,6.114428043365478516e-01
9.141768813133239746e-01,3.693599939346313477e+00,3.816660046577453613e-01
7.008535265922546387e-01,2.782684326171875000e+00,1.239227294921875000e+00
9.705255031585693359e-01,9.899200201034545898e-01,9.672293066978454590e-01
8.155367374420166016e-01,9.263473004102706909e-02,3.651179671287536621e-01
8.549717664718627930e-01,1.497743010520935059e+00,5.661982297897338867e-01
8.609751462936401367e-01,1.449206233024597168e+00,6.934586167335510254e-01
7.689875364303588867e-01,5.541943907737731934e-01,1.028178572654724121e+00
4.333857297897338867e-01,4.385036945343017578e+00,9.567092657089233398e-01
7.466340065002441406e-01,4.117347717285156250e+00,9.880011677742004395e-01
7.747151851654052734e-01,4.748788475990295410e-01,6.069902777671813965e-01
5.603915452957153320e-01,4.148616790771484375e+00,4.478936493396759033e-01
8.555248379707336426e-01,1.779489874839782715e+00,6.362171173095703125e-01
7.791636586189270020e-01,4.438528060913085938e+00,1.999092251062393188e-01
8.098323345184326172e-01,1.330559015274047852e+00,7.109661698341369629e-01
7.186594009399414062e-01,1.910674452781677246e+00,9.300368428230285645e-01
9.352660775184631348e-01,4.446301937103271484e+00,9.219120144844055176e-01
6.190455555915832520e-01,1.911657303571701050e-01,3.225988447666168213e-01
4.948174115270376205e-03,2.880047321319580078e+00,9.419766068458557129e-01
6.714090704917907715e-01,1.179906606674194336e+00,6.634385585784912109e-01
3.642679005861282349e-02,4.853885173797607422e+00,1.178428530693054199e+00
5.413832068443298340e-01,2.557798385620117188e+00,1.303175687789916992e+00
6.053512096405029297e-01,3.645246028900146484e+00,3.048376739025115967e-01
8.959790468215942383e-01,2.574029445648193359e+00,7.310830801725387573e-02
2.907060384750366211e-01,2.619081735610961914e+00,1.572072952985763550e-01
7.527962923049926758e-01,1.646852493286132812e+00,8.449544310569763184e-01
9.082159399986267090e-02,2.517261028289794922e+00,1.247646570205688477e+00
4.473690688610076904e-01,8.714758753776550293e-01,1.362491846084594727e+00
7.187244296073913574e-01,3.273065090179443359e-01,1.786390990018844604e-01
9.953387975692749023e-01,1.424616932868957520e+00,5.014982819557189941e-01
8.649782538414001465e-01,1.492981195449829102e+00,5.737316608428955078e-01
7.627882361412048340e-01,2.623434305191040039e+00,1.003378391265869141e+00
5.874822139739990234e-01,3.986055135726928711e+00,1.303959637880325317e-01
2.856485247611999512e-01,3.340197801589965820e+00,3.137161731719970703e-01
4.682843089103698730e-01,4.269855499267578125e+00,5.024767518043518066e-01
6.900206208229064941e-01,4.495093345642089844e+00,1.002227783203125000e+00
1.317779868841171265e-01,7.393021583557128906e-01,4.874655306339263916e-01
6.012807488441467285e-01,7.869781851768493652e-01,7.117603421211242676e-01
4.783556610345840454e-02,3.517344713211059570e+00,1.128224954009056091e-01
3.101558983325958252e-01,4.130941629409790039e-01,8.603039979934692383e-01
7.111241221427917480e-01,4.316820621490478516e+00,8.000890612602233887e-01
8.299992680549621582e-01,4.171329975128173828e+00,1.293408393859863281e+00
8.947228193283081055e-01,1.819356679916381836e+00,2.682217061519622803e-01
2.896970510482788086e-01,1.898791074752807617e+00,6.475545167922973633e-01
1.326487511396408081e-01,3.133277893066406250e+00,1.397275805473327637e+00
5.981628298759460449e-01,3.265461206436157227e+00,4.502599835395812988e-01
3.336370885372161865e-01,2.219311714172363281e+00,9.671691656112670898e-01
1.137659847736358643e-01,7.726668119430541992e-01,1.062984704971313477e+00
6.756234765052795410e-01,2.479641437530517578e+00,1.096698403358459473e+00
6.692770123481750488e-01,5.101009011268615723e-01,8.865419030189514160e-01
6.355742812156677246e-01,3.205803394317626953e+00,6.627532839775085449e-01
1.819944381713867188e-01,3.121061801910400391e+00,3.062956593930721283e-02
5.118066072463989258e-01,1.328232288360595703e+00,9.076270461082458496e-01
6.657678484916687012e-01,1.041676759719848633e+00,7.119228243827819824e-01
6.634265184402465820e-01,6.092116236686706543e-01,8.250616192817687988e-01
7.630975246429443359e-01,1.075292944908142090e+00,4.787375628948211670e-01
7.365944981575012207e-01,2.819245576858520508e+00,3.886930644512176514e-01
4.289950132369995117e-01,3.665732145309448242e+00,1.167255491018295288e-01
5.975103378295898438e-01,1.726133823394775391e+00,5.487914681434631348e-01
7.429546713829040527e-01,4.287425994873046875e+00,4.209057390689849854e-01
4.109084010124206543e-01,4.597620666027069092e-01,5.915977358818054199e-01
4.957752525806427002e-01,1.898827433586120605e+00,1.115136742591857910e+00
6.526860594749450684e-01,2.945335388183593750e+00,9.320613741874694824e-01
6.041660904884338379e-01,3.104208469390869141e+00,4.760741889476776123e-01
4.647476077079772949e-01,5.179917812347412109e-01,1.391386866569519043e+00
5.413813591003417969e-01,2.827065706253051758e+00,1.176090955734252930e+00
5.333787798881530762e-01,3.696046113967895508e+00,5.150976777076721191e-01
3.545864522457122803e-01,1.923430085182189941e+00,1.331336736679077148e+00
6.597152948379516602e-01,3.482024192810058594e+00,6.617481708526611328e-01
9.185047745704650879e-01,9.469005465507507324e-01,2.983915805816650391e-01
7.485181689262390137e-01,2.459717988967895508e+00,5.791569948196411133e-01
5.580942034721374512e-01,1.525856852531433105e+00,2.587048411369323730e-01
7.392486333847045898e-01,4.174047946929931641e+00,5.744011402130126953e-01
7.726541161537170410e-01,2.090646743774414062e+00,5.971533656120300293e-01
7.739844918251037598e-01,2.481430768966674805e+00,1.307264804840087891e+00
6.051763892173767090e-01,2.265752553939819336e+00,8.011058568954467773e-01
4.609025120735168457e-01,3.843400478363037109e+00,1.376212239265441895e+00
6.289160847663879395e-01,4.470433235168457031e+00,5.373291373252868652e-01
3.208472430706024170e-01,2.685737609863281250e+00,1.123836636543273926e+00
5.479691028594970703e-01,2.735531568527221680e+00,7.534899115562438965e-01
6.453550457954406738e-01,2.695781469345092773e+00,5.895050764083862305e-01
7.495799064636230469e-01,1.552951693534851074e+00,3.948493599891662598e-01
4.247170388698577881e-01,2.858716964721679688e+00,3.788209557533264160e-01
5.100058317184448242e-01,2.986210584640502930e+00,4.190530776977539062e-01
2.122779190540313721e-01,4.785940647125244141e+00,6.378086805343627930e-01
9.708191156387329102e-01,1.946200370788574219e+00,4.797848463058471680e-01
8.922796845436096191e-01,1.984624505043029785e+00,4.980731606483459473e-01
9.150136709213256836e-01,3.544499397277832031e+00,1.191776275634765625e+00
7.043753266334533691e-01,3.951266050338745117e+00,6.138628721237182617e-01
2.279955446720123291e-01,2.760484218597412109e+00,2.472350150346755981e-01
8.537961244583129883e-01,2.803568840026855469e+00,9.718843698501586914e-01
1.607100069522857666e-01,4.820882797241210938e+00,3.644540905952453613e-01
7.464902997016906738e-01,1.337679505348205566e+00,5.670580863952636719e-01
6.001238897442817688e-02,1.426931381225585938e+00,6.043813228607177734e-01
2.331921458244323730e-01,3.947377204895019531e+00,1.415386915206909180e+00
6.879790425300598145e-01,2.530912876129150391e+00,1.171445965766906738e+00
6.321986913681030273e-01,4.655952453613281250e+00,1.161396265029907227e+00
8.301448822021484375e-01,3.977730035781860352e+00,8.351984024047851562e-01
4.254699647426605225e-01,7.078076004981994629e-01,1.201905131340026855e+00
7.309989929199218750e-01,2.210543632507324219e+00,1.190171122550964355e+00
5.387063622474670410e-01,2.498099088668823242e+00,1.487878561019897461e+00
6.800493597984313965e-01,2.189008235931396484e+00,6.068397164344787598e-01
5.588137507438659668e-01,4.374971389770507812e+00,6.003853678703308105e-02
6.246194839477539062e-01,3.164118766784667969e+00,1.433220148086547852e+00
5.449380278587341309e-01,3.632581710815429688e+00,6.982344388961791992e-01
4.791703820228576660e-01,1.981356501579284668e+00,1.349410176277160645e+00
2.611642777919769287e-01,3.030649900436401367e+00,7.287322878837585449e-01
2.197006791830062866e-01,4.419803619384765625e+00,1.014914989471435547e+00
5.418108105659484863e-01,9.984715580940246582e-01,2.953057587146759033e-01
2.033319771289825439e-01,1.303122162818908691e+00,1.033998489379882812e+00
7.562841176986694336e-01,9.785269498825073242e-01,4.304284155368804932e-01
7.599439620971679688e-01,2.918632507324218750e+00,2.611006498336791992e-01
1.705272197723388672e-01,2.954934358596801758e+00,9.723532944917678833e-02
8.885389566421508789e-01,1.623156189918518066e+00,1.145748019218444824e+00
5.451109409332275391e-01,3.063050508499145508e+00,5.751034617424011230e-01
4.081791639328002930e-01,3.387453079223632812e+00,8.287594318389892578e-01
6.902982592582702637e-01,7.019943594932556152e-01,1.016956686973571777e+00
1.021510511636734009e-01,3.880019187927246094e+00,8.967146277427673340e-01
6.382126212120056152e-01,1.410232424736022949e+00,8.662824630737304688e-01
5.119256973266601562e-01,1.264820933341979980e+00,1.241550207138061523e+00
7.400500178337097168e-01,4.619092941284179688e+00,5.939177870750427246e-01
4.173760712146759033e-01,3.518422245979309082e-01,3.621514737606048584e-01
7.044950127601623535e-01,2.286741733551025391e+00,4.075736999511718750e-01
4.713477492332458496e-01,1.118646144866943359e+00,4.081580042839050293e-01
6.591493487358093262e-01,1.935389637947082520e-01,2.211358696222305298e-01
5.238285064697265625e-01,1.913321733474731445e+00,6.398594975471496582e-01
7.966083288192749023e-01,2.020523071289062500e+00,1.131317377090454102e+00
4.799004793167114258e-01,4.642045974731445312e+00,8.470494151115417480e-01
1.765201985836029053e-01,9.849728941917419434e-01,4.010648131370544434e-01
7.359617352485656738e-01,1.799009442329406738e+00,9.544288516044616699e-01
6.116760373115539551e-01,4.794296026229858398e-01,4.886894524097442627e-01
4.044801294803619385e-01,2.995840311050415039e+00,6.744371056556701660e-01
1.753839701414108276e-01,4.934952259063720703e+00,4.318132400512695312e-01
3.614519834518432617e-01,3.170259237289428711e+00,9.789007902145385742e-01
5.608274340629577637e-01,3.387617111206054688e+00,1.306910634040832520e+00
6.295723319053649902e-01,1.911344647407531738e+00,1.151077032089233398e+00
8.531138896942138672e-01,3.681524515151977539e+00,3.394042551517486572e-01
1.899771690368652344e-01,3.228769540786743164e+00,8.822505474090576172e-01
7.665824294090270996e-01,2.449259042739868164e+00,2.780856788158416748e-01
5.477535128593444824e-01,4.503658294677734375e+00,6.440862417221069336e-01
1.803101301193237305e-01,3.398531198501586914e+00,1.342674970626831055e+00
8.413141965866088867e-01,4.127650737762451172e+00,3.387153446674346924e-01
4.276937246322631836e-01,7.958253622055053711e-01,1.390252947807312012e+00
4.917117059230804443e-01,2.274081945419311523e+00,4.512241780757904053e-01
3.176595270633697510e-01,1.480687975883483887e+00,1.272927403450012207e+00
7.214960455894470215e-01,4.601077556610107422e+00,7.479025721549987793e-01
5.967158675193786621e-01,2.518043816089630127e-01,1.354185223579406738e+00
8.364140987396240234e-01,2.477164983749389648e+00,1.053280949592590332e+00
7.073508501052856445e-01,3.811855077743530273e+00,1.691542416810989380e-01
4.474780559539794922e-01,3.253881692886352539e+00,4.831655025482177734e-01
1.891422122716903687e-01,4.861943125724792480e-01,2.345293760299682617e-01
9.174111485481262207e-01,3.994826316833496094e+00,9.127514958381652832e-01
9.093090891838073730e-01,2.933377742767333984e+00,3.405914306640625000e-01
3.567659258842468262e-01,2.696074724197387695e+00,2.695564031600952148e-01
5.568487048149108887e-01,1.843067884445190430e+00,8.795147538185119629e-01
5.849426239728927612e-02,8.825847506523132324e-02,4.792066216468811035e-01
2.807405889034271240e-01,1.609308958053588867e+00,3.449418842792510986e-01
1.582419425249099731e-01,4.638173580169677734e+00,2.250967025756835938e-01
9.225272536277770996e-01,2.856798410415649414e+00,1.362665295600891113e-01
5.668911337852478027e-01,3.567616641521453857e-01,5.653955936431884766e-01
1.483654230833053589e-01,2.712743520736694336e+00,1.310034394264221191e+00
2.559479773044586182e-01,2.609594583511352539e+00,2.978576719760894775e-01
4.736164212226867676e-01,3.407887697219848633e+00,1.469434857368469238e+00
4.586073458194732666e-01,4.096889019012451172e+00,1.048816323280334473e+00
4.593205451965332031e-01,1.097415294498205185e-02,3.441876769065856934e-01
5.702511668205261230e-01,4.759654045104980469e+00,5.486373305320739746e-01
8.313100337982177734e-01,3.086272001266479492e+00,7.264149785041809082e-01
3.871960341930389404e-01,3.757675647735595703e+00,1.215323805809020996e+00
7.842221260070800781e-01,2.626212358474731445e+00,5.091491937637329102e-01
7.216516137123107910e-01,4.179454326629638672e+00,9.160296916961669922e-01
6.634446382522583008e-01,3.552999973297119141e+00,8.071098327636718750e-01
6.801323592662811279e-02,2.744148731231689453e+00,1.291997551918029785e+00
9.210779070854187012e-01,5.178461670875549316e-01,5.248364806175231934e-01
3.685245513916015625e-01,4.074580669403076172e+00,4.394303560256958008e-01
7.152299880981445312e-01,3.661760330200195312e+00,1.320479512214660645e+00
2.560026049613952637e-01,3.201140642166137695e+00,2.387941479682922363e-01
5.201658010482788086e-01,4.293806076049804688e+00,2.316004633903503418e-01
9.588798284530639648e-01,2.285657405853271484e+00,9.121390581130981445e-01
2.187290042638778687e-01,3.301023721694946289e+00,1.027515530586242676e+00
5.016871094703674316e-01,4.673698425292968750e+00,9.749559164047241211e-01
5.752353072166442871e-01,8.938808739185333252e-02,1.370452165603637695e+00
8.759093880653381348e-01,4.393571913242340088e-01,5.735645890235900879e-01
7.424198985099792480e-01,1.500798225402832031e+00,9.127557873725891113e-01
5.889894962310791016e-01,3.811000585556030273e+00,8.237338066101074219e-01
1.853956580162048340e-01,1.581506252288818359e+00,1.917284429073333740e-01
2.249079942703247070e-01,2.082765817642211914e+00,9.728533625602722168e-01
4.379300177097320557e-01,1.512574553489685059e+00,8.373973965644836426e-01
9.087594151496887207e-01,7.049638032913208008e-01,1.149934530258178711e+00
6.506265997886657715e-01,4.664399147033691406e+00,1.213375091552734375e+00
7.721627354621887207e-01,3.504211902618408203e+00,6.617821455001831055e-01
8.897479176521301270e-01,2.120023727416992188e+00,1.038310885429382324e+00
8.754683732986450195e-01,2.776138067245483398e+00,3.208250105381011963e-01
2.858703136444091797e-01,9.735803008079528809e-01,9.159780144691467285e-01
7.583580017089843750e-01,2.327728509902954102e+00,2.763254642486572266e-01
5.962441563606262207e-01,3.969461917877197266e+00,1.344279170036315918e+00
4.903085902333259583e-02,5.625033974647521973e-01,4.509293437004089355e-01
7.714303731918334961e-01,2.463150918483734131e-01,3.116143345832824707e-01
3.669748306274414062e-01,3.468401432037353516e+00,1.096411228179931641e+00
4.505875110626220703e-01,3.521176099777221680e+00,2.383947372436523438e-01
7.264193892478942871e-01,7.798169255256652832e-01,9.047453403472900391e-01
7.809243202209472656e-01,1.681393384933471680e+00,7.390409708023071289e-01
5.694237947463989258e-01,2.003549098968505859e+00,1.417816281318664551e+00
9.280512481927871704e-02,1.970528125762939453e+00,1.075335264205932617e+00
1.613482832908630371e-01,9.165557622909545898e-01,1.400546193122863770e+00
3.641970455646514893e-02,3.947629690170288086e+00,2.802776396274566650e-01
3.772939145565032959e-01,9.677172303199768066e-01,7.059938907623291016e-01
6.361414790153503418e-01,2.488751411437988281e+00,3.822515904903411865e-01
1.234983745962381363e-02,6.763907670974731445e-01,8.053553700447082520e-01
1.557477414608001709e-01,2.524297833442687988e-01,3.801359832286834717e-01
5.705663561820983887e-01,1.605522394180297852e+00,8.941603302955627441e-01
5.889871716499328613e-01,1.734077930450439453e+00,4.663347005844116211e-01
7.054635882377624512e-01,2.656410455703735352e+00,7.639474868774414062e-01
7.758678793907165527e-01,1.519346714019775391e+00,2.549863159656524658e-01
7.317379713058471680e-01,2.937927722930908203e+00,5.613124370574951172e-01
3.705684542655944824e-01,4.710211753845214844e+00,6.133115887641906738e-01
6.072556972503662109e-01,2.977777957916259766e+00,7.375122308731079102e-01
4.486044868826866150e-02,2.408971071243286133e+00,7.146130204200744629e-01
4.159516096115112305e-01,2.144640684127807617e+00,1.278431296348571777e+00
6.298286318778991699e-01,1.993354201316833496e+00,1.118840098381042480e+00
1.788076907396316528e-01,8.924924731254577637e-01,9.946503639221191406e-01
3.036193549633026123e-01,8.693420886993408203e-01,6.613413691520690918e-01
6.979164481163024902e-01,2.005966663360595703e+00,7.690379619598388672e-01
5.642613768577575684e-01,2.219467163085937500e+00,2.707123756408691406e-01
6.237328648567199707e-01,2.924983978271484375e+00,4.996321201324462891e-01
4.766673147678375244e-01,1.053897500038146973e+00,1.292524695396423340e+00
4.897702336311340332e-01,4.044381618499755859e+00,4.652897715568542480e-01
6.504547595977783203e-01,2.149008035659790039e+00,1.149055242538452148e+00
6.312806010246276855e-01,4.455913066864013672e+00,1.249499320983886719e+00
1.938123404979705811e-01,3.554598093032836914e+00,6.282007098197937012e-01
9.037910103797912598e-01,1.066618442535400391e+00,1.057586789131164551e+00
7.248845100402832031e-01,9.624383449554443359e-01,1.354602336883544922e+00
8.897532820701599121e-01,5.484732985496520996e-01,1.166220903396606445e+00
6.203222870826721191e-01,5.500929951667785645e-01,5.316935181617736816e-01
8.300394415855407715e-01,1.227525472640991211e+00,5.855862498283386230e-01
2.216948270797729492e-01,3.402443408966064453e+00,1.139985322952270508e+00
9.006852507591247559e-01,1.396371245384216309e+00,2.916965186595916748e-01
5.595265030860900879e-01,1.460435390472412109e+00,6.840818524360656738e-01
8.237494826316833496e-01,4.042707443237304688e+00,9.064944386482238770e-01
2.680705785751342773e-01,4.035762786865234375e+00,6.986408233642578125e-01
2.601909041404724121e-01,1.274989366531372070e+00,1.351406931877136230e+00
4.503959715366363525e-01,2.539145231246948242e+00,5.071548819541931152e-01
3.436022698879241943e-01,1.918757259845733643e-01,4.700089693069458008e-01
7.238094210624694824e-01,3.062580823898315430e+00,9.197663515806198120e-02
6.488125324249267578e-01,1.152687788009643555e+00,1.024700641632080078e+00
7.310268282890319824e-01,1.554258704185485840e+00,1.112119197845458984e+00
4.130659401416778564e-01,1.917355775833129883e+00,5.321077108383178711e-01
9.392046332359313965e-01,8.326098322868347168e-01,1.741846799850463867e-01
4.095284640789031982e-01,3.439611196517944336e+00,4.777607917785644531e-01
8.573591709136962891e-01,1.858101367950439453e+00,7.589349746704101562e-01
9.582395553588867188e-01,2.415909767150878906e+00,7.198560237884521484e-01
3.001898527145385742e-01,4.186933040618896484e+00,1.199175953865051270e+00
3.509856760501861572e-01,2.996696949005126953e+00,9.991573095321655273e-01
1.677794456481933594e-01,1.387158989906311035e+00,1.348887324333190918e+00
9.470716714859008789e-01,1.506383299827575684e+00,1.211005806922912598e+00
3.535696864128112793e-01,3.341048955917358398e+00,5.602006316184997559e-01
7.101194858551025391e-01,1.468867659568786621e+00,3.194003403186798096e-01
5.806887745857238770e-01,3.025542974472045898e+00,8.412255048751831055e-01
8.518055677413940430e-01,2.583148479461669922e+00,7.598618865013122559e-01
5.357180833816528320e-01,4.562089920043945312e+00,7.715230435132980347e-02
6.190558075904846191e-01,1.465712904930114746e+00,5.983577966690063477e-01
8.757045865058898926e-01,3.176068544387817383e+00,7.033466100692749023e-01
7.462230920791625977e-01,4.787480354309082031e+00,5.741737484931945801e-01
6.623244844377040863e-03,1.420473027974367142e-02,3.546366691589355469e-01
3.505577147006988525e-01,1.119319915771484375e+00,1.362573623657226562e+00
6.504191756248474121e-01,2.095996856689453125e+00,8.702108263969421387e-01
6.209890246391296387e-01,4.754226684570312500e+00,4.725539386272430420e-01
7.935385107994079590e-01,1.898874759674072266e+00,7.004737854003906250e-01
7.067947983741760254e-01,3.067230939865112305e+00,7.565100491046905518e-02
6.730595231056213379e-01,2.476618051528930664e+00,5.153040289878845215e-01
4.043738543987274170e-01,4.808082103729248047e+00,1.111589312553405762e+00
6.831542849540710449e-01,4.848426342010498047e+00,4.084139764308929443e-01
7.404652237892150879e-01,5.051701664924621582e-01,6.930393576622009277e-01
6.650716662406921387e-01,2.315434217453002930e+00,3.016386926174163818e-01
5.918450951576232910e-01,1.245004773139953613e+00,4.204691052436828613e-01
2.363995909690856934e-01,3.650629043579101562e+00,6.024657487869262695e-01
2.464499026536941528e-01,6.017869710922241211e-01,4.543381631374359131e-01
1.237633228302001953e-01,2.460443973541259766e+00,6.142498850822448730e-01
2.516436278820037842e-01,4.995145320892333984e+00,5.246413350105285645e-01
7.102347612380981445e-01,3.258831501007080078e+00,9.602872282266616821e-02
8.854348063468933105e-01,3.350503921508789062e+00,8.178375959396362305e-01
9.818562865257263184e-01,4.240399837493896484e+00,1.250469923019409180e+00
3.271381556987762451e-01,7.955753207206726074e-01,2.240330278873443604e-01
8.597140908241271973e-01,2.851703643798828125e+00,2.144839316606521606e-01
3.459422662854194641e-02,1.928957939147949219e+00,1.355836868286132812e+00
1.839077025651931763e-01,4.008538246154785156e+00,6.023197621107101440e-02
8.214174509048461914e-01,3.363472700119018555e+00,2.095444500446319580e-01
6.300795674324035645e-01,4.384212493896484375e+00,1.705850707367062569e-03
3.540339171886444092e-01,4.708805084228515625e+00,1.029263615608215332e+00
1.166698709130287170e-01,2.285253047943115234e+00,7.017238140106201172e-01
9.726301431655883789e-01,3.918957233428955078e+00,1.265585541725158691e+00
7.304600477218627930e-01,2.066806793212890625e+00,8.621711730957031250e-01
4.799767136573791504e-01,4.045534610748291016e+00,1.400377154350280762e+00
3.271541744470596313e-02,2.887923717498779297e+00,1.247074723243713379e+00
6.500873565673828125e-01,1.404823064804077148e+00,6.662565469741821289e-01
2.031190879642963409e-02,1.621457695960998535e+00,1.147870779037475586e+00
6.427530050277709961e-01,6.877290010452270508e-01,9.538056850433349609e-01
3.935474157333374023e-01,1.768386483192443848e+00,8.833734393119812012e-01
6.705747842788696289e-01,8.122278451919555664e-01,3.916035294532775879e-01
3.180923461914062500e-01,6.538343429565429688e-02,5.550342202186584473e-01
6.272935271263122559e-01,4.428339958190917969e+00,8.185499310493469238e-01
4.861935079097747803e-01,2.199580520391464233e-01,1.046171903610229492e+00
8.868431448936462402e-01,4.920729994773864746e-02,5.841660499572753906e-01
7.040173411369323730e-01,3.939696252346038818e-01,1.349192023277282715e+00
7.428680062294006348e-01,3.600739479064941406e+00,1.289886713027954102e+00
6.785609126091003418e-01,1.813002467155456543e+00,2.817429900169372559e-01
8.451144099235534668e-01,4.836951255798339844e+00,1.252457857131958008e+00
4.463806748390197754e-01,1.081672668457031250e+00,4.531718194484710693e-01
1.094075962901115417e-01,1.650080919265747070e+00,7.419279217720031738e-01
8.244109153747558594e-02,3.944552898406982422e+00,3.687446415424346924e-01
9.482645988464355469e-02,1.075932621955871582e+00,1.198723554611206055e+00
8.263918161392211914e-01,5.254921317100524902e-01,1.313524961471557617e+00
8.861142396926879883e-01,4.380213737487792969e+00,5.737950205802917480e-01
9.615803360939025879e-01,4.134749889373779297e+00,4.595959484577178955e-01
3.612084686756134033e-01,4.540974140167236328e+00,4.393839538097381592e-01
8.218217492103576660e-01,2.728934526443481445e+00,8.812018632888793945e-01
5.263735055923461914e-01,4.089628696441650391e+00,4.846946001052856445e-01
3.746961653232574463e-01,4.893544673919677734e+00,2.853407524526119232e-02
6.028341054916381836e-01,2.304966211318969727e+00,1.473196148872375488e+00
6.578226089477539062e-01,1.139537572860717773e+00,4.624865353107452393e-01
2.210422456264495850e-01,2.631545305252075195e+00,8.185864686965942383e-01
3.041807115077972412e-01,1.818485140800476074e+00,2.179908007383346558e-01
4.116174578666687012e-01,2.051536560058593750e+00,6.614026427268981934e-01
9.198428988456726074e-01,4.109275817871093750e+00,9.292362928390502930e-01
7.711390852928161621e-01,4.908210754394531250e+00,1.075440883636474609e+00
5.576765537261962891e-01,3.009518623352050781e+00,9.236346483230590820e-01
8.919504284858703613e-01,3.274483680725097656e-01,6.529570817947387695e-01
5.145305395126342773e-01,1.325832366943359375e+00,1.184303402900695801e+00
4.151903390884399414e-01,3.028615236282348633e+00,1.350487828254699707e+00
1.976012289524078369e-01,2.378877878189086914e+00,5.149757862091064453e-01
4.910706281661987305e-01,3.750915050506591797e+00,2.456455677747726440e-01
5.314700603485107422e-01,3.003924131393432617e+00,1.250371456146240234e+00
5.046406984329223633e-01,1.578862190246582031e+00,5.713459253311157227e-01
8.458968251943588257e-02,6.507533192634582520e-01,1.892845332622528076e-01
4.587292075157165527e-01,4.334021091461181641e+00,2.061589807271957397e-01
7.078372836112976074e-01,3.646928071975708008e+00,7.086324095726013184e-01
8.976132869720458984e-01,4.942683696746826172e+00,1.295187234878540039e+00
3.678645491600036621e-01,2.436955928802490234e+00,4.748160541057586670e-01
2.948957383632659912e-01,2.121796607971191406e+00,2.507439553737640381e-01
9.847849607467651367e-01,2.420487403869628906e+00,6.982232332229614258e-01
9.767114520072937012e-01,8.969208598136901855e-01,1.063343405723571777e+00
7.364350557327270508e-01,4.513865470886230469e+00,7.921671122312545776e-02
5.192818045616149902e-01,2.830128431320190430e+00,2.032756507396697998e-01
1.067495048046112061e-01,2.229677200317382812e+00,7.058774828910827637e-01
5.222521424293518066e-01,3.395622253417968750e+00,4.328305721282958984e-01
4.640345871448516846e-01,6.874368786811828613e-01,3.955194652080535889e-01
8.978243470191955566e-01,3.650947570800781250e+00,4.435844719409942627e-01
7.593922615051269531e-01,4.757119655609130859e+00,1.052379965782165527e+00
5.507866740226745605e-01,4.863876819610595703e+00,1.078640103340148926e+00
4.944864511489868164e-01,4.237427234649658203e+00,7.441080808639526367e-01
7.063129544258117676e-01,1.795768022537231445e+00,9.603699445724487305e-01
6.284861564636230469e-01,2.837485074996948242e-01,9.471467137336730957e-01
2.745812833309173584e-01,3.781888484954833984e-01,4.096993803977966309e-01
3.292911648750305176e-01,2.131252527236938477e+00,1.150393843650817871e+00
2.389325648546218872e-01,4.619052410125732422e+00,1.406636476516723633e+00
6.289134025573730469e-01,2.315494537353515625e+00,2.958482801914215088e-01
6.821365356445312500e-01,3.349403858184814453e+00,8.201528191566467285e-01
6.969933509826660156e-01,4.253837108612060547e+00,8.933374285697937012e-01
9.109535813331604004e-01,9.403725862503051758e-01,1.089927315711975098e+00
7.022543549537658691e-01,3.895455598831176758e+00,1.050018072128295898e+00
8.182650208473205566e-01,1.706457734107971191e+00,5.673046112060546875e-01
6.688507795333862305e-01,1.485192298889160156e+00,1.053352594375610352e+00
5.075547099113464355e-01,3.712409973144531250e+00,7.070199251174926758e-01
4.143053889274597168e-01,3.934662103652954102e+00,1.905658245086669922e-01
7.540418505668640137e-01,1.826263070106506348e+00,3.813905715942382812e-01
1.775701642036437988e-01,5.247139334678649902e-01,1.134634017944335938e+00
6.758551001548767090e-01,2.806737422943115234e+00,1.293092608451843262e+00
1.486979126930236816e-01,3.549384355545043945e+00,7.108497023582458496e-01
9.724002480506896973e-01,1.916039466857910156e+00,4.613376557826995850e-01
3.853691816329956055e-01,2.595195531845092773e+00,9.485320448875427246e-01
6.737335324287414551e-01,2.303479671478271484e+00,7.776428461074829102e-01
3.465837240219116211e-01,3.624524593353271484e+00,5.970072150230407715e-01
3.136032521724700928e-01,1.766995906829833984e+00,1.647242903709411621e-01
7.792149782180786133e-01,3.814916133880615234e+00,5.663700699806213379e-01
6.578403711318969727e-01,1.495337128639221191e+00,8.507876396179199219e-01
7.689382433891296387e-01,2.969990015029907227e+00,6.411508321762084961e-01
9.037527441978454590e-01,1.535539507865905762e+00,6.135510802268981934e-01
7.333678007125854492e-01,4.998025894165039062e+00,5.877891778945922852e-01
6.004465818405151367e-01,3.087813854217529297e+00,9.194601774215698242e-01
3.226105868816375732e-01,4.485683917999267578e+00,9.319129586219787598e-01
7.249124646186828613e-01,4.812446117401123047e+00,1.275969147682189941e+00
8.257781863212585449e-01,3.468227624893188477e+00,8.565181493759155273e-01
4.893106222152709961e-01,4.370851039886474609e+00,1.204300284385681152e+00
7.974335551261901855e-01,1.207183003425598145e+00,1.066639065742492676e+00
8.047627210617065430e-01,3.868682861328125000e+00,2.604471147060394287e-01
6.794649958610534668e-01,2.707294464111328125e+00,1.133012026548385620e-01
5.461111664772033691e-01,1.615864783525466919e-01,6.793854236602783203e-01
1.968067735433578491e-01,2.964873790740966797e+00,4.752318263053894043e-01
7.781535387039184570e-01,4.158463001251220703e+00,6.608405113220214844e-01
1.437231153249740601e-01,1.907950520515441895e+00,1.983645558357238770e-01
6.907157301902770996e-01,4.121199607849121094e+00,1.201656460762023926e+00
6.405122280120849609e-01,1.243285059928894043e+00,7.586112022399902344e-01
7.433419823646545410e-01,2.866619110107421875e+00,7.186517119407653809e-01
2.770493328571319580e-01,5.574360489845275879e-01,3.707390427589416504e-01
9.472498893737792969e-01,1.777990221977233887e+00,7.050232887268066406e-01
4.772923886775970459e-01,3.591972962021827698e-02,1.384988903999328613e+00
5.595120787620544434e-01,1.882151126861572266e+00,1.115253925323486328e+00
1.722525656223297119e-01,4.604175686836242676e-01,6.302141547203063965e-01
8.761620521545410156e-01,2.009541273117065430e+00,6.262058615684509277e-01
7.669143080711364746e-01,6.542505025863647461e-01,2.066037803888320923e-01
1.649320572614669800e-01,1.546526908874511719e+00,8.613938689231872559e-01
4.997066259384155273e-01,4.252010822296142578e+00,5.412931442260742188e-01
5.892045497894287109e-01,5.251533985137939453e-01,8.533841967582702637e-01
9.863376021385192871e-01,4.985521316528320312e+00,1.047631025314331055e+00
5.822100639343261719e-01,4.519760608673095703e+00,3.720919787883758545e-01
5.161866545677185059e-01,6.194655299186706543e-01,1.152181267738342285e+00
2.598300278186798096e-01,1.778800606727600098e+00,8.536397218704223633e-01
2.884711921215057373e-01,3.862302541732788086e+00,4.149643182754516602e-01
2.963925004005432129e-01,9.157416969537734985e-02,8.691417574882507324e-01
6.578484177589416504e-01,1.639295816421508789e+00,3.928612172603607178e-01
5.714403390884399414e-01,2.356908559799194336e+00,8.257292509078979492e-01
8.318254351615905762e-01,3.570960283279418945e+00,1.135745644569396973e+00
6.183701157569885254e-01,4.880336284637451172e+00,8.704508841037750244e-02
7.075610756874084473e-01,2.302532672882080078e+00,9.410130381584167480e-01
6.741586923599243164e-01,1.103552341461181641e+00,8.773647546768188477e-01
1.155835483223199844e-02,1.209998130798339844e+00,1.032128259539604187e-01
4.639201462268829346e-01,4.989625930786132812e+00,6.183474063873291016e-01
7.785663008689880371e-01,6.040171980857849121e-01,1.280023932456970215e+00
1.417821645736694336e-01,2.239383935928344727e+00,7.593018412590026855e-01
8.314175009727478027e-01,7.136137485504150391e-01,4.571547508239746094e-01
5.352251529693603516e-01,1.498397946357727051e+00,1.373529553413391113e+00
3.073073029518127441e-01,4.329719066619873047e+00,6.129693388938903809e-01
7.094607949256896973e-01,4.806077003479003906e+00,5.192571878433227539e-01
5.016107559204101562e-01,3.016706943511962891e+00,4.411123394966125488e-01
7.722720503807067871e-01,1.434956550598144531e+00,8.704606294631958008e-01
1.735515147447586060e-01,6.007669568061828613e-01,8.132914304733276367e-01
3.915487825870513916e-01,4.069647789001464844e+00,7.070381641387939453e-01
6.580117940902709961e-01,3.008827924728393555e+00,2.971602380275726318e-01
1.114921048283576965e-01,6.717699170112609863e-01,6.453307271003723145e-01
8.804907798767089844e-01,2.639555454254150391e+00,8.110516071319580078e-01
8.724195957183837891e-01,3.371898889541625977e+00,4.082037508487701416e-01
5.934145450592041016e-01,2.758998155593872070e+00,1.347321748733520508e+00
1.317819673568010330e-02,2.182455301284790039e+00,7.946724295616149902e-01
5.328419208526611328e-01,3.749433517456054688e+00,5.370945930480957031e-01
1.494236588478088379e-01,1.795001983642578125e+00,7.441585659980773926e-01
8.751089572906494141e-01,2.848016738891601562e+00,9.806204438209533691e-01
7.997668385505676270e-01,3.734408378601074219e+00,9.239850640296936035e-01
4.136080145835876465e-01,2.719617128372192383e+00,1.193377256393432617e+00
5.943316817283630371e-01,2.408504486083984375e+00,1.126839876174926758e+00
4.647731482982635498e-01,1.833064317703247070e+00,1.211187005043029785e+00
5.677855610847473145e-01,2.991121530532836914e+00,1.054934501647949219e+00
6.598536968231201172e-01,3.880272865295410156e+00,2.573629319667816162e-01
3.071928322315216064e-01,4.640645503997802734e+00,7.499257922172546387e-01
4.460908174514770508e-01,4.717789173126220703e+00,1.829339005053043365e-02
3.585034906864166260e-01,2.753619432449340820e+00,4.323387145996093750e-01
4.854618906974792480e-01,3.820497751235961914e+00,4.873343706130981445e-01
5.882664918899536133e-01,2.573999166488647461e+00,1.476024031639099121e+00
5.969250798225402832e-01,3.454670190811157227e+00,1.282809615135192871e+00
7.639002203941345215e-01,4.274725437164306641e+00,1.115862965583801270e+00
7.781107425689697266e-01,1.956727266311645508e+00,1.379466772079467773e+00
5.544843077659606934e-01,4.069379329681396484e+00,1.175047636032104492e+00
6.501372456550598145e-01,7.008898854255676270e-01,9.098827838897705078e-01
4.457352161407470703e-01,3.656243085861206055e+00,1.318316817283630371e+00
5.863123536109924316e-01,3.100595712661743164e+00,9.676756858825683594e-01
6.778212189674377441e-01,4.366768836975097656e+00,7.883547544479370117e-01
5.153179168701171875e-01,4.288168430328369141e+00,1.421609282493591309e+00
7.640882134437561035e-01,2.140360593795776367e+00,4.042594730854034424e-01
8.858893513679504395e-01,2.136124372482299805e-01,1.838468462228775024e-01
9.680294990539550781e-01,9.883133769035339355e-01,5.532938241958618164e-01
1.388711929321289062e-01,5.284777879714965820e-01,7.515283823013305664e-01
9.398135542869567871e-01,3.871606588363647461e+00,6.772381067276000977e-01
8.391132205724716187e-02,3.666307449340820312e+00,7.377225756645202637e-01
8.219926357269287109e-01,3.854194402694702148e+00,5.478620529174804688e-01
4.386726915836334229e-01,8.863136768341064453e-01,5.382676124572753906e-01
8.468787074089050293e-01,8.460816144943237305e-01,5.149725079536437988e-01
5.618577599525451660e-01,9.678514003753662109e-01,2.581188380718231201e-01
8.023134469985961914e-01,2.241072177886962891e+00,8.672714978456497192e-02
6.594788432121276855e-01,1.504219889640808105e+00,3.743049800395965576e-01
2.894900441169738770e-01,1.257714033126831055e+00,1.268127560615539551e+00
5.969932079315185547e-01,3.903248548507690430e+00,5.696673393249511719e-01
7.947212457656860352e-02,3.740030288696289062e+00,9.288067817687988281e-01
9.263023734092712402e-01,2.500826597213745117e+00,5.141170024871826172e-01
4.010852873325347900e-01,4.127823829650878906e+00,1.142907619476318359e+00
4.182150065898895264e-01,3.662323713302612305e+00,4.891688227653503418e-01
7.550977468490600586e-01,2.122546434402465820e+00,6.544497013092041016e-01
4.323697388172149658e-01,2.810431003570556641e+00,8.282095193862915039e-01
1.346746534109115601e-01,2.287613630294799805e+00,7.072585225105285645e-01
4.186744689941406250e-01,6.618869304656982422e-01,1.264657378196716309e+00
2.064034491777420044e-01,4.229141712188720703e+00,5.826179981231689453e-01
4.621568024158477783e-01,3.112139225006103516e+00,3.451372683048248291e-01
4.362555742263793945e-01,4.809487819671630859e+00,1.309930086135864258e+00
6.464554071426391602e-01,4.527663707733154297e+00,9.123926758766174316e-01
2.658384740352630615e-01,2.073770284652709961e+00,4.273278415203094482e-01
1.977896690368652344e-01,3.770063161849975586e+00,8.148213624954223633e-01
4.053313732147216797e-01,2.319067001342773438e+00,1.118782758712768555e+00
5.404877066612243652e-01,1.098458647727966309e+00,4.708667695522308350e-01
3.663806319236755371e-01,3.040288448333740234e+00,1.134338140487670898e+00
4.161641299724578857e-01,2.287645101547241211e+00,6.451008319854736328e-01
2.747299075126647949e-01,1.837017297744750977e+00,8.159062266349792480e-01
8.373565673828125000e-01,2.809493064880371094e+00,1.350852847099304199e+00
6.701254248619079590e-01,4.727751731872558594e+00,1.330377936363220215e+00
1.326545923948287964e-01,2.103080987930297852e+00,7.719164490699768066e-01
7.071704864501953125e-01,3.668507337570190430e+00,5.422632098197937012e-01
1.082094684243202209e-01,4.747915267944335938e+00,9.274245500564575195e-01
7.203347086906433105e-01,2.548313617706298828e+00,4.743072092533111572e-01
3.610409498214721680e-01,5.479439496994018555e-01,8.018226623535156250e-01
3.904436826705932617e-01,3.215027570724487305e+00,7.622032761573791504e-01
3.068720996379852295e-01,3.377022027969360352e+00,7.558862864971160889e-02
1.881248652935028076e-01,2.566197395324707031e+00,8.006243705749511719e-01
1.938355714082717896e-01,2.870107412338256836e+00,9.978440999984741211e-01
8.463750481605529785e-01,4.347064971923828125e+00,3.048203289508819580e-01
3.511336743831634521e-01,3.929391503334045410e-01,1.160044431686401367e+00
7.724102735519409180e-01,3.211029052734375000e+00,6.960779428482055664e-01
8.822737634181976318e-02,3.843958616256713867e+00,8.787138760089874268e-02
9.573782682418823242e-01,3.931237459182739258e+00,4.438893496990203857e-01
1.366664171218872070e-01,1.139016151428222656e+00,9.856255650520324707e-01
6.655408740043640137e-01,3.353840112686157227e+00,3.225635290145874023e-01
3.887265026569366455e-01,3.794164896011352539e+00,5.638858675956726074e-01
7.013193368911743164e-01,4.302069187164306641e+00,1.054261803627014160e+00
4.930169880390167236e-01,7.347766757011413574e-01,8.815547227859497070e-01
3.864474594593048096e-01,1.030557036399841309e+00,1.383211016654968262e+00
8.271184563636779785e-01,9.798695445060729980e-01,3.383497595787048340e-01
8.464551568031311035e-01,3.813061952590942383e+00,5.772448778152465820e-01
5.250962972640991211e-01,1.809916257858276367e+00,5.878308415412902832e-01
8.091799020767211914e-01,3.738921880722045898e+00,6.043890714645385742e-01
7.437624335289001465e-01,2.423988580703735352e+00,6.666852831840515137e-01
1.713690608739852905e-01,4.994719505310058594e+00,1.232052087783813477e+00
6.520447134971618652e-01,4.525684833526611328e+00,8.773577213287353516e-01
6.701954007148742676e-01,5.644834637641906738e-01,7.248203158378601074e-01
6.651942133903503418e-01,4.498652935028076172e+00,1.090119838714599609e+00
7.496849298477172852e-01,1.265520334243774414e+00,3.798513114452362061e-01
3.869352042675018311e-01,1.539314389228820801e+00,9.054198265075683594e-01
9.865730404853820801e-01,4.248487472534179688e+00,3.835211992263793945e-01
1.624168753623962402e-01,9.356226921081542969e-01,1.180937886238098145e+00
2.473156899213790894e-01,4.160273551940917969e+00,1.082780480384826660e+00
4.670871794223785400e-01,3.991909980773925781e+00,1.368110656738281250e+00
3.000153303146362305e-01,2.560395002365112305e+00,9.704348444938659668e-02
5.622023940086364746e-01,1.247594237327575684e+00,9.835712313652038574e-01
7.082402110099792480e-01,4.297532081604003906e+00,4.969635605812072754e-01
6.072810292243957520e-01,3.697690010070800781e+00,2.980093061923980713e-01
1.460910290479660034e-01,1.257950663566589355e+00,9.087455272674560547e-02
2.104860395193099976e-01,3.281516551971435547e+00,6.486845016479492188e-01
4.701043367385864258e-01,2.217005491256713867e+00,4.379608333110809326e-01
5.091074109077453613e-01,1.986776232719421387e+00,1.221212387084960938e+00
3.509708642959594727e-01,4.530766010284423828e+00,4.541300833225250244e-01
2.259037643671035767e-01,1.004367619752883911e-01,1.070044636726379395e+00
6.980894804000854492e-01,4.212072372436523438e+00,3.532710969448089600e-01
8.702148795127868652e-01,2.513622760772705078e+00,1.984076201915740967e-01
4.770710170269012451e-01,2.418727874755859375e+00,1.178862690925598145e+00
7.916546463966369629e-01,1.995428681373596191e+00,5.127286911010742188e-01
8.324161171913146973e-01,3.563645839691162109e+00,3.042842745780944824e-01
2.168861478567123413e-01,4.396975040435791016e+00,4.470187723636627197e-01
5.371891856193542480e-01,4.496257305145263672e+00,1.240003585815429688e+00
5.154524371027946472e-02,3.313474655151367188e+00,8.138456940650939941e-01
2.504582405090332031e-01,3.194726228713989258e+00,1.140602946281433105e+00
8.800672888755798340e-01,3.192233800888061523e+00,1.002637028694152832e+00
9.270712137222290039e-01,3.377415180206298828e+00,6.942850947380065918e-01
6.114489436149597168e-01,4.682718276977539062e+00,3.034659624099731445e-01
7.342672944068908691e-01,2.100409746170043945e+00,5.589043498039245605e-01
7.304165959358215332e-01,2.439906597137451172e+00,6.607998013496398926e-01
7.607582807540893555e-01,1.595757722854614258e+00,1.084061503410339355e+00
8.165798783302307129e-01,1.674081921577453613e+00,1.479561209678649902e+00
2.209534049034118652e-01,2.840705394744873047e+00,5.795730948448181152e-01
8.839777112007141113e-01,2.278951406478881836e+00,4.131247997283935547e-01
1.575098633766174316e-01,2.864031076431274414e+00,9.874469041824340820e-01
6.805852651596069336e-01,3.033324480056762695e+00,1.023967862129211426e+00
5.987216234207153320e-01,1.357607483863830566e+00,3.066997826099395752e-01
3.963387608528137207e-01,1.756608366966247559e+00,1.169881820678710938e+00
3.818345069885253906e-01,1.852816820144653320e+00,1.442158102989196777e+00
8.605392575263977051e-01,2.838869571685791016e+00,1.621958911418914795e-01
1.336522400379180908e-01,4.743319511413574219e+00,2.895628847181797028e-02
8.972437381744384766e-01,2.405054807662963867e+00,4.856880307197570801e-01
1.921590417623519897e-01,2.748977422714233398e+00,7.558907270431518555e-01
4.735440313816070557e-01,2.391977787017822266e+00,5.626125335693359375e-01
2.924554347991943359e-01,2.926991939544677734e+00,7.537850141525268555e-01
7.189756035804748535e-01,3.514002323150634766e+00,6.322188377380371094e-01
5.507241487503051758e-01,9.503859877586364746e-01,1.283747553825378418e+00
2.891776561737060547e-01,9.360799193382263184e-01,5.335963964462280273e-01
3.568865358829498291e-01,3.012817144393920898e+00,1.040862321853637695e+00
2.243389338254928589e-01,1.411744356155395508e+00,9.561668038368225098e-01
4.384754598140716553e-01,4.287056446075439453e+00,8.878905773162841797e-01
5.732768177986145020e-01,4.094608306884765625e+00,1.369294762611389160e+00
1.016812995076179504e-01,1.489977359771728516e+00,8.409149050712585449e-01
6.319006085395812988e-01,2.139893770217895508e+00,5.215004086494445801e-01
7.374669313430786133e-01,3.671732187271118164e+00,1.113398194313049316e+00
2.973953187465667725e-01,3.755389213562011719e+00,3.685637712478637695e-01
4.520984292030334473e-01,4.138148784637451172e+00,7.164343595504760742e-01
7.170665860176086426e-01,4.777036666870117188e+00,1.899112910032272339e-01
6.104449629783630371e-01,3.168140888214111328e+00,1.210180640220642090e+00
5.695315003395080566e-01,4.296797275543212891e+00,7.693067193031311035e-01
7.998149096965789795e-02,1.779136896133422852e+00,6.751043796539306641e-01
4.340339303016662598e-01,1.663253664970397949e+00,9.234564304351806641e-01
9.719558805227279663e-02,2.556397914886474609e+00,6.795658469200134277e-01
7.526451945304870605e-01,3.200266122817993164e+00,1.618220657110214233e-01
8.837703466415405273e-01,3.927140474319458008e+00,1.075902462005615234e+00
7.300357222557067871e-01,1.391376376152038574e+00,8.954549431800842285e-01
6.620306968688964844e-01,2.691730499267578125e+00,1.338220477104187012e+00
7.910960912704467773e-01,1.899935126304626465e+00,1.132992982864379883e+00
5.777046680450439453e-01,4.770718097686767578e+00,4.248926937580108643e-01
3.980620205402374268e-01,3.256926774978637695e+00,7.124670147895812988e-01
4.150280952453613281e-01,4.907916069030761719e+00,1.307664513587951660e+00
9.431431293487548828e-01,4.691393375396728516e+00,1.000520586967468262e+00
5.563383698463439941e-01,4.405445098876953125e+00,1.215282201766967773e+00
7.492040991783142090e-01,4.760065555572509766e+00,4.444084167480468750e-01
7.537189126014709473e-01,2.249465465545654297e+00,2.735505402088165283e-01
6.988482475280761719e-01,4.533027172088623047e+00,7.141353487968444824e-01
5.423810482025146484e-01,4.587642192840576172e+00,5.423572659492492676e-01
7.655247449874877930e-01,3.726119518280029297e+00,4.598992466926574707e-01
6.390219926834106445e-01,3.275970935821533203e+00,1.433307766914367676e+00
3.276780843734741211e-01,9.785397648811340332e-01,2.058698683977127075e-01
6.255683302879333496e-01,3.504607439041137695e+00,7.462399005889892578e-01
7.505851387977600098e-01,4.157646179199218750e+00,3.041763603687286377e-01
4.183509647846221924e-01,5.534226894378662109e-01,1.149742245674133301e+00
7.470644712448120117e-01,3.337616205215454102e+00,1.981715708971023560e-01
9.390980601310729980e-01,1.208682417869567871e+00,1.218892484903335571e-01
9.164969325065612793e-01,4.417178630828857422e+00,1.445343971252441406e+00
2.152038514614105225e-01,3.335026025772094727e+00,3.329002559185028076e-01
6.916363537311553955e-02,4.946228027343750000e+00,7.041512727737426758e-01
7.994205355644226074e-01,1.086753964424133301e+00,4.972546100616455078e-01
3.005107343196868896e-01,3.515366792678833008e+00,2.836534082889556885e-01
7.113922834396362305e-01,3.876350402832031250e+00,7.135074734687805176e-01
7.784560918807983398e-01,3.065982460975646973e-01,4.355616271495819092e-01
7.274324893951416016e-01,3.807857751846313477e+00,5.679556131362915039e-01
6.180516481399536133e-01,3.506823480129241943e-01,1.365822792053222656e+00
6.517469882965087891e-01,1.237558603286743164e+00,8.636237382888793945e-01
9.802997112274169922e-01,3.736417293548583984e+00,7.186668515205383301e-01
8.989604115486145020e-01,4.742244720458984375e+00,8.362596482038497925e-02
5.234068632125854492e-01,2.460857629776000977e+00,1.419810295104980469e+00
5.701816082000732422e-02,7.219704389572143555e-01,3.192215561866760254e-01
3.745508491992950439e-01,2.399503439664840698e-01,1.278198242187500000e+00
9.484744071960449219e-01,1.682828903198242188e+00,5.326896309852600098e-01
7.583432793617248535e-01,2.332583427429199219e+00,1.483223557472229004e+00
7.784652113914489746e-01,3.097229242324829102e+00,2.563681304454803467e-01
7.112010717391967773e-01,1.084226369857788086e+00,1.005364298820495605e+00
5.841451883316040039e-01,1.928943753242492676e+00,7.117500901222229004e-01
5.825779438018798828e-01,1.334604024887084961e+00,7.535356879234313965e-01
7.536486983299255371e-01,9.030865430831909180e-01,9.755852818489074707e-01
8.992903232574462891e-01,3.341930627822875977e+00,6.461887359619140625e-01
4.881832301616668701e-01,4.606207370758056641e+00,1.238182902336120605e+00
7.015137076377868652e-01,3.903531789779663086e+00,5.284942388534545898e-01
6.686847805976867676e-01,4.766022205352783203e+00,1.366924196481704712e-01
4.573631286621093750e-01,4.065100193023681641e+00,2.258832007646560669e-01
6.744357198476791382e-02,3.816109895706176758e+00,1.047261357307434082e+00
4.473975896835327148e-01,2.749343872070312500e+00,2.480574548244476318e-01
6.722799539566040039e-01,1.670738458633422852e+00,8.322084546089172363e-01
2.176368236541748047e-01,8.443784117698669434e-01,1.156889319419860840e+00
4.145204424858093262e-01,1.137780904769897461e+00,3.537498414516448975e-01
1.811648011207580566e-01,1.199093103408813477e+00,3.309308886528015137e-01
6.530958414077758789e-01,1.360218167304992676e+00,8.004008531570434570e-01
3.196531832218170166e-01,3.391794681549072266e+00,1.122795820236206055e+00
4.228267669677734375e-01,2.507712364196777344e+00,7.681376934051513672e-01
8.334312438964843750e-01,3.736636161804199219e+00,3.668590188026428223e-01
5.392495393753051758e-01,6.491423845291137695e-01,1.056240081787109375e+00
8.700988292694091797e-01,9.130095243453979492e-01,2.890416085720062256e-01
5.413435697555541992e-01,2.783402919769287109e+00,2.719701528549194336e-01
4.333420097827911377e-01,2.036115407943725586e+00,7.855840325355529785e-01
5.757580399513244629e-01,6.181818842887878418e-01,2.843454480171203613e-01
2.088672369718551636e-01,9.786505103111267090e-01,1.444579243659973145e+00
2.647794485092163086e-01,2.849847793579101562e+00,6.240461468696594238e-01
4.218542277812957764e-01,3.117494583129882812e+00,2.703189849853515625e-01
3.096207082271575928e-01,3.950206995010375977e+00,6.132562756538391113e-01
7.407432794570922852e-01,4.029371738433837891e+00,1.151210546493530273e+00
7.501765489578247070e-01,4.130641460418701172e+00,6.660451889038085938e-01
6.686734557151794434e-01,2.065311908721923828e+00,1.479431629180908203e+00
6.053944826126098633e-01,3.547613143920898438e+00,4.893890321254730225e-01
5.642572045326232910e-01,4.657163143157958984e+00,1.107454776763916016e+00
1.237459704279899597e-01,9.849382042884826660e-01,8.958399891853332520e-01
3.136526346206665039e-01,2.634434700012207031e+00,1.198576927185058594e+00
8.148387670516967773e-01,4.233554840087890625e+00,1.344009399414062500e+00
8.810198903083801270e-01,3.094764471054077148e+00,5.572867393493652344e-01
4.719524979591369629e-01,2.275859117507934570e+00,8.582937121391296387e-01
7.230208516120910645e-01,2.438362836837768555e+00,2.456055134534835815e-01
4.761105477809906006e-01,3.428311109542846680e+00,8.045932650566101074e-01
7.786765694618225098e-01,3.184064149856567383e+00,7.682319283485412598e-01
3.892068266868591309e-01,4.483299255371093750e+00,7.845243215560913086e-01
4.613203704357147217e-01,2.205598354339599609e+00,1.151543617248535156e+00
4.511827528476715088e-01,1.815546631813049316e+00,1.482573151588439941e+00
6.961091160774230957e-01,1.819369673728942871e+00,1.456554532051086426e+00
6.250952482223510742e-01,4.657539367675781250e+00,2.288686335086822510e-01
2.953753173351287842e-01,1.930582284927368164e+00,9.185891151428222656e-01
6.258307695388793945e-01,4.890776634216308594e+00,8.523313999176025391e-01
3.689428567886352539e-01,2.791598558425903320e+00,1.498861789703369141e+00
3.735862672328948975e-01,1.938681364059448242e+00,3.841128647327423096e-01
7.175912261009216309e-01,3.862301588058471680e+00,9.033698439598083496e-01
8.307505249977111816e-01,6.833605766296386719e-01,6.844034790992736816e-01
8.046792745590209961e-01,3.552763462066650391e+00,9.330486059188842773e-01
2.942018210887908936e-01,2.131243467330932617e+00,7.439504265785217285e-01
5.446130633354187012e-01,3.380695819854736328e+00,4.957668185234069824e-01
1.306835114955902100e-01,2.661503553390502930e+00,1.332740545272827148e+00
5.573380589485168457e-01,4.958168029785156250e+00,1.501064598560333252e-01
5.949527621269226074e-01,3.753454923629760742e+00,6.863968968391418457e-01
8.556061387062072754e-01,5.383434891700744629e-01,4.886477589607238770e-01
4.009263217449188232e-01,4.121483325958251953e+00,1.025701761245727539e+00
5.437725186347961426e-01,2.453314781188964844e+00,3.882982134819030762e-01
4.134964048862457275e-01,2.757079124450683594e+00,7.355093359947204590e-01
6.912707090377807617e-01,2.805697202682495117e+00,1.181173443794250488e+00
8.605231046676635742e-01,2.504821419715881348e-01,8.869493603706359863e-01
1.373516470193862915e-01,3.310900211334228516e+00,1.358407974243164062e+00
6.071639657020568848e-01,3.918368816375732422e+00,6.364398002624511719e-01
1.587536484003067017e-01,3.604841709136962891e+00,9.643513560295104980e-01
8.620492219924926758e-01,4.435547828674316406e+00,1.179212927818298340e+00
6.580882668495178223e-01,2.432488203048706055e+00,4.224594235420227051e-01
3.750108480453491211e-01,1.079091548919677734e+00,9.739223122596740723e-01
3.581548631191253662e-01,3.767790555953979492e+00,2.028556466102600098e-01
5.380669832229614258e-01,1.931882977485656738e+00,1.400033473968505859e+00
5.675089955329895020e-01,3.268233239650726318e-01,1.204627156257629395e+00
5.035534501075744629e-01,1.997448444366455078e+00,1.226118445396423340e+00
1.635144352912902832e-01,3.753650903701782227e+00,1.338360786437988281e+00
1.534920483827590942e-01,1.412624001502990723e+00,4.663406014442443848e-01
5.368734598159790039e-01,3.588052034378051758e+00,5.519729852676391602e-01
5.428196787834167480e-01,1.613020062446594238e+00,2.086572647094726562e-01
3.957761228084564209e-01,2.220871925354003906e+00,1.052529096603393555e+00
8.428778648376464844e-01,2.224572658538818359e+00,1.170437455177307129e+00
7.551652789115905762e-01,1.400785684585571289e+00,6.685615181922912598e-01
2.022176533937454224e-01,3.321127176284790039e+00,8.365947604179382324e-01
2.953211069107055664e-01,3.976949930191040039e+00,1.245807766914367676e+00
4.196666181087493896e-01,4.504344165325164795e-01,1.230033397674560547e+00
2.255845963954925537e-01,3.301196336746215820e+00,1.117675900459289551e+00
6.823952198028564453e-01,2.457067728042602539e+00,1.409386515617370605e+00
3.743511736392974854e-01,3.386879682540893555e+00,4.905115365982055664e-01
5.567312836647033691e-01,4.613331794738769531e+00,8.785610198974609375e-01
4.270989298820495605e-01,7.824838161468505859e-01,9.418397545814514160e-01
7.200291156768798828e-01,4.960987091064453125e+00,7.725669741630554199e-01
3.947988152503967285e-02,4.523339748382568359e+00,6.048594787716865540e-02
6.754007935523986816e-01,5.270273685455322266e-01,9.770613312721252441e-01
8.068305850028991699e-01,1.890392780303955078e+00,1.078021764755249023e+00
6.713063716888427734e-01,3.947458982467651367e+00,7.889682650566101074e-01
6.162796020507812500e-01,3.637419462203979492e+00,2.470878660678863525e-01
3.116155266761779785e-01,1.390300393104553223e-01,1.225139021873474121e+00
7.261193543672561646e-02,4.467088222503662109e+00,4.472644329071044922e-01
1.278456300497055054e-01,3.182261943817138672e+00,1.019922256469726562e+00
6.639198660850524902e-01,1.868240714073181152e+00,2.648118138313293457e-01
7.028502821922302246e-01,4.058682918548583984e+00,6.361768245697021484e-01
4.448130130767822266e-01,1.411100864410400391e+00,8.346731066703796387e-01
4.470776617527008057e-01,2.164077043533325195e+00,9.754688739776611328e-01
3.279708027839660645e-01,1.234412312507629395e+00,9.219756126403808594e-01
3.451775908470153809e-01,1.078346490859985352e+00,3.265778422355651855e-01
3.358939588069915771e-01,1.738001704216003418e+00,1.385278701782226562e+00
2.155243456363677979e-01,1.838846445083618164e+00,4.436732828617095947e-01
2.539035975933074951e-01,9.333661794662475586e-01,1.254884004592895508e+00
6.771142482757568359e-01,1.762103080749511719e+00,1.218818306922912598e+00
6.183177828788757324e-01,4.091011524200439453e+00,1.053192734718322754e+00
3.223729133605957031e-01,7.643463611602783203e-01,6.435616016387939453e-01
7.477045655250549316e-01,1.783250808715820312e+00,1.434730529785156250e+00
7.180125117301940918e-01,1.985130071640014648e+00,1.504883617162704468e-01
6.718170046806335449e-01,4.851394653320312500e+00,1.303510427474975586e+00
2.894365787506103516e-01,4.644178867340087891e+00,1.249918341636657715e+00
1.169483959674835205e-01,2.637044191360473633e-01,2.322626262903213501e-01
6.623603105545043945e-01,2.416095018386840820e+00,9.182267189025878906e-01
2.247490733861923218e-01,3.632019758224487305e-01,7.769318222999572754e-01
2.529357075691223145e-01,4.738538265228271484e+00,8.884381651878356934e-01
3.358311653137207031e-01,1.351878046989440918e+00,8.312830924987792969e-01
1.524418708868324757e-03,4.513425350189208984e+00,8.708515167236328125e-01
5.842016339302062988e-01,8.889279365539550781e-01,1.000207304954528809e+00
6.722159981727600098e-01,4.466622352600097656e+00,1.123020291328430176e+00
4.593298137187957764e-01,8.281052112579345703e-01,1.182312607765197754e+00
4.692341387271881104e-01,4.965147495269775391e+00,4.448073208332061768e-01
1.020042002201080322e-01,8.980411291122436523e-01,2.811583876609802246e-01
9.714327454566955566e-01,8.990548253059387207e-01,3.719254732131958008e-01
3.881038427352905273e-01,2.615423679351806641e+00,8.406001329421997070e-01
3.272514045238494873e-01,3.359355688095092773e+00,1.201540470123291016e+00
7.492687702178955078e-01,5.816526710987091064e-02,1.176442623138427734e+00
4.512206614017486572e-01,3.727850437164306641e+00,9.379133582115173340e-01
6.221696138381958008e-01,4.139762401580810547e+00,4.132009744644165039e-01
2.934496998786926270e-01,2.563285589218139648e+00,8.539888858795166016e-01
3.732959926128387451e-01,4.524995326995849609e+00,7.530369162559509277e-01
6.396750807762145996e-01,1.233256936073303223e+00,6.628823876380920410e-01
7.047394514083862305e-01,4.310541152954101562e+00,9.760593771934509277e-01
5.571295619010925293e-01,2.320182085037231445e+00,1.155424475669860840e+00
3.584432303905487061e-01,4.133959293365478516e+00,1.148823738098144531e+00
1.244297903031110764e-02,3.194782018661499023e+00,2.756170332431793213e-01
9.705165028572082520e-01,7.831384539604187012e-01,9.687532782554626465e-01
6.097782850265502930e-01,3.016534328460693359e+00,4.178045392036437988e-01
6.085624098777770996e-01,2.667189121246337891e+00,6.809636950492858887e-01
8.351750373840332031e-01,3.123754739761352539e+00,3.882785439491271973e-01
3.723650872707366943e-01,3.679976463317871094e+00,7.568516731262207031e-01
7.341911792755126953e-01,4.952771186828613281e+00,9.642429649829864502e-02
5.998970270156860352e-01,1.043975353240966797e+00,4.628129303455352783e-01
3.743611872196197510e-01,2.463363647460937500e+00,6.369398832321166992e-01
6.569269895553588867e-01,4.956404685974121094e+00,9.271770715713500977e-01
3.669890463352203369e-01,3.107557296752929688e-01,5.654622614383697510e-02
4.866640865802764893e-01,1.931417435407638550e-01,6.874244213104248047e-01
5.070871710777282715e-01,3.711499452590942383e+00,9.861227273941040039e-01
4.085575938224792480e-01,3.033684253692626953e+00,1.397775173187255859e+00
7.009670138359069824e-01,2.829144716262817383e+00,1.427035570144653320e+00
6.041484475135803223e-01,9.117783904075622559e-01,1.370303630828857422e+00
1.685688793659210205e-01,5.223945379257202148e-01,1.330296248197555542e-01
1.661587059497833252e-01,8.302558660507202148e-01,1.435458421707153320e+00
3.487866371870040894e-03,3.706281900405883789e+00,3.816690146923065186e-01
3.732865452766418457e-01,8.764564990997314453e-01,1.104156136512756348e+00
7.888523936271667480e-01,2.025926113128662109e+00,8.394550085067749023e-01
3.375800549983978271e-01,3.353018999099731445e+00,2.798281908035278320e-01
4.449620544910430908e-01,2.135787725448608398e+00,4.274422824382781982e-01
3.166243135929107666e-01,1.982900857925415039e+00,2.726903855800628662e-01
8.660120964050292969e-01,3.118002891540527344e+00,2.496250271797180176e-01
1.047361865639686584e-01,2.175866365432739258e+00,3.485296666622161865e-01
6.119206547737121582e-01,1.780886292457580566e+00,4.514765739440917969e-01
4.903930723667144775e-01,4.733467578887939453e+00,6.989089250564575195e-01
6.799222528934478760e-02,4.082062244415283203e+00,7.446368932723999023e-01
5.922210812568664551e-01,3.638030052185058594e+00,9.782904982566833496e-01
1.717138290405273438e-01,3.597116947174072266e+00,1.027927517890930176e+00
5.785509943962097168e-01,4.473176479339599609e+00,8.458174467086791992e-01
5.334591865539550781e-01,1.637969017028808594e+00,5.795197486877441406e-01
5.944350361824035645e-01,4.105342864990234375e+00,6.247048377990722656e-01
1.371647119522094727e-01,1.510730147361755371e+00,3.733583390712738037e-01
6.299521923065185547e-01,1.321004748344421387e+00,8.957781791687011719e-01
9.248470515012741089e-02,1.864119648933410645e+00,5.772082805633544922e-01
8.474993705749511719e-01,2.080449104309082031e+00,7.798507809638977051e-01
8.281272053718566895e-01,1.590905427932739258e+00,1.479493081569671631e-01
8.592928647994995117e-01,1.759920418262481689e-01,2.768373787403106689e-01
6.395369768142700195e-01,4.108816623687744141e+00,2.980377972126007080e-01
5.223889350891113281e-01,4.627730369567871094e+00,1.075825691223144531e+00
9.755318760871887207e-01,2.140094280242919922e+00,4.338667541742324829e-02
1.694522947072982788e-01,5.908075571060180664e-01,7.630894780158996582e-01
2.703972160816192627e-01,3.565622806549072266e+00,9.666340947151184082e-01
2.609153091907501221e-01,3.701605200767517090e-01,1.169965624809265137e+00
7.288928627967834473e-01,2.927266359329223633e+00,5.770547389984130859e-01
8.553349375724792480e-01,1.688892126083374023e+00,7.830503582954406738e-01
6.267590522766113281e-01,3.476734876632690430e+00,1.194778919219970703e+00
7.538402080535888672e-01,3.649886131286621094e+00,3.933525457978248596e-02
4.256198704242706299e-01,3.449271678924560547e+00,7.489835619926452637e-01
1.091059073805809021e-01,3.146563768386840820e+00,1.469780325889587402e+00
6.278271675109863281e-01,1.657849848270416260e-01,4.999170303344726562e-01
7.983016967773437500e-01,2.781439781188964844e+00,1.031649947166442871e+00
4.822709858417510986e-01,2.198112487792968750e+00,1.283951520919799805e+00
8.487546443939208984e-01,2.082125902175903320e+00,1.267174929380416870e-01
7.436309456825256348e-01,2.058414697647094727e+00,9.075000286102294922e-01
1.110274717211723328e-01,2.792706727981567383e+00,8.095871210098266602e-01
6.782702803611755371e-01,2.713916540145874023e+00,5.976750850677490234e-01
1.508405506610870361e-01,3.851795434951782227e+00,4.405681490898132324e-01
7.183206677436828613e-01,3.703400373458862305e+00,3.107249438762664795e-01
7.658298015594482422e-01,1.055040240287780762e+00,2.795218825340270996e-01
5.044327974319458008e-01,3.625349760055541992e+00,7.564835548400878906e-01
5.401464104652404785e-01,2.962797880172729492e+00,8.787038922309875488e-01
7.214595079421997070e-01,1.644010663032531738e+00,1.501305252313613892e-01
3.671343922615051270e-01,3.009431838989257812e+00,1.133016347885131836e+00
9.887945055961608887e-01,9.723266363143920898e-01,5.856521725654602051e-01
6.090971231460571289e-01,3.547676324844360352e+00,3.857156336307525635e-01
6.069492101669311523e-01,4.722395896911621094e+00,4.249549284577369690e-02
4.454339742660522461e-01,1.612537145614624023e+00,1.035945057868957520e+00
5.965204834938049316e-01,4.115825176239013672e+00,6.584248542785644531e-01
4.810561835765838623e-01,3.136692047119140625e+00,1.012695193290710449e+00
7.730630636215209961e-01,2.330138444900512695e+00,5.326840281486511230e-01
3.724780976772308350e-01,3.438523769378662109e+00,1.204524040222167969e+00
3.834055960178375244e-01,2.543615400791168213e-01,8.268207907676696777e-01
9.131924510002136230e-01,4.905151367187500000e+00,1.078730583190917969e+00
2.654476463794708252e-01,4.650780200958251953e+00,1.211908698081970215e+00
8.763776421546936035e-01,1.834977865219116211e+00,2.848725616931915283e-01
4.037028551101684570e-01,4.267094612121582031e+00,8.682978749275207520e-01
1.116158366203308105e-01,2.808476388454437256e-01,7.552835941314697266e-01
7.294807434082031250e-01,4.784502983093261719e+00,1.041884899139404297e+00
4.131027758121490479e-01,2.645724058151245117e+00,1.339601397514343262e+00
8.669693768024444580e-02,2.097625732421875000e+00,2.064191401004791260e-01
7.686594128608703613e-01,2.426679372787475586e+00,3.034643828868865967e-01
4.361315667629241943e-01,2.014447212219238281e+00,4.882641732692718506e-01
2.174508571624755859e-02,1.786043643951416016e+00,4.379575550556182861e-01
2.562516629695892334e-01,2.975283145904541016e+00,8.393102884292602539e-01
8.347731828689575195e-01,2.065375089645385742e+00,1.773283630609512329e-01
6.508687138557434082e-01,1.463303804397583008e+00,6.792886257171630859e-01
8.347100019454956055e-01,4.052867889404296875e+00,4.971495568752288818e-01
8.166085481643676758e-01,1.837157249450683594e+00,2.900760471820831299e-01
2.249579131603240967e-01,3.053450584411621094e-01,3.206612467765808105e-01
3.861417770385742188e-01,4.824872016906738281e+00,3.978228569030761719e-01
2.782276868820190430e-01,4.771284103393554688e+00,5.219171643257141113e-01
6.846424937248229980e-01,2.318988084793090820e+00,1.259986042976379395e+00
6.453238893300294876e-03,2.832316637039184570e+00,4.082555472850799561e-01
5.813531279563903809e-01,4.553994178771972656e+00,1.188268065452575684e+00
7.731361389160156250e-01,1.162325024604797363e+00,4.685091078281402588e-01
4.769185781478881836e-01,1.824064016342163086e+00,1.305150985717773438e+00
1.884339898824691772e-01,4.835592269897460938e+00,1.230070516467094421e-01
5.805803537368774414e-01,2.046731233596801758e+00,2.649196088314056396e-01
9.090077877044677734e-01,1.724862456321716309e+00,5.597386956214904785e-01
8.943279385566711426e-01,1.951204657554626465e+00,1.839574575424194336e-01
6.939836740493774414e-01,1.490358233451843262e+00,1.541043668985366821e-01
9.549912810325622559e-01,1.841649174690246582e+00,6.630841493606567383e-01
6.754267811775207520e-01,3.811645030975341797e+00,1.172853350639343262e+00
4.716541469097137451e-01,1.564621686935424805e+00,5.575740337371826172e-01
3.224194049835205078e-01,3.467204809188842773e+00,1.113336682319641113e+00
7.774496078491210938e-01,1.216604113578796387e+00,1.761046051979064941e-01
5.067947506904602051e-01,9.089574813842773438e-01,1.273076295852661133e+00
8.735938072204589844e-01,2.491934061050415039e+00,7.956531643867492676e-01
4.688418209552764893e-01,2.894777774810791016e+00,1.064552664756774902e-01
8.264172077178955078e-01,2.530005693435668945e+00,2.247696965932846069e-01
9.322471022605895996e-01,4.457730293273925781e+00,9.544742703437805176e-01
7.348300218582153320e-01,4.433098316192626953e+00,1.722886711359024048e-01
4.640941023826599121e-01,1.480174183845520020e+00,1.096156239509582520e+00
6.911264061927795410e-01,2.297031879425048828e+00,9.102734327316284180e-01
2.541869580745697021e-01,7.030392289161682129e-01,1.069425344467163086e+00
4.034928083419799805e-01,2.500675439834594727e+00,6.102228760719299316e-01
8.587500452995300293e-01,4.137328624725341797e+00,9.635413885116577148e-01
7.378042936325073242e-01,4.706148624420166016e+00,6.392955183982849121e-01
5.771375894546508789e-01,7.722791433334350586e-01,3.145009875297546387e-01
8.067207932472229004e-01,1.094483017921447754e+00,7.310522198677062988e-01
1.469946652650833130e-01,1.877532601356506348e+00,1.136902809143066406e+00
9.038879275321960449e-01,3.109057664871215820e+00,7.960789799690246582e-01
4.702764749526977539e-01,3.194454431533813477e+00,3.706520199775695801e-01
6.216660737991333008e-01,3.916710853576660156e+00,7.631437778472900391e-01
4.571174681186676025e-01,3.482808351516723633e+00,2.869678437709808350e-01
7.885254919528961182e-02,3.178784847259521484e+00,1.225830912590026855e+00
1.051005274057388306e-01,2.497299194335937500e+00,6.747274398803710938e-01
4.995848834514617920e-01,3.755118846893310547e+00,1.369814276695251465e+00
8.121262192726135254e-01,8.957557082176208496e-01,1.421738982200622559e+00
3.638725280761718750e-01,1.311352014541625977e+00,1.379912137985229492e+00
5.518249273300170898e-01,1.534324526786804199e+00,1.431163668632507324e+00
1.142292022705078125e-01,1.775536179542541504e+00,1.045646071434020996e+00
1.146237179636955261e-01,1.772534728050231934e+00,5.498906970024108887e-01
7.658924907445907593e-02,1.074562788009643555e+00,1.345417797565460205e-01
9.363098144531250000e-01,1.140949368476867676e+00,4.456975758075714111e-01
8.367095589637756348e-01,4.554883003234863281e+00,8.004949688911437988e-01
7.425597906112670898e-01,7.452411651611328125e-01,2.388598620891571045e-01
7.007738947868347168e-01,1.764614224433898926e+00,6.021031141281127930e-01
2.864258587360382080e-01,1.313415646553039551e+00,8.896281719207763672e-01
6.151401996612548828e-01,1.234146952629089355e+00,5.409579277038574219e-01
2.534651942551136017e-02,5.944563820958137512e-02,8.278034329414367676e-01
6.541245430707931519e-02,3.142542362213134766e+00,9.918369054794311523e-01
4.676287174224853516e-01,6.928290724754333496e-01,4.014224410057067871e-01
8.427450060844421387e-01,4.040886878967285156e+00,1.471983909606933594e+00
4.853625297546386719e-01,3.179131746292114258e+00,1.136226892471313477e+00
7.658492326736450195e-01,1.284464359283447266e+00,1.190948337316513062e-01
6.643310785293579102e-01,2.742103338241577148e+00,1.168632507324218750e+00
6.961528658866882324e-01,4.630337715148925781e+00,1.443165093660354614e-01
5.911491513252258301e-01,1.741761088371276855e+00,3.247576355934143066e-01
4.389131963253021240e-01,2.671105146408081055e+00,6.755069494247436523e-01
3.335067629814147949e-01,3.493913888931274414e+00,2.914227843284606934e-01
4.875262975692749023e-01,3.794467926025390625e+00,9.727714061737060547e-01
4.955811500549316406e-01,2.864765882492065430e+00,6.124630570411682129e-01
9.458792209625244141e-01,2.726084232330322266e+00,1.211588978767395020e+00
4.210779070854187012e-01,3.449608087539672852e+00,2.096338719129562378e-01
6.036388278007507324e-01,9.551989436149597168e-01,9.782411456108093262e-01
5.611996054649353027e-01,2.663130998611450195e+00,1.208222031593322754e+00
5.281754732131958008e-01,4.681402683258056641e+00,1.113333940505981445e+00
6.335162520408630371e-01,1.839794397354125977e+00,5.223907232284545898e-01
6.064399480819702148e-01,2.902486562728881836e+00,1.363697171211242676e+00
3.478736877441406250e-01,4.438228130340576172e+00,7.455401420593261719e-01
2.319492846727371216e-01,1.106555938720703125e+00,1.262195944786071777e+00
7.135972976684570312e-01,2.698490321636199951e-01,8.243791460990905762e-01
6.702085137367248535e-01,2.778507709503173828e+00,1.245867967605590820e+00
8.338072299957275391e-01,4.866580367088317871e-01,5.464205145835876465e-01
5.424903035163879395e-01,2.226155519485473633e+00,6.539817452430725098e-01
8.984257578849792480e-01,4.711841583251953125e+00,1.321770071983337402e+00
6.214708089828491211e-01,3.528612852096557617e+00,8.071734905242919922e-01
8.308742046356201172e-01,2.764276742935180664e+00,5.399091839790344238e-01
3.695903718471527100e-01,2.767436265945434570e+00,3.645416796207427979e-01
7.714028358459472656e-01,2.229004621505737305e+00,4.545874893665313721e-01
3.803174793720245361e-01,4.877438068389892578e+00,5.040048956871032715e-01
8.382589221000671387e-01,1.879496812820434570e+00,6.500344276428222656e-01
1.111317723989486694e-01,4.291377544403076172e+00,7.028632760047912598e-01
6.534334421157836914e-01,2.690660238265991211e+00,8.594321012496948242e-01
2.925459146499633789e-01,2.735763311386108398e+00,6.398569345474243164e-01
3.782060444355010986e-01,9.728002548217773438e-01,4.704166352748870850e-01
5.980104804039001465e-01,3.712599754333496094e+00,1.461172223091125488e+00
4.285053610801696777e-01,2.210471630096435547e+00,1.036304235458374023e+00
2.950016260147094727e-01,1.326524496078491211e+00,3.131046593189239502e-01
5.680233240127563477e-01,1.770197868347167969e+00,1.288498878479003906e+00
3.721392154693603516e-01,9.020722508430480957e-01,3.851654529571533203e-01
3.052324652671813965e-01,1.457768201828002930e+00,1.331629037857055664e+00
6.796281337738037109e-01,3.478418588638305664e+00,8.202234506607055664e-01
5.910938382148742676e-01,9.785876274108886719e-01,8.031474947929382324e-01
5.614367127418518066e-01,3.938463211059570312e+00,1.081978082656860352e+00
2.933278977870941162e-01,2.572042942047119141e+00,7.380611896514892578e-01
1.872920244932174683e-01,2.445757150650024414e+00,5.365740060806274414e-01
6.369959712028503418e-01,2.003914356231689453e+00,5.540739297866821289e-01
6.765847802162170410e-01,3.224143028259277344e+00,3.887190818786621094e-01
5.848935618996620178e-02,3.563815355300903320e+00,9.819493889808654785e-01
7.319017052650451660e-01,4.216582298278808594e+00,9.489795565605163574e-01
3.684510588645935059e-01,3.139903068542480469e+00,7.055109143257141113e-01
9.086668491363525391e-01,2.997761964797973633e+00,3.516430556774139404e-01
2.909210026264190674e-01,2.222472667694091797e+00,7.160694003105163574e-01
4.054104164242744446e-02,1.741698861122131348e+00,4.383665323257446289e-01
8.823927640914916992e-01,1.849961996078491211e+00,1.448099166154861450e-01
8.871839046478271484e-01,9.276652932167053223e-01,2.100863009691238403e-01
4.894685447216033936e-01,4.139509677886962891e+00,2.305530756711959839e-01
4.187915027141571045e-01,4.709941864013671875e+00,1.172936081886291504e+00
6.338236331939697266e-01,3.523149967193603516e+00,1.606815755367279053e-01
5.178900361061096191e-01,3.318353176116943359e+00,5.433667898178100586e-01
3.462350964546203613e-01,1.856269598007202148e+00,1.079923033714294434e+00
1.967882513999938965e-01,2.933546304702758789e+00,5.089932680130004883e-01
5.867823958396911621e-01,1.699735045433044434e+00,1.110796704888343811e-01
6.829516291618347168e-01,3.459558486938476562e+00,7.631940245628356934e-01
3.123470544815063477e-01,4.780569076538085938e+00,7.486218214035034180e-01
8.630381822586059570e-01,2.418203115463256836e+00,6.490657329559326172e-01
5.968623757362365723e-01,3.491969823837280273e+00,1.232923388481140137e+00
7.140461206436157227e-01,4.770828247070312500e+00,5.955095291137695312e-01
8.123551011085510254e-01,1.219066500663757324e+00,1.978557854890823364e-01
6.079593896865844727e-01,1.792690753936767578e+00,4.251050353050231934e-01
6.617856621742248535e-01,1.948316574096679688e+00,8.715114593505859375e-01
2.743392586708068848e-01,3.069331884384155273e+00,1.075916409492492676e+00
3.591427803039550781e-01,4.124673366546630859e+00,1.001323580741882324e+00
6.936206221580505371e-01,4.982419490814208984e+00,4.361220598220825195e-01
5.979922413825988770e-01,1.918069481849670410e+00,2.542992830276489258e-01
3.872776925563812256e-01,3.910626888275146484e+00,1.190117716789245605e+00
7.795991003513336182e-02,2.794203042984008789e+00,1.050828337669372559e+00
4.664541184902191162e-01,4.900460720062255859e+00,4.300311207771301270e-01
8.944727480411529541e-02,3.576689243316650391e+00,1.321020722389221191e+00
7.808127403259277344e-01,1.718849301338195801e+00,4.566290378570556641e-01
5.130243897438049316e-01,2.827487230300903320e+00,8.580163717269897461e-01
8.641001582145690918e-01,2.008782625198364258e+00,7.259234786033630371e-01
1.837078034877777100e-01,1.448597311973571777e+00,1.885336786508560181e-01
7.223013043403625488e-01,1.060065507888793945e+00,6.479477286338806152e-01
2.512987554073333740e-01,1.870549559593200684e+00,1.178964674472808838e-01
2.794329226016998291e-01,4.295293807983398438e+00,9.619832038879394531e-01
7.737531661987304688e-01,1.423517346382141113e+00,6.756117939949035645e-01
5.510688424110412598e-01,3.418234586715698242e+00,1.464314579963684082e+00
8.881230950355529785e-01,4.556743144989013672e+00,1.200175881385803223e+00
2.612193226814270020e-01,2.761942148208618164e+00,8.137307167053222656e-01
3.563923239707946777e-01,2.619054555892944336e+00,9.255179166793823242e-01
5.420647263526916504e-01,4.858284473419189453e+00,6.109388470649719238e-01
4.811675250530242920e-01,2.693857908248901367e+00,4.614220559597015381e-01
6.174339652061462402e-01,4.132657051086425781e+00,9.291837215423583984e-01
3.591990470886230469e-01,1.678057789802551270e+00,3.406705856323242188e-01
7.204865813255310059e-01,3.686054646968841553e-01,5.309332609176635742e-01
8.762695193290710449e-01,1.714778304100036621e+00,3.191396892070770264e-01
6.353596448898315430e-01,2.959730386734008789e+00,1.409676671028137207e+00
7.241327762603759766e-01,3.993262529373168945e+00,2.905555069446563721e-01
2.952206134796142578e-01,1.512510776519775391e+00,4.340395331382751465e-01
7.815371751785278320e-01,3.088605165481567383e+00,7.441190481185913086e-01
8.746320009231567383e-01,5.836508870124816895e-01,1.489514708518981934e-01
6.765496730804443359e-01,2.178834199905395508e+00,1.417230010032653809e+00
7.958189845085144043e-01,7.016351222991943359e-01,4.919628202915191650e-01
8.617413640022277832e-01,3.388298034667968750e+00,5.109465122222900391e-01
4.830520153045654297e-01,4.745661735534667969e+00,1.339960813522338867e+00
4.897947311401367188e-01,4.719799041748046875e+00,9.477671980857849121e-01
6.841915845870971680e-02,3.262883424758911133e+00,7.405971288681030273e-01
3.051654398441314697e-01,1.621715307235717773e+00,1.207381844520568848e+00
4.963397681713104248e-01,3.962335586547851562e+00,3.885320723056793213e-01
3.368732333183288574e-01,3.060780048370361328e+00,1.476790010929107666e-01
3.168679773807525635e-01,3.309185266494750977e+00,1.227019190788269043e+00
7.672224193811416626e-02,3.244682788848876953e+00,1.173987150192260742e+00
1.514697372913360596e-01,1.307102888822555542e-01,1.253966331481933594e+00
5.845012068748474121e-01,4.210645198822021484e+00,5.833258032798767090e-01
6.254792213439941406e-01,2.924307823181152344e+00,8.124628663063049316e-01
9.473239779472351074e-01,1.194745540618896484e+00,1.161381959915161133e+00
5.033556222915649414e-01,4.196526527404785156e+00,1.301381707191467285e+00
5.187962055206298828e-01,5.159085988998413086e-01,6.569621562957763672e-01
9.286094307899475098e-01,3.169788837432861328e+00,1.266973257064819336e+00
4.525890946388244629e-01,4.514264106750488281e+00,1.186360836029052734e+00
2.768225967884063721e-01,4.264034748077392578e+00,8.279251456260681152e-01
1.487514823675155640e-01,4.796582221984863281e+00,3.692683875560760498e-01
2.082491070032119751e-01,1.180361747741699219e+00,8.502871990203857422e-01
3.526368141174316406e-01,3.659440040588378906e+00,1.093338847160339355e+00
6.559921801090240479e-02,2.074987649917602539e+00,1.190985679626464844e+00
8.478109240531921387e-01,3.664653301239013672e+00,8.661102652549743652e-01
4.392406642436981201e-01,4.652050018310546875e+00,1.062258481979370117e+00
8.904485106468200684e-01,1.879880309104919434e+00,5.245670080184936523e-01
7.061668634414672852e-01,3.834379911422729492e+00,3.577713966369628906e-01
9.600752592086791992e-01,4.031563282012939453e+00,3.405942022800445557e-01
4.870838820934295654e-01,2.560151338577270508e+00,1.423773765563964844e+00
8.398079127073287964e-02,7.629256844520568848e-01,8.535645157098770142e-02
4.396684467792510986e-01,3.981868028640747070e+00,6.796104907989501953e-01
7.797340154647827148e-01,2.961030483245849609e+00,4.215373396873474121e-01
2.470835894346237183e-01,1.170127868652343750e+00,7.308163642883300781e-01
2.234836816787719727e-01,1.750496149063110352e+00,2.264177203178405762e-01
5.990189909934997559e-01,2.785447597503662109e+00,2.654671967029571533e-01
2.875093817710876465e-01,6.745841354131698608e-02,1.060833215713500977e+00
9.794161319732666016e-01,1.153596997261047363e+00,1.024395823478698730e+00
4.385838508605957031e-01,2.408667802810668945e+00,1.426888465881347656e+00
9.009201079607009888e-03,1.049133896827697754e+00,9.538699984550476074e-01
5.984235182404518127e-02,3.593485355377197266e+00,3.787878155708312988e-01
5.296290665864944458e-02,1.385122895240783691e+00,5.605221986770629883e-01
7.235927581787109375e-01,1.787717342376708984e-01,6.753075122833251953e-01
9.212344288825988770e-01,2.952591702342033386e-02,1.094299554824829102e+00
5.919263958930969238e-01,1.518842577934265137e+00,8.451442718505859375e-01
4.653439521789550781e-01,5.546697378158569336e-01,2.856526970863342285e-01
2.983387112617492676e-01,2.725529193878173828e+00,2.743451595306396484e-01
9.460043311119079590e-01,5.331299304962158203e-01,1.137381076812744141e+00
6.503016948699951172e-01,3.081461429595947266e+00,4.917969405651092529e-01
7.439538836479187012e-02,2.884232997894287109e+00,1.284916549921035767e-01
7.137094736099243164e-01,3.074379682540893555e+00,1.394333720207214355e+00
5.463240146636962891e-01,1.130026340484619141e+00,1.228046298027038574e+00
6.541929244995117188e-01,2.141912698745727539e+00,3.160910606384277344e-01
3.047311604022979736e-01,3.525168895721435547e+00,4.852701723575592041e-02
7.944886088371276855e-01,4.991548061370849609e+00,1.098892569541931152e+00
6.548227667808532715e-01,4.777570247650146484e+00,1.131610274314880371e+00
8.703441023826599121e-01,4.961621284484863281e+00,1.118160605430603027e+00
1.662627905607223511e-01,1.755848407745361328e+00,2.303248643875122070e-01
4.704416990280151367e-01,4.068157672882080078e+00,1.197565317153930664e+00
2.760080099105834961e-01,4.751389026641845703e+00,8.379550576210021973e-01
2.339473664760589600e-01,7.236464619636535645e-01,4.155461788177490234e-01
9.192035198211669922e-01,5.727528333663940430e-01,6.474025845527648926e-01
6.020402908325195312e-01,4.495491981506347656e+00,4.513072073459625244e-01
6.282269954681396484e-01,3.627313375473022461e+00,1.296460151672363281e+00
9.959005713462829590e-01,2.650788068771362305e+00,9.695074558258056641e-01
2.807101607322692871e-01,1.766894698143005371e+00,1.112697839736938477e+00
8.845287561416625977e-01,2.581792175769805908e-01,7.184076309204101562e-01
9.543055295944213867e-01,2.068028688430786133e+00,8.441182374954223633e-01
6.919970512390136719e-01,1.423723459243774414e+00,1.554648280143737793e-01
6.293245553970336914e-01,1.507207632064819336e+00,7.491383552551269531e-01
2.428166121244430542e-01,2.838385701179504395e-01,9.936755299568176270e-01
7.352488040924072266e-01,1.395879238843917847e-01,7.603859305381774902e-01
2.341290116310119629e-01,1.766047954559326172e+00,8.558069467544555664e-01
4.786097407341003418e-01,2.844649553298950195e+00,7.320038676261901855e-01
8.090631365776062012e-01,4.179508209228515625e+00,1.333242058753967285e+00
5.871849507093429565e-02,4.445358753204345703e+00,7.592809796333312988e-01
5.496558547019958496e-01,3.412158250808715820e+00,7.919636368751525879e-01
1.568333059549331665e-01,3.159650087356567383e+00,7.476188540458679199e-01
8.516685664653778076e-02,3.007436990737915039e-01,6.164754033088684082e-01
7.034126520156860352e-01,1.868507027626037598e+00,1.145817399024963379e+00
9.039671421051025391e-01,1.920765638351440430e+00,1.354630231857299805e+00
4.596116244792938232e-01,2.158662796020507812e+00,9.964461326599121094e-01
6.702469587326049805e-01,1.584667682647705078e+00,5.366144180297851562e-01
2.164503782987594604e-01,4.503928661346435547e+00,8.907690048217773438e-01
8.540046215057373047e-01,1.619201540946960449e+00,7.011778354644775391e-01
9.392998814582824707e-01,4.696781158447265625e+00,4.792360365390777588e-01
7.780069112777709961e-01,3.098037242889404297e+00,4.583316147327423096e-01
5.367523431777954102e-01,4.014331817626953125e+00,3.699826896190643311e-01
2.677318155765533447e-01,4.013710975646972656e+00,1.142410278320312500e+00
5.611188411712646484e-01,1.399790644645690918e+00,3.035315573215484619e-01
8.636406064033508301e-01,3.697400391101837158e-01,7.211409211158752441e-01
1.054499018937349319e-02,2.805424451828002930e+00,8.617986440658569336e-01
3.388214409351348877e-01,6.271222829818725586e-01,1.115256905555725098e+00
6.525052785873413086e-01,4.765666961669921875e+00,9.062674045562744141e-01
1.791026070713996887e-02,4.173477172851562500e+00,1.067447423934936523e+00
2.979905307292938232e-01,9.078743457794189453e-01,2.172215580940246582e-01
9.612413048744201660e-01,2.917392015457153320e+00,4.610925018787384033e-01
6.094749569892883301e-01,4.715634346008300781e+00,1.337765455245971680e+00
6.239889860153198242e-01,2.976628780364990234e+00,6.205617785453796387e-01
9.835977554321289062e-01,3.576091051101684570e+00,9.210239648818969727e-01
4.196657538414001465e-01,3.813971996307373047e+00,1.402269124984741211e+00
4.594589471817016602e-01,2.565226078033447266e+00,6.342486739158630371e-01
2.147028148174285889e-01,1.410972952842712402e+00,8.261284232139587402e-01
2.153474651277065277e-02,4.903677940368652344e+00,1.055889368057250977e+00
8.193818926811218262e-01,4.375026702880859375e+00,4.284458756446838379e-01
7.620322704315185547e-01,8.431935906410217285e-01,1.099498748779296875e+00
8.670974373817443848e-01,2.801597595214843750e+00,4.536767899990081787e-01
5.460032224655151367e-01,6.126762032508850098e-01,7.425593733787536621e-01
5.559585690498352051e-01,2.260858774185180664e+00,4.969755411148071289e-01
5.707307718694210052e-03,1.903327226638793945e+00,1.193806767463684082e+00
1.844255328178405762e-01,4.999569416046142578e+00,1.069241642951965332e+00
4.651336371898651123e-01,4.164442062377929688e+00,7.007475495338439941e-01
5.341231226921081543e-01,3.056515693664550781e+00,2.318612486124038696e-01
6.374341249465942383e-01,3.238860130310058594e+00,6.552337408065795898e-01
8.711126446723937988e-01,2.045748472213745117e+00,5.337888002395629883e-01
3.384081721305847168e-01,1.716943264007568359e+00,8.607070446014404297e-01
7.054289802908897400e-03,5.722904801368713379e-01,5.574334859848022461e-01
6.778159141540527344e-01,4.384659290313720703e+00,6.498607993125915527e-01
4.609641134738922119e-01,1.753500342369079590e+00,6.070201992988586426e-01
5.833124518394470215e-01,4.179562568664550781e+00,6.468435376882553101e-02
7.851761579513549805e-01,3.994426250457763672e+00,6.781957745552062988e-01
4.092222154140472412e-01,2.158466815948486328e+00,1.115834832191467285e+00
5.470570921897888184e-01,4.296228408813476562e+00,7.656099796295166016e-01
8.660712242126464844e-01,4.059391021728515625e+00,1.064838767051696777e+00
6.945887207984924316e-01,1.824992775917053223e+00,7.322582006454467773e-01
4.032705128192901611e-01,2.727385997772216797e+00,6.587600111961364746e-01
2.185464464128017426e-02,4.920683383941650391e+00,4.841246902942657471e-01
3.314332664012908936e-01,2.155190557241439819e-01,6.465432047843933105e-01
5.804613232612609863e-01,4.172755718231201172e+00,8.087868690490722656e-01
3.083446919918060303e-01,3.049283027648925781e+00,1.098381042480468750e+00
6.208612918853759766e-01,3.501251220703125000e+00,1.580235958099365234e-01
7.984313964843750000e-01,4.937309741973876953e+00,3.114250898361206055e-01
5.340903401374816895e-01,4.255670070648193359e+00,2.125000953674316406e-01
7.551212906837463379e-01,8.460725843906402588e-02,1.242904901504516602e+00
3.790659308433532715e-01,3.459249973297119141e+00,2.579222917556762695e-01
9.475430846214294434e-01,2.701363086700439453e+00,1.400323808193206787e-01
3.251691460609436035e-01,2.036448717117309570e+00,6.732310652732849121e-01
5.791329741477966309e-01,4.898069858551025391e+00,1.007381916046142578e+00
7.274644374847412109e-01,3.686243534088134766e+00,1.014770984649658203e+00
4.676960706710815430e-01,4.554239749908447266e+00,9.516087770462036133e-01
3.699014782905578613e-01,4.058931350708007812e+00,2.441909760236740112e-01
2.302926331758499146e-01,3.571899890899658203e+00,4.923262894153594971e-01
6.905902028083801270e-01,2.379013776779174805e+00,5.874132513999938965e-01
7.201737761497497559e-01,3.281785488128662109e+00,2.148577570915222168e-01
8.482235670089721680e-01,3.743988752365112305e+00,1.722870767116546631e-01
6.309921145439147949e-01,3.413975834846496582e-01,3.727199435234069824e-01
1.426178961992263794e-01,7.974951267242431641e-01,3.746875226497650146e-01
3.737326860427856445e-01,2.005248069763183594e+00,3.000259399414062500e-01
5.063902139663696289e-01,3.051798820495605469e+00,1.837613582611083984e-01
7.672247886657714844e-01,4.954929351806640625e-01,1.228659391403198242e+00
9.965330958366394043e-01,3.063500404357910156e+00,1.002266407012939453e+00
6.692486405372619629e-01,3.759063243865966797e+00,4.307164251804351807e-01
2.505536675453186035e-01,3.447282552719116211e+00,6.039517521858215332e-01
3.324075937271118164e-01,1.381471991539001465e+00,2.542782127857208252e-01
5.509250164031982422e-01,5.045442581176757812e-01,1.117561817169189453e+00
7.057591080665588379e-01,3.863400936126708984e+00,8.481194972991943359e-01
4.884699285030364990e-01,2.050992488861083984e+00,1.029884576797485352e+00
6.311746835708618164e-01,2.927642345428466797e+00,6.279498934745788574e-01
3.287043273448944092e-01,7.046679258346557617e-01,5.381444692611694336e-01
5.575768947601318359e-01,5.033242106437683105e-01,7.993995547294616699e-01
8.284304141998291016e-01,1.729779362678527832e+00,3.991399109363555908e-01
5.228423476219177246e-01,4.128310680389404297e+00,7.221240401268005371e-01
5.147932171821594238e-01,4.409195423126220703e+00,8.926849365234375000e-01
4.300772249698638916e-01,2.008689641952514648e+00,1.442710399627685547e+00
3.894047439098358154e-01,3.647261142730712891e+00,3.128547966480255127e-01
3.253440260887145996e-01,2.362327575683593750e+00,5.127983093261718750e-01
1.629863828420639038e-01,2.978063821792602539e+00,6.543939709663391113e-01
4.805150628089904785e-01,1.073073267936706543e+00,6.029312014579772949e-01
8.588510155677795410e-01,4.048512458801269531e+00,6.927820444107055664e-01
9.283915758132934570e-01,1.845064878463745117e+00,5.080193877220153809e-01
6.928971409797668457e-01,3.767752885818481445e+00,8.082039356231689453e-01
6.858652234077453613e-01,4.668484628200531006e-02,1.135581374168395996e+00
1.611524671316146851e-01,2.941161155700683594e+00,1.447700023651123047e+00
5.912819504737854004e-01,3.137043952941894531e+00,3.942719399929046631e-01
3.130673766136169434e-01,3.468083381652832031e+00,1.074197173118591309e+00
2.134486436843872070e-01,4.596834659576416016e+00,1.316607713699340820e+00
7.506232857704162598e-01,1.520594835281372070e+00,6.310651898384094238e-01
7.101833820343017578e-01,2.108771912753582001e-02,6.940499693155288696e-02
7.010567784309387207e-01,3.236483573913574219e+00,1.027574419975280762e+00
5.003349781036376953e-01,4.518501281738281250e+00,6.759187579154968262e-01
7.222630381584167480e-01,3.071067333221435547e+00,9.664204120635986328e-01
8.624349236488342285e-01,3.501221895217895508e+00,1.317066311836242676e+00
2.044995576143264771e-01,4.362062454223632812e+00,2.779139578342437744e-01
6.992937326431274414e-01,2.010305643081665039e+00,2.376408576965332031e-01
6.669184565544128418e-01,4.681711196899414062e+00,8.634995669126510620e-02
2.252197563648223877e-01,6.880304962396621704e-02,1.111587524414062500e+00
1.272434089332818985e-02,1.825217962265014648e+00,3.026413619518280029e-01
8.505215048789978027e-01,3.488199710845947266e+00,1.175342321395874023e+00
7.432609051465988159e-02,4.054999828338623047e+00,8.990367650985717773e-01
6.300773620605468750e-01,3.721107959747314453e+00,6.809006333351135254e-01
7.325860261917114258e-01,4.856966495513916016e+00,4.383972585201263428e-01
9.565705657005310059e-01,1.668067455291748047e+00,1.214232206344604492e+00
3.734165132045745850e-01,4.941661357879638672e+00,6.937989592552185059e-01
6.544005274772644043e-01,9.734490513801574707e-01,1.129358649253845215e+00
6.310294866561889648e-01,3.109597444534301758e+00,1.352956891059875488e+00
3.915231227874755859e-01,2.563540220260620117e+00,8.964582085609436035e-01
6.792393326759338379e-01,4.074840545654296875e+00,5.673905611038208008e-01
7.934778332710266113e-01,4.315864562988281250e+00,2.646310627460479736e-01
3.672565817832946777e-01,1.662449002265930176e+00,4.937614202499389648e-01
7.661234736442565918e-01,1.271440148353576660e+00,5.830005407333374023e-01
1.755913496017456055e-01,4.007580280303955078e+00,3.268102109432220459e-01
8.256062865257263184e-01,1.640164017677307129e+00,5.916451215744018555e-01
3.366386592388153076e-01,4.829152107238769531e+00,4.453814923763275146e-01
9.184077978134155273e-01,4.958374977111816406e+00,1.339921593666076660e+00
1.471425592899322510e-01,7.308254837989807129e-01,3.646479547023773193e-01
9.112010598182678223e-01,2.212484598159790039e+00,6.575800180435180664e-01
6.630631089210510254e-01,4.450614929199218750e+00,1.140356779098510742e+00
6.625078916549682617e-01,3.583790063858032227e+00,6.045522689819335938e-01
3.042661249637603760e-01,2.169894218444824219e+00,1.135472893714904785e+00
2.879048585891723633e-01,1.977785706520080566e+00,6.345134377479553223e-01
4.259608983993530273e-01,2.201469421386718750e+00,2.712212502956390381e-01
6.581771969795227051e-01,4.587436676025390625e+00,4.144238531589508057e-01
1.224331706762313843e-01,1.769675612449645996e+00,7.948349118232727051e-01
2.185517996549606323e-01,3.402302265167236328e+00,6.127887368202209473e-01
4.388473033905029297e-01,4.088085174560546875e+00,1.119286492466926575e-01
5.435036420822143555e-01,2.507626295089721680e+00,1.142339468002319336e+00
8.554980754852294922e-01,2.707694768905639648e+00,4.130923748016357422e-01
4.543054699897766113e-01,1.773880720138549805e+00,5.815644860267639160e-01
7.103077173233032227e-01,2.008612632751464844e+00,9.812155961990356445e-01
5.592228770256042480e-01,2.934944033622741699e-01,6.249395608901977539e-01
2.027449905872344971e-01,5.798767805099487305e-01,9.100220799446105957e-01
4.995966255664825439e-01,3.817178726196289062e+00,7.902863621711730957e-01
6.949456930160522461e-01,3.548355340957641602e+00,2.752786576747894287e-01
4.341018199920654297e-01,3.800233304500579834e-01,1.216065287590026855e+00
9.511567950248718262e-01,3.231684923171997070e+00,1.379105329513549805e+00
3.667739033699035645e-01,3.477046012878417969e+00,4.478909373283386230e-01
4.792541563510894775e-01,2.483934402465820312e+00,3.617992997169494629e-01
2.213942632079124451e-02,2.114083051681518555e+00,3.145170956850051880e-02
1.468151956796646118e-01,1.065649151802062988e+00,9.451650977134704590e-01
8.813927173614501953e-01,3.753863573074340820e+00,5.951159000396728516e-01
3.532260656356811523e-01,3.506067991256713867e+00,1.315214753150939941e+00
4.985029995441436768e-01,4.857392787933349609e+00,1.082289099693298340e+00
2.744187414646148682e-01,1.286404609680175781e+00,6.688343286514282227e-01
9.405021667480468750e-01,2.508136987686157227e+00,9.859958291053771973e-01
7.584388852119445801e-01,1.678565621376037598e+00,5.083418488502502441e-01
6.513408422470092773e-01,3.470576763153076172e+00,5.559483170509338379e-01
2.903361022472381592e-01,9.861835241317749023e-01,1.008800044655799866e-01
1.211581751704216003e-01,9.386467933654785156e-02,7.613613009452819824e-01
3.156171441078186035e-01,2.266268968582153320e+00,1.374304652214050293e+00
6.433809399604797363e-01,2.502030134201049805e+00,5.856199860572814941e-01
4.028461873531341553e-01,4.947681903839111328e+00,6.762682795524597168e-01
4.582594037055969238e-01,3.473494291305541992e+00,7.590425610542297363e-01
8.683447837829589844e-01,4.142429351806640625e+00,1.328236103057861328e+00
2.651609480381011963e-01,4.075506210327148438e+00,5.674319714307785034e-02
9.391371607780456543e-01,9.710650444030761719e-01,1.298431396484375000e+00
9.777621179819107056e-02,3.629618644714355469e+00,6.749536097049713135e-02
4.170614480972290039e-01,2.497680425643920898e+00,3.114706277847290039e-01
4.383674860000610352e-01,3.806916713714599609e+00,4.105998575687408447e-01
2.605608701705932617e-01,3.465304374694824219e+00,4.887581169605255127e-01
2.039067298173904419e-01,1.288926005363464355e+00,9.965470433235168457e-01
6.984221190214157104e-02,4.157178401947021484e+00,3.860540091991424561e-01
2.787150442600250244e-01,4.166147232055664062e+00,8.828075528144836426e-01
5.897440910339355469e-01,3.928878784179687500e+00,8.213449120521545410e-01
4.622777998447418213e-01,2.635438680648803711e+00,1.408069849014282227e+00
7.859999537467956543e-01,7.043845653533935547e-01,3.761438429355621338e-01
3.438987135887145996e-01,3.715562820434570312e+00,9.333139061927795410e-01
7.315489053726196289e-01,3.742306470870971680e+00,7.946689128875732422e-01
5.590218901634216309e-01,1.855269789695739746e+00,6.800659298896789551e-01
1.922536045312881470e-01,2.430243492126464844e-01,6.469728946685791016e-01
1.826676428318023682e-01,4.686174869537353516e+00,9.607841968536376953e-01
6.514823436737060547e-01,7.112925052642822266e-01,4.066107571125030518e-01
6.594181656837463379e-01,4.211605548858642578e+00,9.130777418613433838e-02
5.132130980491638184e-01,2.097995042800903320e+00,1.025752782821655273e+00
5.379967689514160156e-01,2.436991408467292786e-02,7.680526375770568848e-01
8.952869772911071777e-01,2.711485862731933594e+00,8.813765048980712891e-01
3.819800913333892822e-02,3.991168737411499023e+00,2.052208781242370605e-01
4.071883559226989746e-01,1.087484836578369141e+00,4.046131670475006104e-01
3.354301750659942627e-01,1.100215673446655273e+00,1.369279980659484863e+00
4.526255726814270020e-01,6.638919711112976074e-01,1.067060708999633789e+00
5.454220175743103027e-01,3.832074105739593506e-01,6.416723728179931641e-01
3.706015646457672119e-03,3.631435632705688477e+00,8.678942918777465820e-01
6.068775057792663574e-01,4.358866691589355469e+00,8.133425116539001465e-01
5.557150244712829590e-01,1.811664581298828125e+00,1.002168536186218262e+00
8.536302447319030762e-01,2.816590070724487305e+00,9.921644926071166992e-01
3.317110538482666016e-01,3.709314346313476562e+00,7.030104398727416992e-01
5.066828727722167969e-01,1.713163018226623535e+00,1.438242942094802856e-01
7.697674036026000977e-01,3.774516582489013672e+00,1.247190982103347778e-01
9.265499114990234375e-01,1.283339858055114746e+00,3.718935847282409668e-01
8.520497083663940430e-01,3.238051652908325195e+00,1.064886808395385742e+00
5.064819455146789551e-01,7.207030653953552246e-01,1.197647094726562500e+00
7.159858942031860352e-01,2.458539456129074097e-01,3.167980909347534180e-01
6.819753050804138184e-01,4.148795127868652344e+00,6.686578989028930664e-01
4.271201491355895996e-01,3.763554334640502930e+00,1.115178346633911133e+00
6.412874460220336914e-01,6.109266281127929688e-01,2.854143381118774414e-01
5.683347582817077637e-01,6.305174231529235840e-01,8.832848668098449707e-01
6.538435816764831543e-01,2.908011436462402344e+00,6.335451006889343262e-01
7.125830054283142090e-01,1.446667194366455078e+00,6.730258464813232422e-01
9.664615392684936523e-01,1.707435697317123413e-01,3.769795894622802734e-01
8.316053748130798340e-01,3.892828702926635742e+00,7.329287528991699219e-01
8.336220383644104004e-01,4.643214225769042969e+00,1.005758285522460938e+00
2.240084111690521240e-01,2.737567901611328125e+00,3.288232386112213135e-01
3.346284925937652588e-01,4.756823539733886719e+00,8.830779194831848145e-01
7.828202843666076660e-01,3.329127311706542969e+00,4.479547142982482910e-01
9.607527256011962891e-01,1.932242155075073242e+00,8.606763482093811035e-01
6.556111574172973633e-01,8.254976272583007812e-01,7.406051754951477051e-01
4.788081943988800049e-01,1.694180965423583984e+00,1.415557742118835449e+00
4.688112735748291016e-01,2.091839790344238281e+00,1.133834958076477051e+00
7.241408228874206543e-01,1.332004368305206299e-02,1.071102499961853027e+00
7.887070775032043457e-01,1.889426112174987793e+00,1.414401650428771973e+00
4.378674626350402832e-01,1.983798742294311523e+00,6.184124350547790527e-01
7.750472426414489746e-01,2.282556056976318359e+00,6.636899113655090332e-01
9.296233654022216797e-01,2.522067308425903320e+00,5.479953885078430176e-01
1.309763453900814056e-02,2.693930387496948242e+00,1.394325494766235352e+00
6.484400629997253418e-01,4.070605278015136719e+00,3.183305263519287109e-01
7.383801937103271484e-01,3.712612390518188477e+00,7.716528177261352539e-01
5.510948896408081055e-01,9.241855144500732422e-01,1.086773872375488281e+00
1.906663924455642700e-01,4.145773947238922119e-01,6.612089872360229492e-01
5.689561963081359863e-01,1.788761258125305176e+00,9.159609675407409668e-01
8.618505001068115234e-01,2.510490655899047852e+00,8.133996725082397461e-01
7.686086893081665039e-01,3.249368429183959961e+00,5.874902009963989258e-01
5.902795195579528809e-01,1.939838051795959473e+00,9.174830913543701172e-01
1.308378279209136963e-01,2.513334512710571289e+00,3.354505002498626709e-01
6.939800977706909180e-01,4.766016483306884766e+00,7.052894830703735352e-01
1.362997144460678101e-01,3.628368973731994629e-01,1.078287243843078613e+00
6.393632292747497559e-01,1.093661665916442871e+00,5.493102073669433594e-01
2.115019112825393677e-01,4.274765968322753906e+00,8.495759367942810059e-01
3.797039687633514404e-01,3.057580232620239258e+00,3.014351427555084229e-01
5.734208822250366211e-01,2.052324533462524414e+00,4.731077551841735840e-01
7.944599390029907227e-01,7.848537713289260864e-02,6.094274520874023438e-01
1.808008700609207153e-01,1.587460875511169434e+00,9.282177090644836426e-01
6.830179095268249512e-01,3.726896524429321289e+00,8.678570985794067383e-01
9.862641692161560059e-01,7.305250167846679688e-01,7.011436223983764648e-01
6.298919320106506348e-01,3.144822359085083008e+00,1.378164529800415039e+00
7.298363447189331055e-01,3.575170755386352539e+00,4.622313976287841797e-01
9.828680753707885742e-01,5.587583184242248535e-01,1.020424365997314453e+00
4.417578577995300293e-01,4.732661247253417969e+00,1.124897122383117676e+00
1.653758883476257324e-01,7.852988839149475098e-01,4.342908859252929688e-01
7.321936488151550293e-01,2.332372903823852539e+00,1.338347315788269043e+00
1.684939563274383545e-01,2.108920812606811523e+00,1.336887478828430176e-01
2.967797815799713135e-01,3.050883293151855469e+00,1.263613462448120117e+00
6.230919361114501953e-01,1.962229490280151367e+00,3.210005760192871094e-01
3.219859600067138672e-01,2.179465055465698242e+00,4.421229064464569092e-01
9.003242850303649902e-01,1.842422127723693848e+00,6.735284924507141113e-01
8.351069092750549316e-01,2.125874996185302734e+00,1.527614146471023560e-01
2.998439371585845947e-01,1.831200838088989258e+00,1.419570326805114746e+00
3.673535287380218506e-01,3.061937093734741211e+00,4.220223426818847656e-01
3.839950263500213623e-01,1.997403860092163086e+00,1.373801350593566895e+00
7.706716060638427734e-01,1.887742996215820312e+00,5.599865913391113281e-01
7.275799512863159180e-01,2.889726638793945312e+00,7.651519775390625000e-01
2.391259521245956421e-01,2.557764768600463867e+00,1.181639075279235840e+00
8.171463012695312500e-01,4.615708351135253906e+00,6.566377282142639160e-01
3.090090155601501465e-01,4.178106784820556641e+00,4.280181527137756348e-01
7.330824732780456543e-01,4.840333938598632812e+00,1.311244964599609375e+00
3.937347531318664551e-01,4.182228147983551025e-01,1.299335360527038574e+00
2.747592329978942871e-01,3.594874858856201172e+00,2.491837143898010254e-01
6.800887584686279297e-01,3.171034812927246094e+00,2.794986665248870850e-01
4.827354848384857178e-01,1.290180921554565430e+00,1.236828565597534180e+00
2.598926424980163574e-01,2.470633268356323242e+00,6.862469315528869629e-01
7.806992530822753906e-01,4.372518539428710938e+00,5.365055799484252930e-01
8.230992555618286133e-01,4.394680976867675781e+00,4.434549510478973389e-01
8.710839152336120605e-01,2.504879951477050781e+00,3.467840254306793213e-01
7.269640266895294189e-02,2.520268678665161133e+00,4.658085703849792480e-01
1.784551441669464111e-01,1.584118962287902832e+00,1.039443612098693848e+00
5.778962969779968262e-01,8.380020260810852051e-01,6.546238660812377930e-01
2.078434079885482788e-01,4.902515411376953125e+00,6.897909194231033325e-02
4.268068969249725342e-01,2.503603219985961914e+00,1.121535181999206543e+00
3.683628439903259277e-01,4.146048069000244141e+00,4.046379923820495605e-01
2.121021449565887451e-01,4.052739620208740234e+00,2.426650971174240112e-01
6.024867892265319824e-01,2.068450212478637695e+00,1.078846812248229980e+00
5.692174434661865234e-01,4.002485752105712891e+00,9.564685225486755371e-01
1.603824496269226074e-01,3.511294126510620117e+00,5.011202692985534668e-01
2.355983406305313110e-01,2.309200614690780640e-01,1.052200078964233398e+00
9.255650639533996582e-01,4.657398700714111328e+00,6.428629159927368164e-01
6.783683896064758301e-01,1.878966212272644043e+00,7.354825735092163086e-01
8.364744186401367188e-01,3.126759290695190430e+00,3.312162160873413086e-01
6.098862290382385254e-01,3.499845504760742188e+00,2.251815050840377808e-01
8.383226990699768066e-01,4.033883094787597656e+00,1.725017130374908447e-01
6.967965364456176758e-01,4.129541397094726562e+00,1.036798238754272461e+00
7.738834619522094727e-01,2.723092734813690186e-01,1.082300305366516113e+00
9.383265674114227295e-02,4.188521862030029297e+00,3.824827820062637329e-02
3.913075327873229980e-01,1.895751714706420898e+00,6.481961607933044434e-01
6.515066623687744141e-01,4.102736949920654297e+00,1.036055564880371094e+00
6.354175806045532227e-01,2.425425291061401367e+00,1.117484927177429199e+00
3.785732984542846680e-01,1.483851909637451172e+00,1.072526335716247559e+00
7.462396025657653809e-01,4.501141548156738281e+00,8.264907598495483398e-01
1.144514009356498718e-01,3.486043214797973633e+00,2.790440917015075684e-01
8.621640205383300781e-01,6.814444065093994141e-01,7.614606618881225586e-01
1.846584379673004150e-01,3.790625810623168945e+00,3.353950679302215576e-01
6.212634444236755371e-01,1.814828872680664062e+00,5.960579514503479004e-01
7.373694777488708496e-01,4.717669486999511719e+00,5.639560222625732422e-01
6.295257806777954102e-01,3.456005096435546875e+00,6.686810255050659180e-01
3.627978265285491943e-01,3.797037005424499512e-01,1.581279188394546509e-01
3.776982128620147705e-01,1.226816534996032715e+00,3.973349928855895996e-01
7.269114851951599121e-01,4.672133445739746094e+00,1.313693523406982422e+00
6.522949934005737305e-01,3.112446546554565430e+00,7.095505595207214355e-01
8.552926778793334961e-01,4.999336227774620056e-02,1.331563115119934082e+00
3.859473764896392822e-01,2.645185291767120361e-01,4.966674149036407471e-01
3.043009936809539795e-01,6.742069125175476074e-01,9.070279598236083984e-01
4.664990305900573730e-01,4.620057106018066406e+00,5.509889721870422363e-01
3.209784626960754395e-01,2.889929294586181641e+00,1.235077619552612305e+00
2.595871090888977051e-01,4.764384269714355469e+00,1.206861019134521484e+00
6.426001191139221191e-01,4.928473472595214844e+00,6.924855709075927734e-01
2.783459126949310303e-01,2.033959865570068359e+00,5.744709968566894531e-01
4.594576656818389893e-01,3.425357103347778320e+00,1.049764394760131836e+00
2.955077290534973145e-01,2.855165004730224609e+00,5.440436601638793945e-01
2.783491611480712891e-01,9.363338947296142578e-01,1.037224292755126953e+00
7.852607369422912598e-01,8.472157120704650879e-01,3.044520318508148193e-01
3.908031582832336426e-01,1.327071905136108398e+00,2.081628888845443726e-01
7.746278643608093262e-01,3.905786991119384766e+00,5.101759433746337891e-01
9.709379673004150391e-01,2.406482458114624023e+00,1.111039161682128906e+00
9.755066037178039551e-01,2.699287891387939453e+00,6.552765369415283203e-01
4.516141116619110107e-01,5.891160964965820312e-01,7.998156547546386719e-01
7.552784681320190430e-01,1.519687891006469727e+00,1.163818597793579102e+00
5.764706134796142578e-01,4.165875911712646484e+00,3.285963833332061768e-01
7.161539793014526367e-01,4.428038597106933594e+00,7.965335845947265625e-01
3.296581804752349854e-01,7.902805507183074951e-02,1.261526465415954590e+00
6.113503873348236084e-02,2.418548345565795898e+00,4.531371593475341797e-01
7.317656874656677246e-01,4.181906223297119141e+00,1.105000972747802734e+00
4.334776103496551514e-01,4.177118778228759766e+00,5.630085468292236328e-01
3.904750049114227295e-01,4.950672626495361328e+00,1.342813134193420410e+00
7.298088073730468750e-01,4.603446483612060547e+00,5.521079897880554199e-01
9.936864972114562988e-01,1.862247109413146973e+00,7.096198201179504395e-01
5.982806086540222168e-01,2.177350759506225586e+00,7.779862880706787109e-01
4.381796717643737793e-01,1.359578728675842285e+00,1.113363742828369141e+00
7.792371511459350586e-01,2.871392726898193359e+00,3.228578865528106689e-01
2.648170888423919678e-01,8.107836842536926270e-01,9.305580258369445801e-01
3.729343116283416748e-01,1.841125845909118652e+00,1.072591304779052734e+00
1.666022241115570068e-01,4.645562648773193359e+00,6.069606542587280273e-01
6.565465331077575684e-01,3.053614139556884766e+00,2.956558465957641602e-01
4.803928732872009277e-01,6.574453711509704590e-01,5.614383816719055176e-01
5.595428347587585449e-01,1.685078620910644531e+00,5.446952581405639648e-01
5.776070952415466309e-01,4.400235176086425781e+00,4.363203346729278564e-01
3.319477736949920654e-01,1.627832412719726562e+00,2.673055827617645264e-01
5.571393966674804688e-01,2.434846460819244385e-01,5.285973548889160156e-01
4.949830174446105957e-01,3.637178897857666016e+00,1.325214028358459473e+00
4.687421917915344238e-01,2.764414787292480469e+00,9.722605943679809570e-01
8.650848865509033203e-01,5.832977890968322754e-01,1.084125161170959473e+00
8.323654532432556152e-01,2.516535997390747070e+00,1.375117421150207520e+00
5.843535661697387695e-01,3.429565668106079102e+00,8.005648851394653320e-01
7.939371466636657715e-01,4.433652877807617188e+00,1.413043022155761719e+00
5.081815123558044434e-01,2.464480638504028320e+00,1.370550274848937988e+00
3.368352949619293213e-01,1.338301658630371094e+00,3.343044817447662354e-01
2.876302599906921387e-01,3.798590421676635742e+00,4.768889248371124268e-01
4.663561582565307617e-01,9.173751473426818848e-01,1.414853930473327637e+00
1.578865796327590942e-01,1.286790728569030762e+00,8.508985638618469238e-01
3.675948381423950195e-01,1.286721944808959961e+00,3.970096707344055176e-01
1.965270042419433594e-01,2.960148096084594727e+00,5.738157629966735840e-01
2.628832161426544189e-01,2.206748247146606445e+00,1.095185279846191406e+00
4.291249215602874756e-01,4.581945896148681641e+00,1.331383347511291504e+00
9.366148114204406738e-01,2.547365188598632812e+00,1.330438613891601562e+00
3.897700905799865723e-01,9.507201313972473145e-01,5.990412831306457520e-01
8.818340897560119629e-01,3.858548879623413086e+00,9.958372712135314941e-01
4.895223677158355713e-01,4.463442802429199219e+00,1.049082398414611816e+00
3.059764206409454346e-01,3.128357410430908203e+00,4.851007461547851562e-01
1.018486768007278442e-01,4.076862335205078125e+00,1.103838562965393066e+00
7.329733967781066895e-01,8.956534862518310547e-01,8.021893501281738281e-01
1.209908351302146912e-01,9.247447848320007324e-01,7.957392930984497070e-01
8.680372238159179688e-01,1.945221066474914551e+00,4.501032531261444092e-01
6.289766430854797363e-01,4.885365009307861328e+00,1.158544421195983887e+00
6.294814348220825195e-01,3.832652568817138672e+00,1.417313069105148315e-01
2.573400139808654785e-01,1.905406832695007324e+00,4.696198105812072754e-01
5.561894178390502930e-01,1.697324395179748535e+00,9.877084493637084961e-01
3.026786744594573975e-01,1.884291172027587891e-01,8.215758800506591797e-01
6.785353422164916992e-01,1.757329940795898438e+00,8.566033244132995605e-01
3.229534924030303955e-01,3.081547498703002930e+00,2.802637815475463867e-01
4.521022439002990723e-01,1.366491079330444336e+00,2.901494801044464111e-01
5.750644207000732422e-01,2.849392652511596680e+00,7.440451383590698242e-01
5.175262093544006348e-01,2.368519783020019531e+00,8.998137712478637695e-01
8.062263131141662598e-01,3.483026266098022461e+00,4.015448391437530518e-01
6.504024267196655273e-01,3.338201045989990234e+00,2.851636111736297607e-01
6.553615331649780273e-01,2.194774627685546875e+00,1.340119600296020508e+00
7.708276510238647461e-01,3.929729223251342773e+00,1.286468267440795898e+00
5.430288314819335938e-01,4.170284748077392578e+00,7.057129740715026855e-01
4.024400115013122559e-01,4.368200302124023438e+00,6.939161419868469238e-01
4.354152977466583252e-01,1.723476886749267578e+00,1.295050024986267090e+00
6.500810980796813965e-01,2.483593702316284180e+00,1.445029497146606445e+00
9.442359805107116699e-01,2.933633565902709961e+00,7.403700351715087891e-01
6.950438022613525391e-01,4.331211566925048828e+00,1.287617206573486328e+00
3.851433396339416504e-01,3.848376274108886719e+00,5.268313288688659668e-01
5.688709616661071777e-01,4.998772144317626953e+00,6.906557083129882812e-01
7.607675790786743164e-01,2.155861854553222656e+00,3.223903477191925049e-01
4.650926291942596436e-01,2.028407812118530273e+00,2.622164487838745117e-01
4.882468581199645996e-01,2.393954753875732422e+00,1.176202297210693359e+00
3.272939920425415039e-01,1.825895547866821289e+00,4.962235987186431885e-01
3.774203658103942871e-01,1.650067448616027832e+00,9.615321159362792969e-01
4.433421492576599121e-01,1.392619132995605469e+00,9.988219738006591797e-01
2.878206372261047363e-01,2.836532354354858398e+00,1.518115997314453125e-01
7.771587371826171875e-01,4.154287576675415039e-01,3.527912199497222900e-01
4.091893136501312256e-01,1.387918591499328613e+00,8.504957556724548340e-01
4.550799131393432617e-01,2.829256951808929443e-01,3.079597651958465576e-01
1.953665912151336670e-01,3.128341197967529297e+00,1.591724455356597900e-01
3.802553415298461914e-01,2.076969623565673828e+00,1.258686065673828125e+00
3.744156658649444580e-01,2.878421545028686523e+00,8.095624446868896484e-01
3.415624797344207764e-01,2.263569116592407227e+00,6.255289316177368164e-01
7.720051407814025879e-01,4.211825847625732422e+00,3.067083358764648438e-01
2.928492128849029541e-01,1.557427048683166504e+00,7.843191027641296387e-01
1.518371552228927612e-01,4.697251796722412109e+00,1.212501883506774902e+00
4.010568261146545410e-01,4.911062419414520264e-01,1.110460996627807617e+00
8.912743926048278809e-01,2.753820419311523438e+00,2.483218312263488770e-01
1.733350306749343872e-01,1.410713512450456619e-02,8.198163509368896484e-01
1.718093305826187134e-01,4.633639812469482422e+00,1.000354290008544922e+00
2.974474430084228516e-01,4.737030982971191406e+00,1.101894736289978027e+00
3.241015374660491943e-01,2.991957664489746094e+00,3.090252876281738281e-01
5.772442221641540527e-01,4.185670375823974609e+00,1.643403917551040649e-01
5.251110792160034180e-01,4.541164398193359375e+00,1.171251773834228516e+00
9.559012055397033691e-01,2.184330701828002930e+00,2.971071302890777588e-01
5.256054997444152832e-01,1.340347409248352051e+00,1.337696433067321777e+00
3.859426677227020264e-01,6.062695980072021484e-01,6.522363424301147461e-01
2.650438845157623291e-01,9.387628436088562012e-01,1.331168889999389648e+00
4.273761808872222900e-01,4.342187404632568359e+00,1.100917339324951172e+00
8.845123052597045898e-01,3.746387004852294922e+00,1.015910625457763672e+00
1.998132467269897461e-01,4.897650241851806641e+00,4.138964712619781494e-01
4.385290741920471191e-01,4.522881984710693359e+00,9.017488956451416016e-01
5.296120047569274902e-01,2.311181545257568359e+00,1.110270977020263672e+00
7.162508368492126465e-01,2.541344165802001953e+00,1.101512908935546875e+00
8.652684092521667480e-01,3.497793912887573242e+00,1.174351930618286133e+00
6.158556342124938965e-01,1.002425312995910645e+00,1.158854961395263672e+00
8.099007010459899902e-01,2.319814205169677734e+00,4.348140060901641846e-01
7.865360975265502930e-01,4.934737205505371094e+00,5.861459374427795410e-01
1.310308873653411865e-01,4.531883001327514648e-01,1.650320440530776978e-01
3.004192411899566650e-01,2.547146558761596680e+00,1.448232233524322510e-01
4.182622134685516357e-01,4.159801006317138672e+00,3.441190719604492188e-02
4.258243441581726074e-01,2.752161026000976562e+00,1.102389216423034668e+00
6.026140451431274414e-01,1.870555043220520020e+00,1.297431826591491699e+00
4.090315997600555420e-01,7.738338708877563477e-01,8.867539167404174805e-01
7.198290824890136719e-01,4.730585575103759766e+00,3.057326078414916992e-01
4.706549644470214844e-01,1.711430788040161133e+00,7.861096262931823730e-01
8.742055296897888184e-01,2.122735023498535156e+00,4.234296083450317383e-01
4.912885725498199463e-01,1.181715488433837891e+00,1.084464907646179199e+00
4.943758547306060791e-01,5.523438453674316406e-01,7.018130421638488770e-01
6.503882408142089844e-01,4.645853042602539062e+00,9.738262295722961426e-01
9.046125411987304688e-01,4.575593948364257812e+00,8.993427157402038574e-01
7.278367280960083008e-01,4.401166439056396484e+00,8.094103336334228516e-01
4.658437967300415039e-01,7.058652043342590332e-01,1.013602852821350098e+00
5.976668000221252441e-01,4.845547676086425781e+00,2.356636673212051392e-01
5.841643810272216797e-01,2.579588413238525391e+00,2.817691564559936523e-01
6.709952354431152344e-01,1.804378628730773926e-02,7.491695880889892578e-01
3.399647176265716553e-01,2.023482322692871094e-01,1.271627187728881836e+00
6.576163768768310547e-01,9.669730067253112793e-01,1.179792806506156921e-01
7.860408425331115723e-01,2.554085254669189453e+00,6.482936143875122070e-01
6.112685203552246094e-01,3.978670120239257812e+00,6.169690489768981934e-01
4.839594662189483643e-01,2.647661924362182617e+00,5.330538153648376465e-01
5.451056361198425293e-01,2.901520580053329468e-02,1.192025661468505859e+00
2.694177031517028809e-01,1.742735028266906738e+00,9.839189648628234863e-01
8.450106978416442871e-01,2.475496053695678711e+00,3.550873696804046631e-01
8.890341520309448242e-01,4.548877477645874023e-01,1.285742640495300293e+00
2.458139508962631226e-01,7.745214700698852539e-01,5.329887866973876953e-01
7.019051313400268555e-01,2.262334108352661133e+00,9.549260735511779785e-01
4.142594933509826660e-01,1.441189169883728027e+00,6.194939613342285156e-01
7.458339929580688477e-01,1.932417988777160645e+00,1.440889686346054077e-01
8.543103933334350586e-01,1.316802859306335449e+00,1.168820381164550781e+00
4.206555187702178955e-01,1.749556183815002441e+00,5.612273216247558594e-01
4.353112578392028809e-01,2.554081439971923828e+00,1.343375205993652344e+00
4.311018586158752441e-01,2.714343070983886719e+00,5.887346863746643066e-01
4.252929687500000000e-01,2.131536245346069336e+00,8.352960944175720215e-01
4.129920899868011475e-02,2.020657777786254883e+00,1.218397378921508789e+00
7.410918474197387695e-01,2.587695360183715820e+00,3.090730607509613037e-01
8.110168576240539551e-01,2.592100143432617188e+00,4.664560258388519287e-01
4.166299700736999512e-01,3.793565034866333008e+00,2.552658319473266602e-01
7.061312198638916016e-01,2.197014808654785156e+00,1.403373718261718750e+00
2.857486307621002197e-01,3.095204830169677734e+00,1.110492944717407227e+00
6.140211224555969238e-01,3.232771635055541992e+00,1.391656696796417236e-01
5.023701190948486328e-01,7.281841039657592773e-01,9.902020692825317383e-01
6.922292113304138184e-01,3.042155027389526367e+00,4.902788698673248291e-01
4.030986428260803223e-01,1.875335335731506348e+00,9.621193408966064453e-01
4.591132700443267822e-01,3.659292697906494141e+00,4.430594146251678467e-01
9.174867868423461914e-01,4.425428867340087891e+00,3.996382951736450195e-01
2.289527356624603271e-01,4.139236450195312500e+00,7.478663921356201172e-01
2.512400746345520020e-01,7.070505619049072266e-02,3.178167045116424561e-01
7.769670486450195312e-01,3.143537044525146484e+00,6.106196045875549316e-01
4.663237631320953369e-01,4.638648986816406250e+00,5.851526856422424316e-01
6.339811086654663086e-01,3.952415227890014648e+00,7.725101113319396973e-01
3.894846141338348389e-01,2.082254171371459961e+00,8.809472322463989258e-01
7.887622714042663574e-01,3.371696233749389648e+00,1.007519364356994629e+00
3.686652183532714844e-01,1.840256690979003906e+00,7.847210764884948730e-01
3.245153725147247314e-01,2.665706396102905273e+00,1.065625548362731934e+00
5.849475264549255371e-01,2.831952333450317383e+00,5.786208510398864746e-01
1.966876834630966187e-01,3.826158642768859863e-01,1.182323336601257324e+00
3.267534971237182617e-01,1.050254940986633301e+00,3.184448778629302979e-01
9.446544647216796875e-01,1.297630667686462402e+00,6.985102295875549316e-01
1.465791761875152588e-01,5.263173580169677734e-01,1.065838575363159180e+00
8.209209889173507690e-02,2.693358421325683594e+00,1.102949738502502441e+00
4.080277681350708008e-01,2.898150682449340820e+00,6.549660563468933105e-01
4.139922931790351868e-02,1.996351480484008789e+00,6.086652278900146484e-01
1.480598747730255127e-01,4.452444076538085938e+00,3.692459762096405029e-01
8.613229393959045410e-01,1.433473467826843262e+00,2.557058632373809814e-01
4.179177880287170410e-01,3.068750381469726562e+00,1.057530641555786133e+00
6.654176115989685059e-01,9.975490570068359375e-01,1.319742679595947266e+00
6.882426142692565918e-01,3.954969167709350586e+00,1.252485632896423340e+00
6.747516989707946777e-01,9.515815973281860352e-01,6.914935111999511719e-01
4.320406615734100342e-01,2.998559951782226562e+00,4.015164971351623535e-01
7.357473373413085938e-01,1.962235212326049805e+00,3.615117669105529785e-01
6.461046934127807617e-01,3.322483777999877930e+00,4.841670095920562744e-01
8.691614270210266113e-01,2.305178940296173096e-01,7.186824083328247070e-01
5.431967973709106445e-01,3.697529315948486328e+00,8.044131398200988770e-01
7.449476122856140137e-01,1.434064745903015137e+00,7.167162299156188965e-01
3.827702403068542480e-01,3.142688989639282227e+00,1.149909257888793945e+00
7.366753816604614258e-01,3.923089981079101562e+00,2.367328703403472900e-01
5.422597527503967285e-01,1.779180526733398438e+00,6.820246577262878418e-01
7.171304821968078613e-01,3.393778800964355469e+00,1.016173839569091797e+00
7.803939580917358398e-01,1.953257083892822266e+00,8.732491731643676758e-01
6.789522767066955566e-01,4.414646327495574951e-01,1.393677592277526855e+00
4.179747402667999268e-02,3.626446247100830078e+00,1.247828960418701172e+00
4.017598628997802734e-01,4.028324604034423828e+00,6.927891373634338379e-01
1.956052035093307495e-01,3.194219172000885010e-01,3.372156322002410889e-01
2.786429226398468018e-01,3.586463928222656250e+00,1.133111357688903809e+00
5.489145517349243164e-01,2.792770147323608398e+00,6.683543920516967773e-01
3.922872543334960938e-01,4.202365875244140625e+00,4.594649374485015869e-01
7.463918328285217285e-01,3.811651945114135742e+00,2.712801396846771240e-01
2.732419967651367188e-01,1.129618763923645020e+00,1.191627144813537598e+00
7.833458483219146729e-02,3.253568112850189209e-01,3.741879165172576904e-01
5.494284033775329590e-01,1.360881567001342773e+00,8.324838280677795410e-01
7.458776831626892090e-01,1.969022393226623535e+00,1.731010228395462036e-01
7.076323628425598145e-01,2.170650243759155273e+00,1.124678015708923340e+00
7.935163974761962891e-01,3.170894861221313477e+00,4.665642976760864258e-01
9.395015835762023926e-01,4.515865325927734375e+00,1.600108146667480469e-01
5.885037183761596680e-01,4.365485668182373047e+00,8.754901289939880371e-01
5.593628287315368652e-01,6.302104592323303223e-01,1.155898451805114746e+00
3.258467316627502441e-01,1.521154403686523438e+00,3.250443339347839355e-01
1.993906311690807343e-02,4.200172424316406250e+00,5.034270882606506348e-01
3.231195509433746338e-01,4.630413651466369629e-01,1.360175728797912598e+00
1.577896028757095337e-01,1.652070283889770508e+00,9.399498105049133301e-01
7.160549163818359375e-01,2.470379829406738281e+00,2.011521458625793457e-01
6.644319742918014526e-02,4.564486026763916016e+00,1.134338140487670898e+00
2.718022465705871582e-01,4.806117534637451172e+00,7.960586547851562500e-01
8.244972825050354004e-01,2.374074697494506836e+00,9.096236228942871094e-01
3.889588713645935059e-01,1.581901431083679199e+00,6.128686666488647461e-01
3.880387842655181885e-01,1.988646030426025391e+00,1.066975116729736328e+00
4.922538101673126221e-01,2.831172466278076172e+00,4.332363903522491455e-01
8.587469905614852905e-02,1.564850687980651855e+00,1.112673163414001465e+00
5.652763843536376953e-01,1.285992264747619629e+00,2.382235229015350342e-01
8.164685368537902832e-01,1.716715931892395020e+00,7.754073739051818848e-01
6.449303030967712402e-01,2.497850179672241211e+00,5.164929032325744629e-01
4.030743837356567383e-01,1.948331743478775024e-01,1.328420758247375488e+00
2.469238936901092529e-01,4.378022193908691406e+00,5.643677115440368652e-01
9.267203211784362793e-01,1.030031561851501465e+00,2.033780366182327271e-01
7.887175083160400391e-01,2.627971410751342773e+00,3.245150744915008545e-01
7.531671524047851562e-01,3.454384326934814453e+00,8.802873492240905762e-01
6.700882315635681152e-01,1.638182997703552246e+00,4.122822284698486328e-01
2.043986618518829346e-01,3.902324438095092773e+00,5.389710515737533569e-02
1.962852180004119873e-01,4.911805152893066406e+00,9.232371449470520020e-01
6.008106470108032227e-02,3.772015571594238281e+00,4.850666224956512451e-01
7.448794841766357422e-01,6.390286087989807129e-01,2.263575978577136993e-02
3.686311841011047363e-01,3.110495805740356445e+00,2.774335145950317383e-01
6.539200544357299805e-01,2.120632886886596680e+00,1.112419128417968750e+00
1.131256744265556335e-01,4.906959533691406250e+00,1.017674922943115234e+00
1.747646033763885498e-01,1.163608908653259277e+00,3.264084458351135254e-01
5.406321287155151367e-01,2.008058428764343262e-01,1.073240160942077637e+00
6.589783430099487305e-01,2.457740783691406250e+00,1.184729218482971191e+00
2.213157862424850464e-01,2.745318651199340820e+00,5.877258777618408203e-01
4.811254739761352539e-01,3.037380218505859375e+00,6.616216897964477539e-01
9.717426449060440063e-02,3.981590032577514648e+00,1.446632504463195801e+00
5.488288998603820801e-01,3.655940771102905273e+00,5.622525215148925781e-01
7.175665497779846191e-01,1.081116914749145508e+00,1.048209592700004578e-01
8.059561848640441895e-01,3.154307126998901367e+00,1.134822130203247070e+00
5.057443380355834961e-01,2.988891601562500000e+00,1.062996745109558105e+00
7.180175185203552246e-01,4.966159820556640625e+00,3.571137189865112305e-01
6.581805944442749023e-01,4.516575336456298828e+00,6.442295312881469727e-01
4.724585413932800293e-01,2.799168348312377930e+00,1.019420385360717773e+00
3.396700918674468994e-01,4.121198654174804688e+00,8.739877492189407349e-02
3.248940408229827881e-01,2.700845241546630859e+00,1.126940965652465820e+00
5.519484281539916992e-01,2.339241504669189453e+00,7.061714529991149902e-01
8.715372681617736816e-01,2.052600145339965820e+00,2.551720142364501953e-01
6.977174878120422363e-01,2.193292379379272461e+00,9.797760248184204102e-01
5.015540122985839844e-01,4.869514465332031250e+00,1.174434065818786621e+00
5.206072926521301270e-01,2.588281393051147461e+00,9.275262355804443359e-01
5.149675011634826660e-01,2.940032720565795898e+00,1.256810665130615234e+00
7.106848955154418945e-01,1.920374631881713867e+00,2.144806087017059326e-01
3.648584187030792236e-01,3.784333705902099609e+00,1.062660694122314453e+00
7.902897596359252930e-01,4.987006187438964844e+00,1.165424823760986328e+00
4.721045196056365967e-01,1.446722388267517090e+00,1.288236498832702637e+00
3.501100242137908936e-01,2.701721668243408203e+00,9.521038532257080078e-01
2.442073822021484375e-01,1.990513086318969727e+00,8.427605032920837402e-01
5.439222455024719238e-01,3.609964370727539062e+00,9.953055977821350098e-01
2.417757809162139893e-01,4.654127120971679688e+00,3.029730618000030518e-01
1.886472254991531372e-01,1.776662111282348633e+00,5.160585045814514160e-01
6.004605442285537720e-02,2.262065649032592773e+00,6.845598220825195312e-01
4.787228405475616455e-01,2.854670524597167969e+00,2.556188702583312988e-01
8.411993384361267090e-01,9.142772555351257324e-01,8.396469354629516602e-01
7.895584106445312500e-01,4.428605079650878906e+00,5.154575705528259277e-01
7.846127152442932129e-01,4.756958007812500000e+00,1.245423436164855957e+00
7.415760159492492676e-01,4.379950046539306641e+00,1.084354162216186523e+00
2.714738547801971436e-01,2.919736623764038086e+00,1.327264428138732910e+00
9.207823127508163452e-02,2.047055482864379883e+00,1.042219877243041992e+00
8.297313451766967773e-01,4.095610618591308594e+00,6.034741997718811035e-01
8.874199390411376953e-01,2.636709213256835938e+00,9.845556616783142090e-01
4.844301342964172363e-01,1.800919324159622192e-01,1.276240706443786621e+00
9.180354475975036621e-01,2.275884151458740234e+00,7.964462041854858398e-01
2.636848688125610352e-01,4.423233985900878906e+00,6.225569844245910645e-01
8.395606279373168945e-01,2.616077423095703125e+00,1.145636796951293945e+00
3.944950178265571594e-02,1.686802864074707031e+00,4.558589458465576172e-01
1.715521961450576782e-01,3.726775050163269043e-01,1.362666130065917969e+00
2.071473449468612671e-01,2.192219257354736328e+00,1.812403798103332520e-01
3.723956346511840820e-01,1.902617454528808594e+00,2.318070679903030396e-01
8.800013065338134766e-01,8.547464609146118164e-01,1.334911108016967773e+00
8.312274813652038574e-01,1.233451366424560547e+00,6.710149049758911133e-01
6.461026668548583984e-01,3.687444210052490234e+00,3.342705070972442627e-01
5.496507883071899414e-01,1.176200509071350098e+00,1.292178273200988770e+00
7.804850935935974121e-01,3.339916229248046875e+00,9.394248723983764648e-01
4.584487378597259521e-01,4.495734691619873047e+00,5.568346381187438965e-01
7.609251737594604492e-01,1.831618905067443848e+00,2.858268916606903076e-01
8.697791099548339844e-01,2.758426189422607422e+00,2.310557514429092407e-01
4.315629303455352783e-01,4.372171401977539062e+00,1.926384717226028442e-01
4.363641142845153809e-01,3.077033519744873047e+00,7.724294662475585938e-01
1.233991160988807678e-01,2.280631065368652344e+00,1.016093492507934570e+00
4.674828350543975830e-01,3.025847434997558594e+00,1.144599318504333496e+00
6.531206369400024414e-01,2.971768379211425781e+00,1.361253499984741211e+00
4.305384755134582520e-01,2.877289295196533203e+00,1.333695352077484131e-01
4.047571718692779541e-01,8.884071111679077148e-01,9.699207544326782227e-01
4.412682950496673584e-01,3.919298171997070312e+00,7.689692378044128418e-01
8.898926377296447754e-01,9.793961048126220703e-02,5.634265542030334473e-01
9.163748621940612793e-01,1.374968886375427246e+00,7.096277475357055664e-01
9.453331232070922852e-01,1.073274135589599609e+00,5.541964173316955566e-01
3.257071077823638916e-01,4.287410259246826172e+00,3.417095541954040527e-01
7.246598005294799805e-01,1.023601174354553223e+00,2.327210903167724609e-01
2.879550457000732422e-01,3.310316085815429688e+00,3.047853410243988037e-01
3.319099247455596924e-01,1.276750326156616211e+00,8.094264864921569824e-01
7.378628849983215332e-01,3.838854551315307617e+00,1.005826473236083984e+00
3.204279541969299316e-01,2.756456375122070312e+00,1.047109603881835938e+00
4.671112596988677979e-01,1.221170783042907715e+00,4.575904905796051025e-01
3.340340256690979004e-01,2.455925226211547852e+00,7.426855564117431641e-01
1.766071915626525879e-01,4.378800392150878906e+00,4.621961116790771484e-01
8.722938895225524902e-01,2.081053256988525391e+00,6.936541795730590820e-01
5.687046051025390625e-01,2.738288879394531250e+00,7.746185660362243652e-01
8.492156863212585449e-01,2.976498126983642578e+00,9.484183788299560547e-01
8.123715519905090332e-01,1.404171466827392578e+00,4.408422410488128662e-01
7.256962656974792480e-01,3.002219915390014648e+00,2.696305811405181885e-01
1.989823579788208008e-01,3.495736360549926758e+00,1.271987318992614746e+00
6.159944534301757812e-01,2.289610147476196289e+00,7.373877763748168945e-01
6.065607666969299316e-01,4.467957019805908203e+00,5.865278840065002441e-01
4.987629354000091553e-01,9.365429282188415527e-01,6.064848303794860840e-01
9.269841909408569336e-01,4.138014316558837891e+00,1.083939313888549805e+00
2.332878112792968750e-01,1.708206772804260254e+00,7.584117054939270020e-01
6.870110034942626953e-01,1.610198616981506348e+00,1.064246177673339844e+00
8.587557673454284668e-01,4.973892688751220703e+00,8.048945069313049316e-01
7.702433466911315918e-01,1.631882190704345703e+00,1.298241734504699707e+00
4.188492894172668457e-01,4.585546493530273438e+00,9.516859054565429688e-01
4.439473152160644531e-01,2.034450769424438477e+00,1.322441339492797852e+00
2.955889105796813965e-01,3.940183162689208984e+00,2.371222525835037231e-01
7.565451860427856445e-01,3.209351539611816406e+00,4.467264711856842041e-01
9.360670447349548340e-01,1.178390830755233765e-01,1.164142847061157227e+00
6.136864423751831055e-01,4.525818824768066406e+00,7.334880232810974121e-01
7.221317887306213379e-01,2.090750038623809814e-01,4.525750577449798584e-01
8.407322764396667480e-01,3.752168715000152588e-01,1.231832146644592285e+00
7.609211206436157227e-01,2.869604825973510742e+00,7.081046700477600098e-01
2.045549899339675903e-01,4.532534122467041016e+00,1.114261895418167114e-01
7.063403725624084473e-01,4.893625736236572266e+00,6.246684789657592773e-01
5.973680615425109863e-01,3.247604131698608398e+00,1.054575920104980469e+00
8.763805031776428223e-01,1.930361509323120117e+00,8.050189614295959473e-01
6.232225298881530762e-01,1.905696034431457520e+00,1.016648650169372559e+00
5.269322395324707031e-01,3.617462873458862305e+00,9.692454934120178223e-01
8.238533139228820801e-01,4.217076778411865234e+00,1.280514478683471680e+00
5.109896659851074219e-01,1.683110296726226807e-01,4.669103920459747314e-01
7.615463733673095703e-01,6.908503174781799316e-01,8.724077343940734863e-01
8.623821735382080078e-01,4.282340526580810547e+00,1.152037024497985840e+00
1.507328301668167114e-01,2.381272315979003906e+00,1.549532860517501831e-01
2.160383313894271851e-01,3.794015884399414062e+00,1.112848758697509766e+00
8.736333250999450684e-01,1.934041976928710938e+00,1.306557059288024902e+00
1.296327114105224609e-01,3.924190759658813477e+00,6.625539064407348633e-01
5.753254890441894531e-01,4.522744178771972656e+00,8.460909724235534668e-01
6.330955624580383301e-01,6.161857247352600098e-01,3.775531053543090820e-01
8.315092325210571289e-01,4.380058944225311279e-01,8.640897870063781738e-01
8.017967343330383301e-01,3.091177225112915039e+00,4.839376509189605713e-01
3.900483995676040649e-02,3.765719652175903320e+00,5.794138312339782715e-01
2.077547162771224976e-01,3.078460454940795898e+00,1.429422140121459961e+00
3.820903599262237549e-01,2.037843465805053711e+00,1.108762621879577637e+00
3.917578458786010742e-01,4.114238262176513672e+00,9.731781482696533203e-01
8.070857524871826172e-01,1.502074837684631348e+00,1.115769505500793457e+00
5.616937279701232910e-01,3.532660007476806641e+00,4.360882043838500977e-01
8.017662763595581055e-01,4.610048532485961914e-01,6.931473612785339355e-01
5.042365193367004395e-01,1.745235919952392578e+00,5.777782201766967773e-01
9.516821503639221191e-01,9.230150580406188965e-01,4.006126523017883301e-01
8.894814848899841309e-01,3.709853649139404297e+00,3.758535981178283691e-01
8.233985900878906250e-01,4.056352138519287109e+00,3.343333303928375244e-01
6.965605020523071289e-01,4.020718097686767578e+00,3.926689326763153076e-01
1.781592965126037598e-01,5.026639103889465332e-01,4.903858304023742676e-01
8.331913352012634277e-01,2.114856958389282227e+00,9.951907396316528320e-01
6.888285279273986816e-01,4.603457927703857422e+00,1.036712169647216797e+00
3.796686530113220215e-01,2.481116056442260742e+00,5.582787394523620605e-01
4.114547371864318848e-01,4.495593070983886719e+00,1.115927696228027344e+00
4.908682107925415039e-01,2.628342628479003906e+00,1.009976267814636230e+00
6.721950769424438477e-01,1.248346686363220215e+00,4.358413517475128174e-01
6.472622752189636230e-01,4.175322055816650391e+00,8.757562190294265747e-02
3.303782343864440918e-01,4.444117546081542969e+00,1.207535147666931152e+00
3.920885920524597168e-01,3.294709205627441406e+00,3.231474161148071289e-01
5.887207388877868652e-01,1.758917093276977539e+00,1.974088400602340698e-01
8.275228738784790039e-01,2.073028564453125000e+00,8.326267004013061523e-01
1.341773867607116699e-01,3.102093696594238281e+00,6.494617462158203125e-01
2.113998532295227051e-01,2.174925088882446289e+00,7.232366800308227539e-01
2.988703250885009766e-01,1.490672230720520020e+00,6.802861690521240234e-01
8.203078508377075195e-01,8.037978410720825195e-01,8.975945711135864258e-01
7.816947698593139648e-01,2.816277027130126953e+00,1.215704679489135742e+00
6.479117870330810547e-01,3.504676342010498047e+00,1.043479561805725098e+00
1.046608760952949524e-02,3.441434383392333984e+00,1.139715194702148438e+00
7.111775875091552734e-01,1.184815526008605957e+00,6.344230771064758301e-01
5.209016203880310059e-01,2.692197322845458984e+00,1.170311689376831055e+00
5.312791466712951660e-01,2.183266133069992065e-01,1.291573643684387207e+00
8.735553622245788574e-01,2.874358177185058594e+00,4.421924650669097900e-01
7.984652519226074219e-01,2.202100038528442383e+00,2.848836183547973633e-01
3.851055204868316650e-01,4.134927392005920410e-01,1.055324792861938477e+00
5.110086202621459961e-01,3.074373006820678711e+00,9.219459891319274902e-01
3.400257825851440430e-01,7.727761864662170410e-01,1.314944982528686523e+00
5.008862018585205078e-01,9.009452462196350098e-01,8.990093469619750977e-01
9.097747802734375000e-01,1.893990755081176758e+00,2.850961089134216309e-01
6.167497634887695312e-01,6.789453625679016113e-01,5.003430247306823730e-01
1.494686454534530640e-01,4.434871196746826172e+00,8.594180941581726074e-01
7.031317949295043945e-01,4.353419303894042969e+00,1.091281414031982422e+00
7.523882985115051270e-01,2.802308320999145508e+00,4.545607566833496094e-01
4.829114079475402832e-01,1.990798592567443848e+00,1.393091440200805664e+00
2.570883035659790039e-01,4.478801250457763672e+00,3.350033462047576904e-01
2.963150739669799805e-01,4.722803115844726562e+00,8.927378058433532715e-01
5.122056603431701660e-01,4.539353370666503906e+00,7.880908995866775513e-02
4.961787909269332886e-02,1.840331435203552246e+00,3.754969835281372070e-01
3.934742212295532227e-01,4.261597156524658203e+00,4.401116371154785156e-01
6.489569544792175293e-01,1.371410846710205078e+00,2.165787070989608765e-01
8.913853168487548828e-01,4.511893272399902344e+00,6.088197827339172363e-01
4.622424244880676270e-01,2.643464088439941406e+00,8.831331729888916016e-01
2.186900079250335693e-01,3.307022333145141602e+00,1.019404172897338867e+00
4.023162126541137695e-01,1.150250434875488281e+00,1.450038671493530273e+00
2.301109135150909424e-01,2.466168642044067383e+00,1.237105131149291992e+00
4.779404997825622559e-01,1.119011640548706055e+00,7.013593912124633789e-01
7.087306976318359375e-01,8.432397246360778809e-01,1.093959331512451172e+00
9.028249979019165039e-01,1.322359293699264526e-01,4.936377704143524170e-01
1.132764592766761780e-01,6.772562861442565918e-01,2.834105491638183594e-01
2.768878042697906494e-01,4.489152431488037109e+00,4.590425193309783936e-01
3.519230186939239502e-01,2.248262405395507812e+00,7.634926438331604004e-01
4.486462473869323730e-01,2.536904573440551758e+00,3.944099545478820801e-01
4.343708753585815430e-01,2.957597732543945312e+00,1.264874219894409180e+00
8.968961238861083984e-01,4.912997245788574219e+00,1.210790991783142090e+00
2.720735669136047363e-01,1.884110093116760254e+00,7.100322246551513672e-01
1.801910698413848877e-01,7.272980213165283203e-01,1.329802036285400391e+00
6.504538655281066895e-01,1.544457793235778809e+00,1.460348665714263916e-01
6.792520284652709961e-01,3.762505054473876953e+00,6.021543741226196289e-01
6.162369623780250549e-02,1.275929093360900879e+00,7.196477055549621582e-01
3.035050928592681885e-01,2.130749464035034180e+00,3.549628555774688721e-01
5.832838416099548340e-01,7.123922109603881836e-01,1.211992025375366211e+00
7.122340798377990723e-02,2.761906147003173828e+00,8.558721542358398438e-01
6.054291129112243652e-01,3.322133064270019531e+00,1.271757245063781738e+00
7.040793299674987793e-01,2.342091798782348633e+00,3.479463756084442139e-01
6.224546432495117188e-01,4.318390369415283203e+00,9.110909104347229004e-01
4.626393020153045654e-01,2.366930007934570312e+00,4.647483229637145996e-01
6.734706163406372070e-01,3.539886951446533203e+00,3.579064607620239258e-01
4.998393952846527100e-01,4.080016613006591797e+00,6.598870158195495605e-01
7.997963428497314453e-01,4.320013046264648438e+00,1.387078404426574707e+00
5.753201842308044434e-01,9.012681245803833008e-02,6.437693238258361816e-01
4.884274303913116455e-01,2.183010816574096680e+00,8.811106085777282715e-01
3.517512083053588867e-01,3.374903202056884766e+00,9.053144454956054688e-01
6.132979393005371094e-01,4.931532859802246094e+00,7.181276679039001465e-01
3.068969547748565674e-01,4.089195251464843750e+00,5.121825933456420898e-01
7.422031760215759277e-01,4.134228706359863281e+00,1.368782043457031250e+00
4.824807643890380859e-01,6.931736469268798828e-01,4.259354770183563232e-01
4.249415993690490723e-01,2.319854497909545898e+00,1.687208116054534912e-01
5.229511857032775879e-01,2.255550384521484375e+00,2.881170511245727539e-01
6.780630946159362793e-01,7.852860689163208008e-01,3.510802686214447021e-01
3.236410617828369141e-01,3.791459560394287109e+00,1.180782794952392578e+00
9.402902722358703613e-01,4.402971744537353516e+00,1.092445254325866699e+00
2.974710762500762939e-01,5.714835524559020996e-01,4.804074466228485107e-01
6.327391266822814941e-01,4.468094348907470703e+00,5.250177979469299316e-01
2.877953052520751953e-01,4.318744540214538574e-01,7.247126102447509766e-01
5.871187448501586914e-01,2.269441366195678711e+00,1.096047163009643555e+00
7.222810983657836914e-01,4.233526229858398438e+00,4.044748246669769287e-01
7.917800545692443848e-01,3.819193363189697266e+00,7.191703915596008301e-01
7.283267974853515625e-01,4.263920307159423828e+00,1.122480392456054688e+00
2.556684017181396484e-01,3.288589000701904297e+00,7.978478074073791504e-01
1.778331100940704346e-01,2.853381872177124023e+00,1.366989612579345703e+00
1.427654623985290527e-01,1.208207845687866211e+00,3.705950975418090820e-01
5.360225439071655273e-01,2.837985515594482422e+00,5.988866090774536133e-01
8.431779146194458008e-01,3.015615463256835938e+00,1.336660027503967285e+00
8.787012100219726562e-01,6.277938485145568848e-01,1.049498677253723145e+00
5.175828337669372559e-01,4.129610538482666016e+00,1.096964836120605469e+00
7.450589537620544434e-01,4.759713649749755859e+00,9.692271947860717773e-01
8.827086687088012695e-01,3.099506616592407227e+00,2.710506319999694824e-01
8.582757115364074707e-01,3.438989877700805664e+00,1.164690136909484863e+00
2.927522659301757812e-01,2.081683397293090820e+00,4.228875339031219482e-01
3.816058635711669922e-01,7.723458111286163330e-02,4.454757273197174072e-01
2.955577969551086426e-01,1.421057820320129395e+00,1.092906236648559570e+00
8.286553025245666504e-01,7.092286348342895508e-01,4.269363582134246826e-01
8.348646163940429688e-01,1.757550239562988281e+00,5.167829394340515137e-01
2.275897711515426636e-01,2.301360607147216797e+00,7.496672272682189941e-01
8.134260773658752441e-01,1.253560543060302734e+00,7.952691912651062012e-01
7.627800703048706055e-01,9.676794707775115967e-02,1.385392427444458008e+00
4.305305182933807373e-01,2.286645174026489258e+00,9.560834169387817383e-01
4.341228902339935303e-01,3.893361806869506836e+00,9.250047206878662109e-01
2.641423940658569336e-01,1.443208932876586914e+00,9.864125847816467285e-01
4.917937815189361572e-01,3.198671579360961914e+00,3.954655230045318604e-01
2.943574786186218262e-01,1.805368363857269287e-01,1.447757601737976074e+00
1.971584707498550415e-01,3.323310911655426025e-01,5.165306329727172852e-01
7.514632940292358398e-01,1.028551220893859863e+00,3.655755817890167236e-01
8.913493752479553223e-01,2.670778512954711914e+00,1.102504730224609375e+00
8.233103156089782715e-01,9.837396740913391113e-01,2.254967838525772095e-01
6.270979046821594238e-01,3.196193218231201172e+00,4.467274546623229980e-01
2.730102241039276123e-01,3.075786113739013672e+00,7.014901041984558105e-01
1.920672208070755005e-01,1.275180935859680176e+00,6.229554414749145508e-01
1.303337216377258301e-01,2.241918087005615234e+00,6.169316172599792480e-01
5.821392536163330078e-01,1.455212116241455078e+00,4.870484769344329834e-01
2.652507126331329346e-01,2.256055831909179688e+00,1.409551501274108887e-01
4.144615530967712402e-01,4.285346031188964844e+00,2.952104508876800537e-01
8.860917687416076660e-01,1.694707632064819336e+00,4.772258102893829346e-01
7.034254074096679688e-01,4.098268508911132812e+00,1.009750843048095703e+00
9.543946385383605957e-01,3.134308099746704102e+00,1.232270359992980957e+00
9.374505877494812012e-01,7.765138745307922363e-01,6.503953337669372559e-01
3.481226563453674316e-01,4.789315462112426758e-01,1.277479648590087891e+00
7.554525136947631836e-01,3.128100156784057617e+00,9.674004912376403809e-01
9.200500845909118652e-01,1.011445641517639160e+00,4.155684709548950195e-01
9.134843945503234863e-01,3.768810272216796875e+00,1.086085796356201172e+00
3.851876556873321533e-01,2.908147275447845459e-01,3.812191486358642578e-01
7.821654677391052246e-01,2.127726793289184570e+00,1.219420507550239563e-01
7.551883459091186523e-01,1.359179139137268066e+00,5.576027035713195801e-01
4.230698347091674805e-01,4.393106937408447266e+00,7.692015767097473145e-01
4.749550521373748779e-01,3.126897573471069336e+00,1.423570632934570312e+00
9.173663258552551270e-01,2.019705057144165039e+00,5.364013910293579102e-01
4.105225801467895508e-01,1.374754548072814941e+00,1.240235328674316406e+00
3.962164744734764099e-02,1.329450845718383789e+00,1.184208393096923828e+00
8.268318176269531250e-01,4.485817909240722656e+00,7.385269403457641602e-01
7.977185845375061035e-01,2.001178026199340820e+00,4.440934360027313232e-01
5.852118134498596191e-01,2.337971925735473633e+00,8.279832601547241211e-01
4.712644517421722412e-01,4.271147727966308594e+00,7.415318489074707031e-01
8.174818754196166992e-01,1.121630311012268066e+00,1.385780453681945801e+00
8.823850154876708984e-01,2.059474706649780273e+00,6.644716262817382812e-01
4.462518393993377686e-01,4.263606965541839600e-01,1.206376671791076660e+00
7.613266110420227051e-01,2.437348842620849609e+00,1.098269820213317871e+00
5.315366387367248535e-01,4.299583911895751953e+00,8.174570798873901367e-01
6.180776357650756836e-01,4.234266757965087891e+00,8.698504567146301270e-01
3.263970911502838135e-01,3.083684682846069336e+00,7.283430695533752441e-01
3.571210205554962158e-01,3.359734058380126953e+00,3.250635862350463867e-01
7.052741646766662598e-01,3.692816019058227539e+00,9.097636342048645020e-01
9.358955025672912598e-01,4.074408054351806641e+00,3.388995826244354248e-01
8.328280448913574219e-01,4.841133117675781250e+00,6.292154788970947266e-01
4.758974015712738037e-01,3.965342283248901367e+00,5.440899729728698730e-01
4.596788287162780762e-01,2.900991439819335938e+00,8.582641482353210449e-01
6.166924238204956055e-01,2.228428125381469727e+00,5.066838264465332031e-01
2.810736000537872314e-01,4.411779880523681641e+00,7.107962965965270996e-01
1.234765648841857910e-01,2.171102762222290039e+00,6.597014069557189941e-01
6.628522872924804688e-01,1.514553070068359375e+00,5.362456440925598145e-01
8.934265971183776855e-01,4.644133090972900391e+00,7.852928638458251953e-01
5.449981689453125000e-01,4.580139636993408203e+00,7.431008219718933105e-01
7.372147440910339355e-01,1.563295722007751465e+00,7.687236070632934570e-01
4.907368719577789307e-01,4.506133079528808594e+00,9.929829835891723633e-01
6.960180401802062988e-01,4.897516250610351562e+00,1.243298768997192383e+00
7.307665944099426270e-01,2.463514566421508789e+00,9.532595276832580566e-01
3.427367508411407471e-01,6.645138263702392578e-01,4.428949356079101562e-01
7.998804450035095215e-01,2.593126296997070312e+00,1.101319074630737305e+00
6.777459979057312012e-01,1.286070585250854492e+00,5.087404847145080566e-01
3.076132237911224365e-01,2.992801904678344727e+00,9.137023091316223145e-01
5.643858909606933594e-01,3.416806697845458984e+00,4.595560133457183838e-01
7.238844633102416992e-01,3.557448863983154297e+00,9.111806154251098633e-01
7.782648801803588867e-01,1.649875044822692871e+00,4.259211421012878418e-01
3.833647370338439941e-01,4.942580223083496094e+00,8.988146781921386719e-01
7.681196182966232300e-02,1.579438090324401855e+00,1.132202982902526855e+00
3.981844782829284668e-01,3.844316959381103516e+00,1.273786783218383789e+00
3.732157647609710693e-01,3.108951568603515625e+00,4.470469951629638672e-01
9.561015963554382324e-01,3.872993469238281250e+00,8.715339899063110352e-01
5.143081545829772949e-01,3.301931619644165039e+00,1.467695355415344238e+00
7.247299551963806152e-01,2.661587715148925781e+00,5.373969078063964844e-01
1.805932968854904175e-01,2.868726253509521484e+00,5.687357783317565918e-01
4.124064147472381592e-01,4.953305244445800781e+00,2.530898451805114746e-01
5.403286814689636230e-01,3.503694295883178711e+00,1.208541393280029297e+00
8.005568981170654297e-01,4.241953849792480469e+00,7.874583601951599121e-01
8.242390155792236328e-01,3.855080306529998779e-01,6.819188594818115234e-01
1.200023517012596130e-01,2.634867429733276367e+00,4.661289155483245850e-01
9.201187491416931152e-01,3.662959814071655273e+00,1.058544516563415527e+00
3.401523232460021973e-01,2.832357645034790039e+00,6.576662063598632812e-01
4.916215240955352783e-01,3.620936632156372070e+00,5.889165997505187988e-01
9.744548201560974121e-01,1.751014113426208496e+00,1.263834953308105469e+00
9.478188753128051758e-01,2.465276241302490234e+00,8.924843668937683105e-01
6.745474338531494141e-01,3.178980588912963867e+00,5.638366937637329102e-02
1.459004580974578857e-01,2.708435773849487305e+00,2.642829157412052155e-02
3.141891062259674072e-01,2.558143615722656250e+00,8.028587698936462402e-01
6.469600796699523926e-01,1.360307186841964722e-01,8.339114189147949219e-01
7.793562412261962891e-01,4.279269695281982422e+00,1.035665273666381836e+00
2.181050032377243042e-01,1.696771264076232910e+00,7.605538368225097656e-01
2.143033742904663086e-01,3.088304996490478516e+00,1.948650628328323364e-01
7.806782126426696777e-01,3.449301004409790039e+00,6.841447949409484863e-01
8.980842828750610352e-01,1.900242090225219727e+00,8.521412611007690430e-01
9.945055842399597168e-02,3.575645685195922852e+00,1.126353263854980469e+00
3.597720861434936523e-01,4.149633407592773438e+00,1.349152445793151855e+00
2.363280504941940308e-01,2.979422807693481445e-01,2.842291593551635742e-01
6.091303825378417969e-01,1.287187576293945312e+00,1.244012355804443359e+00
8.858544230461120605e-01,2.271707057952880859e+00,1.011182069778442383e-01
2.360395491123199463e-01,4.898670673370361328e+00,7.931823730468750000e-01
7.272328138351440430e-01,2.473851680755615234e+00,6.342027187347412109e-01
8.320075273513793945e-01,4.029733180999755859e+00,8.661520481109619141e-01
6.215425729751586914e-01,2.229415655136108398e+00,1.286328792572021484e+00
8.710905909538269043e-01,4.640790462493896484e+00,1.158647060394287109e+00
4.044336974620819092e-01,1.559190899133682251e-01,8.915214538574218750e-01
8.100483417510986328e-01,4.664069175720214844e+00,1.254660844802856445e+00
2.955878674983978271e-01,4.486477851867675781e+00,1.497694104909896851e-01
6.364832520484924316e-01,4.830681324005126953e+00,7.652745842933654785e-01
6.007527112960815430e-01,1.181091547012329102e+00,9.064118266105651855e-01
4.245610535144805908e-01,2.783843278884887695e+00,5.527799725532531738e-01
8.659494519233703613e-01,2.497191667556762695e+00,3.012213408946990967e-01
1.819597035646438599e-01,2.251833438873291016e+00,1.049961924552917480e+00
7.532498836517333984e-01,4.536210060119628906e+00,1.186241865158081055e+00
5.797719359397888184e-01,2.899975776672363281e+00,2.826451957225799561e-01
1.832147836685180664e-01,1.386011242866516113e+00,9.498761296272277832e-01
4.347603321075439453e-01,3.937453746795654297e+00,1.245599627494812012e+00
2.505010664463043213e-01,3.938246011734008789e+00,7.206245660781860352e-01
3.061009049415588379e-01,1.447360664606094360e-01,1.428419470787048340e+00
8.429021835327148438e-01,1.260179877281188965e-01,1.419753313064575195e+00
1.919026076793670654e-01,1.035019516944885254e+00,1.420253276824951172e+00
6.880689878016710281e-03,3.484864711761474609e+00,1.220188140869140625e+00
2.781177163124084473e-01,2.566432237625122070e+00,8.949602842330932617e-01
6.430208683013916016e-01,2.207793951034545898e+00,1.339757323265075684e+00
5.736736655235290527e-01,1.994657397270202637e+00,1.212537527084350586e+00
6.092871427536010742e-01,3.542053461074829102e+00,8.338132500648498535e-01
7.667549252510070801e-01,1.141490817070007324e+00,2.729079425334930420e-01
8.626573085784912109e-01,4.252738058567047119e-01,9.662905335426330566e-01
1.243507862091064453e-01,1.707838416099548340e+00,3.474002182483673096e-01
3.782479166984558105e-01,2.954365968704223633e+00,9.176399111747741699e-01
6.715854406356811523e-01,4.034673213958740234e+00,2.867307662963867188e-01
7.405748367309570312e-01,4.349110603332519531e+00,6.906079649925231934e-01
5.239026546478271484e-01,2.268321037292480469e+00,7.577301263809204102e-01
4.786550402641296387e-01,4.651213169097900391e+00,4.705994725227355957e-01
1.253844052553176880e-01,2.722067236900329590e-01,2.391926050186157227e-01
6.302922964096069336e-01,3.702548980712890625e+00,1.020772099494934082e+00
7.787483334541320801e-01,5.748517513275146484e-01,7.415933012962341309e-01
6.993032693862915039e-01,5.178335309028625488e-01,3.526602089405059814e-01
3.231095671653747559e-01,3.007241249084472656e+00,7.785583138465881348e-01
4.751763343811035156e-01,1.495685815811157227e+00,1.105961918830871582e+00
6.539127826690673828e-01,3.294066667556762695e+00,3.569261133670806885e-01
4.100515544414520264e-01,3.725548982620239258e+00,8.896225094795227051e-01
9.840105175971984863e-01,9.180220961570739746e-01,4.357720315456390381e-01
4.431591033935546875e-01,4.667316913604736328e+00,7.895882129669189453e-01
7.281159162521362305e-01,3.938161849975585938e+00,5.147396326065063477e-01
6.813018918037414551e-01,1.666671752929687500e+00,4.203061163425445557e-01
7.680027484893798828e-01,2.828159093856811523e+00,1.438210487365722656e+00
9.385643154382705688e-02,3.859465599060058594e+00,3.891859650611877441e-01
5.113278031349182129e-01,2.395582914352416992e+00,6.340519189834594727e-01
3.148833513259887695e-01,3.133367776870727539e+00,1.145511031150817871e+00
6.839581131935119629e-01,4.714048862457275391e+00,5.847886204719543457e-01
2.520219087600708008e-01,3.695191383361816406e+00,1.013278603553771973e+00
5.247443318367004395e-01,4.304872453212738037e-01,8.950172662734985352e-01
4.636282622814178467e-01,6.206789016723632812e-01,1.181115269660949707e+00
6.473374366760253906e-01,4.599892616271972656e+00,4.608296155929565430e-01
7.929233312606811523e-01,8.999674022197723389e-02,9.349310398101806641e-01
8.139155507087707520e-01,3.551309585571289062e+00,1.066080927848815918e+00
3.203872740268707275e-01,4.522913932800292969e+00,8.601359128952026367e-01
6.192858815193176270e-01,2.752014636993408203e+00,7.829471826553344727e-01
9.316765666007995605e-01,1.007654428482055664e+00,4.035046100616455078e-01
6.719069480895996094e-01,3.703511238098144531e+00,1.947105079889297485e-01
5.669633150100708008e-01,1.288606882095336914e+00,1.309410572052001953e+00
3.833344876766204834e-01,1.623916864395141602e+00,5.328314304351806641e-01
4.546525776386260986e-01,5.942365527153015137e-01,2.526773512363433838e-01
7.189615368843078613e-01,3.024612426757812500e+00,1.271753460168838501e-01
6.585783958435058594e-01,2.496695280075073242e+00,5.562177300453186035e-01
6.412540674209594727e-01,1.532808780670166016e+00,8.983514904975891113e-01
8.345384597778320312e-01,9.889560341835021973e-01,2.015087604522705078e-01
5.617841482162475586e-01,1.795904487371444702e-01,1.113422393798828125e+00
1.099935099482536316e-01,1.976337909698486328e+00,6.948797702789306641e-01
8.222128748893737793e-01,3.595208883285522461e+00,2.336346507072448730e-01
4.768823683261871338e-01,1.171868681907653809e+00,1.033879280090332031e+00
9.031223654747009277e-01,1.711921572685241699e+00,8.948668837547302246e-01
5.072330832481384277e-01,5.998810529708862305e-01,1.101693272590637207e+00
6.030116081237792969e-01,1.839836239814758301e-01,1.325654506683349609e+00
3.842197358608245850e-01,2.892308950424194336e+00,1.405267715454101562e+00
9.697399139404296875e-01,2.374430894851684570e+00,8.044639825820922852e-01
6.650804281234741211e-01,4.505374908447265625e+00,1.189751029014587402e+00
6.876556277275085449e-01,9.690368771553039551e-01,9.602062702178955078e-01
6.238089501857757568e-02,8.336825370788574219e-01,5.857042670249938965e-01
5.068256705999374390e-02,5.112091302871704102e-01,1.379219651222229004e+00
2.513211369514465332e-01,9.652121663093566895e-01,5.074520111083984375e-01
7.685035467147827148e-01,1.148005127906799316e+00,1.344751477241516113e+00
9.136574268341064453e-01,1.401442408561706543e+00,4.341099560260772705e-01
5.406417250633239746e-01,2.879171609878540039e+00,1.167764306068420410e+00
5.599272251129150391e-01,8.599877357482910156e-01,1.283710002899169922e+00
8.011732697486877441e-01,4.519764423370361328e+00,6.026448607444763184e-01
4.557719528675079346e-01,4.660636425018310547e+00,3.910221457481384277e-01
9.650631546974182129e-01,3.218850791454315186e-01,1.183153033256530762e+00
7.697090506553649902e-01,8.762683272361755371e-01,6.304383873939514160e-01
3.565949797630310059e-01,3.749781847000122070e+00,5.156499743461608887e-01
4.849322140216827393e-01,2.369923830032348633e+00,9.398927688598632812e-01
5.355719327926635742e-01,2.632858455181121826e-01,5.548278689384460449e-01
7.000627517700195312e-01,2.769657135009765625e+00,5.181379318237304688e-01
3.545245230197906494e-01,2.257229328155517578e+00,3.231026530265808105e-01
7.099114060401916504e-01,4.710472583770751953e+00,1.145299315452575684e+00
9.227657318115234375e-01,1.189944028854370117e+00,1.029807806015014648e+00
3.787355124950408936e-02,1.464419603347778320e+00,1.861767917871475220e-01
9.286303520202636719e-01,8.130432963371276855e-01,5.498484373092651367e-01
4.848476052284240723e-01,1.854547381401062012e+00,9.425279498100280762e-01
8.821572065353393555e-01,1.091154336929321289e+00,1.179539680480957031e+00
4.266410171985626221e-01,5.704771876335144043e-01,1.630654036998748779e-01
5.390345454216003418e-01,3.264692544937133789e+00,6.866955161094665527e-01
9.582599997520446777e-01,4.330131530761718750e+00,9.500619173049926758e-01
3.724693953990936279e-01,1.969220519065856934e+00,7.598816752433776855e-01
2.529843151569366455e-01,9.670735001564025879e-01,1.160102367401123047e+00
1.381757576018571854e-02,9.676508903503417969e-01,1.345917463302612305e+00
4.625188112258911133e-01,3.414900779724121094e+00,5.516035556793212891e-01
4.332108795642852783e-01,3.810500860214233398e+00,1.153061866760253906e+00
4.187658429145812988e-01,3.558931589126586914e+00,1.023158550262451172e+00
5.281924605369567871e-01,3.169388294219970703e+00,3.385978937149047852e-01
6.601250171661376953e-01,2.414170056581497192e-01,2.096531391143798828e-01
4.639410674571990967e-01,4.813707768917083740e-01,1.291332006454467773e+00
9.651297926902770996e-01,4.413703918457031250e+00,8.329805135726928711e-01
7.269878983497619629e-01,3.996324241161346436e-01,1.098070263862609863e+00
5.659359693527221680e-01,3.152656078338623047e+00,7.387477755546569824e-01
5.658129453659057617e-01,9.672347307205200195e-01,8.049449324607849121e-01
6.597875952720642090e-01,5.797916650772094727e-01,1.471799015998840332e+00
8.335393667221069336e-01,2.818788528442382812e+00,3.814375102519989014e-01
3.357167541980743408e-01,3.530300140380859375e+00,4.095958173274993896e-01
6.459990739822387695e-01,3.220636129379272461e+00,4.344893097877502441e-01
5.287266373634338379e-01,3.537738323211669922e+00,5.936368554830551147e-02
9.820939600467681885e-02,1.452324390411376953e+00,6.863300204277038574e-01
8.863924741744995117e-01,3.077029466629028320e+00,3.614079058170318604e-01
7.695707082748413086e-01,3.991576671600341797e+00,4.656754136085510254e-01
3.973303735256195068e-01,4.971600055694580078e+00,8.308942317962646484e-01
5.630134940147399902e-01,2.033666372299194336e+00,7.413234710693359375e-01
2.393148690462112427e-01,2.424547433853149414e+00,9.679539799690246582e-01
5.972424745559692383e-01,1.385429620742797852e+00,9.831174612045288086e-01
5.400928258895874023e-01,4.116015434265136719e+00,1.731986403465270996e-01
6.415023803710937500e-01,2.899791479110717773e+00,1.104131817817687988e+00
7.201536893844604492e-01,3.753798961639404297e+00,3.344185948371887207e-01
5.361224412918090820e-01,1.164022684097290039e+00,1.136690855026245117e+00
5.552858114242553711e-01,4.593791484832763672e+00,2.754191756248474121e-01
3.698431253433227539e-01,2.186720132827758789e+00,1.179836392402648926e+00
8.007434010505676270e-01,2.740231752395629883e+00,5.450955033302307129e-01
7.418721318244934082e-01,5.080128908157348633e-01,4.839327633380889893e-01
2.187790870666503906e-01,4.096539974212646484e+00,4.707560837268829346e-01
6.770308613777160645e-01,2.189278841018676758e+00,6.684111952781677246e-01
6.851447224617004395e-01,3.137159109115600586e+00,8.755205273628234863e-01
2.532792687416076660e-01,1.102936029434204102e+00,1.121262669563293457e+00
3.364715576171875000e-01,3.505121469497680664e+00,8.118330240249633789e-01
9.041401743888854980e-01,4.846717834472656250e+00,9.578827023506164551e-01
6.315132975578308105e-02,1.480501532554626465e+00,1.271594762802124023e+00
1.562828421592712402e-01,3.840381383895874023e+00,9.237905740737915039e-01
8.438265323638916016e-01,3.055692911148071289e+00,5.634324550628662109e-01
7.256223559379577637e-01,1.450676202774047852e+00,6.733161211013793945e-01
6.681303679943084717e-02,4.386328697204589844e+00,3.049764335155487061e-01
7.460756301879882812e-01,2.471747398376464844e+00,5.762486457824707031e-01
4.772278070449829102e-01,3.532876014709472656e+00,4.368544816970825195e-01
8.824606537818908691e-01,2.464304678142070770e-02,8.625901341438293457e-01
7.226169705390930176e-01,3.945155441761016846e-01,1.271070003509521484e+00
7.278524041175842285e-01,3.219959735870361328e+00,3.941993415355682373e-01
1.408444643020629883e-01,4.813601493835449219e+00,1.015128970146179199e+00
7.884464263916015625e-01,3.773629188537597656e+00,2.631723880767822266e-01
1.571335941553115845e-01,4.824642181396484375e+00,3.093550503253936768e-01
3.466986119747161865e-01,4.205433845520019531e+00,1.212165117263793945e+00
4.943892359733581543e-02,1.111791610717773438e+00,9.908862113952636719e-01
1.992715299129486084e-01,1.397828936576843262e+00,9.175596833229064941e-01
7.260037064552307129e-01,1.766669392585754395e+00,6.320199966430664062e-01
3.195606768131256104e-01,9.795717597007751465e-01,8.212978392839431763e-02
8.777152895927429199e-01,4.378221035003662109e+00,6.706153154373168945e-01
7.514508962631225586e-01,3.078068971633911133e+00,9.829488396644592285e-01
7.434201836585998535e-01,3.521282672882080078e+00,8.065586090087890625e-01
3.648265004158020020e-01,2.418645620346069336e+00,4.864052832126617432e-01
3.006575405597686768e-01,4.030149936676025391e+00,9.463867545127868652e-01
8.577609658241271973e-01,7.046665549278259277e-01,5.388694405555725098e-01
3.089115619659423828e-01,2.955297708511352539e+00,8.148796558380126953e-01
6.098471283912658691e-01,2.479898929595947266e+00,3.529553711414337158e-01
3.858155310153961182e-01,9.166147708892822266e-01,8.596343994140625000e-01
3.814533352851867676e-01,4.255886077880859375e+00,8.833528757095336914e-01
8.300107717514038086e-01,4.085936069488525391e+00,1.312662005424499512e+00
8.905746340751647949e-01,1.978609204292297363e+00,8.525302410125732422e-01
3.331795930862426758e-01,3.103852987289428711e+00,3.859248161315917969e-01
4.142087399959564209e-01,3.592276573181152344e+00,7.178274989128112793e-01
5.307282209396362305e-01,4.520138740539550781e+00,1.075144857168197632e-03
9.562491774559020996e-01,8.057217001914978027e-01,1.145003318786621094e+00
7.056798934936523438e-01,1.679581761360168457e+00,4.112299680709838867e-01
4.385049343109130859e-01,3.405622243881225586e+00,1.250382184982299805e+00
9.368948340415954590e-01,5.532592535018920898e-01,1.308966517448425293e+00
4.929597973823547363e-01,2.854224920272827148e+00,6.201274394989013672e-01
9.340244531631469727e-01,3.701682329177856445e+00,1.213567256927490234e+00
4.399442076683044434e-01,3.190824031829833984e+00,1.427288651466369629e+00
8.257890939712524414e-01,4.256801128387451172e+00,9.568805098533630371e-01
8.474117517471313477e-01,3.535959005355834961e+00,2.664551734924316406e-01
9.240117073059082031e-01,2.695347070693969727e-01,5.387905836105346680e-01
4.841424226760864258e-01,1.358835339546203613e+00,1.063574910163879395e+00
6.395373493432998657e-02,2.849856853485107422e+00,3.813385069370269775e-01
6.141317486763000488e-01,2.000406235456466675e-01,1.222453951835632324e+00
7.070290446281433105e-01,3.919041633605957031e+00,1.386241674423217773e+00
6.115011572837829590e-01,3.901276350021362305e+00,1.422531604766845703e+00
6.609652638435363770e-01,4.024370193481445312e+00,1.382174015045166016e+00
5.232062339782714844e-01,4.036560535430908203e+00,5.519299507141113281e-01
2.765176296234130859e-01,1.093626737594604492e+00,5.984838604927062988e-01
3.745126724243164062e-01,2.503910541534423828e+00,3.552451133728027344e-01
4.632863104343414307e-01,3.231925487518310547e+00,1.390452265739440918e+00
3.415449559688568115e-01,3.484483480453491211e+00,1.116546630859375000e+00
5.379080772399902344e-01,4.187242984771728516e-01,3.594790697097778320e-01
7.386644482612609863e-01,9.606858491897583008e-01,8.689950704574584961e-01
2.964304573833942413e-02,3.817366361618041992e-01,5.806784629821777344e-01
4.138047397136688232e-01,2.448373556137084961e+00,5.539771318435668945e-01
3.754083067178726196e-02,4.791924476623535156e+00,9.048941731452941895e-02
6.960548162460327148e-01,2.159183502197265625e+00,4.194598197937011719e-01
3.610298335552215576e-01,1.029822230339050293e+00,5.617740750312805176e-01
9.786516427993774414e-01,4.410897731781005859e+00,6.916981935501098633e-01
6.071805953979492188e-01,3.461030483245849609e+00,7.746230363845825195e-01
7.627536058425903320e-01,3.315013170242309570e+00,2.131453454494476318e-01
9.683647751808166504e-01,3.480311930179595947e-01,9.048587083816528320e-01
2.114362865686416626e-01,4.960119247436523438e+00,6.882647871971130371e-01
4.687611758708953857e-02,2.385048389434814453e+00,1.181789278984069824e+00
7.405229806900024414e-01,4.324147224426269531e+00,3.759876489639282227e-01
6.003435254096984863e-01,4.878586292266845703e+00,9.630382061004638672e-01
7.585272192955017090e-01,1.567109584808349609e+00,1.138195514678955078e+00
1.202612519264221191e-01,2.687811613082885742e+00,1.130625724792480469e+00
5.653977394104003906e-01,1.732810735702514648e-01,5.907577276229858398e-01
1.283630132675170898e-01,1.130465507507324219e+00,9.742068648338317871e-01
6.162657141685485840e-01,4.699301242828369141e+00,9.001091122627258301e-01
1.954558640718460083e-01,2.466249465942382812e+00,1.394489049911499023e+00
3.181279599666595459e-01,3.847455382347106934e-01,4.848285019397735596e-01
9.999354183673858643e-02,2.190446555614471436e-01,9.630394577980041504e-01
7.689619660377502441e-01,1.018637776374816895e+00,6.748782992362976074e-01
9.934123754501342773e-01,4.149424552917480469e+00,4.748432636260986328e-01
6.413298249244689941e-01,3.853957891464233398e+00,1.295224070549011230e+00
8.191417455673217773e-01,2.126633882522583008e+00,4.540845751762390137e-01
6.193990111351013184e-01,4.818313121795654297e+00,1.147821784019470215e+00
4.515783786773681641e-01,6.675038933753967285e-01,1.121469259262084961e+00
7.180574536323547363e-01,5.355499982833862305e-01,5.030380487442016602e-01
6.023681163787841797e-01,4.660557270050048828e+00,1.255178809165954590e+00
5.720122456550598145e-01,2.809359550476074219e+00,6.335185170173645020e-01
2.635914087295532227e-01,7.859456539154052734e-01,9.630177617073059082e-01
5.756372809410095215e-01,4.190872669219970703e+00,4.537772834300994873e-01
1.076316013932228088e-01,3.013585805892944336e+00,7.853578925132751465e-01
8.654744625091552734e-01,2.921285867691040039e+00,3.305721879005432129e-01
8.964192867279052734e-01,2.660824358463287354e-01,4.385532736778259277e-01
5.888664126396179199e-01,1.815727829933166504e+00,4.750298261642456055e-01
5.193861722946166992e-01,4.838173389434814453e+00,5.701570957899093628e-02
6.879433393478393555e-01,5.780115723609924316e-01,1.520505547523498535e-01
9.042020440101623535e-01,2.306768894195556641e+00,9.394974112510681152e-01
1.954768002033233643e-01,1.048808455467224121e+00,1.176117181777954102e+00
3.738101720809936523e-01,9.628090262413024902e-01,1.091008782386779785e+00
8.010933995246887207e-01,2.972741365432739258e+00,6.759682893753051758e-01
5.187431573867797852e-01,2.396936893463134766e+00,8.367300033569335938e-01
5.561538934707641602e-01,3.974188566207885742e+00,3.670241236686706543e-01
5.547980070114135742e-01,4.453697681427001953e+00,6.935782432556152344e-01
6.031191349029541016e-01,6.043058633804321289e-01,3.141417205333709717e-01
5.784697532653808594e-01,3.681408405303955078e+00,9.302212595939636230e-01
9.592937305569648743e-03,1.941350698471069336e+00,8.452670574188232422e-01
8.318026065826416016e-01,4.722541332244873047e+00,2.212932109832763672e-01
6.778466105461120605e-01,2.225240945816040039e+00,7.375062108039855957e-01
3.617764711380004883e-01,6.253766417503356934e-01,7.839104533195495605e-01
8.348568081855773926e-01,1.789917469024658203e+00,8.057221770286560059e-01
3.286258876323699951e-01,3.851218700408935547e+00,5.534245967864990234e-01
4.401704370975494385e-01,4.413802146911621094e+00,1.150546789169311523e+00
3.201268911361694336e-01,3.764395236968994141e+00,1.084124088287353516e+00
9.394827485084533691e-01,2.251558303833007812e+00,4.913017451763153076e-01
6.324090957641601562e-01,4.147034168243408203e+00,1.212783813476562500e+00
9.625287055969238281e-01,2.378092050552368164e+00,6.763087511062622070e-01
9.106750041246414185e-02,4.241491556167602539e-01,9.292250275611877441e-01
3.835540264844894409e-02,9.991292357444763184e-01,9.752590060234069824e-01
3.527013957500457764e-01,3.981676816940307617e+00,4.870339762419462204e-03
7.696764469146728516e-01,8.179970979690551758e-01,9.244409799575805664e-01
1.577639281749725342e-01,1.237420916557312012e+00,7.383062243461608887e-01
7.482074499130249023e-01,4.588243484497070312e+00,4.468869268894195557e-01
9.683347344398498535e-01,2.242391824722290039e+00,1.146866008639335632e-01
6.125998497009277344e-01,3.884613990783691406e+00,4.635109007358551025e-01
5.416873842477798462e-02,1.358235239982604980e+00,1.121382713317871094e+00
5.913028717041015625e-01,3.585120677947998047e+00,1.348143815994262695e+00
2.593607008457183838e-01,2.083457469940185547e+00,1.061407327651977539e+00
3.550225794315338135e-01,4.414388179779052734e+00,1.002977967262268066e+00
5.540382266044616699e-01,1.864959716796875000e+00,5.048990845680236816e-01
7.451734542846679688e-01,4.541759490966796875e+00,1.161901593208312988e+00
3.933269679546356201e-01,2.013971328735351562e+00,5.727252364158630371e-01
5.520704984664916992e-01,1.481370568275451660e+00,9.347199201583862305e-01
1.837513744831085205e-01,2.495864868164062500e+00,8.886176943778991699e-01
2.461349964141845703e-01,4.096054732799530029e-01,1.131181359291076660e+00
8.472508788108825684e-01,4.983169555664062500e+00,8.237875103950500488e-01
7.736091017723083496e-01,1.216919541358947754e+00,4.193454384803771973e-01
9.413838982582092285e-01,2.540920078754425049e-01,3.678375184535980225e-01
7.492587566375732422e-01,1.015551328659057617e+00,7.903486490249633789e-01
3.455470204353332520e-01,1.346966385841369629e+00,1.455506682395935059e+00
2.842851281166076660e-01,4.293417453765869141e+00,4.778362214565277100e-01
3.407579064369201660e-01,3.107521295547485352e+00,3.324597775936126709e-01
7.667868733406066895e-01,9.639636278152465820e-01,6.393308639526367188e-01
2.192878127098083496e-01,4.643518447875976562e+00,1.279825329780578613e+00
1.830168813467025757e-01,3.264053821563720703e+00,8.752682209014892578e-01
6.660577058792114258e-01,2.098396062850952148e+00,1.391772508621215820e+00
8.090457916259765625e-01,4.226977825164794922e+00,8.961743712425231934e-01
8.348158001899719238e-01,4.963234424591064453e+00,8.577379584312438965e-01
7.261696457862854004e-01,3.330382108688354492e+00,2.251175343990325928e-01
9.768997877836227417e-02,4.872616767883300781e+00,1.037437692284584045e-01
5.533590316772460938e-01,4.439473628997802734e+00,1.220144391059875488e+00
3.207561075687408447e-01,1.686974048614501953e+00,9.987275004386901855e-01
5.504978895187377930e-01,3.374146223068237305e-01,2.805264592170715332e-01
1.280307117849588394e-02,4.735044479370117188e+00,8.814052939414978027e-01
8.336067199707031250e-01,7.690066695213317871e-01,1.177080392837524414e+00
3.505208790302276611e-01,3.595738410949707031e-01,7.677152752876281738e-01
8.725610971450805664e-01,1.599858522415161133e+00,2.063900083303451538e-01
5.862289667129516602e-01,4.604696273803710938e+00,1.895238608121871948e-01
5.584291219711303711e-01,2.485616683959960938e+00,1.195674538612365723e+00
5.999631285667419434e-01,3.881663680076599121e-01,6.195694804191589355e-01
2.185791134834289551e-01,2.895389556884765625e+00,3.590077757835388184e-01
8.600959181785583496e-01,1.644687891006469727e+00,2.062225788831710815e-01
1.199952699244022369e-02,3.143299818038940430e+00,4.135590195655822754e-01
4.381603002548217773e-01,1.550115823745727539e+00,7.131686210632324219e-01
5.607895851135253906e-01,1.790246605873107910e+00,2.383091449737548828e-01
7.630581408739089966e-02,1.052308559417724609e+00,1.336075067520141602e+00
7.401176691055297852e-01,2.196167945861816406e+00,3.439071178436279297e-01
2.292874604463577271e-01,1.092993736267089844e+00,1.002814620733261108e-01
6.858904957771301270e-01,3.286986589431762695e+00,6.861161589622497559e-01
6.941022276878356934e-01,4.503234386444091797e+00,6.506235003471374512e-01
6.521317958831787109e-01,3.078695774078369141e+00,7.426696419715881348e-01
5.728639960289001465e-01,2.089425086975097656e+00,7.952488064765930176e-01
8.630423545837402344e-01,3.071862161159515381e-01,6.436165422201156616e-02
1.014569997787475586e-01,3.264614820480346680e+00,1.114503264427185059e+00
2.079111486673355103e-01,2.032773017883300781e+00,1.130524158477783203e+00
5.958877205848693848e-01,2.312448978424072266e+00,5.924153700470924377e-02
3.900381922721862793e-01,4.291721343994140625e+00,4.904748797416687012e-01
2.921791374683380127e-01,7.741112709045410156e-01,7.456257343292236328e-01
3.793899416923522949e-01,3.916133880615234375e+00,7.463476061820983887e-01
3.617571592330932617e-01,3.409602642059326172e+00,8.512168526649475098e-01
8.526498675346374512e-01,1.049762498587369919e-02,1.268329739570617676e+00
9.479495286941528320e-01,4.021210193634033203e+00,3.614515960216522217e-01
3.714537024497985840e-01,1.917660355567932129e+00,9.112289547920227051e-01
3.234464228153228760e-01,2.592273473739624023e+00,1.178501725196838379e+00
4.153641760349273682e-01,2.816162705421447754e-01,9.185232520103454590e-01
6.213130354881286621e-01,1.760058522224426270e+00,7.614193558692932129e-01
5.552501678466796875e-01,3.349205255508422852e-01,8.001650571823120117e-01
1.817960888147354126e-01,7.876446247100830078e-01,1.006044030189514160e+00
2.596348226070404053e-01,2.027375221252441406e+00,2.012634426355361938e-01
7.061356902122497559e-01,2.214025974273681641e+00,1.426978826522827148e+00
5.618913173675537109e-01,3.776132822036743164e+00,4.823182225227355957e-01
4.506156742572784424e-01,3.992907047271728516e+00,7.026964426040649414e-01
3.845247626304626465e-01,8.907075524330139160e-01,4.406829774379730225e-01
4.773600995540618896e-01,1.704385519027709961e+00,7.908921837806701660e-01
4.643844962120056152e-01,4.489771842956542969e+00,8.741041421890258789e-01
7.137515544891357422e-01,3.970238208770751953e+00,7.344691157341003418e-01
2.132549881935119629e-01,4.771379947662353516e+00,1.134315252304077148e+00
9.675087928771972656e-01,1.515695214271545410e+00,1.456223487854003906e+00
5.793362259864807129e-01,2.748183488845825195e+00,9.934421777725219727e-01
5.423450842499732971e-02,2.486286401748657227e+00,4.548734724521636963e-01
4.263427257537841797e-01,3.283671617507934570e+00,3.976570963859558105e-01
4.086568653583526611e-01,3.352992296218872070e+00,1.313339710235595703e+00
7.756271958351135254e-01,2.653602123260498047e+00,2.676937878131866455e-01
5.327507853507995605e-01,4.846693515777587891e+00,9.068043828010559082e-01
6.439086198806762695e-01,4.102248191833496094e+00,3.323053717613220215e-01
7.961093783378601074e-01,4.015154838562011719e+00,3.923473656177520752e-01
3.523772656917572021e-01,2.857483625411987305e+00,3.801659643650054932e-01
4.692941606044769287e-01,2.675191402435302734e+00,1.186714053153991699e+00
1.515840590000152588e-01,3.632035255432128906e-01,1.358935475349426270e+00
3.731502294540405273e-01,2.043373823165893555e+00,1.102020978927612305e+00
1.771986335515975952e-01,7.767648100852966309e-01,1.357651948928833008e+00
1.903213709592819214e-01,2.182145118713378906e+00,1.180288553237915039e+00
7.147653400897979736e-02,3.161541223526000977e+00,1.356075525283813477e+00
8.675956726074218750e-01,3.837233304977416992e+00,3.328538835048675537e-01
2.100014090538024902e-01,2.516404688358306885e-01,3.650770336389541626e-02
5.990868806838989258e-01,4.947983741760253906e+00,3.252688050270080566e-01
4.846045076847076416e-01,2.114918708801269531e+00,1.121730208396911621e+00
4.560949206352233887e-01,2.344588279724121094e+00,1.087277054786682129e+00
7.028626203536987305e-01,3.613777637481689453e+00,6.116016507148742676e-01
3.428749740123748779e-01,1.715861082077026367e+00,9.397376775741577148e-01
4.952265918254852295e-01,3.816169261932373047e+00,1.023047685623168945e+00
7.602433562278747559e-01,3.781293153762817383e+00,5.942757725715637207e-01
3.729718029499053955e-01,3.874327659606933594e+00,1.437933206558227539e+00
4.435138404369354248e-01,2.221885442733764648e+00,1.405138850212097168e+00
2.783614695072174072e-01,1.502525448799133301e+00,4.455822408199310303e-01
8.924744725227355957e-01,3.449497222900390625e+00,5.194556117057800293e-01
6.259062290191650391e-01,4.229530334472656250e+00,5.722648501396179199e-01
7.291094064712524414e-01,1.919105648994445801e+00,6.462768912315368652e-01
7.956084609031677246e-01,1.056901887059211731e-01,8.596000075340270996e-01
4.932871460914611816e-01,4.345024108886718750e+00,1.017962455749511719e+00
9.992690086364746094e-01,3.222627639770507812e+00,8.295062780380249023e-01
7.967748641967773438e-01,3.596239089965820312e-01,7.853774428367614746e-01
2.897863090038299561e-01,2.437134981155395508e-01,4.538368880748748779e-01
8.536092042922973633e-01,4.821503162384033203e+00,5.805073976516723633e-01
8.890475630760192871e-01,9.653626084327697754e-01,2.297764122486114502e-01
7.005915641784667969e-01,3.403091669082641602e+00,2.005360871553421021e-01
6.158153414726257324e-01,4.840302467346191406e+00,8.366810679435729980e-01
5.659094452857971191e-01,1.451240062713623047e+00,4.377894699573516846e-01
3.565798997879028320e-01,4.194067955017089844e+00,9.628973603248596191e-01
7.505152225494384766e-01,3.224767923355102539e+00,6.481459140777587891e-01
3.106269538402557373e-01,1.626955151557922363e+00,5.037418007850646973e-01
4.111189246177673340e-01,1.956804990768432617e+00,6.579970717430114746e-01
6.473596692085266113e-01,4.362096309661865234e+00,1.466200113296508789e+00
1.316614151000976562e-01,4.381723880767822266e+00,9.957722425460815430e-01
4.437921941280364990e-02,4.564922809600830078e+00,8.606702685356140137e-01
3.250306844711303711e-01,7.322043180465698242e-01,5.008527636528015137e-01
7.402688860893249512e-01,1.898483991622924805e+00,2.416899651288986206e-01
1.172057092189788818e-01,4.490511417388916016e+00,5.849610567092895508e-01
7.074416875839233398e-01,2.121834993362426758e+00,1.455102086067199707e+00
4.757385253906250000e-01,3.548138141632080078e+00,2.621396481990814209e-01
7.574202418327331543e-01,4.511521816253662109e+00,6.084658503532409668e-01
3.189830482006072998e-01,4.985305786132812500e+00,6.008469462394714355e-01
7.262477278709411621e-01,1.811684846878051758e+00,3.876998722553253174e-01
5.952506661415100098e-01,4.867798805236816406e+00,1.299300789833068848e+00
7.675139307975769043e-01,2.422890663146972656e+00,5.681095272302627563e-02
7.240052223205566406e-01,2.732028722763061523e+00,1.083511829376220703e+00
2.761380970478057861e-01,9.592214226722717285e-01,4.694393575191497803e-01
7.152293324470520020e-01,3.056810140609741211e+00,5.719965696334838867e-01
8.504136800765991211e-01,3.492330074310302734e+00,5.011897683143615723e-01
1.221964284777641296e-01,3.934220075607299805e-01,8.319677710533142090e-01
1.612791270017623901e-01,3.593079566955566406e+00,9.033920168876647949e-01
5.706019401550292969e-01,9.337432384490966797e-01,1.443783283233642578e+00
4.826197624206542969e-01,3.630154609680175781e+00,6.481807827949523926e-01
1.745632886886596680e-01,4.869920730590820312e+00,3.618813455104827881e-01
6.901811361312866211e-01,4.329752922058105469e+00,1.009945988655090332e+00
4.520180821418762207e-01,1.659393310546875000e+00,6.996945142745971680e-01
5.637087821960449219e-01,6.901331543922424316e-01,1.249386191368103027e+00
8.844016194343566895e-01,3.024281024932861328e+00,5.435190200805664062e-01
3.922787904739379883e-01,1.863192558288574219e+00,8.862538337707519531e-01
8.794214725494384766e-01,3.419694185256958008e+00,1.169174671173095703e+00
3.770837783813476562e-01,2.248638272285461426e-01,1.145462036132812500e+00
2.611218690872192383e-01,2.252652168273925781e+00,6.317704916000366211e-01
1.600581556558609009e-01,1.443690299987792969e+00,1.677715033292770386e-01
9.425581693649291992e-01,3.038991689682006836e+00,1.770384460687637329e-01
7.838615179061889648e-01,1.521241068840026855e+00,2.056995779275894165e-01
2.449472397565841675e-01,2.651161432266235352e+00,9.373611807823181152e-01
3.377001583576202393e-01,3.860917568206787109e+00,9.379524588584899902e-01
5.964151769876480103e-02,2.782358407974243164e+00,5.512349009513854980e-01
1.880486011505126953e-01,4.244371414184570312e+00,2.575053572654724121e-01
4.230087697505950928e-01,1.908238649368286133e+00,3.424113392829895020e-01
8.856775760650634766e-01,1.082641720771789551e+00,3.616836369037628174e-01
1.699933856725692749e-01,8.611015081405639648e-01,1.850601136684417725e-01
7.415458559989929199e-01,2.264919757843017578e+00,1.489594697952270508e+00
9.733254909515380859e-01,1.000013589859008789e+00,5.967258214950561523e-01
4.806918799877166748e-01,1.329420685768127441e+00,1.342757463455200195e+00
1.392657756805419922e-01,4.177149772644042969e+00,1.012723207473754883e+00
7.178251743316650391e-01,3.013993501663208008e+00,4.761554300785064697e-01
9.853255152702331543e-01,1.802544355392456055e+00,9.326326251029968262e-01
6.562161445617675781e-02,4.171781539916992188e+00,8.142735362052917480e-01
6.938090920448303223e-01,4.923349857330322266e+00,1.219366550445556641e+00
9.793675541877746582e-01,3.033166885375976562e+00,9.925235807895660400e-02
7.398611903190612793e-01,8.543384671211242676e-01,9.648628830909729004e-01
2.081217914819717407e-01,6.650947928428649902e-01,1.309266448020935059e+00
4.015385806560516357e-01,1.378862619400024414e+00,1.222394704818725586e+00
8.357633352279663086e-01,3.688313961029052734e+00,8.889895081520080566e-01
5.747951269149780273e-01,1.097704291343688965e+00,1.253875851631164551e+00
8.855168223381042480e-01,4.226695001125335693e-01,1.049707412719726562e+00
1.946940571069717407e-01,4.653962612152099609e+00,5.483435988426208496e-01
7.107898592948913574e-01,2.843390226364135742e+00,8.634309768676757812e-01
6.610277295112609863e-02,3.964498996734619141e+00,7.843871712684631348e-01
6.280974745750427246e-01,4.779136180877685547e+00,1.237687587738037109e+00
1.264714598655700684e-01,4.577398300170898438e+00,1.229142546653747559e+00
1.781127154827117920e-01,1.821574211120605469e+00,3.730714321136474609e-01
9.315768480300903320e-01,7.173547148704528809e-01,8.157170414924621582e-01
3.347180187702178955e-01,6.294700503349304199e-01,4.982888698577880859e-01
8.444011211395263672e-01,4.228324890136718750e+00,8.347234725952148438e-01
3.090457916259765625e-01,6.874895095825195312e-01,8.798208832740783691e-01
9.353968501091003418e-01,1.222465395927429199e+00,1.366447091102600098e+00
1.449735760688781738e-01,3.933310985565185547e+00,9.178335070610046387e-01
7.287775874137878418e-01,1.210927248001098633e+00,4.623489975929260254e-01
2.445331364870071411e-01,1.998463392257690430e+00,2.387867271900177002e-01
3.831651210784912109e-01,4.090341031551361084e-01,1.193981051445007324e+00
8.088700771331787109e-01,3.941913843154907227e+00,1.528145819902420044e-01
7.928597331047058105e-01,1.345968365669250488e+00,7.417926192283630371e-01
4.631750285625457764e-01,3.400983095169067383e+00,9.994205832481384277e-01
1.890047341585159302e-01,2.276233196258544922e+00,9.219105839729309082e-01
4.165245592594146729e-01,4.600799083709716797e+00,3.409805297851562500e-01
7.299698591232299805e-01,4.256047725677490234e+00,2.732563912868499756e-01
5.676856040954589844e-01,3.597039699554443359e+00,6.351503133773803711e-01
6.896018385887145996e-01,1.484445333480834961e-01,1.207390546798706055e+00
6.478941440582275391e-01,1.356260657310485840e+00,3.872294127941131592e-01
3.255401551723480225e-01,1.455423712730407715e+00,1.301352262496948242e+00
4.739447236061096191e-01,2.106296777725219727e+00,4.172731935977935791e-01
5.491162538528442383e-01,4.118767738342285156e+00,5.825980305671691895e-01
8.287547826766967773e-01,3.252749443054199219e-01,8.346807956695556641e-01
8.070427775382995605e-01,4.756181240081787109e+00,6.111943125724792480e-01
4.233483672142028809e-01,2.087722063064575195e+00,3.183782696723937988e-01
3.412898480892181396e-01,4.906221389770507812e+00,8.360910415649414062e-01
1.327666491270065308e-01,4.042519092559814453e+00,1.339737027883529663e-01
1.302030831575393677e-01,9.128411859273910522e-02,1.134574174880981445e+00
7.343935370445251465e-01,2.616156578063964844e+00,5.916290283203125000e-01
8.063531666994094849e-02,1.749273061752319336e+00,1.163424968719482422e+00
9.663105607032775879e-01,1.571112394332885742e+00,1.128313541412353516e+00
4.672782421112060547e-01,3.155857563018798828e+00,7.096905708312988281e-01
5.033912062644958496e-01,3.088469743728637695e+00,2.289548814296722412e-01
6.390876173973083496e-01,4.521369457244873047e+00,1.207215309143066406e+00
6.291903853416442871e-01,8.409835696220397949e-01,1.107864737510681152e+00
8.193108439445495605e-01,3.731626272201538086e+00,1.030160307884216309e+00
9.862994551658630371e-01,4.549340248107910156e+00,4.800892174243927002e-01
1.629242300987243652e-01,4.803839683532714844e+00,7.506217360496520996e-01
2.948264824226498604e-03,4.029851436614990234e+00,1.287348747253417969e+00
5.436106324195861816e-01,3.351920366287231445e+00,4.185400307178497314e-01
9.647371247410774231e-03,1.504651427268981934e+00,7.095901370048522949e-01
7.996205687522888184e-01,2.138432264328002930e+00,5.620967149734497070e-01
3.342854380607604980e-01,4.639378070831298828e+00,1.120666503906250000e+00
8.978075385093688965e-01,1.646692156791687012e+00,1.394416689872741699e+00
7.431756854057312012e-01,4.189028739929199219e+00,3.186886012554168701e-01
3.174967169761657715e-01,2.498365163803100586e+00,8.346223086118698120e-02
7.082487940788269043e-01,4.411840915679931641e+00,9.131756424903869629e-01
8.487088680267333984e-01,4.635534286499023438e+00,1.382413268089294434e+00
2.181387692689895630e-01,3.119415760040283203e+00,7.253756523132324219e-01
8.927505612373352051e-01,2.589058399200439453e+00,6.510202884674072266e-01
4.751920104026794434e-01,1.863397240638732910e+00,2.280977070331573486e-01
4.257934987545013428e-01,1.379146128892898560e-01,3.090746998786926270e-01
6.641032099723815918e-01,1.030172586441040039e+00,4.277957677841186523e-01
1.095658168196678162e-01,4.354282379150390625e+00,7.874915599822998047e-01
8.699785470962524414e-01,2.723496913909912109e+00,6.072928905487060547e-01
5.206389427185058594e-01,1.918944597244262695e+00,7.563131451606750488e-01
4.341853559017181396e-01,4.278025627136230469e+00,1.371156930923461914e+00
7.870347499847412109e-01,3.197784662246704102e+00,1.136707425117492676e+00
7.106307893991470337e-02,3.317852735519409180e+00,9.374702572822570801e-01
4.944358468055725098e-01,2.144695043563842773e+00,1.077852845191955566e+00
9.187808632850646973e-01,2.485473155975341797e+00,7.475295066833496094e-01
4.819701611995697021e-01,2.306927680969238281e+00,8.336029648780822754e-01
8.711379766464233398e-01,2.796429157257080078e+00,1.061014533042907715e+00
2.850682139396667480e-01,1.530446410179138184e+00,1.180028393864631653e-01
6.827859282493591309e-01,3.809370756149291992e+00,2.818773686885833740e-01
3.395886421203613281e-01,2.434301853179931641e+00,1.353661268949508667e-01
8.999189734458923340e-01,5.456227064132690430e-01,7.535392642021179199e-01
6.863359808921813965e-01,1.306846618652343750e+00,5.789425969123840332e-01
4.996532797813415527e-01,7.577254176139831543e-01,1.213507056236267090e+00
5.750272274017333984e-01,2.664699316024780273e+00,9.752775430679321289e-01
4.353250265121459961e-01,1.862579464912414551e+00,9.225310683250427246e-01
5.786250233650207520e-01,4.205921649932861328e+00,9.025177955627441406e-01
9.480568170547485352e-01,1.211658000946044922e+00,5.753279328346252441e-01
8.543503284454345703e-01,1.974164724349975586e+00,1.011275768280029297e+00
7.497806549072265625e-01,1.178492426872253418e+00,7.033299803733825684e-01
3.324031829833984375e-01,3.995530366897583008e+00,7.141077518463134766e-01
6.204054355621337891e-01,4.825799465179443359e+00,1.149132013320922852e+00
8.620716929435729980e-01,3.218508481979370117e+00,2.711228132247924805e-01
2.968255877494812012e-01,1.906465888023376465e+00,8.179454803466796875e-01
3.567121326923370361e-01,5.973748564720153809e-01,2.975969910621643066e-01
9.294681996107101440e-02,1.408186674118041992e+00,1.041672825813293457e+00
7.672107219696044922e-01,3.528300762176513672e+00,2.738369703292846680e-01
7.463193535804748535e-01,2.179072141647338867e+00,5.016199350357055664e-01
4.117847979068756104e-01,3.442784547805786133e+00,1.471297502517700195e+00
3.063962757587432861e-01,3.299397945404052734e+00,1.211411833763122559e+00
2.685492634773254395e-01,3.854952096939086914e+00,2.750127613544464111e-01
5.647916197776794434e-01,2.508284449577331543e-01,1.317660927772521973e+00
7.836942076683044434e-01,2.545458316802978516e+00,6.352761983871459961e-01
4.209572672843933105e-01,1.395480036735534668e+00,3.053474128246307373e-01
4.005948901176452637e-01,4.455804824829101562e+00,1.183814287185668945e+00
4.712532758712768555e-01,4.733390331268310547e+00,1.031553626060485840e+00
7.624433040618896484e-01,3.536023616790771484e+00,8.270924687385559082e-01
1.841015219688415527e-01,1.281319499015808105e+00,3.095849156379699707e-01
6.067018508911132812e-01,3.930306673049926758e+00,4.667226374149322510e-01
6.421151757240295410e-01,3.703033208847045898e+00,6.256548166275024414e-01
4.158859848976135254e-01,2.675416946411132812e+00,8.016148805618286133e-01
7.004878520965576172e-01,2.261594057083129883e+00,1.415882825851440430e+00
7.625440359115600586e-01,1.421438932418823242e+00,9.937197566032409668e-01
8.509394526481628418e-01,4.480590820312500000e+00,1.400411248207092285e+00
7.132729887962341309e-01,2.386158227920532227e+00,9.492129087448120117e-01
5.599767565727233887e-01,4.286556720733642578e+00,1.306130528450012207e+00
1.994664967060089111e-01,2.073000669479370117e+00,6.836149096488952637e-01
8.933585882186889648e-01,1.169486761093139648e+00,5.247094035148620605e-01
2.021196782588958740e-01,3.466832876205444336e+00,1.816087663173675537e-01
6.818916797637939453e-01,2.334081411361694336e+00,7.639456391334533691e-01
3.045280575752258301e-01,4.338624179363250732e-01,7.377138733863830566e-01
4.387298226356506348e-01,2.615948915481567383e+00,6.977345943450927734e-01
6.156553030014038086e-01,1.985458254814147949e+00,1.468334436416625977e+00
9.570894390344619751e-02,1.666582942008972168e+00,5.413591861724853516e-01
8.567779064178466797e-01,2.253742218017578125e+00,1.719222217798233032e-01
8.772409558296203613e-01,1.425991654396057129e+00,4.745375514030456543e-01
7.620144486427307129e-01,3.246154785156250000e+00,9.561829566955566406e-01
6.984193325042724609e-01,3.539942502975463867e+00,3.604737520217895508e-01
2.460468560457229614e-01,3.927086830139160156e+00,8.571916222572326660e-01
6.040994524955749512e-01,1.780485630035400391e+00,4.776829481124877930e-01
3.328393399715423584e-01,1.713912248611450195e+00,9.912526011466979980e-01
9.954194426536560059e-01,2.097478866577148438e+00,1.057511687278747559e+00
6.306979656219482422e-01,3.108848333358764648e+00,4.758633077144622803e-01
8.245497345924377441e-01,3.248255252838134766e+00,8.801818490028381348e-01
1.141580119729042053e-01,4.758425235748291016e+00,7.468739151954650879e-01
9.399656057357788086e-01,3.216841459274291992e+00,1.034518003463745117e+00
7.341207265853881836e-01,3.669393360614776611e-01,4.659050703048706055e-01
3.202551305294036865e-01,4.494603157043457031e+00,6.483027338981628418e-01
1.686868816614151001e-01,1.226058721542358398e+00,3.633259236812591553e-01
4.706605374813079834e-01,6.157994270324707031e-01,1.329605221748352051e+00
6.315078139305114746e-01,2.684710621833801270e-01,1.312345981597900391e+00
1.412485819309949875e-02,3.255206346511840820e+00,2.556470930576324463e-01
6.677332799881696701e-03,3.136919498443603516e+00,9.012818932533264160e-01
1.224146112799644470e-01,2.917917013168334961e+00,8.182191252708435059e-01
7.885465025901794434e-01,3.622317314147949219e+00,7.271693348884582520e-01
9.337473511695861816e-01,3.388163447380065918e-01,5.955345630645751953e-01
1.874604076147079468e-01,7.684481143951416016e-01,6.352482438087463379e-01
2.388876229524612427e-01,1.657489240169525146e-01,7.468949556350708008e-01
8.602214455604553223e-01,2.903167247772216797e+00,4.152906239032745361e-01
4.476008415222167969e-01,2.775497674942016602e+00,1.311205267906188965e+00
7.825126647949218750e-01,4.837985515594482422e+00,1.055890679359436035e+00
7.247492074966430664e-01,2.159074068069458008e+00,4.029782861471176147e-02
3.915332555770874023e-01,4.095397949218750000e+00,3.595943450927734375e-01
6.499379277229309082e-01,4.084403038024902344e+00,8.269439935684204102e-01
3.421423137187957764e-01,3.009636163711547852e+00,1.150594949722290039e-01
9.175892472267150879e-01,4.620759487152099609e+00,6.018221378326416016e-01
9.372025728225708008e-01,2.314286470413208008e+00,4.201042354106903076e-01
6.133328676223754883e-01,5.027690529823303223e-01,1.411620974540710449e+00
3.302394449710845947e-01,1.145862862467765808e-01,8.870941996574401855e-01
6.606557965278625488e-01,2.510004997253417969e+00,4.053597450256347656e-01
4.380137324333190918e-01,1.702839136123657227e+00,7.565883398056030273e-01
7.796362042427062988e-01,1.740256667137145996e+00,2.801196873188018799e-01
4.086073115468025208e-02,4.147973954677581787e-01,2.969436943531036377e-01
4.461454451084136963e-01,3.632772207260131836e+00,1.443569660186767578e+00
6.817665100097656250e-01,1.537494421005249023e+00,7.066693305969238281e-01
5.344887971878051758e-01,3.680696725845336914e+00,1.575783938169479370e-01
7.939398288726806641e-01,3.592905759811401367e+00,9.651483893394470215e-01
8.318365812301635742e-01,4.256087779998779297e+00,6.093911528587341309e-01
5.035119652748107910e-01,2.246034860610961914e+00,4.948807954788208008e-01
8.712424635887145996e-01,6.633284687995910645e-01,1.389202713966369629e+00
4.549003243446350098e-01,6.075519919395446777e-01,8.538707345724105835e-02
3.982628509402275085e-02,4.805084705352783203e+00,1.065759658813476562e+00
5.301737785339355469e-01,3.603805780410766602e+00,8.567705154418945312e-01
9.245843291282653809e-01,1.950128555297851562e+00,1.151719614863395691e-01
4.268142282962799072e-01,7.169875502586364746e-01,7.784783244132995605e-01
8.460386991500854492e-01,2.221997737884521484e+00,2.692994177341461182e-01
8.177390098571777344e-01,4.337887465953826904e-01,1.184706211090087891e+00
9.743660688400268555e-01,3.129273414611816406e+00,4.973031580448150635e-01
6.211802959442138672e-01,3.268393516540527344e+00,3.192873001098632812e-01
4.086250066757202148e-01,4.233494102954864502e-01,2.765502035617828369e-01
7.146414518356323242e-01,2.322122097015380859e+00,3.981756269931793213e-01
7.156258821487426758e-02,4.324842453002929688e+00,8.712445497512817383e-01
6.183915734291076660e-01,9.086306691169738770e-01,3.198982775211334229e-01
4.881544113159179688e-01,3.228283822536468506e-01,1.397431492805480957e+00
1.573636084794998169e-01,2.462387561798095703e+00,2.839880883693695068e-01
9.245305657386779785e-01,1.092004418373107910e+00,9.147390127182006836e-01
8.745222687721252441e-01,3.743260622024536133e+00,5.043299794197082520e-01
2.232790440320968628e-01,9.109746664762496948e-02,1.103525996208190918e+00
4.458144009113311768e-01,4.272886753082275391e+00,7.402934879064559937e-02
7.381065487861633301e-01,3.859745264053344727e+00,3.788993954658508301e-01
5.224339365959167480e-01,2.034980207681655884e-01,1.397025704383850098e+00
7.221921682357788086e-01,1.815267205238342285e+00,5.100517868995666504e-01
4.865143001079559326e-01,4.370129108428955078e+00,1.107660055160522461e+00
1.458704620599746704e-01,1.929561235010623932e-02,1.222602248191833496e+00
4.607830941677093506e-01,5.332343578338623047e-01,1.191035866737365723e+00
7.511734366416931152e-01,1.598291635513305664e+00,6.925062537193298340e-01
7.544594407081604004e-01,1.597155451774597168e+00,8.436862230300903320e-01
8.525599241256713867e-01,7.564106583595275879e-01,1.453059315681457520e+00
7.025825381278991699e-01,2.228112936019897461e+00,1.496971726417541504e+00
7.853899002075195312e-01,2.433720827102661133e+00,8.205948472023010254e-01
5.444194655865430832e-03,1.033528804779052734e+00,8.088853955268859863e-01
5.270333886146545410e-01,3.835188150405883789e+00,6.821990609169006348e-01
3.823533058166503906e-01,4.849215030670166016e+00,1.164876818656921387e+00
7.041618824005126953e-01,4.097543716430664062e+00,9.857035875320434570e-01
3.497565686702728271e-01,8.512092828750610352e-01,1.127103686332702637e+00
3.413634896278381348e-01,2.003046512603759766e+00,9.301616549491882324e-01
3.030409216880798340e-01,7.276985049247741699e-01,3.842729628086090088e-01
6.667430996894836426e-01,4.346592903137207031e+00,2.379266321659088135e-01
4.661127626895904541e-01,2.868944406509399414e+00,7.365375757217407227e-01
5.769357085227966309e-01,1.455712199211120605e+00,7.985147237777709961e-01
2.952345311641693115e-01,2.487682342529296875e+00,9.073862433433532715e-01
3.793499991297721863e-02,3.218914270401000977e+00,5.668050050735473633e-01
8.487018346786499023e-01,4.939456939697265625e+00,7.231851816177368164e-01
7.966727018356323242e-01,1.398571848869323730e+00,1.305772781372070312e+00
7.302458882331848145e-01,3.994091272354125977e+00,7.430655956268310547e-01
7.048106193542480469e-01,2.612681128084659576e-02,4.318394660949707031e-01
6.604906320571899414e-01,8.145465254783630371e-01,8.132047057151794434e-01
8.124752044677734375e-01,2.259206056594848633e+00,7.234687805175781250e-01
7.622699141502380371e-01,7.336130738258361816e-01,4.520836174488067627e-01
2.664832174777984619e-01,1.431859254837036133e+00,1.633453369140625000e-01
8.228968381881713867e-01,2.636502504348754883e+00,6.900140047073364258e-01
3.286644816398620605e-01,8.657298684120178223e-01,1.236303567886352539e+00
4.324513077735900879e-01,1.936890840530395508e+00,1.275645613670349121e+00
6.815180182456970215e-01,2.974920511245727539e+00,4.294873178005218506e-01
6.985473632812500000e-01,1.033815741539001465e+00,3.644692003726959229e-01
6.755953431129455566e-01,2.707311391830444336e+00,2.496645748615264893e-01
9.110847711563110352e-01,5.274389386177062988e-01,5.450833439826965332e-01
5.371282100677490234e-01,2.188914060592651367e+00,9.619637727737426758e-01
8.085969090461730957e-01,3.066836118698120117e+00,1.006873250007629395e+00
7.764346897602081299e-02,4.381783962249755859e+00,2.846738398075103760e-01
1.782087236642837524e-01,9.283016324043273926e-01,4.345762729644775391e-01
2.487736195325851440e-01,2.281898498535156250e+00,1.001028895378112793e+00
1.598115563392639160e-01,1.735022068023681641e+00,7.501355409622192383e-01
9.228965044021606445e-01,2.250454187393188477e+00,1.460406929254531860e-01
7.187595367431640625e-01,1.170906305313110352e+00,9.121279120445251465e-01
9.200828075408935547e-01,2.374397277832031250e+00,4.919581413269042969e-01
8.909627795219421387e-01,5.546379089355468750e-01,1.254538297653198242e+00
3.409775793552398682e-01,4.338570117950439453e+00,9.355907440185546875e-01
2.058721035718917847e-01,3.634598731994628906e+00,1.180976033210754395e+00
8.730292320251464844e-01,2.053187608718872070e+00,1.155070424079895020e+00
4.795429408550262451e-01,3.406335785984992981e-02,1.287986516952514648e+00
1.011249329894781113e-02,3.461216449737548828e+00,4.889930486679077148e-01
2.110290974378585815e-01,2.065317630767822266e+00,1.127630591392517090e+00
1.296096593141555786e-01,4.878591001033782959e-01,7.535910010337829590e-01
9.038667082786560059e-01,4.902994930744171143e-01,1.003672122955322266e+00
5.388681888580322266e-01,3.676325321197509766e+00,7.657619118690490723e-01
5.358911156654357910e-01,1.302553057670593262e+00,6.017611622810363770e-01
7.665801644325256348e-01,1.856382250785827637e+00,7.571549415588378906e-01
9.090598821640014648e-01,2.151440680027008057e-01,6.159757375717163086e-01
2.173014432191848755e-01,4.897849559783935547e+00,5.810497403144836426e-01
6.123818755149841309e-01,2.647722482681274414e+00,1.402331590652465820e+00
4.881585240364074707e-01,1.973951339721679688e+00,8.198172450065612793e-01
7.330487966537475586e-01,2.887902259826660156e+00,3.971939086914062500e-01
7.576338648796081543e-01,2.598090410232543945e+00,9.610159695148468018e-02
7.988104820251464844e-01,9.196998476982116699e-01,3.535889089107513428e-01
7.375569343566894531e-01,3.621196985244750977e+00,1.151428699493408203e+00
3.243498206138610840e-01,2.731467247009277344e+00,2.604117095470428467e-01
7.211439013481140137e-01,2.703565597534179688e+00,5.625419020652770996e-01
3.335116803646087646e-02,9.711262583732604980e-01,3.105962872505187988e-01
9.051179885864257812e-01,2.332969009876251221e-02,1.363899469375610352e+00
5.598422884941101074e-01,1.075648903846740723e+00,5.037884116172790527e-01
7.819810509681701660e-02,3.990935325622558594e+00,8.238421082496643066e-01
4.196336269378662109e-01,3.388135910034179688e+00,1.191977620124816895e+00
4.569149315357208252e-01,3.595647811889648438e-01,9.447942972183227539e-01
8.543431758880615234e-01,2.415955781936645508e+00,4.126329421997070312e-01
6.538074016571044922e-01,2.382387399673461914e+00,5.144674181938171387e-01
9.297823905944824219e-01,1.438140153884887695e+00,6.231227517127990723e-01
7.873750329017639160e-01,4.475355625152587891e+00,5.176176428794860840e-01
2.916288971900939941e-01,6.564524769783020020e-01,1.127709388732910156e+00
4.736110270023345947e-01,4.525175571441650391e+00,1.092483162879943848e+00
1.340517699718475342e-01,1.971748024225234985e-01,1.229224085807800293e+00
7.403306961059570312e-01,2.588398218154907227e+00,1.088838696479797363e+00
1.239526793360710144e-01,3.815072298049926758e+00,3.353259265422821045e-01
7.903199195861816406e-01,9.815708994865417480e-01,8.769473433494567871e-01
1.331093907356262207e-01,3.207851648330688477e+00,8.549355268478393555e-01
1.360953599214553833e-01,1.256656646728515625e+00,1.484134554862976074e+00
6.817259192466735840e-01,1.225871324539184570e+00,6.360633969306945801e-01
7.254182100296020508e-01,1.974925398826599121e+00,1.722307950258255005e-01
6.945820152759552002e-02,2.445784568786621094e+00,1.251916170120239258e+00
7.141681909561157227e-01,3.842085838317871094e+00,1.955252736806869507e-01
7.975324392318725586e-01,4.629425048828125000e+00,9.828273653984069824e-01
8.943680524826049805e-01,3.187873363494873047e+00,4.773079156875610352e-01
8.776280879974365234e-01,1.080459952354431152e-01,1.342550754547119141e+00
2.345469146966934204e-01,1.303649902343750000e+00,2.244128733873367310e-01
4.272679388523101807e-01,2.322522878646850586e+00,5.761053562164306641e-01
9.345021247863769531e-01,4.918289661407470703e+00,1.265054464340209961e+00
5.049495100975036621e-01,2.534776687622070312e+00,5.128635168075561523e-01
5.866283774375915527e-01,3.228966951370239258e+00,1.216426968574523926e+00
1.308279037475585938e-01,4.008341789245605469e+00,8.885777592658996582e-01
4.808329045772552490e-01,5.421639680862426758e-01,6.474611759185791016e-01
3.731774091720581055e-01,2.180502176284790039e+00,9.343163371086120605e-01
4.879160523414611816e-01,1.337321162223815918e+00,1.222083568572998047e+00
3.303295075893402100e-01,3.319724798202514648e-01,7.276474237442016602e-01
8.331838995218276978e-03,4.506248950958251953e+00,1.222772836685180664e+00
6.838930249214172363e-01,3.225710391998291016e+00,1.133518576622009277e+00
3.711642324924468994e-01,2.787140130996704102e+00,6.322894096374511719e-01
8.621083945035934448e-02,4.715798854827880859e+00,1.201560378074645996e+00
3.661244213581085205e-01,9.730514883995056152e-01,1.345262289047241211e+00
9.549994468688964844e-01,2.496736288070678711e+00,7.239856719970703125e-01
5.740098953247070312e-01,3.651421308517456055e+00,8.162986636161804199e-01
7.485170960426330566e-01,3.643962144851684570e-01,5.575784444808959961e-01
7.087917923927307129e-01,6.924945712089538574e-01,1.274203062057495117e+00
7.337210774421691895e-01,3.989895582199096680e+00,9.020398855209350586e-01
1.267530918121337891e-01,3.750265598297119141e+00,3.390572071075439453e-01
8.299473524093627930e-01,1.178131461143493652e+00,5.073958039283752441e-01
6.698119044303894043e-01,1.447274804115295410e+00,7.993262410163879395e-01
6.484467387199401855e-01,3.444540977478027344e+00,1.017853260040283203e+00
5.059958100318908691e-01,1.465416699647903442e-01,1.464750289916992188e+00
4.468979835510253906e-01,2.440232038497924805e+00,7.608363628387451172e-01
1.983676254749298096e-01,1.210060596466064453e+00,5.575957298278808594e-01
3.507714718580245972e-02,4.388575553894042969e+00,9.801551103591918945e-01
9.454372525215148926e-01,4.521157741546630859e+00,1.412165999412536621e+00
9.599972367286682129e-01,2.390718936920166016e+00,5.646766424179077148e-01
8.960345387458801270e-01,9.774532318115234375e-01,4.033572971820831299e-01
8.298844695091247559e-01,3.517745435237884521e-01,5.582141876220703125e-01
8.087813258171081543e-01,4.337645053863525391e+00,1.071543917059898376e-01
8.890636563301086426e-01,2.803447008132934570e+00,9.777028560638427734e-01
4.061797261238098145e-01,1.521092534065246582e+00,8.126212954521179199e-01
6.974315047264099121e-01,1.354227900505065918e+00,5.298843979835510254e-01
4.307685792446136475e-01,3.125107765197753906e+00,4.970821738243103027e-01
4.698819518089294434e-01,9.309044480323791504e-01,2.856968939304351807e-01
1.780297309160232544e-01,1.336864829063415527e+00,5.106254220008850098e-01
8.911076784133911133e-01,7.059865593910217285e-01,4.477281272411346436e-01
4.650537967681884766e-01,4.250111579895019531e+00,1.021882176399230957e+00
4.463293552398681641e-01,4.027014255523681641e+00,1.030664682388305664e+00
4.879678487777709961e-01,2.445718646049499512e-01,4.547809660434722900e-01
7.509293556213378906e-01,4.097485542297363281e+00,8.682811856269836426e-01
5.792211890220642090e-01,7.939848899841308594e-01,4.681155383586883545e-01
5.254511237144470215e-01,1.730453014373779297e+00,1.298473358154296875e+00
6.485214233398437500e-01,4.307560920715332031e+00,9.289333224296569824e-01
5.660650730133056641e-01,9.915967583656311035e-01,1.125120401382446289e+00
3.859766423702239990e-01,6.239861845970153809e-01,2.427438646554946899e-01
7.139171361923217773e-01,1.166692018508911133e+00,2.403976768255233765e-01
4.453743994235992432e-02,4.133707046508789062e+00,1.152511239051818848e+00
4.749475717544555664e-01,7.727411389350891113e-01,2.527588903903961182e-01
7.231246829032897949e-01,1.197310566902160645e+00,7.086008787155151367e-01
6.176662445068359375e-01,2.438269376754760742e+00,8.224312067031860352e-01
8.503788709640502930e-01,1.931264758110046387e+00,9.821367263793945312e-01
2.990087866783142090e-01,3.354243516921997070e+00,1.344660818576812744e-01
9.268166422843933105e-01,3.167219161987304688e+00,9.472267031669616699e-01
2.047652602195739746e-01,3.823011636734008789e+00,8.208028674125671387e-01
4.714876413345336914e-01,4.593872427940368652e-01,6.842731237411499023e-01
7.359994649887084961e-01,2.216055870056152344e+00,1.348182320594787598e+00
7.991428971290588379e-01,1.566475629806518555e+00,2.247797846794128418e-01
8.521447181701660156e-01,3.668824434280395508e+00,5.906130671501159668e-01
6.895611882209777832e-01,3.124284029006958008e+00,3.337108492851257324e-01
3.970816433429718018e-01,9.826964139938354492e-01,8.339695930480957031e-01
3.437151908874511719e-01,2.890560626983642578e+00,2.010717391967773438e-01
4.516895413398742676e-01,2.148053646087646484e+00,1.467251777648925781e+00
1.284845620393753052e-01,7.309995293617248535e-01,8.528640866279602051e-01
5.351351499557495117e-01,3.378595829010009766e+00,7.814314365386962891e-01
8.182759284973144531e-01,3.840209960937500000e+00,3.736203610897064209e-01
4.000304639339447021e-01,7.870125025510787964e-02,4.336316585540771484e-01
3.262262642383575439e-01,4.888819694519042969e+00,1.168066859245300293e+00
7.379122376441955566e-01,1.796076416969299316e+00,8.508120179176330566e-01
8.532620072364807129e-01,1.950715303421020508e+00,6.329120397567749023e-01
1.329331248998641968e-01,1.911043167114257812e+00,1.090989589691162109e+00
8.170587420463562012e-01,4.529736518859863281e+00,1.094556093215942383e+00
4.192307293415069580e-01,9.131435155868530273e-01,1.130046486854553223e+00
6.468872427940368652e-01,3.733058929443359375e+00,1.425871610641479492e+00
9.815932065248489380e-02,3.063258171081542969e+00,9.381387829780578613e-01
3.670994937419891357e-01,9.461203217506408691e-01,5.193847417831420898e-01
3.939312398433685303e-01,6.947483420372009277e-01,1.106963157653808594e+00
7.002295255661010742e-01,1.477470755577087402e+00,2.142246365547180176e-01
5.589777827262878418e-01,2.608378648757934570e+00,9.514139890670776367e-01
3.421742022037506104e-01,2.760015487670898438e+00,8.389899134635925293e-01
5.011231899261474609e-01,3.951785564422607422e-01,1.039214730262756348e+00
9.460409730672836304e-02,4.822167396545410156e+00,3.508625328540802002e-01
9.022935628890991211e-01,2.938127756118774414e+00,3.685055971145629883e-01
3.855547606945037842e-01,2.952087163925170898e+00,7.546854019165039062e-01
7.824990153312683105e-01,1.910443782806396484e+00,5.174076557159423828e-01
4.851486682891845703e-01,2.526528358459472656e+00,5.139549374580383301e-01
8.452874422073364258e-01,4.766104519367218018e-01,3.725328445434570312e-01
5.067476630210876465e-01,3.364814758300781250e+00,8.602324128150939941e-01
1.935457736253738403e-01,2.682069540023803711e+00,6.682212352752685547e-01
2.235418260097503662e-01,1.888887166976928711e+00,1.404698729515075684e+00
7.843331694602966309e-01,4.907209873199462891e+00,3.931907713413238525e-01
9.026747941970825195e-01,1.140253424644470215e+00,4.488760530948638916e-01
4.434985518455505371e-01,2.214074611663818359e+00,3.830046579241752625e-02
7.658917307853698730e-01,3.844927549362182617e+00,8.533664941787719727e-01
1.512286365032196045e-01,2.088513374328613281e+00,5.372803211212158203e-01
7.462526559829711914e-01,1.804638504981994629e+00,1.461264252662658691e+00
5.704685449600219727e-01,4.221177577972412109e+00,5.360050797462463379e-01
7.501963376998901367e-01,3.559507846832275391e+00,6.385909318923950195e-01
5.709028244018554688e-01,2.292768955230712891e+00,1.300534367561340332e+00
6.877530813217163086e-01,4.073388576507568359e+00,4.737274944782257080e-01
1.982671916484832764e-01,7.621243596076965332e-01,1.350244879722595215e+00
7.241454720497131348e-01,1.285948276519775391e+00,8.304955363273620605e-01
3.406913280487060547e-01,4.137601852416992188e+00,1.273484230041503906e+00
4.033267498016357422e-01,4.598474025726318359e+00,1.094690203666687012e+00
3.676871657371520996e-01,1.867634892463684082e+00,6.073957085609436035e-01
3.724052309989929199e-01,1.808362483978271484e+00,3.441570699214935303e-01
3.100638091564178467e-01,4.602093219757080078e+00,1.304244875907897949e+00
9.367406368255615234e-01,2.613746404647827148e+00,1.340812593698501587e-01
5.061597824096679688e-01,1.767101168632507324e+00,9.455308914184570312e-01
2.596460282802581787e-01,9.572792649269104004e-01,1.014680266380310059e+00
7.245338559150695801e-01,8.137773871421813965e-01,4.910686612129211426e-01
3.934603035449981689e-01,3.697448968887329102e+00,1.222851395606994629e+00
8.198317289352416992e-01,4.809029579162597656e+00,1.224102020263671875e+00
2.824004292488098145e-01,1.999252438545227051e+00,1.262383699417114258e+00
3.173874020576477051e-01,2.040413141250610352e+00,1.391806006431579590e+00
1.438959240913391113e-01,3.706863403320312500e+00,1.069234609603881836e+00
6.982932686805725098e-01,1.083936452865600586e+00,1.446201801300048828e+00
7.702649235725402832e-01,4.215920925140380859e+00,9.214287251234054565e-02
7.553445696830749512e-01,2.458698034286499023e+00,5.373736023902893066e-01
3.707076311111450195e-01,7.624819874763488770e-02,1.381171941757202148e+00
4.245463907718658447e-01,4.945603847503662109e+00,1.212503790855407715e+00
6.239036917686462402e-01,7.640371918678283691e-01,2.045590430498123169e-01
4.961190223693847656e-01,4.018728435039520264e-02,8.828462362289428711e-01
4.970140159130096436e-01,3.524065971374511719e+00,1.236676573753356934e+00
3.385301530361175537e-01,3.689771890640258789e+00,4.152349531650543213e-01
5.367133617401123047e-01,2.332237005233764648e+00,1.057407021522521973e+00
5.908852815628051758e-01,3.122007131576538086e+00,2.051548212766647339e-01
5.672797560691833496e-01,4.421999931335449219e+00,1.198285222053527832e+00
7.864820361137390137e-01,3.751073122024536133e+00,8.631565570831298828e-01
4.571735262870788574e-01,9.143742918968200684e-01,3.464214205741882324e-01
3.024656474590301514e-01,2.249117612838745117e+00,9.774218797683715820e-01
6.684962511062622070e-01,4.119876861572265625e+00,6.601365804672241211e-01
5.145847797393798828e-01,2.128162145614624023e+00,4.631896615028381348e-01
7.400280982255935669e-02,2.364126443862915039e+00,8.055464625358581543e-01
9.987484812736511230e-01,4.692945182323455811e-01,5.482807159423828125e-01
2.128409445285797119e-01,5.283641219139099121e-01,9.755237102508544922e-01
4.221071302890777588e-01,2.713882923126220703e+00,5.451712012290954590e-01
4.223991036415100098e-01,3.256114006042480469e+00,8.053157925605773926e-01
5.793037414550781250e-01,4.656232357025146484e+00,1.311808466911315918e+00
5.358757972717285156e-01,1.709461688995361328e+00,1.458320498466491699e+00
9.186659455299377441e-01,2.143463134765625000e+00,2.223260402679443359e-01
9.922569394111633301e-01,8.310146331787109375e-01,3.357973098754882812e-01
5.829775333404541016e-01,5.565932393074035645e-01,4.836228489875793457e-01
7.929371595382690430e-01,2.629943609237670898e+00,1.288573980331420898e+00
8.914272785186767578e-01,8.659361600875854492e-01,7.100732922554016113e-01
2.230229079723358154e-01,3.417020559310913086e+00,7.255345582962036133e-01
1.833694428205490112e-01,4.680878639221191406e+00,7.252537012100219727e-01
1.267474293708801270e-01,2.660307168960571289e+00,1.332598567008972168e+00
7.153043150901794434e-01,4.502603530883789062e+00,4.057460725307464600e-01
1.993902176618576050e-01,4.977588355541229248e-01,1.358936905860900879e+00
4.216372370719909668e-01,4.817064285278320312e+00,1.402012586593627930e+00
3.137630224227905273e-01,4.958909988403320312e+00,4.666850566864013672e-01
8.977026343345642090e-01,3.496621608734130859e+00,7.806702256202697754e-01
1.094594374299049377e-01,2.754427194595336914e+00,1.458406686782836914e+00
5.566679239273071289e-01,4.847358703613281250e+00,1.261727213859558105e+00
4.815419912338256836e-01,8.401980400085449219e-01,1.203847885131835938e+00
3.685598969459533691e-01,3.729344844818115234e+00,1.418274164199829102e+00
5.220867991447448730e-01,3.409648418426513672e+00,1.008111476898193359e+00
7.308951616287231445e-01,2.812555074691772461e+00,7.336631417274475098e-01
5.338013172149658203e-01,3.234305143356323242e+00,9.330220818519592285e-01
5.854870676994323730e-01,2.606326818466186523e+00,7.255151867866516113e-01
7.686206698417663574e-01,4.181990146636962891e+00,3.336990475654602051e-01
9.280903339385986328e-01,3.166737556457519531e+00,4.847566485404968262e-01
2.221145629882812500e-01,4.158449649810791016e+00,2.814242243766784668e-01
6.660542488098144531e-01,1.358361244201660156e+00,1.071200296282768250e-01
4.769400507211685181e-02,3.118608951568603516e+00,5.965108275413513184e-01
7.182489633560180664e-01,4.836992740631103516e+00,3.110530078411102295e-01
1.239868253469467163e-01,2.267265170812606812e-01,1.849016547203063965e-01
7.526026368141174316e-01,8.464574813842773438e-01,2.092062383890151978e-01
1.043118759989738464e-01,2.469360589981079102e+00,2.237154394388198853e-01
6.134005188941955566e-01,4.950425148010253906e+00,1.394052982330322266e+00
7.740643620491027832e-01,1.790361762046813965e+00,8.086565732955932617e-01
4.527717828750610352e-01,6.056626439094543457e-01,1.364287018775939941e+00
1.638069301843643188e-01,3.291820049285888672e+00,1.236321926116943359e+00
7.320847511291503906e-01,8.821324706077575684e-01,4.847873151302337646e-01
1.758256703615188599e-01,3.953290939331054688e+00,8.646984100341796875e-01
8.710888028144836426e-01,2.130107879638671875e+00,1.824012696743011475e-01
1.063089519739151001e-01,3.950237751007080078e+00,7.523271441459655762e-01
6.227347850799560547e-01,2.223611831665039062e+00,1.209302306175231934e+00
6.153840422630310059e-01,1.946065068244934082e+00,8.738928437232971191e-01
7.456158846616744995e-02,1.831246852874755859e+00,9.129288792610168457e-01
5.131529569625854492e-01,7.018793821334838867e-01,2.701495289802551270e-01
5.290637612342834473e-01,4.963407993316650391e+00,9.607384800910949707e-01
1.849003285169601440e-01,2.269531250000000000e+00,8.386247754096984863e-01
6.683302521705627441e-01,4.404902458190917969e+00,6.173738241195678711e-01
7.652164101600646973e-01,3.860098361968994141e+00,2.943921983242034912e-01
2.314201146364212036e-01,3.670167207717895508e+00,4.040085971355438232e-01
1.147960722446441650e-01,1.069934964179992676e+00,9.639242291450500488e-01
2.699281275272369385e-01,1.553772926330566406e+00,9.941532611846923828e-01
5.387710332870483398e-01,1.150731921195983887e+00,6.018750667572021484e-01
2.307115867733955383e-02,3.420665264129638672e+00,1.180942773818969727e+00
6.221916675567626953e-01,4.785276412963867188e+00,6.267219185829162598e-01
7.495797872543334961e-01,1.802687287330627441e+00,1.075734138488769531e+00
5.875748395919799805e-01,6.059191823005676270e-01,7.489852309226989746e-01
5.060301423072814941e-01,2.034281015396118164e+00,1.301322340965270996e+00
1.892472058534622192e-01,3.796222925186157227e+00,1.773837357759475708e-01
7.820109724998474121e-01,1.273326516151428223e+00,8.167061805725097656e-01
9.237585067749023438e-01,7.294907700270414352e-03,6.661365032196044922e-01
9.465879201889038086e-01,4.638037681579589844e+00,9.600884914398193359e-01
1.879964470863342285e-01,4.287405490875244141e+00,9.270361810922622681e-02
5.193365812301635742e-01,4.418262004852294922e+00,1.373365640640258789e+00
9.502718448638916016e-01,4.352824389934539795e-01,1.310561060905456543e+00
6.699171066284179688e-01,3.934228658676147461e+00,7.141918540000915527e-01
4.638702571392059326e-01,2.412467718124389648e+00,1.369786858558654785e+00
5.838335156440734863e-01,4.853721141815185547e+00,1.075061321258544922e+00
4.798144102096557617e-01,2.611752748489379883e+00,1.450057268142700195e+00
3.591809272766113281e-01,2.468050718307495117e+00,3.209047615528106689e-01
4.436638951301574707e-01,2.979121685028076172e+00,3.283293247222900391e-01
5.919628739356994629e-01,4.502600669860839844e+00,7.744503021240234375e-01
5.008966922760009766e-01,4.427498340606689453e+00,2.594433426856994629e-01
2.884627282619476318e-01,4.234111309051513672e+00,3.182687461376190186e-01
7.516649365425109863e-01,3.658370971679687500e+00,3.121744096279144287e-01
3.594909310340881348e-01,9.988538622856140137e-01,2.487189024686813354e-01
6.807112097740173340e-01,4.016416072845458984e+00,5.453722476959228516e-01
8.430678844451904297e-01,2.342708826065063477e+00,5.546977519989013672e-01
4.791994094848632812e-01,3.160636663436889648e+00,9.023842215538024902e-01
1.366918087005615234e-01,8.372633159160614014e-02,1.150732159614562988e+00
4.313328266143798828e-01,4.576506137847900391e+00,1.460434079170227051e+00
6.234944462776184082e-01,3.655493021011352539e+00,7.072760462760925293e-01
7.167227864265441895e-01,3.395250082015991211e+00,6.426762342453002930e-01
8.563858270645141602e-01,3.641575574874877930e+00,3.584285676479339600e-01
9.770957380533218384e-02,3.850214719772338867e+00,1.811978816986083984e-01
9.646877050399780273e-01,4.620901584625244141e+00,9.744817614555358887e-01
4.959278404712677002e-01,3.651024401187896729e-01,9.032468795776367188e-01
2.074222415685653687e-01,2.831071376800537109e+00,7.979784011840820312e-01
7.251108884811401367e-01,3.416808366775512695e+00,4.005466401576995850e-01
8.925293087959289551e-01,6.212562918663024902e-01,4.132592678070068359e-01
4.576767683029174805e-01,2.632820129394531250e+00,7.753826975822448730e-01
4.544936418533325195e-01,2.770090579986572266e+00,1.113074779510498047e+00
7.462651133537292480e-01,2.678198814392089844e+00,1.428071141242980957e+00
4.547230899333953857e-01,4.061682224273681641e+00,1.474044442176818848e+00
5.474208593368530273e-01,3.249624729156494141e+00,7.764589786529541016e-01
5.643067359924316406e-01,3.700146913528442383e+00,1.089108347892761230e+00
2.830167710781097412e-01,4.558095455169677734e+00,9.403508305549621582e-01
2.175979018211364746e-01,3.671163797378540039e+00,1.043622016906738281e+00
2.451593428850173950e-01,3.684936836361885071e-02,4.101322293281555176e-01
5.637241005897521973e-01,3.153358221054077148e+00,4.332921504974365234e-01
4.336385428905487061e-01,6.083139777183532715e-01,3.360284268856048584e-01
9.358194470405578613e-01,4.953449726104736328e+00,1.152573227882385254e+00
2.777271568775177002e-01,1.403104066848754883e+00,1.210950970649719238e+00
9.521333575248718262e-01,5.127714872360229492e-01,8.202098608016967773e-01
3.477207422256469727e-01,3.181205987930297852e+00,2.159346342086791992e-01
8.288170099258422852e-01,2.373725175857543945e+00,5.433925986289978027e-01
2.260945141315460205e-01,1.742093682289123535e+00,4.488093256950378418e-01
4.918571710586547852e-01,2.120164155960083008e+00,8.243601918220520020e-01
5.104978680610656738e-01,3.920437335968017578e+00,6.435757279396057129e-01
6.328112483024597168e-01,4.696752071380615234e+00,5.339322686195373535e-01
8.176836967468261719e-01,4.862299442291259766e+00,4.831173121929168701e-01
5.651572346687316895e-01,2.914207696914672852e+00,1.324704885482788086e+00
8.676780462265014648e-01,4.351862430572509766e+00,6.926494836807250977e-01
3.427580893039703369e-01,6.445476412773132324e-01,7.700501680374145508e-01
8.528665900230407715e-01,3.314755439758300781e+00,2.313257604837417603e-01
1.327808201313018799e-01,2.883272409439086914e+00,8.303454518318176270e-01
5.826016068458557129e-01,6.582960486412048340e-01,6.989923119544982910e-01
5.703037381172180176e-01,9.808154106140136719e-01,1.094446539878845215e+00
5.696884393692016602e-01,1.152236700057983398e+00,3.009608983993530273e-01
2.450217455625534058e-01,1.381159663200378418e+00,2.073934972286224365e-01
3.388819992542266846e-01,3.681090116500854492e+00,4.327699244022369385e-01
3.337082862854003906e-01,5.405607223510742188e-01,4.872580468654632568e-01
5.414873361587524414e-01,2.716500163078308105e-01,1.693794280290603638e-01
5.626994371414184570e-01,3.607631444931030273e+00,1.035237908363342285e+00
3.048292696475982666e-01,3.817578077316284180e+00,1.799046546220779419e-01
4.938527941703796387e-01,3.156229019165039062e+00,1.398466229438781738e+00
3.174464702606201172e-01,2.914648294448852539e+00,6.266373991966247559e-01
4.156782627105712891e-01,3.525848388671875000e+00,4.625261425971984863e-01
6.138279438018798828e-01,3.500023603439331055e+00,7.541082501411437988e-01
5.945641994476318359e-01,3.067809343338012695e+00,2.496304064989089966e-01
4.022043943405151367e-01,3.269470930099487305e+00,5.097457766532897949e-01
3.066048920154571533e-01,9.360614418983459473e-01,4.520521759986877441e-01
2.257826924324035645e-01,3.099452495574951172e+00,5.944811105728149414e-01
6.321318745613098145e-01,2.308763027191162109e+00,1.372388362884521484e+00
7.594823837280273438e-01,3.848901987075805664e+00,1.454721450805664062e+00
9.236529469490051270e-01,1.677199125289916992e+00,5.107807517051696777e-01
4.636314809322357178e-01,3.259590387344360352e+00,1.267324566841125488e+00
9.571374058723449707e-01,3.064179658889770508e+00,5.069991946220397949e-01
6.236987709999084473e-01,3.925378322601318359e+00,6.267578601837158203e-01
7.976182699203491211e-01,7.157967686653137207e-01,3.446075916290283203e-01
1.989769041538238525e-01,3.542555332183837891e+00,9.795579314231872559e-01
7.864171266555786133e-01,1.438930511474609375e+00,5.306220054626464844e-01
4.423084557056427002e-01,9.126572608947753906e-01,1.247468948364257812e+00
1.464236825704574585e-01,2.425728321075439453e+00,7.555271387100219727e-01
4.537240266799926758e-01,3.439765691757202148e+00,1.030914306640625000e+00
7.790291309356689453e-01,3.699429512023925781e+00,3.989819586277008057e-01
4.072734713554382324e-01,4.069038867950439453e+00,1.020247697830200195e+00
8.915737271308898926e-01,3.460059165954589844e+00,1.193257808685302734e+00
3.063998520374298096e-01,2.818996191024780273e+00,7.874802947044372559e-01
4.076600372791290283e-01,9.688856005668640137e-01,1.092050671577453613e+00
5.713583827018737793e-01,1.883485674858093262e+00,1.076866269111633301e+00
5.460271835327148438e-01,2.561419486999511719e+00,9.760358333587646484e-01
4.772743284702301025e-01,3.697162151336669922e+00,1.115757822990417480e-01
5.902525782585144043e-02,2.624608039855957031e+00,4.332340359687805176e-01
6.331970095634460449e-01,2.900719165802001953e+00,1.117250204086303711e+00
7.933682203292846680e-01,4.605296611785888672e+00,5.413997769355773926e-01
2.582982182502746582e-02,6.701022386550903320e-01,9.102016091346740723e-01
6.201231479644775391e-01,2.631573677062988281e+00,4.826356470584869385e-01
2.655006945133209229e-01,4.270446777343750000e+00,1.117376208305358887e+00
8.095588088035583496e-01,4.252524375915527344e+00,4.965068697929382324e-01
6.245576143264770508e-01,2.257821559906005859e+00,3.186890780925750732e-01
6.204019188880920410e-01,2.783419847488403320e+00,2.026394158601760864e-01
6.815032958984375000e-01,4.480807304382324219e+00,5.377522706985473633e-01
5.193359851837158203e-01,3.386825025081634521e-01,5.061184763908386230e-01
3.683987259864807129e-01,4.458973884582519531e+00,7.413975596427917480e-01
4.508295059204101562e-01,4.216367721557617188e+00,1.614516824483871460e-01
8.224204182624816895e-01,2.889373302459716797e+00,9.274759292602539062e-01
5.797420740127563477e-01,1.645248889923095703e+00,1.001753211021423340e+00
3.822863101959228516e-02,3.231643915176391602e+00,6.921223998069763184e-01
4.098733663558959961e-01,2.379697084426879883e+00,1.004594326019287109e+00
3.558913469314575195e-01,3.182542026042938232e-01,1.393887519836425781e+00
3.043918907642364502e-01,3.736984968185424805e+00,2.352980971336364746e-01
8.754925727844238281e-01,1.772660732269287109e+00,9.462470412254333496e-01
9.333140254020690918e-01,2.527078151702880859e+00,4.692555069923400879e-01
2.936510443687438965e-01,3.808030843734741211e+00,1.411591887474060059e+00
9.549774229526519775e-02,3.713162422180175781e+00,3.777206838130950928e-01
4.297381043434143066e-01,2.125396251678466797e+00,9.836357831954956055e-01
1.298279911279678345e-01,5.394586324691772461e-01,5.630590319633483887e-01
5.713670849800109863e-01,4.147928237915039062e+00,1.120051026344299316e+00
3.343913257122039795e-01,3.290740251541137695e-01,7.438825368881225586e-01
9.563674926757812500e-01,4.021570205688476562e+00,1.230687618255615234e+00
9.621212482452392578e-01,6.949406266212463379e-01,1.203209996223449707e+00
9.029486775398254395e-01,3.084453821182250977e+00,4.359081387519836426e-01
2.624060809612274170e-01,2.867471456527709961e+00,1.098478555679321289e+00
8.504316806793212891e-01,2.567397832870483398e+00,7.339415550231933594e-01
5.369036793708801270e-01,1.061586737632751465e+00,5.918930768966674805e-01
6.076266169548034668e-01,1.252914547920227051e+00,8.883526921272277832e-01
7.516673207283020020e-01,1.488063812255859375e+00,7.698163390159606934e-01
4.527504146099090576e-01,4.909698665142059326e-01,7.446511983871459961e-01
3.172540962696075439e-01,1.485197067260742188e+00,3.447231054306030273e-01
5.482873320579528809e-01,2.528751850128173828e+00,4.102432429790496826e-01
7.708543539047241211e-01,2.295107603073120117e+00,5.129941701889038086e-01
1.220128014683723450e-01,9.472075700759887695e-01,1.972603648900985718e-01
4.298851788043975830e-01,3.834952116012573242e+00,3.204806447029113770e-01
6.491609811782836914e-01,3.771986007690429688e+00,7.345218658447265625e-01
7.241577506065368652e-01,2.123222351074218750e+00,1.477548122406005859e+00
4.338650107383728027e-01,1.790918707847595215e+00,2.418095022439956665e-01
8.805245161056518555e-01,4.215262889862060547e+00,4.769491553306579590e-01
4.315262138843536377e-01,3.635657310485839844e+00,2.396477460861206055e-01
5.975276231765747070e-01,3.022648692131042480e-01,1.230741858482360840e+00
7.396770119667053223e-01,3.799495220184326172e+00,5.367336869239807129e-01
3.538712561130523682e-01,4.635198116302490234e+00,5.471460819244384766e-01
4.090960323810577393e-01,3.165018796920776367e+00,5.477548837661743164e-01
5.116568803787231445e-01,2.175764799118041992e+00,4.195281565189361572e-01
8.455278873443603516e-01,3.892695426940917969e+00,7.963972091674804688e-01
2.336164414882659912e-01,8.092399835586547852e-01,6.981414556503295898e-01
5.928833484649658203e-01,3.674261093139648438e+00,1.054278492927551270e+00
2.244083434343338013e-01,2.124099969863891602e+00,5.940951108932495117e-01
7.984622120857238770e-01,2.452563285827636719e+00,7.824921607971191406e-01
2.157737910747528076e-01,1.757986783981323242e+00,1.047012090682983398e+00
6.244969964027404785e-01,8.639090061187744141e-01,1.175466060638427734e+00
8.016874790191650391e-01,7.619917392730712891e-01,2.826333940029144287e-01
4.505034089088439941e-01,3.867367804050445557e-01,4.967758357524871826e-01
3.689088821411132812e-01,3.195147752761840820e+00,6.934967637062072754e-01
6.558161377906799316e-01,3.379263877868652344e+00,1.124128580093383789e+00
2.718489766120910645e-01,1.495246529579162598e+00,1.278815865516662598e+00
6.829148530960083008e-01,3.808589935302734375e+00,1.395977735519409180e+00
2.274608612060546875e-01,2.786652565002441406e+00,1.064808666706085205e-01
5.623736977577209473e-01,2.782924175262451172e+00,6.322259306907653809e-01
7.891274094581604004e-01,1.256837368011474609e+00,1.239885926246643066e+00
6.879121065139770508e-01,4.869656085968017578e+00,1.362058997154235840e+00
7.735996246337890625e-01,1.785176038742065430e+00,4.267900586128234863e-01
2.853216230869293213e-01,4.501901149749755859e+00,1.175788760185241699e+00
1.712715178728103638e-01,2.764435052871704102e+00,1.224229931831359863e+00
3.955131173133850098e-01,6.438764743506908417e-03,1.294118523597717285e+00
5.530574321746826172e-01,4.584393978118896484e+00,8.093079924583435059e-01
1.507577113807201385e-02,2.324383020401000977e+00,4.573037624359130859e-01
2.146378457546234131e-01,1.243397593498229980e+00,1.184925675392150879e+00
9.600816965103149414e-01,3.479997158050537109e+00,9.216080904006958008e-01
6.779063344001770020e-01,3.886480093002319336e+00,1.359021812677383423e-01
3.006392419338226318e-01,2.087172985076904297e+00,6.607797145843505859e-01
4.165786802768707275e-01,3.648832798004150391e+00,3.597552180290222168e-01
5.199628472328186035e-01,2.857106447219848633e+00,1.404876470565795898e+00
6.044159531593322754e-01,1.601149082183837891e+00,4.038347303867340088e-01
8.709584176540374756e-02,4.311028480529785156e+00,9.099210500717163086e-01
8.689257502555847168e-01,1.231966495513916016e+00,3.188134729862213135e-01
2.961562573909759521e-01,2.923731803894042969e+00,4.759965538978576660e-01
4.498032033443450928e-01,1.297783493995666504e+00,8.692690730094909668e-01
7.363076806068420410e-01,8.727993369102478027e-01,6.986604928970336914e-01
6.741092801094055176e-01,1.967639327049255371e+00,3.893285989761352539e-01
8.811559081077575684e-01,1.470816493034362793e+00,5.100383162498474121e-01
1.934189349412918091e-01,1.353944778442382812e+00,7.457240223884582520e-01
2.841222882270812988e-01,2.000056505203247070e+00,8.004567623138427734e-01
1.391011029481887817e-01,2.439012527465820312e+00,4.375447034835815430e-01
3.761467933654785156e-01,4.159495830535888672e+00,7.985886335372924805e-01
8.806204795837402344e-01,9.234782457351684570e-01,8.424975872039794922e-01
8.809836506843566895e-01,4.241301059722900391e+00,2.392183095216751099e-01
5.987412333488464355e-01,2.491760969161987305e+00,6.737104058265686035e-01
4.459948837757110596e-01,1.456209182739257812e+00,1.235857963562011719e+00
4.618318080902099609e-01,3.643572568893432617e+00,1.330904245376586914e+00
2.056373059749603271e-01,4.011417865753173828e+00,2.176956981420516968e-01
9.292875528335571289e-01,4.813245296478271484e+00,1.239266633987426758e+00
8.109190464019775391e-01,4.047711849212646484e+00,9.617687463760375977e-01
8.534282445907592773e-01,1.721908092498779297e+00,5.466477870941162109e-01
1.383227854967117310e-01,5.222349166870117188e-01,9.707041382789611816e-01
4.130837917327880859e-01,3.800752162933349609e+00,1.118310689926147461e+00
4.619281291961669922e-01,3.097875833511352539e+00,7.050162553787231445e-01
9.767460078001022339e-02,2.071667909622192383e+00,1.063116565346717834e-01
6.155253648757934570e-01,1.712063550949096680e+00,6.994965672492980957e-01
5.535477399826049805e-01,2.234323501586914062e+00,4.671957790851593018e-01
3.165133297443389893e-01,1.831246137619018555e+00,7.346095442771911621e-01
2.213146686553955078e-01,4.997994601726531982e-01,1.456782698631286621e+00
7.594490647315979004e-01,1.841364622116088867e+00,7.226651906967163086e-01
4.613220691680908203e-01,3.182833909988403320e+00,5.177376866340637207e-01
7.265409827232360840e-01,3.803955078125000000e+00,1.070249438285827637e+00
7.947679162025451660e-01,2.252129077911376953e+00,1.413047909736633301e+00
4.032233059406280518e-01,2.962315082550048828e+00,4.913598597049713135e-01
4.567208886146545410e-01,3.268657684326171875e+00,4.750716686248779297e-01
6.193276643753051758e-01,3.593786001205444336e+00,5.453866720199584961e-01
5.572196841239929199e-01,4.225315093994140625e+00,1.300091505050659180e+00
5.471597313880920410e-01,3.967489719390869141e+00,1.112821578979492188e+00
4.270272552967071533e-01,1.737584948539733887e+00,8.776902556419372559e-01
1.179796643555164337e-02,3.577728986740112305e+00,8.252552747726440430e-01
3.071185946464538574e-01,9.687092304229736328e-01,8.779558539390563965e-01
9.146246314048767090e-02,1.360959529876708984e+00,1.051790356636047363e+00
5.882934331893920898e-01,1.531511068344116211e+00,5.381404757499694824e-01
9.446403384208679199e-01,2.616185665130615234e+00,7.668748497962951660e-02
4.973717629909515381e-01,1.072723507881164551e+00,7.224987149238586426e-01
6.038674712181091309e-01,2.352198123931884766e+00,3.501337766647338867e-01
3.295054435729980469e-01,2.815904617309570312e+00,5.084419250488281250e-01
9.263354539871215820e-01,1.672502875328063965e+00,1.247123122215270996e+00
5.613403916358947754e-01,2.965162515640258789e+00,7.415842413902282715e-01
8.840064406394958496e-01,3.628882646560668945e+00,2.531743049621582031e-01
5.677251219749450684e-01,3.944545984268188477e+00,3.468432128429412842e-01
4.840774238109588623e-01,3.851268768310546875e+00,2.775608301162719727e-01
8.863084316253662109e-01,4.993155956268310547e+00,9.168022274971008301e-01
5.716910958290100098e-01,2.656781196594238281e+00,1.151079177856445312e+00
1.463332325220108032e-01,1.178743243217468262e+00,1.408759832382202148e+00
1.137490496039390564e-01,3.606453418731689453e+00,1.147074818611145020e+00
5.647597908973693848e-01,2.347428560256958008e+00,1.284227609634399414e+00
5.283404588699340820e-01,1.376492142677307129e+00,1.120118260383605957e+00
2.911851182579994202e-02,4.259710788726806641e+00,6.287680268287658691e-01
8.523791432380676270e-01,1.500192284584045410e-01,8.594735264778137207e-01
4.915031194686889648e-01,4.626638412475585938e+00,6.362026333808898926e-01
6.554296612739562988e-01,4.740254878997802734e+00,3.893751502037048340e-01
2.487661987543106079e-01,3.686009168624877930e+00,4.690090119838714600e-01
2.792136669158935547e-01,4.479827404022216797e+00,1.401501655578613281e+00
4.016355276107788086e-01,1.957020521163940430e+00,1.209573030471801758e+00
8.505963087081909180e-01,2.517204582691192627e-01,6.592748165130615234e-01
7.418030500411987305e-01,3.246408224105834961e+00,1.393777966499328613e+00
7.221066951751708984e-01,4.139010906219482422e+00,1.440442323684692383e+00
8.878614902496337891e-01,2.136685132980346680e+00,6.018036007881164551e-01
6.347063183784484863e-01,2.239939928054809570e+00,8.411656618118286133e-01
3.563479185104370117e-01,2.077432870864868164e+00,2.864533364772796631e-01
2.352678626775741577e-01,7.302076220512390137e-01,2.030725330114364624e-01
7.969295978546142578e-01,4.655555725097656250e+00,1.080105900764465332e+00
8.410531878471374512e-01,1.911206007003784180e+00,6.239155530929565430e-01
2.828071713447570801e-01,3.273677825927734375e+00,9.364588260650634766e-01
7.685809731483459473e-01,1.281771659851074219e+00,4.081248342990875244e-01
6.639307737350463867e-01,1.027927517890930176e+00,1.867195069789886475e-01
6.845413446426391602e-01,1.111268401145935059e+00,6.807352900505065918e-01
3.046585321426391602e-01,3.912373542785644531e+00,7.366853952407836914e-01
3.614930212497711182e-01,4.253967285156250000e+00,1.070454597473144531e+00
7.512732148170471191e-01,4.415880441665649414e-01,1.521847397089004517e-01
8.079078197479248047e-01,2.115854918956756592e-01,7.137396335601806641e-01
6.658551096916198730e-01,3.652880430221557617e+00,7.426775693893432617e-01
7.503265738487243652e-01,3.726951599121093750e+00,7.846070528030395508e-01
6.494718790054321289e-01,8.639093637466430664e-01,7.199224829673767090e-01
6.989669203758239746e-01,1.117304086685180664e+00,2.964807152748107910e-01
6.217560172080993652e-01,4.539715290069580078e+00,1.171390414237976074e+00
7.655555605888366699e-01,3.113865137100219727e+00,5.189904570579528809e-01
2.547696530818939209e-01,3.621180534362792969e+00,9.210451245307922363e-01
7.901823520660400391e-01,3.721174955368041992e+00,8.296612501144409180e-01
5.768231153488159180e-01,4.090594291687011719e+00,1.230441927909851074e+00
7.823299765586853027e-01,2.610169410705566406e+00,7.761174440383911133e-01
4.688211381435394287e-01,3.389501571655273438e+00,2.314267009496688843e-01
7.450244426727294922e-01,3.256877660751342773e+00,4.130585789680480957e-01
8.311067223548889160e-01,1.722521781921386719e+00,5.643470287322998047e-01
7.962372303009033203e-01,4.173595428466796875e+00,3.647718429565429688e-01
1.193033531308174133e-01,4.333104610443115234e+00,1.030979037284851074e+00
8.233004212379455566e-01,4.879679203033447266e+00,1.188229799270629883e+00
4.581022560596466064e-01,4.246947765350341797e+00,8.340829014778137207e-01
6.603032350540161133e-01,9.607120156288146973e-01,2.238157689571380615e-01
1.826389580965042114e-01,3.798985719680786133e+00,9.412612318992614746e-01
6.119874715805053711e-01,4.863243579864501953e+00,6.070181131362915039e-01
1.708462089300155640e-01,4.310613572597503662e-01,9.837356209754943848e-01
9.933230876922607422e-01,4.825778961181640625e+00,1.091059327125549316e+00
6.480272412300109863e-01,1.415029883384704590e+00,2.975480258464813232e-01
6.991224884986877441e-01,4.299995899200439453e+00,6.146642565727233887e-01
4.637612700462341309e-01,6.231030821800231934e-01,1.300444364547729492e+00
3.809857964515686035e-01,2.848473548889160156e+00,9.980226159095764160e-01
4.951119050383567810e-02,3.831656455993652344e+00,7.289563417434692383e-01
8.923795223236083984e-01,3.229487180709838867e+00,1.004930257797241211e+00
1.914803683757781982e-01,2.259499311447143555e+00,9.605681300163269043e-01
8.687954545021057129e-01,2.936015844345092773e+00,3.867342770099639893e-01
6.186242103576660156e-01,4.485764026641845703e+00,1.243957281112670898e+00
4.801420569419860840e-01,3.185851812362670898e+00,5.406478047370910645e-01
8.244020938873291016e-01,2.908004999160766602e+00,6.205781698226928711e-01
7.392258644104003906e-01,1.403229355812072754e+00,2.947977185249328613e-01
4.237738847732543945e-01,2.983391761779785156e+00,7.670436501502990723e-01
7.099084854125976562e-01,1.833515286445617676e+00,9.142504334449768066e-01
7.552331089973449707e-01,9.785047173500061035e-01,4.597324430942535400e-01
6.384819746017456055e-01,1.878739237785339355e+00,5.290275812149047852e-01
8.371943980455398560e-02,2.901503801345825195e+00,1.220569491386413574e+00
2.465406656265258789e-01,1.606272101402282715e+00,1.363830864429473877e-01
4.778375923633575439e-01,3.439262628555297852e+00,6.886969208717346191e-01
5.392405986785888672e-01,8.371682763099670410e-01,6.667630672454833984e-01
9.672643542289733887e-01,4.325994491577148438e+00,5.658857896924018860e-02
2.853452563285827637e-01,1.284113973379135132e-01,2.645450830459594727e-01
4.418643936514854431e-02,1.390367507934570312e+00,1.423336148262023926e+00
7.727451324462890625e-01,3.755289316177368164e+00,1.042802572250366211e+00
1.527538150548934937e-01,5.027444362640380859e-01,1.219162106513977051e+00
6.506899595260620117e-01,3.674346685409545898e+00,1.002393722534179688e+00
6.652510762214660645e-01,4.344669342041015625e+00,1.341866135597229004e+00
8.011236786842346191e-01,8.852307200431823730e-01,3.692171573638916016e-01
4.018690586090087891e-01,3.057137250900268555e+00,3.972412943840026855e-01
9.842389225959777832e-01,4.310038566589355469e+00,8.983386158943176270e-01
8.451038599014282227e-01,4.775599956512451172e+00,6.696410775184631348e-01
3.239971697330474854e-01,2.226836442947387695e+00,7.296644449234008789e-01
4.761102423071861267e-02,2.002883672714233398e+00,3.152805864810943604e-01
9.616269469261169434e-01,4.509694099426269531e+00,3.213027417659759521e-01
9.119217395782470703e-01,1.630650520324707031e+00,1.191623210906982422e+00
6.058742403984069824e-01,4.507723808288574219e+00,1.019703507423400879e+00
7.858195304870605469e-01,4.711966991424560547e+00,3.142312467098236084e-01
5.062226653099060059e-01,1.578014343976974487e-01,1.014934182167053223e+00
8.650192022323608398e-01,4.449013233184814453e+00,9.671601653099060059e-01
3.402914702892303467e-01,4.597033500671386719e+00,2.548632919788360596e-01
8.631479144096374512e-01,2.987971305847167969e+00,3.893262147903442383e-01
8.641451001167297363e-01,4.717747569084167480e-01,2.944767475128173828e-01
6.027148962020874023e-01,1.393459558486938477e+00,9.028556346893310547e-01
4.609389305114746094e-01,3.368801355361938477e+00,9.350222945213317871e-01
3.393101990222930908e-01,1.968176007270812988e+00,8.810975551605224609e-01
4.412365555763244629e-01,2.726276159286499023e+00,9.313752055168151855e-01
3.800497353076934814e-01,4.856956005096435547e+00,8.892577886581420898e-01
2.499718368053436279e-01,1.695999383926391602e+00,6.011019945144653320e-01
4.321680963039398193e-01,4.013988494873046875e+00,4.431310296058654785e-01
3.544222414493560791e-01,1.286134839057922363e+00,1.142128825187683105e+00
8.827921748161315918e-01,2.317318677902221680e+00,1.140712141990661621e+00
6.165966987609863281e-01,3.691756725311279297e-01,5.157496929168701172e-01
7.660097479820251465e-01,4.412449836730957031e+00,1.231771111488342285e+00
5.753842592239379883e-01,3.219706937670707703e-02,1.017255306243896484e+00
3.857859969139099121e-01,3.950025141239166260e-01,6.467790603637695312e-01
6.903830170631408691e-01,2.733440160751342773e+00,1.120209455490112305e+00
4.228672087192535400e-01,1.027650833129882812e+00,3.533445596694946289e-01
4.449942708015441895e-01,1.784603476524353027e+00,5.788972973823547363e-01
4.163859188556671143e-01,1.531121134757995605e+00,9.430010914802551270e-01
9.335830807685852051e-01,3.899335384368896484e+00,4.155986905097961426e-01
3.040475547313690186e-01,2.040253162384033203e+00,1.225780487060546875e+00
4.789347946643829346e-01,1.322540283203125000e+00,5.688291788101196289e-01
6.448082625865936279e-02,1.265643358230590820e+00,4.983625113964080811e-01
3.333565890789031982e-01,1.215982198715209961e+00,3.168668746948242188e-01
9.554288983345031738e-01,4.460585117340087891e+00,3.530771732330322266e-01
2.682677507400512695e-01,2.685750722885131836e+00,2.927266955375671387e-01
1.282737404108047485e-01,1.010742306709289551e+00,1.310071825981140137e+00
4.615564644336700439e-01,3.250685214996337891e+00,7.202378511428833008e-01
7.198579907417297363e-01,8.808500170707702637e-01,4.546220004558563232e-01
8.596631884574890137e-01,4.303904533386230469e+00,7.484732866287231445e-01
1.091294437646865845e-01,2.057867765426635742e+00,1.761878728866577148e-01
5.927348136901855469e-01,2.701831340789794922e+00,1.277483224868774414e+00
6.172692179679870605e-01,2.350595474243164062e+00,1.424144148826599121e+00
4.864705204963684082e-01,1.123490810394287109e+00,4.646431803703308105e-01
6.857117414474487305e-01,3.851969718933105469e+00,7.202284336090087891e-01
1.887802481651306152e-01,1.901900887489318848e+00,6.541863679885864258e-01
3.278844058513641357e-01,2.111384391784667969e+00,8.819358348846435547e-01
8.700642585754394531e-01,1.884126663208007812e+00,7.366730570793151855e-01
8.905786275863647461e-01,4.044532775878906250e+00,4.450715780258178711e-01
3.440967798233032227e-01,2.571526050567626953e+00,5.138200521469116211e-01
9.580279588699340820e-01,6.570935845375061035e-01,5.180010199546813965e-01
1.691180914640426636e-01,1.471904963254928589e-01,8.128569126129150391e-01
8.299924135208129883e-01,3.564818382263183594e+00,1.116503953933715820e+00
8.973634839057922363e-01,1.792954683303833008e+00,4.040796458721160889e-01
2.999972105026245117e-01,3.169163942337036133e+00,9.239783883094787598e-01
3.134218454360961914e-01,3.943589210510253906e+00,1.015166282653808594e+00
5.285085439682006836e-01,4.240814208984375000e+00,7.299625128507614136e-02
7.856096625328063965e-01,4.249508380889892578e+00,5.131409764289855957e-01
5.238538980484008789e-02,1.796556353569030762e+00,8.964117169380187988e-01
6.258369684219360352e-01,3.090414285659790039e+00,8.119415640830993652e-01
8.783701062202453613e-01,1.527332901954650879e+00,6.088495254516601562e-01
1.240981817245483398e-01,1.410550594329833984e+00,9.806485176086425781e-01
7.167971134185791016e-01,2.547941684722900391e+00,1.084209203720092773e+00
5.728457570075988770e-01,2.804861545562744141e+00,1.418706774711608887e+00
1.655049026012420654e-01,3.906134366989135742e+00,1.006973624229431152e+00
6.637946963310241699e-01,9.636813998222351074e-01,1.390061616897583008e+00
9.995958209037780762e-01,1.673335790634155273e+00,9.971597790718078613e-01
6.148832440376281738e-01,2.788486480712890625e+00,2.589849233627319336e-01
2.756325006484985352e-01,5.182172060012817383e-01,9.613845944404602051e-01
5.956847667694091797e-01,3.280845165252685547e+00,7.634411454200744629e-01
6.088961958885192871e-01,4.340288162231445312e+00,8.124878406524658203e-01
3.058054447174072266e-01,2.974905729293823242e+00,9.308776259422302246e-01
7.701202034950256348e-01,2.559696197509765625e+00,5.009756088256835938e-01
1.266786158084869385e-01,5.077794194221496582e-01,1.040544152259826660e+00
9.542345404624938965e-01,2.293326377868652344e+00,2.064643613994121552e-02
6.912069320678710938e-01,1.632683753967285156e+00,4.907888174057006836e-01
2.840762436389923096e-01,2.520231246948242188e+00,1.188064217567443848e+00
5.929757356643676758e-01,4.263116359710693359e+00,8.642036914825439453e-01
6.912199407815933228e-02,3.792276620864868164e+00,9.754679799079895020e-01
7.109086513519287109e-01,3.457459926605224609e+00,7.012184262275695801e-01
2.689161598682403564e-01,7.305628061294555664e-01,5.169751048088073730e-01
8.154195547103881836e-01,3.844704866409301758e+00,7.938849925994873047e-01
9.382354617118835449e-01,3.164380311965942383e+00,1.016201257705688477e+00
3.817331194877624512e-01,2.720798492431640625e+00,1.224183961749076843e-01
5.866233706474304199e-01,2.450352430343627930e+00,1.112440228462219238e+00
5.520095825195312500e-01,1.954309940338134766e+00,8.849524855613708496e-01
4.500620961189270020e-01,1.147133350372314453e+00,1.094988703727722168e+00
4.982007741928100586e-01,4.501259803771972656e+00,1.394269943237304688e+00
8.409571647644042969e-01,9.374558329582214355e-01,7.494750022888183594e-01
7.960553765296936035e-01,4.481670379638671875e+00,4.538537859916687012e-01
4.642866551876068115e-01,1.031063914299011230e+00,1.292685389518737793e+00
1.075189709663391113e-01,2.924129962921142578e+00,1.190632820129394531e+00
3.294379636645317078e-02,3.056731939315795898e+00,8.146418929100036621e-01
8.755673766136169434e-01,3.403411626815795898e+00,7.242056131362915039e-01
4.635531455278396606e-02,2.359853088855743408e-01,6.057754158973693848e-01
4.381813108921051025e-01,4.329337120056152344e+00,1.361083388328552246e+00
1.917643249034881592e-01,4.659857749938964844e+00,5.997771620750427246e-01
8.712444901466369629e-01,3.542193174362182617e+00,3.670661896467208862e-02
5.018298625946044922e-01,7.146047353744506836e-01,9.345971941947937012e-01
