omega,lambda_p,pi_bar
5.537555366754531860e-02,3.763995885848999023e+00,2.118843421339988708e-02
7.255769520998001099e-02,3.453877754509449005e-03,1.728822663426399231e-02
1.065352037549018860e-01,1.238895773887634277e+00,9.186962619423866272e-03
6.269810348749160767e-02,1.987878680229187012e+00,1.538279652595520020e-02
6.366848200559616089e-02,1.259678959846496582e+00,1.229435205459594727e-02
6.031285226345062256e-02,2.382541418075561523e+00,2.001639455556869507e-02
5.888552218675613403e-02,3.704021930694580078e+00,2.305597439408302307e-02
5.657165497541427612e-02,2.519877910614013672e+00,2.131805010139942169e-02
5.087861418724060059e-02,1.244038462638854980e+00,1.058521028608083725e-02
4.727034643292427063e-02,1.261093378067016602e+00,2.116907387971878052e-02
6.841427087783813477e-02,1.137799143791198730e+00,2.152738347649574280e-02
7.588448375463485718e-02,1.203045487403869629e+00,1.900321803987026215e-02
7.906392216682434082e-02,1.174442246556282043e-01,1.771962828934192657e-02
5.120652914047241211e-02,4.962263584136962891e+00,2.545751072466373444e-02
5.417704209685325623e-02,2.590613842010498047e+00,2.094830013811588287e-02
6.962610781192779541e-02,3.880696296691894531e+00,2.434137649834156036e-02
2.506358325481414795e-01,1.172075152397155762e+00,2.272292412817478180e-02
9.042043983936309814e-02,2.870671637356281281e-02,1.761237345635890961e-02
6.008117645978927612e-02,4.552987575531005859e+00,2.458477020263671875e-02
7.787191867828369141e-02,1.105096340179443359e+00,1.771936938166618347e-02
7.861767709255218506e-02,1.249376177787780762e+00,1.679005101323127747e-02
9.459335356950759888e-02,1.104149222373962402e+00,1.758204028010368347e-02
6.181686744093894958e-02,1.223791599273681641e+00,1.841720007359981537e-02
5.824708193540573120e-02,2.597905635833740234e+00,1.667565293610095978e-02
3.614722937345504761e-02,1.272829174995422363e+00,1.964954286813735962e-02
8.924257755279541016e-02,2.947920560836791992e+00,2.553567476570606232e-02
5.291458219289779663e-02,4.277676582336425781e+00,1.409796345978975296e-02
5.862393602728843689e-02,1.175147175788879395e+00,2.381224557757377625e-02
3.844426199793815613e-02,2.446564435958862305e+00,2.332887426018714905e-02
5.794353783130645752e-02,4.030252456665039062e+00,2.276454307138919830e-02
5.258095636963844299e-02,1.265544891357421875e+00,2.431171573698520660e-02
7.605953514575958252e-02,2.718374490737915039e+00,1.604154519736766815e-02
7.082726806402206421e-02,3.679804325103759766e+00,2.490850165486335754e-02
5.909943953156471252e-02,4.375556945800781250e+00,2.320992015302181244e-02
5.432866141200065613e-02,1.211935758590698242e+00,1.923434436321258545e-02
6.520440429449081421e-02,1.344401121139526367e+00,2.145532891154289246e-02
6.201157718896865845e-02,1.246954798698425293e+00,1.625263877213001251e-02
5.702850222587585449e-02,1.076003551483154297e+00,2.228407002985477448e-02
6.684159487485885620e-02,1.160158038139343262e+00,2.068766951560974121e-02
8.715736120939254761e-02,3.966322660446166992e+00,2.113977633416652679e-02
1.118757948279380798e-01,1.077188014984130859e+00,1.995531283318996429e-02
7.048138976097106934e-02,1.240663170814514160e+00,2.091625891625881195e-02
3.991306945681571960e-02,1.360997676849365234e+00,1.978692598640918732e-02
4.522959887981414795e-02,1.245155572891235352e+00,1.544739818200469017e-03
4.899956658482551575e-02,1.870083855465054512e-03,2.031331323087215424e-02
5.433778092265129089e-02,2.936700582504272461e+00,2.292397618293762207e-02
6.959096342325210571e-02,1.321412205696105957e+00,2.096512354910373688e-02
6.694075465202331543e-02,1.385690689086914062e+00,2.090104110538959503e-02
4.473399370908737183e-02,1.125818848609924316e+00,2.333498187363147736e-02
1.451450288295745850e-01,1.170571744441986084e-01,1.792202517390251160e-02
6.395106762647628784e-02,2.429590940475463867e+00,6.976434495300054550e-03
4.367791116237640381e-02,1.235322475433349609e+00,2.091853693127632141e-02
7.041602581739425659e-02,1.227980375289916992e+00,9.306330233812332153e-03
7.572487741708755493e-02,1.293486595153808594e+00,2.446581609547138214e-02
5.296989157795906067e-02,3.901920318603515625e+00,2.167139202356338501e-02
5.479765683412551880e-02,2.400207996368408203e+00,2.273524366319179535e-02
6.121869757771492004e-02,1.186894416809082031e+00,1.335975807160139084e-02
1.196785196661949158e-01,4.527276992797851562e+00,2.514692768454551697e-02
5.354524403810501099e-02,1.309993982315063477e+00,1.861742138862609863e-02
6.972165405750274658e-02,1.070065855979919434e+00,2.161993831396102905e-02
7.138595730066299438e-02,4.323923960328102112e-02,1.982745714485645294e-02
6.452249735593795776e-02,1.423967242240905762e+00,2.258388698101043701e-02
8.154069632291793823e-02,1.262272238731384277e+00,2.200780622661113739e-02
6.115337088704109192e-02,3.989333152770996094e+00,1.466286368668079376e-02
6.404331326484680176e-02,4.818843364715576172e+00,2.430778183043003082e-02
6.860654056072235107e-02,1.179234385490417480e+00,2.084689587354660034e-02
2.056537270545959473e-01,1.262631773948669434e+00,6.248322781175374985e-03
8.504040539264678955e-02,9.527006149291992188e-01,1.788775809109210968e-02
8.890137821435928345e-02,1.289977788925170898e+00,1.877488754689693451e-02
1.222091987729072571e-01,4.025450706481933594e+00,2.143493480980396271e-02
6.088063120841979980e-02,3.728767395019531250e+00,2.202338725328445435e-02
5.509452149271965027e-02,3.868119239807128906e+00,1.894767582416534424e-02
9.186704456806182861e-02,3.788656711578369141e+00,2.409109659492969513e-02
5.869194865226745605e-02,4.212424755096435547e+00,1.446393504738807678e-02
4.268691316246986389e-02,3.812584877014160156e+00,2.526815794408321381e-02
6.527176499366760254e-02,1.146436333656311035e+00,2.154223993420600891e-02
5.300799384713172913e-02,2.499025583267211914e+00,1.605748757719993591e-02
5.761528015136718750e-02,3.625033855438232422e+00,2.453031390905380249e-02
5.815862491726875305e-02,1.582349464297294617e-02,2.082122117280960083e-02
5.966825038194656372e-02,4.770121574401855469e+00,2.215207181870937347e-02
3.346211463212966919e-02,4.743532657623291016e+00,1.724697090685367584e-02
3.603460639715194702e-02,3.540885448455810547e+00,2.145258523523807526e-02
1.200171411037445068e-01,7.876980304718017578e-02,2.438910305500030518e-03
6.055926159024238586e-02,3.900820970535278320e+00,2.581333555281162262e-02
6.645148247480392456e-02,1.211197733879089355e+00,4.849661141633987427e-03
5.718435347080230713e-02,1.190197348594665527e+00,1.822639815509319305e-02
6.008747592568397522e-02,1.163849353790283203e+00,2.193569764494895935e-02
4.326374456286430359e-02,4.897934436798095703e+00,2.369862236082553864e-02
4.236385226249694824e-02,1.212535262107849121e+00,2.032884210348129272e-02
6.186605244874954224e-02,1.219156980514526367e+00,1.568385586142539978e-02
4.617571085691452026e-02,4.003203868865966797e+00,2.649113349616527557e-02
5.897921323776245117e-02,3.647344350814819336e+00,2.439241483807563782e-02
2.156772166490554810e-01,4.493428230285644531e+00,1.308354549109935760e-02
6.419003754854202271e-02,1.394062876701354980e+00,2.277779392898082733e-02
5.958533287048339844e-02,2.919602155685424805e+00,2.493500523269176483e-02
4.044322669506072998e-02,6.733871698379516602e-01,1.075235567986965179e-02
4.906730353832244873e-02,2.515307188034057617e+00,1.952965743839740753e-02
8.197176456451416016e-02,4.812020301818847656e+00,2.698397822678089142e-02
2.332930713891983032e-01,4.119715690612792969e+00,2.328125014901161194e-02
6.989680975675582886e-02,4.722949028015136719e+00,2.485606446862220764e-02
3.607405349612236023e-02,3.360914468765258789e+00,2.256799489259719849e-02
7.036742568016052246e-02,1.261930704116821289e+00,1.972791366279125214e-02
6.954067945480346680e-02,1.213744044303894043e+00,2.315168455243110657e-02
3.476491943001747131e-02,3.940068006515502930e+00,2.253160439431667328e-02
4.016288369894027710e-02,3.918488025665283203e+00,2.264879830181598663e-02
6.885239481925964355e-02,1.218589067459106445e+00,2.191923744976520538e-02
4.391633346676826477e-02,1.251330137252807617e+00,1.708893664181232452e-02
4.547452554106712341e-02,1.256148815155029297e+00,2.329434640705585480e-02
5.785005539655685425e-02,4.242281913757324219e+00,1.616784930229187012e-02
6.219816580414772034e-02,4.735913276672363281e+00,2.490467205643653870e-02
5.533204972743988037e-02,3.878805398941040039e+00,2.252342551946640015e-02
2.215820848941802979e-01,1.056605219841003418e+00,1.835860311985015869e-02
6.915721297264099121e-02,5.079093575477600098e-02,2.301746234297752380e-02
7.441729307174682617e-02,2.368371486663818359e+00,2.570929005742073059e-02
7.257569581270217896e-02,3.595602512359619141e-01,2.322296425700187683e-02
7.719499617815017700e-02,7.868588902056217194e-03,7.262171711772680283e-03
6.989030539989471436e-02,1.155817031860351562e+00,1.153383590281009674e-02
6.710372865200042725e-02,3.957001209259033203e+00,2.293484658002853394e-02
5.912704020738601685e-02,3.915329694747924805e+00,2.569873072206974030e-02
6.975342333316802979e-02,1.368770480155944824e+00,1.983076892793178558e-02
5.386689305305480957e-02,3.311452150344848633e+00,2.218975499272346497e-02
6.158808618783950806e-02,9.242349267005920410e-01,1.670329459011554718e-02
6.319959461688995361e-02,1.403330683708190918e+00,1.872498728334903717e-02
5.310960114002227783e-02,4.250705242156982422e+00,1.574824936687946320e-02
5.221033096313476562e-02,1.221760749816894531e+00,1.557639334350824356e-02
5.528929829597473145e-02,2.540301799774169922e+00,1.817753165960311890e-02
2.890731953084468842e-02,2.762673377990722656e+00,1.537705026566982269e-02
6.758157163858413696e-02,3.971190690994262695e+00,1.677493564784526825e-02
2.160927951335906982e-01,4.260263442993164062e+00,2.446033060550689697e-02
5.778087303042411804e-02,3.863605260848999023e+00,2.482661232352256775e-02
7.030636817216873169e-02,1.301221013069152832e+00,2.427190914750099182e-02
9.605806320905685425e-02,4.045514583587646484e+00,2.248242869973182678e-02
4.441410303115844727e-02,3.969296932220458984e+00,2.160927467048168182e-02
5.622450262308120728e-02,2.814249515533447266e+00,2.437388338148593903e-02
5.494951456785202026e-02,4.553617954254150391e+00,2.084741368889808655e-02
5.892933905124664307e-02,1.219099044799804688e+00,1.119804382324218750e-02
6.459405273199081421e-02,9.398159980773925781e-01,1.836533099412918091e-02
8.628173172473907471e-02,4.720443487167358398e-01,1.799211278557777405e-02
1.580827981233596802e-01,4.020740032196044922e+00,2.369391359388828278e-02
7.775664329528808594e-02,7.024214416742324829e-02,1.943311840295791626e-02
6.157293915748596191e-02,2.427051305770874023e+00,1.933652721345424652e-02
3.825746849179267883e-02,3.386008024215698242e+00,2.122963778674602509e-02
7.193880528211593628e-02,4.129876136779785156e+00,2.458839304745197296e-02
2.437255680561065674e-01,4.368889808654785156e+00,1.176066603511571884e-02
6.394480168819427490e-02,3.754671096801757812e+00,2.408907935023307800e-02
4.990087077021598816e-02,3.967838525772094727e+00,2.615601383149623871e-02
5.976310744881629944e-02,1.356307744979858398e+00,1.821164414286613464e-02
6.326010078191757202e-02,1.238860130310058594e+00,1.421903911978006363e-02
4.931154474616050720e-02,3.293255567550659180e+00,2.437015622854232788e-02
9.567828476428985596e-02,1.135240674018859863e+00,1.996421627700328827e-02
8.062876015901565552e-02,1.301569461822509766e+00,2.378170378506183624e-02
5.701872706413269043e-02,1.249148845672607422e+00,1.879549026489257812e-02
6.204792484641075134e-02,3.063582420349121094e+00,8.946363814175128937e-03
6.972802430391311646e-02,1.263468146324157715e+00,1.819357834756374359e-02
5.714800581336021423e-02,3.713044166564941406e+00,1.893157698214054108e-02
4.019258543848991394e-02,4.062916278839111328e+00,2.307859435677528381e-02
1.370580494403839111e-01,4.159017562866210938e+00,2.263663336634635925e-02
4.724487662315368652e-02,4.699610710144042969e+00,2.406112663447856903e-02
5.835715308785438538e-02,4.467717647552490234e+00,1.632738485932350159e-02
5.600108951330184937e-02,3.709019422531127930e+00,1.076674647629261017e-02
4.967425391077995300e-02,1.248617291450500488e+00,1.904737390577793121e-02
6.061646342277526855e-02,9.930891394615173340e-01,1.939978264272212982e-02
7.608779519796371460e-02,2.436769485473632812e+00,1.988191157579421997e-02
5.409732833504676819e-02,3.950835943222045898e+00,2.297822386026382446e-02
6.241066753864288330e-02,2.375670433044433594e+00,2.346760034561157227e-02
4.117697477340698242e-02,4.133780002593994141e+00,1.934687979519367218e-02
4.167808592319488525e-02,3.802531719207763672e+00,1.255006622523069382e-02
8.009887486696243286e-02,1.216249346733093262e+00,2.314800955355167389e-02
5.214500054717063904e-02,1.247640013694763184e+00,1.944290101528167725e-02
6.710717082023620605e-02,4.530838489532470703e+00,2.098676189780235291e-02
5.240324884653091431e-02,3.979468584060668945e+00,1.763789355754852295e-02
1.023123115301132202e-01,4.984248161315917969e+00,2.663348428905010223e-02
4.456799104809761047e-02,2.939178705215454102e+00,2.444293722510337830e-02
4.827793315052986145e-02,3.924769639968872070e+00,2.287997677922248840e-02
6.103951111435890198e-02,1.138173103332519531e+00,2.206800691783428192e-02
7.740023732185363770e-02,1.231416225433349609e+00,2.367465570569038391e-02
6.401942670345306396e-02,3.945225000381469727e+00,2.191892638802528381e-02
6.593922525644302368e-02,1.239869832992553711e+00,1.000700704753398895e-02
4.403239488601684570e-02,2.702978610992431641e+00,2.354115806519985199e-02
6.397247314453125000e-02,3.327743053436279297e+00,2.571943588554859161e-02
5.345007404685020447e-02,3.111063718795776367e+00,2.188885211944580078e-02
3.947763144969940186e-02,3.811698853969573975e-01,1.765626855194568634e-02
5.542064458131790161e-02,3.837404489517211914e+00,2.658234164118766785e-02
5.349781364202499390e-02,1.216013312339782715e+00,2.301746234297752380e-02
5.347520112991333008e-02,4.035531997680664062e+00,2.316623181104660034e-02
4.070994257926940918e-02,4.477965831756591797e+00,1.675899326801300049e-02
2.384122610092163086e-01,3.622802257537841797e+00,4.831543657928705215e-03
4.086775332689285278e-02,3.578489780426025391e+00,1.289854105561971664e-02
6.772650778293609619e-02,4.909349918365478516e+00,2.679229527711868286e-02
6.306219100952148438e-02,4.336452007293701172e+00,1.642718538641929626e-02
5.809315666556358337e-02,2.530517578125000000e+00,1.761247776448726654e-02
8.532253652811050415e-02,1.253783822059631348e+00,2.189242467284202576e-02
7.340351492166519165e-02,5.258993506431579590e-01,1.914660446345806122e-02
2.989456057548522949e-01,3.517985105514526367e+00,2.188305370509624481e-02
6.291680037975311279e-02,4.763752937316894531e+00,1.695300452411174774e-02
8.014609664678573608e-02,1.299738287925720215e+00,1.727456226944923401e-02
7.681741565465927124e-02,3.677128553390502930e+00,2.226859144866466522e-02
1.751124560832977295e-01,4.565684318542480469e+00,2.135117910802364349e-02
8.738362789154052734e-02,1.594743013381958008e+00,1.226836629211902618e-02
9.715985506772994995e-02,4.249840259552001953e+00,1.705911941826343536e-02
2.234972715377807617e-01,4.516532421112060547e+00,1.900378800928592682e-02
1.891141533851623535e-01,9.081010818481445312e-01,1.923636347055435181e-02
4.061876609921455383e-02,1.279843807220458984e+00,1.932099834084510803e-02
7.360028475522994995e-02,1.581999063491821289e+00,7.055219262838363647e-03
7.020359486341476440e-02,2.434771537780761719e+00,2.155419811606407166e-02
2.480578720569610596e-01,4.215027809143066406e+00,2.261856757104396820e-02
6.973907351493835449e-02,1.131667375564575195e+00,2.389501594007015228e-02
3.996039554476737976e-02,2.773503541946411133e+00,2.376881428062915802e-02
3.875124827027320862e-02,2.687520503997802734e+00,2.316700667142868042e-02
6.726577132940292358e-02,1.077896714210510254e+00,1.942079886794090271e-02
7.362630963325500488e-02,4.394677639007568359e+00,2.608281932771205902e-02
5.734364688396453857e-02,3.543431282043457031e+00,2.145817689597606659e-02
6.014564260840415955e-02,1.183944940567016602e+00,2.152334712445735931e-02
6.348223984241485596e-02,4.031518936157226562e+00,2.150554023683071136e-02
5.744680017232894897e-02,2.954961776733398438e+00,1.352881919592618942e-02
2.378174364566802979e-01,3.808747291564941406e+00,2.009093388915061951e-02
6.294839829206466675e-02,4.312669754028320312e+00,1.450519077479839325e-02
5.811043456196784973e-02,3.996881484985351562e+00,2.188497036695480347e-02
6.860867142677307129e-02,8.936545252799987793e-01,1.747623458504676819e-02
7.191085070371627808e-02,4.974327564239501953e+00,1.486919447779655457e-02
6.447482109069824219e-02,1.211368918418884277e+00,1.616039499640464783e-02
4.567185044288635254e-02,3.261697530746459961e+00,1.226080954074859619e-02
5.680260807275772095e-02,3.859449386596679688e+00,2.211713045835494995e-02
6.383276730775833130e-02,1.252579450607299805e+00,1.927239075303077698e-02
5.664755031466484070e-02,3.798881292343139648e+00,1.866142079234123230e-02
6.765174865722656250e-02,1.222958087921142578e+00,1.383080962114036083e-03
6.031460687518119812e-02,1.198862791061401367e+00,1.916156522929668427e-02
6.370424479246139526e-02,4.076919078826904297e+00,9.984230622649192810e-03
8.055379241704940796e-02,8.762707933783531189e-03,2.202587202191352844e-02
2.393350005149841309e-01,2.899938821792602539e+00,2.381959557533264160e-02
6.017930433154106140e-02,1.229705810546875000e+00,4.844484385102987289e-03
4.642645642161369324e-02,1.329361200332641602e+00,2.009497210383415222e-02
5.785267055034637451e-02,2.602503776550292969e+00,2.221543155610561371e-02
6.661064177751541138e-02,4.045789718627929688e+00,2.484069205820560455e-02
8.189180493354797363e-02,4.806324958801269531e+00,2.535087615251541138e-02
1.417901068925857544e-01,4.611833572387695312e+00,1.135054044425487518e-02
1.178097650408744812e-01,1.146152973175048828e+00,1.649530790746212006e-02
3.795451298356056213e-02,2.952540636062622070e+00,2.254263125360012054e-02
6.683643162250518799e-02,2.351524829864501953e+00,2.005221508443355560e-02
8.611992746591567993e-02,4.048163414001464844e+00,2.185489423573017120e-02
5.127922073006629944e-02,1.149011373519897461e+00,2.169183827936649323e-02
5.655561760067939758e-02,3.939145565032958984e+00,1.563633605837821960e-02
7.007014751434326172e-02,9.305714964866638184e-01,2.072763070464134216e-02
3.678191825747489929e-02,3.804093837738037109e+00,2.239298075437545776e-02
9.886687994003295898e-02,4.328872203826904297e+00,6.737543735653162003e-03
3.750465437769889832e-02,3.966722965240478516e+00,2.159933559596538544e-02
6.906999647617340088e-02,4.417932510375976562e+00,2.436948381364345551e-02
4.545332118868827820e-02,3.872571468353271484e+00,2.363262511789798737e-02
5.861002951860427856e-02,4.329797267913818359e+00,2.250686101615428925e-02
5.987366288900375366e-02,1.261540532112121582e+00,1.365036051720380783e-02
5.189484357833862305e-02,2.466345787048339844e+00,2.174220420420169830e-02
3.668812662363052368e-02,2.560173749923706055e+00,2.205682545900344849e-02
6.635986268520355225e-02,4.697232246398925781e+00,2.502460777759552002e-02
5.778737738728523254e-02,4.630154132843017578e+00,2.283054217696189880e-02
6.401291489601135254e-02,1.258655905723571777e+00,2.071153186261653900e-02
6.309878081083297729e-02,2.446409702301025391e+00,2.228003181517124176e-02
5.271660163998603821e-02,3.947271108627319336e+00,2.134382911026477814e-02
2.279561609029769897e-01,4.187455654144287109e+00,2.592633664608001709e-02
5.832242593169212341e-02,1.265360832214355469e+00,1.567955873906612396e-02
4.072505235671997070e-02,2.895972490310668945e+00,2.234856784343719482e-02
7.115421444177627563e-02,7.538514733314514160e-01,1.843334920704364777e-02
4.898280650377273560e-02,4.013224601745605469e+00,1.314038224518299103e-02
4.940278828144073486e-02,1.243419170379638672e+00,2.036160789430141449e-02
8.248952776193618774e-02,1.280757546424865723e+00,2.082996815443038940e-02
1.895506978034973145e-01,3.592630147933959961e+00,2.552242204546928406e-02
3.751081228256225586e-02,3.624417066574096680e+00,1.604775525629520416e-02
6.360033154487609863e-02,4.020132064819335938e+00,2.156719006597995758e-02
3.678198531270027161e-02,2.259958744049072266e+00,2.063870057463645935e-02
6.790924072265625000e-02,4.906330585479736328e+00,2.233272790908813477e-02
6.207645684480667114e-02,3.843793392181396484e+00,2.402975782752037048e-02
5.897535756230354309e-02,4.371491909027099609e+00,2.481123805046081543e-02
9.088172763586044312e-02,3.361865282058715820e+00,2.583362720906734467e-02
6.362198293209075928e-02,2.712164163589477539e+00,1.828861795365810394e-02
6.425722688436508179e-02,4.207725048065185547e+00,2.451934106647968292e-02
6.844229251146316528e-02,3.979707002639770508e+00,2.232682704925537109e-02
4.636398702859878540e-02,2.386326313018798828e+00,2.216428890824317932e-02
5.568137019872665405e-02,3.465496003627777100e-01,1.734273508191108704e-02
5.830727890133857727e-02,3.890718698501586914e+00,2.328932657837867737e-02
6.857965886592864990e-02,1.152441620826721191e+00,1.874662563204765320e-02
6.445093452930450439e-02,1.263020396232604980e+00,1.689518429338932037e-02
5.486312136054039001e-02,2.631078243255615234e+00,2.086842991411685944e-02
6.861814111471176147e-02,1.090858340263366699e+00,1.933238655328750610e-02
7.143893092870712280e-02,1.178077936172485352e+00,2.117186971008777618e-02
6.436881422996520996e-02,2.636445283889770508e+00,2.038640342652797699e-02
7.235503196716308594e-02,1.347169160842895508e+00,6.805975921452045441e-03
7.627947628498077393e-02,1.113236188888549805e+00,2.347443439066410065e-02
3.934917971491813660e-02,6.198134738951921463e-03,5.106617230921983719e-03
5.244076624512672424e-02,3.269893884658813477e+00,1.182821765542030334e-02
6.216143816709518433e-02,3.640227556228637695e+00,2.443325705826282501e-02
6.014154851436614990e-02,4.053099155426025391e+00,2.209678851068019867e-02
7.026675343513488770e-02,4.005707740783691406e+00,2.455215901136398315e-02
4.553971439599990845e-02,1.248026847839355469e+00,1.861141808331012726e-02
6.660719960927963257e-02,2.438081979751586914e+00,2.251089923083782196e-02
1.253614723682403564e-01,3.387214422225952148e+00,2.552718482911586761e-02
4.154553636908531189e-02,1.249736905097961426e+00,2.091398090124130249e-02
6.525734812021255493e-02,4.990521907806396484e+00,1.991804316639900208e-02
3.575309365987777710e-02,3.844618558883666992e+00,2.153566665947437286e-02
5.650082230567932129e-02,3.896966457366943359e+00,2.258098870515823364e-02
6.343319267034530640e-02,3.619861364364624023e+00,2.652969770133495331e-02
5.988674238324165344e-02,4.063096523284912109e+00,1.268651615828275681e-02
8.756388723850250244e-02,9.494130015373229980e-01,1.831372268497943878e-02
5.848557129502296448e-02,3.885040760040283203e+00,1.977320760488510132e-02
5.228343605995178223e-02,1.213334560394287109e+00,1.695176213979721069e-02
9.064780920743942261e-02,3.675060749053955078e+00,2.563267946243286133e-02
4.542003944516181946e-02,8.638492822647094727e-01,2.131598070263862610e-02
2.265376001596450806e-01,1.212292671203613281e+00,2.287272922694683075e-02
6.320499628782272339e-02,4.891497135162353516e+00,2.242062240839004517e-02
6.941181421279907227e-02,1.063888072967529297e+00,2.111115120351314545e-02
7.298728078603744507e-02,2.418008804321289062e+00,2.397499047219753265e-02
2.488275915384292603e-01,2.139504253864288330e-01,1.911860145628452301e-02
6.831724941730499268e-02,4.219047069549560547e+00,8.212868124246597290e-03
4.568747431039810181e-02,2.333386898040771484e+00,2.381255477666854858e-02
6.220583990216255188e-02,3.733912229537963867e+00,1.602270267903804779e-02
6.696099042892456055e-02,2.855846643447875977e+00,2.460019662976264954e-02
7.029125839471817017e-02,4.853073120117187500e+00,2.697150222957134247e-02
2.357830256223678589e-01,3.957574844360351562e+00,2.038723230361938477e-02
5.732719227671623230e-02,3.615131616592407227e+00,1.508815586566925049e-02
5.678102746605873108e-02,4.674590587615966797e+00,2.436296269297599792e-02
4.520378261804580688e-02,4.020877838134765625e+00,2.256173081696033478e-02
5.046444758772850037e-02,3.916712760925292969e+00,2.236937731504440308e-02
5.268146097660064697e-02,2.811497688293457031e+00,2.153338864445686340e-02
7.467674463987350464e-02,1.166325569152832031e+00,1.832495629787445068e-02
4.321741685271263123e-02,1.484064579010009766e+00,1.003221608698368073e-02
8.087065815925598145e-02,4.117910861968994141e+00,2.260925062000751495e-02
5.515802651643753052e-02,4.020306587219238281e+00,2.294457703828811646e-02
5.172993987798690796e-02,1.216265082359313965e+00,1.843443699181079865e-02
7.798364013433456421e-02,4.009102344512939453e+00,2.389423921704292297e-02
4.332862421870231628e-02,1.272210717201232910e+00,1.666519604623317719e-02
4.210264608263969421e-02,4.270372867584228516e+00,1.392502058297395706e-02
4.260791838169097900e-02,3.903241157531738281e+00,2.261815406382083893e-02
8.010888844728469849e-02,1.189544439315795898e+00,2.058631554245948792e-02
7.140716165304183960e-02,4.927536010742187500e+00,2.343757823109626770e-02
8.378531038761138916e-02,1.248432636260986328e+00,1.790872216224670410e-02
6.144589930772781372e-02,1.281605720520019531e+00,2.053838223218917847e-02
6.799273937940597534e-02,6.748722493648529053e-02,1.682752743363380432e-02
6.718595325946807861e-02,1.277686715126037598e+00,2.139869891107082367e-02
1.143434047698974609e-01,2.418510437011718750e+00,2.387270517647266388e-02
6.531241536140441895e-02,3.571861982345581055e+00,2.176632732152938843e-02
5.662545561790466309e-02,3.557127475738525391e+00,2.359411120414733887e-02
4.931711778044700623e-02,1.257218003273010254e+00,2.248791605234146118e-02
7.270821183919906616e-02,1.043928742408752441e+00,2.308765426278114319e-02
6.958242505788803101e-02,3.615790605545043945e+00,1.937586814165115356e-02
5.211037769913673401e-02,2.780646085739135742e+00,2.197514288127422333e-02
4.453804716467857361e-02,1.467756032943725586e+00,2.519796602427959442e-02
5.150869488716125488e-02,2.690598726272583008e+00,2.268192730844020844e-02
7.274954766035079956e-02,1.078162312507629395e+00,2.105405554175376892e-02
6.908555328845977783e-02,1.702847480773925781e+00,2.262265793979167938e-02
6.657167524099349976e-02,4.041321277618408203e+00,1.713764667510986328e-02
5.685093253850936890e-02,3.848288774490356445e+00,2.537349797785282135e-02
7.056403160095214844e-02,4.340138658881187439e-02,1.652253605425357819e-02
3.986481204628944397e-02,2.636209487915039062e+00,1.695559173822402954e-02
6.003632768988609314e-02,2.622700691223144531e+00,7.514572702348232269e-03
4.955385625362396240e-02,4.011697769165039062e+00,1.465556491166353226e-02
1.310037523508071899e-01,1.376411795616149902e+00,2.113501355051994324e-02
7.646837085485458374e-02,1.336506605148315430e+00,1.584168337285518646e-02
6.049265712499618530e-02,3.976107835769653320e+00,2.344073541462421417e-02
4.683972895145416260e-02,3.940861701965332031e+00,2.174536325037479401e-02
5.168502405285835266e-02,3.887370347976684570e+00,1.237888261675834656e-02
5.115951225161552429e-02,1.239848971366882324e+00,2.424219623208045959e-02
5.969227477908134460e-02,4.445468425750732422e+00,2.645137906074523926e-02
5.425551906228065491e-02,1.294181466102600098e+00,1.899405755102634430e-02
6.299689412117004395e-02,3.953766584396362305e+00,2.224871516227722168e-02
6.959908455610275269e-02,9.975503087043762207e-01,2.081200666725635529e-02
6.060262769460678101e-02,3.903935194015502930e+00,2.116793580353260040e-02
1.103552505373954773e-01,1.228757023811340332e+00,2.123952470719814301e-02
1.449218839406967163e-01,4.178557395935058594e+00,1.507842447608709335e-02
9.522635489702224731e-02,4.760594367980957031e+00,2.229375019669532776e-02
5.575939640402793884e-02,3.908332824707031250e+00,2.278266102075576782e-02
8.999783545732498169e-02,1.228189110755920410e+00,1.708510518074035645e-02
5.087572336196899414e-02,4.155228137969970703e+00,2.221160009503364563e-02
6.436286121606826782e-02,4.970303058624267578e+00,2.583683654665946960e-02
6.833414733409881592e-02,1.275376439094543457e+00,2.421978302299976349e-02
5.907328054308891296e-02,2.658439159393310547e+00,2.062306739389896393e-02
5.000292137265205383e-02,1.270442008972167969e+00,1.712993346154689789e-02
2.006163299083709717e-01,4.798379421234130859e+00,2.628475055098533630e-02
6.204709783196449280e-02,3.854411363601684570e+00,2.564851939678192139e-02
5.038625001907348633e-02,1.312489151954650879e+00,1.088554412126541138e-02
2.182583510875701904e-01,3.770774841308593750e+00,2.432957477867603302e-02
6.868848949670791626e-02,1.107973933219909668e+00,2.291631512343883514e-02
7.665898650884628296e-02,2.184585034847259521e-01,2.119940705597400665e-02
2.227302342653274536e-01,1.129173040390014648e+00,1.852155476808547974e-02
4.712499305605888367e-02,4.095515251159667969e+00,2.455402165651321411e-02
5.035241320729255676e-02,2.451729536056518555e+00,4.151106346398591995e-03
4.553227871656417847e-02,4.876012802124023438e+00,2.096496894955635071e-02
6.444381177425384521e-02,3.861826658248901367e+00,2.031103521585464478e-02
5.587962269783020020e-02,4.280772686004638672e+00,2.031414024531841278e-02
5.103112757205963135e-02,4.376962661743164062e+00,1.580912433564662933e-02
3.719140216708183289e-02,4.006393432617187500e+00,2.264828048646450043e-02
6.125728040933609009e-02,1.190213203430175781e+00,1.856193132698535919e-02
1.400783360004425049e-01,4.176674365997314453e+00,2.297843061387538910e-02
3.767344355583190918e-02,3.889138936996459961e+00,2.365509048104286194e-02
1.024106815457344055e-01,4.184061050415039062e+00,1.833468675613403320e-02
6.762662529945373535e-02,1.180660724639892578e+00,1.876857317984104156e-02
5.208889767527580261e-02,3.178744554519653320e+00,2.273990400135517120e-02
4.944956302642822266e-02,3.914934873580932617e+00,2.458109520375728607e-02
6.778443604707717896e-02,4.618314266204833984e+00,2.367729693651199341e-02
3.948341310024261475e-02,3.757806539535522461e+00,1.293301582336425781e-02
3.535531088709831238e-02,3.939195156097412109e+00,1.354424469172954559e-02
5.511871725320816040e-02,1.102040648460388184e+00,9.922994300723075867e-03
8.616336435079574585e-02,1.163877487182617188e+00,2.380396239459514618e-02
5.187398567795753479e-02,1.236442923545837402e+00,8.588674478232860565e-03
6.248002499341964722e-02,1.229182958602905273e+00,2.036310918629169464e-02
7.217609137296676636e-02,2.816539287567138672e+00,2.330982498824596405e-02
4.063731804490089417e-02,1.237987399101257324e+00,6.536440923810005188e-03
4.075090214610099792e-02,1.246777057647705078e+00,2.218364737927913666e-02
5.387645959854125977e-02,5.222341511398553848e-03,1.968531310558319092e-02
8.279313892126083374e-02,1.196114420890808105e+00,1.823555864393711090e-02
7.042738795280456543e-02,1.203014492988586426e+00,2.158867381513118744e-02
3.466582670807838440e-02,1.259333968162536621e+00,1.711300574243068695e-02
5.914387479424476624e-02,1.251714676618576050e-01,2.001774124801158905e-02
4.962000995874404907e-02,1.267571806907653809e+00,1.984308846294879913e-02
5.396044254302978516e-02,4.557955741882324219e+00,2.027568034827709198e-02
3.585139289498329163e-02,2.919606924057006836e+00,2.486357092857360840e-02
6.125438958406448364e-02,4.751260757446289062e+00,2.145843394100666046e-02
5.367125198245048523e-02,1.207464933395385742e+00,2.360368892550468445e-02
1.817519515752792358e-01,4.851501941680908203e+00,2.245649509131908417e-02
5.922214314341545105e-02,4.236852169036865234e+00,2.237807400524616241e-02
6.357300281524658203e-02,3.576722741127014160e-01,1.922911591827869415e-02
1.689071208238601685e-01,3.978235006332397461e+00,2.492734417319297791e-02
4.364466294646263123e-02,2.562308073043823242e+00,2.111047692596912384e-02
8.114435523748397827e-02,1.170689344406127930e+00,1.970053091645240784e-02
4.821911081671714783e-02,3.895931720733642578e+00,1.539879199117422104e-02
1.136652827262878418e-01,3.814385652542114258e+00,2.324315160512924194e-02
5.294029042124748230e-02,1.128248095512390137e+00,2.168774977326393127e-02
6.239435449242591858e-02,4.099617004394531250e+00,2.017815783619880676e-02
5.775123834609985352e-02,3.068806171417236328e+00,2.176953665912151337e-02
3.649111092090606689e-02,6.040976196527481079e-02,1.812768355011940002e-02
6.125831231474876404e-02,1.171056151390075684e+00,1.940226741135120392e-02
7.300201058387756348e-02,1.220791339874267578e+00,3.847044892609119415e-03
3.889993950724601746e-02,1.261610507965087891e+00,1.154677756130695343e-02
5.046076700091362000e-02,1.278259873390197754e+00,1.728015206754207611e-02
6.933829188346862793e-02,1.135018944740295410e+00,2.272520214319229126e-02
5.668737366795539856e-02,1.171503305435180664e+00,2.055608481168746948e-02
4.508889093995094299e-02,1.289624691009521484e+00,2.134222537279129028e-02
5.887492001056671143e-02,3.711152791976928711e+00,1.476054172962903976e-02
1.113162413239479065e-01,4.111948490142822266e+00,6.478672381490468979e-03
5.618540570139884949e-02,3.879849672317504883e+00,2.304753661155700684e-02
6.284992396831512451e-02,4.443705081939697266e+00,2.410119213163852692e-02
4.003009200096130371e-02,2.794030189514160156e+00,2.236813493072986603e-02
6.517535448074340820e-02,1.144121408462524414e+00,2.380825951695442200e-02
7.275477796792984009e-02,1.068742394447326660e+00,2.380080521106719971e-02
8.237405121326446533e-02,2.375362157821655273e+00,1.894068717956542969e-02
4.360511526465415955e-02,3.928602933883666992e+00,2.213742211461067200e-02
7.880041003227233887e-02,1.312965273857116699e+00,1.924423128366470337e-02
5.706681311130523682e-02,2.826436519622802734e+00,2.050204388797283173e-02
5.527050793170928955e-02,2.418204545974731445e+00,2.032273449003696442e-02
6.103672459721565247e-02,1.205686688423156738e+00,1.809139735996723175e-02
4.830130562186241150e-02,1.271727085113525391e+00,2.218354493379592896e-02
7.530238479375839233e-02,3.872462272644042969e+00,2.417961321771144867e-02
4.235187545418739319e-02,1.271803140640258789e+00,4.223472438752651215e-03
5.814771354198455811e-02,4.031627655029296875e+00,2.389879524707794189e-02
5.886986106634140015e-02,3.819405078887939453e+00,9.436878375709056854e-03
4.540630429983139038e-02,1.220129370689392090e+00,2.175379917025566101e-02
3.993396088480949402e-02,7.781567424535751343e-02,1.810206100344657898e-02
4.499461874365806580e-02,2.492067813873291016e+00,2.329584769904613495e-02
1.720842868089675903e-01,4.327355861663818359e+00,2.062296494841575623e-02
1.386159062385559082e-01,1.050375223159790039e+00,2.029333263635635376e-02
1.321075111627578735e-01,8.256186246871948242e-01,1.712982915341854095e-02
9.264519065618515015e-02,3.649051427841186523e+00,2.085698954761028290e-02
5.378500744700431824e-02,2.461693286895751953e+00,2.030528895556926727e-02
6.641265749931335449e-02,4.016564369201660156e+00,2.378330938518047333e-02
7.724183797836303711e-02,3.843985319137573242e+00,1.674408465623855591e-02
6.627167761325836182e-02,1.333272337913513184e+00,2.227982506155967712e-02
6.436289101839065552e-02,3.125107526779174805e+00,2.522327937185764313e-02
6.287959963083267212e-02,4.657291412353515625e+00,2.205755002796649933e-02
7.216459512710571289e-02,1.256463646888732910e+00,8.991501294076442719e-03
6.968427449464797974e-02,1.892860651016235352e+00,2.038454078137874603e-02
2.383455634117126465e-01,4.965926647186279297e+00,2.148400619626045227e-02
7.601469010114669800e-02,4.959549903869628906e+00,2.450184524059295654e-02
6.651040911674499512e-02,4.062558174133300781e+00,2.376369014382362366e-02
6.843885034322738647e-02,3.873782634735107422e+00,2.009052038192749023e-02
4.747896268963813782e-02,1.311212062835693359e+00,2.055453322827816010e-02
1.282992213964462280e-01,2.850765466690063477e+00,2.575893141329288483e-02
6.228297576308250427e-02,4.805270671844482422e+00,2.468772791326045990e-02
5.522524565458297729e-02,3.995443820953369141e+00,2.183921076357364655e-02
5.774862319231033325e-02,4.046382904052734375e+00,2.180763520300388336e-02
6.991598755121231079e-02,1.042120099067687988e+00,1.832547411322593689e-02
7.802762836217880249e-02,1.170395255088806152e+00,1.961160078644752502e-02
6.044753640890121460e-02,3.858991861343383789e+00,2.205941453576087952e-02
5.624246969819068909e-02,4.279676437377929688e+00,2.241472154855728149e-02
9.464167803525924683e-02,1.268423438072204590e+00,2.085569500923156738e-02
6.048776954412460327e-02,1.369494438171386719e+00,2.010149508714675903e-02
6.654166430234909058e-02,1.106151342391967773e+00,1.920395903289318085e-02
2.361550033092498779e-01,1.273208141326904297e+00,2.167594619095325470e-02
5.469949170947074890e-02,3.450962305068969727e+00,2.422527037560939789e-02
6.756542623043060303e-02,2.947791814804077148e+00,2.270076982676982880e-02
5.115228146314620972e-02,3.918424367904663086e+00,2.478323318064212799e-02
6.403625756502151489e-02,1.212043642997741699e+00,1.506253331899642944e-02
7.480674982070922852e-02,9.835535287857055664e-01,1.864734105765819550e-02
5.236273631453514099e-02,3.514872789382934570e+00,2.316623181104660034e-02
7.382243126630783081e-02,1.133735895156860352e+00,2.210351638495922089e-02
5.473814532160758972e-02,1.263942718505859375e+00,6.462936289608478546e-03
2.332309633493423462e-01,2.984455823898315430e+00,2.085207216441631317e-02
5.249714478850364685e-02,1.200248360633850098e+00,1.844742894172668457e-02
9.626774489879608154e-02,4.212807178497314453e+00,7.776394486427307129e-03
5.914669483900070190e-02,3.753736734390258789e+00,2.380996756255626678e-02
5.244117975234985352e-02,4.218039989471435547e+00,2.200739085674285889e-02
5.044472590088844299e-02,3.109670639038085938e+00,2.377119660377502441e-02
5.005410313606262207e-02,1.257296800613403320e+00,2.067348547279834747e-02
4.697915911674499512e-02,1.262928724288940430e+00,1.622137241065502167e-02
9.121958166360855103e-02,3.014951385557651520e-02,1.289098337292671204e-02
1.216134354472160339e-01,1.055798292160034180e+00,2.172957360744476318e-02
4.271892085671424866e-02,2.516617625951766968e-02,1.784469000995159149e-02
5.442121252417564392e-02,1.203977465629577637e+00,2.347427792847156525e-02
6.957113742828369141e-02,1.145297169685363770e+00,2.034747600555419922e-02
6.185473129153251648e-02,1.294884920120239258e+00,1.883203536272048950e-02
3.877451643347740173e-02,1.305361866950988770e+00,1.955999247729778290e-02
2.310831695795059204e-01,1.155805468559265137e+00,1.514188665896654129e-02
9.293104708194732666e-02,1.416960120201110840e+00,2.178268507122993469e-02
5.701487138867378235e-02,1.166033506393432617e+00,2.296533435583114624e-02
5.578982457518577576e-02,6.658258438110351562e-01,1.881816238164901733e-02
6.383672356605529785e-02,4.045243740081787109e+00,2.210341393947601318e-02
6.573601067066192627e-02,1.124319434165954590e+00,1.925246231257915497e-02
3.843662142753601074e-02,3.484709739685058594e+00,1.594376191496849060e-02
6.574667990207672119e-02,3.700465679168701172e+00,1.696708425879478455e-02
7.389498502016067505e-02,1.218380212783813477e+00,1.730417087674140930e-02
3.222161531448364258e-02,3.603943109512329102e+00,2.210222370922565460e-02
5.484870076179504395e-02,4.174453735351562500e+00,9.582852944731712341e-03
5.018802732229232788e-02,3.746193647384643555e+00,2.286299690604209900e-02
6.789664179086685181e-02,1.181985139846801758e+00,1.861379854381084442e-02
6.235143542289733887e-02,2.417076349258422852e+00,2.048320136964321136e-02
6.250811368227005005e-02,2.761545658111572266e+00,2.503532357513904572e-02
3.435983881354331970e-02,3.811132431030273438e+00,2.116224169731140137e-02
1.051015034317970276e-01,1.692011117935180664e+00,9.793014265596866608e-03
3.878811001777648926e-02,4.273973941802978516e+00,2.391142398118972778e-02
5.459206923842430115e-02,3.676771879196166992e+00,2.444914914667606354e-02
5.828119069337844849e-02,4.849145412445068359e+00,1.870883814990520477e-02
7.124023139476776123e-02,1.256660461425781250e+00,2.366606332361698151e-02
5.786984413862228394e-02,3.877642631530761719e+00,2.412365749478340149e-02
6.817564368247985840e-02,1.255272388458251953e+00,1.641191542148590088e-02
4.615089669823646545e-02,1.081930994987487793e+00,2.162666805088520050e-02
5.979363992810249329e-02,4.097881317138671875e+00,2.443962357938289642e-02
5.921088904142379761e-02,4.746357917785644531e+00,2.320184372365474701e-02
1.443258523941040039e-01,1.246044516563415527e+00,2.440033480525016785e-02
4.263817518949508667e-02,1.224694371223449707e+00,7.113764528185129166e-03
7.517262548208236694e-02,9.738707542419433594e-01,2.078053355216979980e-02
8.220171928405761719e-02,4.044321179389953613e-01,2.030176855623722076e-02
4.562886059284210205e-02,1.285476803779602051e+00,1.917574740946292877e-02
3.712535277009010315e-02,2.839786767959594727e+00,2.233541943132877350e-02
3.740218654274940491e-02,3.818288326263427734e+00,2.296688780188560486e-02
5.531759187579154968e-02,4.217411041259765625e+00,2.088168077170848846e-02
6.318283081054687500e-02,2.538410902023315430e+00,1.412777975201606750e-02
4.154398664832115173e-02,3.810894489288330078e+00,2.518668211996555328e-02
5.710329487919807434e-02,4.070681571960449219e+00,8.780408650636672974e-03
5.751928687095642090e-02,2.475161314010620117e+00,2.125075832009315491e-02
7.425563037395477295e-02,1.069039385765790939e-02,2.064382471144199371e-02
1.951530426740646362e-01,4.617675304412841797e+00,2.410937100648880005e-02
5.728675052523612976e-02,1.432654380798339844e+00,2.140025235712528229e-02
7.682787626981735229e-02,3.870856285095214844e+00,2.303081564605236053e-02
6.923310458660125732e-02,3.809195756912231445e+00,2.379754371941089630e-02
6.044581532478332520e-02,4.113274574279785156e+00,2.303656190633773804e-02
4.785251244902610779e-02,1.276115655899047852e+00,8.838797919452190399e-03
6.786219030618667603e-02,1.131015658378601074e+00,2.125210314989089966e-02
4.709807783365249634e-02,2.830222606658935547e+00,2.500530146062374115e-02
5.671463534235954285e-02,3.521408557891845703e+00,2.365244925022125244e-02
2.008096277713775635e-01,4.593535423278808594e+00,2.048915438354015350e-02
5.716346204280853271e-02,3.473809719085693359e+00,2.240882068872451782e-02
3.573209792375564575e-02,1.288008213043212891e+00,1.227758079767227173e-02
6.681054830551147461e-02,4.567893981933593750e+00,1.933021098375320435e-02
4.618166759610176086e-02,1.237605571746826172e+00,2.169044129550457001e-02
5.802191048860549927e-02,1.180826902389526367e+00,1.859355904161930084e-02
6.943270564079284668e-02,4.779231548309326172e+00,2.128450758755207062e-02
5.704085901379585266e-02,4.731883108615875244e-02,4.298012703657150269e-03
4.922401532530784607e-02,3.337005376815795898e+00,2.363334968686103821e-02
6.366259604692459106e-02,1.255112290382385254e+00,1.864791102707386017e-02
6.699551641941070557e-02,1.202329277992248535e+00,2.077763527631759644e-02
8.708456158638000488e-02,1.245022654533386230e+00,2.007436938583850861e-02
2.485196739435195923e-01,1.109186172485351562e+00,2.172936685383319855e-02
6.007825210690498352e-02,2.898235797882080078e+00,2.106461487710475922e-02
3.925628215074539185e-02,3.640902519226074219e+00,2.213768102228641510e-02
5.513400211930274963e-02,3.357805728912353516e+00,1.441988348960876465e-02
2.356368601322174072e-01,4.688672542572021484e+00,1.537601556628942490e-02
6.845929473638534546e-02,1.341677308082580566e+00,2.411972358822822571e-02
9.348350763320922852e-02,4.084437713027000427e-02,1.476794388145208359e-02
7.400880753993988037e-02,1.146191358566284180e+00,2.018545567989349365e-02
6.599718332290649414e-02,3.712563514709472656e+00,2.408198639750480652e-02
6.900167465209960938e-02,1.152068853378295898e+00,1.737581193447113037e-02
4.440883547067642212e-02,1.117869734764099121e+00,2.031880058348178864e-02
2.478039264678955078e-01,4.238171577453613281e+00,2.098106779158115387e-02
1.077292710542678833e-01,4.829291820526123047e+00,2.467711642384529114e-02
4.411627352237701416e-02,1.246255993843078613e+00,2.405170537531375885e-02
6.251145154237747192e-02,4.018209934234619141e+00,2.192777767777442932e-02
6.248133257031440735e-02,1.321709156036376953e+00,9.063143283128738403e-03
4.219282418489456177e-02,1.380110740661621094e+00,2.131152898073196411e-02
7.795263081789016724e-02,1.336109995841979980e+00,2.016469836235046387e-02
4.144882038235664368e-02,4.062473297119140625e+00,2.027697488665580750e-02
7.930007576942443848e-02,4.074083328247070312e+00,2.161843702197074890e-02
5.560778081417083740e-02,1.112833619117736816e+00,1.599298976361751556e-02
2.369089275598526001e-01,3.476727724075317383e+00,2.390200458467006683e-02
5.848016589879989624e-02,3.624831914901733398e+00,2.138461917638778687e-02
8.840247243642807007e-02,1.174463510513305664e+00,1.609123870730400085e-02
4.151242598891258240e-02,2.429623126983642578e+00,1.910270936787128448e-02
6.069218739867210388e-02,1.253357648849487305e+00,1.744973100721836090e-02
3.666344657540321350e-02,3.899782419204711914e+00,2.535113506019115448e-02
5.253566056489944458e-02,4.883880615234375000e+00,1.001021638512611389e-02
3.846687451004981995e-02,1.012425541877746582e+00,1.829648576676845551e-02
2.308019995689392090e-01,2.402789831161499023e+00,2.377984113991260529e-02
5.290439352393150330e-02,2.432745933532714844e+00,2.479751966893672943e-02
8.886444568634033203e-02,4.392172336578369141e+00,2.159726619720458984e-02
7.354841381311416626e-02,2.391924142837524414e+00,2.023442462086677551e-02
6.590756028890609741e-02,1.202936530113220215e+00,1.933983899652957916e-02
5.864338204264640808e-02,3.554028749465942383e+00,2.258295565843582153e-02
7.387643307447433472e-02,4.001841068267822266e+00,2.628169581294059753e-02
5.817965418100357056e-02,4.796911716461181641e+00,2.231083251535892487e-02
6.900676339864730835e-02,2.238709688186645508e+00,2.337504737079143524e-02
4.488323628902435303e-02,2.919733524322509766e+00,2.204150334000587463e-02
6.778691709041595459e-02,3.788277387619018555e+00,2.163277566432952881e-02
5.355164781212806702e-02,4.164433479309082031e+00,2.356760948896408081e-02
6.977885961532592773e-02,1.222490072250366211e+00,2.277945168316364288e-02
5.863150954246520996e-02,3.880415678024291992e+00,2.375835925340652466e-02
9.693021327257156372e-02,1.238497972488403320e+00,2.110478281974792480e-02
6.130894646048545837e-02,1.019235253334045410e-01,2.045110799372196198e-02
7.553282380104064941e-02,9.048653766512870789e-03,1.164958067238330841e-02
6.729520112276077271e-02,1.210958600044250488e+00,1.862839609384536743e-02
6.233766674995422363e-02,4.765101432800292969e+00,2.345207147300243378e-02
2.662058770656585693e-01,1.204773545265197754e+00,1.938844658434391022e-02
3.831663727760314941e-02,1.207744240760803223e+00,2.136826142668724060e-02
6.264850497245788574e-02,1.216522693634033203e+00,1.857756450772285461e-02
6.275341659784317017e-02,1.223087668418884277e+00,1.392998918890953064e-02
5.891326442360877991e-02,1.241627573966979980e+00,1.128599047660827637e-02
8.488482981920242310e-02,1.093727350234985352e-01,1.943529210984706879e-02
3.467074781656265259e-02,4.306266784667968750e+00,2.357614971697330475e-02
7.749158143997192383e-02,1.210248112678527832e+00,2.199931629002094269e-02
5.070855095982551575e-02,1.269954442977905273e+00,2.234805002808570862e-02
6.330904364585876465e-02,2.157680690288543701e-02,2.202400751411914825e-02
5.828621610999107361e-02,2.419994831085205078e+00,2.396412007510662079e-02
6.873798370361328125e-02,4.515471681952476501e-02,1.516668219119310379e-02
8.490706235170364380e-02,1.165650844573974609e+00,1.653092168271541595e-02
4.845350608229637146e-02,3.927348181605339050e-02,1.750734448432922363e-02
4.004554823040962219e-02,1.468341946601867676e+00,1.926157251000404358e-02
4.613685235381126404e-02,1.268689751625061035e+00,2.069346792995929718e-02
6.019314378499984741e-02,1.242695450782775879e+00,1.848645880818367004e-02
5.142457410693168640e-02,4.042485237121582031e+00,2.573791518807411194e-02
6.342717260122299194e-02,2.438315868377685547e+00,2.018152177333831787e-02
7.074583321809768677e-02,1.302689909934997559e+00,1.603222638368606567e-02
3.526475280523300171e-02,3.885169982910156250e+00,2.281247638165950775e-02
4.009858891367912292e-02,4.538860797882080078e+00,1.659262366592884064e-02
6.527066230773925781e-02,1.210145115852355957e+00,2.096201851963996887e-02
5.466379970312118530e-02,1.235614776611328125e+00,2.270946651697158813e-02
2.267181873321533203e-01,1.193452119827270508e+00,2.009812928736209869e-02
6.318602710962295532e-02,1.195058524608612061e-01,1.872467622160911560e-02
5.915447324514389038e-02,1.154858589172363281e+00,1.903743483126163483e-02
6.847106665372848511e-02,4.105001926422119141e+00,2.473447099328041077e-02
4.093951731920242310e-02,1.248016119003295898e+00,1.852165907621383667e-02
5.775020644068717957e-02,3.904454469680786133e+00,2.475119195878505707e-02
4.200806096196174622e-02,6.158931180834770203e-03,1.949223317205905914e-02
7.331681251525878906e-02,1.248504281044006348e+00,2.045773342251777649e-02
4.096285253763198853e-02,2.492939472198486328e+00,2.379309199750423431e-02
7.530830800533294678e-02,1.183330655097961426e+00,1.999579183757305145e-02
6.864529848098754883e-02,2.809741735458374023e+00,2.560462430119514465e-02
8.485915511846542358e-02,1.264953851699829102e+00,2.119619771838188171e-02
5.316270887851715088e-02,3.703375816345214844e+00,2.178278751671314240e-02
4.157486185431480408e-02,1.216556310653686523e+00,1.887044496834278107e-02
4.041669145226478577e-02,1.333038806915283203e+00,1.786001212894916534e-02
7.246472686529159546e-02,1.258918285369873047e+00,1.995531283318996429e-02
6.041727960109710693e-02,1.341469526290893555e+00,2.178050950169563293e-02
8.002511411905288696e-02,1.703794859349727631e-02,1.930008456110954285e-02
6.175033748149871826e-02,1.305513858795166016e+00,2.061623521149158478e-02
5.999953299760818481e-02,1.757854782044887543e-02,1.966217346489429474e-02
4.157968237996101379e-02,4.253678798675537109e+00,2.366176806390285492e-02
5.555112659931182861e-02,3.871081113815307617e+00,1.292540691792964935e-02
5.149585381150245667e-02,1.274137496948242188e+00,2.195133082568645477e-02
3.699266538023948669e-02,2.711579561233520508e+00,2.346635796129703522e-02
7.134187221527099609e-02,2.461762428283691406e+00,2.324066683650016785e-02
6.568641215562820435e-02,1.240191340446472168e+00,1.809807494282722473e-02
4.604553803801536560e-02,3.951705455780029297e+00,2.460625208914279938e-02
7.254475355148315430e-02,1.253751993179321289e+00,2.338534779846668243e-02
7.926069945096969604e-02,1.228425264358520508e+00,1.321497373282909393e-02
5.730719491839408875e-02,1.196305394172668457e+00,1.204050146043300629e-02
6.752064824104309082e-02,1.555320024490356445e+00,2.033764123916625977e-02
4.175773262977600098e-02,3.712141990661621094e+00,2.404880709946155548e-02
5.915671214461326599e-02,4.007176399230957031e+00,1.429668534547090530e-02
6.704301387071609497e-02,1.256475329399108887e+00,1.897832006216049194e-02
6.736080348491668701e-02,1.119044065475463867e+00,1.827583275735378265e-02
7.991293817758560181e-02,4.755753993988037109e+00,2.244257181882858276e-02
5.491908639669418335e-02,4.402012348175048828e+00,1.818622834980487823e-02
6.485061347484588623e-02,2.781589746475219727e+00,2.307704091072082520e-02
5.560753867030143738e-02,2.709130048751831055e+00,1.490144338458776474e-02
9.472752362489700317e-02,4.907540321350097656e+00,2.689644508063793182e-02
6.072361022233963013e-02,2.575853347778320312e+00,2.243692800402641296e-02
6.366235762834548950e-02,1.140884280204772949e+00,2.093173749744892120e-02
6.911581009626388550e-02,3.955744266510009766e+00,2.645013667643070221e-02
5.702440813183784485e-02,3.751174688339233398e+00,2.288774028420448303e-02
7.185178995132446289e-02,3.701211929321289062e+00,2.198477089405059814e-02
6.376661360263824463e-02,8.664256930351257324e-01,1.180621795356273651e-02
7.365167140960693359e-02,2.645006179809570312e+00,2.242352254688739777e-02
4.618586599826812744e-02,3.952178001403808594e+00,2.336660958826541901e-02
6.204138696193695068e-02,3.914986133575439453e+00,2.221977896988391876e-02
3.581931442022323608e-02,3.925366163253784180e+00,2.248367108404636383e-02
5.893715098500251770e-02,3.934139966964721680e+00,2.500178106129169464e-02
1.177583113312721252e-01,1.022688627243041992e+00,1.889808662235736847e-02
5.605595186352729797e-02,4.039722442626953125e+00,2.223582565784454346e-02
4.246587306261062622e-02,4.923524856567382812e+00,1.725344173610210419e-02
5.822274461388587952e-02,1.237014412879943848e+00,2.042698673903942108e-02
6.060926988720893860e-02,1.376629829406738281e+00,2.373413369059562683e-02
6.512121856212615967e-02,1.325967550277709961e+00,2.137110941112041473e-02
4.962345212697982788e-02,2.434867620468139648e+00,2.100565470755100250e-02
8.078364282846450806e-02,1.215963363647460938e+00,1.856058463454246521e-02
6.258868426084518433e-02,1.194005966186523438e+00,1.872788555920124054e-02
6.944592297077178955e-02,1.229903340339660645e+00,1.234218198806047440e-02
6.054852157831192017e-02,3.816671609878540039e+00,2.620570734143257141e-02
7.027442753314971924e-02,1.200183749198913574e+00,1.845302060246467590e-02
5.688377097249031067e-02,3.885389089584350586e+00,2.181684784591197968e-02
7.010931521654129028e-02,2.870930433273315430e+00,2.375540882349014282e-02
7.725973427295684814e-02,3.898095130920410156e+00,2.366409637033939362e-02
5.220461636781692505e-02,2.571603059768676758e+00,2.159395255148410797e-02
7.547038793563842773e-02,1.271439671516418457e+00,2.141904272139072418e-02
6.029034405946731567e-02,3.632130622863769531e+00,2.357076667249202728e-02
5.712453275918960571e-02,1.271302938461303711e+00,1.442091912031173706e-02
4.477956518530845642e-02,1.284491896629333496e+00,2.340237796306610107e-02
7.079295068979263306e-02,4.835203647613525391e+00,2.611066773533821106e-02
8.857374638319015503e-02,1.185475945472717285e+00,2.030482329428195953e-02
7.500623911619186401e-02,8.398263454437255859e-01,2.262498624622821808e-02
7.990054786205291748e-02,3.940596103668212891e+00,2.586686052381992340e-02
5.756323784589767456e-02,3.689813375473022461e+00,2.171352691948413849e-02
7.532922923564910889e-02,1.068272709846496582e+00,2.068554796278476715e-02
6.710689514875411987e-02,4.095028400421142578e+00,2.180768549442291260e-02
4.033411666750907898e-02,3.918240308761596680e+00,2.255065366625785828e-02
7.519320398569107056e-02,5.486811697483062744e-02,1.760781742632389069e-02
4.676916822791099548e-02,1.801461815834045410e+00,2.389465272426605225e-02
4.678844287991523743e-02,1.134356617927551270e+00,2.318993955850601196e-02
6.240461021661758423e-02,4.045952320098876953e+00,1.269899122416973114e-02
5.875224992632865906e-02,1.121957659721374512e+00,1.784116961061954498e-02
1.943848729133605957e-01,1.226290106773376465e+00,1.972403191030025482e-02
3.820563480257987976e-02,1.321664094924926758e+00,1.925794966518878937e-02
6.337551027536392212e-02,2.327288035303354263e-03,2.099048905074596405e-02
5.145083367824554443e-02,3.398526668548583984e+00,2.364639379084110260e-02
6.459498405456542969e-02,1.285870194435119629e+00,2.019001170992851257e-02
6.149787083268165588e-02,2.601998329162597656e+00,2.066820673644542694e-02
8.164006471633911133e-02,1.210164546966552734e+00,2.043904736638069153e-02
4.632309451699256897e-02,3.824568748474121094e+00,2.278566174209117889e-02
4.890656843781471252e-02,4.980514526367187500e+00,2.545859664678573608e-02
4.922573640942573547e-02,3.650895833969116211e+00,2.327245101332664490e-02
4.168372973799705505e-02,1.311459422111511230e+00,1.584794744849205017e-02
9.079416096210479736e-02,1.476518511772155762e-01,2.287288382649421692e-02
4.743941500782966614e-02,3.858679294586181641e+00,2.682154253125190735e-02
6.131297349929809570e-02,3.899658203125000000e+00,2.425327338278293610e-02
5.513950809836387634e-02,1.275640606880187988e+00,1.113955024629831314e-02
5.265295878052711487e-02,3.735877275466918945e+00,1.439741812646389008e-02
6.595829129219055176e-02,1.318081140518188477e+00,1.697226054966449738e-02
6.268058717250823975e-02,4.694336891174316406e+00,2.378222160041332245e-02
5.818509310483932495e-02,3.789265155792236328e+00,2.207183837890625000e-02
6.965357065200805664e-02,1.501504659652709961e+00,2.364152669906616211e-02
6.531379371881484985e-02,1.162595033645629883e+00,1.546743046492338181e-02
4.439461976289749146e-02,1.318070292472839355e+00,1.378044299781322479e-02
6.089116260409355164e-02,3.802433013916015625e+00,2.289089933037757874e-02
3.671875968575477600e-02,3.572323799133300781e+00,2.535087615251541138e-02
7.560785859823226929e-02,3.799236059188842773e+00,2.090709656476974487e-02
7.880319654941558838e-02,1.130486726760864258e+00,1.986834965646266937e-02
6.833459436893463135e-02,1.223662137985229492e+00,1.974292658269405365e-02
1.020470410585403442e-01,1.088138580322265625e+00,2.419043332338333130e-02
4.339567199349403381e-02,3.701995611190795898e+00,2.463606745004653931e-02
5.460298061370849609e-02,2.987399101257324219e+00,2.390236593782901764e-02
7.526985555887222290e-02,1.274652313441038132e-02,1.868978887796401978e-02
5.492679774761199951e-02,2.411982774734497070e+00,2.329714223742485046e-02
7.263004034757614136e-02,8.887879848480224609e-01,2.064553461968898773e-02
6.784098595380783081e-02,1.261231422424316406e+00,2.206780016422271729e-02
7.239285856485366821e-02,3.593557357788085938e+00,2.175157330930233002e-02
2.524087429046630859e-01,1.051995396614074707e+00,2.215885370969772339e-02
6.838133186101913452e-02,3.875969171524047852e+00,2.467142231762409210e-02
5.202567204833030701e-02,2.306726455688476562e+00,2.144725434482097626e-02
4.771469905972480774e-02,3.905356407165527344e+00,2.205009758472442627e-02
1.937307268381118774e-01,1.276572823524475098e+00,2.260366082191467285e-02
6.940440833568572998e-02,3.949047565460205078e+00,2.314857952296733856e-02
6.190250441431999207e-02,1.224394083023071289e+00,2.031838521361351013e-02
5.266497284173965454e-02,1.586875796318054199e+00,1.810174994170665741e-02
5.206466838717460632e-02,2.362520217895507812e+00,2.187409996986389160e-02
6.396621465682983398e-02,1.503363132476806641e+00,1.958406157791614532e-02
6.917046755552291870e-02,1.083783507347106934e+00,1.497355103492736816e-02
6.031278520822525024e-02,1.491410136222839355e+00,2.401950769126415253e-02
8.083479106426239014e-02,3.512345552444458008e+00,2.184138447046279907e-02
2.342218309640884399e-01,3.900325059890747070e+00,2.335641160607337952e-02
6.199244037270545959e-02,4.791397094726562500e+00,2.413375116884708405e-02
6.471155583858489990e-02,3.964813709259033203e+00,2.298189885914325714e-02
5.652495101094245911e-02,3.717547893524169922e+00,2.395542338490486145e-02
7.679235935211181641e-02,1.110240817070007324e+00,1.913185231387615204e-02
5.796787142753601074e-02,4.784077644348144531e+00,2.237320691347122192e-02
5.529225990176200867e-02,3.844500303268432617e+00,2.336728200316429138e-02
6.403832137584686279e-02,4.899932861328125000e+00,2.267996035516262054e-02
5.980375781655311584e-02,2.452818155288696289e+00,2.404808253049850464e-02
6.230514124035835266e-02,4.107147693634033203e+00,1.024149730801582336e-02
5.890459194779396057e-02,3.830235719680786133e+00,1.770347729325294495e-02
3.769478574395179749e-02,3.664533615112304688e+00,2.386131696403026581e-02
5.777168273925781250e-02,3.889137268066406250e+00,2.032123319804668427e-02
4.688430204987525940e-02,3.924527168273925781e+00,2.591738104820251465e-02
4.766468703746795654e-02,2.303585767745971680e+00,2.376369014382362366e-02
4.362728074193000793e-02,3.538122892379760742e+00,2.196546271443367004e-02
6.380588561296463013e-02,1.107411742210388184e+00,2.201013453304767609e-02
1.328062117099761963e-01,8.037359118461608887e-01,2.194584347307682037e-02
7.533642649650573730e-02,3.880132436752319336e+00,2.066903375089168549e-02
4.144486039876937866e-02,2.838952064514160156e+00,2.460433728992938995e-02
6.764679402112960815e-02,2.910403728485107422e+00,2.321654558181762695e-02
7.625573128461837769e-02,1.158706784248352051e+00,2.321613207459449768e-02
9.180780500173568726e-02,3.871996641159057617e+00,2.274093776941299438e-02
5.591232329607009888e-02,3.862575292587280273e+00,2.322782948613166809e-02
1.211400330066680908e-01,4.194757461547851562e+00,2.528803609311580658e-02
5.599534139037132263e-02,4.993129253387451172e+00,1.574079506099224091e-02
6.620311737060546875e-02,1.265627980232238770e+00,1.913899555802345276e-02
6.025798991322517395e-02,4.264785766601562500e+00,2.300234697759151459e-02
4.121552407741546631e-02,4.113590240478515625e+00,2.198337391018867493e-02
4.939459636807441711e-02,1.256472945213317871e+00,1.447501219809055328e-02
7.311218976974487305e-02,1.271063089370727539e+00,2.196603268384933472e-02
6.263832002878189087e-02,3.453121900558471680e+00,2.393668517470359802e-02
4.466732591390609741e-02,3.385155200958251953e+00,1.410681474953889847e-02
5.795899033546447754e-02,1.221486330032348633e+00,1.950610615313053131e-02
7.060430198907852173e-02,1.206838607788085938e+00,1.989029720425605774e-02
7.586548477411270142e-02,3.909442186355590820e+00,2.340263687074184418e-02
4.319934546947479248e-02,2.446717262268066406e+00,1.241879258304834366e-02
6.112256646156311035e-02,3.850271224975585938e+00,2.480367943644523621e-02
7.156590372323989868e-02,2.444806575775146484e+00,1.982372999191284180e-02
5.197493731975555420e-02,1.555844783782958984e+00,2.352578379213809967e-02
5.990980193018913269e-02,1.122962355613708496e+00,1.266446430236101151e-02
7.778084278106689453e-02,4.081703186035156250e+00,2.335491031408309937e-02
7.141149789094924927e-02,1.256761908531188965e+00,2.222288399934768677e-02
1.879528462886810303e-01,4.037075996398925781e+00,2.432615682482719421e-02
6.427660584449768066e-02,4.017738819122314453e+00,2.357609756290912628e-02
9.411767870187759399e-02,3.798742055892944336e+00,2.563868463039398193e-02
6.579937785863876343e-02,1.189843297004699707e+00,1.844856888055801392e-02
6.527365744113922119e-02,1.334529876708984375e+00,1.982781849801540375e-02
6.056834757328033447e-02,4.094643592834472656e+00,1.521798036992549896e-02
1.491965800523757935e-01,1.262047171592712402e+00,2.408410981297492981e-02
5.949870124459266663e-02,4.289649009704589844e+00,2.202597446739673615e-02
5.560564622282981873e-02,1.286595225334167480e+00,1.478461269289255142e-02
5.758420005440711975e-02,3.827581167221069336e+00,2.458321675658226013e-02
4.991921409964561462e-02,1.205476403236389160e+00,1.414480991661548615e-02
5.236404389142990112e-02,4.720272541046142578e+00,2.555441297590732574e-02
6.469276547431945801e-02,1.211515545845031738e+00,1.642190665006637573e-02
3.835900500416755676e-02,1.302993655204772949e+00,1.771766133606433868e-02
7.924083620309829712e-02,1.147801160812377930e+00,2.371451444923877716e-02
5.798449739813804626e-02,1.066864132881164551e+00,1.196378748863935471e-02
4.569170996546745300e-02,1.185178160667419434e+00,2.251856029033660889e-02
6.207494437694549561e-02,3.851993083953857422e+00,1.256911549717187881e-02
3.617087379097938538e-02,4.229994773864746094e+00,1.757758855819702148e-02
6.408877670764923096e-02,4.921005725860595703e+00,2.411734126508235931e-02
3.827881067991256714e-02,3.778532981872558594e+00,2.555958926677703857e-02
5.450037866830825806e-02,3.433147192001342773e+00,1.364585757255554199e-02
5.865591019392013550e-02,2.424758434295654297e+00,2.229783870279788971e-02
7.185943424701690674e-02,7.091496884822845459e-02,1.887743175029754639e-02
7.509724795818328857e-02,4.178004741668701172e+00,2.212215214967727661e-02
1.893314123153686523e-01,1.159175992012023926e+00,1.707413233816623688e-02
1.013232767581939697e-01,1.143451333045959473e+00,1.990753598511219025e-02
4.308297485113143921e-02,1.171139955520629883e+00,1.614046469330787659e-02
7.370777428150177002e-02,2.678798437118530273e+00,2.133202739059925079e-02
5.816578119993209839e-02,4.877273082733154297e+00,2.483577281236648560e-02
8.158867806196212769e-02,1.272826910018920898e+00,2.162873744964599609e-02
7.917406409978866577e-02,1.232701182365417480e+00,2.169318497180938721e-02
1.318877786397933960e-01,1.114022493362426758e+00,1.705109700560569763e-02
6.975283473730087280e-02,1.148515939712524414e+00,1.973790489137172699e-02
4.377218335866928101e-02,1.222874164581298828e+00,1.840596646070480347e-02
6.848090887069702148e-02,2.328484296798706055e+00,2.076940424740314484e-02
6.354475021362304688e-02,2.319439888000488281e+00,2.257213555276393890e-02
3.857075423002243042e-02,4.802634716033935547e+00,2.536490559577941895e-02
6.850396841764450073e-02,5.167557597160339355e-01,1.772780716419219971e-02
5.945340543985366821e-02,4.715364933013916016e+00,2.185256592929363251e-02
5.872815847396850586e-02,2.775409698486328125e+00,2.244050055742263794e-02
5.814688652753829956e-02,2.801550626754760742e+00,2.439055219292640686e-02
5.606504157185554504e-02,3.480003118515014648e+00,2.371192723512649536e-02
3.787451982498168945e-02,1.084305644035339355e+00,1.574809476733207703e-02
6.302367895841598511e-02,4.064805984497070312e+00,1.323159039020538330e-02
5.421394109725952148e-02,4.141855239868164062e+00,2.353168465197086334e-02
5.976090580224990845e-02,3.844052553176879883e+00,2.424230054020881653e-02
9.516102820634841919e-02,2.920808553695678711e+00,2.228945307433605194e-02
6.433707475662231445e-02,1.586214900016784668e-01,1.941489800810813904e-02
5.096834525465965271e-02,4.005262374877929688e+00,2.527478337287902832e-02
4.902996122837066650e-02,1.224855542182922363e+00,1.759736239910125732e-02
6.590721011161804199e-02,1.195672035217285156e+00,2.122860215604305267e-02
3.975160792469978333e-02,3.859503030776977539e+00,1.477332785725593567e-02
3.663536161184310913e-02,3.941556930541992188e+00,2.333808690309524536e-02
5.540446564555168152e-02,1.261021852493286133e+00,1.947970688343048096e-02
5.280158296227455139e-02,1.208833932876586914e+00,1.889166794717311859e-02
6.484878808259963989e-02,1.271925330162048340e+00,1.772138848900794983e-02
5.730031058192253113e-02,2.311156749725341797e+00,2.364970557391643524e-02
5.933386832475662231e-02,1.270658731460571289e+00,2.145926281809806824e-02
5.691657215356826782e-02,3.989519596099853516e+00,1.721104793250560760e-02
6.652341783046722412e-02,3.676434278488159180e+00,1.954622194170951843e-02
6.968551129102706909e-02,2.191383689641952515e-01,3.896790090948343277e-03
6.255591660737991333e-02,3.735295534133911133e+00,2.112176269292831421e-02
5.548300966620445251e-02,4.075685977935791016e+00,2.425016835331916809e-02
6.936166435480117798e-02,1.228846311569213867e+00,1.822965778410434723e-02
7.568009942770004272e-02,9.767817705869674683e-02,1.888861320912837982e-02
5.251249670982360840e-02,1.094624876976013184e+00,1.797244325280189514e-02
6.020474061369895935e-02,2.260882616043090820e+00,1.617592386901378632e-02
3.730694949626922607e-02,4.247688293457031250e+00,2.209254354238510132e-02
4.862618818879127502e-02,3.763756275177001953e+00,2.363666146993637085e-02
1.101322546601295471e-01,4.947522640228271484e+00,2.310085296630859375e-02
7.806807011365890503e-02,1.210727095603942871e+00,2.175628393888473511e-02
5.941237881779670715e-02,4.043455123901367188e+00,1.824782788753509521e-02
6.695786118507385254e-02,2.549609422683715820e+00,2.122653275728225708e-02
7.045891135931015015e-02,1.228706955909729004e+00,2.160363271832466125e-02
6.884929537773132324e-02,1.220816969871520996e+00,2.149870805442333221e-02
6.747108697891235352e-02,2.417233705520629883e+00,1.847967877984046936e-02
6.981513649225234985e-02,1.168529748916625977e+00,2.346604689955711365e-02
4.142324626445770264e-02,1.085490345954895020e+00,1.704100333154201508e-02
4.104577004909515381e-02,1.273549437522888184e+00,1.950237900018692017e-02
4.057890921831130981e-02,2.793234586715698242e+00,1.810775510966777802e-02
8.258961886167526245e-02,3.313615560531616211e+00,8.540534414350986481e-03
6.271744519472122192e-02,4.038449287414550781e+00,2.556507661938667297e-02
3.512260317802429199e-02,3.892631530761718750e+00,2.262964658439159393e-02
5.211650207638740540e-02,1.399076938629150391e+00,2.053134329617023468e-02
6.500113010406494141e-02,1.246861696243286133e+00,1.968562230467796326e-02
5.989276617765426636e-02,6.257053613662719727e-01,1.816495321691036224e-02
8.144576847553253174e-02,1.263987779617309570e+00,1.783413067460060120e-02
2.288772910833358765e-01,4.894533157348632812e+00,2.384951524436473846e-02
5.584726855158805847e-02,3.622385025024414062e+00,2.418111450970172882e-02
6.349387764930725098e-02,3.310831546783447266e+00,2.298816293478012085e-02
5.365300923585891724e-02,2.733824014663696289e+00,2.125697024166584015e-02
3.924103453755378723e-02,1.273359298706054688e+00,1.345241558738052845e-03
7.066036760807037354e-02,1.155358791351318359e+00,2.117114514112472534e-02
8.915756642818450928e-02,1.242974281311035156e+00,1.955838687717914581e-02
6.010341271758079529e-02,3.970798730850219727e+00,2.464108914136886597e-02
6.146400421857833862e-02,1.281278252601623535e+00,7.306740153580904007e-03
5.156902968883514404e-02,1.691106557846069336e+00,1.997244730591773987e-02
5.958027392625808716e-02,3.881238222122192383e+00,2.237030863761901855e-02
7.085789740085601807e-02,4.191710948944091797e+00,2.600030787289142609e-02
3.938910365104675293e-02,4.291459083557128906e+00,2.455552294850349426e-02
6.211487203836441040e-02,1.198490500450134277e+00,1.715012080967426300e-02
3.569912537932395935e-02,4.061956882476806641e+00,2.475569397211074829e-02
6.140927597880363464e-02,2.859360694885253906e+00,2.403493411839008331e-02
5.363580211997032166e-02,4.083477497100830078e+00,1.664241962134838104e-02
6.401718407869338989e-02,1.256173372268676758e+00,1.721881143748760223e-02
6.574478745460510254e-02,1.508905649185180664e+00,1.890243403613567352e-02
7.035782188177108765e-02,2.631926536560058594e+00,2.171363122761249542e-02
8.390446752309799194e-02,4.072819709777832031e+00,1.909116655588150024e-02
6.049754470586776733e-02,4.900315761566162109e+00,2.528068423271179199e-02
6.158023700118064880e-02,4.999676227569580078e+00,2.379526570439338684e-02
5.809109285473823547e-02,2.823930025100708008e+00,2.315494604408740997e-02
4.624899104237556458e-02,2.775026559829711914e+00,2.183170430362224579e-02
6.424686312675476074e-02,4.227144718170166016e+00,2.055582590401172638e-02
5.187715217471122742e-02,1.187936663627624512e+00,1.977315545082092285e-02
6.554670631885528564e-02,1.258961200714111328e+00,1.903174072504043579e-02
8.779080957174301147e-02,1.202689290046691895e+00,1.495569199323654175e-02
6.050973013043403625e-02,3.766864299774169922e+00,2.365715987980365753e-02
6.068785116076469421e-02,3.988806724548339844e+00,2.250965684652328491e-02
5.107095092535018921e-02,4.050340875983238220e-02,1.498214341700077057e-02
2.292948663234710693e-01,4.851167201995849609e+00,1.938409730792045593e-02
3.278784453868865967e-02,4.148085117340087891e+00,1.520607434213161469e-02
4.442539066076278687e-02,2.459554195404052734e+00,2.209254354238510132e-02
8.451052010059356689e-02,1.206254482269287109e+00,1.516518089920282364e-02
7.007645070552825928e-02,3.288084983825683594e+00,2.413173206150531769e-02
2.429501861333847046e-01,1.234592795372009277e+00,2.254475280642509460e-02
5.324056372046470642e-02,1.670764446258544922e+00,2.078767679631710052e-02
1.015366017818450928e-01,1.031955838203430176e+00,2.671641064807772636e-03
6.190577521920204163e-02,3.413907527923583984e+00,2.037030458450317383e-02
6.424566358327865601e-02,2.331476926803588867e+00,2.169287391006946564e-02
3.551584109663963318e-02,4.812121391296386719e+00,2.401117421686649323e-02
7.639732956886291504e-02,4.846381664276123047e+00,1.891677267849445343e-02
1.744988560676574707e-01,4.937540054321289062e+00,1.574027910828590393e-02
9.044876694679260254e-02,1.217460036277770996e+00,2.032247558236122131e-02
3.966772928833961487e-02,1.289029359817504883e+00,2.039002627134323120e-02
5.449775978922843933e-02,1.224673628807067871e+00,1.967775449156761169e-02
6.408492475748062134e-02,1.502464890480041504e+00,2.191178314387798309e-02
5.866967886686325073e-02,3.897650957107543945e+00,2.336386591196060181e-02
6.347849220037460327e-02,1.206818580627441406e+00,1.287768036127090454e-02
6.715088337659835815e-02,3.978378772735595703e+00,2.291807532310485840e-02
6.616070866584777832e-02,3.738130807876586914e+00,2.525532059371471405e-02
5.448567867279052734e-02,3.456707715988159180e+00,2.120096050202846527e-02
5.161270871758460999e-02,1.279992461204528809e+00,1.406685356050729752e-02
7.706354558467864990e-02,1.227375984191894531e+00,2.377450838685035706e-02
6.112507730722427368e-02,4.371948540210723877e-02,1.791115477681159973e-02
6.518998742103576660e-02,2.829221963882446289e+00,1.249809470027685165e-02
6.541770696640014648e-02,4.271698474884033203e+00,2.470682933926582336e-02
8.459395170211791992e-02,1.290096879005432129e+00,2.116136066615581512e-02
3.995257988572120667e-02,3.715755939483642578e+00,2.274440601468086243e-02
3.894262015819549561e-02,2.697984457015991211e+00,2.527819946408271790e-02
8.287894725799560547e-02,3.534315109252929688e+00,2.623334899544715881e-02
5.831020697951316833e-02,1.191895008087158203e+00,2.001453191041946411e-02
6.652744859457015991e-02,1.218738198280334473e+00,1.302593201398849487e-02
6.409769505262374878e-02,2.328471183776855469e+00,2.103293500840663910e-02
5.240810289978981018e-02,2.870956182479858398e+00,1.951004005968570709e-02
9.433834254741668701e-02,4.223543643951416016e+00,1.958561502397060394e-02
7.891660928726196289e-02,5.484799668192863464e-02,1.870552450418472290e-02
7.342109829187393188e-02,2.828905917704105377e-02,1.886609569191932678e-02
3.532715514302253723e-02,3.689344167709350586e+00,2.025399170815944672e-02
6.753076612949371338e-02,4.915659904479980469e+00,1.445704977959394455e-02
1.836127936840057373e-01,4.895257949829101562e+00,2.612071111798286438e-02
6.016264855861663818e-02,3.909604310989379883e+00,2.425529249012470245e-02
6.879409402608871460e-02,5.186343193054199219e-01,1.838013529777526855e-02
4.557750746607780457e-02,1.299228549003601074e+00,2.226584963500499725e-02
6.799573451280593872e-02,1.130715489387512207e+00,1.598714105784893036e-02
4.492811858654022217e-02,1.289357423782348633e+00,1.551965996623039246e-02
5.199462547898292542e-02,4.081179618835449219e+00,2.473126165568828583e-02
3.952932730317115784e-02,1.281075477600097656e+00,1.891848072409629822e-02
5.457217618823051453e-02,4.731425762176513672e+00,2.280233055353164673e-02
3.600428625941276550e-02,1.190665602684020996e+00,1.703753508627414703e-02
4.443193227052688599e-02,4.102952957153320312e+00,2.262488380074501038e-02
7.974679768085479736e-02,2.388733386993408203e+00,1.952318847179412842e-02
3.954278677701950073e-02,1.606628537178039551e+00,2.148493751883506775e-02
1.028544455766677856e-01,3.753747940063476562e+00,6.492648739367723465e-03
6.825862824916839600e-02,1.168911337852478027e+00,2.042921259999275208e-02
6.316857784986495972e-02,3.641034603118896484e+00,2.565654367208480835e-02
5.795523896813392639e-02,4.039445877075195312e+00,1.978314667940139771e-02
6.591302901506423950e-02,4.664144039154052734e+00,2.410466037690639496e-02
4.476751759648323059e-02,1.280064344406127930e+00,1.913827098906040192e-02
6.489054113626480103e-02,1.877538561820983887e+00,1.832837238907814026e-02
5.104313790798187256e-02,3.964368104934692383e+00,2.352536842226982117e-02
6.236423924565315247e-02,2.563177585601806641e+00,2.527292072772979736e-02
5.432270467281341553e-02,2.812571525573730469e+00,1.931985840201377869e-02
5.531236156821250916e-02,3.982173442840576172e+00,1.781544275581836700e-02
5.765400454401969910e-02,2.678331136703491211e+00,2.258274704217910767e-02
7.178742438554763794e-02,3.936957120895385742e+00,2.553401701152324677e-02
6.145240366458892822e-02,1.314787030220031738e+00,2.095539309084415436e-02
6.262682378292083740e-02,4.406746387481689453e+00,2.557346224784851074e-02
5.980881676077842712e-02,4.188981533050537109e+00,7.874021306633949280e-03
6.477519869804382324e-02,2.382981538772583008e+00,1.606214605271816254e-02
5.089441314339637756e-02,2.937687158584594727e+00,1.175761222839355469e-02
1.676470637321472168e-01,4.607336997985839844e+00,2.642886154353618622e-02
8.267556130886077881e-02,1.250330328941345215e+00,1.743451319634914398e-02
6.575298309326171875e-02,1.278801202774047852e+00,1.869724132120609283e-02
4.709243401885032654e-02,3.917609453201293945e+00,2.166983857750892639e-02
6.359582394361495972e-02,4.831336498260498047e+00,2.599673531949520111e-02
4.211710393428802490e-02,1.454663395881652832e+00,2.003927342593669891e-02
6.610880792140960693e-02,1.134791731834411621e+00,1.880465261638164520e-02
4.215637594461441040e-02,4.183625698089599609e+00,2.693423256278038025e-02
5.609595030546188354e-02,1.137602090835571289e+00,1.869320496916770935e-02
6.604409962892532349e-02,4.232386112213134766e+00,2.434784732758998871e-02
5.461299791932106018e-02,1.264002203941345215e+00,1.551976427435874939e-02
6.155356019735336304e-02,3.635225772857666016e+00,2.640758641064167023e-02
9.514309465885162354e-02,4.037301063537597656e+00,2.358251623809337616e-02
9.225928783416748047e-02,1.253884196281433105e+00,1.754611544311046600e-02
7.411953061819076538e-02,4.025864601135253906e+00,2.615446038544178009e-02
1.880183517932891846e-01,4.299452781677246094e+00,2.352495491504669189e-02
1.737311035394668579e-01,4.516545295715332031e+00,2.274678833782672882e-02
3.672746568918228149e-02,3.538548707962036133e+00,1.611965708434581757e-02
7.481338828802108765e-02,1.233648896217346191e+00,2.413737401366233826e-02
4.630165174603462219e-02,2.325640201568603516e+00,2.144093811511993408e-02
5.495949462056159973e-02,3.782770156860351562e+00,2.470569126307964325e-02
5.747550353407859802e-02,4.120872974395751953e+00,1.356971263885498047e-02
5.010225623846054077e-02,3.469348669052124023e+00,2.096548676490783691e-02
4.240467399358749390e-02,1.229717135429382324e+00,1.866111159324645996e-02
6.028401106595993042e-02,1.388463973999023438e+00,2.022355422377586365e-02
6.305286288261413574e-02,4.739785671234130859e+00,1.872312463819980621e-02
5.380944535136222839e-02,3.394887924194335938e+00,2.340413816273212433e-02
5.800817534327507019e-02,1.588218063116073608e-01,1.985458098351955414e-02
4.329657927155494690e-02,1.337537646293640137e+00,2.223080396652221680e-02
4.634842649102210999e-02,3.957158565521240234e+00,2.484711073338985443e-02
4.973097518086433411e-02,2.294610261917114258e+00,2.569738402962684631e-02
4.559881240129470825e-02,4.201352119445800781e+00,2.498412877321243286e-02
4.809637367725372314e-02,3.940744400024414062e+00,2.443470619618892670e-02
6.381504237651824951e-02,2.420666933059692383e+00,1.175269391387701035e-02
9.514512866735458374e-02,1.412441015243530273e+00,2.433210983872413635e-02
1.231508031487464905e-01,1.099035143852233887e+00,1.811334490776062012e-02
6.139041483402252197e-02,1.020465016365051270e+00,1.835347712039947510e-02
4.319586977362632751e-02,2.728416204452514648e+00,2.483613602817058563e-02
7.363577187061309814e-02,2.507264852523803711e+00,1.354445144534111023e-02
5.702533572912216187e-02,2.515780925750732422e+00,8.659902028739452362e-03
5.328844115138053894e-02,3.964691877365112305e+00,2.308196015655994415e-02
4.583678767085075378e-02,3.750393629074096680e+00,2.235012128949165344e-02
4.161651059985160828e-02,1.202140927314758301e+00,1.699513942003250122e-02
4.952466860413551331e-02,2.444109439849853516e+00,1.149848103523254395e-02
1.009381264448165894e-01,1.239913821220397949e+00,1.693535223603248596e-02
5.500527098774909973e-02,2.349250555038452148e+00,2.018545567989349365e-02
6.133799627423286438e-02,3.928580522537231445e+00,2.377342246472835541e-02
6.086029112339019775e-02,4.399309158325195312e+00,2.269486896693706512e-02
5.480877310037612915e-02,1.119488716125488281e+00,1.773329451680183411e-02
8.526588231325149536e-02,1.161972045898437500e+00,2.227118052542209625e-02
6.474739313125610352e-02,1.229427576065063477e+00,1.652553677558898926e-02
2.409401237964630127e-01,1.213706135749816895e+00,2.105276100337505341e-02
6.441576033830642700e-02,1.241986155509948730e+00,3.954403568059206009e-03
4.900569468736648560e-02,1.298108458518981934e+00,2.212929539382457733e-02
6.824073195457458496e-02,1.246807575225830078e+00,2.122705057263374329e-02
6.817062199115753174e-02,9.398288726806640625e-01,2.155958116054534912e-02
1.457253992557525635e-01,1.210104942321777344e+00,2.152717672288417816e-02
5.180098116397857666e-02,3.941279888153076172e+00,1.603755913674831390e-02
5.578817054629325867e-02,1.438737869262695312e+00,2.075045928359031677e-02
5.957690253853797913e-02,8.350027799606323242e-01,1.862704940140247345e-02
5.766539648175239563e-02,4.143932342529296875e+00,1.573039218783378601e-02
6.492055207490921021e-02,2.420709609985351562e+00,2.010532468557357788e-02
5.780317634344100952e-02,2.846783876419067383e+00,9.189239703118801117e-03
5.484470725059509277e-02,4.319569110870361328e+00,2.488562278449535370e-02
4.600309953093528748e-02,1.642497658729553223e+00,1.629332453012466431e-02
4.375480115413665771e-02,4.078100204467773438e+00,2.367196418344974518e-02
4.311312362551689148e-02,3.802302360534667969e+00,2.337649650871753693e-02
4.522381350398063660e-02,4.326324462890625000e+00,2.103904262185096741e-02
7.663103193044662476e-02,1.159202814102172852e+00,1.517713814973831177e-02
4.134649038314819336e-02,3.558555364608764648e+00,2.299012988805770874e-02
6.348578631877899170e-02,3.462835550308227539e+00,2.446571364998817444e-02
5.854986608028411865e-02,3.784971237182617188e+00,2.222133241593837738e-02
4.927987605333328247e-02,1.286029934883117676e+00,2.057420276105403900e-02
9.914106130599975586e-02,4.047013759613037109e+00,2.389009855687618256e-02
4.599539190530776978e-02,6.631627678871154785e-02,2.162946201860904694e-02
5.871790274977684021e-02,2.379772424697875977e+00,2.472758665680885315e-02
3.541867807507514954e-02,1.301372289657592773e+00,1.981751807034015656e-02
5.206242948770523071e-02,3.021012067794799805e+00,2.462711371481418610e-02
6.540087610483169556e-02,8.541121333837509155e-02,1.758555881679058075e-02
1.128450036048889160e-01,2.217268496751785278e-01,1.764312200248241425e-02
2.724344432353973389e-01,2.480494022369384766e+00,2.006500028073787689e-02
5.936732143163681030e-02,1.233398795127868652e+00,2.059625461697578430e-02
5.930777639150619507e-02,3.807286024093627930e+00,2.123253606259822845e-02
5.524655058979988098e-02,1.160089731216430664e+00,1.722450554370880127e-02
6.243686378002166748e-02,1.253997325897216797e+00,2.102749980986118317e-02
6.787599623203277588e-02,1.334151625633239746e+00,2.105974964797496796e-02
6.461084634065628052e-02,8.844262361526489258e-02,1.664428412914276123e-02
3.767303004860877991e-02,4.031382083892822266e+00,1.509193517267704010e-02
5.396219715476036072e-02,4.133528709411621094e+00,1.910276152193546295e-02
6.028390675783157349e-02,1.271924018859863281e+00,1.303198840469121933e-02
6.641390174627304077e-02,1.253340601921081543e+00,1.814460940659046173e-02
8.702890574932098389e-02,3.946551561355590820e+00,2.188393473625183105e-02
4.991835355758666992e-02,3.321135416626930237e-03,2.290233783423900604e-02
7.561893761157989502e-02,2.277647331357002258e-02,1.847445033490657806e-02
6.251499056816101074e-02,4.013875484466552734e+00,2.259755134582519531e-02
5.540112778544425964e-02,3.089482307434082031e+00,2.160647884011268616e-02
7.050018012523651123e-02,3.926020622253417969e+00,2.271060459315776825e-02
5.819163098931312561e-02,4.795624732971191406e+00,2.510194480419158936e-02
4.317466542124748230e-02,1.382449030876159668e+00,2.058683335781097412e-02
3.855795040726661682e-02,3.859031200408935547e+00,2.216760069131851196e-02
7.779873907566070557e-02,4.828506469726562500e+00,2.284943498671054840e-02
5.074183270335197449e-02,3.972124099731445312e+00,1.965006068348884583e-02
7.638944685459136963e-02,1.161363005638122559e+00,1.986897177994251251e-02
4.096268117427825928e-02,4.019270420074462891e+00,1.565217599272727966e-02
1.297623813152313232e-01,4.587327480316162109e+00,2.199569344520568848e-02
6.643706560134887695e-02,1.258324980735778809e+00,1.074319332838058472e-02
7.268449664115905762e-02,4.870743274688720703e+00,2.334911376237869263e-02
4.015995562076568604e-02,2.727741718292236328e+00,1.255555264651775360e-02
6.648528575897216797e-02,1.305055975914001465e+00,1.969991065561771393e-02
5.627320706844329834e-02,1.259915590286254883e+00,1.250446215271949768e-02
5.895670130848884583e-02,1.246283411979675293e+00,2.249614708125591278e-02
7.064081728458404541e-02,1.229757070541381836e+00,2.035099640488624573e-02
4.021974280476570129e-02,1.315600156784057617e+00,1.902708224952220917e-02
4.330012574791908264e-02,1.262342929840087891e+00,1.738600991666316986e-02
4.389571398496627808e-02,3.844344854354858398e+00,2.227009274065494537e-02
3.781153261661529541e-02,1.200379848480224609e+00,8.286062628030776978e-03
4.993697628378868103e-02,3.961634635925292969e+00,1.826651394367218018e-02
9.859703481197357178e-02,1.250582337379455566e+00,1.996090449392795563e-02
6.562235951423645020e-02,4.927562713623046875e+00,2.297527343034744263e-02
5.001331493258476257e-02,1.268571376800537109e+00,1.312697492539882660e-02
5.136870965361595154e-02,3.285764932632446289e+00,2.253098413348197937e-02
2.098991274833679199e-01,4.160380840301513672e+00,2.299794554710388184e-02
5.872884765267372131e-02,3.562923669815063477e+00,2.595237456262111664e-02
4.559395834803581238e-02,3.883813381195068359e+00,2.555301412940025330e-02
5.121079459786415100e-02,3.879282951354980469e+00,2.438408136367797852e-02
3.656965494155883789e-02,3.831425666809082031e+00,2.179779857397079468e-02
4.716175422072410583e-02,4.997436523437500000e+00,2.546625770628452301e-02
6.538207828998565674e-02,8.874613642692565918e-01,1.870738714933395386e-02
5.200966447591781616e-02,2.521277904510498047e+00,2.181099914014339447e-02
9.484275430440902710e-02,4.123399257659912109e+00,1.054845750331878662e-02
4.235373437404632568e-02,3.634310483932495117e+00,2.586572058498859406e-02
6.261677294969558716e-02,3.739451646804809570e+00,2.109960652887821198e-02
3.977859392762184143e-02,4.005093097686767578e+00,1.734361425042152405e-02
6.287295371294021606e-02,1.164079546928405762e+00,1.705451309680938721e-02
5.402611568570137024e-02,1.238242030143737793e+00,2.266122214496135712e-02
6.241586804389953613e-02,4.045947551727294922e+00,2.027065865695476532e-02
5.799833312630653381e-02,3.719463348388671875e+00,2.226823009550571442e-02
5.538178607821464539e-02,2.437677383422851562e+00,1.995013654232025146e-02
7.025043666362762451e-02,1.498823761940002441e+00,2.076158858835697174e-02
7.917519658803939819e-02,1.228370428085327148e+00,1.938021555542945862e-02
9.182367473840713501e-02,1.197042584419250488e+00,1.860665529966354370e-02
5.159033462405204773e-02,3.843708276748657227e+00,1.238235086202621460e-02
5.669446289539337158e-02,4.831083297729492188e+00,2.158717252314090729e-02
3.676877170801162720e-02,3.732732772827148438e+00,2.576281502842903137e-02
6.371618807315826416e-02,3.803065538406372070e+00,1.496785692870616913e-02
5.200925096869468689e-02,4.179517269134521484e+00,2.606087177991867065e-02
4.666701331734657288e-02,4.186987400054931641e+00,2.441094629466533661e-02
6.181969121098518372e-02,3.806212425231933594e+00,2.497610636055469513e-02
6.651502102613449097e-02,1.248034596443176270e+00,1.506398245692253113e-02
6.641001254320144653e-02,1.244205832481384277e+00,1.968282833695411682e-02
1.297059804201126099e-01,1.992107391357421875e+00,2.369712293148040771e-02
2.386883199214935303e-01,1.184796690940856934e+00,1.862321980297565460e-02
6.714688986539840698e-02,1.569185733795166016e+00,2.289255522191524506e-02
4.107120633125305176e-02,1.277684211730957031e+00,1.182102225720882416e-02
5.870192870497703552e-02,4.873971939086914062e+00,2.177057228982448578e-02
7.267554849386215210e-02,3.830737113952636719e+00,2.267136797308921814e-02
6.015032529830932617e-02,1.254571914672851562e+00,1.873352937400341034e-02
6.046192348003387451e-02,1.239851355552673340e+00,1.628157310187816620e-02
4.382112994790077209e-02,4.318653106689453125e+00,2.559023350477218628e-02
7.234378159046173096e-02,1.259878993034362793e+00,2.214891463518142700e-02
6.215868517756462097e-02,3.890177726745605469e+00,2.234344370663166046e-02
5.834957957267761230e-02,2.713715314865112305e+00,2.262188121676445007e-02
7.196289300918579102e-02,4.919017314910888672e+00,2.625301852822303772e-02
6.386481225490570068e-02,4.876802444458007812e+00,1.471845805644989014e-02
5.637581273913383484e-02,4.045386791229248047e+00,1.667710207402706146e-02
7.770036906003952026e-02,2.628721714019775391e+00,1.881474629044532776e-02
5.594932287931442261e-02,5.040543153882026672e-02,2.376446686685085297e-02
4.677219688892364502e-02,1.291908502578735352e+00,1.783490739762783051e-02
7.393866032361984253e-02,7.697506546974182129e-01,1.881526410579681396e-02
6.897135078907012939e-02,4.169129371643066406e+00,2.371265180408954620e-02
6.333162635564804077e-02,4.576186656951904297e+00,1.874300092458724976e-02
3.978392854332923889e-02,3.976805210113525391e+00,2.166714705526828766e-02
4.174751043319702148e-02,3.763145923614501953e+00,2.492206357419490814e-02
2.306394875049591064e-01,2.358882188796997070e+00,1.236257702112197876e-02
6.815347820520401001e-02,3.725650072097778320e+00,2.471055649220943451e-02
5.253438651561737061e-02,4.715651273727416992e-02,2.832678612321615219e-03
4.360948503017425537e-02,8.447515964508056641e-01,2.138368785381317139e-02
3.882263228297233582e-02,9.208782315254211426e-01,1.840410381555557251e-02
6.406499445438385010e-02,1.179257631301879883e+00,9.149278514087200165e-03
9.227835386991500854e-02,1.272554636001586914e+00,1.768929511308670044e-02
6.771171092987060547e-02,1.146574258804321289e+00,1.889637857675552368e-02
7.223198562860488892e-02,1.059684395790100098e+00,1.968381181359291077e-02
5.936959385871887207e-02,3.852926731109619141e+00,2.361740544438362122e-02
7.688873261213302612e-02,5.819527059793472290e-02,1.730893366038799286e-02
7.165456563234329224e-02,1.077629774808883667e-01,2.219099737703800201e-02
5.503855645656585693e-02,3.673568248748779297e+00,2.167009748518466949e-02
6.015087664127349854e-02,3.824760198593139648e+00,2.198502980172634125e-02
7.025834918022155762e-02,4.205344676971435547e+00,2.269678376615047455e-02
4.270480945706367493e-02,2.962064266204833984e+00,2.244360558688640594e-02
4.195471107959747314e-02,3.925563812255859375e+00,1.895782165229320526e-02
6.139292940497398376e-02,3.367983579635620117e+00,2.531888708472251892e-02
6.675864011049270630e-02,1.210874438285827637e+00,2.065091766417026520e-02
5.770862475037574768e-02,3.718067407608032227e+00,2.265366353094577789e-02
1.287732124328613281e-01,1.152448058128356934e+00,1.569762453436851501e-02
6.102051213383674622e-02,3.892117738723754883e+00,2.395324967801570892e-02
2.589856386184692383e-01,1.187567472457885742e+00,1.957112178206443787e-02
6.185235455632209778e-02,4.459501266479492188e+00,1.073356531560420990e-02
6.343922019004821777e-02,1.260321259498596191e+00,8.390418253839015961e-03
6.002077087759971619e-02,2.077315807342529297e+00,2.021527104079723358e-02
2.080808877944946289e-01,1.042980074882507324e+00,1.747162640094757080e-02
4.180295765399932861e-02,1.283327102661132812e+00,2.267649210989475250e-02
1.504380702972412109e-01,1.254500269889831543e+00,1.819135248661041260e-02
4.175965860486030579e-02,1.167720794677734375e+00,1.915178075432777405e-02
7.037868350744247437e-02,1.209722757339477539e+00,2.193072997033596039e-02
5.706398934125900269e-02,4.171567440032958984e+00,2.256431989371776581e-02
1.015257313847541809e-01,1.152606606483459473e+00,2.088970504701137543e-02
6.817213445901870728e-02,4.137145519256591797e+00,1.405971031635999680e-02
5.824690684676170349e-02,1.221940279006958008e+00,1.896465383470058441e-02
7.508977502584457397e-02,3.421240746974945068e-01,2.182544209063053131e-02
3.685536980628967285e-02,1.306830048561096191e+00,1.048758346587419510e-02
4.685614630579948425e-02,2.181752957403659821e-02,2.055743150413036346e-02
7.601954042911529541e-02,1.533591866493225098e+00,1.974038966000080109e-02
4.406746849417686462e-02,1.238005876541137695e+00,1.979898661375045776e-02
5.601881444454193115e-02,3.787781476974487305e+00,2.299867197871208191e-02
5.841690674424171448e-02,3.818440675735473633e+00,2.323285117745399475e-02
5.594811961054801941e-02,1.161905527114868164e+00,2.130759507417678833e-02
1.447964310646057129e-01,4.272869110107421875e+00,9.752224199473857880e-03
9.973376244306564331e-02,1.047548413276672363e+00,2.339451014995574951e-02
3.765527158975601196e-02,3.624875307083129883e+00,2.383522875607013702e-02
7.468397170305252075e-02,3.958138465881347656e+00,2.493945695459842682e-02
4.275344312191009521e-02,1.265436530113220215e+00,2.036512829363346100e-02
3.961396589875221252e-02,3.785728216171264648e+00,2.469368092715740204e-02
6.887697428464889526e-02,1.193467378616333008e+00,1.803978905081748962e-02
4.441802576184272766e-02,2.673571348190307617e+00,2.103138156235218048e-02
7.103068381547927856e-02,1.252009630203247070e+00,2.202090248465538025e-02
1.125118210911750793e-01,2.799310684204101562e+00,2.136044576764106750e-02
3.877640888094902039e-02,3.678356170654296875e+00,2.587514184415340424e-02
7.016035914421081543e-02,3.692933082580566406e+00,2.025274932384490967e-02
5.142818763852119446e-02,2.729819536209106445e+00,1.107339560985565186e-02
7.293310761451721191e-02,4.789116859436035156e+00,1.177112199366092682e-02
6.277190148830413818e-02,4.875329017639160156e+00,2.468938566744327545e-02
4.949902370572090149e-02,3.909043073654174805e+00,2.296460978686809540e-02
6.947191059589385986e-02,4.342626094818115234e+00,2.116840146481990814e-02
3.799629583954811096e-02,2.549199342727661133e+00,2.135946229100227356e-02
6.501951068639755249e-02,4.854845523834228516e+00,2.260749042034149170e-02
7.565958797931671143e-02,5.439440533518791199e-02,1.842403225600719452e-02
7.671250402927398682e-02,1.808905005455017090e+00,2.032294124364852905e-02
3.947350010275840759e-02,2.701816558837890625e+00,1.828861795365810394e-02
5.680140480399131775e-02,4.325898647308349609e+00,2.273451909422874451e-02
1.970459520816802979e-01,3.445874691009521484e+00,2.288028784096240997e-02
7.969510555267333984e-02,1.244612932205200195e+00,1.963282376527786255e-02
3.976272419095039368e-02,1.251845717430114746e+00,9.042385965585708618e-03
6.349411606788635254e-02,3.973106384277343750e+00,2.549048326909542084e-02
6.843282282352447510e-02,3.256970882415771484e+00,2.607598528265953064e-02
2.582932114601135254e-01,4.113019943237304688e+00,2.567761018872261047e-02
2.345334589481353760e-01,1.274455308914184570e+00,1.782776229083538055e-02
5.791393667459487915e-02,2.677102804183959961e+00,1.372298505157232285e-02
6.077414005994796753e-02,2.285554647445678711e+00,1.235450152307748795e-02
7.119135558605194092e-02,1.259382009506225586e+00,2.086993120610713959e-02
5.008377134799957275e-02,4.027232646942138672e+00,1.500015705823898315e-02
6.055585294961929321e-02,4.735278129577636719e+00,2.299892902374267578e-02
8.611645549535751343e-02,3.753548622131347656e+00,2.346169948577880859e-02
5.011936277151107788e-02,1.176955699920654297e+00,2.081671729683876038e-02
6.900817900896072388e-02,1.239093422889709473e+00,2.115126699209213257e-02
5.926206707954406738e-02,2.874192476272583008e+00,2.442140318453311920e-02
8.199065923690795898e-02,2.660588264465332031e+00,1.974152773618698120e-02
4.904720559716224670e-02,4.151637554168701172e+00,2.228510566055774689e-02
3.624181076884269714e-02,3.788516521453857422e+00,2.463084086775779724e-02
3.881530091166496277e-02,3.942365884780883789e+00,1.822743192315101624e-02
5.645921081304550171e-02,3.882147550582885742e+00,1.759456656873226166e-02
3.411635756492614746e-02,3.006653308868408203e+00,2.438511699438095093e-02
7.688563317060470581e-02,4.462039768695831299e-01,2.066603302955627441e-02
5.824257060885429382e-02,4.397060871124267578e+00,2.339388802647590637e-02
5.652708187699317932e-02,3.012627363204956055e+00,1.455400418490171432e-02
7.226964086294174194e-02,2.397775173187255859e+00,2.081071212887763977e-02
6.535451114177703857e-02,2.463155508041381836e+00,2.152013778686523438e-02
4.933202266693115234e-02,1.320088386535644531e+00,2.224322780966758728e-02
4.823663085699081421e-02,4.424664020538330078e+00,2.326903492212295532e-02
8.894275128841400146e-02,1.299189031124114990e-02,1.714623905718326569e-02
6.431408971548080444e-02,3.956366300582885742e+00,1.728367246687412262e-02
6.296530365943908691e-02,1.252097606658935547e+00,2.230829559266567230e-02
6.826613098382949829e-02,1.281558871269226074e+00,2.290865406394004822e-02
5.985394120216369629e-02,1.183175444602966309e+00,1.755532994866371155e-02
6.820094585418701172e-02,1.215051174163818359e+00,3.989137243479490280e-03
7.886580377817153931e-02,1.180064558982849121e+00,1.994527131319046021e-02
4.125049710273742676e-02,3.372087478637695312e+00,2.210010029375553131e-02
3.480054065585136414e-02,3.866332054138183594e+00,2.346283756196498871e-02
6.911054253578186035e-02,1.210855722427368164e+00,2.077494375407695770e-02
2.162849605083465576e-01,3.530363798141479492e+00,2.281185425817966461e-02
5.546349659562110901e-02,3.793039798736572266e+00,1.076203584671020508e-02
5.956416577100753784e-02,2.749033212661743164e+00,1.587771251797676086e-02
6.772448122501373291e-02,3.237035989761352539e+00,2.258549071848392487e-02
6.223117187619209290e-02,3.950089693069458008e+00,2.190608903765678406e-02
6.684937328100204468e-02,3.962942838668823242e+00,2.443299815058708191e-02
6.077651306986808777e-02,4.085908889770507812e+00,1.413041912019252777e-02
6.509240716695785522e-02,1.223664045333862305e+00,9.963835589587688446e-03
2.452436536550521851e-01,1.246855258941650391e+00,2.167372032999992371e-02
6.943208724260330200e-02,1.264944314956665039e+00,9.769047610461711884e-03
6.134756281971931458e-02,4.979747295379638672e+00,2.315877750515937805e-02
5.694734305143356323e-02,3.532832622528076172e+00,2.380437776446342468e-02
8.400414884090423584e-02,8.450075984001159668e-02,2.299571968615055084e-02
6.463538855314254761e-02,2.084435224533081055e+00,9.924961254000663757e-03
6.278459727764129639e-02,3.936883449554443359e+00,2.401955984532833099e-02
7.837732881307601929e-02,4.065174579620361328e+00,2.011132985353469849e-02
6.856344640254974365e-02,1.243343234062194824e+00,2.199890278279781342e-02
5.138041451573371887e-02,3.065383195877075195e+00,2.176953665912151337e-02
5.557377636432647705e-02,3.738162517547607422e+00,2.316291816532611847e-02
7.680247724056243896e-02,2.884306944906711578e-02,2.097542583942413330e-02
4.032826796174049377e-02,1.190536856651306152e+00,1.522874739021062851e-02
8.883615583181381226e-02,1.174019455909729004e+00,1.870516128838062286e-02
6.139333918690681458e-02,3.947036504745483398e+00,2.317513525485992432e-02
4.329781979322433472e-02,3.691361904144287109e+00,2.218882367014884949e-02
5.307456105947494507e-02,1.231223225593566895e+00,1.942799426615238190e-02
3.100837022066116333e-02,3.190011262893676758e+00,2.197757549583911896e-02
5.500479042530059814e-02,4.075448989868164062e+00,2.381416037678718567e-02
6.774585694074630737e-02,1.171455860137939453e+00,1.779302954673767090e-02
6.244175136089324951e-02,1.173375487327575684e+00,2.019461803138256073e-02
9.345269948244094849e-02,1.242181062698364258e+00,2.493655867874622345e-02
6.214058026671409607e-02,1.139723658561706543e+00,1.906331628561019897e-02
6.097335740923881531e-02,3.887477636337280273e+00,1.708174124360084534e-02
7.359718531370162964e-02,4.131015777587890625e+00,2.298298664391040802e-02
6.121356785297393799e-02,4.225522041320800781e+00,2.213416062295436859e-02
4.203398153185844421e-02,2.895758152008056641e+00,2.493179589509963989e-02
9.883029013872146606e-02,1.231721401214599609e+00,1.960518211126327515e-02
6.406612694263458252e-02,2.827859878540039062e+00,2.555829472839832306e-02
8.661487698554992676e-02,3.645617485046386719e+00,2.166652679443359375e-02
5.464239045977592468e-02,3.790165901184082031e+00,2.302838303148746490e-02
1.260165423154830933e-01,2.353067845106124878e-01,2.084441110491752625e-02
5.975811928510665894e-02,3.872890710830688477e+00,2.301849611103534698e-02
4.115164279937744141e-02,1.254762530326843262e+00,2.062063477933406830e-02
5.695976689457893372e-02,4.014487266540527344e+00,1.888825185596942902e-02
6.773611158132553101e-02,1.191897273063659668e+00,2.089917659759521484e-02
5.489241331815719604e-02,3.243749141693115234e+00,1.848925463855266571e-02
3.819289803504943848e-02,1.237734079360961914e+00,1.911901496350765228e-02
6.046897917985916138e-02,4.208343505859375000e+00,1.174798328429460526e-02
7.578150182962417603e-02,1.484966278076171875e-01,1.811500079929828644e-02
8.984635770320892334e-02,1.195958018302917480e+00,2.054909802973270416e-02
4.086555168032646179e-02,4.111181735992431641e+00,1.628224737942218781e-02
6.771993637084960938e-02,1.187310338020324707e+00,1.762986928224563599e-02
4.260285943746566772e-02,2.842150449752807617e+00,2.518512867391109467e-02
6.882668286561965942e-02,3.859158039093017578e+00,2.130366116762161255e-02
7.139205187559127808e-02,4.254285335540771484e+00,2.194335870444774628e-02
6.003257632255554199e-02,1.240740060806274414e+00,2.139015868306159973e-02
6.864278018474578857e-02,4.765281200408935547e+00,3.966826945543289185e-03
5.499969795346260071e-02,4.935916900634765625e+00,1.388505846261978149e-02
4.444704204797744751e-02,1.267134189605712891e+00,6.365723442286252975e-03
7.122422754764556885e-02,1.202603936195373535e+00,2.072007395327091217e-02
9.064299613237380981e-02,1.181406974792480469e+00,1.912610605359077454e-02
5.786726623773574829e-02,3.905814170837402344e+00,2.453052252531051636e-02
6.000259891152381897e-02,1.286409854888916016e+00,2.024772763252258301e-02
8.755314350128173828e-02,1.215775370597839355e+00,1.967480406165122986e-02
5.648588389158248901e-02,3.743431806564331055e+00,2.613944932818412781e-02
1.049789041280746460e-01,2.437682628631591797e+00,2.483893185853958130e-02
4.474060237407684326e-02,1.257752180099487305e+00,2.395128272473812103e-02
7.317039370536804199e-02,1.749080419540405273e-01,1.488120388239622116e-02
4.439716786146163940e-02,1.082744956016540527e+00,2.329046465456485748e-02
3.468368947505950928e-02,1.278967499732971191e+00,1.876619085669517517e-02
6.225667893886566162e-02,3.680072546005249023e+00,2.580805681645870209e-02
4.106931388378143311e-02,4.768889904022216797e+00,1.644406095147132874e-02
5.751446634531021118e-02,4.946844100952148438e+00,2.372264117002487183e-02
3.602872416377067566e-02,4.957350730895996094e+00,2.332659624516963959e-02
3.095512464642524719e-02,3.182551860809326172e+00,1.699420809745788574e-02
3.739950060844421387e-02,1.179083347320556641e+00,1.855064742267131805e-02
6.598772108554840088e-02,3.385760068893432617e+00,2.282655611634254456e-02
3.949077799916267395e-02,1.185500979423522949e+00,1.378546468913555145e-02
6.952563673257827759e-02,4.272331237792968750e+00,2.408141829073429108e-02
7.958902418613433838e-02,1.089499950408935547e+00,1.616453565657138824e-02
5.837088823318481445e-02,3.871554613113403320e+00,1.933362893760204315e-02
6.656052172183990479e-02,3.891988277435302734e+00,2.445101179182529449e-02
6.244443356990814209e-02,3.646783828735351562e+00,2.338074147701263428e-02
4.036550968885421753e-02,3.869409799575805664e+00,1.345024071633815765e-02
6.414147466421127319e-02,4.501323223114013672e+00,2.516473270952701569e-02
6.174803152680397034e-02,3.411113023757934570e+00,2.410585060715675354e-02
5.404428765177726746e-02,3.416108131408691406e+00,2.387617342174053192e-02
6.509209424257278442e-02,3.679626226425170898e+00,2.568071708083152771e-02
4.956163465976715088e-02,1.191179037094116211e+00,1.846502907574176788e-02
3.421926870942115784e-02,3.682089805603027344e+00,1.931535638868808746e-02
8.019924163818359375e-02,9.191707968711853027e-01,2.115250937640666962e-02
3.907933086156845093e-02,1.219872593879699707e+00,1.893742755055427551e-02
5.955766141414642334e-02,3.792897701263427734e+00,2.419985271990299225e-02
4.280135780572891235e-02,1.310588717460632324e+00,1.606411300599575043e-02
6.329792737960815430e-02,1.261600613594055176e+00,1.969090290367603302e-02
7.106840610504150391e-02,4.287717819213867188e+00,1.528848242014646530e-02
5.321385711431503296e-02,3.916693925857543945e+00,2.360068634152412415e-02
7.228326797485351562e-02,1.352386951446533203e+00,2.465630881488323212e-02
6.589750945568084717e-02,8.616502583026885986e-02,2.100622467696666718e-02
6.603071093559265137e-02,1.061884641647338867e+00,1.834286563098430634e-02
7.220444828271865845e-02,1.193718433380126953e+00,1.706978306174278259e-02
4.747132211923599243e-02,2.603068828582763672e+00,2.345823124051094055e-02
6.368803232908248901e-02,1.203243374824523926e+00,6.404028739780187607e-03
7.599114626646041870e-02,3.785958051681518555e+00,2.293536439538002014e-02
3.785115107893943787e-02,3.891149044036865234e+00,2.195666357874870300e-02
8.635023236274719238e-02,1.176274776458740234e+00,1.979236118495464325e-02
5.498627200722694397e-02,1.204341530799865723e+00,2.396960742771625519e-02
4.330742359161376953e-02,1.304599285125732422e+00,2.000003680586814880e-02
4.974019899964332581e-02,1.031706333160400391e+00,1.816428080201148987e-02
6.691452860832214355e-02,3.928508996963500977e+00,2.186022698879241943e-02
3.956064954400062561e-02,2.631270170211791992e+00,1.740159094333648682e-02
5.752885341644287109e-02,4.108859062194824219e+00,1.677069067955017090e-02
3.742039576172828674e-02,3.423145771026611328e+00,2.600227482616901398e-02
6.830069422721862793e-02,1.228545784950256348e+00,4.730655811727046967e-03
5.104699358344078064e-02,3.777503013610839844e+00,2.331158332526683807e-02
5.254109948873519897e-02,4.379602432250976562e+00,2.577047608792781830e-02
6.477058678865432739e-02,3.022251844406127930e+00,2.574014104902744293e-02
7.573702931404113770e-02,3.917255163192749023e+00,2.517022006213665009e-02
5.707734450697898865e-02,3.622890949249267578e+00,2.244319207966327667e-02
6.169564276933670044e-02,4.908897876739501953e+00,2.072038501501083374e-02
8.825784176588058472e-02,4.522141933441162109e+00,2.226512506604194641e-02
6.625705212354660034e-02,1.287597775459289551e+00,2.352681942284107208e-02
5.528011173009872437e-02,3.570944786071777344e+00,2.239670790731906891e-02
6.042791530489921570e-02,3.567402601242065430e+00,2.115478739142417908e-02
1.139477565884590149e-01,4.512535572052001953e+00,2.360156551003456116e-02
9.203087538480758667e-02,4.758106231689453125e+00,2.167988009750843048e-02
7.179138064384460449e-02,1.293162465095520020e+00,2.018618024885654449e-02
5.233399942517280579e-02,2.382573843002319336e+00,2.007043547928333282e-02
6.469637900590896606e-02,2.603080272674560547e+00,2.220714837312698364e-02
3.663367405533790588e-02,3.444492816925048828e+00,1.872830092906951904e-02
5.678519234061241150e-02,3.960379600524902344e+00,2.185774222016334534e-02
6.108814477920532227e-02,1.210350513458251953e+00,2.175804413855075836e-02
2.057699561119079590e-01,4.570488929748535156e+00,2.238340489566326141e-02
3.897514566779136658e-02,3.431866884231567383e+00,2.342562004923820496e-02
5.176074430346488953e-02,3.903943538665771484e+00,2.271050028502941132e-02
6.824754923582077026e-02,4.247292518615722656e+00,2.342613786458969116e-02
6.938558816909790039e-02,4.044277667999267578e+00,2.604958601295948029e-02
6.623010337352752686e-02,1.201510787010192871e+00,1.952644810080528259e-02
2.430135160684585571e-01,1.157219052314758301e+00,2.313734591007232666e-02
7.425390928983688354e-02,1.251228451728820801e+00,2.364949882030487061e-02
6.426014751195907593e-02,2.416773319244384766e+00,2.523616701364517212e-02
5.636032298207283020e-02,2.741460800170898438e+00,2.196944877505302429e-02
2.647662460803985596e-01,1.647141218185424805e+00,2.328218147158622742e-02
6.480889767408370972e-02,1.172745466232299805e+00,2.028965577483177185e-02
4.638418927788734436e-02,3.773463249206542969e+00,1.614248380064964294e-02
5.943829566240310669e-02,3.704831361770629883e+00,2.213250473141670227e-02
7.190187275409698486e-02,1.326890110969543457e+00,1.768039166927337646e-02
6.635954976081848145e-02,4.266013622283935547e+00,2.603260800242424011e-02
7.673009485006332397e-02,2.430806159973144531e+00,2.395242266356945038e-02
6.621664017438888550e-02,5.160690546035766602e-01,1.187444292008876801e-02
4.227628931403160095e-02,1.175446391105651855e+00,2.239567227661609650e-02
3.861714899539947510e-02,1.314104318618774414e+00,8.888750337064266205e-03
6.368851661682128906e-02,1.794382810592651367e+00,2.049396932125091553e-02
3.853636980056762695e-02,3.807284832000732422e+00,2.275615744292736053e-02
6.083929538726806641e-02,3.685455083847045898e+00,2.247777022421360016e-02
6.294561177492141724e-02,4.361359119415283203e+00,2.414058335125446320e-02
5.896152183413505554e-02,3.633931875228881836e+00,2.410191670060157776e-02
5.139128863811492920e-02,3.577020645141601562e+00,2.075579017400741577e-02
5.990013107657432556e-02,4.961224555969238281e+00,2.510976046323776245e-02
8.210933208465576172e-02,1.244449019432067871e+00,1.750894822180271149e-02
6.619086116552352905e-02,1.250638723373413086e+00,1.713821478188037872e-02
6.109919399023056030e-02,3.955482482910156250e+00,1.686096750199794769e-02
1.092163920402526855e-01,7.323178648948669434e-01,2.163163758814334869e-02
7.316660135984420776e-02,1.228320956230163574e+00,2.065003663301467896e-02
5.781663209199905396e-02,3.999704837799072266e+00,2.492755092680454254e-02
3.488624468445777893e-02,2.779003381729125977e+00,1.757065206766128540e-02
5.918135493993759155e-02,1.185408592224121094e+00,2.249081432819366455e-02
6.746567785739898682e-02,1.658616185188293457e+00,2.221543155610561371e-02
6.660695374011993408e-02,1.286275029182434082e+00,2.343452349305152893e-02
6.415724009275436401e-02,4.870353221893310547e+00,2.490746602416038513e-02
7.051845639944076538e-02,8.651032447814941406e-01,2.084886282682418823e-02
4.064746946096420288e-02,3.881534814834594727e+00,2.221605181694030762e-02
3.546287119388580322e-02,1.313545465469360352e+00,1.709193922579288483e-02
3.775766864418983459e-02,2.578397989273071289e+00,2.237331122159957886e-02
4.683556407690048218e-02,4.016494274139404297e+00,2.275305055081844330e-02
8.345037698745727539e-02,4.396045207977294922e-01,2.005956508219242096e-02
6.160639598965644836e-02,3.840589046478271484e+00,2.448714338243007660e-02
7.916146516799926758e-02,2.625376701354980469e+00,2.245918661355972290e-02
7.196685671806335449e-02,2.744664549827575684e-01,1.832904480397701263e-02
9.586200863122940063e-02,3.694150447845458984e+00,1.991297118365764618e-02
4.476180672645568848e-02,3.444295167922973633e+00,2.110757865011692047e-02
7.671732455492019653e-02,1.443933043628931046e-02,1.781611703336238861e-02
5.153746902942657471e-02,1.237883925437927246e+00,1.851260103285312653e-02
4.975149035453796387e-02,4.242490604519844055e-02,1.473652385175228119e-02
5.907537788152694702e-02,4.058379650115966797e+00,2.627098187804222107e-02
9.059081226587295532e-02,9.849805235862731934e-01,2.142142318189144135e-02
7.733666151762008667e-02,3.676738977432250977e+00,2.525490708649158478e-02
6.363736838102340698e-02,1.092750191688537598e+00,2.388461120426654816e-02
5.760929360985755920e-02,1.513766169548034668e+00,2.147039212286472321e-02
4.485704377293586731e-02,2.907613039016723633e+00,2.585816383361816406e-02
5.926410108804702759e-02,1.187094449996948242e+00,2.090217918157577515e-02
7.103960216045379639e-02,1.298056006431579590e+00,2.323197200894355774e-02
3.586849942803382874e-02,2.384412527084350586e+00,1.449540723115205765e-02
7.280730456113815308e-02,4.819799900054931641e+00,2.524206973612308502e-02
5.177220702171325684e-02,1.272522211074829102e+00,1.325467717833817005e-03
5.639164522290229797e-02,1.529523253440856934e+00,1.729107461869716644e-02
6.719576567411422729e-02,3.029077053070068359e+00,2.593570575118064880e-02
6.988201290369033813e-02,4.113707065582275391e+00,2.247042022645473480e-02
9.373005479574203491e-02,4.190580368041992188e+00,2.219177410006523132e-02
6.570042669773101807e-02,1.256776094436645508e+00,1.805702596902847290e-02
5.799613147974014282e-02,4.802922248840332031e+00,2.424302510917186737e-02
5.958426743745803833e-02,2.986487388610839844e+00,2.342753484845161438e-02
6.625643372535705566e-02,1.182758092880249023e+00,2.166093513369560242e-02
7.631530612707138062e-02,1.215001583099365234e+00,2.419923245906829834e-02
1.992616653442382812e-01,4.021085262298583984e+00,2.354809455573558807e-02
9.092595428228378296e-02,2.423878192901611328e+00,1.986348442733287811e-02
3.271680325269699097e-02,2.682733535766601562e+00,2.156496420502662659e-02
7.348728924989700317e-02,1.137545704841613770e+00,1.849205046892166138e-02
6.132050976157188416e-02,1.255313515663146973e+00,2.019156329333782196e-02
4.415554553270339966e-02,1.265709280967712402e+00,1.987714879214763641e-02
4.665235057473182678e-02,2.712013721466064453e+00,2.155720070004463196e-02
7.124722003936767578e-02,4.070190429687500000e+00,9.102379903197288513e-03
4.346609488129615784e-02,1.265504837036132812e+00,1.706243306398391724e-02
7.694315165281295776e-02,3.739600256085395813e-02,2.092754282057285309e-02
1.041207611560821533e-01,2.242587506771087646e-02,1.860241033136844635e-02
5.939172580838203430e-02,3.971097707748413086e+00,1.510855089873075485e-02
5.895842239260673523e-02,2.469988822937011719e+00,2.153411321341991425e-02
6.641617417335510254e-02,1.111480236053466797e+00,1.868088543415069580e-02
6.529097259044647217e-02,3.758059024810791016e+00,2.190179377794265747e-02
7.353609055280685425e-02,3.363982677459716797e+00,2.116498537361621857e-02
5.726155638694763184e-02,2.617114543914794922e+00,2.070299163460731506e-02
5.508378148078918457e-02,4.020805358886718750e+00,1.117154024541378021e-02
2.104639708995819092e-01,1.505811214447021484e-01,1.518609374761581421e-02
5.854763090610504150e-02,3.654968261718750000e+00,2.449268288910388947e-02
7.132744789123535156e-02,1.256643056869506836e+00,2.142427116632461548e-02
1.409639120101928711e-01,1.275255203247070312e+00,2.089814096689224243e-02
5.778479576110839844e-02,3.677841424942016602e+00,2.475983649492263794e-02
4.219860583543777466e-02,4.719579696655273438e+00,2.228976413607597351e-02
5.142085626721382141e-02,2.397887229919433594e+00,2.265842631459236145e-02
6.656087189912796021e-02,1.345595598220825195e+00,1.919060386717319489e-02
7.031136006116867065e-02,1.092137455940246582e+00,2.127788215875625610e-02
7.004781067371368408e-02,1.109653353691101074e+00,2.164545841515064240e-02
6.946819275617599487e-02,1.255411863327026367e+00,2.202504314482212067e-02
4.588394239544868469e-02,2.427391052246093750e+00,1.823996007442474365e-02
6.667737662792205811e-02,1.255088210105895996e+00,2.164768427610397339e-02
3.709065914154052734e-02,3.955755472183227539e+00,1.540200132876634598e-02
5.260439589619636536e-02,5.508459638804197311e-03,1.962438598275184631e-02
7.080984860658645630e-02,1.228248357772827148e+00,1.142585650086402893e-02
5.815043300390243530e-02,1.377657175064086914e+00,1.797492802143096924e-02
4.162886738777160645e-02,1.226985931396484375e+00,1.446993928402662277e-02
3.907630220055580139e-02,1.226650834083557129e+00,2.170969732105731964e-02
6.766145676374435425e-02,1.195313692092895508e+00,2.075025252997875214e-02
6.099163368344306946e-02,3.980564594268798828e+00,1.708526164293289185e-02
1.062413007020950317e-01,1.207031607627868652e+00,1.991069316864013672e-02
6.950853019952774048e-02,1.407305359840393066e+00,2.040736749768257141e-02
2.221785485744476318e-01,1.395856976509094238e+00,1.701812259852886200e-02
6.820032745599746704e-02,9.485905766487121582e-01,1.945672370493412018e-02
6.114022061228752136e-02,3.805987596511840820e+00,2.438081987202167511e-02
3.232401236891746521e-02,3.812519788742065430e+00,2.233334816992282867e-02
6.510641425848007202e-02,4.806764602661132812e+00,2.314148843288421631e-02
7.476448267698287964e-02,1.185599327087402344e+00,1.614589989185333252e-02
1.043601185083389282e-01,4.074442386627197266e+00,2.547521330416202545e-02
5.371816456317901611e-02,2.571331739425659180e+00,2.233547158539295197e-02
5.858618021011352539e-02,3.848938941955566406e+00,2.501161582767963409e-02
3.830927237868309021e-02,3.579422950744628906e+00,2.267587184906005859e-02
5.441852658987045288e-02,3.832070827484130859e+00,2.311115339398384094e-02
6.775394082069396973e-02,1.233664751052856445e+00,1.274019479751586914e-02
4.020504653453826904e-02,1.213971257209777832e+00,1.894167065620422363e-02
5.542450025677680969e-02,3.789851188659667969e+00,2.348758094012737274e-02
4.578171670436859131e-02,2.346154212951660156e+00,2.298143319785594940e-02
7.526627928018569946e-02,4.975592195987701416e-01,9.222679771482944489e-03
5.325508862733840942e-02,2.444458484649658203e+00,2.072079852223396301e-02
6.373484432697296143e-02,2.821119546890258789e+00,2.494634129106998444e-02
4.818331450223922729e-02,3.068582296371459961e+00,2.159136533737182617e-02
4.818348959088325500e-02,4.093688011169433594e+00,2.648585289716720581e-02
4.955034330487251282e-02,2.369087457656860352e+00,2.452902123332023621e-02
3.863360360264778137e-02,2.763452768325805664e+00,2.401992119848728180e-02
6.638949364423751831e-02,1.333397269248962402e+00,1.238876953721046448e-02
6.771604716777801514e-02,1.631061732769012451e-02,2.303490601480007172e-02
7.498772442340850830e-02,3.713172197341918945e+00,2.501793019473552704e-02
5.646216869354248047e-02,3.942782640457153320e+00,2.166134864091873169e-02
7.225283980369567871e-02,4.228953123092651367e-01,2.178102731704711914e-02
8.671231567859649658e-02,1.197730779647827148e+00,1.885626092553138733e-02
6.870064139366149902e-02,1.202337741851806641e+00,1.954472064971923828e-02
7.822175323963165283e-02,6.743151694536209106e-02,1.765963435173034668e-02
5.201813206076622009e-02,3.793845415115356445e+00,2.621906250715255737e-02
5.329859629273414612e-02,3.903869152069091797e+00,1.351090893149375916e-02
4.357888549566268921e-02,1.241536974906921387e+00,2.233676612377166748e-02
6.279981136322021484e-02,1.221151351928710938e+00,1.631397753953933716e-02
7.655448466539382935e-02,2.628422737121582031e+00,2.113765291869640350e-02
6.486806273460388184e-02,2.368804931640625000e+00,2.047792263329029083e-02
5.813883244991302490e-02,4.026649475097656250e+00,2.083881944417953491e-02
6.173918396234512329e-02,1.243212103843688965e+00,2.081790752708911896e-02
7.396282255649566650e-02,1.158992409706115723e+00,2.051146514713764191e-02
5.670382454991340637e-02,3.544991835951805115e-02,1.798072643578052521e-02
7.943506538867950439e-02,1.308927536010742188e+00,2.346532233059406281e-02
6.137699261307716370e-02,2.844259500503540039e+00,3.193266224116086960e-03
5.785852298140525818e-02,4.040676116943359375e+00,2.266805432736873627e-02
6.293831765651702881e-02,3.815276384353637695e+00,2.265029959380626678e-02
7.039427757263183594e-02,1.268678188323974609e+00,1.779194176197052002e-02
7.828739285469055176e-02,1.333578210324048996e-02,1.108680292963981628e-02
1.078091263771057129e-01,1.218241214752197266e+00,1.650969684123992920e-02
8.826669305562973022e-02,1.661322474479675293e+00,2.241016738116741180e-02
5.668967962265014648e-02,3.693273305892944336e+00,2.345973253250122070e-02
6.549483537673950195e-02,2.754701137542724609e+00,2.458678930997848511e-02
4.564920067787170410e-02,3.858283519744873047e+00,2.627186104655265808e-02
5.800314992666244507e-02,3.901086330413818359e+00,2.195733599364757538e-02
6.633029133081436157e-02,1.386438369750976562e+00,2.320469170808792114e-02
7.343012094497680664e-02,1.215350985527038574e+00,1.642366684973239899e-02
5.695074796676635742e-02,1.135127902030944824e+00,2.087992057204246521e-02
6.734301149845123291e-02,1.312090516090393066e+00,1.907926052808761597e-02
6.127765774726867676e-02,2.789471626281738281e+00,2.019177004694938660e-02
4.236140847206115723e-02,4.919412612915039062e+00,1.903650350868701935e-02
4.376340657472610474e-02,1.825379490852355957e+00,2.376513928174972534e-02
8.004370331764221191e-02,1.252726078033447266e+00,1.930345036089420319e-02
3.572659194469451904e-02,3.872473955154418945e+00,1.382294204086065292e-02
5.612200498580932617e-02,3.160878419876098633e+00,2.461608685553073883e-02
5.566735938191413879e-02,3.761282682418823242e+00,2.540046721696853638e-02
6.283523142337799072e-02,3.931792736053466797e+00,2.294685505330562592e-02
7.759470492601394653e-02,4.512447834014892578e+00,2.368314564228057861e-02
4.494154453277587891e-02,3.471372604370117188e+00,1.930546946823596954e-02
5.852684006094932556e-02,4.106631278991699219e+00,1.726130954921245575e-02
6.403318792581558228e-02,1.187252283096313477e+00,2.669673878699541092e-03
5.732278525829315186e-02,3.473491191864013672e+00,2.154477685689926147e-02
7.024217396974563599e-02,1.372015953063964844e+00,2.850433578714728355e-03
6.519731879234313965e-02,1.259649395942687988e+00,1.483725663274526596e-02
6.158674135804176331e-02,2.833493709564208984e+00,2.449304424226284027e-02
5.327257513999938965e-02,1.210614204406738281e+00,2.044386230409145355e-02
5.675879493355751038e-02,3.823819160461425781e+00,1.921011880040168762e-02
5.958285555243492126e-02,3.452332258224487305e+00,2.666029706597328186e-02
8.608864247798919678e-02,1.066861391067504883e+00,9.005892090499401093e-03
1.043556779623031616e-01,2.218400001525878906e+00,1.947090588510036469e-02
1.613476574420928955e-01,3.914660215377807617e+00,2.357273362576961517e-02
5.935551598668098450e-02,3.960260868072509766e+00,2.470113523304462433e-02
5.559752508997917175e-02,4.466502189636230469e+00,2.492123655974864960e-02
4.917231947183609009e-02,1.338168382644653320e+00,2.098117209970951080e-02
9.736761450767517090e-02,3.871241092681884766e+00,2.454377338290214539e-02
4.860119894146919250e-02,2.712181329727172852e+00,1.234228536486625671e-02
6.627473980188369751e-02,4.353296756744384766e+00,2.399331517517566681e-02
8.943601697683334351e-02,1.124024033546447754e+00,2.135180123150348663e-02
7.325372099876403809e-02,2.441511392593383789e+00,1.986545138061046600e-02
4.499764740467071533e-02,1.350308537483215332e+00,2.233557403087615967e-02
5.891409143805503845e-02,2.658436775207519531e+00,2.053506858646869659e-02
6.275407224893569946e-02,1.321833968162536621e+00,1.988693326711654663e-02
6.376671791076660156e-02,1.725316405296325684e+00,2.143291570246219635e-02
1.434904932975769043e-01,4.299807071685791016e+00,9.362545679323375225e-04
6.297469884157180786e-02,4.253867149353027344e+00,2.575536072254180908e-02
5.056037753820419312e-02,1.258783102035522461e+00,1.895689032971858978e-02
6.185954809188842773e-02,3.918331861495971680e+00,2.274280227720737457e-02
6.655979901552200317e-02,2.515062332153320312e+00,2.290316671133041382e-02
6.819102913141250610e-02,9.641016721725463867e-01,1.940816827118396759e-02
4.110762104392051697e-02,3.909122228622436523e+00,1.692091114819049835e-02
5.910301581025123596e-02,3.410202026367187500e+00,2.195536904036998749e-02
1.187029108405113220e-01,1.548304222524166107e-02,1.582382619380950928e-02
5.217535793781280518e-02,1.236811399459838867e+00,1.998569816350936890e-02
4.668955504894256592e-02,3.903150081634521484e+00,1.070789061486721039e-02
5.459943413734436035e-02,1.642624497413635254e+00,1.864734105765819550e-02
5.722455307841300964e-02,1.235853672027587891e+00,5.343074910342693329e-03
2.573886215686798096e-01,1.226800918579101562e+00,2.377347461879253387e-02
6.648869067430496216e-02,2.837445259094238281e+00,2.389377355575561523e-02
6.530504673719406128e-02,4.250850677490234375e+00,7.599672302603721619e-03
3.768597170710563660e-02,4.113168716430664062e+00,2.639930322766304016e-02
6.524685025215148926e-02,1.164020061492919922e+00,1.839514821767807007e-02
2.489189058542251587e-01,1.094551444053649902e+00,1.873285509645938873e-02
5.667274445295333862e-02,3.925382375717163086e+00,2.266619168221950531e-02
6.198696792125701904e-02,3.871607542037963867e+00,2.477660775184631348e-02
6.051671877503395081e-02,4.154549121856689453e+00,2.233821526169776917e-02
8.322823792695999146e-02,1.277953743934631348e+00,1.842092536389827728e-02
6.378530710935592651e-02,1.256862044334411621e+00,1.965342648327350616e-02
1.378787159919738770e-01,1.316696405410766602e+00,1.217224076390266418e-02
1.213978007435798645e-01,2.492467403411865234e+00,8.647478185594081879e-03
2.329947948455810547e-01,1.224414587020874023e+00,1.799677312374114990e-02
1.047929376363754272e-01,2.492012262344360352e+00,2.486098185181617737e-02
5.959249287843704224e-02,4.948120117187500000e+00,2.320158667862415314e-02
6.997570395469665527e-02,2.861232519149780273e+00,2.262767963111400604e-02
5.971103161573410034e-02,4.820791244506835938e+00,2.533803880214691162e-02
6.189603358507156372e-02,1.272333741188049316e+00,2.007436938583850861e-02
5.694992467761039734e-02,4.104170322418212891e+00,1.677814498543739319e-02
5.843669548630714417e-02,3.731578588485717773e+00,2.204114198684692383e-02
7.168991863727569580e-02,1.606392711400985718e-01,1.889099553227424622e-02
8.158588409423828125e-02,3.354327917098999023e+00,2.405574358999729156e-02
7.497330009937286377e-02,1.451525568962097168e+00,2.306622266769409180e-02
6.492867320775985718e-02,1.108757138252258301e+00,1.898349635303020477e-02
1.002238914370536804e-01,2.324230670928955078e+00,2.002757601439952850e-02
7.312867045402526855e-02,1.643385529518127441e+00,1.997105032205581665e-02
5.569014698266983032e-02,2.443821430206298828e+00,1.033622585237026215e-02
3.802286833524703979e-02,2.836059570312500000e+00,1.320922840386629105e-02
6.018412485718727112e-02,2.499512434005737305e+00,1.451098825782537460e-02
3.419737890362739563e-02,1.219782114028930664e+00,2.745352918282151222e-03
6.725303828716278076e-02,1.211667537689208984e+00,2.066634222865104675e-02
4.330015927553176880e-02,4.883418083190917969e+00,2.526644989848136902e-02
4.504297673702239990e-02,1.265788197517395020e+00,2.349343150854110718e-02
5.918152630329132080e-02,3.891238927841186523e+00,2.412039600312709808e-02
6.110449507832527161e-02,4.273246288299560547e+00,2.300638332962989807e-02
9.269265830516815186e-02,1.137306451797485352e+00,1.869957149028778076e-02
6.484496593475341797e-02,1.841076649725437164e-02,1.934460178017616272e-02
4.903963208198547363e-02,3.993739128112792969e+00,2.205133996903896332e-02
4.371205344796180725e-02,1.168662905693054199e+00,2.094835229218006134e-02
4.826795309782028198e-02,3.566565513610839844e+00,2.383274398744106293e-02
8.976808935403823853e-02,4.331357002258300781e+00,2.459382824599742889e-02
3.765916079282760620e-02,4.985349655151367188e+00,2.257969416677951813e-02
6.501585990190505981e-02,1.253540396690368652e+00,2.164882235229015350e-02
6.981303542852401733e-02,1.171599149703979492e+00,9.480567649006843567e-03
7.254186272621154785e-02,3.946893453598022461e+00,2.517865784466266632e-02
6.015982478857040405e-02,4.009831905364990234e+00,2.214772440493106842e-02
6.158942729234695435e-02,1.118496060371398926e+00,2.359514683485031128e-02
5.890889465808868408e-02,4.026348590850830078e+00,2.205289155244827271e-02
5.887134000658988953e-02,4.023385524749755859e+00,1.129220239818096161e-02
4.330435767769813538e-02,3.711635112762451172e+00,2.335392683744430542e-02
7.699842751026153564e-02,1.196669697761535645e+00,2.217412367463111877e-02
5.816378444433212280e-02,4.079834461212158203e+00,2.650624886155128479e-02
8.291020244359970093e-02,9.499943256378173828e-02,2.071406878530979156e-02
6.702573597431182861e-02,3.663422822952270508e+00,3.235402051359415054e-03
6.126313284039497375e-02,1.197975754737854004e+00,1.595116406679153442e-02
7.541093975305557251e-02,1.142408698797225952e-03,2.233935333788394928e-02
4.374337568879127502e-02,1.271210908889770508e+00,1.428767852485179901e-02
5.769960954785346985e-02,1.135934829711914062e+00,1.585581572726368904e-03
6.317546218633651733e-02,1.313549399375915527e+00,3.048327285796403885e-03
6.167161837220191956e-02,4.027331829071044922e+00,1.735748723149299622e-02
5.473428964614868164e-02,3.710264205932617188e+00,2.608752995729446411e-02
6.330377608537673950e-02,3.956177949905395508e+00,2.291351929306983948e-02
3.587779402732849121e-02,3.528996467590332031e+00,2.109888195991516113e-02
4.647877439856529236e-02,4.223797798156738281e+00,2.224907651543617249e-02
6.857769936323165894e-02,1.241801619529724121e+00,1.886123046278953552e-02
4.305471479892730713e-02,2.370930910110473633e+00,2.127446606755256653e-02
7.244758307933807373e-02,1.258303046226501465e+00,2.396225742995738983e-02
6.666505336761474609e-02,2.624252319335937500e+00,2.262358926236629486e-02
6.103830784559249878e-02,1.224106073379516602e+00,8.242063224315643311e-03
2.319852709770202637e-01,4.825346469879150391e+00,2.434349805116653442e-02
4.396300390362739563e-02,2.525527954101562500e+00,1.206001639366149902e-02
7.126900553703308105e-02,4.891098022460937500e+00,2.190536446869373322e-02
7.530162483453750610e-02,1.180092930793762207e+00,1.815672218799591064e-02
6.616890430450439453e-02,1.326034545898437500e+00,1.974566839635372162e-02
6.309802085161209106e-02,4.341326236724853516e+00,2.329486422240734100e-02
5.934095755219459534e-02,1.261232614517211914e+00,1.501092407852411270e-02
6.622847914695739746e-02,1.217518329620361328e+00,2.008161693811416626e-02
5.742539092898368835e-02,4.440900802612304688e+00,1.906694099307060242e-02
4.346403107047080994e-02,1.191550850868225098e+00,2.048050984740257263e-02
4.498322308063507080e-02,4.486756864935159683e-03,1.020862720906734467e-02
5.125110223889350891e-02,3.323231458663940430e+00,2.022479660809040070e-02
6.676363199949264526e-02,3.841475486755371094e+00,2.421631477773189545e-02
6.854513287544250488e-02,1.231373667716979980e+00,2.169447764754295349e-02
7.896610349416732788e-02,1.203414440155029297e+00,2.223344519734382629e-02
6.637087464332580566e-02,2.282907724380493164e+00,2.240850962698459625e-02
1.178759559988975525e-01,1.300365924835205078e+00,1.901248469948768616e-02
7.051033526659011841e-02,1.006799578666687012e+00,2.322684600949287415e-02
5.526830255985260010e-02,1.230667948722839355e+00,1.784386113286018372e-02
5.708474293351173401e-02,3.745015859603881836e+00,2.660144120454788208e-02
5.589662864804267883e-02,3.980267524719238281e+00,2.677485160529613495e-02
6.289122998714447021e-02,1.608272045850753784e-01,2.128119580447673798e-03
6.106040254235267639e-02,3.773680925369262695e+00,2.451985888183116913e-02
6.050226092338562012e-02,1.191962718963623047e+00,8.199824020266532898e-03
6.052360311150550842e-02,3.999301195144653320e+00,2.239717356860637665e-02
6.694949418306350708e-02,1.244225859642028809e+00,1.546675805002450943e-02
6.554742902517318726e-02,1.209792375564575195e+00,2.157857827842235565e-02
6.913528591394424438e-02,1.382369518280029297e+00,1.226810831576585770e-02
1.998229622840881348e-01,1.142303466796875000e+00,1.509674917906522751e-02
4.749689251184463501e-02,3.712160110473632812e+00,1.834845729172229767e-02
5.012941360473632812e-02,3.982685089111328125e+00,1.855023205280303955e-02
9.625858813524246216e-02,1.206408381462097168e+00,1.031013671308755875e-02
2.119427025318145752e-01,1.059627294540405273e+00,1.666498929262161255e-02
5.815996602177619934e-02,3.745284080505371094e+00,2.398979477584362030e-02
8.550290018320083618e-02,1.278135418891906738e+00,2.413256093859672546e-02
6.728308647871017456e-02,1.186723232269287109e+00,1.897583529353141785e-02
8.138422667980194092e-02,4.488994598388671875e+00,2.471200563013553619e-02
7.357312738895416260e-02,3.916071891784667969e+00,2.571772783994674683e-02
6.692753732204437256e-02,2.577615976333618164e+00,2.403617650270462036e-02
5.920827016234397888e-02,3.863111734390258789e+00,2.506286278367042542e-02
6.498570740222930908e-02,1.166288256645202637e+00,2.132514305412769318e-02
4.373604431748390198e-02,4.858487606048583984e+00,2.091739885509014130e-02
5.340529605746269226e-02,2.791512250900268555e+00,1.962899416685104370e-02
6.463652849197387695e-02,1.363095998764038086e+00,2.060153521597385406e-02
4.356615245342254639e-02,1.243888258934020996e+00,1.985163055360317230e-02
7.071464508771896362e-02,9.455089569091796875e-01,2.351822517812252045e-02
4.553221166133880615e-02,1.225904822349548340e+00,1.490542944520711899e-02
6.362006068229675293e-02,3.824895143508911133e+00,2.405864186584949493e-02
4.671217128634452820e-02,1.260928034782409668e+00,2.266582846641540527e-02
5.281665921211242676e-02,3.228015661239624023e+00,1.723760180175304413e-02
6.976144015789031982e-02,3.119410276412963867e-01,1.656601764261722565e-02
5.031083524227142334e-02,1.139948725700378418e+00,1.614724658429622650e-02
4.566913098096847534e-02,4.042140007019042969e+00,1.670815981924533844e-02
5.742487311363220215e-02,1.188614010810852051e+00,1.719836518168449402e-02
5.610641092061996460e-02,1.097924709320068359e+00,2.352278120815753937e-02
5.721271410584449768e-02,2.396875143051147461e+00,1.982217654585838318e-02
6.649309396743774414e-02,1.254464387893676758e+00,2.107771113514900208e-02
4.898414760828018188e-02,1.473094820976257324e+00,2.040120773017406464e-02
6.070660799741744995e-02,2.610705137252807617e+00,2.355963736772537231e-02
5.967172607779502869e-02,4.010009288787841797e+00,2.423391491174697876e-02
4.135557636618614197e-02,3.968720912933349609e+00,2.652835100889205933e-02
5.483221262693405151e-02,2.729839563369750977e+00,1.572319678962230682e-02
6.870794296264648438e-02,9.114177823066711426e-01,1.911829039454460144e-02
4.818049445748329163e-02,1.277762770652770996e+00,6.006895564496517181e-03
6.167017295956611633e-02,2.448944330215454102e+00,2.329496853053569794e-02
7.692662626504898071e-02,1.256244063377380371e+00,2.159012295305728912e-02
5.028526112437248230e-02,1.218500018119812012e+00,1.947691105306148529e-02
6.802929937839508057e-02,1.254996180534362793e+00,2.150776609778404236e-02
7.198595255613327026e-02,3.820157289505004883e+00,2.623075991868972778e-02
6.728494912385940552e-02,1.219505548477172852e+00,1.890678331255912781e-02
8.166346698999404907e-02,3.777591466903686523e+00,2.496181800961494446e-02
5.456776916980743408e-02,3.956574678421020508e+00,2.104308083653450012e-02
7.613388448953628540e-02,1.235285520553588867e+00,2.038826607167720795e-02
5.971826240420341492e-02,2.768359184265136719e+00,2.289472892880439758e-02
6.362856179475784302e-02,4.080714225769042969e+00,2.186219394207000732e-02
5.984427034854888916e-02,3.669502019882202148e+00,2.388544008135795593e-02
5.113830789923667908e-02,3.491734743118286133e+00,2.611077204346656799e-02
6.550867110490798950e-02,1.237415552139282227e+00,1.873937807977199554e-02
4.866535589098930359e-02,3.830235004425048828e+00,2.469595894217491150e-02
4.906682297587394714e-02,1.263089060783386230e+00,1.811795122921466827e-02
6.958214938640594482e-02,1.140545487403869629e+00,2.330061048269271851e-02
9.002441167831420898e-02,1.284197330474853516e+00,8.755561895668506622e-03
5.122256651520729065e-02,2.372315168380737305e+00,2.195039950311183929e-02
7.491506636142730713e-02,1.153880119323730469e+00,2.325940690934658051e-02
8.250939100980758667e-02,1.181703507900238037e-01,1.884896308183670044e-02
6.829673051834106445e-02,1.378822445869445801e+00,1.192020252346992493e-02
5.322748422622680664e-02,1.239074230194091797e+00,2.130303904414176941e-02
6.468464434146881104e-02,2.451779603958129883e+00,2.265314757823944092e-02
5.966855958104133606e-02,3.893802165985107422e+00,2.438056096434593201e-02
5.811078101396560669e-02,2.331842660903930664e+00,2.278328128159046173e-02
5.483424291014671326e-02,1.247922420501708984e+00,1.931250840425491333e-02
7.684357464313507080e-02,2.496456861495971680e+00,1.844525523483753204e-02
7.648506015539169312e-02,9.999575018882751465e-01,2.383227832615375519e-02
5.730777978897094727e-02,4.173549652099609375e+00,2.357816882431507111e-02
3.986722230911254883e-02,1.209514379501342773e+00,1.888556033372879028e-02
4.043772071599960327e-02,1.047830581665039062e+00,1.754373498260974884e-02
5.829592049121856689e-02,3.927583932876586914e+00,1.743554696440696716e-02
7.358421385288238525e-02,1.217384576797485352e+00,4.446937236934900284e-03
4.507288709282875061e-02,1.227655649185180664e+00,1.840301603078842163e-02
3.851864114403724670e-02,3.408956289291381836e+00,2.169634215533733368e-02
5.170319601893424988e-02,3.786756753921508789e+00,2.036554180085659027e-02
6.364686787128448486e-02,1.181275486946105957e+00,1.052392181009054184e-02
6.198225170373916626e-02,1.131477475166320801e+00,2.327602170407772064e-02
6.820452213287353516e-02,1.160824298858642578e+00,1.862751692533493042e-02
7.271230220794677734e-02,3.909495830535888672e+00,2.016661316156387329e-02
5.673621594905853271e-02,1.137240648269653320e+00,2.385790087282657623e-02
4.191210120916366577e-02,1.316409945487976074e+00,2.051161974668502808e-02
7.039957493543624878e-02,1.080624461174011230e+00,1.960507780313491821e-02
6.017637997865676880e-02,3.737360477447509766e+00,2.415300719439983368e-02
4.590930789709091187e-02,3.830345869064331055e+00,2.558836899697780609e-02
5.360165610909461975e-02,1.204357624053955078e+00,7.211132440716028214e-03
2.296447753906250000e-01,3.380244255065917969e+00,2.346682362258434296e-02
4.089615121483802795e-02,3.726408481597900391e+00,2.413504570722579956e-02
7.169645279645919800e-02,1.182089805603027344e+00,1.118836365640163422e-02
6.314086914062500000e-02,1.260866880416870117e+00,2.114702202379703522e-02
4.607183486223220825e-02,1.296508669853210449e+00,2.214544638991355896e-02
1.738568097352981567e-01,2.492904424667358398e+00,2.091098017990589142e-02
9.434904903173446655e-02,1.019933372735977173e-01,6.113011855632066727e-03
6.049293279647827148e-02,2.766723632812500000e+00,2.253812737762928009e-02
7.014552503824234009e-02,4.244073390960693359e+00,2.405134215950965881e-02
8.505286276340484619e-02,1.154268383979797363e+00,2.012903243303298950e-02
5.594061315059661865e-02,4.006831645965576172e+00,1.805153861641883850e-02
6.804533302783966064e-02,1.221071481704711914e+00,1.616852171719074249e-02
3.663914650678634644e-02,3.792026996612548828e+00,2.297584339976310730e-02
4.736809805035591125e-02,2.348647117614746094e+00,1.770782656967639923e-02
4.787436872720718384e-02,1.241966605186462402e+00,2.102403156459331512e-02
5.903301015496253967e-02,2.898208379745483398e+00,2.299747988581657410e-02
1.377351880073547363e-01,1.466045379638671875e+00,2.086791209876537323e-02
6.605952233076095581e-02,1.253193974494934082e+00,2.209223248064517975e-02
7.914470136165618896e-02,4.996633529663085938e+00,2.731386944651603699e-02
6.741026788949966431e-02,1.162225246429443359e+00,2.266350015997886658e-02
1.266475170850753784e-01,4.490795612335205078e+00,9.106003679335117340e-03
7.082575559616088867e-02,1.222886323928833008e+00,2.039986290037631989e-02
3.558460995554924011e-02,2.931324481964111328e+00,1.589148119091987610e-02
6.312521547079086304e-02,4.212308406829833984e+00,2.475155331194400787e-02
7.456663995981216431e-02,2.602464914321899414e+00,2.330568246543407440e-02
4.934648051857948303e-02,3.792580842971801758e+00,2.549602277576923370e-02
5.106028169393539429e-02,3.340035200119018555e+00,2.317368425428867340e-02
5.906976759433746338e-02,1.310201406478881836e+00,2.390060573816299438e-02
3.688304126262664795e-02,3.353610515594482422e+00,2.284343168139457703e-02
4.190077632665634155e-02,2.548272371292114258e+00,1.355604641139507294e-02
1.187830045819282532e-01,1.080502271652221680e+00,1.576564274728298187e-02
3.777036815881729126e-02,1.215135335922241211e+00,2.071075607091188431e-03
5.694789439439773560e-02,1.074320912361145020e+00,1.896807178854942322e-02
5.821414291858673096e-02,3.345562219619750977e+00,2.074595540761947632e-02
4.038130864500999451e-02,2.855600833892822266e+00,2.409829199314117432e-02
3.642068803310394287e-02,3.889031648635864258e+00,1.587082631886005402e-02
6.710541248321533203e-02,1.159019112586975098e+00,2.066147699952125549e-02
8.107957988977432251e-02,1.252894043922424316e+00,2.400356531143188477e-02
7.533872872591018677e-02,1.209333896636962891e+00,1.895989291369915009e-02
6.183218583464622498e-02,3.781501531600952148e+00,2.495250105857849121e-02
2.285390943288803101e-01,4.098332405090332031e+00,2.271940372884273529e-02
2.173947840929031372e-01,4.085568428039550781e+00,2.351206541061401367e-02
5.046920105814933777e-02,1.282273054122924805e+00,2.193393930792808533e-02
6.478170305490493774e-02,4.902920246124267578e+00,2.573071978986263275e-02
5.803705379366874695e-02,1.229104399681091309e+00,1.862275414168834686e-02
4.887583106756210327e-02,3.723050594329833984e+00,2.322990074753761292e-02
4.142806306481361389e-02,1.248286724090576172e+00,7.366527803242206573e-03
4.070608690381050110e-02,2.862425804138183594e+00,2.182233519852161407e-02
4.206646978855133057e-02,3.812408685684204102e+00,2.120945043861865997e-02
4.348096251487731934e-02,1.262251019477844238e+00,1.925929449498653412e-02
6.579761952161788940e-02,1.208146095275878906e+00,7.410112768411636353e-03
6.673041731119155884e-02,1.195989608764648438e+00,1.091184094548225403e-03
4.221257939934730530e-02,2.745341062545776367e+00,2.532944642007350922e-02
7.047849893569946289e-02,9.906494021415710449e-01,2.035337872803211212e-02
4.002255573868751526e-02,1.275043368339538574e+00,1.954425498843193054e-02
5.419194698333740234e-02,4.192824363708496094e+00,2.292356081306934357e-02
9.605441242456436157e-02,8.691517114639282227e-01,1.992353051900863647e-02
7.252348214387893677e-02,1.242199420928955078e+00,2.010263316333293915e-02
6.858254969120025635e-02,5.153542757034301758e-01,1.563405804336071014e-02
7.260254025459289551e-02,1.237293243408203125e+00,1.824461854994297028e-02
5.557026341557502747e-02,4.298363208770751953e+00,2.205356582999229431e-02
5.753604695200920105e-02,3.938040256500244141e+00,2.568040601909160614e-02
5.452020093798637390e-02,1.021673798561096191e+00,2.066484093666076660e-02
5.203530937433242798e-02,1.274919748306274414e+00,1.765709742903709412e-02
6.300619244575500488e-02,2.424899101257324219e+00,1.999755203723907471e-02
5.525907874107360840e-02,3.569578409194946289e+00,2.493428066372871399e-02
3.693842142820358276e-02,1.233058333396911621e+00,2.081759646534919739e-02
4.377689957618713379e-02,4.300010681152343750e+00,2.246840111911296844e-02
5.053507909178733826e-02,3.915617942810058594e+00,2.173811569809913635e-02
7.582207769155502319e-02,1.215257883071899414e+00,2.219907380640506744e-02
7.201348990201950073e-02,3.858838319778442383e+00,2.570245787501335144e-02
7.085972279310226440e-02,1.210439920425415039e+00,1.339174807071685791e-02
3.710139542818069458e-02,2.447487831115722656e+00,2.037253044545650482e-02
4.664574190974235535e-02,2.908345699310302734e+00,2.582513727247714996e-02
1.029162332415580750e-01,7.592684775590896606e-02,1.916316896677017212e-02
3.889277949929237366e-02,3.729066610336303711e+00,2.298039756715297699e-02
6.057935953140258789e-02,3.786644697189331055e+00,2.284001372754573822e-02
7.505907863378524780e-02,4.847780227661132812e+00,2.511022612452507019e-02
8.112794160842895508e-02,2.114384621381759644e-02,1.966600492596626282e-02
4.802281782031059265e-02,4.230750083923339844e+00,1.652533002197742462e-02
7.137742638587951660e-02,3.887873649597167969e+00,2.635944634675979614e-02
4.279733076691627502e-02,2.424668312072753906e+00,2.081216126680374146e-02
5.794491246342658997e-02,3.987108230590820312e+00,2.312399074435234070e-02
5.599854141473770142e-02,3.350749969482421875e+00,2.328445948660373688e-02
5.057114735245704651e-02,2.477602243423461914e+00,1.622851565480232239e-02
7.406470179557800293e-02,1.200401544570922852e+00,2.241886220872402191e-02
4.064506292343139648e-02,2.442345619201660156e+00,2.324522286653518677e-02
2.219816595315933228e-01,4.978890895843505859e+00,2.052709832787513733e-02
3.632710129022598267e-02,2.650998830795288086e+00,9.685656055808067322e-03
4.460953548550605774e-02,2.052888125181198120e-01,1.819368265569210052e-02
6.544465571641921997e-02,2.818787097930908203e+00,2.130511030554771423e-02
5.467502027750015259e-02,1.671747684478759766e+00,2.047341875731945038e-02
5.953039973974227905e-02,3.761007785797119141e+00,2.240167744457721710e-02
5.074348673224449158e-02,3.866428852081298828e+00,1.149315014481544495e-02
5.037299916148185730e-02,6.197721883654594421e-02,1.652481220662593842e-02
6.019623950123786926e-02,4.377445697784423828e+00,1.872943900525569916e-02
6.009986624121665955e-02,2.343795776367187500e+00,2.831591526046395302e-03
6.699720025062561035e-02,1.159191966056823730e+00,1.960766687989234924e-02
4.561299458146095276e-02,1.339261889457702637e+00,2.001577429473400116e-02
7.348043471574783325e-02,3.988191366195678711e+00,2.334119379520416260e-02
7.731817662715911865e-02,4.840142726898193359e+00,2.514501102268695831e-02
7.776704430580139160e-02,4.093533039093017578e+00,2.198280394077301025e-02
6.734042614698410034e-02,1.119759917259216309e+00,2.140977606177330017e-02
6.658186763525009155e-02,2.300287246704101562e+00,2.445862069725990295e-02
2.432023733854293823e-01,1.173371195793151855e+00,1.634327694773674011e-02
4.970977455377578735e-02,4.910313129425048828e+00,2.279549837112426758e-02
6.169918924570083618e-02,2.356458425521850586e+00,1.627655327320098877e-02
5.449218675494194031e-02,3.426358222961425781e+00,2.486243285238742828e-02
5.733968690037727356e-02,1.344599962234497070e+00,5.324440076947212219e-03
2.685024738311767578e-01,4.067097187042236328e+00,2.598953992128372192e-02
7.666821032762527466e-02,1.218555092811584473e+00,1.917683519423007965e-02
5.806118249893188477e-02,2.313436985015869141e+00,2.235540002584457397e-02
3.359989821910858154e-02,3.636619091033935547e+00,2.370571531355381012e-02
3.655554354190826416e-02,4.320518493652343750e+00,2.478613145649433136e-02
4.828887805342674255e-02,4.342148303985595703e+00,2.307134680449962616e-02
6.547783315181732178e-02,4.765978336334228516e+00,2.247419953346252441e-02
8.219562470912933350e-02,1.886074803769588470e-02,1.654272340238094330e-02
6.175119802355766296e-02,1.054470419883728027e+00,2.283607982099056244e-02
3.665263950824737549e-02,4.173016071319580078e+00,1.980902813374996185e-02
4.370998963713645935e-02,1.559846758842468262e+00,2.005790919065475464e-02
6.094444543123245239e-02,3.847541809082031250e+00,2.309552207589149475e-02
4.878978431224822998e-02,3.854817390441894531e+00,2.292107604444026947e-02
4.513945430517196655e-02,1.254912018775939941e+00,2.300400286912918091e-02
6.171636655926704407e-02,4.077656269073486328e+00,2.252347767353057861e-02
7.434136420488357544e-02,1.085511326789855957e+00,2.418111450970172882e-02
6.249520182609558105e-02,1.208759784698486328e+00,1.480480004101991653e-02
4.556900635361671448e-02,9.097521305084228516e-01,2.203974314033985138e-02
3.937777876853942871e-02,3.784096002578735352e+00,2.514646016061306000e-02
6.641066074371337891e-02,1.160790801048278809e+00,1.931675337255001068e-02
1.014779210090637207e-01,1.131988286972045898e+00,1.865003257989883423e-02
6.836092472076416016e-02,1.178267598152160645e+00,2.008120343089103699e-02
6.420008838176727295e-02,2.437834262847900391e+00,2.170586585998535156e-02
4.445051774382591248e-02,4.026533126831054688e+00,1.981643028557300568e-02
5.276513099670410156e-02,3.950115680694580078e+00,2.306529134511947632e-02
6.934496760368347168e-02,1.220535278320312500e+00,2.258300594985485077e-02
6.849347054958343506e-02,4.500889182090759277e-01,2.353096008300781250e-02
6.844270229339599609e-02,1.357430577278137207e+00,2.203663811087608337e-02
5.986767634749412537e-02,2.409034013748168945e+00,2.211480215191841125e-02
5.628545954823493958e-02,2.385183572769165039e+00,2.030104398727416992e-02
6.864426285028457642e-02,1.110601663589477539e+00,1.829239726066589355e-02
5.810575559735298157e-02,3.795406341552734375e+00,2.616667747497558594e-02
6.077761575579643250e-02,4.134388923645019531e+00,2.452410385012626648e-02
6.013697013258934021e-02,1.869274973869323730e+00,1.948700472712516785e-02
8.047848194837570190e-02,2.371798276901245117e+00,2.346418425440788269e-02
2.348710298538208008e-01,4.451819419860839844e+00,1.995903998613357544e-02
5.785938352346420288e-02,2.907080650329589844e+00,2.234308049082756042e-02
5.245666950941085815e-02,1.219795584678649902e+00,2.360135875642299652e-02
7.795652002096176147e-02,1.206627726554870605e+00,1.815817318856716156e-02
4.941019043326377869e-02,4.324068069458007812e+00,1.241724006831645966e-02
7.037365436553955078e-02,4.800434589385986328e+00,2.561808191239833832e-02
4.724632203578948975e-02,1.258266687393188477e+00,2.179842069745063782e-02
2.571620047092437744e-01,1.216069340705871582e+00,2.352904528379440308e-02
5.124387145042419434e-02,2.675128698348999023e+00,2.182243950664997101e-02
3.842392191290855408e-02,3.827638387680053711e+00,1.003801357001066208e-02
6.102226674556732178e-02,3.872089385986328125e+00,2.176384255290031433e-02
5.843631550669670105e-02,1.185975432395935059e+00,2.083737030625343323e-02
7.043240964412689209e-02,4.826695919036865234e+00,2.296802774071693420e-02
1.346103399991989136e-01,4.010055065155029297e+00,2.129693143069744110e-02
9.799087792634963989e-02,9.035393595695495605e-01,2.036611177027225494e-02
5.926747247576713562e-02,4.065363407135009766e+00,2.316384948790073395e-02
5.142295733094215393e-02,2.383277654647827148e+00,2.088892832398414612e-02
5.345592647790908813e-02,1.243659138679504395e+00,1.974323578178882599e-02
5.716352909803390503e-02,1.214104294776916504e+00,1.280748844146728516e-02
4.451921954751014709e-02,3.792515516281127930e+00,2.384071610867977142e-02
6.240795180201530457e-02,3.935456752777099609e+00,2.267613075673580170e-02
4.520509019494056702e-02,1.179697275161743164e+00,2.096005156636238098e-02
4.936603084206581116e-02,4.062397956848144531e+00,2.374495193362236023e-02
5.714738741517066956e-02,3.920519113540649414e+00,2.359110862016677856e-02
7.089170068502426147e-02,1.159959197044372559e+00,1.534537132829427719e-02
8.987527340650558472e-02,1.360717654228210449e+00,2.050059475004673004e-02
7.481903582811355591e-02,2.995813731104135513e-03,2.230679430067539215e-02
5.762588232755661011e-02,3.183231353759765625e+00,2.465377189218997955e-02
7.707280665636062622e-02,1.241307139396667480e+00,1.775710470974445343e-02
5.824577435851097107e-02,3.696311473846435547e+00,2.488365583121776581e-02
6.041507795453071594e-02,2.017626523971557617e+00,1.597088761627674103e-02
7.317909598350524902e-02,1.227581977844238281e+00,2.140936255455017090e-02
7.659141719341278076e-02,5.721378326416015625e-01,1.967930793762207031e-02
5.295588448643684387e-02,3.581040620803833008e+00,2.567460760474205017e-02
7.003820687532424927e-02,1.196424961090087891e+00,2.132333070039749146e-02
9.722666442394256592e-02,4.819472134113311768e-02,2.145098149776458740e-02
4.559750482439994812e-02,3.286986351013183594e+00,2.259713783860206604e-02
6.127535179257392883e-02,2.971798896789550781e+00,2.234566956758499146e-02
6.601715087890625000e-02,3.618422746658325195e+00,2.378237806260585785e-02
6.865110993385314941e-02,1.165835022926330566e+00,1.759606786072254181e-02
6.559327244758605957e-02,4.167139053344726562e+00,2.438723854720592499e-02
6.849219650030136108e-02,1.253349900245666504e+00,1.979650184512138367e-02
6.458393484354019165e-02,2.817501306533813477e+00,2.178692817687988281e-02
7.225704193115234375e-02,9.030892252922058105e-01,8.208882063627243042e-03
5.861288681626319885e-02,1.656729578971862793e+00,2.160575427114963531e-02
5.403647571802139282e-02,1.261937260627746582e+00,1.952106505632400513e-02
8.634836971759796143e-02,1.259806275367736816e+00,2.088457904756069183e-02
7.068477571010589600e-02,1.272421002388000488e+00,1.270489208400249481e-02
7.209517061710357666e-02,1.296014547348022461e+00,5.843166261911392212e-03
7.613126933574676514e-02,1.174084901809692383e+00,2.330940961837768555e-02
4.902675747871398926e-02,1.292357206344604492e+00,5.715464707463979721e-03
5.740652978420257568e-02,3.901066064834594727e+00,2.304629422724246979e-02
6.878407299518585205e-02,3.863188743591308594e+00,2.152986824512481689e-02
4.492267966270446777e-02,2.276493310928344727e+00,1.567194983363151550e-02
7.961159944534301758e-02,2.377786874771118164e+00,2.041311375796794891e-02
4.117625206708908081e-02,2.554754018783569336e+00,2.138223871588706970e-02
4.171364009380340576e-02,2.726630210876464844e+00,2.301642671227455139e-02
6.971597671508789062e-02,9.914154410362243652e-01,1.932244747877120972e-02
6.246677413582801819e-02,1.713587284088134766e+00,2.057912014424800873e-02
7.095995545387268066e-02,1.252436518669128418e+00,2.016982249915599823e-02
4.560634866356849670e-02,1.235095262527465820e+00,1.669418439269065857e-02
4.610666632652282715e-02,2.473633050918579102e+00,2.076707594096660614e-02
5.452636256814002991e-02,1.271713376045227051e+00,2.362827584147453308e-02
4.434258118271827698e-02,4.213083267211914062e+00,2.455661073327064514e-02
4.408846423029899597e-02,3.937238454818725586e+00,2.336189895868301392e-02
1.041538789868354797e-01,2.943724393844604492e+00,1.887691393494606018e-02
5.430907383561134338e-02,4.131034374237060547e+00,1.227090321481227875e-02
5.642802640795707703e-02,3.996380090713500977e+00,1.680123247206211090e-02
5.733951553702354431e-02,3.676908016204833984e+00,2.177937142550945282e-02
8.429928869009017944e-02,1.080913782119750977e+00,1.877530291676521301e-02
7.190383225679397583e-02,1.267953157424926758e+00,2.242818102240562439e-02
5.326310917735099792e-02,2.451542854309082031e+00,2.161445096135139465e-02
3.865741938352584839e-02,3.911781787872314453e+00,2.526267059147357941e-02
5.421132594347000122e-02,1.387178301811218262e+00,2.178485877811908722e-02
6.262110918760299683e-02,4.033678531646728516e+00,2.455857768654823303e-02
7.126349955797195435e-02,5.463975667953491211e-01,1.884751208126544952e-02
1.922308802604675293e-01,4.313359260559082031e+00,2.259330824017524719e-02
4.176922887563705444e-02,4.003311634063720703e+00,1.409863680601119995e-02
6.673923134803771973e-02,4.346164226531982422e+00,2.209492400288581848e-02
7.040026038885116577e-02,1.205256581306457520e+00,1.879911310970783234e-02
3.775546699762344360e-02,1.209463000297546387e+00,1.590085029602050781e-02
6.321394443511962891e-02,1.277238249778747559e+00,2.038360759615898132e-02
5.474654212594032288e-02,1.213407874107360840e+00,1.900264993309974670e-02
5.324221774935722351e-02,1.290337800979614258e+00,1.631454750895500183e-02
4.686929285526275635e-02,1.540502071380615234e+00,1.894249953329563141e-02
3.899803385138511658e-02,1.255103230476379395e+00,1.064215041697025299e-02
5.026488751173019409e-02,3.231498956680297852e+00,2.152883447706699371e-02
5.995888635516166687e-02,4.880294799804687500e+00,2.428816258907318115e-02
4.574715718626976013e-02,1.388850927352905273e+00,1.827174238860607147e-02
4.049117490649223328e-02,3.744962692260742188e+00,2.153928950428962708e-02
6.556852906942367554e-02,2.562742471694946289e+00,2.517912350594997406e-02
6.371295452117919922e-02,4.106511592864990234e+00,2.423898689448833466e-02
5.074252188205718994e-02,3.539682626724243164e+00,1.004557125270366669e-02
7.012477517127990723e-02,1.162365317344665527e+00,2.309790253639221191e-02
1.047757267951965332e-01,2.217667102813720703e+00,2.208638377487659454e-02
8.650281280279159546e-02,4.155296802520751953e+00,2.278825081884860992e-02
8.363968133926391602e-02,1.296603322029113770e+00,2.053900435566902161e-02
4.149889945983886719e-02,1.225561380386352539e+00,2.088219858705997467e-02
3.494985401630401611e-02,4.795646667480468750e+00,1.418435759842395782e-02
6.899358332157135010e-02,1.251546859741210938e+00,2.311679720878601074e-02
4.875143989920616150e-02,3.687986612319946289e+00,2.197545394301414490e-02
8.561727404594421387e-02,6.921682972460985184e-03,2.073498256504535675e-02
5.837928503751754761e-02,3.812947273254394531e+00,2.265376783907413483e-02
6.619468331336975098e-02,1.202960729598999023e+00,6.218817550688982010e-03
4.766582325100898743e-02,2.204329520463943481e-02,1.178520172834396362e-02
4.816393926739692688e-02,3.902295589447021484e+00,2.352205663919448853e-02
6.765952706336975098e-02,3.973891735076904297e+00,2.533306926488876343e-02
6.743270903825759888e-02,1.233710408210754395e+00,2.076143398880958557e-02
5.960102751851081848e-02,3.852067708969116211e+00,2.329310402274131775e-02
6.259326636791229248e-02,1.721215844154357910e+00,2.217557281255722046e-02
5.672881379723548889e-02,3.880609035491943359e+00,2.158908732235431671e-02
2.329880744218826294e-01,4.805139541625976562e+00,2.110644057393074036e-02
4.573972523212432861e-02,1.881621718406677246e+00,2.471956424415111542e-02
6.415919959545135498e-02,3.894868850708007812e+00,2.424426749348640442e-02
3.942152857780456543e-02,1.273036718368530273e+00,1.578075811266899109e-02
1.153684481978416443e-01,5.472185611724853516e-01,1.980612985789775848e-02
1.482622027397155762e-01,2.512590885162353516e+00,1.238923519849777222e-02
6.900979578495025635e-02,4.437179565429687500e+00,1.864993013441562653e-02
7.205259054899215698e-02,1.107374548912048340e+00,1.451543997973203659e-02
4.184267669916152954e-02,2.217586617916822433e-03,6.267889402806758881e-03
4.082345589995384216e-02,2.913583040237426758e+00,2.351325564086437225e-02
5.479252710938453674e-02,4.925259113311767578e+00,2.621367760002613068e-02
5.732433497905731201e-02,3.843518495559692383e+00,2.208457142114639282e-02
4.148643836379051208e-02,1.264236569404602051e+00,9.164030663669109344e-03
4.872755333781242371e-02,1.288940191268920898e+00,1.209982298314571381e-02
6.518630683422088623e-02,1.125721096992492676e+00,1.852714642882347107e-02
4.872218519449234009e-02,3.624192953109741211e+00,2.430804073810577393e-02
1.010267511010169983e-01,2.480207204818725586e+00,1.963323727250099182e-02
6.266784667968750000e-02,1.335935354232788086e+00,2.342308312654495239e-02
8.432909846305847168e-02,1.020294427871704102e-01,2.138280682265758514e-02
6.971931457519531250e-02,1.250741481781005859e+00,1.730825938284397125e-02
5.337899923324584961e-02,1.258208990097045898e+00,1.913982443511486053e-02
4.204774647951126099e-02,3.868447303771972656e+00,2.292086929082870483e-02
2.318522483110427856e-01,3.529184579849243164e+00,2.471247129142284393e-02
4.273368790745735168e-02,3.713638544082641602e+00,2.331210114061832428e-02
4.236905276775360107e-02,1.241703391075134277e+00,1.913237012922763824e-02
4.199006035923957825e-02,1.273086428642272949e+00,2.013255283236503601e-02
4.241617023944854736e-02,4.293909072875976562e+00,1.776600815355777740e-02
6.582450121641159058e-02,3.189572691917419434e-01,1.469464693218469620e-02
6.892133504152297974e-02,1.157326340675354004e+00,2.269621379673480988e-02
4.503220319747924805e-02,3.972302198410034180e+00,1.985639147460460663e-02
6.655260920524597168e-02,1.269294977188110352e+00,1.324101164937019348e-02
3.808540850877761841e-02,3.539695024490356445e+00,2.460133470594882965e-02
5.723718553781509399e-02,3.897927999496459961e+00,2.307440154254436493e-02
4.609172791242599487e-02,1.175578951835632324e+00,2.184594050049781799e-02
6.238058581948280334e-02,3.986757993698120117e+00,2.246224135160446167e-02
6.641764938831329346e-02,1.291164755821228027e+00,2.207043953239917755e-02
6.161052733659744263e-02,1.266051411628723145e+00,1.171511318534612656e-02
5.498847737908363342e-02,1.194039821624755859e+00,2.347557246685028076e-02
7.430140674114227295e-02,1.210838556289672852e+00,2.270615287125110626e-02
5.637715384364128113e-02,3.632428407669067383e+00,2.417914755642414093e-02
1.270741373300552368e-01,3.002841949462890625e+00,2.621212601661682129e-02
7.531477510929107666e-02,1.205389976501464844e+00,2.183517254889011383e-02
6.611531227827072144e-02,3.709535121917724609e+00,1.706968061625957489e-02
1.280644834041595459e-01,2.929967045783996582e-01,2.045203931629657745e-02
5.945546925067901611e-02,1.155081391334533691e+00,1.985665038228034973e-02
4.058813303709030151e-02,3.630619287490844727e+00,2.261711843311786652e-02
6.214216351509094238e-02,1.232518792152404785e+00,1.057376991957426071e-02
3.400921076536178589e-02,3.507142543792724609e+00,2.345207147300243378e-02
9.536131471395492554e-02,1.273517489433288574e+00,2.394263818860054016e-02
5.279827862977981567e-02,3.754107475280761719e+00,2.370395511388778687e-02
5.927714332938194275e-02,4.027098655700683594e+00,2.199605479836463928e-02
7.002925872802734375e-02,9.720783829689025879e-01,1.913226582109928131e-02
4.091428965330123901e-02,3.788524627685546875e+00,1.641362346708774567e-02
4.205941408872604370e-02,3.068856522440910339e-02,6.398334633558988571e-03
6.490805745124816895e-02,4.823047161102294922e+00,2.347847074270248413e-02
5.695370957255363464e-02,3.808223962783813477e+00,2.129900269210338593e-02
6.398603320121765137e-02,4.177865505218505859e+00,1.180202513933181763e-02
6.640942394733428955e-02,4.738229274749755859e+00,2.489820122718811035e-02
3.778644278645515442e-02,3.696564197540283203e+00,2.286486141383647919e-02
5.499092116951942444e-02,3.566391706466674805e+00,2.192079089581966400e-02
5.747264996170997620e-02,4.888938426971435547e+00,2.400439232587814331e-02
6.470051407814025879e-02,1.247355937957763672e+00,1.754652895033359528e-02
4.912684857845306396e-02,4.221616312861442566e-02,2.163619175553321838e-02
7.681559026241302490e-02,1.258924245834350586e+00,2.454092539846897125e-02
4.920219257473945618e-02,1.287404656410217285e+00,2.422200888395309448e-02
4.839726537466049194e-02,1.304028749465942383e+00,1.672948710620403290e-02
7.120088487863540649e-02,2.489344835281372070e+00,2.228717505931854248e-02
5.991579219698905945e-02,1.243941187858581543e+00,1.044053025543689728e-02
5.796160921454429626e-02,3.190050363540649414e+00,2.380582690238952637e-02
7.175762206315994263e-02,7.062764465808868408e-02,1.937095075845718384e-02
4.952046647667884827e-02,2.678127288818359375e+00,2.275087684392929077e-02
8.018715679645538330e-02,9.439595341682434082e-01,2.005433849990367889e-02
6.551741808652877808e-02,3.950764417648315430e+00,2.283478714525699615e-02
9.726669639348983765e-02,3.084901809692382812e+00,2.555663883686065674e-02
1.641987115144729614e-01,9.381627440452575684e-01,1.961367204785346985e-02
6.006314232945442200e-02,3.742998600006103516e+00,1.761216670274734497e-02
1.210689917206764221e-01,3.841126680374145508e+00,2.586189098656177521e-02
6.683890521526336670e-02,9.831188917160034180e-01,1.179312169551849365e-02
5.197703465819358826e-02,1.140611648559570312e+00,2.127974480390548706e-02
8.731967955827713013e-02,1.332845211029052734e+00,2.404321543872356415e-02
4.697420448064804077e-02,2.980687379837036133e+00,2.009424753487110138e-02
1.325402557849884033e-01,1.121532559394836426e+00,1.638857088983058929e-02
1.460805386304855347e-01,4.131501674652099609e+00,2.374360524117946625e-02
6.210358068346977234e-02,4.172638416290283203e+00,2.276226505637168884e-02
6.197591871023178101e-02,3.960123777389526367e+00,2.358339726924896240e-02
9.043565392494201660e-02,1.219485759735107422e+00,1.636869274079799652e-02
6.330708414316177368e-02,1.126014590263366699e+00,1.094160508364439011e-02
2.577510178089141846e-01,7.742037065327167511e-03,7.930651307106018066e-03
7.644799351692199707e-02,1.191848874092102051e+00,1.907004602253437042e-02
5.671872943639755249e-02,3.943240642547607422e+00,2.324377372860908508e-02
4.433731362223625183e-02,4.011639595031738281e+00,1.797378994524478912e-02
5.821703374385833740e-02,3.977634668350219727e+00,2.272644452750682831e-02
4.107654094696044922e-02,2.500613927841186523e+00,2.248791605234146118e-02
5.087180063128471375e-02,3.887923479080200195e+00,2.444951049983501434e-02
5.933210998773574829e-02,4.126228332519531250e+00,2.582441270351409912e-02
2.566123902797698975e-01,4.205119132995605469e+00,2.202913165092468262e-02
6.489732116460800171e-02,1.087760806083679199e+00,1.831677742302417755e-02
7.344646751880645752e-02,2.419902324676513672e+00,2.141510881483554840e-02
6.153921037912368774e-02,2.428463220596313477e+00,2.025202475488185883e-02
5.857444182038307190e-02,4.300210475921630859e+00,2.622460015118122101e-02
7.528173178434371948e-02,9.727523922920227051e-01,1.904468238353729248e-02
5.132768303155899048e-02,1.835332870483398438e+00,1.114374259486794472e-03
5.633953213691711426e-02,1.214702129364013672e+00,1.868870109319686890e-02
3.584409877657890320e-02,3.699320554733276367e+00,1.428498700261116028e-02
7.115954905748367310e-02,1.264560580253601074e+00,1.744134537875652313e-02
4.606581106781959534e-02,3.930734634399414062e+00,1.337414793670177460e-02
5.696751177310943604e-02,3.461490869522094727e+00,2.605642005801200867e-02
3.817056119441986084e-02,1.265167474746704102e+00,2.067431434988975525e-02
5.298706889152526855e-02,1.265807271003723145e+00,1.953788846731185913e-02
5.657568201422691345e-02,4.190540313720703125e+00,2.354001812636852264e-02
1.159605234861373901e-01,1.206353425979614258e+00,2.065164223313331604e-02
8.923979103565216064e-02,3.329767286777496338e-01,1.685418747365474701e-02
3.623093664646148682e-02,3.962409257888793945e+00,2.260288409888744354e-02
4.676765576004981995e-02,4.771279811859130859e+00,2.481413632631301880e-02
6.094874814152717590e-02,4.083210468292236328e+00,1.869527436792850494e-02
5.651255697011947632e-02,4.078842639923095703e+00,1.220433507114648819e-02
4.881779849529266357e-02,1.233278989791870117e+00,7.355036213994026184e-03
6.864464282989501953e-02,1.241971731185913086e+00,2.312409505248069763e-02
8.562126755714416504e-02,1.187855839729309082e+00,2.139797434210777283e-02
6.129314750432968140e-02,4.101941108703613281e+00,2.022603899240493774e-02
4.424455389380455017e-02,1.278996467590332031e+00,2.157490327954292297e-02
4.493362456560134888e-02,2.462127447128295898e+00,2.355000935494899750e-02
5.837205797433853149e-02,3.844302177429199219e+00,2.143705636262893677e-02
4.787144437432289124e-02,3.807046413421630859e+00,2.540792152285575867e-02
4.394262656569480896e-02,1.628940343856811523e+00,2.133818715810775757e-02
5.688184127211570740e-02,2.417892456054687500e+00,8.555027656257152557e-03
6.932184100151062012e-02,1.185490489006042480e+00,1.926850900053977966e-02
2.233118265867233276e-01,4.553902149200439453e+00,2.456168271601200104e-02
3.455024585127830505e-02,2.504478216171264648e+00,1.257351506501436234e-02
3.943980485200881958e-02,1.181884288787841797e+00,1.341897621750831604e-02
5.744380503892898560e-02,3.730030775070190430e+00,2.434298023581504822e-02
6.026263535022735596e-02,3.993178606033325195e+00,2.058414183557033539e-02
5.923924967646598816e-02,2.417833805084228516e+00,1.861576549708843231e-02
4.018198698759078979e-02,3.924215555191040039e+00,1.675650849938392639e-02
3.920819610357284546e-02,1.219941139221191406e+00,7.204609923064708710e-03
7.366864383220672607e-02,4.645483016967773438e+00,2.255992032587528229e-02
5.465870723128318787e-02,1.235719084739685059e+00,6.880567874759435654e-03
7.461403310298919678e-02,1.231982469558715820e+00,2.052808180451393127e-02
4.564823955297470093e-02,3.771368980407714844e+00,2.399176172912120819e-02
4.708634316921234131e-02,4.965703964233398438e+00,2.427201159298419952e-02
5.930257961153984070e-02,3.997197389602661133e+00,1.637987419962882996e-02
3.953941166400909424e-02,3.987112045288085938e+00,1.694580912590026855e-02
6.434974074363708496e-02,4.723132610321044922e+00,2.566094323992729187e-02
7.074173539876937866e-02,3.553202390670776367e+00,7.274284493178129196e-03
6.432448327541351318e-02,4.338237285614013672e+00,2.214233949780464172e-02
9.377183765172958374e-02,1.271332383155822754e+00,2.208948880434036255e-02
6.575904041528701782e-02,1.246852755546569824e+00,1.948508992791175842e-02
8.429110050201416016e-02,3.731800794601440430e+00,2.655252441763877869e-02
6.200107932090759277e-02,3.959438562393188477e+00,2.426124550402164459e-02
7.323334366083145142e-02,4.202783584594726562e+00,2.077794633805751801e-02
4.644111916422843933e-02,3.552309989929199219e+00,2.152759209275245667e-02
7.900761067867279053e-02,2.755870819091796875e+00,2.303889207541942596e-02
4.679635912179946899e-02,1.394554138183593750e+00,2.368469908833503723e-02
1.973250657320022583e-01,1.223098278045654297e+00,1.596431247889995575e-02
7.090116292238235474e-02,1.245449900627136230e+00,1.797937974333763123e-02
3.296338021755218506e-02,3.889259338378906250e+00,2.154229208827018738e-02
5.976162850856781006e-02,3.951886415481567383e+00,2.207059599459171295e-02
4.464164748787879944e-02,3.177353620529174805e+00,2.182388864457607269e-02
8.093904703855514526e-02,4.281572341918945312e+00,2.162687480449676514e-02
6.369897723197937012e-02,3.710138320922851562e+00,1.007362734526395798e-02
3.581484034657478333e-02,1.423206686973571777e+00,7.479890715330839157e-03
6.593374907970428467e-02,3.965323209762573242e+00,1.850084960460662842e-02
6.717366725206375122e-02,1.984221488237380981e-02,8.475207723677158356e-03
5.888177081942558289e-02,3.989439010620117188e+00,2.485456317663192749e-02
4.261965677142143250e-02,4.694577693939208984e+00,2.359737269580364227e-02
7.877445966005325317e-02,3.978321075439453125e+00,2.208405360579490662e-02
4.388965666294097900e-02,4.889702320098876953e+00,2.487050741910934448e-02
4.938193038105964661e-02,8.724180459976196289e-01,1.735572703182697296e-02
1.646263003349304199e-01,4.246897697448730469e+00,1.803683862090110779e-02
5.854707956314086914e-02,4.746487617492675781e+00,2.388994209468364716e-02
4.851212352514266968e-02,3.716756582260131836e+00,2.484462596476078033e-02
5.848598480224609375e-02,1.137351393699645996e+00,2.366363070905208588e-02
1.882397383451461792e-01,4.064937114715576172e+00,2.287505939602851868e-02
7.180618494749069214e-02,4.846073627471923828e+00,2.247942611575126648e-02
4.741167277097702026e-02,3.807193517684936523e+00,2.628138475120067596e-02
7.936622947454452515e-02,1.390812754631042480e+00,2.225575409829616547e-02
5.148756131529808044e-02,4.160887718200683594e+00,2.519843168556690216e-02
6.407642364501953125e-02,4.175109386444091797e+00,2.001489326357841492e-02
4.879966005682945251e-02,3.980591535568237305e+00,1.658827625215053558e-02
5.425366014242172241e-02,2.770297527313232422e+00,2.317171730101108551e-02
5.414513498544692993e-02,1.278504133224487305e+00,2.171549387276172638e-02
6.748857349157333374e-02,4.387620449066162109e+00,2.264797128736972809e-02
3.677066415548324585e-02,2.835411310195922852e+00,2.345849014818668365e-02
6.599422544240951538e-02,2.475964307785034180e+00,1.494321692734956741e-02
3.805969655513763428e-02,4.226470470428466797e+00,2.356900647282600403e-02
1.036174520850181580e-01,2.595330476760864258e+00,2.293127402663230896e-02
6.590903550386428833e-02,1.340685486793518066e+00,2.294675260782241821e-02
9.675019979476928711e-02,1.129332065582275391e+00,1.724164001643657684e-02
6.071958318352699280e-02,3.583862066268920898e+00,1.748596504330635071e-02
6.531723588705062866e-02,1.164506793022155762e+00,1.882199384272098541e-02
6.439927220344543457e-02,3.723838329315185547e+00,2.593301422894001007e-02
5.652229860424995422e-02,1.138476371765136719e+00,1.931302621960639954e-02
2.123648524284362793e-01,3.986689329147338867e+00,2.364794723689556122e-02
7.504919916391372681e-02,2.431774377822875977e+00,2.066836133599281311e-02
8.647974580526351929e-02,3.964686393737792969e+00,2.323186770081520081e-02
3.835525363683700562e-02,2.559184789657592773e+00,2.045944146811962128e-02
1.146659180521965027e-01,3.944281339645385742e+00,9.133800864219665527e-03
6.891662627458572388e-02,4.090436935424804688e+00,2.637487091124057770e-02
9.945162385702133179e-02,3.762444972991943359e+00,2.443600073456764221e-02
5.873097851872444153e-02,3.396263122558593750e+00,2.248330973088741302e-02
5.404828116297721863e-02,1.294531106948852539e+00,1.886102370917797089e-02
3.797027468681335449e-02,3.816605329513549805e+00,2.018675021827220917e-02
7.586768269538879395e-02,1.294685482978820801e+00,2.219239622354507446e-02
6.146407127380371094e-02,3.414090394973754883e+00,2.428940497338771820e-02
5.812627077102661133e-02,2.421701192855834961e+00,1.421935018151998520e-02
5.834882333874702454e-02,1.217731356620788574e+00,1.774198934435844421e-02
6.620150059461593628e-02,1.233965277671813965e+00,2.263223379850387573e-02
6.350258737802505493e-02,2.859520435333251953e+00,2.519672363996505737e-02
8.964442461729049683e-02,1.142052650451660156e+00,2.148307487368583679e-02
9.894999861717224121e-02,1.342658877372741699e+00,1.846782490611076355e-02
8.125112950801849365e-02,1.630800843238830566e+00,1.961139403283596039e-02
6.336394697427749634e-02,3.585891246795654297e+00,2.254728972911834717e-02
4.775655269622802734e-02,1.899937629699707031e+00,2.101533487439155579e-02
6.403876841068267822e-02,4.846920967102050781e+00,1.854044944047927856e-02
5.621417984366416931e-02,1.287962794303894043e+00,2.205796539783477783e-02
6.520909070968627930e-02,3.830966472625732422e+00,2.682677097618579865e-02
1.005796119570732117e-01,1.277501583099365234e+00,2.074088342487812042e-02
5.953215435147285461e-02,3.772141695022583008e+00,2.368283458054065704e-02
5.032305419445037842e-02,1.083009839057922363e+00,2.248092740774154663e-02
2.316154986619949341e-01,4.172224998474121094e+00,2.209771983325481415e-02
3.785369917750358582e-02,3.374782623723149300e-03,1.448034401983022690e-02
3.503748401999473572e-02,2.855212450027465820e+00,2.092795819044113159e-02
5.656687170267105103e-02,4.321238517761230469e+00,2.186752483248710632e-02
6.924232840538024902e-02,1.219386696815490723e+00,1.954057998955249786e-02
4.319218546152114868e-02,2.611500263214111328e+00,1.568292453885078430e-02
7.585453987121582031e-02,1.214581489562988281e+00,2.052052319049835205e-02
8.320397138595581055e-02,4.000440120697021484e+00,2.412671037018299103e-02
5.177038162946701050e-02,1.174641251564025879e+00,2.119749225676059723e-02
6.143829226493835449e-02,1.267553806304931641e+00,2.203612029552459717e-02
6.578636914491653442e-02,1.958257704973220825e-01,1.182454265654087067e-02
7.193436473608016968e-02,2.886471986770629883e+00,2.220067754387855530e-02
1.091808378696441650e-01,1.228739023208618164e+00,1.828618533909320831e-02
3.932474181056022644e-02,3.835491418838500977e+00,1.649944856762886047e-02
3.822218999266624451e-02,3.340928077697753906e+00,1.382770389318466187e-02
6.912251561880111694e-02,4.107695102691650391e+00,1.802731305360794067e-02
9.332948178052902222e-02,1.771086007356643677e-01,1.673735491931438446e-02
9.106831252574920654e-02,1.249865055084228516e+00,2.405056543648242950e-02
5.255224928259849548e-02,1.475112080574035645e+00,2.134781517088413239e-02
6.193998828530311584e-02,3.795237779617309570e+00,2.470103278756141663e-02
6.574100255966186523e-02,1.327084898948669434e+00,2.162521891295909882e-02
7.569813728332519531e-02,8.208818733692169189e-02,1.681764051318168640e-02
4.409985616803169250e-02,3.712559461593627930e+00,2.080481126904487610e-02
6.745542585849761963e-02,3.569365501403808594e+00,2.522167377173900604e-02
3.901280090212821960e-02,2.542354583740234375e+00,2.428836934268474579e-02
7.309301197528839111e-02,1.202609777450561523e+00,2.343592047691345215e-02
4.342276230454444885e-02,3.367770433425903320e+00,2.597773820161819458e-02
6.083227321505546570e-02,3.909857988357543945e+00,2.369836531579494476e-02
2.273028045892715454e-01,1.179521679878234863e+00,2.111203037202358246e-02
1.835773736238479614e-01,4.486168861389160156e+00,2.207784168422222137e-02
8.097542822360992432e-02,1.205857038497924805e+00,1.894643343985080719e-02
5.773289129137992859e-02,3.295248270034790039e+00,2.291175909340381622e-02
5.794749408960342407e-02,4.969165802001953125e+00,2.161533199250698090e-02
4.916113242506980896e-02,1.052900195121765137e+00,2.152531407773494720e-02
6.447940319776535034e-02,3.658697605133056641e+00,2.019798196852207184e-02
1.085569858551025391e-01,4.804114818572998047e+00,2.315670624375343323e-02
6.447764486074447632e-02,4.222533226013183594e+00,2.268492989242076874e-02
5.962464213371276855e-02,3.841708421707153320e+00,2.580494992434978485e-02
5.591366440057754517e-02,1.270434975624084473e+00,1.856762543320655823e-02
6.444060802459716797e-02,6.596246361732482910e-01,2.050773799419403076e-02
5.968958884477615356e-02,1.189504027366638184e+00,2.003974094986915588e-02
7.468456029891967773e-02,1.268127799034118652e+00,1.860085688531398773e-02
4.216074571013450623e-02,3.513536453247070312e+00,2.475636824965476990e-02
5.044366046786308289e-02,4.090682029724121094e+00,2.305121161043643951e-02
3.631636500358581543e-02,1.175976514816284180e+00,1.778888888657093048e-02
5.200013145804405212e-02,3.138803005218505859e+00,1.638717204332351685e-02
5.729318782687187195e-02,9.559154510498046875e-01,1.754963584244251251e-02
5.586940050125122070e-02,3.906474828720092773e+00,2.459294907748699188e-02
6.914740055799484253e-02,5.318459123373031616e-03,6.683657877147197723e-03
6.820479780435562134e-02,1.183151006698608398e+00,1.892127655446529388e-02
6.617664545774459839e-02,1.162170767784118652e+00,2.166999317705631256e-02
8.382499217987060547e-02,2.450598955154418945e+00,2.468974702060222626e-02
6.385021656751632690e-02,9.209217131137847900e-02,2.118175663053989410e-02
6.388432532548904419e-02,1.163826942443847656e+00,2.337163127958774567e-02
6.662447750568389893e-02,4.777544498443603516e+00,1.950952224433422089e-02
6.093315407633781433e-02,4.471766471862792969e+00,2.578409016132354736e-02
7.564657926559448242e-02,1.235000133514404297e+00,2.190432883799076080e-02
7.710491865873336792e-02,3.995332002639770508e+00,2.261406555771827698e-02
6.518575549125671387e-02,1.255114793777465820e+00,1.174425706267356873e-02
5.547739937901496887e-02,2.747790575027465820e+00,1.225703023374080658e-02
6.309595704078674316e-02,1.184150218963623047e+00,1.814569719135761261e-02
6.252631545066833496e-02,2.981827735900878906e+00,1.719003170728683472e-02
6.350106745958328247e-02,1.472064256668090820e+00,1.904281787574291229e-02
3.773918375372886658e-02,3.860424280166625977e+00,2.121431566774845123e-02
1.808053255081176758e-01,3.946683645248413086e+00,2.584946714341640472e-02
5.208820849657058716e-02,3.911693811416625977e+00,2.171766944229602814e-02
8.775546401739120483e-02,4.458802700042724609e+00,1.756770163774490356e-02
1.498726010322570801e-01,3.675354719161987305e+00,1.944440230727195740e-02
7.208735495805740356e-02,4.016921043395996094e+00,1.996121369302272797e-02
6.113158166408538818e-02,2.895476579666137695e+00,2.128461189568042755e-02
6.682173162698745728e-02,1.275352239608764648e+00,1.942825317382812500e-02
5.908522382378578186e-02,3.979110002517700195e+00,2.008948475122451782e-02
4.213097319006919861e-02,1.058651924133300781e+00,2.139673195779323578e-02
5.599237978458404541e-02,3.934687614440917969e+00,1.363990455865859985e-02
5.915450677275657654e-02,3.950983047485351562e+00,2.258067764341831207e-02
5.663178861141204834e-02,3.812749862670898438e+00,2.189330384135246277e-02
1.025704517960548401e-01,1.272875905036926270e+00,1.684968359768390656e-02
7.460890710353851318e-02,1.247422814369201660e+00,2.360622398555278778e-02
3.764029964804649353e-02,3.803555250167846680e+00,2.337271720170974731e-02
8.125453442335128784e-02,1.151898026466369629e+00,2.187881059944629669e-02
7.239771634340286255e-02,1.275161147117614746e+00,1.889508403837680817e-02
4.781960695981979370e-02,4.034089088439941406e+00,1.927368529140949249e-02
6.490826606750488281e-02,3.984972238540649414e+00,2.483541145920753479e-02
1.753062307834625244e-01,1.279940366744995117e+00,1.990872621536254883e-02
5.907107517123222351e-02,3.402992725372314453e+00,2.403524331748485565e-02
8.134526014328002930e-02,1.162259221076965332e+00,2.117911726236343384e-02
5.285496637225151062e-02,1.318940520286560059e+00,2.316747419536113739e-02
5.088343471288681030e-02,3.773037195205688477e+00,2.130780182778835297e-02
5.761738121509552002e-02,4.102580070495605469e+00,2.468058466911315918e-02
6.237480416893959045e-02,1.192196369171142578e+00,1.736048981547355652e-02
6.575670093297958374e-02,1.313618659973144531e+00,2.476573735475540161e-02
6.142452359199523926e-02,3.743547201156616211e+00,1.980540528893470764e-02
6.122000515460968018e-02,4.799467563629150391e+00,2.381390146911144257e-02
6.487488001585006714e-02,4.756051540374755859e+00,2.667261660099029541e-02
8.216740190982818604e-02,4.362607002258300781e+00,2.659574709832668304e-02
6.963949650526046753e-02,3.967009067535400391e+00,2.303775213658809662e-02
6.224793568253517151e-02,3.878088235855102539e+00,1.626971922814846039e-02
1.903595775365829468e-01,1.202901959419250488e+00,2.007442153990268707e-02
6.964848190546035767e-02,4.201189056038856506e-02,1.917046867311000824e-02
6.453453749418258667e-02,3.417228937149047852e+00,2.430338226258754730e-02
8.905448019504547119e-02,1.132260680198669434e+00,1.856886781752109528e-02
6.068998575210571289e-02,2.524983167648315430e+00,2.003140561282634735e-02
5.498820170760154724e-02,3.925896167755126953e+00,2.215849049389362335e-02
5.544060841202735901e-02,1.219977498054504395e+00,2.004952356219291687e-02
3.769368305802345276e-02,3.941109657287597656e+00,2.258895896375179291e-02
3.126410394906997681e-02,3.722880840301513672e+00,2.208912745118141174e-02
6.808264553546905518e-02,4.291763305664062500e+00,2.261649817228317261e-02
6.731519848108291626e-02,3.905249118804931641e+00,2.168588526546955109e-02
3.472172096371650696e-02,2.695214748382568359e+00,1.754999719560146332e-02
7.424850016832351685e-02,1.134582996368408203e+00,2.309521101415157318e-02
7.662649452686309814e-02,1.106275439262390137e+00,2.401619590818881989e-02
6.693018972873687744e-02,3.366324901580810547e+00,1.929558254778385162e-02
6.138896942138671875e-02,3.658413171768188477e+00,2.139114215970039368e-02
3.983503952622413635e-02,3.485484600067138672e+00,2.417593821883201599e-02
4.323366284370422363e-02,4.906167984008789062e+00,2.334906160831451416e-02
6.446814537048339844e-02,3.384814977645874023e+00,2.529797330498695374e-02
7.191728800535202026e-02,3.138384580612182617e+00,2.551828138530254364e-02
4.119487479329109192e-02,1.298264622688293457e+00,1.855095662176609039e-02
6.704807281494140625e-02,1.178660035133361816e+00,1.945744827389717102e-02
5.112223327159881592e-02,3.759616136550903320e+00,2.479177340865135193e-02
5.909919738769531250e-02,2.702176332473754883e+00,2.110576629638671875e-02
7.636273652315139771e-02,3.999580383300781250e+00,2.307823300361633301e-02
4.418807104229927063e-02,1.283943533897399902e+00,2.236218191683292389e-02
5.742786824703216553e-02,4.222156047821044922e+00,2.189030125737190247e-02
4.228131473064422607e-02,2.744687557220458984e+00,1.131720375269651413e-02
7.175097614526748657e-02,3.548929691314697266e+00,2.446845732629299164e-02
6.085402518510818481e-02,4.799120903015136719e+00,2.350989170372486115e-02
6.781724095344543457e-02,3.587587118148803711e+00,2.187948301434516907e-02
3.825705498456954956e-02,3.367380380630493164e+00,2.186664566397666931e-02
4.103726893663406372e-02,3.525820493698120117e+00,2.366316504776477814e-02
6.768176704645156860e-02,3.794628381729125977e+00,2.528058178722858429e-02
6.741409003734588623e-02,4.339800834655761719e+00,2.201986685395240784e-02
5.985862389206886292e-02,4.831290245056152344e+00,2.087826468050479889e-02
5.174463614821434021e-02,2.944290876388549805e+00,2.311374247074127197e-02
5.555119737982749939e-02,2.193624258041381836e+00,2.352992445230484009e-02
4.111801460385322571e-02,1.277218103408813477e+00,2.018928714096546173e-02
6.001516059041023254e-02,3.334754228591918945e+00,2.424488775432109833e-02
5.828335881233215332e-02,1.245622038841247559e+00,1.875045523047447205e-02
5.807608738541603088e-02,1.258183479309082031e+00,2.056571282446384430e-02
5.014318227767944336e-02,4.898690700531005859e+00,2.532100863754749298e-02
6.832399219274520874e-02,1.570067405700683594e-01,1.832526735961437225e-02
7.263073325157165527e-02,3.146588087081909180e+00,2.245012857019901276e-02
6.095311790704727173e-02,3.752514839172363281e+00,2.295922674238681793e-02
7.592117041349411011e-02,1.567864656448364258e+00,1.914681121706962585e-02
6.038244813680648804e-02,3.005893707275390625e+00,2.334916405379772186e-02
3.962976485490798950e-02,4.146987915039062500e+00,1.609672419726848602e-02
6.297814100980758667e-02,2.814241886138916016e+00,2.476211450994014740e-02
1.388552933931350708e-01,2.592668294906616211e+00,2.477619424462318420e-02
7.642472535371780396e-02,1.134071350097656250e+00,2.264807373285293579e-02
5.091000720858573914e-02,1.396649360656738281e+00,1.324649807065725327e-02
5.742036551237106323e-02,1.226122975349426270e+00,1.929418370127677917e-02
4.185672104358673096e-02,2.857624053955078125e+00,2.135356143116950989e-02
7.824030518531799316e-02,1.312178611755371094e+00,2.354094944894313812e-02
5.953669920563697815e-02,4.220588684082031250e+00,1.336058601737022400e-02
6.609438359737396240e-02,1.258157849311828613e+00,1.929759979248046875e-02
8.148531615734100342e-02,4.280017852783203125e+00,2.345631644129753113e-02
7.348215579986572266e-02,1.764680957421660423e-03,1.337290555238723755e-02
1.045610532164573669e-01,2.416237592697143555e+00,2.455811202526092529e-02
5.681403726339340210e-02,2.622565746307373047e+00,1.240036450326442719e-02
2.237162292003631592e-01,3.332813739776611328e+00,2.149021811783313751e-02
7.307473570108413696e-02,7.570263147354125977e-01,2.319563366472721100e-02
4.891493171453475952e-02,1.228653669357299805e+00,1.694130524992942810e-02
5.026195943355560303e-02,2.696488380432128906e+00,2.283613197505474091e-02
7.324016094207763672e-02,1.049126505851745605e+00,2.121064066886901855e-02
6.043968722224235535e-02,1.580632448196411133e+00,2.208457142114639282e-02
4.347321763634681702e-02,2.761313877999782562e-02,1.530711725354194641e-02
2.430285811424255371e-01,3.176445007324218750e+00,2.224669605493545532e-02
2.082637250423431396e-01,1.264356136322021484e+00,2.417407557368278503e-02
5.063306912779808044e-02,9.505928754806518555e-01,1.838955655694007874e-02
4.216363653540611267e-02,3.658390283584594727e+00,2.299452945590019226e-02
4.664925113320350647e-02,3.951871633529663086e+00,2.268223837018013000e-02
5.235131084918975830e-02,2.089411258697509766e+00,2.353064902126789093e-02
6.992823630571365356e-02,2.220740020275115967e-01,9.243022650480270386e-03
8.386079221963882446e-02,7.083881497383117676e-01,1.810464821755886078e-02
4.016980156302452087e-02,3.928236007690429688e+00,1.516492199152708054e-02
2.172407954931259155e-01,1.503992438316345215e+00,1.689678803086280823e-02
5.958543717861175537e-02,3.961082696914672852e+00,1.870438642799854279e-02
5.295767262578010559e-02,1.235510468482971191e+00,2.343457564711570740e-02
5.793847888708114624e-02,2.700709581375122070e+00,2.366228587925434113e-02
5.618688464164733887e-02,4.284850597381591797e+00,2.351750060915946960e-02
6.076054275035858154e-02,1.281151652336120605e+00,6.612326949834823608e-03
6.734906882047653198e-02,1.194533944129943848e+00,1.816676557064056396e-02
7.171428203582763672e-02,1.294122815132141113e+00,1.474977470934391022e-02
6.648205220699310303e-02,3.825229406356811523e-02,1.154077239334583282e-02
6.034926697611808777e-02,3.667691230773925781e+00,2.583528310060501099e-02
6.061811745166778564e-02,3.875466346740722656e+00,2.572212740778923035e-02
5.910725146532058716e-02,1.230919361114501953e+00,1.736111193895339966e-02
2.307991534471511841e-01,1.227532744407653809e+00,1.627272181212902069e-02
3.581577166914939880e-02,3.712538480758666992e+00,2.501513622701168060e-02
2.286681234836578369e-01,4.735143661499023438e+00,2.288328856229782104e-02
3.774455562233924866e-02,3.877094507217407227e+00,2.566912211477756500e-02
5.935407057404518127e-02,3.859810829162597656e+00,2.114666067063808441e-02
5.750393494963645935e-02,3.863477945327758789e+00,2.451344020664691925e-02
3.941054642200469971e-02,2.424600362777709961e+00,1.506838202476501465e-02
4.994237795472145081e-02,2.864724636077880859e+00,2.282013744115829468e-02
7.826822251081466675e-02,3.811007976531982422e+00,2.355404570698738098e-02
3.895631805062294006e-02,3.830226898193359375e+00,2.132467739284038544e-02
6.728711724281311035e-02,1.008169651031494141e+00,2.208369225263595581e-02
6.291112303733825684e-02,3.983732938766479492e+00,2.372823283076286316e-02
6.741277873516082764e-02,1.200525283813476562e+00,2.184630185365676880e-02
4.245867952704429626e-02,5.783487111330032349e-02,1.327087916433811188e-02
6.472701579332351685e-02,1.231075406074523926e+00,9.459136985242366791e-03
5.428567156195640564e-02,3.978082656860351562e+00,2.285021170973777771e-02
1.368425935506820679e-01,1.698653772473335266e-02,1.061471528373658657e-03
6.067284196615219116e-02,3.926528215408325195e+00,2.473882026970386505e-02
8.032576739788055420e-02,1.128858804702758789e+00,2.119273133575916290e-02
4.959852993488311768e-02,2.466670751571655273e+00,2.484560944139957428e-02
3.618195652961730957e-02,2.666286468505859375e+00,1.640663482248783112e-02
6.186842918395996094e-02,1.601202726364135742e+00,2.428231388330459595e-02
7.036708295345306396e-02,1.235552787780761719e+00,1.855944655835628510e-02
6.100209802389144897e-02,3.754147529602050781e+00,2.221558615565299988e-02
5.643212050199508667e-02,3.163077592849731445e+00,2.111285924911499023e-02
5.357732251286506653e-02,2.770941495895385742e+00,2.291988581418991089e-02
6.315161287784576416e-02,4.694123752415180206e-03,1.593097671866416931e-02
6.486576050519943237e-02,7.262839078903198242e-01,2.198301069438457489e-02
7.129406183958053589e-02,2.438474655151367188e+00,2.044748514890670776e-02
6.066650897264480591e-02,3.953769207000732422e+00,1.374281104654073715e-02
4.209551960229873657e-02,1.416183590888977051e+00,1.337150856852531433e-02
5.778170004487037659e-02,4.058420658111572266e+00,1.055808551609516144e-02
7.446988672018051147e-02,4.121839046478271484e+00,2.428961172699928284e-02
4.351411014795303345e-02,1.284248590469360352e+00,2.166699245572090149e-02
5.378507822751998901e-02,1.189357519149780273e+00,2.020025998353958130e-02
5.083744972944259644e-02,1.266708612442016602e+00,1.795287616550922394e-02
1.472355723381042480e-01,3.796835660934448242e+00,2.152158692479133606e-02
1.538441330194473267e-01,1.275002002716064453e+00,9.568876586854457855e-03
6.922243535518646240e-02,1.096062183380126953e+00,2.226139791309833527e-02
6.898325681686401367e-02,1.235973834991455078e+00,2.013457193970680237e-02
8.489061146974563599e-02,2.366827964782714844e+00,2.429220080375671387e-02
5.680168047547340393e-02,4.868673324584960938e+00,2.584983035922050476e-02
7.836345583200454712e-02,2.569662965834140778e-02,2.361471392214298248e-02
6.125745177268981934e-02,2.690381765365600586e+00,2.218074910342693329e-02
2.066363841295242310e-01,4.239389896392822266e+00,2.431911788880825043e-02
5.765290185809135437e-02,3.925879001617431641e+00,2.601200528442859650e-02
7.179527729749679565e-02,3.879901885986328125e+00,2.182901278138160706e-02
9.536671638488769531e-02,4.756758689880371094e+00,7.983139716088771820e-03
6.650435179471969604e-02,2.508222103118896484e+00,2.352971769869327545e-02
6.371340155601501465e-02,1.244777798652648926e+00,8.624650537967681885e-03
1.026647612452507019e-01,4.022099971771240234e+00,2.258978784084320068e-02
5.503752455115318298e-02,2.769784927368164062e+00,2.409818954765796661e-02
6.699028611183166504e-02,1.167109370231628418e+00,2.124361507594585419e-02
8.782047778367996216e-02,1.243049979209899902e+00,1.976658217608928680e-02
8.890826255083084106e-02,2.509322166442871094e+00,1.779261603951454163e-02
3.192519396543502808e-02,2.832502603530883789e+00,2.484400384128093719e-02
6.730793416500091553e-02,4.596469879150390625e+00,2.786184288561344147e-02
4.784920811653137207e-02,1.230589151382446289e+00,1.825797371566295624e-02
5.544921010732650757e-02,4.098512649536132812e+00,1.069748587906360626e-02
1.804733127355575562e-01,2.456935882568359375e+00,2.297118492424488068e-02
8.810092508792877197e-02,3.931315422058105469e+00,1.216173265129327774e-02
5.932364612817764282e-02,3.269470453262329102e+00,2.515386231243610382e-02
6.214343756437301636e-02,4.046966552734375000e+00,2.145020477473735809e-02
6.528870016336441040e-02,1.241415739059448242e+00,2.263368293642997742e-02
6.454035639762878418e-02,3.885011911392211914e+00,2.566052787005901337e-02
4.474112018942832947e-02,1.242728352546691895e+00,1.384545862674713135e-02
5.356118083000183105e-02,3.412691116333007812e+00,2.257436141371726990e-02
9.005803614854812622e-02,1.197124004364013672e+00,1.196083705872297287e-02
3.539014235138893127e-02,3.863614320755004883e+00,2.251327969133853912e-02
4.919589310884475708e-02,2.779018640518188477e+00,2.394289709627628326e-02
6.046278402209281921e-02,2.590579032897949219e+00,2.041321620345115662e-02
7.489647716283798218e-02,1.220791578292846680e+00,2.352391928434371948e-02
5.241522565484046936e-02,4.837067425251007080e-01,1.822939887642860413e-02
5.514504760503768921e-02,3.781548976898193359e+00,2.300369180738925934e-02
6.831160187721252441e-02,1.256841540336608887e+00,1.991276256740093231e-02
6.542912870645523071e-02,8.466300964355468750e-01,2.082981355488300323e-02
6.478934735059738159e-02,3.590571403503417969e+00,2.058321051299571991e-02
7.072307914495468140e-02,1.209715604782104492e+00,1.388743985444307327e-02
5.708446726202964783e-02,4.027176380157470703e+00,2.278887107968330383e-02
5.402559787034988403e-02,2.439817667007446289e+00,2.327488362789154053e-02
6.194666400551795959e-02,2.432844877243041992e+00,2.099162712693214417e-02
9.213984757661819458e-02,1.350159883499145508e+00,2.257601916790008545e-02
3.318604081869125366e-02,4.502257347106933594e+00,1.966398581862449646e-02
6.574533879756927490e-02,9.485285282135009766e-01,9.597553871572017670e-03
5.897356569766998291e-02,3.845075368881225586e+00,2.400423772633075714e-02
8.798193931579589844e-02,4.072934150695800781e+00,2.034245617687702179e-02
4.746539890766143799e-02,3.817135095596313477e+00,2.036279812455177307e-02
4.896132647991180420e-02,4.261029720306396484e+00,2.170219086110591888e-02
9.366723895072937012e-02,4.154486179351806641e+00,1.096463948488235474e-02
3.904346749186515808e-02,2.604926824569702148e+00,2.137167751789093018e-02
6.725648045539855957e-02,1.074544548988342285e+00,2.190158516168594360e-02
1.364286392927169800e-01,4.341643333435058594e+00,1.347281038761138916e-02
6.154581904411315918e-02,1.296670198440551758e+00,1.164331659674644470e-02
6.389537453651428223e-02,1.681026577949523926e+00,2.103531546890735626e-02
6.501454859972000122e-02,1.359233617782592773e+00,2.015538141131401062e-02
5.788351222872734070e-02,4.030122280120849609e+00,2.204895764589309692e-02
6.271799653768539429e-02,1.358908176422119141e+00,2.153437212109565735e-02
3.889229893684387207e-02,1.339120388031005859e+00,2.041994594037532806e-02
6.350437551736831665e-02,2.926089763641357422e+00,2.560902386903762817e-02
6.811024993658065796e-02,1.388111472129821777e+00,2.077178657054901123e-02
8.159586787223815918e-02,1.003691330552101135e-01,2.388787269592285156e-02
6.678114831447601318e-02,1.164028882980346680e+00,2.364421961829066277e-03
9.593725204467773438e-02,1.972889661788940430e+00,2.328549511730670929e-02
3.640647232532501221e-02,2.873255252838134766e+00,2.565198764204978943e-02
6.559517234563827515e-02,1.556192040443420410e+00,2.173309400677680969e-02
5.923432856798171997e-02,2.735891342163085938e+00,2.079150825738906860e-02
5.880542844533920288e-02,4.082140445709228516e+00,2.099183388054370880e-02
6.143829226493835449e-02,4.817709922790527344e+00,1.186139881610870361e-02
7.145273685455322266e-02,1.165228366851806641e+00,2.244381420314311981e-02
4.332232475280761719e-02,2.496441841125488281e+00,8.418267592787742615e-03
1.025398522615432739e-01,4.779613971710205078e+00,2.560188062489032745e-02
8.068586140871047974e-02,4.774163246154785156e+00,2.545657940208911896e-02
2.494725733995437622e-01,3.948639154434204102e+00,2.323631942272186279e-02
6.749211251735687256e-02,1.207711458206176758e+00,1.348223164677619934e-02
4.815633222460746765e-02,4.187822341918945312e+00,2.262861095368862152e-02
6.193475425243377686e-02,3.874404191970825195e+00,2.194962278008460999e-02
4.917548596858978271e-02,1.192587733268737793e+00,2.240354008972644806e-02
5.514759570360183716e-02,2.783595800399780273e+00,2.321136929094791412e-02
5.835099145770072937e-02,3.704768180847167969e+00,2.521437592804431915e-02
6.225185841321945190e-02,3.546943902969360352e+00,2.597789280116558075e-02
7.394237816333770752e-02,1.143914580345153809e+00,2.189863473176956177e-02
2.399328052997589111e-01,4.748279571533203125e+00,2.083012461662292480e-02
4.949021339416503906e-02,4.005217075347900391e+00,1.269821450114250183e-02
3.817465528845787048e-02,3.690841913223266602e+00,1.319473423063755035e-02
6.134102493524551392e-02,1.257191181182861328e+00,1.217343192547559738e-02
2.315116971731185913e-01,1.157200098037719727e+00,1.553549990057945251e-02
5.689196288585662842e-02,3.008435010910034180e+00,2.137664705514907837e-02
4.253426194190979004e-02,1.171197891235351562e+00,2.040959335863590240e-02
4.820469021797180176e-02,1.252033829689025879e+00,2.248237840831279755e-02
5.598277971148490906e-02,2.732561111450195312e+00,2.121938951313495636e-02
4.222542047500610352e-02,4.932018280029296875e+00,2.187440916895866394e-02
5.216018110513687134e-02,4.308520317077636719e+00,2.073135785758495331e-02
6.769384443759918213e-02,1.145346760749816895e+00,1.724614389240741730e-02
6.353111565113067627e-02,8.698524236679077148e-01,1.948943734169006348e-02
4.627215489745140076e-02,4.032595634460449219e+00,2.378180809319019318e-02
5.430356785655021667e-02,1.210028290748596191e+00,2.330671809613704681e-02
5.855478718876838684e-02,1.260393023490905762e+00,1.964203827083110809e-02
8.651822805404663086e-02,4.699729010462760925e-02,2.312947809696197510e-02
4.200451821088790894e-02,2.470921039581298828e+00,1.616836525499820709e-02
4.051512852311134338e-02,1.318298935890197754e+00,6.691525690257549286e-03
6.573188304901123047e-02,4.790314197540283203e+00,1.561490632593631744e-02
5.973288789391517639e-02,3.601815938949584961e+00,2.513087913393974304e-02
5.627630650997161865e-02,3.856860637664794922e+00,2.357330359518527985e-02
4.632285609841346741e-02,1.357338070869445801e+00,1.908557489514350891e-02
3.030256628990173340e-01,1.349809858947992325e-02,1.784225739538669586e-02
4.854675009846687317e-02,1.820542097091674805e+00,1.962360925972461700e-02
3.850659728050231934e-02,2.600037336349487305e+00,2.351066842675209045e-02
7.035280019044876099e-02,1.332608461380004883e+00,2.115023136138916016e-02
6.788318604230880737e-02,9.144613742828369141e-01,2.190867811441421509e-02
5.902681499719619751e-02,3.828465461730957031e+00,2.164199016988277435e-02
7.734812796115875244e-02,1.082163333892822266e+00,1.872654072940349579e-02
4.592389985918998718e-02,1.270227551460266113e+00,1.908562704920768738e-02
5.233138054609298706e-02,1.256177544593811035e+00,2.087960951030254364e-02
6.608987599611282349e-02,3.812312364578247070e+00,2.590630389750003815e-02
7.694118469953536987e-02,1.214052438735961914e+00,2.137695811688899994e-02
7.737662643194198608e-02,1.115705966949462891e+00,2.388150617480278015e-02
6.160581111907958984e-02,4.137540340423583984e+00,2.473933808505535126e-02
4.196813702583312988e-02,1.090797424316406250e+00,1.523444056510925293e-02
6.215365976095199585e-02,1.233826041221618652e+00,1.900420151650905609e-02
6.056325137615203857e-02,2.748324394226074219e+00,2.134372666478157043e-02
6.348265707492828369e-02,1.284350156784057617e+00,1.990624144673347473e-02
6.933818757534027100e-02,5.060729756951332092e-02,2.102325484156608582e-02
6.048106029629707336e-02,3.874442338943481445e+00,2.580639906227588654e-02
4.348240792751312256e-02,1.091212630271911621e+00,2.011629939079284668e-02
4.431235790252685547e-02,2.423297405242919922e+00,2.537727728486061096e-02
6.004954501986503601e-02,1.454415917396545410e+00,6.908727344125509262e-03
9.052190929651260376e-02,4.847426414489746094e+00,1.175352279096841812e-02
4.501857236027717590e-02,1.154487013816833496e+00,1.870490238070487976e-02
8.287475258111953735e-02,1.217591166496276855e+00,2.262364141643047333e-02
7.465419918298721313e-02,1.158752441406250000e+00,2.334233187139034271e-02
9.185451269149780273e-02,4.118947312235832214e-02,1.871173642575740814e-02
4.918171465396881104e-02,3.625676870346069336e+00,2.257984876632690430e-02
6.348358839750289917e-02,1.263882279396057129e+00,1.586513221263885498e-02
4.118716344237327576e-02,4.609135150909423828e+00,2.246156893670558929e-02
7.075815647840499878e-02,1.192376613616943359e+00,1.932224072515964508e-02
5.560740083456039429e-02,3.858448505401611328e+00,2.476490847766399384e-02
6.614349782466888428e-02,1.250041365623474121e+00,1.457745302468538284e-02
5.710233375430107117e-02,3.938303709030151367e+00,2.299685962498188019e-02
3.976747393608093262e-02,3.870568037033081055e+00,1.576517708599567413e-02
5.928536877036094666e-02,4.848909854888916016e+00,2.420549653470516205e-02
6.351993232965469360e-02,1.499933958053588867e+00,2.422118000686168671e-02
6.593261659145355225e-02,3.873322725296020508e+00,2.457389980554580688e-02
5.596453696489334106e-02,4.952543735504150391e+00,2.658337727189064026e-02
8.054539561271667480e-02,1.303746581077575684e+00,2.423075586557388306e-02
5.234009027481079102e-02,1.350079178810119629e+00,2.240297198295593262e-02
6.723352521657943726e-02,4.106123447418212891e+00,2.305058948695659637e-02
5.507073923945426941e-02,1.130272865295410156e+00,2.255153469741344452e-02
5.206325650215148926e-02,2.378134727478027344e+00,1.455198507755994797e-02
2.435006052255630493e-01,1.546362280845642090e+00,2.145563997328281403e-02
4.758555814623832703e-02,1.188940048217773438e+00,1.229549106210470200e-02
5.541489645838737488e-02,4.601046562194824219e+00,2.502574771642684937e-02
3.417369723320007324e-02,3.888940572738647461e+00,2.220813184976577759e-02
5.675545334815979004e-02,3.873412609100341797e+00,2.441301755607128143e-02
5.377124249935150146e-02,1.305565237998962402e+00,2.142080292105674744e-02
5.589772760868072510e-02,3.495608329772949219e+00,2.324522286653518677e-02
5.854959040880203247e-02,1.199933648109436035e+00,2.007633820176124573e-02
5.930333584547042847e-02,3.247581720352172852e+00,2.344368584454059601e-02
4.000658541917800903e-02,4.913799762725830078e+00,1.993056945502758026e-02
5.726726725697517395e-02,4.042489051818847656e+00,2.061706408858299255e-02
5.702117085456848145e-02,3.792838096618652344e+00,2.411749772727489471e-02
6.063336506485939026e-02,2.796119689941406250e+00,2.113884501159191132e-02
6.106591224670410156e-02,1.246435761451721191e+00,1.990551687777042389e-02
5.877218022942543030e-02,4.227541446685791016e+00,1.683622412383556366e-02
6.956053525209426880e-02,1.205600261688232422e+00,1.967801339924335480e-02
6.306187808513641357e-02,4.329770088195800781e+00,2.588746137917041779e-02
5.548029392957687378e-02,2.755169630050659180e+00,1.467404421418905258e-02
4.615024104714393616e-02,1.274624228477478027e+00,2.220839075744152069e-02
6.341591477394104004e-02,2.882960557937622070e+00,3.816711250692605972e-03
3.583215549588203430e-02,1.213671803474426270e+00,2.004988677799701691e-02
2.361295521259307861e-01,1.236344933509826660e+00,1.847910881042480469e-02
6.697971373796463013e-02,4.023868083953857422e+00,2.459398470818996429e-02
6.565306335687637329e-02,1.132807731628417969e+00,1.743171736598014832e-02
4.747544974088668823e-02,1.250962734222412109e+00,2.016599290072917938e-02
6.082332506775856018e-02,1.267993330955505371e+00,2.084865607321262360e-02
4.636501893401145935e-02,3.722052097320556641e+00,2.438734285533428192e-02
6.321129202842712402e-02,4.732573509216308594e+00,1.590752787888050079e-02
6.668753176927566528e-02,1.225845694541931152e+00,1.847672834992408752e-02
5.798298120498657227e-02,4.805575370788574219e+00,2.074585296213626862e-02
6.852585822343826294e-02,3.799712657928466797e+00,2.194791473448276520e-02
6.615881621837615967e-02,4.914926528930664062e+00,2.149052917957305908e-02
5.057266354560852051e-02,4.998657703399658203e+00,2.394155226647853851e-02
5.867969617247581482e-02,2.400391101837158203e+00,1.813777722418308258e-02
3.161738440394401550e-02,2.896390914916992188e+00,1.363017223775386810e-02
2.121501117944717407e-01,4.719245910644531250e+00,1.261834241449832916e-02
1.014756858348846436e-01,1.195182204246520996e+00,2.064605057239532471e-02
4.388239607214927673e-02,4.096093654632568359e+00,1.056621316820383072e-02
7.205992192029953003e-02,1.030330538749694824e+00,2.111420407891273499e-02
4.879976436495780945e-02,1.224668025970458984e+00,1.383438147604465485e-02
5.396540090441703796e-02,4.374489307403564453e+00,2.180515043437480927e-02
6.264692544937133789e-02,3.732753038406372070e+00,2.261722274124622345e-02
4.118554666638374329e-02,3.955225944519042969e+00,2.228593267500400543e-02
5.558888614177703857e-02,4.419333934783935547e+00,2.679426223039627075e-02
5.068214982748031616e-02,9.448973536491394043e-01,1.981596462428569794e-02
6.437782943248748779e-02,3.679968118667602539e+00,2.294742502272129059e-02
6.234967708587646484e-02,1.285718202590942383e+00,2.039054408669471741e-02
1.992237269878387451e-01,4.243658065795898438e+00,2.290585823357105255e-02
5.949842557311058044e-02,2.484540939331054688e+00,2.120002917945384979e-02
7.543689757585525513e-02,1.276261925697326660e+00,2.035751938819885254e-02
6.062173098325729370e-02,4.085120677947998047e+00,2.513289824128150940e-02
1.241126805543899536e-01,1.260791778564453125e+00,1.736038550734519958e-02
4.291831329464912415e-02,1.200108885765075684e+00,1.881407387554645538e-02
5.288023129105567932e-02,3.733797073364257812e+00,2.293960936367511749e-02
5.386462062597274780e-02,1.196064829826354980e+00,6.720358505845069885e-03
4.463896527886390686e-02,1.442262887954711914e+00,1.881019026041030884e-02
6.589382141828536987e-02,4.770121574401855469e+00,2.666050381958484650e-02
5.323829501867294312e-02,1.196617126464843750e+00,1.380140800029039383e-02
1.055871918797492981e-01,2.758355855941772461e+00,1.965715363621711731e-02
6.268543750047683716e-02,1.312891364097595215e+00,2.191483788192272186e-02
4.696325957775115967e-02,1.358204245567321777e+00,2.015667408704757690e-02
6.255884468555450439e-02,1.701318845152854919e-02,1.686811074614524841e-02
3.511306643486022949e-02,3.767202377319335938e+00,2.442776970565319061e-02
1.237477660179138184e-01,1.259170055389404297e+00,1.777330785989761353e-02
6.851973384618759155e-02,8.682727217674255371e-01,2.026833035051822662e-02
5.718249455094337463e-02,4.019386768341064453e+00,1.852020993828773499e-02
5.976772308349609375e-02,1.348389983177185059e+00,2.432004921138286591e-02
8.765726536512374878e-02,1.348059415817260742e+00,2.250655181705951691e-02
5.893047526478767395e-02,3.645290613174438477e+00,2.211407758295536041e-02
5.787514522671699524e-02,1.265410423278808594e+00,1.918351277709007263e-02
5.458917841315269470e-02,1.259077429771423340e+00,1.895782165229320526e-02
5.044163018465042114e-02,3.925273656845092773e+00,1.828457973897457123e-02
4.745924100279808044e-02,3.980875253677368164e+00,2.260542102158069611e-02
6.220284476876258850e-02,2.636941671371459961e+00,2.230384387075901031e-02
7.296439260244369507e-02,1.251504540443420410e+00,1.347260363399982452e-02
6.197715923190116882e-02,4.089818477630615234e+00,2.496596053242683411e-02
9.709242731332778931e-02,6.158449649810791016e-01,1.527067553251981735e-02
5.768164247274398804e-02,3.790673732757568359e+00,2.467452920973300934e-02
6.139464676380157471e-02,3.249307870864868164e+00,2.317979373037815094e-02
5.890989303588867188e-02,1.303118824958801270e+00,1.934915781021118164e-02
5.446784943342208862e-02,1.186305642127990723e+00,1.997042819857597351e-02
3.851616382598876953e-02,1.232468843460083008e+00,1.729159243404865265e-02
4.228954389691352844e-02,4.851437091827392578e+00,2.390583418309688568e-02
5.814785137772560120e-02,2.434378385543823242e+00,1.245057582855224609e-02
6.356929242610931396e-02,3.968632221221923828e+00,2.288334071636199951e-02
6.347959488630294800e-02,1.274927735328674316e+00,3.653396153822541237e-03
5.219786986708641052e-02,1.372825741767883301e+00,8.328508585691452026e-03
5.801536887884140015e-02,1.253792285919189453e+00,5.347526632249355316e-03
4.072481021285057068e-02,1.184065341949462891e+00,1.332994177937507629e-02
4.322292283177375793e-02,1.206342220306396484e+00,1.970425806939601898e-02
4.672345891594886780e-02,1.097493052482604980e+00,2.226988598704338074e-02
4.921816289424896240e-02,4.089437961578369141e+00,2.329885028302669525e-02
4.820930212736129761e-02,2.774959802627563477e+00,2.295192889869213104e-02
6.164628639817237854e-02,1.235981464385986328e+00,1.979836449027061462e-02
7.515445351600646973e-02,3.835880994796752930e+00,2.485886029899120331e-02
5.922224745154380798e-02,3.858113050460815430e+00,2.294136770069599152e-02
6.933952867984771729e-02,1.163854718208312988e+00,1.882426999509334564e-02
9.287057071924209595e-02,2.265887022018432617e+00,2.489669993519783020e-02
5.950816720724105835e-02,3.621218681335449219e+00,2.457213960587978363e-02
7.767824083566665649e-02,2.391570806503295898e+00,2.331582829356193542e-02
6.906934082508087158e-02,4.767447948455810547e+00,2.370571531355381012e-02
6.358250230550765991e-02,1.336521863937377930e+00,1.519944891333580017e-02
5.175881832838058472e-02,2.597483873367309570e+00,1.135514676570892334e-02
3.926678001880645752e-02,4.325837612152099609e+00,1.454525534063577652e-02
5.348669737577438354e-02,1.228701591491699219e+00,2.212256565690040588e-02
1.447063535451889038e-01,4.239737987518310547e+00,2.017789892852306366e-02
6.888832896947860718e-02,1.222207903861999512e+00,2.170581556856632233e-02
6.925816833972930908e-02,2.526727199554443359e+00,2.362351305782794952e-02
7.124897092580795288e-02,1.257607102394104004e+00,2.340227551758289337e-02
6.802320480346679688e-02,1.217162609100341797e+00,1.820108480751514435e-02
3.913815319538116455e-02,4.047389507293701172e+00,2.243366837501525879e-02
6.499042361974716187e-02,3.855893850326538086e+00,2.526764012873172760e-02
6.356681138277053833e-02,3.752607345581054688e+00,2.620565518736839294e-02
5.665725842118263245e-02,1.273073315620422363e+00,2.341635525226593018e-02
6.358240544795989990e-02,1.261379599571228027e+00,1.864589191973209381e-02
6.188949197530746460e-02,1.086112976074218750e+00,2.328249253332614899e-02
6.232954189181327820e-02,3.894731998443603516e+00,2.437818050384521484e-02
4.479856416583061218e-02,1.279977560043334961e+00,2.115841023623943329e-02
4.798867553472518921e-02,1.567379951477050781e+00,1.957215555012226105e-02
7.386004924774169922e-02,1.349231123924255371e+00,2.237103320658206940e-02
6.624438613653182983e-02,1.182257652282714844e+00,1.064944919198751450e-02
5.927373841404914856e-02,4.347384452819824219e+00,2.186705917119979858e-02
4.733216390013694763e-02,1.251480340957641602e+00,1.766522414982318878e-02
6.119952723383903503e-02,3.547538995742797852e+00,2.391069941222667694e-02
6.644459813833236694e-02,1.162051439285278320e+00,1.820579543709754944e-02
8.113010972738265991e-02,4.775424480438232422e+00,9.273407980799674988e-03
5.301412194967269897e-02,3.250557184219360352e+00,1.543197222054004669e-02
2.356778383255004883e-01,4.178084850311279297e+00,2.400066517293453217e-02
1.666246354579925537e-01,4.150607585906982422e+00,2.042481303215026855e-02
3.742648661136627197e-02,1.411542654037475586e+00,2.223820611834526062e-02
6.712565571069717407e-02,3.691466093063354492e+00,2.609881386160850525e-02
5.441164597868919373e-02,3.132431268692016602e+00,1.656612008810043335e-02
4.962981864809989929e-02,7.964294403791427612e-02,1.775203272700309753e-02
5.796873196959495544e-02,3.962255716323852539e+00,2.310897968709468842e-02
5.202859640121459961e-02,1.587937772274017334e-02,1.657347008585929871e-02
6.088094040751457214e-02,3.837325334548950195e+00,2.144922129809856415e-02
6.244198977947235107e-02,1.312821984291076660e+00,1.994413137435913086e-02
7.107701152563095093e-02,4.099629402160644531e+00,2.182958275079727173e-02
4.855803772807121277e-02,1.244035124778747559e+00,2.327726408839225769e-02
5.873755365610122681e-02,4.159916400909423828e+00,1.797202974557876587e-02
6.453574448823928833e-02,4.109182357788085938e+00,2.626471780240535736e-02
7.571004331111907959e-02,1.235468268394470215e+00,2.068016305565834045e-02
6.469693034887313843e-02,2.632868528366088867e+00,2.107755653560161591e-02
5.988460779190063477e-02,4.075035572052001953e+00,2.372745610773563385e-02
5.748314782977104187e-02,1.173256278038024902e+00,2.179645374417304993e-02
5.336134135723114014e-02,1.215982675552368164e+00,2.264869585633277893e-02
6.880833953619003296e-02,3.564096212387084961e+00,2.356181107461452484e-02
5.775171890854835510e-02,3.497237443923950195e+00,2.313248068094253540e-02
2.062488943338394165e-01,2.651618719100952148e+00,2.503377012908458710e-02
7.259906828403472900e-02,7.872182875871658325e-02,1.900792866945266724e-02
5.207416787743568420e-02,4.899399757385253906e+00,2.384511567652225494e-02
6.637348979711532593e-02,3.884738206863403320e+00,2.356155216693878174e-02
4.393897950649261475e-02,2.301757812500000000e+00,2.250624075531959534e-02
1.748479008674621582e-01,4.212013244628906250e+00,1.054152101278305054e-02
4.481240361928939819e-02,3.793748378753662109e+00,2.223479002714157104e-02
6.005333364009857178e-02,3.983851909637451172e+00,2.132157050073146820e-02
6.428383290767669678e-02,1.220846414566040039e+00,1.753131113946437836e-02
6.225093081593513489e-02,4.757785797119140625e+00,2.595454826951026917e-02
5.816822499036788940e-02,4.971785545349121094e+00,2.098919451236724854e-02
5.908649787306785583e-02,4.401512145996093750e+00,2.635820396244525909e-02
5.331539362668991089e-02,1.190223217010498047e+00,2.211713045835494995e-02
6.088679283857345581e-02,3.951031923294067383e+00,2.282510697841644287e-02
6.221261993050575256e-02,1.249751329421997070e+00,1.694907061755657196e-02
6.850056350231170654e-02,1.124295353889465332e+00,1.460556033998727798e-02
5.706646665930747986e-02,3.257179498672485352e+00,2.521836012601852417e-02
5.961287021636962891e-02,1.506371617317199707e+00,1.558954175561666489e-02
5.781429260969161987e-02,3.972950935363769531e+00,2.401412464678287506e-02
8.036197721958160400e-02,4.136569023132324219e+00,2.593467012047767639e-02
5.637422949075698853e-02,3.938117027282714844e+00,2.382280491292476654e-02
6.834443658590316772e-02,1.134055733680725098e+00,2.039582468569278717e-02
7.274534553289413452e-02,1.022170662879943848e+00,2.285078167915344238e-02
2.290582805871963501e-01,4.165800094604492188e+00,1.978179998695850372e-02
5.680405348539352417e-02,2.455476999282836914e+00,2.125479467213153839e-02
6.565010547637939453e-02,1.271283507347106934e+00,2.067949064075946808e-02
4.226107895374298096e-02,3.655719995498657227e+00,1.407461799681186676e-02
6.970974802970886230e-02,4.030937671661376953e+00,1.985727250576019287e-02
2.336324602365493774e-01,2.708404779434204102e+00,2.485580556094646454e-02
6.019882112741470337e-02,4.836328983306884766e+00,2.297180518507957458e-02
1.293037533760070801e-01,1.140285849571228027e+00,1.028756704181432724e-02
5.761696770787239075e-02,2.682386875152587891e+00,2.097661606967449188e-02
6.325308233499526978e-02,3.904145002365112305e+00,2.437429875135421753e-02
5.856542289257049561e-02,4.051763057708740234e+00,2.286056429147720337e-02
7.276317477226257324e-02,1.197614312171936035e+00,1.953203976154327393e-02
4.926490411162376404e-02,2.616250038146972656e+00,2.422019653022289276e-02
6.755771487951278687e-02,2.932792901992797852e+00,2.131582424044609070e-02
5.496066436171531677e-02,4.039364814758300781e+00,2.365907467901706696e-02
5.973123759031295776e-02,4.358079433441162109e+00,2.156247943639755249e-02
6.833459436893463135e-02,4.480539321899414062e+00,2.449578791856765747e-02
5.000192299485206604e-02,1.395723223686218262e+00,2.456158027052879333e-02
7.224430888891220093e-02,1.228645563125610352e+00,2.319195680320262909e-02
6.823446601629257202e-02,6.002116482704877853e-03,1.769022643566131592e-02
6.476945430040359497e-02,1.353470921516418457e+00,1.878855377435684204e-02
1.071860045194625854e-01,2.402991294860839844e+00,2.392850629985332489e-02
5.800274014472961426e-02,3.642753839492797852e+00,2.314945869147777557e-02
5.462435632944107056e-02,1.268307209014892578e+00,1.160785835236310959e-02
5.946245789527893066e-02,1.258748650550842285e+00,1.901476271450519562e-02
7.448998838663101196e-02,3.553279861807823181e-02,1.628193631768226624e-02
4.348068684339523315e-02,1.259040355682373047e+00,2.065029554069042206e-02
5.204893648624420166e-02,1.249403357505798340e+00,1.818467490375041962e-02
5.672186240553855896e-02,3.811653852462768555e+00,2.056954428553581238e-02
3.735214099287986755e-02,3.719657897949218750e+00,2.335516922175884247e-02
5.409560725092887878e-02,2.448355913162231445e+00,2.513936907052993774e-02
1.011557206511497498e-01,3.448922157287597656e+00,2.531215734779834747e-02
1.972517222166061401e-01,1.172540903091430664e+00,1.782895438373088837e-02
8.362918347120285034e-02,1.211047053337097168e+00,2.066893130540847778e-02
5.242696404457092285e-02,4.365529060363769531e+00,2.605952508747577667e-02
1.181486919522285461e-01,8.398055434226989746e-01,2.031263895332813263e-02
5.837797746062278748e-02,1.121326208114624023e+00,2.150771394371986389e-02
4.972354322671890259e-02,2.657004594802856445e+00,2.261018194258213043e-02
6.934311240911483765e-02,1.277609109878540039e+00,1.890978403389453888e-02
5.721522867679595947e-02,1.226695656776428223e+00,1.739662140607833862e-02
4.461659118533134460e-02,3.858787298202514648e+00,2.201712317764759064e-02
6.431607902050018311e-02,1.253686547279357910e+00,2.299841307103633881e-02
7.148250937461853027e-02,4.541107177734375000e+00,2.389102987945079803e-02
6.295056641101837158e-02,4.747135162353515625e+00,2.309075929224491119e-02
4.834883660078048706e-02,4.892030239105224609e+00,2.345238253474235535e-02
6.786363571882247925e-02,1.301350831985473633e+00,2.324760332703590393e-02
5.751835554838180542e-02,3.208801746368408203e+00,2.199817821383476257e-02
6.160388141870498657e-02,4.284289360046386719e+00,2.279912121593952179e-02
7.197907567024230957e-02,1.189292311668395996e+00,2.072152309119701385e-02
6.010533869266510010e-02,4.253352165222167969e+00,2.338498458266258240e-02
1.058134287595748901e-01,1.242300629615783691e+00,2.307864651083946228e-02
3.823162242770195007e-02,3.914113998413085938e+00,2.424488775432109833e-02
6.329052895307540894e-02,1.188081145286560059e+00,2.146857976913452148e-02
6.914430856704711914e-02,1.017510771751403809e+00,1.879248768091201782e-02
4.316444322466850281e-02,3.961843252182006836e+00,2.500788867473602295e-02
5.263196304440498352e-02,3.077182054519653320e+00,1.903966069221496582e-02
6.567488610744476318e-02,4.789569377899169922e+00,2.362133935093879700e-02
4.975327849388122559e-02,3.408453702926635742e+00,2.283887565135955811e-02
7.455080747604370117e-02,2.466761589050292969e+00,2.245323359966278076e-02
9.567394852638244629e-02,3.015360355377197266e+00,2.531888708472251892e-02
5.791682749986648560e-02,4.054672718048095703e+00,2.141365967690944672e-02
2.413142770528793335e-01,1.046248316764831543e+00,1.717817783355712891e-02
5.431375652551651001e-02,4.480817794799804688e+00,1.221649907529354095e-02
6.625571101903915405e-02,1.226653575897216797e+00,1.586647890508174896e-02
8.055296540260314941e-02,2.093871496617794037e-02,1.535743195563554764e-02
4.809740558266639709e-02,3.924587011337280273e+00,2.567595429718494415e-02
6.715834885835647583e-02,1.159313797950744629e+00,1.922595873475074768e-02
1.719190776348114014e-01,4.010747909545898438e+00,2.426321245729923248e-02
3.503517806529998779e-02,1.373311638832092285e+00,2.035865746438503265e-02
8.123071491718292236e-02,9.501618146896362305e-01,1.089061703532934189e-02
7.849221676588058472e-02,2.748572826385498047e-02,2.170369215309619904e-02
6.182557716965675354e-02,3.006215572357177734e+00,2.126152440905570984e-02
5.637488141655921936e-02,1.299548149108886719e+00,1.536281593143939972e-02
5.127030611038208008e-02,2.583880901336669922e+00,2.123176120221614838e-02
7.277137041091918945e-02,1.268267154693603516e+00,2.217795327305793762e-02
7.056622952222824097e-02,1.039734482765197754e+00,2.327503822743892670e-02
6.222029775381088257e-02,2.403438091278076172e+00,2.381721511483192444e-02
5.035936832427978516e-02,2.963979721069335938e+00,1.437930017709732056e-02
7.251673191785812378e-02,1.257156252861022949e+00,2.360829524695873260e-02
7.146398723125457764e-02,1.025045633316040039e+00,2.273565903306007385e-02
6.358774006366729736e-02,4.226999759674072266e+00,2.180049009621143341e-02
7.683937251567840576e-02,4.653529167175292969e+00,2.229644171893596649e-02
4.451612010598182678e-02,4.600735664367675781e+00,1.574473083019256592e-02
3.072241507470607758e-02,3.001548290252685547e+00,1.669853180646896362e-02
5.590860545635223389e-02,3.731735229492187500e+00,2.085636742413043976e-02
6.869953870773315430e-02,1.251823782920837402e+00,1.589344814419746399e-02
6.636536866426467896e-02,1.252173423767089844e+00,1.943342946469783783e-02
5.653076618909835815e-02,2.740025758743286133e+00,2.553070522844791412e-02
6.223902106285095215e-02,4.018450736999511719e+00,2.349643409252166748e-02
5.898031219840049744e-02,3.987121582031250000e+00,2.430948987603187561e-02
5.672753974795341492e-02,1.385143756866455078e+00,2.180328592658042908e-02
5.615363642573356628e-02,1.175000667572021484e+00,2.141417749226093292e-02
6.760645657777786255e-02,1.256434679031372070e+00,1.781663391739130020e-03
5.262222513556480408e-02,3.421692609786987305e+00,2.458399347960948944e-02
4.704937711358070374e-02,2.563896894454956055e+00,1.940972171723842621e-02
5.309418216347694397e-02,2.916546724736690521e-02,2.345352061092853546e-02
7.094873487949371338e-02,3.732100129127502441e-01,2.085331454873085022e-02
5.938202142715454102e-02,3.772765874862670898e+00,2.318414114415645599e-02
7.117469608783721924e-02,1.359939098358154297e+00,2.195329777896404266e-02
6.447581946849822998e-02,1.371501445770263672e+00,1.642842777073383331e-02
7.261076569557189941e-02,1.147033929824829102e+00,7.592632435262203217e-03
7.298022508621215820e-02,1.160105347633361816e+00,1.983925886452198029e-02
6.884640455245971680e-02,1.102981686592102051e+00,1.976109482347965240e-02
6.263154000043869019e-02,3.668418884277343750e+00,2.534678764641284943e-02
4.618204385042190552e-02,2.882440805435180664e+00,2.230529300868511200e-02
5.789989233016967773e-02,3.985492467880249023e+00,2.383031137287616730e-02
7.015884667634963989e-02,2.349868297576904297e+00,1.823364384472370148e-02
8.908972144126892090e-02,1.230008482933044434e+00,2.170773036777973175e-02
1.961791366338729858e-01,1.109254717826843262e+00,1.008677482604980469e-02
6.867647916078567505e-02,1.301853895187377930e+00,2.082908898591995239e-02
2.347035706043243408e-01,4.780169010162353516e+00,1.489911414682865143e-02
7.298414409160614014e-02,1.105785131454467773e+00,1.578862592577934265e-02
5.566925182938575745e-02,1.327194094657897949e+00,9.435119107365608215e-03
5.791682749986648560e-02,4.231014728546142578e+00,2.645231038331985474e-02
6.800888478755950928e-02,1.255924463272094727e+00,2.125536464154720306e-02
7.293262332677841187e-02,2.925248622894287109e+00,2.412137947976589203e-02
6.361857801675796509e-02,1.298231244087219238e+00,1.974680833518505096e-02
6.212402507662773132e-02,3.894325494766235352e+00,2.383843809366226196e-02
5.228852853178977966e-02,1.206386089324951172e+00,1.287017390131950378e-02
6.677172333002090454e-02,1.171204924583435059e+00,1.335018128156661987e-02
6.291976571083068848e-02,4.165807247161865234e+00,2.245002426207065582e-02
5.982599407434463501e-02,4.119203090667724609e+00,2.162666805088520050e-02
4.753595963120460510e-02,1.298366785049438477e+00,1.893970370292663574e-02
7.910130172967910767e-02,1.264916896820068359e+00,2.303288690745830536e-02
4.620851576328277588e-02,3.861007213592529297e+00,2.329129353165626526e-02
4.961539804935455322e-02,1.049429774284362793e+00,2.175939083099365234e-02
1.308525204658508301e-01,4.964171409606933594e+00,2.423857338726520538e-02
6.681071966886520386e-02,3.922269105911254883e+00,2.131054550409317017e-02
4.507818818092346191e-02,1.250598073005676270e+00,2.025683782994747162e-02
1.247963160276412964e-01,4.023078441619873047e+00,2.052658051252365112e-02
3.685832768678665161e-02,4.070802688598632812e+00,2.255376055836677551e-02
4.362246021628379822e-02,2.725058078765869141e+00,2.446478232741355896e-02
1.075382456183433533e-01,1.205184340476989746e+00,1.866359636187553406e-02
3.953913599252700806e-02,2.448038578033447266e+00,2.287800982594490051e-02
7.435482740402221680e-02,4.824215888977050781e+00,2.173495851457118988e-02
7.499598711729049683e-02,1.217508554458618164e+00,1.790375262498855591e-02
6.942255049943923950e-02,1.514812588691711426e+00,2.316136471927165985e-02
4.508455470204353333e-02,4.090098381042480469e+00,2.162884175777435303e-02
5.483974888920783997e-02,2.990524291992187500e+00,2.070412971079349518e-02
4.639048874378204346e-02,3.941148996353149414e+00,2.593741379678249359e-02
6.290699541568756104e-02,1.391054868698120117e+00,1.776000484824180603e-02
6.096516549587249756e-02,3.861825227737426758e+00,2.428257279098033905e-02
5.750348791480064392e-02,4.789553582668304443e-02,1.833846606314182281e-02
7.437423616647720337e-02,8.607872724533081055e-01,1.957484893500804901e-02
6.927065551280975342e-02,1.282721400260925293e+00,1.895088516175746918e-02
5.806589871644973755e-02,4.396862983703613281e+00,2.516716718673706055e-02
3.552158921957015991e-02,3.952423334121704102e+00,1.397212501615285873e-02
5.148687213659286499e-02,1.221765756607055664e+00,1.275282539427280426e-02
4.347108677029609680e-02,4.874360084533691406e+00,2.477194927632808685e-02
4.187434539198875427e-02,3.937597990036010742e+00,2.229028195142745972e-02
8.347564190626144409e-02,1.211953401565551758e+00,1.182350702583789825e-02
4.748050868511199951e-02,2.789683341979980469e-01,2.225891314446926117e-02
6.105627492070198059e-02,1.216148376464843750e+00,1.651228591799736023e-02
6.561957299709320068e-02,4.983835220336914062e+00,2.429851517081260681e-02
4.915132373571395874e-02,7.244747281074523926e-01,2.036994323134422302e-02
4.566111043095588684e-02,3.966028928756713867e+00,2.341283485293388367e-02
8.051324635744094849e-02,4.096590995788574219e+00,2.298516035079956055e-02
5.226787924766540527e-02,4.863643646240234375e+00,1.565026119351387024e-02
3.777742385864257812e-02,1.407909393310546875e+00,1.355459727346897125e-02
4.554463550448417664e-02,3.781265258789062500e+00,2.202499099075794220e-02
5.690166726708412170e-02,1.758134961128234863e+00,2.174096181988716125e-02
1.110102161765098572e-01,1.183010935783386230e+00,1.964907720685005188e-02
7.575362175703048706e-02,2.942175269126892090e-01,2.161714248359203339e-02
5.578913539648056030e-02,1.293247103691101074e+00,1.922181807458400726e-02
6.408932805061340332e-02,5.531010031700134277e-01,2.387814037501811981e-02
3.839962184429168701e-02,3.268646478652954102e+00,2.345528081059455872e-02
2.020575702190399170e-01,1.690812967717647552e-02,1.898422092199325562e-02
5.997943505644798279e-02,3.953725337982177734e+00,2.372414246201515198e-02
5.771613121032714844e-02,3.801191329956054688e+00,2.226553857326507568e-02
7.953856140375137329e-02,4.076165676116943359e+00,2.202126383781433105e-02
5.811398103833198547e-02,3.986083984375000000e+00,1.028534118086099625e-02
4.255963116884231567e-02,1.198002219200134277e+00,5.565815139561891556e-03
1.014385446906089783e-01,4.826041221618652344e+00,2.246845327317714691e-02
7.091834396123886108e-02,1.194125771522521973e+00,1.840353384613990784e-02
5.675283819437026978e-02,1.076514244079589844e+00,1.910586655139923096e-02
4.956245794892311096e-02,1.231797218322753906e+00,2.012768760323524475e-02
7.249639183282852173e-02,1.236861467361450195e+00,1.322382595390081406e-02
4.354453459382057190e-02,4.161911964416503906e+00,2.453176490962505341e-02
3.625041618943214417e-02,4.419714450836181641e+00,2.257767505943775177e-02
3.961754590272903442e-02,4.703115940093994141e+00,1.858020387589931488e-02
6.997425854206085205e-02,3.962753772735595703e+00,1.639276370406150818e-02
4.991387948393821716e-02,1.257527828216552734e+00,1.961465552449226379e-02
2.289037406444549561e-01,4.223397731781005859e+00,2.398451603949069977e-02
5.944662541151046753e-02,3.912150859832763672e+00,2.283835783600807190e-02
5.109115317463874817e-02,2.370264530181884766e+00,2.063487097620964050e-02
6.797962635755538940e-02,1.191359758377075195e+00,1.803419739007949829e-02
4.802991077303886414e-02,3.471123456954956055e+00,2.578217349946498871e-02
3.887464106082916260e-02,1.259881258010864258e+00,1.355998031795024872e-02
3.852638602256774902e-02,3.481376647949218750e+00,2.445090934634208679e-02
2.283757627010345459e-01,2.417199373245239258e+00,2.056198753416538239e-02
6.273771822452545166e-02,3.613763332366943359e+00,2.378154918551445007e-02
4.897206649184226990e-02,1.208451747894287109e+00,1.880087330937385559e-02
7.851248979568481445e-02,4.404762685298919678e-01,2.016537077724933624e-02
6.961898505687713623e-02,1.223754167556762695e+00,8.387571200728416443e-03
4.564558714628219604e-02,1.287250995635986328e+00,1.533279288560152054e-02
5.193463340401649475e-02,4.034014225006103516e+00,2.411775663495063782e-02
7.525601983070373535e-02,4.514303207397460938e+00,2.514801360666751862e-02
3.530946373939514160e-02,4.343584537506103516e+00,2.110235020518302917e-02
3.906339406967163086e-02,2.256710052490234375e+00,1.321212667971849442e-02
8.994996547698974609e-02,4.867164611816406250e+00,2.682107686996459961e-02
4.871530085802078247e-02,2.498979091644287109e+00,2.353774011135101318e-02
1.044909432530403137e-01,4.188480377197265625e+00,7.740781176835298538e-03
4.793343320488929749e-02,2.276955604553222656e+00,2.098676189780235291e-02
5.289410054683685303e-02,1.229103803634643555e+00,1.808647997677326202e-02
5.894881859421730042e-02,2.726347923278808594e+00,2.255707234144210815e-02
4.243651404976844788e-02,3.319117784500122070e+00,2.213426493108272552e-02
6.211039423942565918e-02,4.813781738281250000e+00,2.401226013898849487e-02
4.680795967578887939e-02,2.470429897308349609e+00,1.369358319789171219e-02
7.219859957695007324e-02,4.784390449523925781e+00,2.263772115111351013e-02
4.786975681781768799e-02,3.983587741851806641e+00,1.036831922829151154e-02
6.237779930233955383e-02,1.447067260742187500e+00,2.452839910984039307e-02
3.793461620807647705e-02,2.364043712615966797e+00,1.467549428343772888e-02
5.878061428666114807e-02,1.255087852478027344e+00,2.191623486578464508e-02
5.881386250257492065e-02,2.726225614547729492e+00,2.211666479706764221e-02
5.700730159878730774e-02,2.976705789566040039e+00,2.297118492424488068e-02
7.026620209217071533e-02,1.154760479927062988e+00,1.848713308572769165e-02
6.935935467481613159e-02,1.245033025741577148e+00,1.851896755397319794e-02
4.483195021748542786e-02,4.360515773296356201e-01,1.863652281463146210e-02
1.308110654354095459e-01,4.437404632568359375e+00,2.416548319160938263e-02
4.533295705914497375e-02,1.278914213180541992e+00,1.888783648610115051e-02
4.014209285378456116e-02,2.547036170959472656e+00,2.425700053572654724e-02
4.323238879442214966e-02,4.068237304687500000e+00,2.011422812938690186e-02
7.042170315980911255e-02,1.293045520782470703e+00,2.127591520547866821e-02
7.392416894435882568e-02,4.212107509374618530e-02,8.511287160217761993e-03
5.729569867253303528e-02,3.626902341842651367e+00,2.170358970761299133e-02
4.766265675425529480e-02,1.239626526832580566e+00,1.006581075489521027e-02
4.069941118359565735e-02,3.433067560195922852e+00,1.453707739710807800e-02
7.779392600059509277e-02,1.347174406051635742e+00,2.209948003292083740e-02
6.455013155937194824e-02,2.964578151702880859e+00,2.058093249797821045e-02
5.617921054363250732e-02,3.656300783157348633e+00,2.361668087542057037e-02
1.560299992561340332e-01,1.350707650184631348e+00,2.131479047238826752e-02
6.954115629196166992e-02,1.218687653541564941e+00,2.295053005218505859e-02
6.416498124599456787e-02,1.145297527313232422e+00,1.691552624106407166e-02
6.851635873317718506e-02,3.957019805908203125e+00,2.445991523563861847e-02
5.998975783586502075e-02,1.170487880706787109e+00,1.998523250222206116e-02
5.878457054495811462e-02,1.338017225265502930e+00,1.977869495749473572e-02
4.271840676665306091e-02,4.226146221160888672e+00,2.342111617326736450e-02
3.453551232814788818e-02,3.786476612091064453e+00,2.231709472835063934e-02
6.079768016934394836e-02,2.351851224899291992e+00,2.354612573981285095e-02
2.304181605577468872e-01,3.392513751983642578e+00,2.556507661938667297e-02
4.353259131312370300e-02,4.115831851959228516e+00,2.237755618989467621e-02
4.725310206413269043e-02,4.134109973907470703e+00,2.205620519816875458e-02
3.668840229511260986e-02,3.817815065383911133e+00,2.389506809413433075e-02
6.277950853109359741e-02,4.968757629394531250e+00,2.449925616383552551e-02
8.287922292947769165e-02,2.657034158706665039e+00,2.091874368488788605e-02
6.336559355258941650e-02,1.199586629867553711e+00,7.512605749070644379e-03
9.046500921249389648e-02,3.957162141799926758e+00,1.851316913962364197e-02
9.187076240777969360e-02,1.157178759574890137e+00,2.287573181092739105e-02
1.102558523416519165e-01,1.134228348731994629e+00,2.273700386285781860e-02
6.221172586083412170e-02,2.308715581893920898e+00,1.641041412949562073e-02
5.506003275513648987e-02,3.929370164871215820e+00,2.165239490568637848e-02
6.576471775770187378e-02,1.183060288429260254e+00,2.087722904980182648e-02
3.751879930496215820e-02,3.430452585220336914e+00,2.234887890517711639e-02
4.320041090250015259e-02,4.647870082408189774e-03,1.900896430015563965e-02
4.578701779246330261e-02,4.872577667236328125e+00,1.806887984275817871e-02
8.058518171310424805e-02,1.470069527626037598e+00,2.263725548982620239e-02
4.506927356123924255e-02,1.269889712333679199e+00,2.070055902004241943e-02
3.564088791608810425e-02,3.611926317214965820e+00,2.132509090006351471e-02
4.133977741003036499e-02,3.698865175247192383e+00,9.367515332996845245e-03
9.863382577896118164e-02,3.033334732055664062e+00,2.045742422342300415e-02
5.957129225134849548e-02,1.219345450401306152e+00,1.971895992755889893e-02
7.593521475791931152e-02,1.239281535148620605e+00,9.024526923894882202e-03
6.636915355920791626e-02,1.185328006744384766e+00,2.523585781455039978e-02
6.485580652952194214e-02,1.124825477600097656e+00,1.468434557318687439e-02
7.244373112916946411e-02,1.212093234062194824e+00,1.644235290586948395e-02
3.800369799137115479e-02,1.329479217529296875e+00,1.913330145180225372e-02
6.510194391012191772e-02,2.922745704650878906e+00,2.380101196467876434e-02
4.341023042798042297e-02,3.890769720077514648e+00,2.550616860389709473e-02
4.262857139110565186e-02,3.497596740722656250e+00,2.135102450847625732e-02
6.271696835756301880e-02,1.163983702659606934e+00,2.202877029776573181e-02
5.916510894894599915e-02,3.487092971801757812e+00,2.212774194777011871e-02
5.187432840466499329e-02,2.498652219772338867e+00,2.323000505566596985e-02
6.377164274454116821e-02,4.016561985015869141e+00,2.189289033412933350e-02
6.141227111220359802e-02,1.360946416854858398e+00,2.307849191129207611e-02
5.996979773044586182e-02,4.400650024414062500e+00,2.417008951306343079e-02
6.670742481946945190e-02,1.122848749160766602e+00,2.102284133434295654e-02
8.400476723909378052e-02,1.215926408767700195e+00,1.656964072026312351e-03
4.867688938975334167e-02,1.223635911941528320e+00,2.163702063262462616e-02
7.063768804073333740e-02,1.142271041870117188e+00,1.334723085165023804e-02
6.934893131256103516e-02,4.290990829467773438e+00,2.318724803626537323e-02
7.728988677263259888e-02,1.016171216964721680e+00,1.995339803397655487e-02
4.897323623299598694e-02,4.126468658447265625e+00,2.667939849197864532e-02
3.643851727247238159e-02,4.572198390960693359e+00,2.570784091949462891e-02
5.812286213040351868e-02,2.750953674316406250e+00,2.209823764860630035e-02
7.414651662111282349e-02,2.842262983322143555e+00,2.525521628558635712e-02
5.736288428306579590e-02,4.846312522888183594e+00,2.289778366684913635e-02
4.873608797788619995e-02,3.942865133285522461e+00,2.305737137794494629e-02
2.249410748481750488e-01,4.841073513031005859e+00,2.478261291980743408e-02
1.051498651504516602e-01,1.085766315460205078e+00,2.350010909140110016e-02
1.992535442113876343e-01,1.195375800132751465e+00,1.642387360334396362e-02
9.020810574293136597e-02,1.238906860351562500e+00,1.828499324619770050e-02
6.359055638313293457e-02,1.304033279418945312e+00,1.824648119509220123e-02
7.963728159666061401e-02,2.333101034164428711e+00,9.377297945320606232e-03
4.487070813775062561e-02,3.660238981246948242e+00,2.151092328131198883e-02
5.934088677167892456e-02,4.992391586303710938e+00,2.562315575778484344e-02
6.599553674459457397e-02,1.242694258689880371e+00,1.949109323322772980e-02
6.065153703093528748e-02,3.919587850570678711e+00,2.314335107803344727e-02
4.448073729872703552e-02,1.250776648521423340e+00,1.794464699923992157e-02
8.432170003652572632e-02,3.966835498809814453e+00,2.305700816214084625e-02
7.198677957057952881e-02,8.539699316024780273e-01,2.341811358928680420e-02
8.573918789625167847e-02,1.355215311050415039e+00,4.073460586369037628e-03
5.839911103248596191e-02,3.677107334136962891e+00,2.519739605486392975e-02
6.441827118396759033e-02,1.523344516754150391e-01,1.647879369556903839e-02
5.891963094472885132e-02,4.034550666809082031e+00,2.285616472363471985e-02
6.033360585570335388e-02,4.014657497406005859e+00,2.437305636703968048e-02
7.137794047594070435e-02,1.117685437202453613e+00,2.095363289117813110e-02
5.962932109832763672e-02,4.128586769104003906e+00,2.418743073940277100e-02
6.584432721138000488e-02,1.164243817329406738e+00,2.119635418057441711e-02
6.361462175846099854e-02,1.131858348846435547e+00,1.029885187745094299e-02
6.866474449634552002e-02,1.031738519668579102e+00,2.171559818089008331e-02
5.823059380054473877e-02,4.169526100158691406e+00,2.197938784956932068e-02
7.438635081052780151e-02,3.911365747451782227e+00,2.299302816390991211e-02
5.112278461456298828e-02,2.526677131652832031e+00,1.312112621963024139e-02
7.004653662443161011e-02,4.200085639953613281e+00,2.565680257976055145e-02
6.919015198945999146e-02,2.267710566520690918e-01,1.852031238377094269e-02
6.731258332729339600e-02,3.209592819213867188e+00,2.217257022857666016e-02
2.180911153554916382e-01,9.499306976795196533e-02,2.205858565866947174e-02
1.335844993591308594e-01,3.031581401824951172e+00,2.365664206445217133e-02
3.803656622767448425e-02,1.251511096954345703e+00,1.866670139133930206e-02
2.183395624160766602e-01,4.235321044921875000e+00,1.998254097998142242e-02
6.265621632337570190e-02,1.158425092697143555e+00,1.939139701426029205e-02
8.290400356054306030e-02,1.276053547859191895e+00,2.385479584336280823e-02
5.182676017284393311e-02,4.048965930938720703e+00,2.253729850053787231e-02
5.238097906112670898e-02,3.914430856704711914e+00,1.189525239169597626e-02
5.494669079780578613e-02,1.245407462120056152e+00,1.925204880535602570e-02
5.443226173520088196e-02,1.255292177200317383e+00,6.583597976714372635e-03
6.773628294467926025e-02,1.234817504882812500e+00,2.016050554811954498e-02
4.348726198077201843e-02,1.166520714759826660e+00,1.961408555507659912e-02
3.737785294651985168e-02,3.762945413589477539e+00,1.697412319481372833e-02
5.820319429039955139e-02,2.874429225921630859e+00,2.316240034997463226e-02
7.114957273006439209e-02,1.249787092208862305e+00,2.277468889951705933e-02
5.580899491906166077e-02,1.238798618316650391e+00,2.158722281455993652e-02
6.825040280818939209e-02,2.753115653991699219e+00,2.296460978686809540e-02
9.071296453475952148e-02,1.029161661863327026e-01,2.104535885155200958e-02
6.760738790035247803e-02,4.240540027618408203e+00,2.308563515543937683e-02
7.385887950658798218e-02,6.257129460573196411e-02,2.013322524726390839e-02
5.593572556972503662e-02,9.155580401420593262e-01,2.128719910979270935e-02
8.682308346033096313e-02,9.713696241378784180e-01,2.097154222428798676e-02
4.385499656200408936e-02,1.826271973550319672e-02,1.392357051372528076e-02
5.620667710900306702e-02,3.307394266128540039e+00,2.144916914403438568e-02
9.450148791074752808e-02,1.221729636192321777e+00,1.574400439858436584e-02
3.618997707962989807e-02,3.894645929336547852e+00,1.092115789651870728e-02
6.012843549251556396e-02,3.946129083633422852e+00,2.448144927620887756e-02
7.508726418018341064e-02,4.290623188018798828e+00,1.061212737113237381e-02
2.228032797574996948e-01,1.217021584510803223e+00,1.984298601746559143e-02
7.333581149578094482e-02,3.886373996734619141e+00,2.543587237596511841e-02
8.446677774190902710e-02,3.326529562473297119e-01,2.307295240461826324e-02
3.386926278471946716e-02,2.748639345169067383e+00,2.310297638177871704e-02
5.070576071739196777e-02,3.889391422271728516e+00,2.529559284448623657e-02
6.027220189571380615e-02,3.822000265121459961e+00,2.333870902657508850e-02
2.282040864229202271e-01,4.335912227630615234e+00,2.395770139992237091e-02
5.323250964283943176e-02,2.327094554901123047e+00,2.518264390528202057e-02
6.868006289005279541e-02,1.200209140777587891e+00,2.199357002973556519e-02
7.371514290571212769e-02,1.238263249397277832e+00,1.986389793455600739e-02
5.164922773838043213e-02,4.067401885986328125e+00,9.512972086668014526e-03
7.422822713851928711e-02,1.323916316032409668e+00,2.354819700121879578e-02
8.226807415485382080e-02,1.290908813476562500e+00,1.984329521656036377e-02
7.752338796854019165e-02,3.959068536758422852e+00,2.326774038374423981e-02
6.447492539882659912e-02,1.284702181816101074e+00,5.092589184641838074e-03
5.609460547566413879e-02,3.796413660049438477e+00,2.412174269556999207e-02
6.696360558271408081e-02,1.245213747024536133e+00,1.737198233604431152e-02
6.567010283470153809e-02,2.062071561813354492e+00,2.042564004659652710e-02
3.715984150767326355e-02,4.948482990264892578e+00,2.390521392226219177e-02
4.396314173936843872e-02,2.739004611968994141e+00,1.585281267762184143e-02
6.141805276274681091e-02,4.199953556060791016e+00,1.595478877425193787e-02
5.604958534240722656e-02,4.069813251495361328e+00,1.895678602159023285e-02
9.717438369989395142e-02,1.348601222038269043e+00,2.039582468569278717e-02
8.222614973783493042e-02,5.070152133703231812e-02,1.522771175950765610e-02
4.375149682164192200e-02,3.960299015045166016e+00,2.582472376525402069e-02
4.266863688826560974e-02,4.495248317718505859e+00,1.760367676615715027e-02
5.098779499530792236e-02,3.765938282012939453e+00,2.511985413730144501e-02
6.369089335203170776e-02,1.260938167572021484e+00,9.111697785556316376e-03
4.828134179115295410e-02,2.619678974151611328e+00,2.316240034997463226e-02
2.049811035394668579e-01,3.136011600494384766e+00,2.131209895014762878e-02
6.343980133533477783e-02,4.491186141967773438e+00,2.459791861474514008e-02
2.044786810874938965e-01,4.578968524932861328e+00,2.208850532770156860e-02
3.803185001015663147e-02,1.353972434997558594e+00,1.900430582463741302e-02
3.971112892031669617e-02,2.796466827392578125e+00,2.345279604196548462e-02
6.929423660039901733e-02,1.166888594627380371e+00,2.060453593730926514e-02
5.597486346960067749e-02,3.990181207656860352e+00,2.258088439702987671e-02
4.768051952123641968e-02,3.407603740692138672e+00,2.265915088355541229e-02
6.141722574830055237e-02,1.273814558982849121e+00,2.195780165493488312e-02
6.930848211050033569e-02,1.147926807403564453e+00,2.274678833782672882e-02
5.794391781091690063e-02,3.935201883316040039e+00,2.363153733313083649e-02
6.016037613153457642e-02,1.177031397819519043e+00,2.110043540596961975e-02
4.888395220041275024e-02,3.140969514846801758e+00,2.175219543278217316e-02
9.269238263368606567e-02,1.179333209991455078e+00,1.804579235613346100e-02
2.192327231168746948e-01,3.999086618423461914e+00,2.492900006473064423e-02
6.215004622936248779e-02,1.189068436622619629e+00,1.873021572828292847e-02
3.246103227138519287e-01,1.234816789627075195e+00,1.874124072492122650e-02
5.670775100588798523e-02,4.922095298767089844e+00,2.404124848544597626e-02
4.760765656828880310e-02,4.029912471771240234e+00,1.457859203219413757e-02
5.682525783777236938e-02,3.271091938018798828e+00,2.248636260628700256e-02
4.867754131555557251e-02,1.311534404754638672e+00,1.940651237964630127e-02
3.691023215651512146e-02,3.088412761688232422e+00,2.042036131024360657e-02
3.929059579968452454e-02,1.409735560417175293e+00,2.292687445878982544e-02
1.068761944770812988e-01,1.354846000671386719e+00,2.198187261819839478e-02
6.258448958396911621e-02,1.191321849822998047e+00,1.767210848629474640e-02
7.056148350238800049e-02,2.667515754699707031e+00,2.407401613891124725e-02
1.247543245553970337e-01,2.896718025207519531e+00,2.339637279510498047e-02
6.098213419318199158e-02,1.162921786308288574e+00,2.217391692101955414e-02
4.343546181917190552e-02,4.014821052551269531e+00,2.017044462263584137e-02
2.396160215139389038e-01,9.504871368408203125e-01,2.214585989713668823e-02
6.983035057783126831e-02,3.944542169570922852e+00,2.415502630174160004e-02
6.709808111190795898e-02,3.655787944793701172e+00,2.493723109364509583e-02
6.224366649985313416e-02,2.411744356155395508e+00,2.235498651862144470e-02
7.993511110544204712e-02,1.233191490173339844e+00,1.715245097875595093e-02
5.275931581854820251e-02,2.499841928482055664e+00,1.374493353068828583e-02
4.061635583639144897e-02,9.000337682664394379e-03,1.788641139864921570e-02
5.937134847044944763e-02,3.486227035522460938e+00,2.505318261682987213e-02
6.344041973352432251e-02,3.742680549621582031e+00,2.298314124345779419e-02
6.704146414995193481e-02,1.216082930564880371e+00,1.924873515963554382e-02
6.150289624929428101e-02,4.458253383636474609e+00,2.227878943085670471e-02
5.385601520538330078e-02,1.185196518898010254e+00,1.792440563440322876e-02
4.607383161783218384e-02,2.779582977294921875e+00,2.413975633680820465e-02
4.794183000922203064e-02,1.284661173820495605e+00,1.821293868124485016e-02
2.262731641530990601e-01,4.265970230102539062e+00,2.325412631034851074e-02
6.750646978616714478e-02,1.795704841613769531e+00,2.291160449385643005e-02
6.719834357500076294e-02,1.191944122314453125e+00,1.800489984452724457e-02
6.164146959781646729e-02,1.592215657234191895e+00,8.147904649376869202e-03
6.140549108386039734e-02,4.033607006072998047e+00,2.253874763846397400e-02
3.766174241900444031e-02,4.084270954132080078e+00,2.483686059713363647e-02
1.766007691621780396e-01,4.753154277801513672e+00,2.463705278933048248e-02
4.135664552450180054e-02,1.268056750297546387e+00,2.435271255671977997e-02
6.841943413019180298e-02,4.749256610870361328e+00,1.424409355968236923e-02
5.370154231786727905e-02,8.862161636352539062e-01,2.159322798252105713e-02
7.375286519527435303e-02,2.382448315620422363e-01,2.280020900070667267e-02
5.853241682052612305e-02,1.231535196304321289e+00,6.784183438867330551e-03
5.676419660449028015e-02,4.683392047882080078e+00,2.071117050945758820e-02
6.376416981220245361e-02,3.910223007202148438e+00,2.420461550354957581e-02
1.524531543254852295e-01,3.662426710128784180e+00,2.573713846504688263e-02
5.527240037918090820e-02,3.988983869552612305e+00,2.179552242159843445e-02
5.421831086277961731e-02,1.302214741706848145e+00,1.471146941184997559e-02
9.826020896434783936e-02,2.821424245834350586e+00,2.079922147095203400e-02
4.571339488029479980e-02,2.510180234909057617e+00,2.056400477886199951e-02
7.011375576257705688e-02,3.932156085968017578e+00,2.397789061069488525e-02
5.817865580320358276e-02,4.949654102325439453e+00,2.121628262102603912e-02
5.654305592179298401e-02,2.482096195220947266e+00,1.283859834074974060e-02
6.684627383947372437e-02,2.328555583953857422e+00,7.281013764441013336e-03
4.677963256835937500e-02,1.269131153821945190e-01,1.248919125646352768e-02
3.502178937196731567e-02,4.688465595245361328e+00,2.511348761618137360e-02
5.200436338782310486e-02,1.218198657035827637e+00,2.054526656866073608e-02
5.409102886915206909e-02,4.040439605712890625e+00,2.463643066585063934e-02
5.624384805560112000e-02,3.419908046722412109e+00,2.096905931830406189e-02
7.392510026693344116e-02,1.252153038978576660e+00,1.632407121360301971e-02
4.758473113179206848e-02,3.688647985458374023e+00,2.482417784631252289e-02
5.677789822220802307e-02,1.424930334091186523e+00,1.954047754406929016e-02
6.005143746733665466e-02,4.720004558563232422e+00,1.766154915094375610e-02
3.635305538773536682e-02,3.717881441116333008e+00,2.493692003190517426e-02
9.407324343919754028e-02,3.927793264389038086e+00,2.322917617857456207e-02
3.896795213222503662e-02,4.097205638885498047e+00,2.281734161078929901e-02
4.150326922535896301e-02,3.696547508239746094e+00,2.063828706741333008e-02
7.582668960094451904e-02,1.210214734077453613e+00,2.368190325796604156e-02
7.087146490812301636e-02,4.947389125823974609e+00,2.440452761948108673e-02
5.257200822234153748e-02,2.795498609542846680e+00,2.122404798865318298e-02
5.218372493982315063e-02,3.113674163818359375e+00,2.488375827670097351e-02
5.823703110218048096e-02,4.093201160430908203e+00,2.129750140011310577e-02
7.289920002222061157e-02,1.212921857833862305e+00,8.503781864419579506e-04
5.508866906166076660e-02,3.581119775772094727e+00,2.474875934422016144e-02
5.464531481266021729e-02,4.044385433197021484e+00,1.107210200279951096e-02
9.791801124811172485e-02,2.927379216998815536e-03,1.905078999698162079e-02
6.633521616458892822e-02,3.842102050781250000e+00,2.316105552017688751e-02
5.767124891281127930e-02,3.432223796844482422e+00,2.330444008111953735e-02
4.408144205808639526e-02,2.402635812759399414e+00,2.294882200658321381e-02
6.387582421302795410e-02,1.405739188194274902e+00,1.019708439707756042e-02
5.265660956501960754e-02,3.690024137496948242e+00,2.212867513298988342e-02
1.106726303696632385e-01,2.378040075302124023e+00,2.011661045253276825e-02
4.241551831364631653e-02,3.906666040420532227e+00,2.441674470901489258e-02
5.983211845159530640e-02,3.927474975585937500e+00,2.195454016327857971e-02
8.580829948186874390e-02,6.876616179943084717e-02,1.840617321431636810e-02
4.621980339288711548e-02,2.506936073303222656e+00,2.207338996231555939e-02
7.430423051118850708e-02,3.398605346679687500e+00,2.570835873484611511e-02
6.162088736891746521e-02,1.299193501472473145e+00,2.435457520186901093e-02
6.575318425893783569e-02,1.116844177246093750e+00,1.582941599190235138e-02
5.524180084466934204e-02,1.214363813400268555e+00,1.640844717621803284e-02
4.371945559978485107e-02,3.045973062515258789e+00,2.171197533607482910e-02
6.618545949459075928e-02,3.747742891311645508e+00,2.009745687246322632e-02
1.551604270935058594e-01,4.186356067657470703e+00,2.018555998802185059e-02
5.791163071990013123e-02,3.568621635437011719e+00,2.246700413525104523e-02
4.454892128705978394e-02,2.430032730102539062e+00,1.922243833541870117e-02
4.361767694354057312e-02,1.273107171058654785e+00,1.937876641750335693e-02
5.470382794737815857e-02,3.907261371612548828e+00,2.315525710582733154e-02
7.342305779457092285e-02,1.265267848968505859e+00,2.203161641955375671e-02
4.762799665331840515e-02,4.430343627929687500e+00,2.145387977361679077e-02
9.378491342067718506e-02,1.278122305870056152e+00,2.415326610207557678e-02
2.956682443618774414e-02,4.014527320861816406e+00,1.431894395500421524e-02
5.138079077005386353e-02,2.836266279220581055e+00,1.338703744113445282e-02
5.545957013964653015e-02,1.463991999626159668e+00,1.983661763370037079e-02
5.731111764907836914e-02,3.826436519622802734e+00,5.197825375944375992e-03
6.526409089565277100e-02,3.226876735687255859e+00,2.023644372820854187e-02
7.032543420791625977e-02,1.248335838317871094e+00,1.595768705010414124e-02
3.951298072934150696e-02,3.731966495513916016e+00,2.400211617350578308e-02
5.933679267764091492e-02,3.439404964447021484e+00,2.027976885437965393e-02
8.002036064863204956e-02,6.534861326217651367e-01,2.063264511525630951e-02
6.200442090630531311e-02,2.888915300369262695e+00,2.438175119459629059e-02
4.305161908268928528e-02,3.868432044982910156e+00,2.353541180491447449e-02
9.955113381147384644e-02,1.569097638130187988e-01,1.914003118872642517e-02
6.645623594522476196e-02,1.228678107261657715e+00,2.022836729884147644e-02
5.098173394799232483e-02,1.290099382400512695e+00,2.407018467783927917e-02
6.063567101955413818e-02,2.619138956069946289e+00,1.918858475983142853e-02
6.827976554632186890e-02,3.881111860275268555e+00,2.435260824859142303e-02
5.103422328829765320e-02,1.375803470611572266e+00,2.283178456127643585e-02
6.908011436462402344e-02,3.638840675354003906e+00,2.386866696178913116e-02
6.520044803619384766e-02,1.197143912315368652e+00,1.872705854475498199e-02
6.526594609022140503e-02,1.312836050987243652e+00,2.250463515520095825e-02
4.079798609018325806e-02,3.682774305343627930e+00,1.394261978566646576e-02
6.399618834257125854e-02,3.907030105590820312e+00,2.182409539818763733e-02
4.820751398801803589e-02,3.936022043228149414e+00,2.426331676542758942e-02
5.688645318150520325e-02,3.948881626129150391e+00,1.967827230691909790e-02
6.992889195680618286e-02,2.883508205413818359e+00,2.480745874345302582e-02
7.296652346849441528e-02,1.022289037704467773e+00,1.967516727745532990e-02
6.251685321331024170e-02,4.719536304473876953e+00,1.994206197559833527e-02
4.523710161447525024e-02,4.020151138305664062e+00,1.125772763043642044e-02
6.960538774728775024e-02,1.229014396667480469e+00,1.053769048303365707e-02
6.546981632709503174e-02,1.012963056564331055e+00,2.072421461343765259e-02
5.683121085166931152e-02,2.796707868576049805e+00,2.203746698796749115e-02
1.956459879875183105e-01,2.394060373306274414e+00,2.396867610514163971e-02
6.913638859987258911e-02,1.249274611473083496e+00,1.847967877984046936e-02
6.254528462886810303e-02,1.173135161399841309e+00,1.392315700650215149e-02
8.166233450174331665e-02,1.224018573760986328e+00,1.812540553510189056e-02
1.495302319526672363e-01,1.293497085571289062e+00,1.696382276713848114e-02
5.542239919304847717e-02,4.834321975708007812e+00,2.448657341301441193e-02
8.927383273839950562e-02,4.080141067504882812e+00,2.314417995512485504e-02
6.760177761316299438e-02,1.202856421470642090e+00,1.959570869803428650e-02
6.800661236047744751e-02,2.387105226516723633e+00,2.165192924439907074e-02
4.577441886067390442e-02,3.943253040313720703e+00,2.302315458655357361e-02
2.318725585937500000e-01,4.795010089874267578e+00,1.952256634831428528e-02
6.028242781758308411e-02,2.589808702468872070e+00,2.241337671875953674e-02
4.871980845928192139e-02,3.533634424209594727e+00,2.283680438995361328e-02
6.210905313491821289e-02,1.274738430976867676e+00,6.567499134689569473e-03
4.315642639994621277e-02,4.290948867797851562e+00,2.435152232646942139e-02
5.548965558409690857e-02,1.265335440635681152e+00,3.980026580393314362e-03
5.304912477731704712e-02,3.622792482376098633e+00,2.401898987591266632e-02
4.956036061048507690e-02,4.306875228881835938e+00,2.362889796495437622e-02
5.485224351286888123e-02,1.256749272346496582e+00,2.182689122855663300e-02
9.195405244827270508e-02,2.606801271438598633e+00,4.003993235528469086e-03
4.657717794179916382e-02,1.272399544715881348e+00,2.070102468132972717e-02
4.573538899421691895e-02,1.282518267631530762e+00,2.015051431953907013e-02
8.349446952342987061e-02,3.639806270599365234e+00,2.539850026369094849e-02
5.259262397885322571e-02,1.222691893577575684e+00,1.016566343605518341e-02
5.549464374780654907e-02,4.024578571319580078e+00,2.280936948955059052e-02
6.507574766874313354e-02,4.171724319458007812e+00,2.512580715119838715e-02
8.313860744237899780e-02,1.227852106094360352e+00,2.439655736088752747e-02
1.746410429477691650e-01,4.991342067718505859e+00,8.402635343372821808e-03
6.824169307947158813e-02,4.875217005610466003e-02,1.116382796317338943e-02
7.468879222869873047e-02,1.219993472099304199e+00,2.339875511825084686e-02
7.146151363849639893e-02,9.873346090316772461e-01,2.134217321872711182e-02
4.951372370123863220e-02,1.466310262680053711e+00,1.453987229615449905e-02
6.020759791135787964e-02,2.273468999192118645e-03,1.645503565669059753e-02
3.783579915761947632e-02,3.720633029937744141e+00,2.110012434422969818e-02
5.857526883482933044e-02,2.429876804351806641e+00,1.964379847049713135e-02
8.072781562805175781e-02,4.022345542907714844e+00,2.315194346010684967e-02
7.599362730979919434e-02,1.121054530143737793e+00,2.326334081590175629e-02
5.995379015803337097e-02,3.859585523605346680e+00,2.546351589262485504e-02
6.999370455741882324e-02,1.311203837394714355e+00,1.864754967391490936e-02
5.867721885442733765e-02,2.788817405700683594e+00,2.123709209263324738e-02
5.356489866971969604e-02,3.755042314529418945e+00,2.408587001264095306e-02
6.355272978544235229e-02,1.250640034675598145e+00,2.088442444801330566e-02
2.254184186458587646e-01,1.310375571250915527e+00,1.948322542011737823e-02
7.568832486867904663e-02,1.051969766616821289e+00,1.922254264354705811e-02
7.992175221443176270e-02,4.749405384063720703e+00,2.284798584878444672e-02
5.897108837962150574e-02,3.522217988967895508e+00,2.216568589210510254e-02
7.570929080247879028e-02,1.349565148353576660e+00,1.704483292996883392e-02
5.593118444085121155e-02,3.902695178985595703e+00,2.262793853878974915e-02
6.716884672641754150e-02,4.795414447784423828e+00,2.079264633357524872e-02
4.793715104460716248e-02,9.541260600090026855e-01,1.983703300356864929e-02
2.261048257350921631e-01,2.498388528823852539e+00,2.183299884200096130e-02
5.525278300046920776e-02,3.817978620529174805e+00,2.225725539028644562e-02
5.136905610561370850e-02,1.291242122650146484e+00,2.133647911250591278e-02
3.910917416214942932e-02,1.267080545425415039e+00,1.930194906890392303e-02
6.669455021619796753e-02,1.519934892654418945e+00,1.015888247638940811e-02
2.295050621032714844e-01,3.387093916535377502e-02,1.530359778553247452e-02
6.180606037378311157e-02,3.905632019042968750e+00,2.288189157843589783e-02
1.368340849876403809e-01,4.906301498413085938e-01,2.036476694047451019e-02
5.703445896506309509e-02,4.603235244750976562e+00,2.346884272992610931e-02
6.342355906963348389e-02,2.619557380676269531e+00,2.469979040324687958e-02
5.891140550374984741e-02,3.831353425979614258e+00,2.387296408414840698e-02
5.187821760773658752e-02,1.253727674484252930e+00,1.984712667763233185e-02
6.133307144045829773e-02,3.685167789459228516e+00,2.596469409763813019e-02
6.501658260822296143e-02,1.166517496109008789e+00,1.874134503304958344e-02
6.116028875112533569e-02,2.365697860717773438e+00,1.864672079682350159e-02
1.583629995584487915e-01,3.914295196533203125e+00,2.580075711011886597e-02
6.867310404777526855e-02,2.665548801422119141e+00,2.315090969204902649e-02
4.103492945432662964e-02,4.692142009735107422e+00,2.490487881004810333e-02
5.955669656395912170e-02,4.295398235321044922e+00,2.383662573993206024e-02
6.015256419777870178e-02,4.110095500946044922e+00,1.930971257388591766e-02
6.534480303525924683e-02,1.225098133087158203e+00,2.023670263588428497e-02
4.275967553257942200e-02,9.999831318855285645e-01,2.044738084077835083e-02
5.029094219207763672e-02,1.274627208709716797e+00,2.423971146345138550e-02
6.556814908981323242e-02,4.889139652252197266e+00,1.712910458445549011e-02
6.800520420074462891e-02,3.443332910537719727e+00,2.523088827729225159e-02
7.781282067298889160e-02,3.625279664993286133e+00,2.063797600567340851e-02
6.051468849182128906e-02,3.995214462280273438e+00,1.628483459353446960e-02
4.240298643708229065e-02,2.719599246978759766e+00,1.984914578497409821e-02
5.932261049747467041e-02,3.751477241516113281e+00,1.296340115368366241e-02
4.958552122116088867e-02,4.036815166473388672e+00,1.419988647103309631e-02
4.762066528201103210e-02,4.196853160858154297e+00,2.704552561044692993e-02
8.025909215211868286e-02,4.498045921325683594e+00,2.247026562690734863e-02
6.891679763793945312e-02,1.234408497810363770e+00,1.803600974380970001e-02
7.901914417743682861e-02,1.115337252616882324e+00,1.703137531876564026e-02
1.225039958953857422e-01,3.929943084716796875e+00,2.343105524778366089e-02
1.778588294982910156e-01,2.423366308212280273e+00,1.911508105695247650e-02
7.999327778816223145e-02,1.236835718154907227e+00,2.021309733390808105e-02
6.173137202858924866e-02,1.134713292121887207e+00,2.024477720260620117e-02
4.343163967132568359e-02,2.419077873229980469e+00,2.114065550267696381e-02
7.585199177265167236e-02,3.938116550445556641e+00,1.655028015375137329e-02
6.125277280807495117e-02,1.017638683319091797e+00,1.482498832046985626e-02
9.037545323371887207e-02,1.179515957832336426e+00,2.393383905291557312e-02
5.443408712744712830e-02,3.137447357177734375e+00,1.264624390751123428e-02
5.910036712884902954e-02,4.444823265075683594e+00,1.813291106373071671e-03
5.981332808732986450e-02,3.974430561065673828e+00,2.321727015078067780e-02
5.989190563559532166e-02,1.224653482437133789e+00,8.814313448965549469e-03
5.884504690766334534e-02,2.700654983520507812e+00,1.106433756649494171e-02
6.003584712743759155e-02,2.730704069137573242e+00,2.418515272438526154e-02
6.755138188600540161e-02,1.169157266616821289e+00,1.818902418017387390e-02
4.789622500538825989e-02,3.809311628341674805e+00,2.451726980507373810e-02
5.950761586427688599e-02,3.773318290710449219e+00,2.346842922270298004e-02
8.021531254053115845e-02,1.195389270782470703e+00,1.616122317500412464e-03
6.446852535009384155e-02,3.456044673919677734e+00,2.331997081637382507e-02
7.863654196262359619e-02,1.100350730121135712e-02,1.813239417970180511e-02
5.180318281054496765e-02,3.802261590957641602e+00,2.630416117608547211e-02
5.836496502161026001e-02,3.701521873474121094e+00,2.320650406181812286e-02
7.052451372146606445e-02,1.280551552772521973e+00,2.399719692766666412e-02
4.831882566213607788e-02,3.708106279373168945e+00,1.534314546734094620e-02
4.435321688652038574e-02,3.823025703430175781e+00,1.577154360711574554e-02
6.191017851233482361e-02,1.514355540275573730e+00,1.959741674363613129e-02
4.557571560144424438e-02,3.503762006759643555e+00,2.227216400206089020e-02
5.586003884673118591e-02,1.244596481323242188e+00,2.171839401125907898e-02
6.400875002145767212e-02,1.230776071548461914e+00,1.455089822411537170e-02
5.029211193323135376e-02,1.249477744102478027e+00,1.091919094324111938e-02
3.377877175807952881e-02,3.397985696792602539e+00,2.149725705385208130e-02
5.964164435863494873e-02,2.885319709777832031e+00,2.077711746096611023e-02
7.064821571111679077e-02,2.407383680343627930e+00,1.917626522481441498e-02
7.930960506200790405e-02,2.449517250061035156e+00,2.235985174775123596e-02
4.295410960912704468e-02,1.241590976715087891e+00,1.928988844156265259e-02
4.403607547283172607e-02,3.869508981704711914e+00,1.487773563712835312e-02
5.901191011071205139e-02,1.132488250732421875e+00,7.133590057492256165e-03
6.402548402547836304e-02,4.014479637145996094e+00,2.251131273806095123e-02
4.867365211248397827e-02,1.302975177764892578e+00,1.979008316993713379e-02
6.842780113220214844e-02,1.081303000450134277e+00,1.850607804954051971e-02
5.360692366957664490e-02,3.721985101699829102e+00,2.297014929354190826e-02
9.757205843925476074e-02,3.910526514053344727e+00,4.057310055941343307e-03
6.933072209358215332e-02,1.246968388557434082e+00,8.262251503765583038e-03
3.850566595792770386e-02,1.756420373916625977e+00,2.109427563846111298e-02
5.936515331268310547e-02,3.659955024719238281e+00,2.237864211201667786e-02
6.251344829797744751e-02,3.959534168243408203e+00,2.447813749313354492e-02
4.238856583833694458e-02,4.768193721771240234e+00,2.042501978576183319e-02
3.993151709437370300e-02,3.860422134399414062e+00,2.433878742158412933e-02
1.479898095130920410e-01,4.843142986297607422e+00,1.260395254939794540e-02
5.671669915318489075e-02,4.077963829040527344e+00,2.426590537652373314e-03
5.649951472878456116e-02,3.712760210037231445e+00,2.164147235453128815e-02
6.811307370662689209e-02,4.667564868927001953e+00,2.370276488363742828e-02
4.004547744989395142e-02,2.706230878829956055e+00,2.443739771842956543e-02
5.857506021857261658e-02,4.372511863708496094e+00,2.540823072195053101e-02
8.287093043327331543e-02,1.142843484878540039e+00,2.351537905633449554e-02
2.133506834506988525e-01,1.139378786087036133e+00,1.255420688539743423e-02
2.639605402946472168e-01,1.189698815345764160e+00,2.025818452239036560e-02
5.072830617427825928e-02,4.661848068237304688e+00,2.440835908055305481e-02
5.908567085862159729e-02,3.664076566696166992e+00,2.593301422894001007e-02
5.903971940279006958e-02,3.634662628173828125e+00,1.563405804336071014e-02
4.912392422556877136e-02,3.989524602890014648e+00,2.379987388849258423e-02
7.503687590360641479e-02,1.310768127441406250e+00,2.134796977043151855e-02
6.835690140724182129e-02,1.155072212219238281e+00,1.987217925488948822e-03
5.942494049668312073e-02,2.468410491943359375e+00,2.108604460954666138e-02
6.773160398006439209e-02,1.366829633712768555e+00,1.782998815178871155e-02
4.266863688826560974e-02,1.218510389328002930e+00,2.267902903258800507e-02
6.158020347356796265e-02,4.192162990570068359e+00,2.274890989065170288e-02
6.404699385166168213e-02,4.301782608032226562e+00,2.227506227791309357e-02
6.290974467992782593e-02,2.441809892654418945e+00,2.172025665640830994e-02
8.502949774265289307e-02,1.171353816986083984e+00,2.156180702149868011e-02
5.317454785108566284e-02,2.870666742324829102e+00,2.517498284578323364e-02
7.408773154020309448e-02,1.219186305999755859e+00,5.189232528209686279e-03
3.992907330393791199e-02,3.783859252929687500e+00,2.304924465715885162e-02
6.962321698665618896e-02,1.142578840255737305e+00,1.895802840590476990e-02
6.944771111011505127e-02,3.566312551498413086e+00,2.066220156848430634e-02
6.100980564951896667e-02,3.981620311737060547e+00,1.563706062734127045e-02
6.322898715734481812e-02,1.118187665939331055e+00,1.820206828415393829e-02
6.176303699612617493e-02,3.913260459899902344e+00,2.296424843370914459e-02
5.796907469630241394e-02,1.068890213966369629e+00,2.438589371740818024e-02
5.265709012746810913e-02,3.737462997436523438e+00,2.130925096571445465e-02
3.664283081889152527e-02,3.477000951766967773e+00,2.211537025868892670e-02
6.402929872274398804e-02,2.440587759017944336e+00,1.895047165453433990e-02
6.215758621692657471e-02,1.358616709709167480e+00,1.950103230774402618e-02
7.481724768877029419e-02,4.038177967071533203e+00,2.208115532994270325e-02
4.384377598762512207e-02,2.386698722839355469e+00,2.228717505931854248e-02
5.835563689470291138e-02,1.143127799034118652e+00,1.791296713054180145e-02
4.579864814877510071e-02,1.192749500274658203e+00,2.041849680244922638e-02
4.390617832541465759e-02,3.358104467391967773e+00,2.335822395980358124e-02
7.969166338443756104e-02,1.250391840934753418e+00,2.006557025015354156e-02
3.821730241179466248e-02,2.405787467956542969e+00,6.986062508076429367e-04
7.616799324750900269e-02,4.088893413543701172e+00,2.122694626450538635e-02
6.008854135870933533e-02,1.205795168876647949e+00,2.117968536913394928e-02
6.200345605611801147e-02,4.577328681945800781e+00,2.502259053289890289e-02
8.271828293800354004e-02,3.002294540405273438e+00,2.419819682836532593e-02
8.743429929018020630e-02,1.542698778212070465e-02,2.139797434210777283e-02
5.766278132796287537e-02,3.569251298904418945e+00,2.456080354750156403e-02
4.691293835639953613e-02,1.135854363441467285e+00,2.008974365890026093e-02
6.201739609241485596e-02,4.276749610900878906e+00,2.174085937440395355e-02
6.478019058704376221e-02,3.111399888992309570e+00,2.073508501052856445e-02
5.504808947443962097e-02,1.274289727210998535e+00,1.208538096398115158e-02
7.360228151082992554e-02,7.834956794977188110e-02,1.695476472377777100e-02
5.440627411007881165e-02,2.604583978652954102e+00,2.205299586057662964e-02
7.704117149114608765e-02,1.152635097503662109e+00,2.370488643646240234e-02
6.338583678007125854e-02,4.754939079284667969e+00,2.395734004676342010e-02
2.244248539209365845e-01,1.235702037811279297e+00,2.095565199851989746e-02
6.261756271123886108e-02,3.828758478164672852e+00,2.145543321967124939e-02
6.053644046187400818e-02,4.903253078460693359e+00,2.386597543954849243e-02
5.704554170370101929e-02,4.242305278778076172e+00,1.168208848685026169e-02
7.732097059488296509e-02,8.231619000434875488e-02,2.050535753369331360e-02
5.901163443922996521e-02,3.941277027130126953e+00,2.419633418321609497e-02
5.097405984997749329e-02,3.684801101684570312e+00,2.560829930007457733e-02
5.562364682555198669e-02,1.234107136726379395e+00,7.266002241522073746e-03
6.699802726507186890e-02,2.860162973403930664e+00,2.536003850400447845e-02
6.303227692842483521e-02,4.032111167907714844e+00,2.083840593695640564e-02
6.915841996669769287e-02,1.223003029823303223e+00,1.825983636081218719e-02
8.390305936336517334e-02,1.021031379699707031e+00,1.852062344551086426e-02
5.085968598723411560e-02,4.808471202850341797e+00,1.583935506641864777e-02
1.034162044525146484e-01,3.820863008499145508e+00,2.660113200545310974e-02
3.746328130364418030e-02,3.342641830444335938e+00,2.471904642879962921e-02
6.253574788570404053e-02,3.982012987136840820e+00,2.502289973199367523e-02
5.931207910180091858e-02,3.686765193939208984e+00,2.226315625011920929e-02
6.655715405941009521e-02,2.478664875030517578e+00,2.434034086763858795e-02
3.788357228040695190e-02,1.241413354873657227e+00,1.601286791265010834e-02
5.842110514640808105e-02,3.852403640747070312e+00,2.445422112941741943e-02
5.903999507427215576e-02,1.053686499595642090e+00,1.850002072751522064e-02
7.083576917648315430e-02,1.188620090484619141e+00,1.926467940211296082e-02
6.639941036701202393e-02,1.453506708145141602e+00,1.729330047965049744e-02
9.696253389120101929e-02,1.245852708816528320e+00,8.789570070803165436e-03
5.623076856136322021e-02,3.829121112823486328e+00,2.449635788798332214e-02
5.375399813055992126e-02,1.230438947677612305e+00,1.601804420351982117e-02
6.180203333497047424e-02,4.995402336120605469e+00,2.580437995493412018e-02
6.930607557296752930e-02,1.502961754798889160e+00,2.458145655691623688e-02
2.253357768058776855e-01,4.067920207977294922e+00,2.189428731799125671e-02
7.275983691215515137e-02,1.339665055274963379e-02,1.604154519736766815e-02
6.826651096343994141e-02,2.340721607208251953e+00,2.221128903329372406e-02
6.023086607456207275e-02,4.441072463989257812e+00,2.496285364031791687e-02
5.650281906127929688e-02,2.402898550033569336e+00,2.108837477862834930e-02
6.346637755632400513e-02,4.073588848114013672e+00,2.422480471432209015e-02
5.831368267536163330e-02,1.153896331787109375e+00,1.762800663709640503e-02
6.598383188247680664e-02,2.745985984802246094e+00,1.968800462782382965e-02
5.429110676050186157e-02,1.376088738441467285e+00,1.862120069563388824e-02
7.534296810626983643e-02,6.336970925331115723e-01,2.100643143057823181e-02
6.533169001340866089e-02,1.194265365600585938e+00,1.351856999099254608e-02
5.388991907238960266e-02,3.944429874420166016e+00,2.176834642887115479e-02
8.352933079004287720e-02,3.977514028549194336e+00,2.427573874592781067e-02
3.579412028193473816e-02,3.810956478118896484e+00,2.352505922317504883e-02
7.440738379955291748e-02,6.094349622726440430e-01,1.873006112873554230e-02
5.832362920045852661e-02,3.511273622512817383e+00,2.289343439042568207e-02
6.571257114410400391e-02,1.224726319313049316e+00,1.781497709453105927e-02
5.829385668039321899e-02,1.161594390869140625e+00,2.058724686503410339e-02
4.081750288605690002e-02,3.630899906158447266e+00,1.639726571738719940e-02
7.999141514301300049e-02,6.803590655326843262e-01,2.038847468793392181e-02
7.615326344966888428e-02,1.611278057098388672e+00,2.342204935848712921e-02
3.716909885406494141e-02,4.486151695251464844e+00,2.203550003468990326e-02
5.757566541433334351e-02,3.615963697433471680e+00,2.434753626585006714e-02
4.646672680974006653e-02,4.818769454956054688e+00,2.694075554609298706e-02
2.348246872425079346e-01,3.331959486007690430e+00,2.461241185665130615e-02
5.403788760304450989e-02,3.642032384872436523e+00,2.372755855321884155e-02
2.408344745635986328e-01,4.130707263946533203e+00,2.355653047561645508e-02
4.153197631239891052e-02,4.284191131591796875e+00,2.249029651284217834e-02
6.334886699914932251e-02,1.234637975692749023e+00,1.942649297416210175e-02
9.124027192592620850e-02,2.244665622711181641e+00,2.382373623549938202e-02
5.411113053560256958e-02,4.898748874664306641e+00,2.705981209874153137e-02
7.825583219528198242e-02,1.158275008201599121e+00,1.907894946634769440e-02
5.825200304388999939e-02,1.195426940917968750e+00,2.460961788892745972e-02
7.000502943992614746e-02,1.551537394523620605e+00,2.404549345374107361e-02
6.164680421352386475e-02,3.795721769332885742e+00,2.246462181210517883e-02
5.780661851167678833e-02,2.794616699218750000e+00,2.135138772428035736e-02
5.353381857275962830e-02,1.706315279006958008e+00,1.592093519866466522e-02
6.804602593183517456e-02,1.187437772750854492e+00,2.000940591096878052e-02
4.101461917161941528e-02,4.448905467987060547e+00,1.691107451915740967e-02
3.300950303673744202e-02,3.914751291275024414e+00,2.111772447824478149e-02
5.261107161641120911e-02,4.093378067016601562e+00,1.150246709585189819e-02
5.351430177688598633e-02,3.930360555648803711e+00,2.544488012790679932e-02
3.757321462035179138e-02,3.715332508087158203e+00,2.197120897471904755e-02
4.223474860191345215e-02,4.878585815429687500e+00,1.318174134939908981e-02
6.996503472328186035e-02,1.183894872665405273e+00,1.755160279572010040e-02
6.971098482608795166e-02,1.302621483802795410e+00,1.977636478841304779e-02
5.495016649365425110e-02,4.760593414306640625e+00,2.670383080840110779e-02
6.076794490218162537e-02,2.491514205932617188e+00,1.388071011751890182e-02
5.531342700123786926e-02,3.826603889465332031e+00,2.292138710618019104e-02
4.256324470043182373e-02,4.343455791473388672e+00,1.943529210984706879e-02
4.891358688473701477e-02,4.883643627166748047e+00,2.270356565713882446e-02
8.802317827939987183e-02,3.299855232238769531e+00,2.569319121539592743e-02
7.169166952371597290e-02,4.006044268608093262e-01,2.150098420679569244e-02
6.268195807933807373e-02,4.062835216522216797e+00,2.421424351632595062e-02
6.764052808284759521e-02,1.196751713752746582e+00,2.022567577660083771e-02
7.491096854209899902e-02,3.694167375564575195e+00,2.397369779646396637e-02
7.048493623733520508e-02,1.262715101242065430e+00,1.560129225254058838e-02
1.079491823911666870e-01,3.065992832183837891e+00,2.516271546483039856e-02
5.363789945840835571e-02,4.806596755981445312e+00,1.463760249316692352e-02
5.045904591679573059e-02,2.528712749481201172e+00,2.280880138278007507e-02
5.012569576501846313e-02,3.901204586029052734e+00,1.980095356702804565e-02
5.687069147825241089e-02,3.372823715209960938e+00,2.208576165139675140e-02
1.335880458354949951e-01,4.992254734039306641e+00,2.525708079338073730e-02
5.977236852049827576e-02,4.918212413787841797e+00,2.497807331383228302e-02
7.713086903095245361e-02,1.167276144027709961e+00,1.922176592051982880e-02
5.574866011738777161e-02,4.084533691406250000e+00,2.201406843960285187e-02
1.542863100767135620e-01,3.874729156494140625e+00,1.441501732915639877e-02
1.297602206468582153e-01,4.393115043640136719e+00,9.067595005035400391e-03
6.824296712875366211e-02,1.262200117111206055e+00,1.984619535505771637e-02
6.622094660997390747e-02,3.802457809448242188e+00,2.474296092987060547e-02
7.517754286527633667e-02,8.404083847999572754e-01,1.742923259735107422e-02
7.230233401060104370e-02,1.236951231956481934e+00,1.963385939598083496e-02
2.105990797281265259e-01,1.093655347824096680e+00,2.075693011283874512e-02
6.508979201316833496e-02,4.926311016082763672e+00,2.548639476299285889e-02
5.495756864547729492e-02,4.971484184265136719e+00,1.695673167705535889e-02
5.723085254430770874e-02,3.560468435287475586e+00,2.227692678570747375e-02
6.977441906929016113e-02,1.276510477066040039e+00,2.099017798900604248e-02
5.001810193061828613e-02,4.005620002746582031e+00,2.589543350040912628e-02
6.848486512899398804e-02,4.504329711198806763e-02,1.952960714697837830e-02
5.614341422915458679e-02,3.944061279296875000e+00,1.527160778641700745e-02
6.912121176719665527e-02,4.087722778320312500e+00,2.652726508677005768e-02
7.107608765363693237e-02,3.673057258129119873e-02,1.846031844615936279e-02
7.254220545291900635e-02,1.214784026145935059e+00,1.968500204384326935e-02
8.135183900594711304e-02,4.361546039581298828e-02,2.108138613402843475e-02
4.526883363723754883e-02,1.190256595611572266e+00,2.065298706293106079e-02
3.294662013649940491e-02,3.785141468048095703e+00,1.671406254172325134e-02
8.489502221345901489e-02,1.188757896423339844e+00,2.351667359471321106e-02
5.095998197793960571e-02,1.244794368743896484e+00,1.145406812429428101e-02
6.589344888925552368e-02,3.989281654357910156e+00,2.162542566657066345e-02
6.637854874134063721e-02,1.105078101158142090e+00,1.007295399904251099e-02
5.845721065998077393e-02,2.956688165664672852e+00,2.410181239247322083e-02
7.206302136182785034e-02,3.622785091400146484e+00,2.393823862075805664e-02
2.270798981189727783e-01,1.725709438323974609e+00,2.285269647836685181e-02
6.521390378475189209e-02,1.270735144615173340e+00,1.860613748431205750e-02
5.257906392216682434e-02,4.072923660278320312e+00,1.522895414382219315e-02
3.657767549157142639e-02,1.270662188529968262e+00,1.774043776094913483e-02
9.616820514202117920e-02,3.589100837707519531e+00,2.444593980908393860e-02
5.897866189479827881e-02,2.374860048294067383e+00,2.067576348781585693e-02
5.835629254579544067e-02,2.369409322738647461e+00,2.398425713181495667e-02
7.672038674354553223e-02,1.084430575370788574e+00,2.114997431635856628e-02
4.632388800382614136e-02,4.696324467658996582e-02,5.774579010903835297e-03
1.353036016225814819e-01,1.207397103309631348e+00,2.342670783400535583e-02
5.632377043366432190e-02,4.414043426513671875e+00,2.340403385460376740e-02
4.730517789721488953e-02,1.231470704078674316e+00,7.191875949501991272e-03
3.586664050817489624e-02,2.376209974288940430e+00,1.388443727046251297e-02
7.318504899740219116e-02,1.448679804801940918e+00,2.114738523960113525e-02
4.318007081747055054e-02,6.064480915665626526e-02,7.688602898269891739e-03
4.792310670018196106e-02,1.294891119003295898e+00,1.994749717414379120e-02
7.059273868799209595e-02,3.562583446502685547e+00,2.239277400076389313e-02
1.341429948806762695e-01,4.080906391143798828e+00,2.384382113814353943e-02
5.790274962782859802e-02,1.265541553497314453e+00,1.341245323419570923e-02
6.650077551603317261e-02,1.307036876678466797e+00,1.942545734345912933e-02
6.289456784725189209e-02,4.794243812561035156e+00,2.463001199066638947e-02
4.549844563007354736e-02,3.379943132400512695e+00,2.442813292145729065e-02
4.558876156806945801e-02,3.620278358459472656e+00,2.405543252825737000e-02
4.926672950387001038e-02,1.152922034263610840e+00,1.678746379911899567e-02
5.666641145944595337e-02,1.366363167762756348e+00,2.201515622437000275e-02
2.209871560335159302e-01,4.751701354980468750e+00,2.320370823144912720e-02
5.605739727616310120e-02,4.112221240997314453e+00,2.371321991086006165e-02
5.940917506814002991e-02,3.958564758300781250e+00,2.246912568807601929e-02
6.530071049928665161e-02,1.265543222427368164e+00,1.953198760747909546e-02
8.241941779851913452e-02,2.471669912338256836e+00,2.463291026651859283e-02
6.646621972322463989e-02,1.228498220443725586e+00,8.305680938065052032e-03
5.693068355321884155e-02,3.749607563018798828e+00,1.625739969313144684e-02
1.567754447460174561e-01,4.263936519622802734e+00,1.999046094715595245e-02
7.402023673057556152e-02,1.212914705276489258e+00,1.816293410956859589e-02
1.365494132041931152e-01,7.953312397003173828e-01,1.943270489573478699e-02
6.704101711511611938e-02,1.260473489761352539e+00,1.835404708981513977e-02
6.110941618680953979e-02,2.348051309585571289e+00,2.101212553679943085e-02
7.204078882932662964e-02,1.196496963500976562e+00,1.920204423367977142e-02
4.304803907871246338e-02,7.884752005338668823e-03,1.531550288200378418e-02
4.649959877133369446e-02,1.168445706367492676e+00,2.265661582350730896e-02
6.057116761803627014e-02,1.167096734046936035e+00,5.723281297832727432e-03
6.610237061977386475e-02,4.755713939666748047e+00,2.137820050120353699e-02
5.860287323594093323e-02,1.245104908943176270e+00,1.916751824319362640e-02
6.186078861355781555e-02,3.910797119140625000e+00,2.336158789694309235e-02
7.318481057882308960e-02,1.136873722076416016e+00,2.378532849252223969e-02
6.453756988048553467e-02,1.326082944869995117e+00,2.357050776481628418e-02
5.923178046941757202e-02,2.700544357299804688e+00,1.502935215830802917e-02
5.528286471962928772e-02,4.884858608245849609e+00,2.395811676979064941e-02
7.231373339891433716e-02,1.075892806053161621e+00,1.952598243951797485e-02
5.650818720459938049e-02,3.664145946502685547e+00,2.220833860337734222e-02
5.957662686705589294e-02,3.700349807739257812e+00,2.181451953947544098e-02
7.622815668582916260e-02,1.099057078361511230e+00,1.868129894137382507e-02
6.101720780134201050e-02,1.144773602485656738e+00,2.020429819822311401e-02
6.081447750329971313e-02,1.223049879074096680e+00,2.163909189403057098e-02
4.882905632257461548e-02,2.336978673934936523e+00,1.223187334835529327e-02
4.616101458668708801e-02,4.030181407928466797e+00,2.255593426525592804e-02
5.868437513709068298e-02,4.415997505187988281e+00,2.617930620908737183e-02
1.971180588006973267e-01,8.747153878211975098e-01,8.519310504198074341e-03
6.903158128261566162e-02,2.302804946899414062e+00,2.151164785027503967e-02
7.836604118347167969e-02,1.239469289779663086e+00,1.699793525040149689e-02
6.593822687864303589e-02,1.095066308975219727e+00,1.955952681601047516e-02
5.163614824414253235e-02,8.122352361679077148e-01,2.351325564086437225e-02
7.133681327104568481e-02,1.479672044515609741e-01,1.864351145923137665e-02
7.451191544532775879e-02,2.670452117919921875e+00,1.962148770689964294e-02
5.594126880168914795e-02,1.663536190986633301e+00,1.982636936008930206e-02
6.249482557177543640e-02,1.264207720756530762e+00,2.222909592092037201e-02
6.562566757202148438e-02,1.812705583870410919e-02,2.035596594214439392e-02
8.633147180080413818e-02,1.174061655998229980e+00,2.307212352752685547e-02
6.434475630521774292e-02,1.372601866722106934e+00,1.926276274025440216e-02
6.184337288141250610e-02,3.833144664764404297e+00,2.314262650907039642e-02
7.533432543277740479e-02,1.316672682762145996e+00,2.055587805807590485e-02
7.815477252006530762e-02,1.358512282371520996e+00,2.016361057758331299e-02
9.894831478595733643e-02,1.213535308837890625e+00,1.722869835793972015e-02
2.399376332759857178e-01,4.032895088195800781e+00,2.046544663608074188e-02
7.015808671712875366e-02,8.628987669944763184e-01,1.276038307696580887e-02
7.168960571289062500e-02,1.283397912979125977e+00,2.239753678441047668e-02
5.962477996945381165e-02,4.029652595520019531e+00,2.319418266415596008e-02
5.818282067775726318e-02,3.725489377975463867e+00,2.249940857291221619e-02
7.253246754407882690e-02,1.016256928443908691e+00,2.117699384689331055e-02
4.847109690308570862e-02,1.288757801055908203e+00,2.081216126680374146e-02
4.415588825941085815e-02,1.237123847007751465e+00,1.857890933752059937e-02
6.756656616926193237e-02,1.211123943328857422e+00,1.940516568720340729e-02
7.658825069665908813e-02,3.536460638046264648e+00,2.528187632560729980e-02
5.457337945699691772e-02,3.740706205368041992e+00,1.589018665254116058e-02
6.741615384817123413e-02,1.224640846252441406e+00,1.982181333005428314e-02
5.700926110148429871e-02,1.249023795127868652e+00,2.176756970584392548e-02
7.966963201761245728e-02,1.277788758277893066e+00,2.274989336729049683e-02
6.117553636431694031e-02,3.852576017379760742e+00,2.681636624038219452e-02
5.311789363622665405e-02,9.828287959098815918e-01,1.492727361619472504e-02
5.981070920825004578e-02,4.263848781585693359e+00,2.178755030035972595e-02
5.685348063707351685e-02,4.012591361999511719e+00,1.658030413091182709e-02
3.420639783143997192e-02,1.229680657386779785e+00,4.946977365761995316e-03
6.057003140449523926e-02,2.938218355178833008e+00,2.560819499194622040e-02
6.163417175412178040e-02,3.909110784530639648e+00,1.627065241336822510e-02
7.925350219011306763e-02,1.265870094299316406e+00,2.228805609047412872e-02
5.814881250262260437e-02,4.202076911926269531e+00,1.726022362709045410e-02
5.769767984747886658e-02,3.733525037765502930e+00,2.219187840819358826e-02
5.909362062811851501e-02,3.644280910491943359e+00,2.369173802435398102e-02
9.032692015171051025e-02,3.897446766495704651e-02,1.934988237917423248e-02
5.451751872897148132e-02,1.265102028846740723e+00,2.348478697240352631e-02
3.769654035568237305e-02,1.259645462036132812e+00,2.134061977267265320e-02
5.357353761792182922e-02,2.827452421188354492e+00,2.411402948200702667e-02
6.410942971706390381e-02,3.240114450454711914e-02,1.998564600944519043e-02
4.577204212546348572e-02,1.326781392097473145e+00,2.060111984610557556e-02
6.837671995162963867e-02,1.247424125671386719e+00,2.230943366885185242e-02
4.091673344373703003e-02,1.130486845970153809e+00,2.138254791498184204e-02
6.119353696703910828e-02,1.246591687202453613e+00,2.355544455349445343e-02
7.617332786321640015e-02,4.051386833190917969e+00,1.241071708500385284e-02
3.748303651809692383e-02,1.294796705245971680e+00,2.114112116396427155e-02
6.316173076629638672e-02,4.231539726257324219e+00,1.558156963437795639e-02
6.331104040145874023e-02,1.190219759941101074e+00,1.549817807972431183e-02
4.754845425486564636e-02,3.842687606811523438e+00,1.806644722819328308e-02
4.098536446690559387e-02,1.339019179344177246e+00,1.663983240723609924e-02
4.195829108357429504e-02,4.939186573028564453e+00,2.327519468963146210e-02
7.032281905412673950e-02,3.966122627258300781e+00,2.599274925887584686e-02
5.730519816279411316e-02,1.453209400177001953e+00,2.433982305228710175e-02
7.289011776447296143e-02,2.987010218203067780e-02,1.937943883240222931e-02
6.797446310520172119e-02,1.273869037628173828e+00,1.936261542141437531e-02
1.957651823759078979e-01,1.247746348381042480e+00,1.024553459137678146e-02
7.143111526966094971e-02,3.770741701126098633e+00,2.378522418439388275e-02
5.453359335660934448e-02,4.305571079254150391e+00,2.304872684180736542e-02
5.481624230742454529e-02,1.321424603462219238e+00,1.156924292445182800e-02
5.985618010163307190e-02,2.789079427719116211e+00,2.491574920713901520e-02
3.267856314778327942e-02,3.870335578918457031e+00,1.394681259989738464e-02
1.086918786168098450e-01,4.769198417663574219e+00,2.519165165722370148e-02
7.942260801792144775e-02,1.119685530662536621e+00,6.804733537137508392e-03
7.019694894552230835e-02,1.069918394088745117e+00,1.846306212246417999e-02
4.628127440810203552e-02,2.834133863449096680e+00,2.351015061140060425e-02
6.188804656267166138e-02,4.778119564056396484e+00,2.558614313602447510e-02
3.544359654188156128e-02,1.253877162933349609e+00,7.700094487518072128e-03
6.168249621987342834e-02,3.354843378067016602e+00,2.365648746490478516e-02
6.101744994521141052e-02,3.576813459396362305e+00,2.524030953645706177e-02
5.917677655816078186e-02,1.212969183921813965e+00,5.782033316791057587e-03
6.041380390524864197e-02,2.460489511489868164e+00,2.099794335663318634e-02
4.402767866849899292e-02,1.323301792144775391e+00,1.956289075314998627e-02
5.527019873261451721e-02,8.123827576637268066e-01,2.070164494216442108e-02
6.404788792133331299e-02,1.232821941375732422e+00,1.871639490127563477e-02
5.968143045902252197e-02,1.295329332351684570e+00,1.830135099589824677e-02
7.073003053665161133e-02,2.706701517105102539e+00,1.783475163392722607e-03
5.780923366546630859e-02,2.622878313064575195e+00,1.554088387638330460e-02
6.115732714533805847e-02,4.138376712799072266e+00,2.444785460829734802e-02
8.244960010051727295e-02,1.145264387130737305e+00,1.875625364482402802e-02
6.159706786274909973e-02,3.968806982040405273e+00,2.317616902291774750e-02
6.027805432677268982e-02,3.721581459045410156e+00,2.523896284401416779e-02
7.459527999162673950e-02,2.860208272933959961e+00,2.471423149108886719e-02
4.874107986688613892e-02,4.775817394256591797e+00,2.406816557049751282e-02
8.544909954071044922e-02,1.647711634635925293e+00,1.966025866568088531e-02
7.625882327556610107e-02,1.213137745857238770e+00,2.396091073751449585e-02
4.823239892721176147e-02,4.805699348449707031e+00,2.455236576497554779e-02
7.848987728357315063e-02,1.223791003227233887e+00,2.398151345551013947e-02
3.851809352636337280e-02,3.863327026367187500e+00,1.230957079678773880e-02
2.189759314060211182e-01,4.315389633178710938e+00,2.104577235877513885e-02
6.329575926065444946e-02,4.009590625762939453e+00,1.190063543617725372e-02
4.919410496950149536e-02,5.298496410250663757e-02,1.236402615904808044e-02
3.744366019964218140e-02,2.694556951522827148e+00,1.524500083178281784e-02
6.916034221649169922e-02,1.251942634582519531e+00,2.195257321000099182e-02
4.943589866161346436e-02,4.857254505157470703e+00,2.491761185228824615e-02
5.749698355793952942e-02,3.514887571334838867e+00,1.851172000169754028e-02
5.711073055863380432e-02,2.439104080200195312e+00,1.238028053194284439e-02
2.048389166593551636e-01,2.693550109863281250e+00,1.854469440877437592e-02
5.900502577424049377e-02,4.851159095764160156e+00,2.381985448300838470e-02
5.599892139434814453e-02,3.845346450805664062e+00,2.032832428812980652e-02
8.501985669136047363e-02,1.247313380241394043e+00,2.296849340200424194e-02
6.415086984634399414e-02,3.850831985473632812e+00,2.315111644566059113e-02
3.926764056086540222e-02,5.297052115201950073e-02,1.665753498673439026e-02
7.126838713884353638e-02,1.247895598411560059e+00,4.366082139313220978e-03
5.123227462172508240e-02,3.986383199691772461e+00,2.099142037332057953e-02
4.755998402833938599e-02,4.837871074676513672e+00,2.215362526476383209e-02
6.525607407093048096e-02,4.148364067077636719e+00,2.484265901148319244e-02
4.030141979455947876e-02,3.674220561981201172e+00,2.259667217731475830e-02
1.314323097467422485e-01,4.115785598754882812e+00,2.234100922942161560e-02
6.107561662793159485e-02,4.001130580902099609e+00,2.557532489299774170e-02
6.119136884808540344e-02,1.289162516593933105e+00,1.399469468742609024e-02
6.897451728582382202e-02,1.197258949279785156e+00,2.010884508490562439e-02
5.089399963617324829e-02,2.447966337203979492e+00,2.112207189202308655e-02
5.813053622841835022e-02,2.778615236282348633e+00,2.286475710570812225e-02
3.707830235362052917e-02,1.265584945678710938e+00,2.009171061217784882e-02
6.725352257490158081e-02,4.852631568908691406e+00,2.246752195060253143e-02
1.818205863237380981e-01,2.446937084197998047e+00,1.812897808849811554e-02
4.900517687201499939e-02,4.948951244354248047e+00,2.536298893392086029e-02
6.812081485986709595e-02,1.312201142311096191e+00,1.976901479065418243e-02
8.892578631639480591e-02,1.211962699890136719e+00,1.758343726396560669e-02
6.611093878746032715e-02,1.242447733879089355e+00,1.647160016000270844e-02
1.181927174329757690e-01,4.785327434539794922e+00,2.384423464536666870e-02
6.089553609490394592e-02,1.322033047676086426e+00,5.168940871953964233e-03
8.637814223766326904e-02,1.237548351287841797e+00,2.191975526511669159e-02
3.589872270822525024e-02,1.260860919952392578e+00,7.604849059134721756e-03
6.171416118741035461e-02,4.386629581451416016e+00,1.930847018957138062e-02
4.862556979060173035e-02,1.218439459800720215e+00,2.327017299830913544e-02
1.306035220623016357e-01,2.890041351318359375e+00,2.481584437191486359e-02
5.591135844588279724e-02,2.920343399047851562e+00,1.721834577620029449e-02
6.460606306791305542e-02,4.370596408843994141e+00,2.419695444405078888e-02
7.239041477441787720e-02,9.126594066619873047e-01,2.302067168056964874e-02
7.646967470645904541e-02,1.302792668342590332e+00,2.409104630351066589e-02
9.784166514873504639e-02,1.252522230148315430e+00,5.394528154283761978e-03
6.536883115768432617e-02,1.248268127441406250e+00,1.848102360963821411e-02
8.094190061092376709e-02,4.366629123687744141e+00,2.294965088367462158e-02
2.095352709293365479e-01,2.432034492492675781e+00,1.462248712778091431e-02
5.459719896316528320e-02,2.876673936843872070e+00,2.185463532805442810e-02
7.974597066640853882e-02,1.934450119733810425e-01,1.855302788317203522e-02
8.286814391613006592e-02,1.172664046287536621e+00,1.935578323900699615e-02
5.950916558504104614e-02,2.948036193847656250e+00,2.413116209208965302e-02
7.235200703144073486e-02,1.439612746238708496e+00,2.422796189785003662e-02
5.992615222930908203e-02,3.423367023468017578e+00,2.606946416199207306e-02
7.452426850795745850e-02,1.218795895576477051e+00,2.165617235004901886e-02
6.802082806825637817e-02,4.981418609619140625e+00,2.357904799282550812e-02
5.093564838171005249e-02,1.259705305099487305e+00,1.750749908387660980e-02
6.103225052356719971e-02,3.226147174835205078e+00,2.616885118186473846e-02
6.835242360830307007e-02,1.057690382003784180e+00,2.030860260128974915e-02
5.500668287277221680e-02,3.803114414215087891e+00,2.114785090088844299e-02
1.968347281217575073e-01,9.877527952194213867e-01,1.613502949476242065e-02
9.959068149328231812e-02,1.274308204650878906e+00,1.871473854407668114e-03
5.478006601333618164e-02,4.746340751647949219e+00,2.455029636621475220e-02
8.033409714698791504e-02,2.065242500975728035e-03,1.180047262459993362e-02
7.127916067838668823e-02,4.112226963043212891e+00,2.465454861521720886e-02
1.882630288600921631e-01,1.411615490913391113e+00,6.603009533137083054e-04
5.893653258681297302e-02,1.291112661361694336e+00,2.144632115960121155e-02
6.833507865667343140e-02,3.928350210189819336e+00,2.409663610160350800e-02
5.088804662227630615e-02,1.278954625129699707e+00,2.261810190975666046e-02
6.599078327417373657e-02,4.858656883239746094e+00,2.313175611197948456e-02
5.220275744795799255e-02,3.025539815425872803e-01,2.073446474969387054e-02
5.786289274692535400e-02,2.078760623931884766e+00,2.315929532051086426e-02
4.682379215955734253e-02,4.210389614105224609e+00,2.279974147677421570e-02
5.493698641657829285e-02,2.439346075057983398e+00,2.176487818360328674e-02
6.319453567266464233e-02,4.223151206970214844e+00,2.062700130045413971e-02
7.039362192153930664e-02,1.200275182723999023e+00,1.589784771203994751e-02
6.384574621915817261e-02,1.362007617950439453e+00,1.947090588510036469e-02
4.623873531818389893e-02,3.637739419937133789e+00,2.109308540821075439e-02
6.838071346282958984e-02,1.284665703773498535e+00,2.383315749466419220e-02
7.973013818264007568e-02,1.279580235481262207e+00,1.797622255980968475e-02
7.950115203857421875e-02,1.297493577003479004e+00,2.211433649063110352e-02
5.156634747982025146e-02,3.851978540420532227e+00,2.313724346458911896e-02
6.779610365629196167e-02,2.665984869003295898e+00,2.375644445419311523e-02
5.825286358594894409e-02,1.256787419319152832e+00,2.387829683721065521e-02
5.860435217618942261e-02,3.788003683090209961e+00,2.269828505814075470e-02
5.088594555854797363e-02,4.725212097167968750e+00,1.016757823526859283e-02
5.746662616729736328e-02,2.612409830093383789e+00,2.133264765143394470e-02
5.872172117233276367e-02,1.218700885772705078e+00,2.154322341084480286e-02
7.069355249404907227e-02,6.298774480819702148e-02,2.240126393735408783e-02
4.276597499847412109e-02,3.897280216217041016e+00,2.452648431062698364e-02
4.698439314961433411e-02,3.804565191268920898e+00,2.056695520877838135e-02
4.342265799641609192e-02,3.888499021530151367e+00,2.254133671522140503e-02
2.361316233873367310e-01,1.174362659454345703e+00,1.830787397921085358e-02
6.301176548004150391e-02,1.518901109695434570e+00,2.223334088921546936e-02
5.874636396765708923e-02,2.812888860702514648e+00,1.980644091963768005e-02
4.037714377045631409e-02,1.249217033386230469e+00,1.636848598718643188e-02
5.440462380647659302e-02,3.481725454330444336e+00,2.595485933125019073e-02
5.985011905431747437e-02,2.777840375900268555e+00,2.411547861993312836e-02
5.476488918066024780e-02,2.344983339309692383e+00,2.217225916683673859e-02
8.541330695152282715e-02,1.195568799972534180e+00,2.134113758802413940e-02
1.732059717178344727e-01,4.040589332580566406e+00,1.865272596478462219e-02
6.122172623872756958e-02,4.116472244262695312e+00,2.084549702703952789e-02
5.686731636524200439e-02,3.155740022659301758e+00,1.931095495820045471e-02
9.613020718097686768e-02,1.822145283222198486e-02,1.131839491426944733e-02
2.192693799734115601e-01,3.985974788665771484e+00,2.367631345987319946e-02
6.138941645622253418e-02,2.500988960266113281e+00,1.918755099177360535e-02
7.745000720024108887e-02,3.895954132080078125e+00,2.261033840477466583e-02
6.890337169170379639e-02,1.248903989791870117e+00,1.927979290485382080e-02
6.553686410188674927e-02,1.183148860931396484e+00,1.686681807041168213e-02
6.291621923446655273e-02,2.391600847244262695e+00,1.435176189988851547e-02
1.209589838981628418e-01,2.867848396301269531e+00,2.075827494263648987e-02
7.583726197481155396e-02,1.206899046897888184e+00,2.263347618281841278e-02
4.473468288779258728e-02,4.221798419952392578e+00,2.480181679129600525e-02
5.806455388665199280e-02,2.737854003906250000e+00,2.418365143239498138e-02
5.129994079470634460e-02,4.344904899597167969e+00,2.517560310661792755e-02
6.492203474044799805e-02,3.382452011108398438e+00,2.339564822614192963e-02
3.740662708878517151e-02,3.061750173568725586e+00,1.449214573949575424e-02
5.827368795871734619e-02,1.807592630386352539e+00,2.336676418781280518e-02
4.270236566662788391e-02,3.806594610214233398e+00,1.838903874158859253e-02
5.621424689888954163e-02,9.738754034042358398e-01,2.058300375938415527e-02
7.438442111015319824e-02,2.070430070161819458e-01,1.905379258096218109e-02
4.555954039096832275e-02,1.256392121315002441e+00,2.099473401904106140e-02
1.094738095998764038e-01,4.801182746887207031e+00,2.571829780936241150e-02
7.140909135341644287e-02,1.182119965553283691e+00,2.124438993632793427e-02
5.405320227146148682e-02,3.608635902404785156e+00,1.233788579702377319e-02
1.286137849092483521e-01,2.828091859817504883e+00,1.346753071993589401e-02
6.401418894529342651e-02,1.262647271156311035e+00,5.189491435885429382e-03
4.772657155990600586e-02,2.804292678833007812e+00,2.348002418875694275e-02
7.392334192991256714e-02,1.161176919937133789e+00,2.193776890635490417e-02
7.064034044742584229e-02,1.245889186859130859e+00,1.853511668741703033e-02
6.150630488991737366e-02,9.372915029525756836e-01,2.020502276718616486e-02
5.420134216547012329e-02,2.870074510574340820e+00,2.562082558870315552e-02
7.740780711174011230e-02,2.445437312126159668e-01,1.938911899924278259e-02
5.460005626082420349e-02,3.502408027648925781e+00,2.143327705562114716e-02
6.597099453210830688e-02,1.107617139816284180e+00,1.865583099424839020e-02
7.819215208292007446e-02,4.195652529597282410e-02,9.805282577872276306e-03
6.898222863674163818e-02,8.272834122180938721e-03,1.789857633411884308e-02
5.731466412544250488e-02,1.288628458976745605e+00,1.993398554623126984e-02
7.210401445627212524e-02,2.224258147180080414e-02,1.854681596159934998e-02
4.776894301176071167e-02,3.321370124816894531e+00,2.104359865188598633e-02
6.205140054225921631e-02,4.173350334167480469e+00,2.115038782358169556e-02
6.163441389799118042e-02,1.263988852500915527e+00,2.383201941847801208e-02
6.181586906313896179e-02,2.356199502944946289e+00,1.334743760526180267e-02
6.416185200214385986e-02,3.694367408752441406e+00,2.366989478468894958e-02
3.987895697355270386e-02,2.560966491699218750e+00,1.036200392991304398e-02
5.533555895090103149e-02,2.667087316513061523e+00,9.006720036268234253e-03
5.784558132290840149e-02,3.477080106735229492e+00,8.614504709839820862e-03
3.614271804690361023e-02,2.896134614944458008e+00,2.182844281196594238e-02
2.264341264963150024e-01,4.253076076507568359e+00,2.251452207565307617e-02
5.992649868130683899e-02,8.532987907528877258e-03,3.394369268789887428e-03
5.719925463199615479e-02,1.403608322143554688e-01,1.430501881986856461e-02
5.120859295129776001e-02,4.730430603027343750e+00,2.117362990975379944e-02
7.441185414791107178e-02,1.163022160530090332e+00,1.366920303553342819e-02
5.590536817908287048e-02,3.985214948654174805e+00,2.043785713613033295e-02
6.087443605065345764e-02,3.511780977249145508e+00,2.635064534842967987e-02
6.126327067613601685e-02,4.562789440155029297e+00,2.151485718786716461e-02
4.553651437163352966e-02,1.209698557853698730e+00,1.507273036986589432e-02
6.115901470184326172e-02,2.372348308563232422e+00,1.994257979094982147e-02
6.492006778717041016e-02,2.514990329742431641e+00,2.235483191907405853e-02
8.016058802604675293e-02,4.964463710784912109e+00,2.567605860531330109e-02
8.057609945535659790e-02,9.253441356122493744e-03,1.774726994335651398e-02
3.640488907694816589e-02,3.853683948516845703e+00,2.252140827476978302e-02
2.199119776487350464e-01,4.132348060607910156e+00,2.381705865263938904e-02
5.394409224390983582e-02,1.111303735524415970e-02,6.833618041127920151e-03
4.044239968061447144e-02,2.745547771453857422e+00,2.001049369573593140e-02
3.612836450338363647e-02,1.042714238166809082e+00,1.898442767560482025e-02
4.017895832657814026e-02,3.952658891677856445e+00,2.205397933721542358e-02
4.320798441767692566e-02,4.829172611236572266e+00,2.606314793229103088e-02
8.622824400663375854e-02,1.267251253128051758e+00,2.269611135125160217e-02
7.536812871694564819e-02,1.077108860015869141e+00,2.168169245123863220e-02
5.597241967916488647e-02,3.966339826583862305e+00,2.221139334142208099e-02
6.050023064017295837e-02,1.421645760536193848e+00,1.011400297284126282e-02
5.389336124062538147e-02,3.678098201751708984e+00,2.596044912934303284e-02
6.199994310736656189e-02,4.092462062835693359e+00,2.317544445395469666e-02
6.075823679566383362e-02,4.096605777740478516e+00,2.434002980589866638e-02
6.784112751483917236e-02,2.363113164901733398e+00,1.933057419955730438e-02
5.780606716871261597e-02,1.444061875343322754e+00,2.147520706057548523e-02
4.953337460756301880e-02,1.158121347427368164e+00,1.883534900844097137e-02
6.274484843015670776e-02,1.243654489517211914e+00,2.209714986383914948e-02
7.989762723445892334e-02,3.844727948307991028e-02,9.656047448515892029e-03
2.136147767305374146e-01,2.381365001201629639e-02,1.742395199835300446e-02
7.713307440280914307e-02,1.278614044189453125e+00,1.864123344421386719e-02
6.109475344419479370e-02,4.105974197387695312e+00,2.389258332550525665e-02
7.479917258024215698e-02,1.234566450119018555e+00,1.248546503484249115e-02
4.449041187763214111e-02,3.864277601242065430e+00,2.303858101367950439e-02
6.918086111545562744e-02,3.997059106826782227e+00,2.173671871423721313e-02
5.580121651291847229e-02,1.241743803024291992e+00,2.059289067983627319e-02
6.106687337160110474e-02,3.357614755630493164e+00,2.103573083877563477e-02
6.904514133930206299e-02,3.713069111108779907e-02,2.395884133875370026e-02
3.666289523243904114e-02,1.284306526184082031e+00,1.978997886180877686e-02
1.916918456554412842e-01,3.917481660842895508e+00,2.459962666034698486e-02
7.174326479434967041e-02,4.490625858306884766e-02,1.899374648928642273e-02
4.079461470246315002e-02,1.272277593612670898e+00,2.181110344827175140e-02
6.485856324434280396e-02,3.743871688842773438e+00,2.295958995819091797e-02
6.479109823703765869e-02,1.213120579719543457e+00,9.978950954973697662e-03
