omega,lambda_p,pi_bar
7.742402553558349609e-01,1.795519441366195679e-01,3.074978888034820557e-01
2.365590929985046387e-01,1.623936057090759277e+00,1.192716598510742188e+00
2.507861256599426270e-01,1.287863731384277344e+00,4.926379323005676270e-01
6.435602307319641113e-01,1.145132184028625488e+00,3.097604215145111084e-01
6.830718517303466797e-01,3.936686038970947266e+00,6.512140035629272461e-01
3.132503628730773926e-01,2.977604866027832031e+00,1.775292009115219116e-01
5.734925270080566406e-01,2.088504552841186523e+00,5.883988738059997559e-01
2.996105253696441650e-01,3.270620822906494141e+00,6.400862932205200195e-01
8.483978360891342163e-02,1.403855919837951660e+00,2.807244658470153809e-01
3.642351627349853516e-01,4.787084162235260010e-01,9.953374862670898438e-01
8.699935078620910645e-01,1.366453289985656738e+00,2.632280290126800537e-01
2.087254375219345093e-01,4.855892181396484375e+00,4.299210309982299805e-01
2.410631924867630005e-01,2.961305141448974609e+00,5.666981339454650879e-01
3.747255802154541016e-01,4.993624985218048096e-01,1.160450696945190430e+00
8.725878596305847168e-01,4.097646236419677734e+00,1.269143700599670410e+00
1.763918250799179077e-01,2.734229803085327148e+00,5.354268550872802734e-01
2.096350640058517456e-01,4.156376838684082031e+00,1.071451783180236816e+00
2.362018674612045288e-01,7.097008228302001953e-01,2.700085043907165527e-01
4.095023870468139648e-01,1.616207599639892578e+00,3.272130489349365234e-01
1.541847437620162964e-01,2.186716556549072266e+00,1.312679052352905273e+00
2.951259016990661621e-01,4.173491001129150391e+00,7.932736873626708984e-01
2.702377140522003174e-01,6.970017552375793457e-01,8.171728253364562988e-01
1.401245892047882080e-01,1.119675993919372559e+00,1.046703696250915527e+00
9.142132848501205444e-02,3.864572048187255859e+00,4.146406948566436768e-01
6.663946807384490967e-02,1.004100441932678223e+00,1.111249804496765137e+00
2.460893839597702026e-01,4.452456474304199219e+00,5.198935270309448242e-01
5.159944891929626465e-01,1.081652939319610596e-01,3.749440312385559082e-01
2.133337855339050293e-01,9.064720012247562408e-03,1.433389335870742798e-01
3.731435164809226990e-02,7.835395336151123047e-01,1.633848845958709717e-01
2.758957147598266602e-01,4.217013835906982422e+00,8.892906904220581055e-01
2.956226766109466553e-01,3.346996784210205078e+00,1.181731820106506348e+00
3.497042879462242126e-02,4.290712833404541016e+00,1.473794728517532349e-01
1.027072593569755554e-01,3.392690420150756836e+00,1.152344346046447754e+00
3.935730084776878357e-02,1.058469891548156738e+00,2.175747901201248169e-01
1.399952620267868042e-01,4.620423793792724609e+00,5.134624838829040527e-01
3.902455866336822510e-01,3.871720314025878906e+00,1.203184962272644043e+00
7.824012041091918945e-01,1.364911437034606934e+00,3.635971248149871826e-01
6.532982587814331055e-01,2.706003665924072266e+00,4.972836673259735107e-01
5.635621547698974609e-01,2.955076456069946289e+00,6.593254208564758301e-01
5.211468338966369629e-01,1.832237601280212402e+00,1.168273806571960449e+00
5.459904074668884277e-01,2.755365371704101562e+00,3.794824779033660889e-01
8.918341398239135742e-01,1.679062604904174805e+00,3.594923317432403564e-01
7.288287281990051270e-01,1.203961133956909180e+00,6.156693100929260254e-01
4.899781644344329834e-01,3.241945266723632812e+00,4.507781267166137695e-01
7.223322987556457520e-01,1.497834324836730957e+00,1.209354996681213379e+00
7.819847464561462402e-01,3.788441658020019531e+00,8.018491268157958984e-01
3.705271482467651367e-01,4.620140075683593750e+00,8.466793298721313477e-01
9.808915108442306519e-02,4.718214511871337891e+00,1.122880935668945312e+00
5.327647924423217773e-01,3.080602586269378662e-01,2.795313000679016113e-01
9.041957259178161621e-01,2.573652029037475586e+00,1.121553659439086914e+00
2.460938394069671631e-01,3.795666933059692383e+00,4.982508122920989990e-01
8.685383200645446777e-01,3.432033061981201172e+00,1.231170415878295898e+00
2.006224840879440308e-01,3.536176443099975586e+00,9.231119155883789062e-01
4.437772333621978760e-01,3.808115959167480469e+00,7.723958492279052734e-01
6.636173725128173828e-01,2.404404640197753906e+00,1.123079895973205566e+00
2.837979197502136230e-01,1.382072925567626953e+00,8.248618841171264648e-01
2.263303995132446289e-01,2.420752048492431641e+00,9.119553565979003906e-01
4.113380312919616699e-01,4.484154224395751953e+00,4.905455410480499268e-01
4.915456771850585938e-01,3.974094867706298828e+00,4.092359244823455811e-01
4.597228765487670898e-01,3.479714870452880859e+00,9.630791544914245605e-01
8.350494503974914551e-02,1.358849763870239258e+00,1.487565785646438599e-01
1.179949492216110229e-01,1.892765879631042480e+00,2.887015938758850098e-01
5.893573760986328125e-01,1.796902060508728027e+00,1.123661637306213379e+00
1.446566283702850342e-01,3.369060039520263672e+00,2.881964743137359619e-01
9.103375077247619629e-01,3.452924966812133789e+00,6.838825941085815430e-01
5.485414266586303711e-01,4.981125354766845703e+00,9.285542964935302734e-01
4.677047729492187500e-01,1.081016182899475098e+00,8.062655925750732422e-01
5.498390272259712219e-02,4.076901912689208984e+00,1.291985273361206055e+00
5.994125604629516602e-01,4.150515079498291016e+00,9.886655807495117188e-01
7.032468914985656738e-02,3.269496440887451172e+00,1.018788933753967285e+00
5.056539177894592285e-01,8.565235137939453125e-02,5.726771354675292969e-01
7.401390075683593750e-01,4.771221160888671875e+00,5.099039673805236816e-01
8.845043778419494629e-01,2.318109989166259766e+00,9.916657805442810059e-01
4.784821271896362305e-01,4.617826938629150391e+00,8.171150088310241699e-01
2.514330148696899414e-01,1.717861771583557129e+00,3.616294860839843750e-01
5.811733752489089966e-02,1.491575360298156738e+00,2.629122138023376465e-01
2.825030982494354248e-01,4.182662487030029297e+00,8.366834521293640137e-01
7.463089823722839355e-01,3.256509780883789062e+00,5.743302106857299805e-01
4.232496917247772217e-01,2.976400136947631836e+00,9.975643157958984375e-01
3.406013846397399902e-01,4.490319252014160156e+00,5.356115102767944336e-01
6.025508642196655273e-01,1.983114123344421387e+00,5.405275225639343262e-01
5.219700932502746582e-01,2.260842800140380859e+00,1.134058475494384766e+00
5.517196059226989746e-01,1.426991939544677734e+00,6.821245551109313965e-01
6.373265385627746582e-01,3.158252477645874023e+00,1.338111996650695801e+00
5.181993842124938965e-01,4.631824016571044922e+00,9.959293007850646973e-01
5.807708576321601868e-02,1.632164835929870605e+00,1.318238228559494019e-01
7.310417294502258301e-01,4.448759078979492188e+00,1.275041699409484863e+00
8.173891901969909668e-01,8.951505422592163086e-01,6.736287474632263184e-01
7.770613431930541992e-01,2.962642192840576172e+00,1.789685040712356567e-01
1.331005990505218506e-01,3.704825878143310547e+00,1.302497535943984985e-01
5.865258574485778809e-01,1.752176880836486816e+00,1.103353738784790039e+00
1.998667716979980469e-01,4.689443111419677734e+00,7.146386504173278809e-01
1.721138358116149902e-01,4.823053359985351562e+00,1.050879955291748047e+00
6.020414829254150391e-01,2.261633634567260742e+00,8.862545490264892578e-01
4.296515583992004395e-01,2.759902477264404297e+00,1.410793185234069824e+00
4.732042849063873291e-01,3.641659975051879883e+00,1.364653706550598145e+00
6.364889740943908691e-01,8.396763205528259277e-01,1.029765248298645020e+00
8.960954546928405762e-01,7.614076733589172363e-01,6.622269153594970703e-01
1.317674815654754639e-01,4.027353763580322266e+00,9.773364067077636719e-01
9.284023940563201904e-02,3.185781717300415039e+00,1.404942750930786133e+00
3.456592261791229248e-01,4.590685844421386719e+00,9.087463021278381348e-01
8.323724567890167236e-02,1.878942012786865234e+00,1.023690581321716309e+00
5.264405608177185059e-01,3.796301603317260742e+00,1.460390210151672363e+00
7.997621297836303711e-01,2.978822469711303711e+00,6.586250066757202148e-01
8.394394069910049438e-02,1.903129220008850098e+00,3.743386268615722656e-01
3.244228959083557129e-01,4.575602054595947266e+00,2.046956717967987061e-01
3.981267809867858887e-01,4.872472286224365234e-01,2.900490760803222656e-01
5.410149097442626953e-01,2.101801156997680664e+00,4.338938295841217041e-01
8.036081790924072266e-01,4.348367214202880859e+00,1.132340908050537109e+00
5.688579082489013672e-01,2.175732612609863281e+00,1.312603116035461426e+00
6.872885227203369141e-01,2.132963895797729492e+00,8.410011529922485352e-01
5.222712755203247070e-01,3.759401798248291016e+00,4.616429805755615234e-01
8.081032037734985352e-01,4.460848808288574219e+00,8.018905520439147949e-01
5.713781714439392090e-01,3.913596153259277344e+00,2.432210147380828857e-01
1.107230409979820251e-01,4.711993694305419922e+00,6.890728324651718140e-02
5.928631424903869629e-01,2.259972095489501953e+00,6.587883830070495605e-01
1.297604758292436600e-02,2.204411029815673828e+00,4.685284197330474854e-01
5.418850183486938477e-01,1.887256264686584473e+00,9.861323833465576172e-01
3.805715441703796387e-01,2.570777654647827148e+00,2.954829335212707520e-01
5.057104825973510742e-01,4.984602451324462891e+00,9.157519936561584473e-01
4.109581410884857178e-01,8.083052635192871094e-01,3.886085450649261475e-01
4.370101392269134521e-01,2.176803052425384521e-01,1.385849714279174805e+00
7.755955308675765991e-02,4.910809993743896484e+00,1.176388740539550781e+00
9.667468667030334473e-01,3.121723890304565430e+00,4.003072381019592285e-01
3.575717806816101074e-01,3.103536069393157959e-01,6.997178196907043457e-01
4.130200743675231934e-01,4.190071582794189453e+00,1.448484063148498535e+00
2.784320414066314697e-01,4.137329161167144775e-01,4.812784492969512939e-01
7.060708999633789062e-01,4.284340381622314453e+00,7.476180195808410645e-01
3.365743458271026611e-01,3.842890977859497070e+00,9.874708652496337891e-01
6.968861818313598633e-01,3.334128618240356445e+00,9.688120484352111816e-01
2.324547767639160156e-01,4.882186889648437500e+00,5.033040642738342285e-01
6.526199579238891602e-01,1.741909503936767578e+00,7.021619081497192383e-01
8.188766986131668091e-02,4.255578994750976562e+00,5.172206163406372070e-01
8.056898713111877441e-01,3.654627799987792969e+00,6.966036558151245117e-01
5.609990358352661133e-01,3.107975006103515625e+00,4.163769185543060303e-01
6.068341806530952454e-02,4.805536746978759766e+00,6.492752432823181152e-01
6.369590163230895996e-01,4.511044502258300781e+00,1.289060115814208984e+00
4.473418593406677246e-01,1.853523850440979004e+00,8.303699493408203125e-01
2.729573845863342285e-02,7.872155308723449707e-01,1.052517771720886230e+00
2.395901829004287720e-01,2.233481645584106445e+00,9.829754829406738281e-01
2.376124858856201172e-01,7.442438006401062012e-01,5.800600722432136536e-02
4.319303035736083984e-01,2.961395263671875000e+00,8.495987057685852051e-01
4.244588911533355713e-01,2.222321748733520508e+00,4.897388517856597900e-01
3.664935827255249023e-01,8.557753562927246094e-01,1.214459896087646484e+00
5.348081588745117188e-01,1.475007534027099609e-01,1.002708196640014648e+00
6.001783609390258789e-01,2.425596714019775391e+00,4.888513088226318359e-01
2.661805152893066406e-01,4.623562335968017578e+00,8.297752141952514648e-01
7.339500188827514648e-01,4.304610252380371094e+00,1.005906343460083008e+00
8.610035181045532227e-01,5.716196894645690918e-01,2.485515326261520386e-01
8.535490036010742188e-01,4.143875598907470703e+00,6.067818403244018555e-01
7.796893119812011719e-01,3.418588638305664062e+00,6.953257918357849121e-01
7.931033372879028320e-01,2.122622251510620117e+00,1.177462339401245117e+00
6.019828915596008301e-01,2.345740318298339844e+00,3.483541309833526611e-01
9.062839150428771973e-01,2.679349184036254883e+00,1.125053644180297852e+00
8.475891947746276855e-01,6.364365220069885254e-01,9.689252376556396484e-01
9.101778864860534668e-01,6.267626285552978516e-01,9.645736813545227051e-01
1.885663121938705444e-01,1.860783338546752930e+00,1.030664086341857910e+00
2.530795037746429443e-01,4.766813278198242188e+00,5.710338354110717773e-01
9.582284688949584961e-01,6.634462475776672363e-01,3.307484984397888184e-01
1.866308599710464478e-01,4.258189678192138672e+00,1.127408862113952637e+00
5.530749559402465820e-01,4.140751361846923828e-01,7.196242809295654297e-01
2.838500738143920898e-01,1.033138513565063477e+00,5.897088050842285156e-01
3.351632952690124512e-01,1.793555021286010742e+00,4.011558890342712402e-01
2.397087402641773224e-03,2.626018285751342773e+00,1.089124202728271484e+00
4.451497495174407959e-01,2.666181802749633789e+00,7.654433250427246094e-01
8.504847288131713867e-01,1.104428887367248535e+00,9.150201678276062012e-01
9.167334437370300293e-01,3.837373971939086914e+00,8.881140947341918945e-01
2.505186572670936584e-02,3.023816108703613281e+00,7.306095957756042480e-01
6.833993792533874512e-01,4.693892955780029297e+00,2.963394224643707275e-01
4.215693473815917969e-01,1.016707062721252441e+00,9.483802318572998047e-01
2.607713639736175537e-01,1.393233656883239746e+00,8.330733776092529297e-01
3.949228674173355103e-02,1.747670888900756836e+00,6.258439421653747559e-01
9.961029887199401855e-01,1.348814725875854492e+00,3.371528387069702148e-01
5.784096121788024902e-01,3.991166353225708008e-01,3.406875431537628174e-01
1.867016404867172241e-01,4.414693355560302734e+00,6.333871483802795410e-01
8.842527866363525391e-01,1.061145186424255371e+00,1.410050511360168457e+00
1.254206299781799316e-01,4.731701850891113281e+00,3.244138360023498535e-01
6.247286200523376465e-01,1.031437993049621582e+00,1.431583762168884277e+00
1.951836943626403809e-01,6.300001740455627441e-01,1.253324389457702637e+00
9.690980315208435059e-01,2.052685499191284180e+00,5.482861399650573730e-01
1.412177085876464844e-01,8.534571528434753418e-01,4.466165006160736084e-01
5.058953166007995605e-01,4.227323532104492188e+00,1.005655646324157715e+00
1.858165673911571503e-02,1.976268291473388672e+00,1.541922241449356079e-01
2.516101300716400146e-01,4.452624320983886719e+00,3.692009150981903076e-01
1.056474968791007996e-01,1.770028948783874512e+00,3.651915192604064941e-01
3.481988906860351562e-01,3.655961751937866211e+00,6.194601058959960938e-01
6.696660518646240234e-01,4.445608139038085938e+00,1.246672272682189941e+00
3.304787278175354004e-01,8.766066431999206543e-01,1.052805900573730469e+00
3.951505124568939209e-01,4.178068161010742188e+00,6.111062169075012207e-01
8.331730961799621582e-01,4.564146518707275391e+00,6.933647990226745605e-01
6.340473294258117676e-01,4.594849586486816406e+00,1.093520760536193848e+00
5.092396736145019531e-01,5.789126753807067871e-01,2.166102975606918335e-01
2.021257020533084869e-02,1.932598114013671875e+00,5.946875214576721191e-01
5.866857767105102539e-01,3.650751829147338867e+00,6.007309556007385254e-01
4.913153946399688721e-01,4.248709201812744141e+00,1.409212470054626465e+00
3.015647530555725098e-01,2.253599405288696289e+00,1.072742581367492676e+00
4.481023252010345459e-01,3.462774753570556641e+00,1.796610802412033081e-01
1.561270803213119507e-01,3.635020256042480469e+00,8.883011341094970703e-01
7.840834856033325195e-01,3.895404338836669922e+00,6.860354542732238770e-01
2.039780765771865845e-01,3.695822715759277344e+00,5.018088221549987793e-01
6.842573732137680054e-02,4.192070484161376953e+00,1.316599607467651367e+00
2.715775966644287109e-01,3.975538253784179688e+00,3.274920582771301270e-01
2.839899659156799316e-01,4.012510299682617188e+00,4.461027681827545166e-01
8.093905448913574219e-01,3.990778923034667969e+00,1.135161399841308594e+00
1.832746863365173340e-01,1.550758242607116699e+00,5.115897655487060547e-01
8.785476684570312500e-01,3.302869081497192383e+00,6.550328731536865234e-01
8.279587030410766602e-01,2.767223358154296875e+00,1.134302258491516113e+00
3.454084396362304688e-01,3.549302577972412109e+00,2.460298538208007812e-01
6.978395581245422363e-02,4.976508617401123047e-01,1.091195702552795410e+00
5.055555105209350586e-01,3.407762050628662109e-01,7.751138210296630859e-01
4.693994224071502686e-01,4.220381736755371094e+00,2.243169397115707397e-01
8.476096987724304199e-01,2.656367301940917969e+00,7.607510685920715332e-01
3.908613324165344238e-01,3.656335473060607910e-01,1.020139694213867188e+00
3.400405645370483398e-01,2.958323001861572266e+00,4.727498292922973633e-01
6.239184141159057617e-01,9.750468730926513672e-01,7.131310701370239258e-01
6.575851440429687500e-01,2.253761291503906250e+00,3.019180595874786377e-01
7.025858759880065918e-01,4.303723335266113281e+00,8.482509851455688477e-01
2.109089046716690063e-01,3.581419587135314941e-01,9.227498769760131836e-01
4.495548605918884277e-01,8.162065595388412476e-02,8.921669721603393555e-01
3.983857333660125732e-01,1.398863554000854492e+00,9.083439707756042480e-01
6.777689456939697266e-01,9.189842939376831055e-01,6.546403765678405762e-01
1.685203760862350464e-01,2.734631538391113281e+00,1.015425086021423340e+00
5.331767350435256958e-02,2.335414886474609375e+00,1.190971493721008301e+00
4.194544255733489990e-01,8.829315304756164551e-01,8.671078085899353027e-01
8.183937072753906250e-01,1.880901694297790527e+00,1.143134832382202148e+00
2.228492200374603271e-01,8.035218715667724609e-01,1.249921441078186035e+00
4.826016426086425781e-01,6.674728393554687500e-01,3.996230959892272949e-01
5.827420949935913086e-01,4.628093242645263672e+00,3.375689387321472168e-01
2.112746685743331909e-01,1.055927991867065430e+00,1.272932529449462891e+00
4.071674942970275879e-01,2.020864725112915039e+00,3.207507431507110596e-01
1.209431961178779602e-01,4.018290638923645020e-01,1.021329402923583984e+00
5.549733042716979980e-01,2.054158687591552734e+00,8.090912699699401855e-01
2.541081309318542480e-01,4.276031494140625000e+00,6.243528127670288086e-01
8.500046730041503906e-01,3.205576658248901367e+00,9.842400550842285156e-01
2.261957228183746338e-01,4.645062446594238281e+00,9.720004200935363770e-01
4.408126473426818848e-01,2.138880729675292969e+00,1.102448821067810059e+00
9.522758126258850098e-01,4.174739122390747070e-01,3.918200135231018066e-01
5.312361717224121094e-01,7.449423074722290039e-01,1.144261002540588379e+00
6.570702195167541504e-01,1.905786991119384766e+00,5.177895426750183105e-01
1.915215253829956055e-01,3.267763853073120117e+00,6.658567786216735840e-01
7.313898205757141113e-01,1.512627482414245605e+00,2.242689430713653564e-01
5.138682201504707336e-03,7.556217312812805176e-01,6.535507440567016602e-01
6.083972454071044922e-01,9.125707149505615234e-01,5.462233424186706543e-01
2.790025472640991211e-01,1.248858451843261719e+00,5.292478203773498535e-01
7.055854201316833496e-01,6.730947494506835938e-01,1.622357070446014404e-01
2.856491506099700928e-01,2.086356401443481445e+00,6.797803640365600586e-01
9.532469511032104492e-01,3.234362602233886719e+00,6.387665271759033203e-01
8.023905158042907715e-01,3.597953319549560547e+00,1.069080471992492676e+00
2.741337418556213379e-01,5.779017806053161621e-01,1.135938405990600586e+00
4.565586745738983154e-01,3.571191072463989258e+00,2.437822520732879639e-01
5.405785441398620605e-01,1.800241827964782715e+00,8.967424035072326660e-01
3.008349835872650146e-01,2.888137578964233398e+00,2.254942953586578369e-01
2.917840182781219482e-01,5.154076218605041504e-01,6.446707844734191895e-01
9.590483307838439941e-01,2.262971639633178711e+00,3.517844676971435547e-01
1.570232808589935303e-01,4.219625473022460938e+00,1.206994891166687012e+00
7.903572320938110352e-01,6.671638488769531250e-01,3.551593124866485596e-01
4.709742963314056396e-01,2.306405067443847656e+00,7.764086127281188965e-01
2.125436365604400635e-01,5.644723773002624512e-01,1.736621409654617310e-01
8.941416144371032715e-01,3.988793134689331055e+00,1.292822718620300293e+00
2.118370682001113892e-01,4.955177307128906250e+00,7.366932630538940430e-01
7.728707790374755859e-01,3.809482812881469727e+00,9.006145000457763672e-01
9.849231243133544922e-01,3.495982170104980469e+00,4.904070198535919189e-01
4.187762141227722168e-01,2.059735536575317383e+00,7.092190384864807129e-01
3.791531920433044434e-01,5.128340125083923340e-01,8.747820854187011719e-01
2.000387571752071381e-02,4.763044834136962891e+00,1.160387158393859863e+00
1.210247799754142761e-01,2.571753501892089844e+00,2.471363693475723267e-01
3.524162173271179199e-01,4.651182174682617188e+00,1.057138681411743164e+00
8.864564895629882812e-01,1.809785842895507812e+00,1.044386744499206543e+00
8.654184937477111816e-01,8.946980834007263184e-01,2.994612455368041992e-01
3.979966938495635986e-01,3.706938743591308594e+00,7.343137860298156738e-01
6.811817884445190430e-01,4.528655052185058594e+00,6.260840892791748047e-01
4.643305540084838867e-01,3.617839813232421875e-01,1.287014126777648926e+00
2.645759284496307373e-01,1.856233716011047363e+00,8.257014751434326172e-01
8.206494450569152832e-01,1.867471933364868164e+00,1.434163331985473633e+00
7.450279593467712402e-01,4.087502479553222656e+00,5.658867955207824707e-01
2.556541264057159424e-01,3.563385605812072754e-01,4.257097542285919189e-01
6.309934854507446289e-01,2.594422101974487305e+00,7.476366758346557617e-01
3.595405220985412598e-01,1.104399085044860840e+00,1.478045344352722168e+00
7.941341400146484375e-01,7.829596996307373047e-01,1.170055866241455078e+00
2.606350779533386230e-01,3.541607856750488281e+00,2.792765200138092041e-01
9.906519204378128052e-02,3.264017820358276367e+00,8.797588348388671875e-01
6.993023753166198730e-01,1.770650029182434082e+00,5.838526487350463867e-01
8.052635192871093750e-01,3.796602964401245117e+00,5.388984680175781250e-01
7.598995417356491089e-02,1.663909912109375000e+00,2.093509137630462646e-01
7.176348567008972168e-01,1.884452998638153076e-02,8.199440836906433105e-01
6.821919083595275879e-01,3.255831241607666016e+00,4.310489296913146973e-01
5.432271584868431091e-02,2.449396133422851562e+00,3.757107257843017578e-01
8.145861625671386719e-01,3.038163900375366211e+00,1.287132143974304199e+00
6.995055675506591797e-01,3.209254264831542969e+00,4.055066406726837158e-01
2.369356900453567505e-01,4.716377735137939453e+00,2.543075382709503174e-01
4.926140010356903076e-01,1.081460833549499512e+00,3.977299332618713379e-01
1.890919506549835205e-01,1.896603345870971680e+00,5.997129678726196289e-01
1.048596799373626709e-01,4.468108654022216797e+00,1.728536933660507202e-01
7.814365625381469727e-01,1.181970596313476562e+00,1.210165262222290039e+00
5.462688803672790527e-01,1.443963408470153809e+00,7.237685322761535645e-01
6.944737434387207031e-01,4.093635082244873047e+00,1.708939224481582642e-01
9.119836091995239258e-01,2.370940923690795898e+00,6.123436093330383301e-01
1.305057555437088013e-01,4.350427150726318359e+00,6.550944447517395020e-01
8.129907846450805664e-01,3.794028997421264648e+00,9.788827896118164062e-01
2.903263829648494720e-02,4.960779666900634766e+00,8.658253550529479980e-01
9.408390522003173828e-01,3.700042724609375000e+00,4.474330842494964600e-01
9.471633285284042358e-02,4.195828914642333984e+00,5.710460543632507324e-01
5.969415307044982910e-01,7.895992398262023926e-01,1.294347167015075684e+00
8.045244812965393066e-01,9.633851051330566406e-01,8.858515024185180664e-01
7.853308320045471191e-01,2.154720544815063477e+00,3.130824565887451172e-01
8.377045392990112305e-01,2.674794435501098633e+00,6.645327806472778320e-01
7.836494445800781250e-01,3.857384204864501953e+00,5.353270769119262695e-01
6.970454454421997070e-01,2.688087940216064453e+00,3.187135756015777588e-01
3.658650517463684082e-01,8.620134592056274414e-01,3.757343590259552002e-01
2.902204692363739014e-01,8.756262063980102539e-01,1.165821194648742676e+00
5.091883540153503418e-01,4.759536743164062500e+00,9.807786345481872559e-01
3.034896552562713623e-01,2.096012830734252930e+00,2.921752035617828369e-01
4.062229394912719727e-01,4.127161979675292969e+00,3.838037848472595215e-01
8.419306874275207520e-01,4.494190216064453125e+00,8.683819174766540527e-01
5.524436235427856445e-01,4.139468669891357422e+00,2.427423000335693359e-01
2.141124755144119263e-01,2.322636604309082031e+00,1.092370986938476562e+00
7.231023311614990234e-01,6.102965474128723145e-01,8.666548728942871094e-01
5.861029624938964844e-01,4.592554092407226562e+00,9.200144410133361816e-01
5.843682885169982910e-01,3.637747049331665039e+00,8.084554672241210938e-01
5.517141819000244141e-01,3.495981454849243164e+00,2.424387633800506592e-01
1.827515512704849243e-01,4.428094863891601562e+00,1.038549304008483887e+00
7.201677560806274414e-01,4.177121639251708984e+00,9.148743748664855957e-01
2.305977642536163330e-01,2.715728759765625000e+00,7.745403051376342773e-01
8.187826871871948242e-01,2.121585369110107422e+00,1.249823331832885742e+00
2.419086992740631104e-01,2.365005254745483398e+00,5.008603334426879883e-01
5.522932410240173340e-01,3.309738397598266602e+00,1.275284528732299805e+00
2.987925112247467041e-01,1.875577449798583984e+00,3.970559239387512207e-01
9.014106392860412598e-01,2.983227491378784180e+00,7.948400974273681641e-01
4.508803784847259521e-01,6.606103777885437012e-01,6.775912642478942871e-01
4.328987598419189453e-01,6.337475180625915527e-01,9.728030562400817871e-01
3.408885300159454346e-01,8.198693394660949707e-01,2.682358324527740479e-01
2.026625275611877441e-01,4.866764545440673828e-01,3.728289902210235596e-01
6.362696290016174316e-01,3.782144784927368164e-01,1.323065161705017090e+00
6.250627636909484863e-01,6.490114331245422363e-01,5.871021151542663574e-01
6.764438152313232422e-01,4.735794067382812500e+00,9.565816521644592285e-01
6.879044175148010254e-01,9.060977697372436523e-01,7.207037806510925293e-01
3.787609040737152100e-01,1.350033998489379883e+00,4.154666662216186523e-01
8.534414172172546387e-01,3.645435810089111328e+00,3.557061851024627686e-01
8.327719569206237793e-01,2.650303840637207031e+00,1.275243997573852539e+00
5.573023557662963867e-01,3.148085117340087891e+00,3.464975357055664062e-01
4.833748936653137207e-02,1.588368654251098633e+00,7.535976171493530273e-01
1.562660038471221924e-01,4.113180637359619141e+00,1.241773009300231934e+00
1.024363562464714050e-02,1.771882653236389160e+00,1.138939857482910156e+00
4.584287106990814209e-01,1.121022582054138184e+00,5.019809007644653320e-01
8.298764228820800781e-01,2.922539949417114258e+00,1.093271851539611816e+00
6.157578229904174805e-01,3.438307523727416992e+00,1.165295839309692383e+00
8.660189509391784668e-01,1.051354289054870605e+00,6.515350341796875000e-01
7.660990953445434570e-01,1.830646753311157227e+00,8.275055289268493652e-01
4.792673587799072266e-01,5.368524789810180664e-01,3.510818481445312500e-01
6.103225350379943848e-01,3.185294389724731445e+00,8.176912665367126465e-01
6.539450883865356445e-01,3.221288681030273438e+00,1.172906637191772461e+00
4.211682379245758057e-01,2.445220947265625000e+00,3.197401463985443115e-01
6.609749048948287964e-02,8.736983537673950195e-01,5.634872913360595703e-01
3.022772967815399170e-01,3.951694726943969727e+00,1.735903173685073853e-01
7.537471055984497070e-01,3.843037605285644531e+00,1.110455513000488281e+00
8.107271790504455566e-01,4.086123466491699219e+00,5.621343851089477539e-01
4.291041791439056396e-01,6.786487698554992676e-01,4.891482889652252197e-01
9.334872663021087646e-02,4.609597206115722656e+00,1.741341501474380493e-01
1.534310579299926758e-01,3.848484277725219727e+00,4.425382316112518311e-01
1.238259226083755493e-01,2.166828632354736328e+00,1.351050734519958496e+00
5.471783280372619629e-01,1.133867025375366211e+00,8.635579943656921387e-01
9.023948311805725098e-01,2.237931251525878906e+00,1.174634933471679688e+00
1.113866418600082397e-01,3.000177621841430664e+00,1.019169688224792480e+00
3.465576767921447754e-01,4.225881099700927734e+00,1.178539991378784180e+00
7.615061998367309570e-01,3.690834999084472656e+00,1.232160568237304688e+00
5.907768607139587402e-01,5.637600421905517578e-01,8.603210449218750000e-01
5.908790230751037598e-01,3.084617257118225098e-01,6.808634400367736816e-01
8.358845710754394531e-01,4.379572391510009766e+00,7.862553000450134277e-01
8.156099915504455566e-01,4.208961486816406250e+00,4.950070083141326904e-01
5.258573293685913086e-01,2.989334583282470703e+00,3.331202268600463867e-01
1.684252768754959106e-01,3.848668634891510010e-01,9.902747273445129395e-01
8.039885014295578003e-02,4.089748859405517578e+00,1.087408423423767090e+00
6.170969605445861816e-01,8.447511196136474609e-01,1.088227272033691406e+00
8.338660597801208496e-01,1.792260289192199707e+00,1.418417334556579590e+00
1.377821266651153564e-01,3.702360630035400391e+00,9.022921323776245117e-01
7.123141884803771973e-01,4.354316711425781250e+00,4.450288712978363037e-01
5.862618088722229004e-01,3.965033054351806641e+00,1.251678586006164551e+00
4.146260619163513184e-01,5.888782739639282227e-01,1.289992809295654297e+00
7.921432852745056152e-01,3.522013664245605469e+00,1.447170257568359375e+00
1.279620528221130371e-01,2.520686626434326172e+00,5.268648266792297363e-01
3.533570766448974609e-01,4.311906337738037109e+00,8.212305903434753418e-01
7.748008966445922852e-01,2.367958426475524902e-01,9.064584970474243164e-01
4.528532177209854126e-02,1.412505626678466797e+00,4.472402036190032959e-01
2.156006842851638794e-01,4.819074630737304688e+00,5.495836734771728516e-01
6.296339035034179688e-01,4.705142498016357422e+00,6.481096744537353516e-01
5.912850499153137207e-01,4.453481197357177734e+00,8.455607295036315918e-01
4.818373322486877441e-01,3.355553150177001953e+00,1.025879621505737305e+00
7.845714092254638672e-01,4.074801921844482422e+00,1.101277589797973633e+00
7.216050624847412109e-01,3.754763603210449219e-01,6.179471611976623535e-01
1.105367541313171387e-01,1.840175747871398926e+00,8.675658106803894043e-01
3.930997550487518311e-01,2.563449382781982422e+00,2.473347187042236328e-01
5.800482034683227539e-01,4.309474945068359375e+00,8.713117241859436035e-01
1.047972589731216431e-01,2.615804433822631836e+00,3.263709247112274170e-01
1.963215768337249756e-01,1.814419865608215332e+00,1.317859888076782227e+00
1.794262081384658813e-01,5.412772297859191895e-01,6.678698658943176270e-01
7.347075641155242920e-02,1.419042587280273438e+00,8.695824146270751953e-01
6.209865808486938477e-01,2.038203716278076172e+00,1.452884078025817871e+00
5.364162921905517578e-01,6.697826385498046875e-01,1.339488625526428223e+00
7.717137783765792847e-02,2.814420223236083984e+00,2.642147243022918701e-02
3.578777313232421875e-01,2.245125770568847656e+00,3.495758473873138428e-01
5.768048018217086792e-02,1.746975541114807129e+00,3.036133348941802979e-01
4.930338263511657715e-01,4.195284366607666016e+00,5.879842638969421387e-01
1.120530813932418823e-01,1.660368084907531738e+00,3.078494034707546234e-02
2.277050912380218506e-01,4.386406421661376953e+00,9.282004833221435547e-01
2.794085144996643066e-01,3.797953128814697266e-01,1.704664230346679688e-01
3.161579966545104980e-01,3.777888059616088867e+00,1.985378861427307129e-01
5.130809545516967773e-01,4.482743740081787109e+00,7.380837202072143555e-01
9.071950316429138184e-01,3.721253395080566406e+00,3.879153728485107422e-01
2.446982264518737793e-01,2.599664688110351562e+00,1.147054314613342285e+00
8.190790414810180664e-01,1.813755035400390625e+00,4.233950376510620117e-01
3.713806867599487305e-01,3.144009351730346680e+00,4.007453322410583496e-01
3.123759031295776367e-01,6.011127233505249023e-01,2.517096996307373047e-01
2.503538727760314941e-01,3.611443936824798584e-01,1.127814531326293945e+00
4.680087864398956299e-01,4.227806091308593750e+00,9.683338999748229980e-01
6.780076771974563599e-02,2.348998546600341797e+00,4.015993177890777588e-01
5.818265676498413086e-02,5.104687213897705078e-01,4.957307279109954834e-01
9.177851676940917969e-01,6.130028367042541504e-01,6.161274909973144531e-01
1.669516414403915405e-01,3.195620059967041016e+00,3.210482597351074219e-01
3.326768577098846436e-01,1.474190950393676758e+00,8.288303017616271973e-01
4.109675288200378418e-01,2.677245378494262695e+00,7.766008377075195312e-01
7.559871673583984375e-01,8.846145272254943848e-01,1.335685133934020996e+00
7.212264537811279297e-01,1.550795674324035645e+00,1.287327647209167480e+00
3.258459866046905518e-01,1.045844078063964844e+00,7.858526110649108887e-01
6.722020506858825684e-01,3.061764478683471680e+00,1.090083122253417969e+00
7.839099168777465820e-01,2.827198266983032227e+00,6.823149919509887695e-01
2.543459832668304443e-01,3.038811445236206055e+00,1.239674925804138184e+00
7.709358334541320801e-01,1.789690375328063965e+00,1.139224410057067871e+00
8.547464609146118164e-01,4.210487842559814453e+00,6.960870027542114258e-01
5.428095459938049316e-01,1.155315279960632324e+00,1.307433009147644043e+00
6.845076680183410645e-01,3.268821716308593750e+00,2.608004808425903320e-01
1.021418049931526184e-01,1.888336777687072754e+00,1.286036252975463867e+00
5.667926669120788574e-01,4.567445278167724609e+00,1.065107107162475586e+00
5.716586709022521973e-01,4.489393711090087891e+00,3.453361690044403076e-01
6.562270522117614746e-01,8.174607157707214355e-01,7.691515088081359863e-01
5.720548033714294434e-01,2.700652837753295898e+00,3.417200148105621338e-01
3.160049021244049072e-01,9.919621944427490234e-01,5.945041179656982422e-01
3.192628324031829834e-01,3.212835073471069336e+00,5.377929210662841797e-01
8.492115736007690430e-01,4.562705039978027344e+00,8.496064543724060059e-01
2.016446441411972046e-01,1.696903824806213379e+00,5.889086127281188965e-01
6.709496378898620605e-01,1.620256066322326660e+00,1.053735017776489258e+00
2.978474795818328857e-01,8.701021671295166016e-01,3.191455900669097900e-01
9.342535138130187988e-01,1.580489635467529297e+00,6.345230937004089355e-01
2.278930246829986572e-01,3.241995811462402344e+00,7.940261960029602051e-01
8.815038204193115234e-01,2.068743467330932617e+00,1.228754043579101562e+00
4.494314789772033691e-01,1.648985624313354492e+00,1.467159390449523926e+00
1.060115825384855270e-02,8.864210247993469238e-01,1.254915952682495117e+00
7.173939943313598633e-01,1.250038146972656250e+00,1.004958510398864746e+00
6.581447273492813110e-02,2.586710751056671143e-01,7.246993780136108398e-01
5.977686643600463867e-01,4.687861800193786621e-01,7.395006418228149414e-01
5.455072522163391113e-01,3.805233478546142578e+00,1.021491289138793945e+00
4.732576310634613037e-01,3.480003356933593750e+00,9.756108522415161133e-01
5.429003238677978516e-01,9.894130825996398926e-01,4.551938176155090332e-01
4.780621081590652466e-02,3.861629962921142578e+00,2.771482169628143311e-01
3.666755855083465576e-01,1.093312740325927734e+00,5.655186176300048828e-01
9.292382001876831055e-02,2.194826841354370117e+00,7.867363095283508301e-01
1.467678695917129517e-01,1.049665093421936035e+00,6.055189967155456543e-01
3.678203523159027100e-01,1.795039176940917969e+00,1.312221765518188477e+00
2.632348239421844482e-01,3.144957304000854492e+00,4.337417781352996826e-01
5.893506407737731934e-01,4.870450496673583984e+00,7.932215332984924316e-01
5.850106477737426758e-01,5.060691386461257935e-02,1.290292024612426758e+00
5.431085228919982910e-01,4.997922897338867188e+00,4.505645930767059326e-01
6.280831098556518555e-01,1.884474277496337891e+00,4.192581176757812500e-01
3.814451992511749268e-01,1.976821303367614746e+00,3.218547701835632324e-01
1.470485478639602661e-01,4.069134593009948730e-02,2.526228129863739014e-01
6.585007905960083008e-01,2.641623973846435547e+00,2.212326973676681519e-01
4.172301590442657471e-01,2.182098627090454102e+00,1.254892468452453613e+00
3.856783807277679443e-01,4.376709938049316406e+00,5.057796835899353027e-01
2.791134119033813477e-01,4.427956581115722656e+00,5.551944971084594727e-01
1.812756806612014771e-01,2.053265810012817383e+00,4.684487581253051758e-01
5.357270240783691406e-01,3.044206857681274414e+00,1.077684044837951660e+00
8.512263298034667969e-01,1.025725603103637695e+00,6.227425932884216309e-01
3.479532897472381592e-01,4.473472595214843750e+00,1.234861254692077637e+00
6.985620260238647461e-01,2.693972587585449219e-01,4.661276340484619141e-01
1.870226413011550903e-01,1.478656768798828125e+00,2.350555211305618286e-01
3.008994758129119873e-01,1.295043826103210449e+00,5.305668115615844727e-01
4.695777595043182373e-01,4.111183166503906250e+00,8.059632778167724609e-01
7.217392921447753906e-01,3.719618082046508789e+00,5.683361291885375977e-01
4.473604559898376465e-01,4.677923202514648438e+00,2.211388647556304932e-01
1.303901709616184235e-02,1.310066819190979004e+00,4.246805608272552490e-01
3.151813745498657227e-01,7.011120319366455078e-01,4.304857552051544189e-01
3.924241364002227783e-01,1.865979790687561035e+00,8.020061254501342773e-01
1.891299039125442505e-01,4.570562362670898438e+00,2.802767455577850342e-01
8.137967586517333984e-01,3.107178211212158203e+00,1.076213121414184570e+00
2.539021968841552734e-01,4.379489421844482422e-01,9.746028780937194824e-01
4.325976371765136719e-01,2.737260103225708008e+00,9.678083658218383789e-01
4.147871136665344238e-01,2.976179599761962891e+00,3.962042629718780518e-01
6.444120407104492188e-02,3.518337488174438477e+00,1.374802231788635254e+00
7.280465364456176758e-01,1.489955425262451172e+00,1.253571867942810059e+00
2.481365501880645752e-01,4.078695774078369141e+00,1.385347694158554077e-01
6.948888301849365234e-02,4.201088249683380127e-01,7.693545818328857422e-01
1.611965149641036987e-01,4.588047027587890625e+00,6.786936521530151367e-01
8.334576487541198730e-01,2.154332637786865234e+00,8.733325004577636719e-01
8.138970732688903809e-01,2.115200042724609375e+00,8.863012790679931641e-01
5.821955204010009766e-01,1.601460725069046021e-01,1.357159256935119629e+00
1.225004419684410095e-01,6.424542665481567383e-01,1.046688914299011230e+00
5.108610391616821289e-01,3.573930263519287109e+00,7.564021944999694824e-01
2.189585380256175995e-02,2.626777648925781250e+00,2.632230520248413086e-01
2.890917956829071045e-01,3.718003928661346436e-01,6.553097069263458252e-02
9.511814117431640625e-01,1.629981637001037598e+00,7.373659610748291016e-01
4.013865292072296143e-01,4.012394905090332031e+00,1.210015416145324707e+00
2.679297029972076416e-01,4.499292373657226562e+00,6.226478815078735352e-01
7.317605018615722656e-01,7.935494780540466309e-01,7.142831683158874512e-01
8.465278148651123047e-01,5.585114955902099609e-01,6.662350296974182129e-01
1.584095507860183716e-01,4.424683570861816406e+00,8.902849555015563965e-01
1.637434363365173340e-01,3.097547292709350586e+00,5.637668371200561523e-01
1.989619135856628418e-01,3.759013175964355469e+00,1.152051568031311035e+00
5.411799550056457520e-01,2.316911935806274414e+00,1.472047328948974609e+00
3.404770791530609131e-01,1.783207058906555176e+00,9.075644016265869141e-01
7.894352078437805176e-02,2.042699575424194336e+00,5.801079869270324707e-01
1.068393141031265259e-01,9.991493821144104004e-01,7.879533171653747559e-01
7.547432780265808105e-01,4.188609123229980469e+00,6.614159345626831055e-01
3.937882483005523682e-01,4.159797668457031250e+00,3.897383809089660645e-01
3.450456559658050537e-01,1.320384025573730469e+00,5.541235804557800293e-01
4.903006851673126221e-01,8.154833912849426270e-01,1.249501928687095642e-01
7.517368793487548828e-01,1.165584027767181396e-01,5.366274714469909668e-01
7.024895548820495605e-01,2.434554100036621094e+00,6.642392873764038086e-01
5.335556268692016602e-01,2.409602165222167969e+00,4.524066746234893799e-01
1.615256667137145996e-01,4.434484958648681641e+00,3.665153086185455322e-01
9.022157788276672363e-01,3.685473680496215820e+00,8.443308472633361816e-01
4.650790989398956299e-01,3.625855445861816406e-01,1.219905376434326172e+00
8.479277491569519043e-01,3.788360118865966797e+00,1.037558436393737793e+00
1.427191216498613358e-02,1.075706124305725098e+00,2.571997344493865967e-01
3.090104460716247559e-01,7.515972256660461426e-01,5.510749220848083496e-01
2.066415697336196899e-01,4.515232563018798828e+00,8.293229937553405762e-01
1.868083477020263672e-01,9.260197877883911133e-01,6.862837076187133789e-01
6.316480040550231934e-01,2.222911566495895386e-01,7.728772759437561035e-01
6.673066020011901855e-01,4.567783355712890625e+00,8.908153176307678223e-01
5.370766520500183105e-01,3.774937629699707031e+00,3.724161088466644287e-01
7.425537109375000000e-01,4.667634487152099609e+00,7.238445878028869629e-01
2.384590655565261841e-01,1.135088324546813965e+00,1.406580209732055664e+00
2.206426858901977539e-01,4.118465900421142578e+00,1.066184043884277344e+00
1.841991096735000610e-01,1.782039403915405273e+00,2.787027359008789062e-01
5.804995298385620117e-01,4.064865589141845703e+00,5.182143449783325195e-01
3.731135427951812744e-01,4.702644824981689453e+00,1.180028796195983887e+00
3.645245134830474854e-01,2.425805807113647461e+00,1.138187885284423828e+00
4.548722207546234131e-01,3.416195392608642578e+00,9.868833422660827637e-01
3.591693639755249023e-01,8.131476044654846191e-01,5.706373453140258789e-01
2.909784018993377686e-01,4.472326755523681641e+00,1.347692728042602539e+00
5.748942494392395020e-01,3.777980089187622070e+00,1.163043618202209473e+00
1.675188243389129639e-01,2.433888673782348633e+00,6.545287370681762695e-01
5.758470892906188965e-01,4.235078334808349609e+00,1.103384137153625488e+00
3.909604549407958984e-01,1.900092244148254395e+00,5.194509029388427734e-01
4.881661534309387207e-01,1.371132373809814453e+00,8.660951256752014160e-01
6.236796975135803223e-01,1.045369029045104980e+00,2.982457280158996582e-01
2.374067343771457672e-02,3.755495071411132812e+00,1.248630046844482422e+00
6.051524281501770020e-01,1.819787740707397461e+00,2.594074904918670654e-01
6.701183319091796875e-01,9.923891425132751465e-01,4.790618717670440674e-01
1.368265450000762939e-01,1.363402843475341797e+00,3.221425116062164307e-01
5.610312223434448242e-01,3.933224916458129883e+00,1.155077099800109863e+00
5.108754038810729980e-01,1.204585313796997070e+00,9.250268936157226562e-01
3.750810921192169189e-01,4.535132408142089844e+00,5.783652663230895996e-01
2.424408346414566040e-01,6.708368659019470215e-01,5.653092861175537109e-01
2.428409755229949951e-01,3.130028247833251953e+00,4.840136170387268066e-01
2.369791567325592041e-01,2.738685846328735352e+00,8.292307257652282715e-01
6.902520656585693359e-01,3.029212236404418945e+00,1.161550998687744141e+00
1.105939596891403198e-01,2.150848865509033203e+00,1.086500406265258789e+00
5.063121914863586426e-01,2.426347017288208008e+00,5.362570285797119141e-01
9.063882380723953247e-02,8.051276803016662598e-01,9.153703451156616211e-01
6.461840867996215820e-02,1.283422827720642090e+00,2.744873166084289551e-01
2.540069222450256348e-01,4.493838846683502197e-01,1.192844986915588379e+00
7.588058114051818848e-01,1.717246055603027344e+00,1.345561742782592773e+00
2.621268332004547119e-01,2.070903062820434570e+00,1.020433664321899414e+00
6.105305552482604980e-01,1.895356535911560059e+00,7.572265863418579102e-01
4.246330559253692627e-01,1.279863595962524414e+00,4.793443679809570312e-01
5.080928802490234375e-01,4.550904750823974609e+00,1.151128530502319336e+00
6.968589425086975098e-01,9.125121831893920898e-01,4.340891242027282715e-01
2.159465253353118896e-01,1.776701331138610840e+00,1.228096961975097656e+00
7.445650100708007812e-01,3.475166559219360352e+00,7.719016075134277344e-01
6.447219848632812500e-01,4.505558490753173828e+00,3.513154983520507812e-01
1.608931571245193481e-01,4.303471088409423828e+00,7.316684126853942871e-01
7.772036641836166382e-02,2.116856575012207031e+00,1.050654575228691101e-01
3.715917766094207764e-01,2.310257673263549805e+00,9.628538489341735840e-01
3.549084663391113281e-01,9.199665784835815430e-01,6.850891113281250000e-01
4.882403910160064697e-01,4.574302673339843750e+00,5.746602416038513184e-01
9.163099527359008789e-01,3.341323375701904297e+00,3.180707395076751709e-01
7.654726505279541016e-02,1.305027008056640625e+00,1.068060398101806641e+00
6.024888753890991211e-01,4.622990608215332031e+00,7.639546990394592285e-01
3.518607616424560547e-01,2.263532161712646484e+00,1.005957245826721191e+00
4.333438575267791748e-01,5.984131097793579102e-01,9.690696001052856445e-01
3.063689470291137695e-01,3.336206436157226562e+00,9.647197127342224121e-01
9.946369528770446777e-01,2.608244180679321289e+00,6.299417614936828613e-01
4.812241494655609131e-01,1.340683817863464355e+00,7.114440798759460449e-01
4.151290357112884521e-01,3.594583511352539062e+00,1.040972948074340820e+00
9.239472746849060059e-01,2.051219463348388672e+00,1.408411741256713867e+00
6.720803976058959961e-01,9.731982946395874023e-01,1.130301713943481445e+00
5.831060409545898438e-01,4.090013027191162109e+00,3.028356134891510010e-01
2.360239028930664062e-01,6.696301102638244629e-01,4.608138501644134521e-01
2.236771732568740845e-01,4.218200206756591797e+00,5.817108750343322754e-01
3.193583786487579346e-01,1.518221616744995117e+00,3.722746670246124268e-01
4.242929220199584961e-01,3.908891916275024414e+00,1.342352628707885742e+00
6.834230422973632812e-01,4.493633270263671875e+00,7.435836195945739746e-01
4.578677117824554443e-01,3.074258089065551758e+00,9.010342955589294434e-01
6.955772042274475098e-01,2.621415138244628906e+00,1.398295760154724121e+00
3.653402328491210938e-01,3.458022117614746094e+00,8.195570111274719238e-01
1.192541867494583130e-01,1.910730719566345215e+00,5.050942897796630859e-01
6.318401098251342773e-01,4.521214485168457031e+00,1.239511370658874512e+00
3.706047832965850830e-01,4.922390937805175781e+00,1.223512053489685059e+00
6.015636920928955078e-01,1.499488115310668945e+00,1.342367172241210938e+00
4.812842607498168945e-01,4.733150959014892578e+00,5.965455174446105957e-01
5.116168260574340820e-01,3.264832973480224609e+00,1.013261795043945312e+00
6.931349039077758789e-01,1.967990398406982422e-01,4.721093773841857910e-01
7.857989668846130371e-01,3.181607007980346680e+00,1.299520969390869141e+00
3.622171282768249512e-01,1.099581122398376465e+00,1.052999138832092285e+00
4.036981761455535889e-01,1.474791169166564941e+00,5.999895334243774414e-01
1.914435029029846191e-01,2.825267791748046875e+00,1.276113510131835938e+00
7.557217478752136230e-01,1.397481441497802734e+00,7.291387319564819336e-01
4.485756158828735352e-01,3.556796789169311523e+00,8.816320449113845825e-02
3.115495443344116211e-01,4.211547851562500000e+00,1.206709623336791992e+00
8.390424251556396484e-01,3.428246498107910156e+00,1.232903599739074707e+00
8.278821706771850586e-01,2.785572528839111328e+00,9.264990687370300293e-01
1.023397892713546753e-01,1.758526563644409180e+00,3.238567113876342773e-01
4.929954111576080322e-01,3.140817165374755859e+00,9.753567576408386230e-01
5.016510486602783203e-01,1.603110313415527344e+00,9.472877979278564453e-01
3.779724240303039551e-01,3.872261345386505127e-01,8.103849291801452637e-01
3.193778395652770996e-01,3.883454203605651855e-02,1.215153694152832031e+00
6.265143752098083496e-01,1.487258791923522949e+00,4.879921972751617432e-01
1.383032463490962982e-02,3.740485191345214844e+00,1.512437611818313599e-01
7.907252311706542969e-01,2.585083246231079102e+00,2.480854541063308716e-01
6.460139751434326172e-01,2.236296176910400391e+00,6.700885295867919922e-01
8.193679153919219971e-02,3.840013742446899414e+00,5.495069622993469238e-01
9.533365368843078613e-01,1.694325208663940430e+00,6.718273758888244629e-01
4.865433275699615479e-01,3.147216081619262695e+00,2.972281277179718018e-01
5.222318172454833984e-01,3.171249926090240479e-01,1.308934569358825684e+00
8.012145161628723145e-01,4.592494010925292969e+00,8.660590052604675293e-01
7.499973177909851074e-01,2.708051681518554688e+00,9.786082506179809570e-01
1.973493993282318115e-01,1.822862386703491211e+00,3.988635241985321045e-01
2.967910468578338623e-01,1.782765626907348633e+00,9.457402825355529785e-01
7.543617486953735352e-01,2.309484004974365234e+00,1.202973365783691406e+00
2.004943639039993286e-01,3.812702417373657227e+00,7.961155176162719727e-01
5.276979207992553711e-01,2.062722682952880859e+00,1.186141490936279297e+00
7.839381098747253418e-01,1.893418312072753906e+00,1.101964592933654785e+00
7.508106231689453125e-01,2.396755695343017578e+00,6.406865715980529785e-01
5.551036596298217773e-01,3.085281550884246826e-01,1.351959705352783203e+00
7.830202579498291016e-01,3.620667457580566406e+00,1.113135695457458496e+00
5.746191740036010742e-01,3.110620737075805664e+00,1.033554196357727051e+00
7.109138369560241699e-01,1.289225459098815918e+00,1.184196233749389648e+00
7.299461960792541504e-01,2.994390726089477539e+00,7.359608411788940430e-01
3.930373489856719971e-01,1.174908280372619629e+00,6.962441802024841309e-01
3.706782162189483643e-01,3.955634236335754395e-01,5.211033225059509277e-01
6.370362639427185059e-01,2.335141658782958984e+00,9.337292611598968506e-02
5.828169584274291992e-01,6.112979054450988770e-01,7.757692337036132812e-01
3.719864487648010254e-01,3.914887905120849609e+00,9.314478635787963867e-01
1.273677051067352295e-01,2.328393459320068359e+00,8.352290987968444824e-01
8.343350291252136230e-01,1.902422428131103516e+00,1.079253673553466797e+00
4.041501581668853760e-01,4.942940473556518555e-01,4.102093875408172607e-01
8.384182453155517578e-01,9.920355081558227539e-01,8.825038075447082520e-01
3.376547098159790039e-01,3.492228031158447266e+00,9.924764633178710938e-01
3.694577813148498535e-01,2.151335954666137695e+00,7.773389816284179688e-01
1.890695840120315552e-01,2.559524536132812500e+00,9.369919896125793457e-01
8.764620423316955566e-01,3.309519290924072266e+00,2.759405672550201416e-01
3.266785442829132080e-01,5.684277415275573730e-01,9.274186491966247559e-01
4.521708786487579346e-01,1.761521100997924805e+00,8.264058232307434082e-01
2.044819444417953491e-01,2.609249114990234375e+00,4.780217707157135010e-01
1.436175554990768433e-01,4.608693420886993408e-01,1.078358054161071777e+00
2.946973741054534912e-01,3.493545055389404297e+00,1.149191975593566895e+00
2.254723943769931793e-02,4.738219380378723145e-01,9.554721713066101074e-01
7.070290446281433105e-01,3.109550952911376953e+00,9.333347678184509277e-01
7.288772463798522949e-01,6.255671977996826172e-01,1.343288660049438477e+00
4.843108057975769043e-01,1.112684249877929688e+00,8.444681167602539062e-01
3.043141067028045654e-01,4.647130489349365234e+00,1.055321216583251953e+00
6.235265135765075684e-01,8.463134765625000000e-01,1.239680409431457520e+00
6.413505673408508301e-01,1.554687500000000000e+00,7.036348581314086914e-01
4.568572938442230225e-01,3.050414323806762695e+00,1.190224647521972656e+00
3.906478881835937500e-01,4.667954444885253906e+00,5.569626092910766602e-01
4.570031166076660156e-01,2.344600439071655273e+00,2.979232668876647949e-01
4.905655682086944580e-01,3.658768653869628906e+00,4.714283943176269531e-01
3.834544420242309570e-01,3.757531642913818359e+00,1.402610659599304199e+00
1.525534540414810181e-01,9.259715080261230469e-01,1.910768300294876099e-01
9.450293183326721191e-01,3.070586204528808594e+00,1.371851682662963867e+00
9.338865876197814941e-01,4.011851787567138672e+00,4.555098116397857666e-01
1.516804546117782593e-01,2.441695690155029297e+00,8.700831532478332520e-01
4.956946372985839844e-01,9.422850608825683594e-01,5.253912210464477539e-01
6.349636912345886230e-01,2.441985845565795898e+00,2.258573919534683228e-01
3.749655187129974365e-01,2.330522775650024414e+00,3.133310973644256592e-01
1.195571273565292358e-01,1.612108826637268066e+00,3.665052652359008789e-01
9.438441991806030273e-01,1.903876066207885742e+00,1.144392609596252441e+00
1.392903774976730347e-01,1.168757796287536621e+00,5.380609035491943359e-01
2.532750368118286133e-01,2.158265352249145508e+00,5.133565664291381836e-01
2.473357766866683960e-01,1.319518327713012695e+00,4.868853986263275146e-01
2.235695868730545044e-01,3.763493061065673828e+00,1.062871098518371582e+00
6.729599237442016602e-01,4.197540760040283203e+00,4.094108939170837402e-01
1.558137834072113037e-01,3.923705577850341797e+00,1.053049445152282715e+00
3.958159592002630234e-03,2.146528959274291992e+00,3.609379827976226807e-01
3.458228409290313721e-01,5.883658528327941895e-01,1.251141309738159180e+00
5.125252604484558105e-01,2.000310420989990234e+00,9.340854287147521973e-01
9.350753426551818848e-01,4.404687881469726562e+00,6.538634896278381348e-01
5.332778766751289368e-02,2.216273069381713867e+00,1.297124147415161133e+00
9.695191979408264160e-01,3.406182765960693359e+00,2.394529581069946289e-01
9.966486692428588867e-01,1.366646409034729004e+00,1.402121663093566895e+00
2.406062781810760498e-01,2.662773370742797852e+00,4.196970164775848389e-01
6.119139790534973145e-01,3.334431648254394531e+00,9.275656938552856445e-01
8.647549748420715332e-01,2.463736772537231445e+00,1.327746272087097168e+00
6.414338350296020508e-01,8.688840866088867188e-01,1.009675502777099609e+00
1.586809158325195312e-01,1.121074438095092773e+00,6.666615605354309082e-01
4.509840309619903564e-01,1.948740601539611816e+00,5.312779545783996582e-01
6.088140886276960373e-03,2.760990619659423828e+00,6.752183437347412109e-01
7.020357996225357056e-02,4.485773742198944092e-01,6.680278778076171875e-01
3.011644482612609863e-01,1.696459293365478516e+00,1.084286332130432129e+00
2.801488041877746582e-01,4.839038372039794922e+00,8.334289789199829102e-01
3.285208940505981445e-01,2.411148071289062500e+00,7.710370421409606934e-01
7.692122459411621094e-01,3.644612789154052734e+00,7.100090384483337402e-01
4.022666513919830322e-01,1.451427698135375977e+00,4.363378286361694336e-01
3.428220748901367188e-01,4.369734287261962891e+00,6.169517636299133301e-01
8.197777867317199707e-01,9.768639802932739258e-01,9.800693392753601074e-01
2.293270826339721680e-01,4.218255877494812012e-01,5.088313221931457520e-01
1.907908469438552856e-01,5.880207419395446777e-01,1.384361982345581055e+00
7.713290452957153320e-01,2.677286863327026367e+00,8.718993663787841797e-01
4.100822508335113525e-01,2.974797725677490234e+00,2.799026072025299072e-01
6.004572510719299316e-01,2.835460662841796875e+00,3.246638774871826172e-01
6.265608668327331543e-01,2.981138825416564941e-01,1.274781346321105957e+00
4.644416868686676025e-01,2.539600729942321777e-01,1.412110477685928345e-01
1.481691300868988037e-01,2.772453784942626953e+00,1.011688232421875000e+00
2.483963668346405029e-01,2.524830102920532227e+00,1.421197533607482910e+00
4.381852149963378906e-01,2.020914077758789062e+00,9.240282773971557617e-01
8.725054264068603516e-01,3.414342403411865234e+00,8.924119472503662109e-01
2.614637017250061035e-01,4.331921100616455078e+00,5.308724641799926758e-01
8.356876969337463379e-01,1.795635938644409180e+00,6.981188058853149414e-01
6.888609528541564941e-01,4.620589911937713623e-01,1.389622092247009277e+00
6.155683994293212891e-01,1.668547391891479492e+00,5.856023430824279785e-01
2.470807433128356934e-01,4.232486724853515625e+00,9.125263094902038574e-01
9.840566515922546387e-01,2.528584957122802734e+00,3.908768296241760254e-01
9.200108051300048828e-02,3.876018762588500977e+00,9.198502898216247559e-01
1.907804906368255615e-01,8.886530995368957520e-01,2.947202622890472412e-01
4.360938072204589844e-01,4.211848735809326172e+00,3.384375870227813721e-01
9.243171811103820801e-01,2.990836381912231445e+00,2.469829320907592773e-01
7.705193161964416504e-01,3.290136337280273438e+00,7.831888198852539062e-01
6.836946010589599609e-01,4.733255863189697266e+00,9.717161655426025391e-01
5.677445530891418457e-01,3.953941166400909424e-01,5.213091969490051270e-01
7.143307924270629883e-01,4.489761352539062500e+00,5.605993866920471191e-01
2.582598924636840820e-01,3.781877756118774414e+00,1.036205530166625977e+00
5.512917041778564453e-01,1.939241051673889160e+00,1.108569979667663574e+00
6.644937396049499512e-01,1.914977431297302246e+00,4.454088807106018066e-01
4.508198797702789307e-01,4.716371059417724609e+00,3.449746668338775635e-01
2.632315754890441895e-01,4.909066677093505859e+00,1.174604058265686035e+00
4.455792307853698730e-01,1.135593175888061523e+00,1.165207743644714355e+00
8.355600237846374512e-01,2.484957218170166016e+00,3.891336917877197266e-01
6.772823929786682129e-01,3.982797384262084961e+00,9.530963301658630371e-01
4.469533264636993408e-01,9.147252440452575684e-01,4.478879272937774658e-01
6.193632483482360840e-01,2.012748479843139648e+00,2.046059966087341309e-01
6.202610135078430176e-01,3.539535999298095703e+00,9.151427745819091797e-01
4.096676707267761230e-01,1.083550333976745605e+00,1.061598062515258789e+00
1.354975402355194092e-01,1.794371008872985840e+00,4.268397390842437744e-01
5.116514563560485840e-01,4.010919034481048584e-01,8.972136974334716797e-01
5.738330632448196411e-02,4.628068923950195312e+00,1.163958758115768433e-01
4.978203475475311279e-01,3.242560386657714844e+00,7.978086471557617188e-01
4.408321082592010498e-01,1.182344198226928711e+00,1.205300569534301758e+00
6.786939501762390137e-01,4.930786609649658203e+00,1.265830636024475098e+00
2.820862829685211182e-01,4.740074157714843750e+00,1.037656545639038086e+00
7.664572000503540039e-01,3.785193681716918945e+00,4.970746040344238281e-01
7.847009301185607910e-01,2.288610190153121948e-01,6.720951795578002930e-01
6.913570761680603027e-01,3.972678780555725098e-01,1.192767858505249023e+00
4.179227948188781738e-01,4.503544807434082031e+00,1.217717528343200684e+00
5.658360719680786133e-01,3.977696180343627930e+00,2.794542908668518066e-01
5.876840353012084961e-01,4.735599040985107422e+00,7.576634287834167480e-01
1.508573591709136963e-01,4.311717033386230469e+00,1.107653141021728516e+00
7.292212247848510742e-01,8.618136644363403320e-01,8.353139162063598633e-01
6.361503601074218750e-01,2.184754371643066406e+00,1.301977396011352539e+00
8.496370911598205566e-01,3.153741121292114258e+00,4.843317568302154541e-01
3.408120870590209961e-01,7.020714282989501953e-01,1.016009092330932617e+00
6.406666636466979980e-01,2.418189048767089844e+00,5.528210997581481934e-01
2.077609300613403320e-01,3.236443400382995605e-01,1.376156210899353027e+00
7.495185732841491699e-01,4.113224506378173828e+00,7.701747417449951172e-01
9.365258812904357910e-01,1.432476162910461426e+00,4.915871024131774902e-01
5.768077969551086426e-01,2.214875698089599609e+00,4.412465393543243408e-01
6.006632447242736816e-01,2.915945053100585938e-01,5.563818812370300293e-01
7.156293988227844238e-01,2.707489252090454102e+00,9.203427433967590332e-01
7.095141410827636719e-01,2.904815673828125000e+00,1.061948776245117188e+00
1.727109551429748535e-01,3.494726181030273438e+00,5.266432762145996094e-01
8.115475773811340332e-01,3.820214509963989258e+00,1.165984392166137695e+00
2.890226542949676514e-01,2.003963470458984375e+00,4.626615047454833984e-01
3.378917872905731201e-01,4.207791328430175781e+00,9.260304570198059082e-01
4.446667432785034180e-01,2.474372386932373047e+00,7.558650374412536621e-01
3.819470107555389404e-01,4.905263185501098633e-01,9.592758417129516602e-01
6.675293445587158203e-01,7.115136384963989258e-01,1.212516188621520996e+00
7.353184819221496582e-01,3.580092430114746094e+00,6.052508950233459473e-01
4.907956421375274658e-01,4.964380264282226562e+00,5.548715591430664062e-01
3.358058929443359375e-01,8.439661562442779541e-02,5.941689610481262207e-01
6.368038654327392578e-01,2.614429712295532227e+00,7.764249444007873535e-01
6.301189064979553223e-01,6.518728137016296387e-01,6.221954226493835449e-01
6.248716115951538086e-01,2.157306194305419922e+00,1.045000791549682617e+00
7.023261785507202148e-01,8.024954050779342651e-02,8.820436596870422363e-01
3.780010938644409180e-01,2.113714694976806641e+00,8.887112736701965332e-01
4.177910685539245605e-01,2.487973213195800781e+00,4.579880833625793457e-01
7.037448883056640625e-01,2.573640584945678711e+00,1.128200650215148926e+00
1.405153572559356689e-01,2.265485048294067383e+00,3.536327481269836426e-01
6.445799469947814941e-01,1.983218342065811157e-01,8.781064152717590332e-01
4.377142190933227539e-01,3.657387495040893555e+00,4.699933826923370361e-01
3.629281222820281982e-01,2.608133554458618164e+00,4.578553140163421631e-01
7.574709653854370117e-01,5.698080658912658691e-01,9.428431391716003418e-01
4.327809214591979980e-01,4.739116668701171875e+00,1.233631134033203125e+00
7.493323087692260742e-02,4.630356788635253906e+00,7.099539041519165039e-01
6.514347344636917114e-02,3.454818725585937500e+00,1.815051734447479248e-01
4.042443037033081055e-01,1.535900682210922241e-01,7.119156718254089355e-01
1.417970359325408936e-01,1.784696102142333984e+00,1.070479393005371094e+00
3.054750859737396240e-01,2.243667602539062500e+00,4.713262319564819336e-01
3.296138048171997070e-01,1.258470490574836731e-02,1.199372053146362305e+00
7.926358580589294434e-01,2.526922464370727539e+00,9.402921795845031738e-01
7.773053646087646484e-01,2.286540508270263672e+00,5.992937088012695312e-01
7.656816244125366211e-01,2.225003719329833984e+00,1.238004565238952637e+00
7.714625597000122070e-01,3.135029315948486328e+00,5.047197937965393066e-01
6.198526024818420410e-01,3.622418165206909180e+00,1.133882999420166016e+00
6.692048311233520508e-01,8.220318555831909180e-01,2.362344712018966675e-01
8.077241182327270508e-01,1.918643116950988770e+00,1.352108716964721680e+00
5.916363373398780823e-02,9.236182570457458496e-01,1.164911389350891113e+00
1.229184493422508240e-01,2.583223581314086914e+00,1.005591988563537598e+00
4.892688691616058350e-01,2.455833673477172852e+00,8.307229876518249512e-01
2.717643976211547852e-01,2.509899735450744629e-01,3.105003237724304199e-01
7.904029488563537598e-01,3.874046802520751953e+00,6.074541211128234863e-01
9.985152631998062134e-02,7.906616926193237305e-01,7.806187868118286133e-02
6.659837961196899414e-01,4.027667045593261719e-01,8.199672102928161621e-01
6.983358263969421387e-01,2.952055454254150391e+00,1.279103517532348633e+00
8.147494196891784668e-01,2.210854053497314453e+00,7.982612848281860352e-01
8.830029964447021484e-01,3.535400867462158203e+00,1.401167273521423340e+00
3.270810246467590332e-01,2.040360927581787109e+00,5.439435839653015137e-01
5.868038535118103027e-01,3.514788866043090820e+00,3.884849548339843750e-01
8.212826848030090332e-01,4.892287731170654297e+00,7.345736026763916016e-01
5.839641094207763672e-01,1.117016553878784180e+00,1.014647006988525391e+00
4.963940680027008057e-01,2.382603883743286133e+00,4.848720133304595947e-01
4.299540519714355469e-01,4.460999488830566406e+00,1.234172940254211426e+00
1.468947678804397583e-01,2.475242376327514648e+00,1.196880102157592773e+00
5.476018786430358887e-01,4.937870025634765625e+00,5.017687082290649414e-01
5.121539235115051270e-01,2.811722278594970703e+00,9.167449474334716797e-01
1.350241005420684814e-01,8.438584804534912109e-01,5.317304134368896484e-01
1.326607316732406616e-01,8.128074407577514648e-01,1.156266450881958008e+00
8.427357673645019531e-01,3.912259638309478760e-01,5.792133212089538574e-01
3.314453959465026855e-01,3.927529811859130859e+00,6.158336400985717773e-01
7.271343469619750977e-01,7.243514060974121094e-01,9.908341765403747559e-01
6.982891559600830078e-01,4.470952033996582031e+00,7.238218188285827637e-01
4.838176667690277100e-01,4.724385738372802734e+00,9.531556963920593262e-01
2.446069866418838501e-01,1.830936789512634277e+00,1.225889444351196289e+00
1.184698119759559631e-01,2.708228230476379395e-01,3.801310360431671143e-01
2.963524758815765381e-01,4.959448873996734619e-01,7.582895755767822266e-01
3.558250069618225098e-01,2.442760229110717773e+00,2.704584598541259766e-01
7.818676829338073730e-01,4.312442779541015625e+00,7.174174785614013672e-01
1.610192060470581055e-01,3.076059818267822266e+00,9.027341008186340332e-01
4.006745219230651855e-01,1.118898868560791016e+00,3.164236843585968018e-01
3.847603797912597656e-01,7.307673692703247070e-01,5.482138991355895996e-01
7.200524210929870605e-01,2.402229070663452148e+00,6.498827934265136719e-01
5.719866156578063965e-01,1.017876148223876953e+00,4.140623509883880615e-01
1.195854023098945618e-01,3.880899429321289062e+00,1.215773463249206543e+00
6.842015385627746582e-01,4.480007171630859375e+00,7.966110706329345703e-01
3.229936659336090088e-01,2.632538557052612305e+00,1.056977868080139160e+00
3.142109215259552002e-01,1.351997137069702148e+00,7.195625305175781250e-01
7.564991712570190430e-01,8.345417678356170654e-02,7.527047991752624512e-01
3.408823609352111816e-01,1.773727774620056152e+00,5.635341405868530273e-01
1.262732148170471191e-01,4.685163021087646484e+00,7.079247236251831055e-01
5.805526971817016602e-01,4.747010231018066406e+00,1.344414830207824707e+00
5.066077709197998047e-01,2.830560445785522461e+00,6.938724517822265625e-01
4.096153974533081055e-01,3.363555669784545898e-01,5.709988474845886230e-01
2.004328817129135132e-01,1.781001985073089600e-01,7.469272613525390625e-01
6.128790974617004395e-01,4.082194328308105469e+00,4.294550418853759766e-01
1.125677525997161865e-01,4.805558681488037109e+00,1.066480875015258789e+00
6.937854886054992676e-01,3.233155012130737305e+00,1.354327201843261719e+00
4.913999736309051514e-01,1.919312238693237305e+00,5.074810385704040527e-01
7.321275472640991211e-01,4.621999263763427734e+00,4.127162694931030273e-01
6.311271190643310547e-01,1.202815771102905273e+00,4.157392680644989014e-01
3.369386494159698486e-01,1.109477598220109940e-02,1.234802246093750000e+00
5.819681882858276367e-01,4.279873371124267578e+00,1.342526674270629883e+00
7.033338546752929688e-01,2.366846323013305664e+00,6.558034420013427734e-01
6.202046275138854980e-01,4.156069755554199219e+00,9.333591461181640625e-01
6.281543374061584473e-01,4.887320041656494141e+00,8.733610510826110840e-01
2.729421257972717285e-01,4.674321711063385010e-01,1.206895828247070312e+00
9.587171673774719238e-01,1.613787651062011719e+00,4.767385423183441162e-01
9.815233349800109863e-01,3.938805341720581055e+00,1.222763419151306152e+00
2.871893644332885742e-01,1.429755806922912598e+00,4.001254737377166748e-01
5.794119238853454590e-01,3.315776288509368896e-01,1.055494308471679688e+00
5.855416133999824524e-02,2.247256994247436523e+00,3.365307152271270752e-01
5.855045914649963379e-01,3.760716438293457031e+00,1.201630115509033203e+00
5.061378479003906250e-01,3.917969465255737305e+00,8.644070625305175781e-01
4.714702367782592773e-01,3.052113771438598633e+00,1.043848991394042969e+00
5.199459791183471680e-01,4.553966999053955078e+00,1.367179512977600098e+00
4.446804523468017578e-01,1.703453063964843750e+00,8.867410421371459961e-01
7.801675051450729370e-02,3.085435152053833008e+00,1.575102210044860840e-01
1.916752606630325317e-01,3.256904602050781250e+00,5.093576312065124512e-01
1.244723051786422729e-01,4.430785179138183594e+00,6.205672025680541992e-01
2.705801427364349365e-01,3.150190114974975586e+00,1.068085551261901855e+00
8.092043995857238770e-01,2.783075571060180664e+00,8.685792088508605957e-01
1.283238530158996582e-01,4.769916057586669922e+00,7.987135648727416992e-01
4.695940613746643066e-01,3.418433189392089844e+00,3.848600387573242188e-01
7.367262840270996094e-01,9.650815129280090332e-01,4.312085807323455811e-01
5.082303881645202637e-01,1.404023766517639160e+00,2.843658626079559326e-01
8.178443908691406250e-01,9.126799106597900391e-01,7.836654782295227051e-01
1.785903275012969971e-01,2.797735333442687988e-01,9.182155132293701172e-01
7.303259968757629395e-01,4.481304168701171875e+00,5.789192318916320801e-01
6.029950380325317383e-01,1.139927864074707031e+00,8.792740106582641602e-01
6.609520316123962402e-01,2.831616163253784180e+00,4.750410020351409912e-01
8.238599300384521484e-01,4.343684673309326172e+00,6.772828698158264160e-01
8.262524008750915527e-01,3.715884208679199219e+00,1.038666486740112305e+00
6.764886975288391113e-01,1.822335958480834961e+00,6.447607278823852539e-01
9.947643876075744629e-01,1.977679848670959473e+00,6.966940760612487793e-01
8.007917404174804688e-01,2.530628204345703125e+00,9.753510355949401855e-01
1.167602613568305969e-01,4.155170440673828125e+00,1.159376382827758789e+00
3.426914513111114502e-01,1.751718044281005859e+00,3.922651708126068115e-01
1.843475997447967529e-01,4.232308864593505859e+00,3.140859305858612061e-02
1.024906933307647705e-01,4.462872505187988281e+00,2.139188796281814575e-01
6.278361082077026367e-01,6.357099413871765137e-01,1.244609594345092773e+00
7.085220813751220703e-01,2.618976831436157227e+00,1.023906469345092773e+00
8.584040403366088867e-01,3.755988836288452148e+00,7.318536639213562012e-01
8.894048929214477539e-01,2.367574691772460938e+00,5.358194112777709961e-01
6.568824648857116699e-01,4.032103538513183594e+00,3.369150161743164062e-01
1.557230651378631592e-01,6.605804562568664551e-01,9.938269257545471191e-01
1.099564135074615479e-01,2.001385837793350220e-01,3.156588077545166016e-01
5.713084936141967773e-01,1.962648034095764160e+00,1.351736664772033691e+00
2.768012583255767822e-01,4.206066131591796875e+00,8.279345631599426270e-01
4.925452768802642822e-01,6.035134196281433105e-01,8.996275663375854492e-01
7.810504436492919922e-01,2.591673135757446289e+00,8.036519885063171387e-01
9.692552089691162109e-01,1.830732583999633789e+00,7.736847996711730957e-01
5.811138749122619629e-01,1.796567201614379883e+00,9.139332175254821777e-01
4.402606189250946045e-01,2.236134767532348633e+00,7.376555800437927246e-01
5.994873642921447754e-01,4.884430885314941406e+00,8.394531607627868652e-01
1.899431347846984863e-01,2.214099645614624023e+00,3.199555873870849609e-01
6.459380388259887695e-01,1.897429108619689941e+00,7.849877476692199707e-01
5.353175103664398193e-02,3.639160156250000000e+00,4.712346494197845459e-01
8.395283818244934082e-01,2.498215675354003906e+00,6.031931042671203613e-01
8.842706680297851562e-01,3.577656269073486328e+00,1.844521015882492065e-01
5.336245894432067871e-01,5.443173646926879883e-01,7.905515432357788086e-01
3.272992074489593506e-01,4.241818904876708984e+00,1.225255206227302551e-01
8.875951766967773438e-01,4.630775928497314453e+00,9.295935034751892090e-01
7.240154147148132324e-01,2.834501981735229492e+00,1.023193717002868652e+00
4.454071819782257080e-01,1.521273255348205566e+00,3.018831610679626465e-01
4.310219883918762207e-01,3.806100368499755859e+00,3.052546679973602295e-01
2.698921561241149902e-01,2.193151950836181641e+00,1.666117012500762939e-01
7.042540311813354492e-01,4.652012825012207031e+00,7.934600114822387695e-01
3.836323022842407227e-01,1.790628910064697266e+00,8.051211833953857422e-01
5.260755419731140137e-01,4.361152648925781250e+00,1.439874023199081421e-01
8.698835968971252441e-01,4.241170585155487061e-01,6.011639833450317383e-01
2.980484068393707275e-01,4.302679538726806641e+00,5.815494656562805176e-01
6.759757399559020996e-01,4.896981239318847656e+00,7.043027877807617188e-01
4.413406550884246826e-01,2.143997907638549805e+00,4.301184415817260742e-01
1.436601877212524414e-01,2.986873149871826172e+00,3.767424821853637695e-01
3.190019726753234863e-01,1.781074285507202148e+00,1.086897730827331543e+00
3.680604100227355957e-01,2.414270162582397461e+00,2.219587266445159912e-01
2.614561617374420166e-01,2.948578357696533203e+00,8.337246775627136230e-01
8.173439502716064453e-01,1.881920695304870605e+00,3.962329030036926270e-01
7.852942347526550293e-01,2.608454465866088867e+00,1.975847035646438599e-01
3.850261270999908447e-01,4.393495082855224609e+00,5.334088206291198730e-01
4.470723569393157959e-01,2.678861856460571289e+00,7.051588892936706543e-01
3.169966936111450195e-01,1.340770483016967773e+00,4.782745838165283203e-01
3.525116741657257080e-01,1.891952276229858398e+00,7.013180255889892578e-01
3.595981299877166748e-01,4.745296478271484375e+00,1.246875882148742676e+00
3.844175934791564941e-01,3.656512737274169922e+00,4.463031291961669922e-01
4.986699521541595459e-01,4.902040004730224609e+00,2.403046339750289917e-01
4.448413848876953125e-01,2.293802499771118164e+00,3.464310169219970703e-01
7.130203247070312500e-01,1.598687291145324707e+00,4.969513714313507080e-01
5.799100995063781738e-01,3.623340845108032227e+00,1.107314705848693848e+00
4.999177753925323486e-01,5.887823700904846191e-01,8.850607275962829590e-01
5.455202460289001465e-01,4.561092376708984375e+00,8.848225474357604980e-01
5.466781854629516602e-01,3.736202716827392578e+00,6.178632974624633789e-01
8.383576273918151855e-01,2.427511692047119141e+00,1.477900266647338867e+00
2.010553628206253052e-01,2.494689702987670898e+00,2.856192290782928467e-01
8.618608117103576660e-01,4.500403881072998047e+00,2.773635983467102051e-01
1.512220948934555054e-01,3.479452610015869141e+00,6.969148516654968262e-01
3.629014492034912109e-01,2.216819286346435547e+00,5.041021108627319336e-01
4.002515226602554321e-02,1.129550099372863770e+00,1.248002886772155762e+00
6.079787611961364746e-01,3.747989177703857422e+00,4.255072474479675293e-01
8.197222948074340820e-01,3.635288000106811523e+00,1.067157983779907227e+00
1.757158935070037842e-01,2.610740065574645996e-01,1.456419974565505981e-01
7.218400835990905762e-01,8.496675491333007812e-01,1.264491796493530273e+00
7.512947320938110352e-01,3.529456615447998047e+00,1.143314599990844727e+00
9.444032311439514160e-01,2.692082166671752930e+00,9.685181975364685059e-01
7.608585357666015625e-01,2.374706268310546875e+00,1.153436064720153809e+00
7.442662715911865234e-01,7.340507209300994873e-02,3.617095351219177246e-01
5.257585644721984863e-01,2.872305631637573242e+00,1.039319515228271484e+00
6.722781658172607422e-01,2.582409858703613281e+00,6.621356606483459473e-01
2.103617787361145020e-01,3.340781688690185547e+00,8.270894885063171387e-01
7.484634220600128174e-02,2.410582780838012695e+00,5.413916110992431641e-01
8.245921134948730469e-01,3.339401006698608398e+00,6.649395227432250977e-01
6.224919557571411133e-01,1.440613865852355957e+00,1.365956425666809082e+00
1.234486177563667297e-01,6.134583950042724609e-01,1.969889402389526367e-01
3.182390630245208740e-01,4.559285163879394531e+00,2.398351281881332397e-01
3.278495073318481445e-01,1.093637466430664062e+00,7.561216950416564941e-01
5.678256750106811523e-01,3.381719589233398438e+00,1.224979519844055176e+00
2.638256251811981201e-01,1.690227389335632324e+00,5.935220718383789062e-01
7.716395854949951172e-01,2.846637964248657227e+00,5.614123940467834473e-01
2.560576498508453369e-01,4.823192596435546875e+00,1.047000408172607422e+00
8.102194070816040039e-01,6.147213578224182129e-01,3.732127547264099121e-01
3.845516145229339600e-01,2.981348037719726562e+00,4.322302341461181641e-01
4.522975981235504150e-01,2.691648960113525391e+00,6.974229216575622559e-01
3.009488582611083984e-01,4.543247222900390625e+00,8.185966610908508301e-01
4.914829134941101074e-01,3.228555440902709961e+00,8.635540008544921875e-01
4.552116096019744873e-01,2.091913461685180664e+00,2.093648314476013184e-01
7.762616276741027832e-01,1.309095501899719238e+00,8.474523425102233887e-01
7.666942477226257324e-01,1.211131453514099121e+00,1.241589069366455078e+00
9.036353230476379395e-01,2.532139778137207031e+00,1.311212301254272461e+00
8.897304534912109375e-01,3.668457746505737305e+00,1.182125806808471680e+00
3.734990954399108887e-02,1.141932368278503418e+00,2.875021100044250488e-01
6.113214492797851562e-01,4.275372982025146484e+00,8.866536021232604980e-01
6.321624517440795898e-01,4.393746852874755859e+00,9.777048826217651367e-01
6.761580109596252441e-01,3.672550201416015625e+00,2.117857187986373901e-01
6.401329636573791504e-01,4.899207115173339844e+00,6.008015871047973633e-01
1.343417763710021973e-01,4.206751823425292969e+00,9.203585386276245117e-01
1.857478544116020203e-02,1.053665757179260254e+00,1.304878950119018555e+00
5.818694829940795898e-01,4.668268680572509766e+00,5.728682279586791992e-01
9.528786689043045044e-02,2.300409317016601562e+00,1.206027030944824219e+00
2.256232500076293945e-02,2.436274051666259766e+00,9.165418148040771484e-01
5.141518115997314453e-01,3.811098575592041016e+00,5.897139906883239746e-01
5.275481343269348145e-01,2.942624092102050781e+00,5.795940160751342773e-01
3.677777647972106934e-01,5.151679515838623047e-01,6.728162169456481934e-01
7.398883700370788574e-01,4.290320873260498047e+00,1.141391158103942871e+00
4.876849651336669922e-01,3.688742637634277344e+00,6.500624418258666992e-01
6.406443119049072266e-01,1.031000256538391113e+00,5.092195868492126465e-01
1.305692493915557861e-01,3.125112771987915039e+00,6.409131884574890137e-01
4.136006832122802734e-01,2.207462549209594727e+00,1.390047430992126465e+00
4.564748108386993408e-01,2.399437427520751953e+00,9.412438869476318359e-01
2.661395967006683350e-01,3.537804126739501953e+00,9.261696934700012207e-01
6.472841501235961914e-01,4.338585376739501953e+00,1.099438309669494629e+00
4.646466672420501709e-01,3.777390480041503906e+00,4.328902661800384521e-01
9.261497110128402710e-02,2.871158123016357422e+00,4.002231359481811523e-01
1.702445093542337418e-03,3.067467689514160156e+00,1.154927968978881836e+00
6.281812787055969238e-01,1.330474972724914551e+00,4.029413461685180664e-01
7.143284678459167480e-01,2.832954168319702148e+00,9.475108981132507324e-01
1.599343121051788330e-01,4.387472152709960938e+00,5.599722862243652344e-01
4.138648808002471924e-01,4.339598178863525391e+00,1.282493710517883301e+00
6.350375413894653320e-01,1.720481038093566895e+00,5.389310717582702637e-01
7.760537266731262207e-01,3.832488775253295898e+00,3.202409148216247559e-01
7.953569889068603516e-01,3.268988370895385742e+00,5.651859641075134277e-01
3.984711691737174988e-02,3.889673650264739990e-01,4.371950924396514893e-01
7.899855375289916992e-01,2.452500581741333008e+00,8.017663955688476562e-01
6.741303205490112305e-02,6.276960372924804688e-01,3.593362271785736084e-01
5.896286964416503906e-01,2.261541366577148438e+00,6.914178729057312012e-01
3.585928082466125488e-01,3.465498685836791992e+00,4.655052125453948975e-01
5.004398822784423828e-01,7.572532892227172852e-01,1.386009931564331055e+00
5.678238272666931152e-01,4.922114849090576172e+00,1.254075884819030762e+00
4.258363544940948486e-01,9.640240073204040527e-01,7.497357130050659180e-01
7.911022305488586426e-01,3.242260456085205078e+00,1.165165543556213379e+00
8.699838817119598389e-02,7.537110149860382080e-02,1.296749830245971680e+00
8.315708041191101074e-01,8.638216257095336914e-01,1.032909989356994629e+00
2.739026397466659546e-02,1.650220394134521484e+00,1.373187899589538574e+00
4.488916695117950439e-01,2.525773525238037109e+00,1.077229380607604980e+00
6.891843676567077637e-01,1.356316924095153809e+00,9.173893332481384277e-01
5.861567258834838867e-01,1.306510090827941895e+00,2.535570561885833740e-01
6.045784354209899902e-01,3.641391992568969727e+00,6.550905704498291016e-01
8.851817250251770020e-01,2.206540107727050781e+00,6.461486816406250000e-01
1.665975004434585571e-01,7.035760879516601562e-01,4.773290753364562988e-01
7.468527555465698242e-01,4.156792163848876953e+00,7.030662894248962402e-01
4.394883811473846436e-01,1.474682450294494629e+00,5.023317933082580566e-01
4.824361503124237061e-01,4.206748008728027344e+00,5.285408496856689453e-01
6.255825757980346680e-01,4.871139049530029297e+00,9.101040363311767578e-01
7.069754004478454590e-01,2.028828859329223633e+00,4.643600285053253174e-01
7.359560132026672363e-01,8.380057811737060547e-01,8.505445718765258789e-01
7.364075183868408203e-01,4.822267532348632812e+00,5.510700345039367676e-01
8.652075529098510742e-01,2.560447216033935547e+00,1.091747879981994629e+00
2.869191765785217285e-01,3.036190032958984375e+00,7.581881880760192871e-01
3.407303094863891602e-01,3.847813606262207031e+00,6.448599100112915039e-01
7.781071662902832031e-01,1.257015109062194824e+00,1.152544856071472168e+00
8.593910932540893555e-02,2.310623645782470703e+00,4.610739648342132568e-01
5.286327600479125977e-01,2.548552036285400391e+00,6.227218508720397949e-01
1.504786014556884766e-01,3.789587974548339844e+00,4.626207649707794189e-01
3.776792883872985840e-01,2.974275350570678711e-01,1.309586882591247559e+00
4.740490317344665527e-01,4.106620788574218750e+00,5.375861525535583496e-01
3.938527107238769531e-01,9.700227975845336914e-01,1.290698289871215820e+00
8.312609791755676270e-01,1.402649164199829102e+00,1.261747121810913086e+00
2.689953744411468506e-01,3.371601581573486328e+00,7.631256580352783203e-01
4.120892584323883057e-01,1.581382989883422852e+00,1.411131501197814941e+00
3.578517958521842957e-02,2.390563011169433594e+00,4.559322893619537354e-01
2.236742228269577026e-01,3.381979227066040039e+00,4.981013238430023193e-01
8.319090604782104492e-01,7.418859004974365234e-01,8.849783539772033691e-01
5.114784836769104004e-01,1.197110056877136230e+00,1.148530602455139160e+00
8.659115433692932129e-01,3.761008977890014648e+00,5.665891170501708984e-01
3.440511822700500488e-01,1.777372241020202637e+00,5.271440148353576660e-01
5.514567494392395020e-01,3.039649248123168945e+00,1.390329957008361816e+00
5.084879398345947266e-01,2.745066285133361816e-01,6.134797930717468262e-01
3.540928363800048828e-01,4.467493057250976562e+00,5.519204139709472656e-01
3.527734875679016113e-01,3.412431001663208008e+00,2.811647653579711914e-01
3.787991032004356384e-02,3.251513957977294922e+00,7.295734286308288574e-01
4.269772768020629883e-01,2.921119451522827148e+00,1.032041788101196289e+00
1.520026326179504395e-01,2.041605472564697266e+00,1.713365167379379272e-01
2.482329905033111572e-01,3.795583486557006836e+00,1.159428119659423828e+00
3.682715892791748047e-01,3.293826580047607422e+00,7.551974654197692871e-01
7.684431076049804688e-01,1.168938040733337402e+00,7.413031458854675293e-01
7.610383629798889160e-01,3.943725824356079102e-01,3.933591544628143311e-01
2.225847393274307251e-01,1.471186757087707520e+00,1.776245683431625366e-01
7.042475342750549316e-01,3.739153385162353516e+00,2.859218120574951172e-01
9.499430060386657715e-01,2.552839517593383789e+00,1.222177371382713318e-01
2.731950879096984863e-01,4.395147323608398438e+00,7.811201214790344238e-01
5.432805418968200684e-01,4.150589942932128906e+00,6.687635183334350586e-01
9.919914603233337402e-01,1.725140571594238281e+00,8.579983115196228027e-01
7.415406703948974609e-01,4.525249481201171875e+00,5.291095972061157227e-01
7.496599555015563965e-01,4.191805362701416016e+00,1.353531956672668457e+00
1.368457525968551636e-01,4.723872184753417969e+00,1.193569779396057129e+00
5.826516151428222656e-01,3.062073945999145508e+00,8.223208189010620117e-01
5.627346634864807129e-01,1.980084419250488281e+00,9.393811821937561035e-01
1.295691430568695068e-01,1.346041440963745117e+00,1.763480901718139648e-01
8.431245088577270508e-01,4.412760734558105469e+00,5.110576748847961426e-01
7.980021834373474121e-01,1.275599837303161621e+00,5.844050049781799316e-01
3.082809746265411377e-01,1.287956714630126953e+00,4.714433848857879639e-01
9.300378561019897461e-01,1.912254452705383301e+00,8.498916029930114746e-01
9.062480926513671875e-01,3.002831220626831055e+00,5.372489094734191895e-01
9.176222085952758789e-01,2.392435789108276367e+00,4.125713109970092773e-01
1.818198151886463165e-02,3.081199884414672852e+00,2.086774408817291260e-01
9.914224594831466675e-02,3.090433359146118164e+00,4.599352180957794189e-01
4.629244804382324219e-01,2.311793327331542969e+00,1.506426781415939331e-01
7.183951735496520996e-01,8.202257752418518066e-01,1.079142093658447266e+00
4.987263381481170654e-01,3.813730955123901367e+00,5.611126422882080078e-01
1.206482350826263428e-01,4.412641048431396484e+00,2.417228668928146362e-01
7.154593467712402344e-01,2.278295606374740601e-01,1.036438107490539551e+00
4.551065564155578613e-01,4.170614719390869141e+00,5.442150831222534180e-01
4.333273768424987793e-01,5.764945223927497864e-02,9.316196441650390625e-01
8.917300403118133545e-02,4.384114265441894531e+00,5.398126840591430664e-01
6.970021128654479980e-01,8.498924970626831055e-01,9.675779342651367188e-01
6.151900887489318848e-01,1.963703274726867676e+00,8.304362297058105469e-01
1.947197690606117249e-02,2.891113996505737305e+00,1.219626307487487793e+00
5.740018561482429504e-02,3.208408594131469727e+00,8.661476373672485352e-01
7.510944604873657227e-01,3.712728023529052734e+00,1.278642296791076660e+00
6.422411203384399414e-01,4.550148010253906250e+00,1.009008049964904785e+00
4.874089360237121582e-01,3.867713451385498047e+00,1.345802307128906250e+00
2.055610269308090210e-01,4.337202072143554688e+00,7.176886200904846191e-01
1.536189317703247070e-01,3.602004528045654297e+00,1.250293374061584473e+00
7.166277170181274414e-01,1.329128503799438477e+00,8.462589979171752930e-01
8.547290414571762085e-02,2.581653594970703125e+00,4.125277400016784668e-01
7.465236186981201172e-01,2.883579254150390625e+00,7.161725163459777832e-01
6.843689084053039551e-01,3.068484306335449219e+00,4.578134715557098389e-01
3.767394721508026123e-01,1.472687125205993652e+00,3.660972714424133301e-01
1.871202588081359863e-01,2.467151165008544922e+00,7.117356061935424805e-01
3.517155349254608154e-01,3.640972077846527100e-01,1.120014190673828125e+00
7.293876409530639648e-01,5.293574333190917969e-01,3.692168295383453369e-01
8.606287240982055664e-01,1.756674528121948242e+00,1.130887031555175781e+00
1.736196726560592651e-01,3.335938692092895508e+00,5.922704339027404785e-01
8.385650515556335449e-01,1.575808525085449219e+00,5.373669266700744629e-01
6.182789206504821777e-01,1.868026018142700195e+00,3.855430781841278076e-01
9.416940808296203613e-01,2.787810087203979492e+00,6.716528534889221191e-01
1.369464099407196045e-01,2.023560762405395508e+00,1.073904708027839661e-01
6.634314060211181641e-01,2.298404693603515625e+00,4.049718379974365234e-01
5.455461740493774414e-01,8.495701551437377930e-01,3.563956916332244873e-01
5.048950314521789551e-01,3.398781538009643555e+00,7.216358184814453125e-01
3.566603958606719971e-01,3.296185493469238281e+00,2.789265811443328857e-01
1.263878960162401199e-02,1.282457947731018066e+00,6.728346943855285645e-01
1.558458954095840454e-01,2.089306831359863281e+00,4.809574782848358154e-01
2.755399644374847412e-01,4.881280899047851562e+00,3.064534664154052734e-01
3.988889455795288086e-01,3.727789878845214844e+00,2.648005485534667969e-01
2.949110865592956543e-01,3.977754592895507812e+00,1.271319985389709473e-01
9.598532319068908691e-01,2.839487075805664062e+00,1.355423331260681152e+00
8.591925352811813354e-02,1.831564426422119141e+00,2.676594257354736328e-01
3.997511863708496094e-01,1.192134261131286621e+00,2.303341776132583618e-01
2.179985493421554565e-01,3.325369358062744141e+00,5.099809169769287109e-01
1.149607300758361816e-01,2.993977546691894531e+00,1.048350214958190918e+00
7.920235395431518555e-01,3.190662145614624023e+00,6.189814805984497070e-01
7.120711803436279297e-01,1.081446886062622070e+00,1.171828031539916992e+00
8.187773227691650391e-01,1.186425328254699707e+00,1.062544345855712891e+00
6.216667294502258301e-01,1.745262384414672852e+00,2.954703271389007568e-01
8.158710002899169922e-01,1.735540032386779785e+00,1.184024572372436523e+00
2.195349037647247314e-01,3.168280839920043945e+00,4.087854623794555664e-01
2.440133690834045410e-01,1.414909482002258301e+00,1.723760664463043213e-01
5.437368750572204590e-01,3.170401096343994141e+00,1.147223114967346191e+00
1.343487501144409180e-01,1.331993579864501953e+00,9.779978990554809570e-01
8.283496499061584473e-01,1.073892235755920410e+00,1.481972455978393555e+00
2.340921163558959961e-01,1.260827928781509399e-01,1.283519744873046875e+00
4.740364551544189453e-01,2.764583826065063477e+00,1.087214827537536621e+00
6.180079579353332520e-01,4.563969671726226807e-01,1.277311682701110840e+00
5.043333172798156738e-01,4.049774169921875000e+00,7.935146093368530273e-01
6.939712166786193848e-02,1.177077174186706543e+00,8.173289299011230469e-01
3.212776184082031250e-01,3.263885259628295898e+00,3.606604635715484619e-01
8.001212030649185181e-03,1.895555496215820312e+00,1.465473175048828125e+00
2.498563528060913086e-01,1.191306591033935547e+00,1.283787727355957031e+00
5.428045392036437988e-01,4.801833629608154297e+00,1.153835773468017578e+00
6.208998560905456543e-01,1.371299505233764648e+00,4.350976347923278809e-01
2.088654190301895142e-01,7.362204790115356445e-01,3.704559206962585449e-01
8.834904432296752930e-01,2.185424566268920898e+00,4.351732134819030762e-01
2.935528457164764404e-01,3.042442321777343750e+00,1.223065972328186035e+00
5.705190300941467285e-01,5.420676469802856445e-01,1.138217329978942871e+00
8.530499339103698730e-01,1.389828920364379883e+00,1.138717532157897949e+00
1.142888739705085754e-01,3.217626571655273438e+00,3.565438091754913330e-01
3.740961551666259766e-01,1.766867637634277344e+00,7.961932420730590820e-01
4.052426517009735107e-01,1.547902941703796387e+00,1.148011565208435059e+00
9.192252159118652344e-01,2.166727304458618164e+00,1.303194999694824219e+00
3.693072199821472168e-01,4.103053092956542969e+00,7.818673253059387207e-01
5.507525801658630371e-01,3.425913572311401367e+00,9.544963240623474121e-01
3.742390275001525879e-01,3.548270940780639648e+00,5.206452608108520508e-01
5.160595178604125977e-01,3.528906345367431641e+00,3.269978463649749756e-01
5.477488040924072266e-01,4.352720737457275391e+00,9.877034425735473633e-01
3.430803120136260986e-02,3.174090385437011719e+00,4.179909527301788330e-01
5.508707761764526367e-01,2.877764463424682617e+00,4.204275012016296387e-01
4.134458601474761963e-01,3.260043621063232422e+00,1.031267762184143066e+00
8.977946639060974121e-01,2.985125541687011719e+00,7.172851562500000000e-01
9.415888786315917969e-02,2.639684915542602539e+00,8.224349617958068848e-01
3.494357168674468994e-01,4.289344787597656250e+00,3.830943703651428223e-01
5.273517966270446777e-01,4.246374130249023438e+00,7.119126915931701660e-01
8.933947682380676270e-01,7.065542340278625488e-01,9.407556653022766113e-01
2.485964596271514893e-01,4.300995349884033203e+00,1.125993967056274414e+00
4.025634825229644775e-01,2.135013580322265625e+00,4.529520571231842041e-01
1.941227167844772339e-01,3.294470310211181641e+00,4.810806214809417725e-01
9.832201004028320312e-01,3.026963710784912109e+00,7.254526019096374512e-01
7.365906238555908203e-01,3.460101366043090820e+00,4.712888598442077637e-01
7.445052266120910645e-01,3.789346218109130859e+00,6.341503858566284180e-01
2.253873050212860107e-01,2.751047372817993164e+00,1.315945625305175781e+00
2.684716284275054932e-01,1.780543208122253418e+00,1.973813921213150024e-01
5.526489615440368652e-01,3.666870117187500000e+00,9.108573198318481445e-01
6.876376867294311523e-01,1.076281785964965820e+00,7.761478424072265625e-01
4.937177002429962158e-01,4.398394107818603516e+00,1.364096164703369141e+00
4.733014702796936035e-01,4.560056328773498535e-01,9.845646023750305176e-01
1.060761394910514355e-03,3.272957324981689453e+00,5.508028268814086914e-01
3.453513383865356445e-01,1.614079624414443970e-01,2.794872522354125977e-01
5.561011433601379395e-01,4.920124053955078125e+00,7.718622088432312012e-01
4.425988793373107910e-01,2.217333793640136719e+00,5.808328986167907715e-01
8.922430872917175293e-01,1.158479571342468262e+00,8.052743673324584961e-01
4.470058381557464600e-01,4.451239109039306641e+00,9.846846461296081543e-01
3.313836455345153809e-01,2.872016906738281250e+00,3.706621229648590088e-01
4.003519415855407715e-01,1.863363027572631836e+00,1.432296514511108398e+00
7.122185826301574707e-01,3.779694318771362305e+00,8.539967536926269531e-01
5.937462449073791504e-01,4.620043754577636719e+00,4.447852373123168945e-01
4.714667201042175293e-01,2.475364923477172852e+00,6.845405697822570801e-01
5.467152595520019531e-01,4.967937469482421875e+00,2.425138652324676514e-01
6.723607182502746582e-01,6.310722231864929199e-02,8.634719252586364746e-01
7.948159575462341309e-01,3.518152952194213867e+00,1.045653462409973145e+00
5.986121296882629395e-01,4.062709331512451172e+00,5.591226220130920410e-01
2.527905702590942383e-01,2.705753803253173828e+00,1.148332834243774414e+00
2.777986824512481689e-01,8.455024957656860352e-01,3.113054931163787842e-01
8.684189915657043457e-01,2.945923089981079102e+00,4.669888317584991455e-01
3.523757159709930420e-01,4.519125461578369141e+00,5.026794075965881348e-01
7.403642684221267700e-02,1.510093450546264648e+00,1.243285536766052246e+00
7.739039510488510132e-02,4.118249893188476562e+00,3.755118325352668762e-02
4.081569314002990723e-01,1.384946942329406738e+00,4.396768510341644287e-01
1.667117774486541748e-01,1.360545516014099121e+00,5.056433081626892090e-01
1.944380626082420349e-02,4.309135437011718750e+00,1.295648217201232910e+00
8.294280171394348145e-01,2.703341484069824219e+00,9.533773064613342285e-01
6.536430716514587402e-01,4.695961177349090576e-01,1.236224293708801270e+00
4.953523725271224976e-02,1.244896411895751953e+00,1.167140483856201172e+00
6.889263987541198730e-01,4.680434703826904297e+00,1.023851156234741211e+00
7.265763282775878906e-01,4.460431098937988281e+00,1.874766796827316284e-01
6.438915133476257324e-01,2.477105617523193359e+00,2.928292155265808105e-01
9.360840916633605957e-01,2.373336076736450195e+00,2.648581564426422119e-01
7.826740145683288574e-01,1.704438447952270508e+00,5.556602478027343750e-01
5.558784008026123047e-01,8.839235901832580566e-01,6.263418793678283691e-01
1.737784445285797119e-01,4.323766231536865234e+00,4.047104716300964355e-01
4.329731762409210205e-01,4.053396701812744141e+00,1.105456590652465820e+00
8.494082689285278320e-01,2.494162321090698242e+00,7.154526710510253906e-01
7.408407926559448242e-01,4.315847396850585938e+00,1.174939990043640137e+00
2.042291611433029175e-01,4.358155250549316406e+00,1.188649773597717285e+00
5.226580500602722168e-01,1.093600273132324219e+00,9.686678647994995117e-01
3.078686296939849854e-01,8.479331731796264648e-01,6.965019106864929199e-01
3.079655468463897705e-01,4.331830024719238281e+00,4.817555844783782959e-01
9.835262894630432129e-01,1.755219340324401855e+00,5.868497490882873535e-01
1.754910051822662354e-01,4.475896835327148438e+00,8.430100679397583008e-01
6.758376955986022949e-01,3.589784204959869385e-01,4.047815203666687012e-01
6.575919687747955322e-02,2.628274440765380859e+00,1.748994290828704834e-01
8.461104035377502441e-01,2.982813358306884766e+00,7.634323835372924805e-01
3.541668355464935303e-01,4.887055873870849609e+00,6.133756041526794434e-01
4.218851327896118164e-01,3.229080677032470703e+00,7.363573908805847168e-01
3.535593748092651367e-01,3.812801599502563477e+00,1.425395250320434570e+00
3.140208721160888672e-01,6.077154278755187988e-01,2.370538748800754547e-02
7.676370739936828613e-01,4.081389427185058594e+00,1.163035511970520020e+00
2.250230163335800171e-01,3.294822692871093750e+00,2.333068400621414185e-01
3.502984344959259033e-02,3.911947011947631836e+00,3.155451416969299316e-01
1.231921464204788208e-01,1.704616189002990723e+00,2.780585587024688721e-01
8.648070693016052246e-01,3.274940252304077148e+00,4.536281526088714600e-01
1.839705407619476318e-01,4.077785015106201172e+00,7.809811830520629883e-01
1.219225227832794189e-01,1.685942053794860840e+00,1.192131280899047852e+00
4.486978054046630859e-01,2.507072210311889648e+00,1.738923639059066772e-01
3.147142231464385986e-01,2.636786937713623047e+00,6.715738773345947266e-01
7.252809405326843262e-01,3.862187385559082031e+00,1.278503775596618652e+00
3.394697904586791992e-01,3.925399541854858398e+00,8.351933360099792480e-01
2.730356454849243164e-01,3.998399972915649414e+00,1.180842399597167969e+00
3.619840443134307861e-01,4.083765983581542969e+00,6.063733100891113281e-01
8.443158268928527832e-01,4.460391998291015625e+00,5.129696130752563477e-01
6.378796100616455078e-01,3.435527563095092773e+00,7.590264678001403809e-01
3.506963551044464111e-01,2.750750303268432617e+00,8.951847553253173828e-01
4.013510048389434814e-01,4.098407745361328125e+00,1.114134669303894043e+00
7.025811672210693359e-01,3.257933855056762695e+00,4.482205808162689209e-01
4.792426228523254395e-01,4.438644945621490479e-01,8.407050371170043945e-01
9.899505972862243652e-01,9.445102810859680176e-01,3.087543845176696777e-01
1.040549054741859436e-01,3.261638402938842773e+00,3.922342956066131592e-01
1.604295521974563599e-02,2.282033443450927734e+00,1.041605591773986816e+00
2.522008717060089111e-01,3.854360818862915039e+00,6.913697123527526855e-01
8.424936980009078979e-02,1.334950566291809082e+00,8.570613265037536621e-01
4.341397881507873535e-01,3.926018238067626953e+00,5.287190675735473633e-01
3.900248706340789795e-01,4.642535686492919922e+00,1.200549244880676270e+00
3.839596807956695557e-01,3.295768424868583679e-02,1.144440293312072754e+00
8.118789792060852051e-01,2.547647714614868164e+00,5.188468098640441895e-01
4.552005231380462646e-01,1.637649536132812500e+00,8.158313632011413574e-01
7.143320441246032715e-01,2.012861490249633789e+00,1.093670368194580078e+00
1.383547633886337280e-01,4.338002681732177734e+00,1.988989859819412231e-01
8.917928934097290039e-01,3.559362173080444336e+00,7.902002334594726562e-01
4.948222339153289795e-01,4.525883197784423828e+00,1.964053511619567871e-01
2.998315989971160889e-01,5.577287673950195312e-01,9.671994447708129883e-01
6.036301851272583008e-01,4.510897159576416016e+00,7.762063145637512207e-01
8.826130628585815430e-01,3.724978923797607422e+00,1.129999637603759766e+00
2.602615952491760254e-01,1.166982531547546387e+00,2.268461287021636963e-01
2.163561433553695679e-01,2.992759227752685547e+00,1.201055526733398438e+00
2.834944427013397217e-01,4.366259574890136719e+00,4.910970628261566162e-01
9.285699725151062012e-01,2.433971405029296875e+00,3.652743101119995117e-01
6.984752416610717773e-01,2.531461238861083984e+00,1.038099527359008789e+00
8.067721128463745117e-02,2.949263572692871094e+00,4.155397713184356689e-01
7.493260502815246582e-01,1.985809445381164551e+00,9.739097356796264648e-01
4.935295507311820984e-02,1.614880800247192383e+00,6.324303150177001953e-01
4.306145012378692627e-01,2.961786031723022461e+00,1.682779192924499512e-01
6.790386438369750977e-01,3.524493217468261719e+00,5.659718513488769531e-01
7.753087878227233887e-01,4.712503850460052490e-01,1.351745575666427612e-01
7.624991238117218018e-02,1.769614934921264648e+00,1.383029073476791382e-01
3.448086380958557129e-01,4.461156845092773438e+00,7.376449108123779297e-01
4.205986559391021729e-01,4.313119411468505859e+00,4.078853130340576172e-01
6.934311389923095703e-01,6.539468765258789062e-01,4.854318499565124512e-01
4.025041162967681885e-01,2.656996011734008789e+00,1.023584604263305664e+00
4.310354292392730713e-01,1.936999440193176270e+00,3.394055664539337158e-01
4.704183638095855713e-01,1.869877099990844727e+00,7.652876377105712891e-01
4.661713242530822754e-01,4.811047077178955078e+00,6.622678637504577637e-01
9.457396864891052246e-01,3.882121801376342773e+00,7.138848304748535156e-01
5.075576305389404297e-01,3.068781137466430664e+00,1.151279211044311523e+00
3.938160836696624756e-01,1.194507956504821777e+00,4.110877513885498047e-01
3.553800880908966064e-01,3.922249317169189453e+00,5.842562913894653320e-01
6.440171599388122559e-01,4.398830413818359375e+00,7.155016660690307617e-01
1.752874851226806641e-01,4.482569217681884766e+00,1.263866186141967773e+00
7.783954739570617676e-01,3.648885488510131836e+00,9.141436815261840820e-01
6.232344508171081543e-01,1.073670506477355957e+00,1.324539542198181152e+00
5.939142107963562012e-01,1.776999711990356445e+00,5.354893803596496582e-01
6.811853647232055664e-01,1.257087945938110352e+00,1.051739096641540527e+00
3.707909286022186279e-01,1.799950599670410156e+00,7.092396616935729980e-01
6.531684994697570801e-01,1.478986024856567383e+00,1.197819590568542480e+00
6.266931295394897461e-01,3.801995038986206055e+00,1.291954994201660156e+00
2.267039865255355835e-01,1.939154863357543945e+00,6.067778468132019043e-01
7.081847190856933594e-01,9.405766725540161133e-01,6.931084990501403809e-01
6.051739305257797241e-02,4.399936199188232422e+00,1.199722766876220703e+00
2.608210965991020203e-02,3.878364801406860352e+00,2.364279180765151978e-01
1.075340211391448975e-01,3.218665361404418945e+00,3.254549801349639893e-01
6.641343235969543457e-01,2.686905622482299805e+00,1.482039570808410645e+00
7.272897958755493164e-01,5.837764143943786621e-01,1.041238903999328613e-01
1.643037796020507812e-01,2.594120204448699951e-01,3.742121756076812744e-01
4.813919067382812500e-01,4.078232288360595703e+00,4.835260510444641113e-01
4.408631324768066406e-01,3.467049360275268555e+00,8.350657224655151367e-01
2.892455160617828369e-01,3.646723747253417969e+00,1.436688184738159180e+00
2.420978397130966187e-01,3.004454135894775391e+00,7.795268893241882324e-01
7.291337251663208008e-01,1.004378795623779297e+00,3.973819911479949951e-01
7.439268231391906738e-01,8.836101293563842773e-01,1.289925694465637207e+00
5.649883151054382324e-01,4.094579219818115234e+00,5.141169428825378418e-01
6.159461736679077148e-01,1.513742655515670776e-02,3.133527338504791260e-01
5.922043919563293457e-01,4.021255493164062500e+00,4.867949485778808594e-01
8.522223830223083496e-01,1.368142366409301758e+00,6.935123205184936523e-01
8.687099069356918335e-02,1.880153536796569824e+00,1.262752175331115723e+00
4.454858303070068359e-01,4.593270301818847656e+00,1.069938540458679199e+00
2.618104219436645508e-01,3.889046669006347656e+00,1.339880108833312988e+00
2.559547126293182373e-01,3.744546651840209961e+00,7.301696538925170898e-01
8.797482252120971680e-01,3.290130615234375000e+00,5.480513572692871094e-01
4.409835040569305420e-01,3.954009294509887695e+00,8.909963965415954590e-01
1.923829913139343262e-01,3.315365791320800781e+00,1.296460509300231934e+00
8.004370331764221191e-01,4.469450950622558594e+00,4.770961403846740723e-01
7.926575541496276855e-01,1.074114918708801270e+00,1.268944859504699707e+00
1.881281435489654541e-01,2.568452119827270508e+00,5.109153985977172852e-01
3.922151327133178711e-01,3.521554231643676758e+00,1.102877855300903320e+00
8.295661807060241699e-01,3.451707839965820312e+00,1.044041514396667480e+00
2.284799516201019287e-01,3.149572849273681641e+00,3.076723814010620117e-01
6.613456010818481445e-01,2.951579093933105469e+00,2.923273742198944092e-01
9.105179905891418457e-01,4.013641357421875000e+00,1.149277925491333008e+00
8.963937163352966309e-01,3.878621578216552734e+00,5.597873926162719727e-01
1.770723760128021240e-01,1.413324236869812012e+00,1.307814955711364746e+00
8.277266025543212891e-01,3.584390163421630859e+00,1.122320771217346191e+00
6.758375167846679688e-01,5.585907101631164551e-01,1.005565524101257324e+00
2.162580639123916626e-01,1.057504534721374512e+00,2.782149612903594971e-01
2.447539716958999634e-01,4.987425327301025391e+00,9.715586900711059570e-01
4.696376323699951172e-01,1.900828242301940918e+00,1.625447571277618408e-01
3.726811110973358154e-01,2.855197668075561523e+00,9.866890311241149902e-01
7.293825745582580566e-01,3.742920637130737305e+00,3.710783720016479492e-01
2.740155756473541260e-01,4.452255249023437500e+00,1.085565447807312012e+00
7.595912218093872070e-01,1.881291866302490234e+00,1.064060449600219727e+00
7.855025529861450195e-01,2.720774650573730469e+00,4.707039594650268555e-01
2.805463969707489014e-01,3.252373695373535156e+00,8.281084895133972168e-01
3.130988180637359619e-01,5.241671204566955566e-01,1.844227761030197144e-01
3.665605187416076660e-01,5.880676507949829102e-01,5.421754121780395508e-01
7.056041955947875977e-01,1.740470051765441895e+00,6.165804266929626465e-01
7.756178379058837891e-01,1.919824033975601196e-01,5.754040479660034180e-01
6.318391561508178711e-01,1.202629208564758301e+00,1.176437377929687500e+00
1.443632841110229492e-01,1.533211469650268555e+00,5.528156161308288574e-01
2.334448099136352539e-01,4.901957511901855469e+00,6.002587676048278809e-01
9.716392159461975098e-01,1.555580377578735352e+00,8.690308928489685059e-01
8.362326622009277344e-01,1.198246121406555176e+00,6.388328671455383301e-01
1.535725407302379608e-02,2.017380744218826294e-01,7.129091024398803711e-01
1.174080520868301392e-01,2.925645828247070312e+00,4.013169109821319580e-01
3.294859826564788818e-01,2.704246759414672852e+00,2.637977600097656250e-01
6.849457621574401855e-01,4.166888296604156494e-01,8.986530900001525879e-01
1.693281531333923340e-01,4.759578704833984375e+00,1.059858918190002441e+00
2.793798148632049561e-01,3.447015047073364258e+00,4.160982370376586914e-01
7.480459213256835938e-01,3.934640407562255859e+00,1.405095934867858887e+00
7.646628022193908691e-01,2.852105855941772461e+00,1.173951148986816406e+00
1.962949633598327637e-01,3.509576320648193359e+00,1.097750067710876465e+00
1.745771733112633228e-03,1.017344355583190918e+00,9.409546852111816406e-01
1.778349578380584717e-01,1.773721694946289062e+00,8.461102247238159180e-01
9.033100008964538574e-01,2.706396818161010742e+00,1.017993807792663574e+00
2.346560657024383545e-01,6.840448975563049316e-01,1.028901413083076477e-01
7.950889468193054199e-01,2.560485124588012695e+00,1.082865834236145020e+00
1.440521627664566040e-01,1.765547037124633789e+00,1.150488972663879395e+00
9.934099763631820679e-02,3.317076921463012695e+00,8.857032060623168945e-01
7.498932480812072754e-01,3.844443082809448242e+00,1.174003839492797852e+00
8.550193309783935547e-01,1.617291927337646484e+00,1.147400736808776855e+00
1.840779790654778481e-03,1.678194165229797363e+00,1.986377537250518799e-01
6.958307623863220215e-01,4.879941940307617188e+00,6.591026782989501953e-01
1.879702210426330566e-01,3.773067474365234375e+00,1.242452502250671387e+00
7.255331873893737793e-01,3.983831882476806641e+00,4.138795733451843262e-01
3.854813277721405029e-01,3.871184349060058594e+00,1.357995986938476562e+00
2.027600258588790894e-01,3.032124757766723633e+00,1.278942584991455078e+00
8.676032423973083496e-01,4.077556610107421875e+00,7.869219183921813965e-01
4.660240113735198975e-01,4.064034461975097656e+00,1.356067657470703125e+00
4.908522367477416992e-01,3.454640388488769531e+00,3.364500701427459717e-01
4.253239333629608154e-01,3.038700819015502930e+00,2.309496998786926270e-01
6.466826200485229492e-01,1.823540091514587402e+00,1.325057625770568848e+00
2.681308388710021973e-01,2.810285806655883789e+00,1.315271973609924316e+00
8.000195622444152832e-01,3.770153999328613281e+00,8.308644890785217285e-01
8.669713735580444336e-01,3.511561155319213867e+00,9.856928586959838867e-01
1.933197379112243652e-01,1.561236619949340820e+00,1.280447721481323242e+00
6.491763591766357422e-01,1.569100737571716309e+00,3.105207681655883789e-01
5.028179287910461426e-01,4.483261585235595703e+00,3.648485839366912842e-01
1.018878519535064697e-01,1.610113143920898438e+00,1.139193058013916016e+00
9.749388098716735840e-01,2.725262165069580078e+00,8.566861152648925781e-01
2.592130899429321289e-01,4.069376468658447266e+00,8.705260157585144043e-01
2.029134780168533325e-01,1.569588184356689453e+00,1.097947716712951660e+00
2.815098464488983154e-01,2.431622028350830078e+00,2.274469584226608276e-01
7.146195769309997559e-01,2.717387378215789795e-01,5.276423692703247070e-01
2.394839078187942505e-01,4.096248626708984375e+00,9.889720678329467773e-01
8.214793801307678223e-01,3.931643247604370117e+00,4.343150258064270020e-01
8.138794302940368652e-01,3.348229408264160156e+00,5.070083141326904297e-01
1.463395729660987854e-02,4.451826095581054688e+00,2.037292420864105225e-01
2.756413519382476807e-01,4.542232990264892578e+00,7.735877484083175659e-02
1.572982221841812134e-01,1.797263026237487793e+00,1.498812198638916016e+00
8.644149899482727051e-01,1.714296340942382812e+00,9.825891256332397461e-01
9.172888994216918945e-01,2.886817693710327148e+00,9.187344908714294434e-01
3.406475484371185303e-01,2.996976852416992188e+00,4.347067773342132568e-01
6.810750961303710938e-01,1.196810454130172729e-01,2.297224551439285278e-01
2.643795013427734375e-01,3.552156448364257812e+00,5.631284713745117188e-01
3.759635984897613525e-01,9.422689676284790039e-01,5.672473311424255371e-01
3.925569951534271240e-01,3.946637868881225586e+00,7.275268435478210449e-01
4.855866730213165283e-01,3.853098154067993164e+00,1.276655673980712891e+00
8.511695265769958496e-01,1.496987938880920410e+00,1.237930655479431152e+00
5.154486298561096191e-01,3.557404994964599609e+00,8.374505639076232910e-01
1.595773696899414062e-01,2.356446504592895508e+00,1.071786880493164062e+00
4.370540082454681396e-01,2.687839746475219727e+00,5.774014592170715332e-01
1.926146745681762695e-01,3.160060405731201172e+00,5.448027253150939941e-01
1.889858394861221313e-01,2.768773794174194336e+00,3.882970213890075684e-01
8.419893383979797363e-01,2.979549407958984375e+00,9.305325150489807129e-01
7.554531693458557129e-01,2.174791336059570312e+00,6.413597464561462402e-01
6.206459403038024902e-01,3.423549830913543701e-01,7.002817392349243164e-01
8.820028305053710938e-01,1.740079879760742188e+00,1.144553661346435547e+00
3.690780699253082275e-01,1.696213483810424805e+00,8.141316175460815430e-01
3.857848346233367920e-01,3.488110065460205078e+00,2.244845926761627197e-01
6.020115017890930176e-01,4.467278957366943359e+00,4.929729998111724854e-01
1.268509626388549805e-01,2.827577590942382812e+00,1.128218531608581543e+00
2.738417088985443115e-01,4.099931716918945312e+00,1.440282940864562988e+00
3.609425425529479980e-01,6.596328616142272949e-01,4.404533803462982178e-01
3.239496052265167236e-01,1.077684760093688965e+00,1.126309514045715332e+00
2.666254341602325439e-01,1.294442653656005859e+00,5.835371017456054688e-01
7.017911076545715332e-01,3.402079105377197266e+00,7.133604884147644043e-01
2.607233226299285889e-01,3.516314983367919922e+00,1.592563390731811523e-01
6.381160020828247070e-02,3.069744348526000977e+00,1.258765578269958496e+00
4.886729121208190918e-01,3.424463033676147461e+00,5.092488527297973633e-01
1.447000354528427124e-01,4.192774772644042969e+00,8.465581536293029785e-01
3.073143064975738525e-01,2.810502767562866211e+00,1.296987056732177734e+00
3.429751098155975342e-01,1.788919210433959961e+00,1.279152512550354004e+00
1.782404780387878418e-01,1.235604405403137207e+00,1.019738554954528809e+00
6.159052848815917969e-01,5.725210532546043396e-02,5.077974796295166016e-01
2.337362244725227356e-02,1.800715684890747070e+00,2.719759941101074219e-01
5.390560030937194824e-01,3.026465654373168945e+00,1.511943936347961426e-01
4.997024834156036377e-01,2.095983743667602539e+00,1.044762253761291504e+00
8.385506272315979004e-01,7.177799940109252930e-01,1.199793100357055664e+00
3.123296797275543213e-01,3.400926351547241211e+00,5.565173029899597168e-01
2.942704558372497559e-01,7.146527171134948730e-01,1.936453729867935181e-01
2.585913836956024170e-01,2.589372396469116211e+00,1.111770749092102051e+00
6.014125943183898926e-01,2.663519144058227539e+00,6.393666863441467285e-01
5.889273881912231445e-01,1.615471720695495605e+00,8.588587641716003418e-01
5.254718288779258728e-02,2.506051063537597656e+00,1.553762406110763550e-01
5.070703029632568359e-01,1.063011407852172852e+00,1.001332283020019531e+00
7.023906707763671875e-01,6.913170218467712402e-01,1.129864335060119629e+00
2.526645362377166748e-01,5.860999226570129395e-01,3.649565875530242920e-01
9.075790047645568848e-01,4.271975994110107422e+00,6.384557485580444336e-01
5.901920199394226074e-01,3.487188816070556641e+00,1.199420928955078125e+00
3.591453433036804199e-01,3.957773447036743164e+00,9.662024378776550293e-01
6.577542424201965332e-01,1.423190712928771973e+00,1.027284383773803711e+00
2.324964404106140137e-01,6.492899656295776367e-01,7.025692462921142578e-01
2.215041816234588623e-01,1.255295038223266602e+00,6.955704689025878906e-01
3.604974746704101562e-01,2.292689830064773560e-01,5.080404877662658691e-01
7.908465266227722168e-01,6.694003343582153320e-01,5.830014944076538086e-01
2.032121121883392334e-01,6.176530718803405762e-01,1.232562065124511719e+00
5.823950171470642090e-01,3.976076602935791016e+00,1.119058132171630859e+00
9.477999210357666016e-01,3.514265298843383789e+00,5.027872920036315918e-01
1.974453777074813843e-01,4.032664299011230469e+00,1.463195681571960449e+00
1.677001714706420898e-01,3.834095954895019531e+00,7.942858338356018066e-01
5.233458876609802246e-01,1.146104335784912109e+00,9.513407945632934570e-01
1.201892793178558350e-01,2.595403671264648438e+00,1.828257441520690918e-01
3.040773868560791016e-01,3.443209171295166016e+00,2.412479370832443237e-01
3.576920330524444580e-01,2.245188713073730469e+00,4.617061018943786621e-01
8.695194721221923828e-01,4.506617546081542969e+00,1.191613674163818359e+00
1.615075767040252686e-01,4.835462570190429688e+00,1.227307438850402832e+00
7.677961587905883789e-01,1.803089141845703125e+00,7.351536750793457031e-01
8.066352009773254395e-01,4.182101249694824219e+00,9.192625284194946289e-01
3.015602566301822662e-02,4.596747875213623047e+00,1.184862107038497925e-01
9.574627280235290527e-01,7.654599547386169434e-01,3.404324948787689209e-01
4.561686813831329346e-01,3.284468650817871094e+00,7.303424477577209473e-01
7.530142664909362793e-01,4.310759544372558594e+00,2.666520774364471436e-01
6.472148895263671875e-01,1.838698983192443848e+00,3.134534358978271484e-01
3.736931681632995605e-01,3.797263383865356445e+00,4.885241985321044922e-01
4.797851145267486572e-01,2.061255931854248047e+00,1.141756057739257812e+00
4.836781322956085205e-01,4.704127311706542969e+00,1.320573210716247559e+00
2.086814790964126587e-01,4.981952667236328125e+00,5.288184881210327148e-01
3.012234866619110107e-01,4.184298038482666016e+00,1.053972959518432617e+00
5.639120936393737793e-01,3.790985584259033203e+00,8.553832769393920898e-01
9.368294477462768555e-01,2.606942415237426758e+00,1.329077243804931641e+00
6.937214732170104980e-01,6.027584075927734375e-01,1.397217512130737305e+00
6.324633359909057617e-01,7.990226149559020996e-01,2.016018778085708618e-01
7.806057333946228027e-01,2.847648143768310547e+00,1.302487850189208984e+00
3.217546343803405762e-01,4.122186183929443359e+00,9.550012350082397461e-01
8.246599435806274414e-01,2.515822410583496094e+00,6.539643406867980957e-01
7.613008469343185425e-02,3.659367561340332031e+00,1.361802458763122559e+00
5.665548518300056458e-02,2.346084564924240112e-01,5.938401222229003906e-01
6.551276892423629761e-02,1.518878698348999023e+00,5.340549945831298828e-01
2.965902090072631836e-01,1.320088624954223633e+00,4.512583315372467041e-01
7.284835577011108398e-01,2.842547655105590820e+00,1.024722218513488770e+00
2.641626000404357910e-01,4.266198158264160156e+00,1.037251710891723633e+00
9.415760636329650879e-02,3.970798969268798828e+00,4.015575647354125977e-01
4.077496826648712158e-01,4.805950641632080078e+00,1.081172823905944824e+00
5.728487968444824219e-01,3.889274835586547852e+00,5.123876333236694336e-01
4.609150886535644531e-01,2.455613851547241211e+00,1.316816568374633789e+00
3.970511257648468018e-01,2.331853151321411133e+00,9.832088947296142578e-01
1.599424630403518677e-01,7.616042494773864746e-01,2.662942707538604736e-01
1.723015457391738892e-01,2.041207075119018555e+00,5.644974112510681152e-01
6.143019795417785645e-01,3.459268569946289062e+00,1.058930873870849609e+00
3.224815428256988525e-01,2.452802658081054688e+00,1.196262478828430176e+00
2.548587918281555176e-01,2.503907680511474609e+00,5.275433659553527832e-01
9.032495021820068359e-01,2.865726232528686523e+00,1.240826129913330078e+00
2.187605798244476318e-01,2.183156251907348633e+00,3.262937366962432861e-01
5.325363278388977051e-01,4.418120861053466797e+00,6.640461683273315430e-01
1.656156331300735474e-01,4.662206172943115234e-01,5.248184204101562500e-01
6.359986662864685059e-01,1.715244412422180176e+00,9.282441735267639160e-01
4.395750463008880615e-01,3.011956930160522461e+00,7.152245640754699707e-01
8.207782357931137085e-02,1.321194887161254883e+00,8.907883763313293457e-01
3.693922460079193115e-01,4.339474201202392578e+00,5.621163249015808105e-01
2.407299727201461792e-01,4.672566890716552734e+00,7.787520289421081543e-01
2.102237194776535034e-01,1.063665226101875305e-01,7.169535756111145020e-01
2.624859511852264404e-01,1.611455678939819336e+00,9.327435493469238281e-01
1.259899139404296875e-01,3.625303506851196289e+00,3.166926503181457520e-01
7.040081024169921875e-01,2.745140552520751953e+00,3.571691513061523438e-01
7.293728590011596680e-01,4.598063945770263672e+00,8.354036808013916016e-01
7.133290767669677734e-01,6.977877616882324219e-01,1.197552204132080078e+00
7.303382158279418945e-01,4.119375228881835938e+00,3.500849008560180664e-01
7.426785826683044434e-01,3.988706827163696289e+00,1.062171578407287598e+00
5.736182332038879395e-01,4.564333915710449219e+00,8.960627913475036621e-01
2.925809919834136963e-01,3.408296585083007812e+00,5.863181352615356445e-01
8.191480040550231934e-01,3.496421098709106445e+00,1.241362571716308594e+00
2.394519001245498657e-01,4.573421001434326172e+00,1.189066052436828613e+00
8.026165366172790527e-01,3.153326272964477539e+00,1.394585728645324707e+00
3.732664287090301514e-01,4.358940124511718750e+00,1.212109565734863281e+00
3.415437638759613037e-01,1.327478647232055664e+00,9.042946100234985352e-01
9.265101701021194458e-02,4.853595733642578125e+00,1.313970565795898438e+00
7.865147590637207031e-01,1.936460971832275391e+00,8.383595943450927734e-01
1.807395741343498230e-02,3.179054737091064453e+00,1.932684630155563354e-01
4.961698949337005615e-01,1.532447934150695801e+00,2.625288665294647217e-01
1.305107623338699341e-01,2.184159755706787109e+00,2.890886664390563965e-01
8.524798750877380371e-01,2.880822658538818359e+00,8.277174234390258789e-01
4.170581232756376266e-03,2.005959272384643555e+00,4.115681052207946777e-01
3.847266435623168945e-01,5.594134926795959473e-01,7.644004225730895996e-01
8.135920763015747070e-01,9.454955458641052246e-01,7.745205163955688477e-01
8.628126978874206543e-01,2.561617612838745117e+00,8.154343366622924805e-01
2.155528664588928223e-01,4.247282981872558594e+00,3.633144497871398926e-01
4.057001769542694092e-01,4.736258506774902344e+00,9.052686095237731934e-01
4.952107071876525879e-01,2.389699459075927734e+00,9.904797673225402832e-01
1.562364846467971802e-01,1.536246180534362793e+00,2.730624973773956299e-01
1.116565465927124023e-01,3.441846132278442383e+00,1.104291439056396484e+00
6.569364070892333984e-01,1.864044308662414551e+00,9.151647686958312988e-01
5.057411193847656250e-01,2.066808938980102539e+00,3.788638114929199219e-01
7.023669034242630005e-02,3.020589113235473633e+00,2.951542735099792480e-01
6.486094594001770020e-01,3.030671596527099609e+00,9.943069815635681152e-01
3.533675372600555420e-01,7.996959686279296875e-01,1.080405831336975098e+00
4.950270056724548340e-01,2.661586284637451172e+00,7.603338956832885742e-01
5.264968425035476685e-02,3.631702899932861328e+00,1.203898787498474121e+00
5.279489755630493164e-01,3.288506984710693359e+00,1.053076386451721191e+00
1.423379182815551758e-01,4.151977062225341797e+00,1.148512482643127441e+00
5.347257852554321289e-01,2.227659702301025391e+00,9.407022595405578613e-01
8.903127908706665039e-01,2.246720552444458008e+00,7.380894422531127930e-01
3.478048443794250488e-01,6.962255835533142090e-01,5.810471773147583008e-01
7.152458280324935913e-02,4.657814025878906250e+00,7.593525648117065430e-01
6.932407021522521973e-01,3.863171577453613281e+00,3.548375070095062256e-01
6.687318086624145508e-01,4.248460292816162109e+00,4.956875443458557129e-01
1.775884330272674561e-01,4.026229858398437500e+00,1.241753458976745605e+00
6.563168168067932129e-01,4.651976108551025391e+00,6.209704279899597168e-01
9.048449993133544922e-01,4.043676853179931641e+00,1.061635375022888184e+00
8.998674899339675903e-02,5.301466584205627441e-01,6.672575473785400391e-01
4.157179594039916992e-01,4.329291820526123047e+00,3.488987684249877930e-01
8.868370056152343750e-01,2.961344718933105469e+00,1.180583715438842773e+00
2.151810228824615479e-01,2.533424854278564453e+00,2.486307770013809204e-01
8.038956522941589355e-01,1.520456790924072266e+00,2.627315521240234375e-01
8.080750703811645508e-01,1.158355712890625000e+00,8.280313611030578613e-01
5.848681330680847168e-01,3.288323640823364258e+00,4.632055461406707764e-01
6.652085185050964355e-01,7.697312831878662109e-01,8.867103457450866699e-01
7.200983166694641113e-01,9.311303496360778809e-01,6.380954384803771973e-01
9.707016944885253906e-01,2.141949415206909180e+00,7.393832802772521973e-01
2.868361771106719971e-01,2.475733757019042969e+00,3.234704434871673584e-01
4.836645424365997314e-01,4.501616477966308594e+00,1.067365765571594238e+00
5.377196669578552246e-01,4.323363780975341797e+00,8.109423518180847168e-01
2.225412428379058838e-01,2.520659923553466797e+00,9.561195373535156250e-01
9.589944481849670410e-01,2.895989179611206055e+00,3.872374296188354492e-01
6.612164974212646484e-01,4.030016422271728516e+00,7.593795061111450195e-01
4.282329678535461426e-01,2.862585783004760742e+00,3.689386248588562012e-01
2.217716425657272339e-01,2.688795328140258789e+00,1.452936410903930664e+00
5.600175261497497559e-01,2.116508007049560547e+00,9.492295980453491211e-01
5.050805211067199707e-01,4.307428836822509766e+00,7.164031863212585449e-01
9.157661199569702148e-01,1.716860532760620117e+00,9.403562545776367188e-01
9.556905627250671387e-01,3.991627693176269531e+00,7.178993821144104004e-01
4.526140391826629639e-01,1.100809872150421143e-01,1.119163036346435547e+00
5.809028744697570801e-01,9.403715729713439941e-01,1.057545065879821777e+00
6.067285314202308655e-02,4.560111522674560547e+00,9.634450823068618774e-02
8.522855639457702637e-01,1.389222621917724609e+00,4.682362377643585205e-01
7.792016267776489258e-01,3.315933465957641602e+00,6.419703364372253418e-01
7.800049781799316406e-01,2.463307619094848633e+00,8.326073884963989258e-01
4.654656946659088135e-01,4.907699584960937500e+00,1.302679181098937988e+00
6.180518269538879395e-01,4.068010807037353516e+00,9.536645412445068359e-01
2.708205282688140869e-01,4.577258586883544922e+00,4.102590382099151611e-01
4.707150757312774658e-01,3.678821802139282227e+00,2.867698073387145996e-01
4.842719435691833496e-01,5.154406428337097168e-01,5.827603340148925781e-01
9.679811596870422363e-01,2.867537438869476318e-01,3.340643048286437988e-01
1.517570614814758301e-01,2.788611888885498047e+00,1.447373509407043457e+00
2.793845236301422119e-01,3.509434223175048828e+00,1.286956310272216797e+00
2.938792109489440918e-01,2.060498952865600586e+00,4.998899996280670166e-01
6.997489929199218750e-01,9.647769331932067871e-01,6.003022193908691406e-01
9.687968492507934570e-01,1.433030486106872559e+00,6.405187249183654785e-01
1.770598739385604858e-01,3.149724483489990234e+00,3.892950117588043213e-01
7.493783831596374512e-01,6.349540948867797852e-01,3.965760171413421631e-01
2.506305277347564697e-01,2.032538414001464844e+00,1.363855481147766113e+00
8.674260377883911133e-01,1.795657038688659668e+00,5.244314074516296387e-01
2.767159938812255859e-01,3.633394002914428711e+00,6.304284334182739258e-01
2.324089258909225464e-01,3.987711906433105469e+00,3.597838878631591797e-01
6.181766986846923828e-01,3.760762214660644531e-01,1.064203143119812012e+00
5.358333587646484375e-01,6.850474476814270020e-01,1.110793948173522949e+00
1.622176468372344971e-01,1.969272643327713013e-01,1.357291102409362793e+00
3.128271102905273438e-01,2.088904857635498047e+00,3.936200737953186035e-01
2.147296071052551270e-01,2.356011629104614258e+00,1.237627863883972168e+00
3.287198245525360107e-01,3.451357126235961914e+00,6.903316378593444824e-01
6.228611469268798828e-01,4.531972885131835938e+00,9.738207459449768066e-01
5.608233157545328140e-03,1.550152540206909180e+00,1.802176088094711304e-01
5.265986919403076172e-02,1.696097254753112793e+00,6.366993486881256104e-02
5.784646868705749512e-01,8.937359452247619629e-01,4.078927338123321533e-01
1.575364917516708374e-01,6.730341911315917969e-01,9.825036525726318359e-01
8.010755777359008789e-01,4.435039043426513672e+00,4.934640824794769287e-01
8.841755986213684082e-01,1.377049446105957031e+00,9.344074130058288574e-01
7.568588256835937500e-01,2.367299556732177734e+00,1.461793899536132812e+00
2.402202934026718140e-01,9.607524275779724121e-01,4.878332912921905518e-01
4.833961129188537598e-01,3.336307287216186523e+00,1.370907902717590332e+00
6.197151541709899902e-01,4.421071052551269531e+00,1.191313862800598145e+00
1.659833639860153198e-01,1.846990585327148438e+00,5.003796815872192383e-01
3.322491645812988281e-01,4.166307926177978516e+00,4.726025760173797607e-01
1.847696155309677124e-01,3.989693641662597656e+00,7.012445330619812012e-01
7.762675881385803223e-01,4.805146694183349609e+00,7.853496670722961426e-01
3.860838711261749268e-01,3.233342409133911133e+00,3.716962039470672607e-01
7.414509057998657227e-01,3.871882915496826172e+00,1.039457201957702637e+00
7.622591257095336914e-01,3.941747188568115234e+00,1.338184952735900879e+00
7.509411126375198364e-02,1.993108749389648438e+00,8.356509804725646973e-01
5.515182614326477051e-01,8.496781587600708008e-01,4.076599180698394775e-01
5.788832306861877441e-01,2.752912342548370361e-01,1.003582835197448730e+00
8.528851866722106934e-01,1.604127168655395508e+00,7.079234123229980469e-01
5.380055308341979980e-01,2.659751415252685547e+00,7.026523351669311523e-01
7.521089315414428711e-01,2.041276544332504272e-01,6.796958446502685547e-01
7.647849917411804199e-01,9.628794193267822266e-01,1.247404456138610840e+00
6.160968542098999023e-01,1.352181315422058105e+00,1.293715000152587891e+00
7.129619121551513672e-01,2.830102443695068359e+00,5.987927317619323730e-01
2.668766677379608154e-01,1.186347842216491699e+00,1.144771575927734375e+00
8.479142189025878906e-01,3.132509946823120117e+00,8.553562164306640625e-01
2.025565505027770996e-01,1.000425696372985840e+00,5.193499326705932617e-01
6.955347061157226562e-01,3.130902528762817383e+00,3.899500072002410889e-01
6.089603304862976074e-01,3.474823236465454102e+00,4.142646789550781250e-01
6.066884398460388184e-01,2.031401395797729492e+00,1.454679131507873535e+00
5.760077238082885742e-01,2.943847894668579102e+00,4.549839198589324951e-01
5.630166530609130859e-01,4.991020679473876953e+00,5.238704085350036621e-01
6.105978786945343018e-02,3.327056407928466797e+00,8.102433085441589355e-01
1.741217374801635742e-01,4.009321212768554688e+00,1.281216591596603394e-01
5.145496129989624023e-01,1.631478548049926758e+00,7.275644540786743164e-01
6.010729670524597168e-01,6.878324747085571289e-01,6.432391405105590820e-01
8.234627842903137207e-01,5.703896656632423401e-02,7.455196380615234375e-01
6.046446561813354492e-01,3.684040307998657227e-01,6.297171115875244141e-01
1.967529058456420898e-01,1.632995843887329102e+00,2.037376910448074341e-01
7.390640377998352051e-01,1.682243824005126953e+00,6.256765723228454590e-01
9.515477716922760010e-02,3.722365856170654297e+00,1.043796062469482422e+00
9.667081832885742188e-01,1.081923484802246094e+00,9.013299345970153809e-01
7.708177566528320312e-01,1.302196025848388672e+00,9.249323010444641113e-01
3.066170811653137207e-01,3.127907514572143555e+00,1.240506768226623535e+00
8.446726202964782715e-01,3.648432493209838867e+00,9.906997680664062500e-01
9.701209515333175659e-02,5.766094326972961426e-01,1.062168002128601074e+00
5.598864555358886719e-01,2.097419261932373047e+00,1.864185780286788940e-01
2.575054466724395752e-01,1.242210149765014648e+00,6.479757428169250488e-01
5.265901088714599609e-01,3.908007144927978516e+00,9.004910588264465332e-01
2.191242575645446777e-02,2.254820585250854492e+00,4.278874695301055908e-01
6.461221575736999512e-01,2.873432397842407227e+00,1.278167128562927246e+00
1.076201573014259338e-01,2.650701761245727539e+00,1.281825423240661621e+00
3.101864755153656006e-01,2.727135658264160156e+00,1.054108738899230957e+00
3.939917385578155518e-01,4.963893413543701172e+00,7.829723358154296875e-01
1.224985066801309586e-02,2.142110347747802734e+00,3.207484781742095947e-01
8.711342811584472656e-01,2.666896343231201172e+00,8.512117862701416016e-01
6.973100900650024414e-01,3.099299669265747070e+00,1.149032354354858398e+00
2.010298967361450195e-01,2.870860397815704346e-01,3.948893249034881592e-01
5.167163908481597900e-02,4.108634471893310547e+00,6.135826706886291504e-01
4.042844474315643311e-01,4.593779563903808594e+00,1.303376555442810059e+00
4.046405553817749023e-01,4.223234176635742188e+00,4.914364218711853027e-01
8.247680664062500000e-01,2.697588443756103516e+00,1.088484287261962891e+00
4.719228148460388184e-01,4.020504951477050781e+00,8.860642910003662109e-01
1.433983296155929565e-01,4.674826622009277344e+00,4.897716343402862549e-01
3.498091995716094971e-01,1.736750602722167969e+00,1.187337994575500488e+00
6.000784635543823242e-01,2.815817594528198242e+00,1.244810819625854492e+00
4.718386232852935791e-01,3.360337018966674805e+00,4.593124389648437500e-01
5.514813121408224106e-03,1.058830976486206055e+00,1.051272153854370117e+00
1.133132874965667725e-01,1.238192439079284668e+00,4.570510685443878174e-01
3.518869280815124512e-01,1.578624010086059570e+00,5.093095302581787109e-01
5.738988518714904785e-01,3.835450172424316406e+00,7.504689693450927734e-01
1.771747767925262451e-01,9.970067143440246582e-01,6.535432338714599609e-01
5.412567257881164551e-01,4.684654712677001953e+00,6.916961669921875000e-01
3.192427754402160645e-01,4.198326587677001953e+00,1.088162422180175781e+00
4.797643423080444336e-01,3.453878641128540039e+00,3.803505003452301025e-01
3.879463374614715576e-01,4.437690734863281250e+00,4.664719104766845703e-01
3.526956140995025635e-01,2.255199432373046875e+00,2.688885927200317383e-01
2.148638814687728882e-01,1.325654149055480957e+00,5.694515109062194824e-01
8.601661920547485352e-01,3.672682285308837891e+00,6.836891770362854004e-01
8.981842398643493652e-01,4.247471809387207031e+00,9.556049704551696777e-01
2.809932529926300049e-01,4.366671085357666016e+00,5.899279713630676270e-01
2.443542033433914185e-01,1.937939167022705078e+00,9.570919275283813477e-01
8.957097530364990234e-01,3.101588726043701172e+00,9.510720968246459961e-01
1.971429586410522461e-01,1.562775969505310059e+00,2.573816478252410889e-01
1.899092644453048706e-01,5.831251740455627441e-01,6.398101449012756348e-01
4.433394372463226318e-01,1.494612693786621094e+00,2.656613588333129883e-01
5.882676243782043457e-01,2.343954890966415405e-01,5.247724056243896484e-01
4.109977185726165771e-01,1.878876090049743652e+00,1.250243663787841797e+00
7.465190291404724121e-01,4.934371948242187500e+00,1.497974157333374023e+00
3.144042938947677612e-02,2.569550514221191406e+00,2.996120750904083252e-01
3.180063664913177490e-01,4.333499431610107422e+00,1.222038865089416504e+00
2.484322637319564819e-01,7.102423161268234253e-02,6.937956213951110840e-01
3.929253518581390381e-01,2.845564365386962891e+00,2.429212182760238647e-01
1.403531432151794434e-01,1.624544501304626465e+00,4.552958011627197266e-01
8.129911124706268311e-02,3.711075544357299805e+00,1.732487678527832031e-01
7.589555978775024414e-01,1.307313919067382812e+00,4.572646617889404297e-01
2.353038191795349121e-01,2.164622396230697632e-01,2.738356292247772217e-01
1.564210504293441772e-01,2.973450899124145508e+00,2.443739324808120728e-01
9.534479975700378418e-01,2.871677637100219727e+00,5.057218074798583984e-01
8.853601664304733276e-02,2.853452682495117188e+00,9.722924232482910156e-01
8.558731079101562500e-01,4.013217926025390625e+00,1.042428851127624512e+00
1.381873190402984619e-01,3.500302731990814209e-01,3.647581338882446289e-01
6.091696023941040039e-01,3.729845583438873291e-01,1.237194418907165527e+00
3.732334673404693604e-01,4.323263168334960938e+00,5.979544520378112793e-01
7.176219820976257324e-01,6.589963436126708984e-01,6.761045455932617188e-01
3.388212919235229492e-01,1.907004833221435547e+00,1.172289252281188965e+00
2.743679583072662354e-01,1.933323144912719727e+00,7.989367246627807617e-01
5.479006767272949219e-01,1.965822935104370117e+00,7.304339408874511719e-01
6.288611888885498047e-01,2.763931035995483398e+00,7.731077671051025391e-01
4.088054299354553223e-01,3.988096714019775391e-01,9.518245458602905273e-01
8.167707920074462891e-01,2.526837825775146484e+00,6.543976664543151855e-01
7.763838768005371094e-01,4.134827613830566406e+00,8.611344695091247559e-01
4.106028378009796143e-01,5.239868164062500000e-01,8.437236547470092773e-01
6.701611876487731934e-01,4.558966159820556641e+00,8.561494350433349609e-01
2.241236567497253418e-01,4.477352619171142578e+00,1.246546387672424316e+00
1.076126322150230408e-01,3.137806892395019531e+00,3.694508373737335205e-01
2.382261902093887329e-01,4.843416213989257812e+00,1.169806003570556641e+00
7.376165986061096191e-01,2.219690084457397461e+00,7.303037643432617188e-01
3.521967828273773193e-01,1.808690905570983887e+00,7.170214653015136719e-01
3.443096950650215149e-02,8.993873000144958496e-01,1.800559461116790771e-02
2.235858440399169922e-01,3.205458164215087891e+00,1.358939647674560547e+00
2.011116445064544678e-01,3.926965475082397461e+00,1.251753926277160645e+00
7.986618280410766602e-01,2.085793972015380859e+00,7.128399610519409180e-01
2.780213356018066406e-01,1.448734641075134277e+00,3.411439061164855957e-01
6.954229474067687988e-01,3.532018899917602539e+00,1.100806355476379395e+00
1.682643890380859375e-01,3.164041042327880859e+00,3.028341829776763916e-01
5.929270982742309570e-01,4.804316043853759766e+00,5.060422420501708984e-01
1.864600740373134613e-02,3.211069583892822266e+00,2.169977501034736633e-02
7.743114829063415527e-01,1.766856193542480469e+00,3.415733873844146729e-01
4.965709745883941650e-01,2.029265880584716797e+00,5.375042557716369629e-01
2.709279060363769531e-01,9.104483723640441895e-01,1.895474195480346680e-01
2.535611391067504883e-01,4.245803356170654297e+00,7.200456857681274414e-01
3.790499269962310791e-01,2.268374443054199219e+00,1.318528413772583008e+00
1.258576195687055588e-02,1.464680910110473633e+00,1.419730931520462036e-01
8.138359189033508301e-01,3.644634008407592773e+00,9.156434535980224609e-01
9.099847078323364258e-01,2.411530494689941406e+00,1.011555671691894531e+00
6.196066141128540039e-01,2.454487800598144531e+00,5.289029479026794434e-01
6.419146656990051270e-01,4.216639995574951172e+00,3.763010501861572266e-01
2.055714279413223267e-01,1.979548931121826172e+00,9.470589160919189453e-01
7.403956055641174316e-01,1.655279844999313354e-01,6.068904995918273926e-01
4.225517809391021729e-01,1.448315858840942383e+00,5.860738158226013184e-01
1.634746342897415161e-01,2.155608832836151123e-01,9.317250847816467285e-01
6.570420861244201660e-01,3.112066984176635742e+00,6.854154467582702637e-01
2.442843765020370483e-01,7.141389846801757812e-01,8.106681704521179199e-01
2.893943488597869873e-01,3.005849838256835938e+00,9.075014591217041016e-01
2.599227726459503174e-01,4.255573749542236328e+00,1.129064798355102539e+00
3.188088238239288330e-01,3.134607076644897461e+00,1.132487654685974121e+00
4.524148702621459961e-01,3.738367795944213867e+00,2.135052382946014404e-01
7.467180490493774414e-01,1.881961107254028320e+00,1.127508878707885742e+00
5.134263262152671814e-02,2.217140913009643555e+00,9.004260897636413574e-01
7.163578867912292480e-01,1.746520876884460449e+00,1.880030333995819092e-01
9.423854351043701172e-01,2.308654308319091797e+00,7.234008908271789551e-01
9.685103297233581543e-01,4.344316005706787109e+00,7.673028111457824707e-01
7.329986989498138428e-02,1.003623962402343750e+00,1.060677528381347656e+00
2.121119350194931030e-01,5.309280157089233398e-01,8.626124262809753418e-01
7.433179616928100586e-01,4.264572143554687500e+00,5.443510413169860840e-01
7.762504816055297852e-01,4.099138736724853516e+00,1.183896541595458984e+00
1.854593157768249512e-01,9.412056803703308105e-01,5.376589894294738770e-01
8.881692886352539062e-01,1.864803671836853027e+00,1.000281214714050293e+00
6.696743965148925781e-01,5.728309229016304016e-02,6.718444228172302246e-01
2.886592643335461617e-03,3.235962390899658203e+00,4.846912026405334473e-01
4.684466123580932617e-01,5.997502803802490234e-01,6.723886728286743164e-01
6.077542901039123535e-01,4.780163764953613281e+00,5.409059524536132812e-01
1.229264885187149048e-01,3.636606931686401367e+00,1.660431027412414551e-01
9.315829724073410034e-02,4.910427093505859375e+00,8.045302033424377441e-01
6.175629422068595886e-02,2.400587320327758789e+00,4.733344316482543945e-01
9.425827860832214355e-01,2.201312065124511719e+00,7.881028652191162109e-01
5.574288964271545410e-01,1.783292293548583984e+00,1.164365291595458984e+00
9.538673162460327148e-01,2.969930887222290039e+00,1.069581389427185059e+00
1.426297426223754883e-01,2.140062332153320312e+00,8.081353306770324707e-01
3.536456823348999023e-01,4.626842021942138672e+00,9.440014362335205078e-01
2.270027101039886475e-01,4.456620216369628906e+00,3.130454719066619873e-01
8.245314955711364746e-01,1.144316911697387695e+00,4.886610805988311768e-01
1.890271902084350586e-01,1.976095914840698242e+00,1.004268407821655273e+00
3.000212013721466064e-01,4.231878757476806641e+00,1.236703872680664062e+00
6.019867062568664551e-01,2.964048147201538086e+00,7.286750078201293945e-01
1.748608499765396118e-01,4.489951610565185547e+00,1.263297319412231445e+00
1.947521418333053589e-01,3.480914354324340820e+00,1.235424876213073730e+00
1.332622617483139038e-01,3.181957483291625977e+00,8.576871752738952637e-01
3.737134933471679688e-01,3.068092823028564453e+00,6.085534691810607910e-01
6.564310193061828613e-01,4.208386421203613281e+00,1.239644408226013184e+00
3.589510917663574219e-01,1.043653845787048340e+00,7.237706780433654785e-01
6.151807904243469238e-01,1.397809267044067383e+00,1.276877760887145996e+00
1.343724280595779419e-01,1.357103943824768066e+00,8.054867386817932129e-01
4.229191318154335022e-02,1.279734730720520020e+00,2.043844163417816162e-01
2.703823149204254150e-01,1.117236137390136719e+00,7.291085720062255859e-01
7.329614758491516113e-01,2.668851613998413086e+00,1.358767390251159668e+00
7.640875577926635742e-01,1.586741089820861816e+00,8.685483336448669434e-01
4.154950678348541260e-01,1.057734936475753784e-01,8.194246888160705566e-01
8.663932681083679199e-01,1.236040353775024414e+00,6.918441057205200195e-01
6.718364953994750977e-01,4.522110462188720703e+00,5.571123361587524414e-01
9.210219383239746094e-01,2.901556968688964844e+00,6.127470135688781738e-01
5.931449532508850098e-01,2.103446483612060547e+00,5.904590487480163574e-01
5.843891501426696777e-01,4.612955570220947266e+00,4.789562523365020752e-01
3.935026526451110840e-01,1.936683416366577148e+00,4.666513204574584961e-01
9.161133766174316406e-01,1.026623487472534180e+00,4.441262781620025635e-01
5.840306878089904785e-01,1.584694623947143555e+00,1.172153234481811523e+00
6.670233011245727539e-01,2.313352346420288086e+00,6.458606719970703125e-01
5.067830085754394531e-01,1.123656511306762695e+00,4.115221798419952393e-01
6.757416129112243652e-01,4.223525524139404297e+00,5.011587142944335938e-01
1.545950472354888916e-01,4.549907743930816650e-01,2.539234757423400879e-01
8.151801824569702148e-01,3.183287143707275391e+00,4.189063608646392822e-01
7.831397652626037598e-01,3.439506292343139648e+00,1.087863802909851074e+00
7.902322411537170410e-01,1.896957755088806152e+00,1.314526200294494629e+00
7.612236142158508301e-01,1.779508948326110840e+00,9.671006202697753906e-01
3.800712227821350098e-01,2.470648050308227539e+00,1.300622105598449707e+00
4.599741101264953613e-01,2.417767286300659180e+00,2.694564163684844971e-01
5.155561566352844238e-01,4.438782691955566406e+00,9.566773772239685059e-01
6.715010404586791992e-01,1.334971785545349121e+00,1.186939120292663574e+00
5.479906499385833740e-02,2.852841615676879883e+00,9.296795725822448730e-01
5.695033073425292969e-01,4.250611305236816406e+00,3.736381232738494873e-01
7.215694785118103027e-01,3.089059829711914062e+00,4.196788668632507324e-01
3.761507272720336914e-01,3.918999671936035156e+00,9.887075424194335938e-01
2.429180741310119629e-01,1.892946481704711914e+00,9.894939064979553223e-01
9.610103368759155273e-01,2.133499145507812500e+00,5.060454607009887695e-01
5.453092455863952637e-01,4.388713836669921875e+00,1.097270250320434570e+00
4.595724940299987793e-01,4.500832080841064453e+00,1.304224252700805664e+00
4.371726512908935547e-01,6.608036756515502930e-01,6.887260079383850098e-01
6.082800626754760742e-01,3.523327112197875977e-01,2.784671485424041748e-01
3.083090186119079590e-01,1.214134454727172852e+00,3.051128089427947998e-01
3.864094316959381104e-01,1.262714982032775879e+00,1.096559047698974609e+00
1.158806756138801575e-01,2.960349321365356445e+00,5.597012042999267578e-01
2.540638148784637451e-01,1.579064965248107910e+00,9.831097126007080078e-01
8.867865800857543945e-01,1.556386202573776245e-01,2.517285346984863281e-01
5.417098477482795715e-02,7.660822272300720215e-01,8.584767580032348633e-01
5.045076012611389160e-01,4.308460235595703125e+00,8.912618756294250488e-01
4.254557192325592041e-01,4.213594913482666016e+00,1.114500284194946289e+00
1.899980157613754272e-01,4.299859523773193359e+00,5.750777721405029297e-01
1.461475938558578491e-01,4.150740623474121094e+00,9.350744485855102539e-01
1.561968922615051270e-01,4.797361373901367188e+00,3.164565861225128174e-01
4.955311417579650879e-01,2.291056632995605469e+00,1.420203566551208496e+00
1.614428758621215820e-01,4.907563686370849609e+00,3.443068563938140869e-01
3.150497376918792725e-01,3.117939472198486328e+00,9.355458617210388184e-01
5.572260618209838867e-01,3.635987520217895508e+00,1.284865021705627441e+00
2.691037654876708984e-01,1.273438811302185059e+00,1.673240214586257935e-01
8.891096115112304688e-01,1.099003076553344727e+00,1.377741217613220215e+00
8.459368944168090820e-01,1.369376659393310547e+00,1.387307047843933105e+00
7.883582711219787598e-01,1.376674771308898926e+00,8.385542631149291992e-01
1.506398618221282959e-01,2.441278696060180664e+00,1.263064622879028320e+00
7.955154180526733398e-01,1.534543156623840332e+00,2.742142379283905029e-01
2.201447933912277222e-01,3.319150209426879883e+00,1.660689860582351685e-01
5.780666470527648926e-01,3.671309947967529297e+00,3.992063105106353760e-01
4.116449952125549316e-01,5.458021163940429688e-01,6.452943086624145508e-01
5.865253210067749023e-01,4.463441848754882812e+00,4.080863595008850098e-01
8.974734544754028320e-01,3.942678689956665039e+00,5.560030341148376465e-01
5.714819952845573425e-02,3.054988861083984375e+00,2.997483313083648682e-01
5.350610613822937012e-01,2.439131975173950195e+00,1.348868489265441895e+00
6.315241456031799316e-01,4.568393528461456299e-01,1.163762450218200684e+00
1.788990050554275513e-01,4.767177402973175049e-01,8.464897274971008301e-01
7.723321318626403809e-01,4.334062576293945312e+00,1.087242484092712402e+00
4.188825488090515137e-01,1.993007659912109375e+00,5.825880169868469238e-01
5.137156844139099121e-01,2.222467899322509766e+00,9.539271593093872070e-01
2.191883623600006104e-01,3.245409011840820312e+00,5.105139017105102539e-01
6.079641580581665039e-01,3.352050542831420898e+00,9.513493776321411133e-01
2.177926898002624512e-02,3.816945075988769531e+00,1.146798878908157349e-01
8.601792454719543457e-01,2.856486082077026367e+00,7.536581754684448242e-01
8.042266368865966797e-01,2.539947986602783203e+00,5.922664403915405273e-01
2.079619169235229492e-01,2.552019596099853516e+00,4.996820986270904541e-01
3.434046506881713867e-01,1.712047815322875977e+00,3.478529453277587891e-01
3.333658874034881592e-01,2.286459952592849731e-01,9.823516011238098145e-02
1.044959053397178650e-01,3.642688512802124023e+00,9.491153955459594727e-01
2.026289701461791992e-01,4.657419681549072266e+00,2.979122102260589600e-01
1.208110749721527100e-01,3.513010025024414062e+00,8.260812759399414062e-01
4.926095306873321533e-01,1.126470327377319336e+00,1.273325920104980469e+00
3.558458387851715088e-01,5.059674382209777832e-01,1.234921693801879883e+00
3.579453229904174805e-01,1.240551352500915527e+00,5.276226997375488281e-01
1.141868233680725098e-01,2.665616512298583984e+00,7.421103715896606445e-01
7.502358406782150269e-02,4.045707702636718750e+00,1.747100800275802612e-01
6.765004992485046387e-01,3.294105768203735352e+00,9.936764836311340332e-01
6.241378188133239746e-01,4.466192722320556641e+00,4.589552879333496094e-01
4.343612194061279297e-01,3.934592723846435547e+00,8.128200173377990723e-01
4.462998211383819580e-01,2.954769849777221680e+00,2.472947090864181519e-01
6.576645374298095703e-01,1.273157358169555664e+00,2.629921734333038330e-01
1.980981081724166870e-01,7.947649359703063965e-01,3.760566413402557373e-01
6.353428959846496582e-01,3.226713657379150391e+00,6.827722787857055664e-01
4.374141097068786621e-01,3.261661052703857422e+00,4.933616518974304199e-01
4.753416180610656738e-01,2.282982349395751953e+00,1.310533761978149414e+00
1.414926499128341675e-01,2.123518228530883789e+00,1.454197883605957031e+00
7.425124049186706543e-01,2.948142528533935547e+00,1.259437084197998047e+00
5.230302810668945312e-01,4.782596588134765625e+00,5.991426706314086914e-01
6.058309078216552734e-01,1.251537322998046875e+00,5.496954321861267090e-01
5.102224349975585938e-01,5.080139636993408203e-01,8.653495460748672485e-02
4.170695319771766663e-02,3.656992673873901367e+00,6.000438332557678223e-01
3.531849980354309082e-01,4.724909305572509766e+00,9.237215518951416016e-01
8.992106914520263672e-01,2.003066778182983398e+00,8.662410378456115723e-01
2.454579174518585205e-01,2.730224370956420898e+00,1.299705028533935547e+00
5.519945621490478516e-01,1.968727707862854004e+00,2.449604421854019165e-01
1.866194009780883789e-01,4.048447608947753906e+00,8.987845778465270996e-01
1.357496678829193115e-01,2.195032119750976562e+00,6.893782615661621094e-01
7.397279143333435059e-01,3.504476547241210938e+00,1.232953906059265137e+00
1.323580294847488403e-01,1.357464432716369629e+00,1.010158181190490723e+00
7.336806654930114746e-01,2.614586830139160156e+00,7.200269103050231934e-01
3.844217061996459961e-01,4.835814476013183594e+00,8.618227839469909668e-01
3.771789073944091797e-01,1.928889274597167969e+00,8.014407157897949219e-01
8.958516120910644531e-01,2.956195354461669922e+00,9.991962313652038574e-01
4.023346900939941406e-01,2.906502008438110352e+00,1.199271559715270996e+00
6.869015097618103027e-01,2.701097726821899414e-01,1.991509050130844116e-01
6.979652643203735352e-01,1.290703058242797852e+00,5.733329057693481445e-01
2.963002324104309082e-01,2.442846298217773438e+00,3.675226569175720215e-01
8.489907979965209961e-01,2.215536832809448242e+00,7.575659751892089844e-01
4.938207268714904785e-01,3.712015867233276367e+00,9.996870756149291992e-01
2.206449955701828003e-02,1.141475558280944824e+00,6.078382134437561035e-01
2.103614509105682373e-01,2.814023017883300781e+00,7.698220014572143555e-01
5.563311278820037842e-02,2.361142396926879883e+00,1.330478191375732422e+00
1.198467705398797989e-02,2.165533304214477539e+00,6.820154786109924316e-01
4.203349649906158447e-01,4.448757648468017578e+00,5.397285223007202148e-01
2.140793763101100922e-02,4.526722431182861328e-01,1.314741969108581543e+00
4.276623725891113281e-01,2.232737779617309570e+00,8.631115555763244629e-01
4.915922880172729492e-01,1.968251466751098633e+00,4.283104240894317627e-01
5.212527699768543243e-03,3.882525444030761719e+00,1.407246589660644531e+00
2.025167346000671387e-01,4.108453273773193359e+00,4.128973782062530518e-01
6.904121041297912598e-01,2.547399044036865234e+00,3.778616487979888916e-01
9.398364424705505371e-01,2.064063549041748047e+00,8.191445469856262207e-01
6.585854887962341309e-01,3.076318502426147461e+00,7.037555575370788574e-01
8.574517965316772461e-01,3.521349668502807617e+00,5.998849868774414062e-01
5.718367695808410645e-01,1.259769797325134277e+00,8.290647864341735840e-01
4.401987791061401367e-01,4.752366542816162109e+00,3.817391395568847656e-01
6.376429796218872070e-01,8.852323889732360840e-01,6.667934060096740723e-01
8.194803595542907715e-01,1.318918228149414062e+00,1.054853320121765137e+00
2.685602903366088867e-01,3.021988391876220703e+00,1.010951519012451172e+00
6.615672707557678223e-01,3.919201374053955078e+00,1.142826437950134277e+00
8.347511887550354004e-01,1.277551889419555664e+00,1.049487352371215820e+00
6.552219986915588379e-01,1.857698559761047363e+00,5.740647315979003906e-01
2.560282647609710693e-01,4.718182563781738281e+00,1.690481901168823242e-01
3.662212491035461426e-01,1.795573592185974121e+00,7.622231245040893555e-01
3.821619153022766113e-01,2.398449897766113281e+00,7.143905758857727051e-01
2.668868303298950195e-01,2.002093553543090820e+00,1.572013050317764282e-01
6.482813358306884766e-01,2.442321538925170898e+00,9.505549669265747070e-01
5.546221137046813965e-01,3.583085298538208008e+00,4.356378018856048584e-01
6.468783020973205566e-01,3.284501552581787109e+00,1.302175402641296387e+00
2.147371023893356323e-01,4.704985618591308594e+00,5.346500873565673828e-01
2.207247912883758545e-01,4.720846652984619141e+00,1.004907369613647461e+00
2.556082010269165039e-01,3.080301761627197266e+00,7.953372597694396973e-01
4.157163202762603760e-01,3.997213602066040039e+00,1.045854210853576660e+00
3.611623048782348633e-01,4.892870426177978516e+00,7.512235641479492188e-01
6.516882777214050293e-01,1.312063574790954590e+00,4.905121028423309326e-01
2.371800392866134644e-01,3.061936378479003906e+00,1.145363330841064453e+00
4.183895289897918701e-01,4.899412631988525391e+00,1.355401158332824707e+00
3.695996403694152832e-01,2.401099681854248047e+00,3.424484431743621826e-01
3.796367645263671875e-01,7.307754158973693848e-01,3.669323623180389404e-01
6.798793077468872070e-01,4.960067272186279297e+00,1.406660437583923340e+00
8.689541816711425781e-01,3.273760080337524414e+00,6.264624595642089844e-01
4.159671068191528320e-01,4.794087886810302734e+00,1.277216553688049316e+00
3.096954524517059326e-01,4.569654464721679688e+00,1.003771305084228516e+00
7.728862166404724121e-01,2.167403221130371094e+00,1.035483121871948242e+00
8.375444412231445312e-01,3.188229084014892578e+00,8.879948258399963379e-01
6.964343786239624023e-01,2.225480556488037109e+00,1.065252304077148438e+00
8.887607455253601074e-01,2.394380569458007812e+00,8.039882183074951172e-01
5.688742995262145996e-01,2.235818386077880859e+00,1.011518716812133789e+00
6.707444787025451660e-01,2.638168096542358398e+00,6.158255934715270996e-01
8.397533297538757324e-01,2.305305242538452148e+00,3.418278992176055908e-01
4.266782104969024658e-01,1.490182161331176758e+00,1.346953272819519043e+00
6.498898267745971680e-01,1.779948472976684570e+00,5.740119814872741699e-01
1.252995133399963379e-01,3.787256717681884766e+00,6.225336790084838867e-01
5.310457348823547363e-01,3.039013624191284180e+00,1.178532123565673828e+00
2.065884470939636230e-01,2.817909717559814453e+00,3.151301741600036621e-01
8.255753517150878906e-01,1.742644071578979492e+00,1.254742980003356934e+00
4.800131320953369141e-01,4.570297300815582275e-01,8.470644950866699219e-01
4.488860368728637695e-01,1.419642686843872070e+00,3.012997210025787354e-01
4.131030440330505371e-01,1.680339455604553223e+00,1.208211064338684082e+00
4.380287826061248779e-01,4.475894451141357422e+00,4.277151525020599365e-01
4.960383474826812744e-01,3.328200101852416992e+00,9.801116585731506348e-01
7.752454280853271484e-01,4.419390201568603516e+00,3.611671328544616699e-01
5.334042906761169434e-01,3.890806913375854492e+00,7.262482047080993652e-01
3.120748698711395264e-01,4.253199100494384766e+00,4.992936849594116211e-01
5.080592036247253418e-01,2.647992372512817383e-01,8.253331780433654785e-01
4.868239462375640869e-01,3.710954189300537109e+00,2.500631213188171387e-01
8.405574560165405273e-01,6.208349466323852539e-01,8.218507170677185059e-01
8.377442359924316406e-01,1.577839851379394531e+00,5.907626152038574219e-01
4.981568455696105957e-01,9.714164733886718750e-01,1.075220584869384766e+00
9.355174303054809570e-01,1.343005061149597168e+00,1.167810201644897461e+00
5.383231043815612793e-01,4.074530124664306641e+00,7.832909822463989258e-01
3.641771376132965088e-01,2.788967609405517578e+00,4.039500653743743896e-01
8.930004835128784180e-01,3.136381864547729492e+00,1.090297222137451172e+00
1.002447828650474548e-01,2.896147251129150391e+00,7.393351793289184570e-01
3.591388761997222900e-01,3.650930523872375488e-01,1.217809319496154785e+00
1.426790356636047363e-01,2.763189554214477539e+00,1.234644651412963867e+00
9.055664539337158203e-01,2.771001815795898438e+00,9.672033786773681641e-01
2.965417504310607910e-01,4.780460357666015625e+00,2.635718882083892822e-01
4.748216271400451660e-01,1.261844784021377563e-01,5.954286456108093262e-01
7.485501170158386230e-01,7.932468056678771973e-01,8.620019555091857910e-01
6.392410993576049805e-01,1.322932720184326172e+00,5.803283452987670898e-01
8.457467555999755859e-01,9.966882467269897461e-01,2.950219511985778809e-01
6.612452864646911621e-01,4.054889678955078125e+00,1.328243374824523926e+00
8.474767953157424927e-02,7.421158254146575928e-02,4.713560938835144043e-01
9.557014703750610352e-01,3.328033685684204102e+00,9.662167429924011230e-01
8.530350923538208008e-01,1.816636204719543457e+00,1.411533117294311523e+00
1.977816373109817505e-01,4.105705738067626953e+00,7.496805787086486816e-01
3.948676586151123047e-01,4.806343555450439453e+00,8.650521039962768555e-01
1.586871892213821411e-01,1.106548666954040527e+00,1.236269950866699219e+00
7.949250340461730957e-01,1.501452445983886719e+00,6.145617961883544922e-01
6.651363372802734375e-01,5.420077443122863770e-01,7.931149601936340332e-01
5.779602527618408203e-01,4.108701646327972412e-01,9.056794047355651855e-01
1.901292055845260620e-01,1.881980299949645996e+00,2.460559457540512085e-01
7.611527442932128906e-01,2.321200609207153320e+00,2.551314830780029297e-01
3.700509667396545410e-01,2.007129192352294922e+00,6.421027779579162598e-01
7.419866919517517090e-01,2.499549388885498047e+00,1.078309416770935059e+00
2.935187816619873047e-01,2.870986700057983398e+00,1.411184072494506836e+00
1.565391197800636292e-02,1.094176173210144043e+00,9.682510495185852051e-01
8.144515007734298706e-02,4.818895339965820312e+00,9.139574766159057617e-01
6.033163070678710938e-01,1.785317540168762207e+00,1.195585012435913086e+00
5.364283323287963867e-01,2.436858892440795898e+00,9.910523295402526855e-01
9.084048122167587280e-02,2.955350637435913086e+00,3.109749853610992432e-01
1.783351302146911621e-01,2.036875724792480469e+00,1.039337515830993652e+00
9.844571352005004883e-01,1.253374099731445312e+00,4.243960380554199219e-01
5.479991436004638672e-01,4.220062732696533203e+00,1.087145090103149414e+00
2.187365442514419556e-01,2.745427370071411133e+00,3.650348484516143799e-01
7.583338022232055664e-01,3.496099948883056641e+00,1.413327932357788086e+00
5.741986632347106934e-02,1.628334164619445801e+00,1.279826641082763672e+00
5.208932161331176758e-01,1.960068941116333008e+00,5.868655443191528320e-01
2.215989977121353149e-01,4.888052940368652344e+00,1.250589489936828613e+00
6.750440597534179688e-01,2.069726228713989258e+00,6.152830123901367188e-01
6.346628069877624512e-01,4.834602832794189453e+00,6.999241709709167480e-01
3.758935630321502686e-01,1.345615267753601074e+00,7.840182185173034668e-01
2.341952174901962280e-01,2.570870161056518555e+00,3.611586391925811768e-01
6.873118877410888672e-01,1.838295340538024902e+00,8.439258337020874023e-01
2.360527068376541138e-01,2.474520444869995117e+00,4.247473180294036865e-01
7.934098243713378906e-01,6.653347611427307129e-01,4.023158848285675049e-01
4.051204025745391846e-01,4.577626287937164307e-01,1.494456529617309570e+00
9.560281038284301758e-01,3.349420309066772461e+00,6.873419880867004395e-01
8.053100705146789551e-01,4.473911285400390625e+00,9.120253324508666992e-01
7.792522758245468140e-02,1.791851282119750977e+00,4.070460498332977295e-01
2.410498261451721191e-01,9.883420467376708984e-01,3.515478670597076416e-01
2.851359248161315918e-01,1.433005928993225098e+00,4.234213829040527344e-01
2.236423045396804810e-01,3.578029394149780273e+00,1.285809993743896484e+00
2.519231140613555908e-01,2.638192653656005859e+00,1.337234973907470703e+00
3.587951958179473877e-01,3.240384101867675781e+00,7.936492562294006348e-01
6.758510470390319824e-01,1.645962476730346680e+00,1.069951891899108887e+00
6.754696369171142578e-01,3.417260885238647461e+00,4.757357835769653320e-01
5.698736310005187988e-01,2.714698791503906250e+00,6.591542363166809082e-01
4.844458401203155518e-01,1.667223691940307617e+00,4.770563542842864990e-01
8.984094262123107910e-01,3.505822181701660156e+00,5.667344927787780762e-01
5.181300044059753418e-01,4.307570934295654297e+00,5.042527318000793457e-01
7.452731728553771973e-01,2.678497076034545898e+00,1.145139217376708984e+00
2.002838850021362305e-01,3.900785446166992188e+00,8.495695590972900391e-01
6.025109291076660156e-01,3.093903541564941406e+00,4.262223541736602783e-01
8.637370467185974121e-01,3.512023210525512695e+00,1.147184967994689941e+00
7.115872502326965332e-01,1.239414215087890625e+00,3.515022695064544678e-01
1.938275396823883057e-01,3.241236925125122070e+00,6.148880124092102051e-01
4.696342349052429199e-01,2.352034091949462891e+00,7.706647515296936035e-01
8.039799332618713379e-01,2.477396965026855469e+00,6.420841813087463379e-01
5.677793025970458984e-01,1.618910312652587891e+00,1.077681541442871094e+00
1.539344489574432373e-01,2.208472490310668945e+00,9.394396543502807617e-01
3.926458358764648438e-01,2.092807769775390625e+00,1.013667941093444824e+00
3.382368087768554688e-01,3.303474426269531250e+00,2.410219162702560425e-01
1.025516241788864136e-01,1.872330784797668457e+00,1.029778718948364258e+00
5.429910421371459961e-01,2.728851556777954102e+00,7.376686930656433105e-01
7.734670042991638184e-01,4.720920562744140625e+00,4.038118720054626465e-01
4.778784513473510742e-02,3.635373353958129883e+00,1.007871985435485840e+00
3.428057432174682617e-01,3.290782451629638672e+00,9.504904747009277344e-01
5.002344846725463867e-01,3.953311443328857422e+00,1.703022569417953491e-01
1.480608731508255005e-01,4.657567024230957031e+00,5.480605959892272949e-01
4.011094272136688232e-01,1.136019945144653320e+00,4.036429524421691895e-01
5.514026880264282227e-01,3.617030858993530273e+00,8.457952141761779785e-01
8.604922890663146973e-01,2.633185863494873047e+00,7.900493144989013672e-01
2.067325115203857422e-01,1.213471651077270508e+00,6.167213320732116699e-01
2.365225851535797119e-01,2.068714141845703125e+00,5.000895261764526367e-01
6.624268889427185059e-01,3.279704570770263672e+00,9.945503473281860352e-01
5.575881004333496094e-01,5.590503811836242676e-01,1.181825041770935059e+00
5.403381586074829102e-01,4.153739452362060547e+00,1.136712789535522461e+00
1.522120535373687744e-01,1.975920200347900391e+00,8.074590563774108887e-01
3.995609581470489502e-01,6.056489348411560059e-01,8.542023897171020508e-01
2.505588233470916748e-01,2.583278656005859375e+00,8.903809785842895508e-01
2.655386924743652344e-01,8.954364657402038574e-01,1.299397945404052734e+00
7.881041169166564941e-01,3.521343231201171875e+00,1.023089647293090820e+00
8.493852615356445312e-01,1.655177593231201172e+00,8.891824483871459961e-01
8.360519409179687500e-01,1.385081112384796143e-01,6.111320257186889648e-01
5.334696769714355469e-01,2.852720022201538086e+00,7.809873819351196289e-01
6.607497930526733398e-01,2.905399501323699951e-01,5.211199522018432617e-01
8.020069003105163574e-01,1.451147794723510742e+00,1.166897937655448914e-01
3.214323520660400391e-01,1.784949779510498047e+00,3.943642675876617432e-01
1.237340569496154785e-01,2.550415992736816406e+00,5.532064437866210938e-01
7.332519888877868652e-01,1.701368570327758789e+00,7.732525467872619629e-01
8.147717714309692383e-01,2.152552902698516846e-01,4.272727668285369873e-01
3.931007981300354004e-01,1.132467985153198242e+00,6.504312753677368164e-01
3.785816133022308350e-01,4.288631677627563477e-01,1.223477125167846680e+00
5.024676322937011719e-01,7.177060246467590332e-01,9.148334264755249023e-01
6.537371873855590820e-01,1.156821131706237793e+00,9.002307653427124023e-01
2.505360245704650879e-01,3.572057008743286133e+00,1.264002323150634766e+00
2.993518114089965820e-01,3.744180440902709961e+00,3.439274132251739502e-01
3.067307919263839722e-02,3.147885084152221680e+00,2.158037424087524414e-01
8.048129677772521973e-01,9.895245432853698730e-01,1.205667853355407715e+00
4.714452624320983887e-01,4.522596597671508789e-01,5.988339781761169434e-01
8.143178820610046387e-01,1.960547208786010742e+00,9.248184561729431152e-01
8.202964663505554199e-01,2.416772127151489258e+00,1.040541648864746094e+00
6.568774580955505371e-01,1.497878789901733398e+00,1.004974722862243652e+00
7.135220170021057129e-01,2.967293977737426758e+00,1.104316115379333496e+00
2.674308121204376221e-01,4.997251987457275391e+00,5.078887939453125000e-01
4.930020272731781006e-01,2.185944795608520508e+00,1.358973026275634766e+00
1.193918585777282715e-01,3.762130141258239746e-01,1.048145294189453125e+00
2.510901689529418945e-01,3.331989526748657227e+00,1.101612329483032227e+00
7.478348612785339355e-01,4.182617664337158203e-01,7.545999288558959961e-01
8.710300326347351074e-01,1.690216064453125000e+00,1.158369779586791992e+00
4.054669439792633057e-01,2.696693181991577148e+00,9.608764052391052246e-01
9.712260216474533081e-02,1.805553197860717773e+00,1.609301716089248657e-01
6.734611988067626953e-01,4.287141323089599609e+00,6.087182760238647461e-01
9.469562172889709473e-01,3.128023862838745117e+00,9.822730422019958496e-01
4.021762609481811523e-01,2.414394855499267578e+00,9.610971212387084961e-01
5.695768594741821289e-01,1.416344046592712402e+00,6.563235521316528320e-01
6.764962524175643921e-02,4.010838031768798828e+00,6.098312139511108398e-01
3.457845449447631836e-01,2.312861204147338867e+00,1.076459884643554688e+00
5.658214092254638672e-01,1.322771310806274414e+00,3.623284697532653809e-01
3.928850889205932617e-01,3.127656936645507812e+00,1.247205495834350586e+00
3.333772718906402588e-01,1.928272604942321777e+00,1.277323007583618164e+00
8.169174790382385254e-01,2.483561515808105469e+00,1.974497437477111816e-01
8.807979822158813477e-01,1.360989689826965332e+00,1.177257061004638672e+00
7.591083049774169922e-01,3.055767059326171875e+00,6.663213372230529785e-01
4.327668249607086182e-01,1.944777816534042358e-01,1.144304990768432617e+00
6.072187423706054688e-01,4.948676586151123047e+00,1.249551892280578613e+00
5.155724883079528809e-01,4.815953731536865234e+00,6.358262896537780762e-01
2.375861257314682007e-01,4.892058372497558594e+00,1.208147644996643066e+00
3.215323090553283691e-01,4.791538238525390625e+00,5.457123517990112305e-01
2.578014731407165527e-01,1.082085609436035156e+00,7.470861673355102539e-01
3.468922376632690430e-01,3.523519992828369141e+00,5.845455527305603027e-01
3.715717196464538574e-01,4.320637226104736328e+00,1.075287818908691406e+00
2.988279461860656738e-01,4.694229602813720703e+00,1.190044999122619629e+00
7.202703356742858887e-01,5.649755597114562988e-01,5.094966888427734375e-01
6.583957076072692871e-01,1.380077123641967773e+00,5.084959864616394043e-01
5.825157761573791504e-01,4.818202853202819824e-01,1.277094602584838867e+00
3.378065526485443115e-01,3.037881851196289062e+00,9.255726337432861328e-01
6.471070647239685059e-01,2.215856790542602539e+00,7.423011064529418945e-01
5.078465938568115234e-01,3.246853828430175781e+00,3.037301301956176758e-01
7.992089986801147461e-01,1.031850814819335938e+00,1.190139532089233398e+00
7.203146219253540039e-01,2.226521015167236328e+00,2.430163174867630005e-01
7.774285078048706055e-01,1.946287870407104492e+00,5.713850855827331543e-01
7.573056817054748535e-01,4.718014240264892578e+00,6.452094316482543945e-01
8.010346889495849609e-01,4.407730579376220703e+00,9.668748974800109863e-01
5.634360313415527344e-01,7.908060401678085327e-02,6.327991485595703125e-01
6.884923577308654785e-02,4.230255603790283203e+00,7.773182988166809082e-01
6.023083925247192383e-01,4.014982223510742188e+00,4.868901968002319336e-01
7.165502309799194336e-01,3.705058097839355469e-01,6.246689558029174805e-01
3.283621668815612793e-01,3.272996187210083008e+00,5.746665596961975098e-01
6.720220297574996948e-02,2.050989627838134766e+00,5.337517857551574707e-01
4.664997458457946777e-01,9.085035920143127441e-01,3.855243921279907227e-01
3.605245053768157959e-01,3.452924013137817383e+00,8.037372231483459473e-01
3.932381570339202881e-01,2.433806419372558594e+00,9.270951151847839355e-01
6.750112175941467285e-01,2.698812961578369141e+00,4.065372645854949951e-01
6.098623871803283691e-01,8.245693445205688477e-01,1.283947706222534180e+00
9.946055412292480469e-01,1.465208888053894043e+00,5.058302283287048340e-01
9.090702533721923828e-01,6.218494772911071777e-01,6.436657309532165527e-01
9.846929907798767090e-01,2.554798603057861328e+00,8.918785452842712402e-01
6.156236529350280762e-01,3.169518709182739258e+00,7.550154328346252441e-01
7.693580985069274902e-01,1.306688666343688965e+00,7.442978620529174805e-01
3.082532584667205811e-01,4.250559329986572266e+00,1.041721105575561523e+00
2.788781523704528809e-01,2.276083946228027344e+00,7.641856670379638672e-01
5.319986343383789062e-01,2.752838373184204102e+00,1.070969700813293457e+00
5.528956055641174316e-01,1.956771135330200195e+00,4.178710579872131348e-01
2.494456619024276733e-01,1.399714231491088867e+00,6.750383377075195312e-01
7.510727047920227051e-01,1.050778865814208984e+00,4.067763686180114746e-01
7.037890553474426270e-01,3.663471460342407227e+00,6.587563157081604004e-01
8.801752328872680664e-01,3.791751861572265625e+00,1.324949026107788086e+00
2.178587317466735840e-01,1.173122167587280273e+00,2.930577993392944336e-01
2.703764438629150391e-01,2.217614173889160156e+00,4.063602685928344727e-01
2.737235724925994873e-01,2.931277275085449219e+00,8.610081076622009277e-01
5.796867609024047852e-01,4.513578891754150391e+00,1.067072033882141113e+00
6.252744197845458984e-01,2.361304283142089844e+00,6.199190020561218262e-01
1.493301838636398315e-01,3.869590997695922852e+00,7.162505984306335449e-01
4.545110464096069336e-01,1.960505962371826172e+00,3.530299663543701172e-01
5.320413112640380859e-01,1.341295003890991211e+00,3.714012205600738525e-01
3.762531280517578125e-01,3.369685173034667969e+00,8.626681566238403320e-01
4.289782643318176270e-01,3.194144070148468018e-01,1.074658036231994629e+00
1.946211606264114380e-01,1.284903764724731445e+00,1.374351143836975098e+00
4.466016888618469238e-01,1.520433664321899414e+00,1.216881155967712402e+00
5.112821459770202637e-01,2.870389521121978760e-01,1.169087886810302734e+00
1.925699263811111450e-01,2.956877708435058594e+00,8.452277183532714844e-01
5.552408751100301743e-03,3.304277181625366211e+00,1.086192965507507324e+00
9.443462491035461426e-01,6.971260905265808105e-01,6.693491935729980469e-01
7.190355658531188965e-01,4.178261756896972656e+00,9.760527610778808594e-01
5.389034152030944824e-01,3.655582189559936523e+00,9.799960851669311523e-01
2.166505903005599976e-01,4.019695758819580078e+00,8.101534843444824219e-02
7.678958773612976074e-01,7.122886776924133301e-01,2.676013708114624023e-01
2.555620074272155762e-01,6.448612809181213379e-01,1.323404073715209961e+00
7.965559363365173340e-01,3.974611520767211914e+00,8.880523443222045898e-01
5.718780159950256348e-01,1.163416981697082520e+00,4.847348928451538086e-01
3.730459213256835938e-01,1.115633368492126465e+00,5.285001397132873535e-01
2.646778821945190430e-01,2.374274253845214844e+00,4.324511289596557617e-01
2.192705571651458740e-01,9.826021790504455566e-01,6.729899644851684570e-01
8.084251880645751953e-01,2.732439994812011719e+00,4.948070645332336426e-01
7.593455314636230469e-01,1.091647863388061523e+00,9.765938520431518555e-01
3.584265112876892090e-01,4.434643745422363281e+00,1.360908031463623047e+00
9.962574392557144165e-02,1.655697822570800781e+00,3.028787076473236084e-01
1.579107642173767090e-01,3.323544502258300781e+00,5.636753439903259277e-01
3.092922270298004150e-01,4.516037464141845703e+00,1.091791629791259766e+00
4.385545849800109863e-01,4.351327896118164062e+00,8.081872463226318359e-01
8.117771744728088379e-01,1.277413964271545410e+00,7.472741007804870605e-01
7.653227448463439941e-01,1.765554189682006836e+00,7.979964613914489746e-01
3.421902358531951904e-01,1.155178785324096680e+00,4.576395750045776367e-01
7.468479871749877930e-01,2.303925275802612305e+00,4.299256205558776855e-01
1.912940591573715210e-01,1.734191179275512695e+00,2.284463942050933838e-01
5.760062336921691895e-01,2.247811794281005859e+00,6.177271604537963867e-01
8.167530298233032227e-01,3.869038343429565430e+00,8.793979287147521973e-01
6.978626549243927002e-02,2.854441165924072266e+00,8.009064793586730957e-01
4.821711182594299316e-01,3.416184425354003906e+00,8.658856749534606934e-01
8.079074621200561523e-01,1.444882631301879883e+00,9.651711583137512207e-01
1.191731914877891541e-01,6.350045800209045410e-01,7.657307982444763184e-01
7.252715229988098145e-01,1.652621179819107056e-01,7.876007556915283203e-01
2.277913540601730347e-01,9.897583723068237305e-01,6.656828522682189941e-01
6.178749203681945801e-01,3.670958757400512695e+00,6.994783282279968262e-01
8.078646659851074219e-01,1.154444456100463867e+00,1.304774403572082520e+00
3.569211959838867188e-01,3.601338863372802734e+00,1.367192983627319336e+00
6.528636217117309570e-01,4.099643230438232422e+00,7.195447087287902832e-01
5.514565110206604004e-01,4.162804126739501953e+00,1.276804566383361816e+00
4.019955694675445557e-01,4.395100772380828857e-01,7.678998708724975586e-01
6.218746304512023926e-01,5.149121880531311035e-01,6.791739463806152344e-01
3.797573447227478027e-01,2.202236175537109375e+00,7.225244641304016113e-01
9.406327605247497559e-01,2.713601112365722656e+00,1.009009361267089844e+00
2.693062126636505127e-01,3.439311504364013672e+00,2.495604753494262695e-01
5.052989125251770020e-01,2.963065862655639648e+00,5.124437212944030762e-01
2.515273392200469971e-01,2.291250467300415039e+00,8.978030085563659668e-01
3.290199041366577148e-01,4.707935810089111328e+00,3.786433935165405273e-01
7.914044857025146484e-01,4.585226535797119141e+00,1.338043332099914551e+00
4.660169780254364014e-01,3.321948528289794922e+00,3.398719429969787598e-01
6.087125837802886963e-02,1.602650523185729980e+00,1.086564421653747559e+00
3.860729634761810303e-01,3.746737718582153320e+00,3.949395418167114258e-01
3.917263150215148926e-01,1.517855525016784668e+00,7.476625442504882812e-01
6.943799257278442383e-01,8.713505268096923828e-01,6.286904215812683105e-01
8.493462800979614258e-01,2.324997901916503906e+00,6.598096489906311035e-01
3.236722350120544434e-01,1.449756145477294922e+00,1.322080612182617188e+00
2.235564291477203369e-01,2.488505601882934570e+00,3.764725625514984131e-01
1.355756670236587524e-01,1.948041081428527832e+00,6.455553174018859863e-01
8.351501822471618652e-01,4.085627555847167969e+00,8.263949751853942871e-01
2.586317062377929688e-01,3.916977882385253906e+00,1.452840566635131836e+00
9.337204098701477051e-01,2.539590835571289062e+00,7.646785378456115723e-01
4.358116686344146729e-01,1.795394182205200195e+00,1.148336529731750488e+00
6.822401881217956543e-01,1.199666500091552734e+00,1.963468641042709351e-01
7.833745479583740234e-01,4.330273628234863281e+00,9.784323573112487793e-01
2.600676417350769043e-01,4.246660768985748291e-01,1.737874895334243774e-01
4.487046301364898682e-01,4.838215827941894531e+00,3.775156140327453613e-01
9.800428748130798340e-01,3.390022039413452148e+00,4.539071917533874512e-01
2.772484719753265381e-01,2.987082719802856445e+00,5.213606953620910645e-01
5.350540280342102051e-01,2.630240440368652344e+00,1.445961594581604004e-01
1.808305382728576660e-01,1.187831997871398926e+00,6.723562479019165039e-01
7.184757590293884277e-01,8.668232560157775879e-01,1.012300372123718262e+00
6.413693428039550781e-01,2.796146869659423828e+00,3.061841130256652832e-01
9.531565904617309570e-01,3.944666624069213867e+00,6.552748084068298340e-01
8.856849670410156250e-01,1.991148233413696289e+00,9.172979593276977539e-01
5.553650259971618652e-01,2.278444766998291016e+00,2.938086688518524170e-01
3.159632682800292969e-01,1.154112100601196289e+00,1.116052627563476562e+00
8.393745124340057373e-02,3.188130617141723633e+00,8.000836968421936035e-01
5.584060028195381165e-02,1.576613068580627441e+00,1.838717758655548096e-01
1.219263151288032532e-01,1.943236470222473145e+00,9.091262221336364746e-01
7.722349762916564941e-01,2.839718341827392578e+00,1.142335534095764160e+00
6.292699575424194336e-01,1.617951273918151855e+00,1.981648802757263184e-01
2.651745080947875977e-01,2.540449798107147217e-01,8.141636848449707031e-01
6.980773806571960449e-01,4.936864852905273438e+00,6.074083447456359863e-01
2.773437500000000000e-01,1.919580936431884766e+00,5.798970460891723633e-01
9.110026359558105469e-01,3.627793788909912109e+00,1.111004948616027832e+00
2.263994812965393066e-01,3.826011896133422852e+00,6.466447710990905762e-01
2.740433514118194580e-01,3.140595182776451111e-02,7.735621929168701172e-01
4.211096167564392090e-01,3.995196223258972168e-01,1.426437973976135254e+00
5.575544238090515137e-01,4.585451602935791016e+00,8.028008341789245605e-01
7.992863059043884277e-01,3.627665042877197266e+00,1.251506567001342773e+00
6.314847469329833984e-01,2.311967134475708008e+00,1.236107468605041504e+00
7.125892490148544312e-02,8.169326186180114746e-01,7.131506204605102539e-01
8.529877662658691406e-01,3.762879133224487305e+00,9.407780766487121582e-01
4.900156557559967041e-01,2.704649925231933594e+00,1.032500863075256348e+00
6.687854528427124023e-01,2.379863023757934570e+00,2.848774492740631104e-01
2.860406041145324707e-01,3.019640922546386719e+00,1.197584152221679688e+00
3.010065555572509766e-01,2.489054650068283081e-01,4.256637692451477051e-01
9.915781766176223755e-02,4.597740650177001953e+00,8.442239761352539062e-01
1.747057735919952393e-01,2.101622343063354492e+00,1.093320488929748535e+00
5.096859931945800781e-01,3.873101472854614258e+00,9.855754971504211426e-01
7.004848122596740723e-01,4.696481227874755859e+00,5.684406757354736328e-01
3.832994103431701660e-01,4.132898807525634766e+00,1.322080135345458984e+00
8.762974739074707031e-01,1.876299619674682617e+00,6.987167596817016602e-01
8.108925074338912964e-02,3.703881263732910156e+00,6.399662494659423828e-01
3.339977562427520752e-01,3.605111360549926758e+00,1.171347141265869141e+00
2.945117056369781494e-01,6.105023622512817383e-01,5.981528162956237793e-01
3.686772882938385010e-01,3.252592563629150391e+00,8.076385259628295898e-01
5.850809812545776367e-01,3.655964851379394531e+00,3.633654415607452393e-01
6.913190484046936035e-01,4.349154949188232422e+00,4.182435572147369385e-01
1.930973827838897705e-01,2.069543361663818359e+00,5.509761571884155273e-01
3.112628757953643799e-01,3.794278860092163086e+00,9.539914727210998535e-01
3.150727450847625732e-01,6.458740830421447754e-01,6.978823542594909668e-01
9.163556098937988281e-01,1.369947433471679688e+00,4.157041013240814209e-01
5.290143489837646484e-01,1.062023162841796875e+00,9.458031058311462402e-01
8.142499327659606934e-01,4.279401302337646484e+00,1.046607613563537598e+00
4.723668098449707031e-01,4.609496116638183594e+00,1.122892975807189941e+00
7.965968251228332520e-01,4.601000308990478516e+00,6.803236007690429688e-01
7.373329401016235352e-01,2.619919776916503906e+00,1.764210015535354614e-01
6.568798422813415527e-01,4.715525627136230469e+00,8.698716759681701660e-01
5.742632746696472168e-01,1.581838011741638184e+00,4.825901389122009277e-01
7.587369084358215332e-01,2.415350198745727539e+00,4.347365498542785645e-01
1.116606891155242920e-01,3.761594295501708984e+00,5.771146416664123535e-01
4.229889214038848877e-01,1.667793273925781250e+00,1.139655709266662598e+00
1.503262519836425781e-01,3.461827039718627930e+00,3.319372236728668213e-01
7.558274269104003906e-01,1.075124979019165039e+00,1.196115136146545410e+00
2.218561321496963501e-01,1.354552030563354492e+00,3.025131523609161377e-01
9.324740171432495117e-01,9.517416357994079590e-01,7.079202532768249512e-01
2.880784273147583008e-01,1.370983362197875977e+00,1.308507084846496582e+00
5.688970685005187988e-01,4.174818992614746094e+00,1.073521614074707031e+00
6.711920499801635742e-01,2.447161436080932617e+00,1.157792806625366211e+00
4.675365090370178223e-01,2.425291061401367188e+00,1.042559981346130371e+00
1.266766190528869629e-01,4.586882591247558594e+00,1.244926214218139648e+00
2.435073256492614746e-02,2.556030750274658203e+00,4.473319649696350098e-01
6.014512851834297180e-02,2.651140928268432617e+00,8.861021399497985840e-01
5.092903971672058105e-01,1.976673841476440430e+00,2.969502210617065430e-01
1.333854496479034424e-01,2.859145402908325195e+00,8.366354703903198242e-01
3.714216649532318115e-01,3.992145061492919922e+00,4.972028732299804688e-01
6.330622434616088867e-01,1.341161847114562988e+00,1.262776732444763184e+00
1.852609068155288696e-01,3.592689037322998047e+00,4.312660396099090576e-01
6.718268394470214844e-01,1.072361588478088379e+00,1.359929889440536499e-01
1.068883687257766724e-01,2.246957540512084961e+00,3.887386023998260498e-01
8.397453427314758301e-01,1.012461066246032715e+00,8.400759696960449219e-01
4.324453473091125488e-01,3.664812088012695312e+00,8.194417953491210938e-01
2.886236011981964111e-01,1.881918430328369141e+00,3.376223742961883545e-01
8.637172579765319824e-01,2.511873960494995117e+00,5.866116285324096680e-01
5.210891962051391602e-01,4.684888839721679688e+00,3.250369131565093994e-01
3.176641464233398438e-01,3.731655597686767578e+00,1.337944269180297852e+00
6.724163889884948730e-01,1.157921910285949707e+00,9.085512757301330566e-01
9.255936145782470703e-01,3.434600114822387695e+00,8.281108140945434570e-01
4.399169087409973145e-01,3.921358883380889893e-01,3.666481673717498779e-01
6.307030320167541504e-01,4.266775608062744141e+00,1.099287390708923340e+00
5.591623857617378235e-02,1.229394674301147461e+00,1.020967364311218262e+00
1.709355562925338745e-01,4.455327987670898438e+00,5.366098284721374512e-01
5.619950294494628906e-01,8.167454600334167480e-01,3.920401036739349365e-01
2.203120887279510498e-01,1.279840350151062012e+00,9.395606517791748047e-01
3.284879028797149658e-01,4.890728473663330078e+00,2.127225250005722046e-01
2.758128941059112549e-01,4.134725093841552734e+00,7.451367378234863281e-01
6.674176454544067383e-01,3.906850337982177734e+00,8.779911994934082031e-01
4.025925993919372559e-01,2.944332122802734375e+00,5.922728776931762695e-01
3.474047034978866577e-02,5.206592679023742676e-01,1.348295688629150391e+00
6.211554631590843201e-02,1.853757739067077637e+00,1.140510201454162598e+00
8.473395109176635742e-01,1.280931830406188965e+00,1.367007374763488770e+00
1.914402693510055542e-01,2.769351482391357422e+00,3.764097392559051514e-01
8.726357817649841309e-01,1.398498773574829102e+00,1.176959037780761719e+00
3.058063685894012451e-01,8.081191778182983398e-01,9.866359233856201172e-01
8.118001818656921387e-01,1.207915991544723511e-01,6.509903669357299805e-01
7.289763689041137695e-01,3.901833534240722656e+00,1.389147520065307617e+00
6.960614919662475586e-01,3.946542978286743164e+00,1.827636361122131348e-01
6.815260648727416992e-01,2.350283145904541016e+00,5.123522281646728516e-01
7.233128696680068970e-02,2.093231439590454102e+00,3.701827526092529297e-01
9.072324633598327637e-01,3.752781391143798828e+00,4.788972735404968262e-01
6.871920824050903320e-01,1.578160047531127930e+00,6.648109555244445801e-01
1.083616837859153748e-01,3.212901830673217773e+00,3.088076114654541016e-01
7.692692279815673828e-01,2.601372957229614258e+00,6.908150911331176758e-01
6.370506882667541504e-01,4.652430534362792969e+00,8.522413372993469238e-01
1.204681620001792908e-01,1.931347012519836426e+00,1.353422701358795166e-01
8.894847631454467773e-01,1.024693369865417480e+00,8.535973429679870605e-01
4.941643476486206055e-01,4.226727962493896484e+00,8.886120915412902832e-01
3.892611861228942871e-01,3.508751153945922852e+00,5.788276195526123047e-01
6.813112497329711914e-01,1.641610145568847656e+00,5.897852778434753418e-01
7.862382531166076660e-01,6.509776711463928223e-01,4.189665019512176514e-01
2.139751315116882324e-01,2.528803348541259766e-01,1.505318135023117065e-01
8.823457360267639160e-01,3.020762443542480469e+00,9.464336633682250977e-01
4.918099343776702881e-01,2.133651494979858398e+00,3.427273333072662354e-01
7.127620577812194824e-01,3.398829698562622070e+00,9.418172836303710938e-01
2.278413623571395874e-01,3.167340040206909180e+00,1.321168303489685059e+00
5.026324391365051270e-01,2.984307289123535156e+00,6.327850222587585449e-01
5.749850869178771973e-01,4.104953765869140625e+00,1.296771883964538574e+00
1.525563746690750122e-01,2.015301704406738281e+00,7.555288672447204590e-01
6.692445278167724609e-01,3.672191381454467773e+00,1.430444359779357910e+00
7.853766679763793945e-01,4.310637474060058594e+00,8.111183643341064453e-01
4.740259349346160889e-01,1.403640866279602051e+00,1.366176128387451172e+00
3.390514552593231201e-01,3.157961606979370117e+00,4.900329709053039551e-01
4.292523562908172607e-01,2.310460329055786133e+00,1.325780868530273438e+00
5.305123925209045410e-01,1.135728478431701660e+00,8.987219333648681641e-01
3.199872076511383057e-01,2.855314493179321289e+00,3.685185611248016357e-01
5.290682911872863770e-01,4.321458816528320312e+00,1.078420281410217285e+00
2.102422863245010376e-01,2.382338047027587891e+00,1.209571361541748047e+00
5.958264470100402832e-01,2.854821443557739258e+00,7.266219258308410645e-01
3.411065638065338135e-01,4.315402507781982422e+00,6.156555414199829102e-01
1.984807997941970825e-01,4.478318214416503906e+00,7.002041339874267578e-01
6.705231666564941406e-01,2.707129955291748047e+00,5.596894621849060059e-01
7.098151445388793945e-01,1.327598690986633301e+00,1.471653819084167480e+00
8.335019350051879883e-01,1.666752219200134277e+00,9.703471064567565918e-01
2.806170582771301270e-01,3.414279937744140625e+00,3.171998858451843262e-01
1.208067312836647034e-01,2.153956174850463867e+00,7.423895597457885742e-01
3.743382990360260010e-01,4.619858264923095703e+00,1.089017868041992188e+00
1.298857927322387695e-01,2.660619258880615234e+00,7.512063980102539062e-01
4.302277565002441406e-01,4.821051120758056641e+00,7.010453939437866211e-01
8.419940471649169922e-01,3.071664333343505859e+00,1.479030132293701172e+00
6.205033138394355774e-02,1.817169666290283203e+00,9.679983854293823242e-01
3.268054425716400146e-01,3.298719167709350586e+00,2.685128152370452881e-01
1.613351553678512573e-01,4.375035285949707031e+00,7.888196110725402832e-01
8.267449736595153809e-01,1.281729102134704590e+00,2.352551072835922241e-01
2.333771288394927979e-01,2.395144939422607422e+00,5.092793703079223633e-01
5.142879486083984375e-01,4.021397113800048828e+00,1.214186549186706543e+00
2.080127745866775513e-01,5.729199647903442383e-01,4.572203159332275391e-01
7.619054913520812988e-01,5.444858074188232422e-01,6.050233244895935059e-01
4.493027925491333008e-01,4.837897777557373047e+00,1.004384756088256836e+00
7.289952635765075684e-01,3.550971984863281250e+00,7.558201551437377930e-01
5.341075062751770020e-01,3.173214435577392578e+00,3.601342439651489258e-01
3.932918906211853027e-01,4.405279636383056641e+00,1.314918518066406250e+00
8.416880369186401367e-01,3.319389581680297852e+00,2.120064795017242432e-01
6.525746583938598633e-01,4.060414314270019531e+00,5.548372864723205566e-01
8.944507241249084473e-01,3.037316560745239258e+00,7.976775765419006348e-01
5.621802806854248047e-01,4.025681972503662109e+00,2.290555685758590698e-01
2.281911373138427734e-01,2.507663249969482422e+00,1.204324007034301758e+00
3.468250632286071777e-01,4.456997394561767578e+00,4.688246548175811768e-01
4.315901100635528564e-01,2.682403802871704102e+00,7.964853644371032715e-01
9.290266036987304688e-01,1.179957389831542969e+00,9.191919565200805664e-01
7.418913245201110840e-01,1.248166441917419434e+00,6.689076423645019531e-01
1.839051544666290283e-01,2.351859062910079956e-01,3.174546957015991211e-01
4.477542936801910400e-01,4.111366271972656250e+00,5.335747003555297852e-01
6.027949452400207520e-01,4.700744628906250000e+00,1.315176725387573242e+00
9.276823997497558594e-01,2.902167320251464844e+00,1.282382011413574219e+00
3.663073778152465820e-01,2.605037391185760498e-01,7.076239585876464844e-01
6.481403112411499023e-01,4.553828716278076172e+00,5.750536322593688965e-01
3.292208909988403320e-01,3.962770462036132812e+00,3.044962584972381592e-01
6.587232351303100586e-01,3.572986602783203125e+00,9.154861569404602051e-01
7.805650234222412109e-01,1.715009808540344238e+00,2.057785540819168091e-01
3.617528378963470459e-01,3.450927734375000000e-01,1.231675744056701660e+00
6.461711525917053223e-01,1.333603620529174805e+00,7.984234094619750977e-01
3.940285742282867432e-01,4.297042489051818848e-01,4.387575984001159668e-01
2.567344605922698975e-01,2.838264465332031250e+00,1.263458728790283203e+00
2.493787705898284912e-01,9.540557265281677246e-01,4.430070817470550537e-01
2.139567732810974121e-01,2.850420951843261719e+00,8.160063624382019043e-01
7.572495341300964355e-01,4.827128946781158447e-01,6.508623361587524414e-01
5.030090808868408203e-01,4.560374736785888672e+00,3.542239665985107422e-01
3.166283965110778809e-01,4.977864265441894531e+00,7.705326676368713379e-01
6.846909523010253906e-01,1.577247262001037598e+00,8.725056052207946777e-01
4.330641403794288635e-02,4.259190082550048828e+00,1.804535537958145142e-01
6.748412251472473145e-01,4.320159435272216797e+00,5.835103988647460938e-01
4.023445844650268555e-01,4.225925922393798828e+00,3.936305642127990723e-01
6.034182906150817871e-01,4.326927185058593750e+00,1.304413318634033203e+00
2.113865762948989868e-01,3.791588068008422852e+00,4.074680209159851074e-01
8.719544410705566406e-01,3.486948490142822266e+00,5.061220526695251465e-01
2.818135321140289307e-01,4.324921965599060059e-01,1.444597095251083374e-01
4.303545951843261719e-01,3.976134777069091797e+00,5.534046292304992676e-01
4.005697667598724365e-01,2.334723949432373047e+00,3.408225178718566895e-01
4.348250627517700195e-01,1.398212790489196777e+00,4.484494924545288086e-01
1.347953379154205322e-01,7.294311523437500000e-01,3.909420073032379150e-01
5.054768919944763184e-01,5.214058756828308105e-01,9.914264678955078125e-01
2.295195162296295166e-01,3.200083971023559570e+00,1.044193148612976074e+00
6.526742577552795410e-01,4.030433177947998047e+00,9.996429085731506348e-01
7.136346101760864258e-01,3.338269233703613281e+00,2.229438275098800659e-01
8.050608038902282715e-01,4.554197311401367188e+00,8.607764840126037598e-01
6.429947614669799805e-01,2.703215122222900391e+00,1.547236293554306030e-01
2.890134602785110474e-02,1.664600729942321777e+00,1.272409319877624512e+00
5.387436151504516602e-01,3.657561242580413818e-01,7.664185762405395508e-01
8.623683452606201172e-02,1.384974479675292969e+00,5.162941813468933105e-01
3.637512624263763428e-01,4.592814922332763672e+00,1.003868460655212402e+00
1.668682992458343506e-01,2.341306209564208984e+00,4.500875174999237061e-01
5.884002447128295898e-01,3.328311681747436523e+00,7.176657915115356445e-01
6.560131311416625977e-01,4.915798902511596680e-01,4.612632691860198975e-01
9.561787247657775879e-01,7.929634451866149902e-01,2.538232207298278809e-01
6.482206583023071289e-01,2.248043775558471680e+00,1.674850732088088989e-01
5.197513103485107422e-01,3.075808048248291016e+00,1.000748038291931152e+00
8.008207678794860840e-01,1.279521465301513672e+00,1.265247583389282227e+00
3.100976645946502686e-01,2.426518440246582031e+00,3.238587975502014160e-01
7.805645465850830078e-01,1.965010404586791992e+00,1.039338231086730957e+00
2.899350225925445557e-01,4.413806438446044922e+00,2.395750284194946289e-01
7.132549881935119629e-01,2.416410684585571289e+00,4.097338914871215820e-01
3.249194324016571045e-01,1.688702344894409180e+00,6.028955578804016113e-01
4.284968674182891846e-01,4.077696323394775391e+00,9.040293693542480469e-01
3.330830037593841553e-01,3.411158084869384766e+00,4.945030510425567627e-01
2.000239491462707520e-01,2.547814369201660156e+00,9.659895896911621094e-01
1.900079995393753052e-01,1.410037159919738770e+00,8.387433886528015137e-01
2.825137972831726074e-01,4.694903373718261719e+00,4.598541855812072754e-01
4.067530035972595215e-01,3.744693040847778320e+00,1.354301810264587402e+00
7.121956944465637207e-01,4.003522396087646484e+00,2.459382861852645874e-01
4.612134397029876709e-01,8.061901330947875977e-01,9.476535320281982422e-01
7.080886960029602051e-01,1.756351828575134277e+00,4.720148444175720215e-01
7.104408740997314453e-01,4.017802238464355469e+00,5.380416512489318848e-01
7.031015306711196899e-02,1.598750948905944824e+00,4.295344650745391846e-01
7.113245129585266113e-01,9.328750371932983398e-01,6.427158117294311523e-01
8.227335810661315918e-01,1.289703607559204102e+00,9.691655635833740234e-01
7.935358285903930664e-01,2.386496782302856445e+00,9.589037299156188965e-01
8.750549703836441040e-02,2.991959095001220703e+00,1.378790140151977539e+00
3.696431964635848999e-02,3.362534523010253906e+00,1.365601897239685059e+00
5.833898186683654785e-01,2.899247407913208008e+00,7.081616520881652832e-01
7.671744823455810547e-01,5.057705640792846680e-01,8.784930706024169922e-01
4.682407379150390625e-01,4.085947036743164062e+00,3.575969934463500977e-01
3.644115626811981201e-01,1.334587216377258301e+00,9.042485356330871582e-01
8.059141635894775391e-01,3.304658651351928711e+00,8.186742663383483887e-01
1.741812676191329956e-01,1.329447984695434570e+00,1.352623939514160156e+00
8.335779309272766113e-01,4.693657875061035156e+00,6.633797883987426758e-01
3.631946742534637451e-01,3.405509233474731445e+00,8.618410229682922363e-01
4.401086270809173584e-01,8.362438082695007324e-01,1.106221675872802734e+00
5.609118938446044922e-01,4.458205699920654297e+00,6.196310520172119141e-01
6.487901806831359863e-01,1.379641771316528320e+00,5.579007267951965332e-01
6.492103338241577148e-01,3.280977010726928711e+00,6.916883587837219238e-01
9.007194638252258301e-01,2.713792085647583008e+00,4.771048128604888916e-01
7.906625270843505859e-01,2.131490230560302734e+00,1.006290316581726074e+00
6.632333397865295410e-01,2.719883203506469727e+00,1.240785837173461914e+00
2.693765461444854736e-01,4.490487575531005859e+00,1.302267432212829590e+00
8.590788245201110840e-01,2.139194011688232422e+00,6.508144736289978027e-01
9.040575623512268066e-01,4.247713565826416016e+00,3.462756574153900146e-01
5.537488460540771484e-01,4.791298866271972656e+00,4.610663056373596191e-01
6.180226206779479980e-01,4.275821685791015625e+00,5.251315236091613770e-01
2.233633249998092651e-01,3.779839277267456055e+00,8.640261888504028320e-01
6.169347167015075684e-01,2.822693109512329102e+00,1.322741031646728516e+00
5.353998541831970215e-01,1.973138689994812012e+00,6.036083698272705078e-01
2.641080617904663086e-01,1.957633495330810547e+00,4.313127696514129639e-01
3.531657755374908447e-01,4.719990730285644531e+00,1.172631025314331055e+00
1.381934620440006256e-02,1.942506313323974609e+00,8.390030860900878906e-01
2.916881144046783447e-01,2.767521858215332031e+00,5.160547494888305664e-01
2.086764127016067505e-01,1.360127806663513184e+00,6.926879882812500000e-01
4.384192228317260742e-01,3.422474622726440430e+00,1.084565162658691406e+00
5.460742115974426270e-01,2.590612649917602539e+00,2.176733165979385376e-01
1.664391458034515381e-01,4.424940645694732666e-01,1.483009904623031616e-01
1.930436585098505020e-03,1.380364179611206055e+00,2.107157409191131592e-01
3.312328457832336426e-01,4.093919277191162109e+00,9.427611231803894043e-01
1.298433691263198853e-01,4.733426094055175781e+00,4.678256809711456299e-01
5.925217270851135254e-01,3.115377664566040039e+00,2.732423245906829834e-01
7.183260917663574219e-01,5.681060552597045898e-01,8.054028749465942383e-01
1.477134525775909424e-01,4.313598632812500000e+00,1.260781407356262207e+00
6.991213560104370117e-01,5.624238401651382446e-02,4.927355647087097168e-01
4.233194887638092041e-01,4.658043384552001953e+00,8.601737022399902344e-01
9.982463717460632324e-01,3.560876846313476562e+00,5.794685482978820801e-01
4.196047782897949219e-01,5.345433354377746582e-01,5.020897984504699707e-01
7.338122129440307617e-01,3.668056488037109375e+00,1.109427571296691895e+00
6.104573607444763184e-01,1.545154571533203125e+00,3.988844752311706543e-01
5.472920536994934082e-01,4.712186813354492188e+00,4.851078987121582031e-01
9.312559366226196289e-01,2.847546339035034180e+00,1.004908323287963867e+00
3.591018915176391602e-01,4.257087707519531250e+00,7.891768217086791992e-01
4.252936840057373047e-01,3.590377092361450195e+00,6.741457581520080566e-01
5.436486005783081055e-01,4.520757675170898438e+00,1.350792646408081055e+00
7.624000906944274902e-01,1.869010329246520996e+00,4.639995694160461426e-01
2.034725844860076904e-01,4.331910133361816406e+00,5.028183460235595703e-01
4.831563830375671387e-01,4.806308746337890625e+00,1.025696396827697754e+00
4.886843264102935791e-01,6.247730255126953125e-01,1.424062013626098633e+00
3.644266724586486816e-01,4.477997779846191406e+00,7.909113764762878418e-01
7.915134429931640625e-01,1.317408084869384766e+00,6.036764979362487793e-01
4.670950770378112793e-02,4.867195129394531250e+00,6.279656887054443359e-01
1.844138801097869873e-01,3.172051668167114258e+00,1.046205878257751465e+00
1.589374840259552002e-01,5.049844384193420410e-01,4.360142946243286133e-01
8.530588448047637939e-02,5.923044085502624512e-01,6.559457778930664062e-01
1.144737154245376587e-01,2.443769931793212891e+00,1.737053245306015015e-01
4.986838698387145996e-01,4.173122882843017578e+00,1.093190550804138184e+00
5.601328611373901367e-01,6.490314602851867676e-01,1.100825786590576172e+00
7.719397544860839844e-01,2.973891019821166992e+00,3.670336306095123291e-01
5.253128409385681152e-01,5.491375923156738281e-01,1.074560999870300293e+00
7.943031787872314453e-01,2.347931623458862305e+00,1.247547507286071777e+00
6.937972903251647949e-01,1.170847535133361816e+00,5.695602893829345703e-01
8.887247443199157715e-01,8.893438577651977539e-01,5.186645388603210449e-01
4.666684269905090332e-01,4.602336406707763672e+00,6.879307627677917480e-01
6.825640201568603516e-01,4.342050254344940186e-01,5.604566931724548340e-01
5.441733002662658691e-01,3.034874200820922852e-01,1.123899698257446289e+00
5.936730504035949707e-01,3.336152136325836182e-01,1.077165246009826660e+00
3.864298164844512939e-01,3.714619874954223633e+00,8.214452862739562988e-01
7.491424083709716797e-01,3.708105802536010742e+00,6.815044879913330078e-01
7.144662737846374512e-01,4.033063888549804688e+00,1.131193637847900391e+00
2.637631595134735107e-01,3.636706590652465820e+00,4.564021527767181396e-01
3.810951113700866699e-01,1.352688670158386230e+00,1.047742009162902832e+00
2.105754315853118896e-01,2.699873685836791992e+00,8.416954874992370605e-01
4.489935636520385742e-01,4.937894344329833984e+00,5.344185233116149902e-01
3.192912638187408447e-01,1.794162273406982422e+00,5.650629997253417969e-01
6.565659493207931519e-02,2.781052827835083008e+00,3.273786306381225586e-01
7.289843559265136719e-01,7.491570115089416504e-01,1.090446114540100098e+00
1.124912872910499573e-01,4.575526237487792969e+00,2.887900471687316895e-01
7.438875436782836914e-01,9.693612456321716309e-01,9.567380547523498535e-01
1.951793432235717773e-01,1.875428676605224609e+00,9.841512441635131836e-01
4.988847374916076660e-01,2.578639745712280273e+00,8.405315279960632324e-01
5.905659198760986328e-01,4.501222610473632812e+00,7.624392509460449219e-01
3.835282623767852783e-01,2.675215482711791992e+00,3.227166533470153809e-01
8.542662262916564941e-01,1.806476116180419922e-01,7.497017979621887207e-01
4.133835136890411377e-01,3.942698001861572266e+00,5.580977797508239746e-01
6.663452386856079102e-01,3.132247447967529297e+00,1.121188521385192871e+00
2.400008030235767365e-02,3.600791692733764648e+00,2.181419581174850464e-01
3.295412063598632812e-01,1.592029094696044922e+00,2.559559941291809082e-01
1.871420443058013916e-01,3.598868131637573242e+00,1.228948235511779785e+00
4.715557396411895752e-01,1.007450222969055176e+00,6.688876152038574219e-01
9.516371488571166992e-01,2.724193096160888672e+00,5.015087127685546875e-01
3.841339051723480225e-01,7.951482534408569336e-01,1.073887109756469727e+00
8.791618794202804565e-02,4.097573280334472656e+00,1.282262682914733887e+00
1.911860704421997070e-01,2.422639369964599609e+00,1.157986283302307129e+00
3.300442695617675781e-01,4.438619613647460938e+00,6.774624586105346680e-01
9.017307162284851074e-01,2.225965976715087891e+00,5.583469867706298828e-01
2.507621943950653076e-01,2.190863370895385742e+00,3.623470067977905273e-01
7.149388194084167480e-01,3.039212942123413086e+00,1.100504755973815918e+00
2.250005453824996948e-01,4.482677936553955078e+00,7.524428516626358032e-02
1.028656512498855591e-01,2.033204317092895508e+00,1.226109862327575684e+00
4.196149706840515137e-01,2.221948862075805664e+00,1.156604409217834473e+00
8.554485440254211426e-01,2.070237159729003906e+00,3.161970674991607666e-01
3.647035062313079834e-01,6.505734324455261230e-01,8.362772464752197266e-01
8.824508786201477051e-01,3.568370103836059570e+00,3.004968166351318359e-01
2.885858714580535889e-01,3.113858461380004883e+00,5.409703254699707031e-01
2.828708589076995850e-01,1.980465173721313477e+00,8.439038395881652832e-01
2.343064546585083008e-01,2.922271013259887695e+00,2.330298572778701782e-01
7.766268849372863770e-01,1.913620352745056152e+00,1.121740937232971191e+00
5.851235985755920410e-01,3.965784072875976562e+00,1.151682972908020020e+00
3.200359344482421875e-01,4.939185142517089844e+00,5.048974156379699707e-01
1.907241195440292358e-01,9.800970554351806641e-02,1.350837230682373047e+00
4.326470941305160522e-02,2.789805412292480469e+00,5.251706838607788086e-01
7.582724690437316895e-01,3.578338861465454102e+00,1.308403730392456055e+00
7.178331613540649414e-01,4.009501457214355469e+00,1.089957952499389648e+00
4.775985479354858398e-01,3.275543928146362305e+00,9.122481942176818848e-01
3.137071430683135986e-01,1.818728566169738770e+00,5.113188624382019043e-01
8.617480099201202393e-02,2.434046506881713867e+00,8.753973245620727539e-01
2.849769592285156250e-01,9.269004464149475098e-01,1.168470263481140137e+00
3.682331442832946777e-01,7.069445848464965820e-01,2.158746123313903809e-01
8.898043632507324219e-01,1.762786626815795898e+00,4.206275343894958496e-01
4.655251502990722656e-01,1.545926690101623535e+00,1.266967415809631348e+00
2.850720584392547607e-01,4.850689172744750977e-01,9.902146458625793457e-01
4.599408432841300964e-02,1.086646676063537598e+00,1.648553460836410522e-01
4.219367802143096924e-01,4.015373229980468750e+00,1.151872158050537109e+00
4.994080662727355957e-01,1.168534755706787109e+00,5.163566470146179199e-01
2.888713777065277100e-01,4.798356056213378906e+00,7.258496880531311035e-01
1.721128374338150024e-01,1.267992019653320312e+00,1.291073799133300781e+00
6.926358938217163086e-01,1.149488091468811035e-01,7.147217988967895508e-01
2.370317727327346802e-01,3.178074121475219727e+00,4.870882034301757812e-01
8.458971381187438965e-01,2.959854841232299805e+00,6.724070310592651367e-01
3.715820908546447754e-01,4.086943626403808594e+00,4.429327547550201416e-01
2.158726602792739868e-01,2.957611560821533203e+00,1.282699346542358398e+00
7.904039025306701660e-01,8.743709921836853027e-01,8.180552721023559570e-01
3.031047284603118896e-01,1.559186100959777832e+00,3.782819211483001709e-01
3.340848386287689209e-01,3.447966098785400391e+00,7.597619891166687012e-01
5.103800892829895020e-01,4.541742324829101562e+00,8.545787930488586426e-01
4.352602064609527588e-01,2.852027654647827148e+00,2.687378525733947754e-01
4.345025718212127686e-01,3.165846586227416992e+00,1.186781167984008789e+00
6.819874644279479980e-01,1.859569549560546875e-01,1.430809020996093750e+00
7.527565360069274902e-01,6.012172698974609375e-01,1.382597565650939941e+00
3.096612989902496338e-01,3.626669168472290039e+00,3.971588015556335449e-01
7.203963994979858398e-01,2.045632839202880859e+00,3.641275763511657715e-01
3.922120630741119385e-01,2.012302160263061523e+00,6.277568936347961426e-01
1.805420666933059692e-01,4.182019233703613281e+00,1.280405670404434204e-01
4.477899968624114990e-01,1.012574315071105957e+00,8.782314658164978027e-01
1.549834311008453369e-01,2.519365787506103516e+00,1.061845183372497559e+00
8.402275443077087402e-01,1.796113371849060059e+00,1.050734877586364746e+00
3.385388553142547607e-01,2.809987545013427734e+00,3.901479840278625488e-01
5.447827652096748352e-02,3.504111289978027344e+00,2.624170780181884766e-01
3.073501884937286377e-01,4.266531944274902344e+00,1.325221538543701172e+00
6.641218662261962891e-01,4.062107563018798828e+00,6.509937047958374023e-01
4.629515409469604492e-01,4.515187263488769531e+00,6.776529550552368164e-01
4.486515223979949951e-01,3.920768260955810547e+00,7.996937632560729980e-01
7.677811980247497559e-01,2.403751850128173828e+00,8.360846042633056641e-01
4.015989601612091064e-02,2.593623876571655273e+00,2.965824306011199951e-01
7.435010075569152832e-01,3.699348211288452148e+00,3.008000850677490234e-01
5.836893916130065918e-01,4.302222251892089844e+00,1.884167194366455078e-01
7.497406601905822754e-01,4.684769153594970703e+00,2.594396173954010010e-01
2.138351202011108398e-01,4.323054790496826172e+00,7.959212064743041992e-01
2.639247775077819824e-01,4.164583206176757812e+00,7.269176244735717773e-01
8.394879698753356934e-01,2.341114044189453125e+00,7.141160964965820312e-01
5.692767500877380371e-01,4.628926277160644531e+00,7.510525584220886230e-01
4.809074103832244873e-01,4.479619503021240234e+00,6.583171486854553223e-01
7.239013314247131348e-01,4.885476112365722656e+00,6.696633100509643555e-01
6.012467145919799805e-01,1.783724069595336914e+00,8.894427418708801270e-01
5.028212070465087891e-01,7.973467707633972168e-01,4.358912706375122070e-01
8.240306377410888672e-01,3.867428779602050781e+00,9.627816081047058105e-01
3.963923752307891846e-01,3.017819881439208984e+00,6.235907077789306641e-01
5.253790616989135742e-01,1.597809672355651855e+00,1.292939424514770508e+00
3.062212374061346054e-03,8.152707815170288086e-01,1.012624025344848633e+00
8.064225316047668457e-01,8.169404864311218262e-01,8.913955092430114746e-01
2.413106709718704224e-01,3.633185625076293945e+00,1.243421077728271484e+00
3.832459151744842529e-01,3.599518537521362305e+00,7.616887092590332031e-01
4.759782254695892334e-01,9.568552970886230469e-01,1.081476092338562012e+00
8.130312561988830566e-01,2.908154726028442383e+00,8.459435105323791504e-01
4.024393856525421143e-01,1.741119265556335449e+00,6.389510631561279297e-01
9.527968242764472961e-03,1.249362945556640625e+00,5.646759271621704102e-01
4.145069718360900879e-01,3.109828710556030273e+00,8.622786402702331543e-01
5.678099989891052246e-01,1.458539724349975586e+00,1.270193219184875488e+00
1.927644312381744385e-01,2.651384115219116211e+00,7.862191796302795410e-01
1.558205187320709229e-01,6.987171769142150879e-01,1.070347309112548828e+00
5.584638714790344238e-01,4.544307231903076172e+00,9.593330621719360352e-01
8.195503354072570801e-01,1.223827004432678223e+00,1.004588961601257324e+00
5.321774482727050781e-01,4.482443928718566895e-01,1.061411023139953613e+00
8.064526319503784180e-01,1.432031631469726562e+00,6.457204818725585938e-01
6.762055158615112305e-01,4.373826980590820312e+00,1.180156826972961426e+00
8.126755356788635254e-01,2.564562320709228516e+00,4.592352509498596191e-01
2.489630505442619324e-02,4.768743515014648438e+00,2.761336266994476318e-01
6.673946380615234375e-01,3.071383237838745117e+00,6.619260311126708984e-01
8.065087348222732544e-02,2.756225347518920898e+00,1.386066675186157227e+00
1.454386562108993530e-01,2.955010652542114258e+00,1.214935064315795898e+00
2.806135714054107666e-01,1.987905144691467285e+00,1.386658310890197754e+00
6.393470764160156250e-01,1.930390298366546631e-01,6.791661381721496582e-01
6.327862143516540527e-01,6.686761975288391113e-01,9.647277593612670898e-01
5.190344452857971191e-01,3.476043462753295898e+00,1.280462980270385742e+00
6.566712260246276855e-02,3.303436756134033203e+00,8.238625526428222656e-02
4.938861727714538574e-02,1.153151690959930420e-01,7.421523928642272949e-01
7.379320859909057617e-01,7.134346365928649902e-01,7.182850837707519531e-01
8.826431035995483398e-01,8.675212264060974121e-01,1.017517328262329102e+00
6.626300215721130371e-01,3.540132522583007812e+00,9.980414509773254395e-01
1.413926631212234497e-01,2.012065649032592773e+00,9.780070185661315918e-01
6.808581352233886719e-01,1.091651320457458496e+00,1.060953021049499512e+00
4.511912763118743896e-01,4.720022678375244141e+00,8.102176189422607422e-01
3.233232200145721436e-01,2.558462381362915039e+00,3.834561407566070557e-01
5.902158617973327637e-01,3.030919790267944336e+00,1.306688308715820312e+00
2.750021964311599731e-02,4.248273849487304688e+00,9.609428048133850098e-01
2.970204651355743408e-01,1.253474473953247070e+00,6.472527384757995605e-01
8.105164170265197754e-01,4.471927285194396973e-01,4.396459162235260010e-01
7.134160995483398438e-01,3.834486246109008789e+00,3.044508695602416992e-01
8.334608674049377441e-01,2.724667549133300781e+00,1.231125473976135254e+00
1.991541087627410889e-01,2.603061676025390625e+00,2.050732523202896118e-01
3.988513648509979248e-01,3.442074775695800781e+00,8.906837105751037598e-01
8.890550732612609863e-01,3.622907638549804688e+00,3.017561733722686768e-01
4.548902511596679688e-01,4.386205673217773438e+00,1.052884101867675781e+00
4.206734299659729004e-01,2.747836351394653320e+00,6.360695958137512207e-01
4.580541849136352539e-01,1.954394459724426270e+00,6.197470426559448242e-01
5.299503803253173828e-01,2.071406364440917969e+00,1.480579227209091187e-01
4.935646355152130127e-01,4.675673961639404297e+00,1.059902191162109375e+00
6.104994416236877441e-01,4.818491935729980469e+00,7.035506367683410645e-01
2.306013703346252441e-01,6.622638106346130371e-01,3.609077334403991699e-01
1.011106595396995544e-01,4.886773109436035156e+00,7.134392857551574707e-01
9.464941620826721191e-01,2.733591556549072266e+00,1.167638540267944336e+00
1.514916867017745972e-01,9.667450189590454102e-01,1.382797718048095703e+00
7.566865086555480957e-01,4.566021919250488281e+00,1.004215598106384277e+00
1.948182284832000732e-01,2.952137947082519531e+00,3.316322565078735352e-01
1.350612342357635498e-01,1.188238561153411865e-01,6.789481043815612793e-01
1.662724614143371582e-01,1.293711662292480469e+00,1.874693632125854492e-01
7.330262660980224609e-01,3.833707571029663086e+00,9.499353170394897461e-01
2.706084549427032471e-01,2.084279537200927734e+00,2.757780849933624268e-01
5.276154875755310059e-01,2.349410057067871094e+00,1.014392495155334473e+00
1.373629420995712280e-01,3.965040922164916992e+00,1.204404234886169434e+00
5.966109633445739746e-01,8.210488557815551758e-01,1.648154854774475098e-01
5.240673422813415527e-01,7.555111646652221680e-01,3.972908258438110352e-01
1.023947894573211670e-01,2.173229217529296875e+00,5.145091414451599121e-01
2.749931514263153076e-01,1.172813534736633301e+00,9.960890412330627441e-01
7.038294672966003418e-01,7.732946276664733887e-01,3.647758960723876953e-01
8.909252285957336426e-01,1.929913878440856934e+00,1.203408718109130859e+00
4.790809750556945801e-01,3.739064216613769531e+00,4.981457591056823730e-01
5.301184058189392090e-01,3.362745761871337891e+00,2.140870988368988037e-01
7.811513543128967285e-02,3.831801176071166992e+00,1.246467590332031250e+00
2.250665128231048584e-01,4.377057552337646484e+00,1.152831554412841797e+00
7.182902097702026367e-01,4.340252876281738281e+00,1.314154028892517090e+00
8.855747580528259277e-01,3.792692184448242188e+00,7.110398411750793457e-01
1.287313699722290039e-01,4.351936340332031250e+00,2.210485637187957764e-01
2.239984869956970215e-01,4.798649787902832031e+00,7.343280315399169922e-01
8.771256208419799805e-01,1.104076027870178223e+00,8.748736381530761719e-01
3.843192458152770996e-01,1.396904230117797852e+00,2.867912352085113525e-01
2.322741299867630005e-01,2.436414957046508789e-01,5.395419001579284668e-01
2.413647919893264771e-01,3.320169925689697266e+00,1.071750998497009277e+00
1.864447146654129028e-01,2.757004976272583008e+00,1.107865571975708008e+00
2.208251804113388062e-01,3.082564473152160645e-01,1.014842152595520020e+00
7.079822421073913574e-01,4.981009006500244141e+00,8.108043074607849121e-01
9.251961708068847656e-01,4.000983238220214844e+00,6.132829785346984863e-01
4.266352951526641846e-01,1.520919561386108398e+00,1.073319673538208008e+00
5.560699105262756348e-01,2.745400369167327881e-01,1.174326539039611816e+00
8.192228078842163086e-01,4.961939334869384766e+00,5.656442642211914062e-01
4.947366118431091309e-01,3.863351106643676758e+00,3.842699825763702393e-01
2.360121756792068481e-01,3.365722894668579102e+00,8.096589446067810059e-01
6.439561843872070312e-01,4.040906429290771484e+00,1.322881132364273071e-01
3.028883039951324463e-01,9.774208664894104004e-01,6.064805388450622559e-01
5.355063676834106445e-01,4.054904460906982422e+00,5.196647644042968750e-01
1.408201605081558228e-01,7.965996861457824707e-01,3.636591136455535889e-01
6.227743029594421387e-01,1.028879657387733459e-01,3.878936767578125000e-01
5.945211648941040039e-01,4.267619132995605469e+00,1.165900707244873047e+00
7.877075672149658203e-01,1.850256323814392090e-01,3.806884586811065674e-01
6.550839543342590332e-01,1.425515651702880859e+00,9.114826917648315430e-01
8.300094008445739746e-01,2.599690437316894531e+00,1.167525291442871094e+00
1.773123890161514282e-01,4.567979276180267334e-01,8.330540060997009277e-01
4.011929035186767578e-01,4.812848567962646484e+00,3.601218461990356445e-01
3.696739673614501953e-01,3.436108589172363281e+00,6.785314679145812988e-01
1.616153120994567871e-01,4.154140949249267578e+00,4.030984938144683838e-01
3.165685236454010010e-01,3.991206884384155273e+00,8.263897299766540527e-01
6.526890993118286133e-01,1.028039932250976562e+00,7.535193562507629395e-01
5.316059291362762451e-02,9.324752688407897949e-01,7.757443189620971680e-01
6.592746078968048096e-02,4.440559864044189453e+00,2.851558923721313477e-01
1.105878800153732300e-01,3.436310887336730957e-01,4.721264839172363281e-01
1.266945302486419678e-01,2.647668600082397461e+00,9.662992358207702637e-01
2.138423174619674683e-01,2.510647058486938477e+00,8.780649900436401367e-01
7.470977306365966797e-01,1.850807189941406250e+00,1.246222972869873047e+00
4.800667464733123779e-01,4.748679161071777344e+00,2.270546108484268188e-01
6.470946073532104492e-01,7.462717890739440918e-01,7.690210342407226562e-01
5.005602166056632996e-02,5.808960199356079102e-01,1.359061479568481445e+00
8.547068834304809570e-01,1.680002450942993164e+00,1.200260400772094727e+00
7.177991420030593872e-02,2.872843265533447266e+00,1.310934543609619141e+00
8.451019525527954102e-01,3.819394826889038086e+00,8.470805883407592773e-01
2.086396068334579468e-01,3.871034383773803711e+00,1.100432753562927246e+00
1.455635875463485718e-01,3.865148305892944336e+00,8.564360737800598145e-01
8.085745573043823242e-01,3.053161859512329102e+00,9.666399955749511719e-01
8.976532816886901855e-01,1.174322605133056641e+00,1.295124292373657227e+00
5.102107524871826172e-01,4.566124916076660156e+00,3.739531040191650391e-01
3.743810355663299561e-01,1.693967342376708984e+00,1.135502532124519348e-01
1.272136904299259186e-02,3.362696886062622070e+00,1.295652687549591064e-01
1.530673950910568237e-01,4.955809593200683594e+00,7.882369160652160645e-01
2.918066084384918213e-01,4.553040027618408203e+00,8.942214250564575195e-01
2.648110687732696533e-01,2.134888172149658203e+00,3.832463026046752930e-01
3.313660323619842529e-01,2.665105104446411133e+00,4.845322072505950928e-01
8.811612129211425781e-01,3.155832529067993164e+00,8.622419238090515137e-01
1.690052300691604614e-01,2.998794794082641602e+00,1.034722924232482910e+00
4.442290961742401123e-01,4.929183006286621094e+00,7.231105566024780273e-01
6.858888864517211914e-01,3.553381204605102539e+00,1.067598342895507812e+00
2.701636254787445068e-01,4.134127616882324219e+00,3.836203366518020630e-03
4.455160200595855713e-01,1.623546838760375977e+00,9.251247048377990723e-01
8.950998187065124512e-01,1.004214048385620117e+00,9.477742910385131836e-01
7.764641642570495605e-01,1.956431150436401367e+00,6.581365466117858887e-01
1.476203501224517822e-01,3.673988580703735352e+00,1.073863625526428223e+00
9.507513046264648438e-02,1.152646690607070923e-01,1.210769891738891602e+00
3.870946764945983887e-01,4.526774883270263672e+00,8.657063245773315430e-01
2.665530443191528320e-01,1.202011704444885254e+00,2.666361629962921143e-01
1.594706922769546509e-01,2.902590036392211914e+00,1.176982164382934570e+00
4.568524658679962158e-01,7.517862319946289062e-01,8.110865354537963867e-01
8.119979500770568848e-01,2.035157680511474609e+00,7.783724665641784668e-01
1.024684589356184006e-02,2.994308710098266602e+00,6.846649646759033203e-01
5.191075801849365234e-01,1.729304194450378418e+00,5.155658125877380371e-01
5.273703932762145996e-01,2.030269861221313477e+00,4.051497578620910645e-01
1.301505863666534424e-01,2.860224485397338867e+00,5.613523721694946289e-01
1.762400269508361816e-01,1.690328240394592285e+00,8.502210974693298340e-01
6.767005920410156250e-01,1.150589823722839355e+00,9.767250418663024902e-01
6.039385199546813965e-01,4.852623939514160156e+00,7.519642114639282227e-01
8.766088634729385376e-02,2.658791780471801758e+00,4.950346350669860840e-01
2.516764402389526367e-01,2.445156812667846680e+00,1.171723246574401855e+00
6.597045063972473145e-01,3.753577172756195068e-01,1.184772133827209473e+00
3.757728338241577148e-01,4.211158275604248047e+00,3.016089797019958496e-01
3.679674267768859863e-01,1.272506833076477051e+00,3.757376670837402344e-01
6.916154623031616211e-01,2.331397533416748047e-01,6.977795958518981934e-01
6.093264818191528320e-01,4.731378078460693359e+00,1.046310663223266602e+00
2.807575762271881104e-01,2.630007266998291016e+00,3.596039116382598877e-01
2.599521875381469727e-01,3.222845554351806641e+00,4.621394872665405273e-01
6.601195335388183594e-01,1.765511035919189453e+00,8.585084080696105957e-01
4.762465655803680420e-01,3.626141309738159180e+00,9.194875359535217285e-01
6.305438876152038574e-01,4.132565021514892578e+00,6.124673485755920410e-01
8.475121855735778809e-01,1.605559825897216797e+00,8.862076401710510254e-01
8.105669617652893066e-01,4.454758167266845703e+00,1.149580121040344238e+00
2.744347751140594482e-01,5.909537076950073242e-01,4.677435755729675293e-01
7.611542940139770508e-01,3.174473524093627930e+00,2.272997796535491943e-01
9.383831024169921875e-01,3.773989677429199219e+00,4.837675392627716064e-01
8.788231611251831055e-01,3.142199754714965820e+00,9.251584410667419434e-01
8.319786787033081055e-01,5.300983786582946777e-01,9.752537608146667480e-01
7.010737061500549316e-01,1.962176680564880371e+00,1.993415802717208862e-01
3.920285701751708984e-01,1.471348404884338379e+00,1.049923539161682129e+00
8.005675077438354492e-01,3.272783517837524414e+00,1.231301188468933105e+00
5.849649310111999512e-01,1.888675451278686523e+00,2.015814036130905151e-01
9.829119443893432617e-01,2.028318166732788086e+00,8.182467222213745117e-01
3.155541718006134033e-01,4.410878568887710571e-02,1.095691204071044922e+00
1.822082698345184326e-01,3.762750864028930664e+00,5.342705845832824707e-01
2.130769044160842896e-01,6.372173428535461426e-01,5.757681131362915039e-01
1.967650204896926880e-01,4.544773578643798828e+00,8.834512829780578613e-01
5.143531560897827148e-01,4.323841571807861328e+00,1.230757355690002441e+00
4.008046686649322510e-01,4.155278205871582031e+00,1.236447572708129883e+00
8.129069209098815918e-02,2.789113819599151611e-01,7.946998476982116699e-01
2.621872723102569580e-01,2.182785034179687500e+00,8.689562678337097168e-01
4.207753837108612061e-01,8.004271388053894043e-01,5.881233215332031250e-01
9.859705716371536255e-02,1.576338529586791992e+00,4.505728781223297119e-01
4.680147469043731689e-01,4.570796489715576172e+00,6.181555390357971191e-01
6.412123441696166992e-01,1.114757418632507324e+00,3.326008617877960205e-01
6.818782687187194824e-01,3.417684793472290039e+00,1.264773249626159668e+00
2.574655115604400635e-01,1.154958486557006836e+00,7.418635487556457520e-01
4.624177515506744385e-01,2.794621229171752930e+00,2.977724671363830566e-01
7.381352186203002930e-01,1.109837651252746582e+00,1.896531283855438232e-01
6.562892794609069824e-01,4.676583290100097656e+00,1.200635790824890137e+00
6.632794141769409180e-01,2.011273145675659180e+00,3.025684058666229248e-01
9.512767940759658813e-02,4.892027378082275391e+00,6.120448112487792969e-01
3.738795220851898193e-01,4.398173987865447998e-01,8.142023086547851562e-01
4.226068854331970215e-01,9.384077787399291992e-01,8.787868618965148926e-01
2.520484924316406250e-01,4.283194541931152344e+00,9.076275229454040527e-01
4.961251318454742432e-01,4.132278919219970703e+00,4.948271214962005615e-01
8.153376579284667969e-01,3.148754596710205078e+00,9.350751042366027832e-01
9.359391331672668457e-01,1.080934643745422363e+00,3.132977783679962158e-01
2.777800858020782471e-01,6.924792528152465820e-01,2.589144408702850342e-01
6.515980362892150879e-01,2.167370557785034180e+00,1.063650846481323242e+00
3.372722268104553223e-01,3.763670921325683594e+00,7.247258424758911133e-01
1.431440711021423340e-01,2.417531728744506836e+00,1.150817155838012695e+00
5.026875138282775879e-01,1.620226979255676270e+00,2.640168666839599609e-01
1.796434968709945679e-01,5.034664273262023926e-01,8.691623806953430176e-01
6.158263683319091797e-01,1.849323391914367676e+00,1.318562865257263184e+00
6.299335956573486328e-01,1.461683988571166992e+00,3.883959054946899414e-01
6.849482059478759766e-01,4.183299064636230469e+00,7.483909130096435547e-01
6.749911308288574219e-01,3.815454959869384766e+00,2.310064882040023804e-01
2.960167229175567627e-01,9.462032318115234375e-01,8.206782937049865723e-01
2.375980764627456665e-01,4.936892509460449219e+00,4.820723831653594971e-01
4.904497265815734863e-01,3.447566270828247070e+00,6.190550923347473145e-01
6.373215913772583008e-01,2.406259536743164062e+00,4.646397233009338379e-01
5.377997159957885742e-01,4.003469944000244141e+00,9.543079137802124023e-01
5.642068386077880859e-01,1.479482293128967285e+00,1.419439315795898438e+00
2.133103907108306885e-01,4.268712699413299561e-01,1.178280830383300781e+00
7.925196290016174316e-01,1.002098679542541504e+00,1.185045719146728516e+00
3.546152412891387939e-01,2.823008298873901367e+00,6.978136897087097168e-01
6.033895015716552734e-01,4.246436119079589844e+00,2.640042901039123535e-01
5.218071341514587402e-01,2.059888839721679688e+00,2.867536246776580811e-01
1.615753769874572754e-01,3.779223442077636719e+00,1.065929055213928223e+00
5.126895904541015625e-01,4.742833614349365234e+00,1.233525156974792480e+00
6.059213876724243164e-01,3.241481631994247437e-02,1.035089254379272461e+00
7.505184412002563477e-01,2.657655477523803711e+00,5.145407915115356445e-01
3.520143628120422363e-01,4.691851139068603516e+00,9.292520284652709961e-01
3.701912164688110352e-01,1.877589106559753418e+00,8.821091651916503906e-01
4.684166312217712402e-01,4.576676845550537109e+00,2.912333011627197266e-01
6.664620637893676758e-01,4.338816165924072266e+00,5.362575054168701172e-01
7.679886817932128906e-01,8.493548035621643066e-01,5.185422897338867188e-01
5.172917246818542480e-01,3.123530626296997070e+00,8.072652220726013184e-01
7.070106267929077148e-01,4.030763626098632812e+00,1.656312048435211182e-01
4.854538664221763611e-02,3.087813854217529297e+00,9.583112001419067383e-01
5.758026242256164551e-01,1.719314336776733398e+00,1.163307547569274902e+00
8.535934090614318848e-01,1.277617454528808594e+00,1.029103398323059082e+00
3.770996928215026855e-01,2.047843217849731445e+00,1.189341068267822266e+00
1.227145865559577942e-01,4.040623188018798828e+00,1.166610598564147949e+00
4.736017882823944092e-01,2.362559795379638672e+00,1.706024110317230225e-01
5.737113952636718750e-01,2.241130113601684570e+00,3.238550722599029541e-01
4.930292069911956787e-01,1.505772233009338379e+00,7.848392724990844727e-01
8.809190392494201660e-01,3.229792356491088867e+00,5.465589165687561035e-01
2.944628894329071045e-01,4.954764366149902344e+00,4.875561296939849854e-01
6.277207136154174805e-01,4.917547225952148438e+00,7.474893331527709961e-01
1.523590087890625000e-01,6.227062940597534180e-01,3.267910480499267578e-01
2.084285318851470947e-01,2.155989408493041992e+00,7.857501506805419922e-01
6.912903785705566406e-01,1.499637007713317871e+00,2.986699938774108887e-01
5.723817348480224609e-01,8.997860550880432129e-01,1.068685889244079590e+00
8.728531599044799805e-01,3.193519115447998047e+00,5.384119749069213867e-01
4.446366429328918457e-01,3.304224252700805664e+00,6.512014269828796387e-01
1.093290224671363831e-01,4.925063610076904297e+00,5.951489806175231934e-01
5.564665794372558594e-01,3.176017761230468750e+00,1.122892975807189941e+00
5.171871185302734375e-01,4.008602619171142578e+00,3.696106970310211182e-01
3.210597634315490723e-01,3.607531785964965820e+00,3.369689881801605225e-01
4.273434579372406006e-01,2.030489444732666016e+00,2.533952593803405762e-01
3.205593228340148926e-01,1.215141892433166504e+00,1.194756150245666504e+00
1.130267046391963959e-02,1.258875966072082520e+00,8.526318073272705078e-01
4.547025263309478760e-01,2.741371631622314453e+00,1.234603404998779297e+00
3.672634065151214600e-01,2.659496307373046875e+00,5.647110342979431152e-01
8.059146404266357422e-01,4.602574348449707031e+00,7.445685267448425293e-01
7.557070255279541016e-02,3.531044960021972656e+00,1.134683966636657715e+00
4.164935350418090820e-01,3.631096363067626953e+00,1.016704320907592773e+00
8.373039960861206055e-01,4.148746967315673828e+00,1.232464671134948730e+00
6.329222321510314941e-01,3.300726652145385742e+00,3.697765469551086426e-01
2.481929361820220947e-01,4.452786922454833984e+00,9.877976775169372559e-01
6.221214532852172852e-01,3.192668676376342773e+00,9.047490358352661133e-01
3.036904335021972656e-01,6.336829662322998047e-01,3.796195387840270996e-01
4.794737398624420166e-01,3.969181060791015625e+00,9.671542644500732422e-01
4.107905328273773193e-01,4.134654045104980469e+00,1.235518097877502441e+00
5.093725919723510742e-01,9.977858066558837891e-01,6.161813139915466309e-01
3.843825161457061768e-01,3.957140207290649414e+00,9.983890652656555176e-01
5.614256262779235840e-01,1.082445383071899414e+00,5.930863618850708008e-01
6.360862851142883301e-01,3.296237587928771973e-01,1.187418222427368164e+00
7.568393945693969727e-01,3.005787730216979980e-01,4.519933164119720459e-01
6.408261060714721680e-01,1.392325162887573242e+00,2.614767849445343018e-01
5.490576028823852539e-01,4.244696140289306641e+00,1.383226871490478516e+00
3.706887662410736084e-01,2.986008882522583008e+00,4.852807819843292236e-01
9.542066454887390137e-01,3.049889802932739258e+00,6.737571954727172852e-01
3.034151494503021240e-01,3.703176498413085938e+00,1.932906657457351685e-01
3.935444355010986328e-01,1.586532235145568848e+00,2.757733762264251709e-01
9.467656165361404419e-02,2.416858434677124023e+00,8.984960913658142090e-01
8.114420771598815918e-01,4.339388370513916016e+00,6.676608324050903320e-01
6.017095446586608887e-01,1.055167317390441895e+00,8.743983507156372070e-01
3.168071806430816650e-01,3.056830644607543945e+00,5.548936724662780762e-01
1.839674264192581177e-01,2.117384910583496094e+00,7.606331706047058105e-01
1.761296540498733521e-01,1.515204310417175293e+00,2.073610574007034302e-01
3.391026854515075684e-01,2.707971334457397461e+00,3.322989046573638916e-01
9.380000233650207520e-01,1.317583084106445312e+00,1.062855958938598633e+00
7.943893671035766602e-01,1.890570878982543945e+00,1.088631987571716309e+00
8.950494527816772461e-01,3.633643150329589844e+00,8.010150194168090820e-01
8.846794962882995605e-01,2.496777772903442383e+00,2.744790017604827881e-01
1.727922856807708740e-01,3.318788290023803711e+00,5.799614191055297852e-01
6.803372502326965332e-01,6.272705793380737305e-01,1.105093359947204590e+00
6.014837026596069336e-01,1.256261467933654785e+00,1.346568346023559570e+00
3.948546350002288818e-01,3.714949846267700195e+00,8.798298239707946777e-01
3.397885337471961975e-02,2.523824930191040039e+00,1.875557750463485718e-01
5.254787579178810120e-02,3.100741147994995117e+00,7.581391371786594391e-03
8.190265893936157227e-01,2.583777189254760742e+00,7.519424557685852051e-01
4.067683815956115723e-01,4.339698314666748047e+00,7.331045269966125488e-01
4.531444609165191650e-01,3.341104507446289062e+00,1.241181254386901855e+00
5.220726132392883301e-01,4.844665527343750000e+00,8.479535579681396484e-01
4.539289772510528564e-01,1.038648366928100586e+00,9.903682470321655273e-01
3.341720104217529297e-01,2.180389881134033203e+00,7.617021203041076660e-01
2.271798998117446899e-02,3.602247714996337891e+00,1.170358896255493164e+00
2.622566223144531250e-01,6.959807872772216797e-01,9.989737272262573242e-01
7.794394493103027344e-01,2.333206892013549805e+00,1.296743869781494141e+00
6.163943409919738770e-01,1.206221461296081543e+00,7.935113906860351562e-01
8.675946593284606934e-01,2.482029914855957031e+00,4.306730329990386963e-01
6.683056056499481201e-02,2.772933483123779297e+00,5.320583581924438477e-01
4.982211589813232422e-01,4.931413173675537109e+00,5.251448750495910645e-01
9.932425618171691895e-02,9.177949428558349609e-01,1.006815314292907715e+00
1.920584738254547119e-01,2.997695207595825195e-01,9.463434666395187378e-02
5.703371763229370117e-01,3.699456453323364258e-01,7.840051651000976562e-01
8.523980975151062012e-01,3.383178234100341797e+00,8.562186360359191895e-01
7.422130107879638672e-01,1.712592959403991699e+00,6.566503047943115234e-01
7.089453283697366714e-03,4.509921550750732422e+00,3.816879391670227051e-01
8.974211812019348145e-01,1.699281573295593262e+00,1.357805371284484863e+00
1.627034842967987061e-01,4.519979476928710938e+00,9.953193664550781250e-01
4.150522649288177490e-01,3.216731071472167969e+00,9.397769570350646973e-01
2.943270206451416016e-01,2.370760679244995117e+00,8.229910135269165039e-01
6.079475283622741699e-01,3.636292695999145508e+00,1.497716665267944336e+00
8.863685727119445801e-01,3.073836863040924072e-01,8.937286138534545898e-01
4.770820438861846924e-01,3.494880676269531250e+00,3.046709299087524414e-01
6.356941461563110352e-01,1.521551489830017090e+00,1.107764601707458496e+00
2.417284548282623291e-01,4.316115856170654297e+00,1.057455658912658691e+00
8.085936307907104492e-01,3.865427255630493164e+00,6.109429597854614258e-01
9.739084839820861816e-01,3.615363836288452148e+00,1.284572243690490723e+00
7.783480882644653320e-01,3.231488227844238281e+00,6.219576597213745117e-01
8.446670770645141602e-01,1.333482146263122559e+00,1.305748462677001953e+00
3.977602124214172363e-01,2.754288196563720703e+00,7.341877818107604980e-01
3.403563201427459717e-01,1.188116908073425293e+00,1.362486362457275391e+00
2.769171297550201416e-01,2.684017419815063477e+00,7.077485322952270508e-01
3.292295932769775391e-01,1.643054008483886719e+00,2.412532120943069458e-01
3.508838713169097900e-01,1.894253730773925781e+00,4.244416356086730957e-01
1.222399249672889709e-01,3.535651922225952148e+00,3.870225250720977783e-01
2.037281990051269531e-01,1.232443094253540039e+00,2.189911752939224243e-01
7.038889527320861816e-01,1.994714617729187012e+00,3.983944356441497803e-01
1.192329823970794678e-01,2.419903039932250977e+00,3.291924595832824707e-01
4.077504575252532959e-01,1.922796070575714111e-01,4.356157481670379639e-01
2.551124989986419678e-01,3.146361827850341797e+00,1.498774290084838867e+00
1.154445409774780273e-01,1.528063654899597168e+00,1.221133708953857422e+00
4.559051394462585449e-01,5.664665102958679199e-01,1.332522988319396973e+00
3.218878805637359619e-01,3.501055479049682617e+00,9.101309180259704590e-01
5.167198777198791504e-01,4.176291465759277344e+00,1.334793210029602051e+00
8.619276285171508789e-01,1.313769698143005371e+00,4.226835370063781738e-01
3.794190883636474609e-01,2.991930007934570312e+00,2.807230353355407715e-01
3.880413174629211426e-01,9.897999763488769531e-01,5.513787269592285156e-01
5.723809823393821716e-02,3.322314262390136719e+00,4.511611759662628174e-01
6.199157238006591797e-01,2.322807788848876953e+00,6.803076267242431641e-01
3.549753129482269287e-01,9.119920730590820312e-01,1.017511844635009766e+00
1.053716912865638733e-01,3.970514774322509766e+00,9.505388140678405762e-01
8.084668964147567749e-02,4.785510540008544922e+00,4.976085424423217773e-01
6.974113583564758301e-01,2.457428216934204102e+00,1.142082333564758301e+00
5.050769448280334473e-01,2.201806068420410156e+00,6.900579929351806641e-01
1.957156956195831299e-01,2.019280910491943359e+00,6.929973959922790527e-01
4.533181488513946533e-01,3.364154696464538574e-01,7.006103992462158203e-01
7.495282888412475586e-01,1.327704668045043945e+00,8.926697969436645508e-01
7.547256350517272949e-01,4.258668422698974609e+00,7.707172632217407227e-01
8.304426074028015137e-02,2.038547515869140625e+00,1.837897151708602905e-01
9.135249853134155273e-01,4.247132301330566406e+00,6.128199696540832520e-01
3.563591837882995605e-01,1.510434389114379883e+00,6.262091398239135742e-01
1.894967406988143921e-01,2.526719331741333008e+00,4.641292095184326172e-01
7.173523306846618652e-01,2.670657634735107422e+00,9.878495931625366211e-01
8.039981722831726074e-01,3.241513967514038086e+00,3.192587196826934814e-01
6.435204148292541504e-01,2.465798854827880859e+00,2.402721494436264038e-01
4.363716244697570801e-01,4.844031810760498047e+00,1.151248812675476074e+00
6.003331020474433899e-02,4.437132835388183594e+00,7.935696840286254883e-02
5.534051656723022461e-01,4.316430091857910156e+00,6.294742822647094727e-01
1.283387392759323120e-01,5.202509760856628418e-01,8.301787376403808594e-01
6.639087200164794922e-01,4.343355655670166016e+00,1.039602875709533691e+00
6.428263783454895020e-01,7.217372059822082520e-01,8.254228234291076660e-01
9.228553175926208496e-01,2.485067605972290039e+00,3.643048107624053955e-01
3.691010177135467529e-01,2.597844362258911133e+00,8.894515633583068848e-01
6.509417295455932617e-02,9.491240382194519043e-01,5.735696554183959961e-01
5.558440685272216797e-01,3.705599308013916016e+00,1.317058324813842773e+00
3.309353888034820557e-01,3.852734565734863281e-01,7.178646326065063477e-01
1.629796773195266724e-01,1.127210855484008789e+00,5.147061944007873535e-01
4.926804006099700928e-01,4.400292396545410156e+00,1.085949063301086426e+00
4.164246618747711182e-01,4.466413497924804688e+00,1.081825256347656250e+00
7.102045416831970215e-01,2.662116527557373047e+00,4.901615381240844727e-01
4.058160185813903809e-01,1.823177933692932129e+00,9.455262422561645508e-01
2.511146366596221924e-01,8.640165925025939941e-01,9.314210414886474609e-01
4.137521386146545410e-01,2.807172060012817383e+00,3.743663132190704346e-01
7.293773293495178223e-01,7.748389840126037598e-01,9.284660220146179199e-01
3.845083415508270264e-01,1.249577641487121582e+00,3.262631297111511230e-01
5.381386876106262207e-01,3.450692176818847656e+00,1.136947154998779297e+00
2.688286304473876953e-01,3.419203042984008789e+00,8.114122152328491211e-01
5.535721778869628906e-01,4.326644420623779297e+00,1.022896647453308105e+00
8.388412594795227051e-01,1.459301233291625977e+00,8.393981456756591797e-01
7.638414502143859863e-01,3.327868223190307617e+00,8.444792628288269043e-01
5.668849945068359375e-01,1.858913779258728027e+00,5.457307696342468262e-01
9.102071523666381836e-01,8.763099312782287598e-01,1.098985791206359863e+00
7.549481391906738281e-01,4.572724819183349609e+00,9.670610427856445312e-01
4.430129528045654297e-01,4.201682090759277344e+00,1.332623720169067383e+00
8.032994270324707031e-01,9.852042198181152344e-01,2.544480860233306885e-01
7.696642279624938965e-01,9.187052249908447266e-01,1.264272212982177734e+00
3.350199759006500244e-01,3.200575828552246094e+00,3.324668407440185547e-01
9.689782261848449707e-01,2.113333463668823242e+00,8.048546910285949707e-01
6.667983531951904297e-01,2.143581390380859375e+00,6.167621612548828125e-01
7.504374980926513672e-01,1.979897975921630859e+00,9.282104969024658203e-01
7.405128479003906250e-01,1.841890454292297363e+00,7.189072370529174805e-01
8.276972770690917969e-01,3.784955024719238281e+00,1.074628710746765137e+00
9.272459149360656738e-01,2.911182403564453125e+00,5.130726695060729980e-01
7.499740719795227051e-01,2.293122053146362305e+00,7.578295469284057617e-01
6.132329702377319336e-01,7.617134451866149902e-01,9.532383680343627930e-01
7.422507405281066895e-01,2.763878822326660156e+00,3.659418523311614990e-01
6.612050533294677734e-01,1.333154559135437012e+00,1.383528590202331543e+00
6.625674962997436523e-01,2.085012197494506836e-01,9.125017523765563965e-01
8.243754506111145020e-01,1.183832168579101562e+00,9.762216210365295410e-01
9.817165136337280273e-01,3.012892007827758789e+00,9.083161354064941406e-01
1.787947416305541992e-01,7.009035348892211914e-01,1.159423112869262695e+00
5.324739813804626465e-01,2.274260520935058594e+00,8.809189200401306152e-01
9.869666695594787598e-01,2.840041875839233398e+00,2.860999107360839844e-01
9.499471783638000488e-01,4.600963592529296875e+00,6.107252836227416992e-01
8.693656325340270996e-01,4.856022000312805176e-01,1.261469364166259766e+00
7.012636065483093262e-01,3.877990245819091797e+00,1.108892083168029785e+00
1.836957037448883057e-01,2.854394197463989258e+00,1.413799762725830078e+00
6.451181769371032715e-01,4.253981590270996094e+00,1.369273424148559570e+00
2.272060811519622803e-01,4.604376792907714844e+00,8.322643637657165527e-01
4.802612662315368652e-01,2.966915130615234375e+00,5.417743921279907227e-01
9.058582186698913574e-01,4.654251575469970703e+00,5.624403953552246094e-01
3.611756861209869385e-01,3.963036775588989258e+00,3.791790306568145752e-01
2.643337547779083252e-01,4.243668317794799805e-01,4.929462969303131104e-01
4.928090870380401611e-01,2.959799766540527344e+00,3.663370013236999512e-01
1.206310763955116272e-01,3.520904064178466797e+00,1.525904685258865356e-01
5.167227983474731445e-01,4.609158992767333984e+00,1.090634226799011230e+00
4.562703669071197510e-01,7.692185640335083008e-01,2.420563399791717529e-01
1.284878700971603394e-01,3.795789718627929688e+00,1.171082139015197754e+00
9.196428656578063965e-01,3.149381399154663086e+00,7.726759314537048340e-01
2.435056865215301514e-01,4.732729911804199219e+00,6.649761199951171875e-01
6.916977763175964355e-01,2.417067766189575195e+00,4.629613459110260010e-01
7.191779613494873047e-01,6.133286356925964355e-01,3.341911435127258301e-01
7.556532323360443115e-02,1.827216029167175293e+00,3.689219653606414795e-01
3.298942148685455322e-01,1.857177913188934326e-01,1.170575857162475586e+00
4.008435010910034180e-01,2.326603412628173828e+00,8.574820160865783691e-01
2.712702155113220215e-01,4.694626331329345703e+00,9.242333769798278809e-01
8.366087079048156738e-01,4.391409754753112793e-01,8.282716274261474609e-01
8.108901381492614746e-01,1.891658663749694824e+00,6.078827977180480957e-01
2.027359604835510254e-01,2.240486741065979004e-01,9.680614471435546875e-01
3.800644874572753906e-01,2.874102890491485596e-01,7.743776440620422363e-01
2.389167249202728271e-01,4.941532135009765625e+00,3.781735897064208984e-01
3.251843452453613281e-01,3.433285951614379883e-01,6.713527441024780273e-01
9.078360199928283691e-01,2.375462055206298828e+00,8.096615076065063477e-01
2.307065427303314209e-01,2.428134441375732422e+00,6.686068773269653320e-01
9.181114435195922852e-01,1.352220416069030762e+00,8.587026000022888184e-01
4.390349686145782471e-01,4.249126434326171875e+00,6.897951364517211914e-01
7.549811005592346191e-01,5.682809948921203613e-01,4.750703871250152588e-01
7.891544103622436523e-01,4.232129096984863281e+00,8.589252233505249023e-01
2.882598340511322021e-01,5.831775665283203125e-01,5.117799043655395508e-01
7.464786618947982788e-02,3.153222799301147461e+00,7.013836503028869629e-01
4.191575646400451660e-01,7.379932403564453125e-01,1.972153335809707642e-01
9.490441530942916870e-02,3.067511081695556641e+00,1.211320638656616211e+00
3.331758081912994385e-01,4.281584739685058594e+00,1.586745828390121460e-01
9.406135678291320801e-01,2.735359430313110352e+00,9.047713875770568848e-01
5.783862471580505371e-01,3.712538957595825195e+00,1.263712406158447266e+00
3.809343576431274414e-01,1.944259107112884521e-01,3.363297581672668457e-01
6.219505071640014648e-01,8.673996478319168091e-02,8.757044076919555664e-01
2.770486176013946533e-01,4.112141132354736328e+00,4.034588634967803955e-01
1.839360445737838745e-01,3.110233068466186523e+00,7.882837653160095215e-01
9.775382876396179199e-01,1.438340067863464355e+00,6.610729694366455078e-01
5.184640884399414062e-01,2.426409482955932617e+00,6.799135804176330566e-01
5.417575836181640625e-01,3.680115699768066406e+00,5.030483007431030273e-01
8.867218494415283203e-01,1.086893320083618164e+00,1.017506003379821777e+00
8.651896119117736816e-01,2.793732404708862305e+00,5.904498696327209473e-01
5.418827533721923828e-01,4.469588279724121094e+00,7.148323655128479004e-01
5.689323544502258301e-01,2.732430696487426758e+00,3.896881937980651855e-01
1.807874292135238647e-01,8.548091053962707520e-01,1.237991213798522949e+00
9.055587053298950195e-01,1.501908779144287109e+00,7.733009457588195801e-01
1.948905140161514282e-01,1.276793241500854492e+00,8.709663748741149902e-01
7.728755474090576172e-01,4.319475650787353516e+00,8.083662390708923340e-01
1.578999310731887817e-01,4.369502067565917969e+00,7.228047847747802734e-01
2.874249517917633057e-01,3.713516235351562500e+00,1.197926759719848633e+00
5.783159732818603516e-01,1.887481212615966797e+00,6.640782356262207031e-01
3.385087549686431885e-01,4.317038357257843018e-01,7.884343266487121582e-01
1.736830919981002808e-01,4.507016658782958984e+00,4.981004297733306885e-01
6.806475520133972168e-01,3.758496522903442383e+00,6.694090962409973145e-01
9.153133034706115723e-01,4.270788669586181641e+00,9.737051129341125488e-01
7.189742922782897949e-01,1.021709799766540527e+00,1.317704319953918457e+00
2.711016237735748291e-01,5.392257571220397949e-01,1.200795769691467285e+00
8.338252902030944824e-01,1.735702753067016602e+00,9.025203585624694824e-01
4.939382076263427734e-01,4.299174785614013672e+00,8.182893395423889160e-01
6.791545450687408447e-02,4.877708911895751953e+00,1.018807649612426758e+00
2.348851114511489868e-01,1.082423686981201172e+00,1.235673427581787109e+00
3.726784586906433105e-01,4.114592671394348145e-01,5.585552453994750977e-01
6.859028935432434082e-01,1.017576694488525391e+00,8.482474684715270996e-01
7.845201343297958374e-02,4.649970054626464844e+00,5.931938290596008301e-01
5.258815884590148926e-01,3.635093450546264648e+00,9.290645122528076172e-01
6.996542215347290039e-01,4.482063293457031250e+00,1.112689852714538574e+00
8.124511688947677612e-02,2.100390434265136719e+00,1.411176085472106934e+00
5.293255448341369629e-01,4.005482673645019531e+00,6.087719202041625977e-01
2.637144625186920166e-01,1.345405101776123047e+00,5.121265053749084473e-01
5.527150034904479980e-01,1.692274570465087891e+00,4.685510396957397461e-01
3.844480216503143311e-01,3.172192811965942383e+00,1.352567672729492188e+00
3.545882999897003174e-01,3.756364583969116211e+00,6.166678071022033691e-01
1.829541772603988647e-01,2.407413244247436523e+00,2.836349606513977051e-01
1.093889921903610229e-01,4.705918788909912109e+00,4.696899950504302979e-01
1.862290203571319580e-01,4.845082759857177734e+00,7.998163104057312012e-01
8.943647742271423340e-01,1.333713769912719727e+00,1.268131732940673828e-01
5.649775862693786621e-01,2.461853265762329102e+00,2.681397795677185059e-01
1.133130416274070740e-01,4.286947250366210938e+00,1.053764462471008301e+00
7.199597954750061035e-01,6.568019390106201172e-01,1.420040607452392578e+00
4.051420092582702637e-01,1.624510645866394043e+00,1.174061655998229980e+00
1.658088862895965576e-01,4.756712019443511963e-01,1.279439777135848999e-01
2.842511832714080811e-01,3.646614313125610352e+00,7.580623030662536621e-01
7.492725849151611328e-01,4.918191909790039062e+00,3.106153607368469238e-01
3.986806571483612061e-01,2.810098886489868164e+00,2.116349488496780396e-01
7.461955547332763672e-01,3.848067045211791992e+00,1.204484224319458008e+00
4.226879179477691650e-01,3.563876152038574219e+00,1.374625265598297119e-01
4.565336406230926514e-01,3.788154840469360352e+00,1.435105204582214355e+00
8.991956710815429688e-01,1.797903776168823242e+00,8.137995600700378418e-01
8.811421990394592285e-01,3.022174119949340820e+00,1.342479348182678223e+00
5.018006265163421631e-02,1.015834808349609375e+00,2.114728689193725586e-01
3.500466942787170410e-01,9.334656596183776855e-01,1.387128949165344238e+00
1.413378398865461349e-02,1.954223036766052246e+00,1.234614968299865723e+00
9.808293730020523071e-02,2.484390258789062500e+00,9.423707127571105957e-01
5.060241222381591797e-01,1.570616006851196289e+00,1.706897914409637451e-01
5.098570585250854492e-01,3.646921634674072266e+00,1.119680762290954590e+00
2.088576257228851318e-01,4.704500198364257812e+00,4.243718385696411133e-01
7.216636538505554199e-01,4.375210285186767578e+00,3.621185123920440674e-01
9.007230997085571289e-01,3.287972688674926758e+00,1.223507165908813477e+00
6.748767495155334473e-01,1.212590336799621582e+00,1.333801388740539551e+00
4.666019082069396973e-01,2.362339973449707031e+00,1.691454946994781494e-01
9.773356318473815918e-01,2.581845045089721680e+00,1.140593051910400391e+00
1.030454114079475403e-01,4.499650001525878906e+00,1.137416362762451172e+00
2.969245314598083496e-01,2.909446954727172852e+00,1.388236641883850098e+00
9.411487579345703125e-01,1.809246420860290527e+00,1.211704373359680176e+00
4.656791388988494873e-01,1.451191663742065430e+00,4.900052845478057861e-01
7.810353040695190430e-01,3.408133268356323242e+00,3.684740066528320312e-01
8.092666268348693848e-01,4.269619941711425781e+00,1.031474709510803223e+00
1.413985639810562134e-01,2.497901201248168945e+00,9.789704084396362305e-01
6.110257506370544434e-01,2.319247722625732422e-01,1.336878061294555664e+00
6.496794819831848145e-01,8.212940096855163574e-01,3.415089249610900879e-01
7.132832407951354980e-01,8.018782138824462891e-01,1.087466835975646973e+00
1.873437017202377319e-01,1.638687968254089355e+00,2.372972965240478516e-01
5.602337718009948730e-01,3.670806407928466797e+00,5.368109941482543945e-01
3.482061922550201416e-01,3.539971351623535156e+00,5.387777686119079590e-01
4.300788938999176025e-01,3.836514234542846680e+00,7.780894041061401367e-01
8.732382655143737793e-01,1.671099185943603516e+00,3.003354370594024658e-01
5.407572984695434570e-01,8.007659316062927246e-01,2.161576747894287109e-01
2.779004275798797607e-01,1.508276700973510742e+00,7.801798582077026367e-01
2.276304066181182861e-01,4.517989635467529297e+00,2.098706066608428955e-01
6.733443737030029297e-01,9.410653114318847656e-01,6.097791790962219238e-01
3.649475574493408203e-01,3.022400379180908203e+00,1.119988679885864258e+00
8.519298434257507324e-01,4.528441131114959717e-01,5.469884872436523438e-01
8.995695114135742188e-01,2.581959962844848633e+00,1.004741787910461426e+00
1.195463910698890686e-01,1.394346475601196289e+00,1.124375224113464355e+00
3.575119078159332275e-01,3.170770406723022461e+00,1.502977907657623291e-01
9.364364147186279297e-01,3.395198583602905273e+00,1.168739080429077148e+00
4.716610610485076904e-01,1.983975648880004883e+00,9.746280312538146973e-01
1.491908133029937744e-01,3.340473890304565430e+00,6.065187454223632812e-01
7.605478763580322266e-01,4.617864131927490234e+00,6.844874024391174316e-01
7.396486997604370117e-01,1.830630183219909668e+00,6.269362568855285645e-01
6.787045598030090332e-01,4.733706951141357422e+00,7.319896221160888672e-01
4.577402174472808838e-01,2.373131513595581055e+00,1.413763999938964844e+00
4.736749827861785889e-01,3.992597818374633789e+00,1.058254599571228027e+00
3.322930932044982910e-01,1.127091407775878906e+00,4.346737265586853027e-01
5.486503839492797852e-01,4.665227830410003662e-01,1.288172006607055664e+00
3.823499083518981934e-01,2.084898471832275391e+00,1.422213315963745117e+00
3.224725425243377686e-01,3.858820915222167969e+00,1.933225393295288086e-01
6.194620132446289062e-01,1.995691776275634766e+00,6.484217047691345215e-01
5.459362268447875977e-01,4.151373386383056641e+00,8.943687677383422852e-01
6.234174370765686035e-01,9.176810979843139648e-01,8.520315885543823242e-01
8.199240565299987793e-01,1.057118535041809082e+00,3.490258455276489258e-01
8.684176206588745117e-01,3.623535633087158203e+00,8.290321826934814453e-01
3.609067797660827637e-01,3.751178979873657227e+00,2.007969617843627930e-01
4.002380967140197754e-01,4.631867408752441406e+00,5.366800427436828613e-01
1.021654158830642700e-01,2.264123201370239258e+00,4.519057273864746094e-01
2.361863255500793457e-01,2.778172492980957031e+00,7.132185697555541992e-01
3.262242376804351807e-01,2.594655752182006836e+00,5.256116986274719238e-01
7.692552208900451660e-01,4.291660785675048828e+00,1.108768463134765625e+00
9.948558360338211060e-02,2.153066158294677734e+00,2.671122848987579346e-01
4.562388062477111816e-01,1.781742572784423828e+00,1.266077637672424316e+00
2.215184420347213745e-01,2.880825519561767578e+00,3.061909675598144531e-01
1.499554067850112915e-01,2.427381038665771484e+00,4.674987494945526123e-01
6.218424439430236816e-01,4.485655307769775391e+00,9.311451315879821777e-01
4.107687771320343018e-01,3.205646514892578125e+00,9.088414907455444336e-01
5.080848932266235352e-01,2.633561372756958008e+00,4.176988005638122559e-01
2.605416178703308105e-01,1.309323668479919434e+00,1.233117461204528809e+00
2.628214657306671143e-01,3.929486274719238281e+00,6.507593989372253418e-01
4.631605446338653564e-01,4.687816143035888672e+00,1.058831810951232910e+00
3.529589772224426270e-01,3.167796850204467773e+00,1.223009347915649414e+00
6.603214740753173828e-01,1.138721585273742676e+00,1.074630379676818848e+00
6.680366396903991699e-01,2.136660337448120117e+00,1.309750318527221680e+00
4.570744335651397705e-01,2.974309444427490234e+00,3.689947128295898438e-01
6.180258989334106445e-01,4.791603684425354004e-01,1.196050882339477539e+00
3.910281062126159668e-01,4.765337467193603516e+00,1.042122960090637207e+00
3.978754878044128418e-01,2.538254499435424805e+00,1.022133827209472656e+00
8.367213606834411621e-01,4.282357215881347656e+00,1.327835321426391602e+00
1.849653273820877075e-01,1.297619581222534180e+00,9.058985710144042969e-01
2.782166600227355957e-01,3.267078876495361328e+00,8.269013166427612305e-01
8.320160508155822754e-01,1.586468577384948730e+00,4.516751468181610107e-01
4.839073717594146729e-01,4.424811840057373047e+00,1.218242049217224121e+00
5.712261795997619629e-01,3.146463632583618164e+00,5.007738471031188965e-01
9.013496637344360352e-01,3.739170551300048828e+00,1.054657340049743652e+00
4.004439115524291992e-01,2.040432929992675781e+00,3.108480870723724365e-01
3.708007559180259705e-02,1.531235218048095703e+00,9.544292688369750977e-01
6.271568536758422852e-01,1.884184598922729492e+00,7.247258424758911133e-01
1.377266049385070801e-01,3.810064554214477539e+00,2.955911755561828613e-01
2.306128591299057007e-01,1.587586522102355957e+00,1.177177429199218750e+00
4.840047359466552734e-01,2.399467229843139648e-01,1.357649564743041992e-01
8.349193930625915527e-01,3.881774187088012695e+00,9.675924777984619141e-01
3.919393122196197510e-01,1.311004757881164551e+00,3.718975484371185303e-01
8.217466473579406738e-01,3.611179351806640625e+00,1.364654779434204102e+00
4.816502928733825684e-01,3.820436716079711914e+00,3.541818857192993164e-01
9.557589292526245117e-01,1.468786478042602539e+00,7.300481200218200684e-01
3.584683686494827271e-02,8.899683952331542969e-01,7.495674490928649902e-01
8.896960616111755371e-01,2.370496988296508789e+00,8.689528107643127441e-01
3.029565215110778809e-01,3.059869289398193359e+00,1.009690165519714355e+00
3.850091695785522461e-01,1.585928559303283691e+00,2.514731884002685547e-01
9.058680534362792969e-01,2.296128749847412109e+00,1.089757204055786133e+00
1.303048729896545410e-01,3.816912174224853516e+00,2.203902751207351685e-01
7.639879584312438965e-01,1.022978186607360840e+00,6.362357139587402344e-01
4.686322808265686035e-01,3.183418512344360352e+00,3.687041997909545898e-01
1.781311333179473877e-01,3.210349559783935547e+00,1.259251952171325684e+00
2.241244614124298096e-01,4.191734313964843750e+00,1.129157662391662598e+00
9.832517504692077637e-01,1.160676121711730957e+00,7.382287979125976562e-01
9.272170066833496094e-01,1.818594455718994141e+00,8.886320590972900391e-01
9.985600113868713379e-01,3.443834781646728516e+00,1.321427226066589355e+00
3.432297408580780029e-01,4.524779796600341797e+00,4.984747767448425293e-01
2.795972228050231934e-01,8.106554746627807617e-01,6.757202744483947754e-01
5.481533408164978027e-01,1.718538999557495117e-01,7.939300537109375000e-01
8.588371276855468750e-01,2.801897525787353516e+00,2.585082352161407471e-01
4.071054160594940186e-01,2.497728824615478516e+00,1.284802436828613281e+00
4.807799458503723145e-01,4.703074455261230469e+00,5.418974757194519043e-01
8.310416340827941895e-01,1.187032461166381836e+00,8.764671087265014648e-01
1.048398315906524658e-01,2.195729732513427734e+00,6.573202610015869141e-01
4.032714068889617920e-01,1.028360605239868164e+00,1.044871807098388672e+00
4.278579950332641602e-01,1.850224852561950684e+00,2.524085044860839844e-01
5.285100340843200684e-01,5.381932854652404785e-01,1.222537994384765625e+00
4.455322623252868652e-01,5.083904266357421875e-01,3.288003802299499512e-01
7.314106076955795288e-02,6.679776906967163086e-01,4.564426839351654053e-01
5.589298605918884277e-01,2.222709417343139648e+00,7.119225263595581055e-01
5.531838536262512207e-01,2.812038660049438477e-01,3.346095383167266846e-01
8.194300532341003418e-01,2.837401866912841797e+00,9.872857928276062012e-01
2.429867982864379883e-01,3.548759937286376953e+00,1.077725648880004883e+00
1.138319969177246094e-01,3.833731710910797119e-01,4.486649334430694580e-01
4.948666095733642578e-01,4.388817310333251953e+00,8.130618929862976074e-01
6.307768821716308594e-01,9.931184649467468262e-01,4.148249030113220215e-01
2.076525539159774780e-01,9.288038015365600586e-01,4.563983082771301270e-01
1.832207292318344116e-01,3.728230237960815430e+00,1.364986598491668701e-01
8.590862154960632324e-01,2.545645236968994141e+00,9.466608762741088867e-01
5.805671811103820801e-01,4.568479537963867188e+00,1.082758426666259766e+00
8.675667643547058105e-01,2.330272436141967773e+00,8.557004928588867188e-01
7.261931300163269043e-01,3.865157604217529297e+00,2.006406038999557495e-01
3.020232021808624268e-01,4.260402202606201172e+00,3.092041015625000000e-01
1.614589244127273560e-01,1.830307602882385254e+00,5.959094762802124023e-01
5.373713001608848572e-02,1.136254906654357910e+00,5.631983876228332520e-01
2.296689450740814209e-01,3.291052818298339844e+00,1.430760025978088379e+00
3.934289813041687012e-01,5.250934362411499023e-01,7.224481701850891113e-01
4.105852544307708740e-01,3.158737123012542725e-01,1.298362135887145996e+00
6.624906659126281738e-01,2.165255784988403320e+00,4.705568552017211914e-01
2.343077361583709717e-01,3.422266244888305664e+00,1.723032593727111816e-01
6.054599285125732422e-01,3.238160610198974609e+00,3.528135418891906738e-01
2.987286746501922607e-01,1.287760496139526367e+00,5.028898119926452637e-01
8.730139136314392090e-01,1.668461203575134277e+00,3.703947067260742188e-01
8.526169508695602417e-02,4.713965892791748047e+00,2.770772576332092285e-01
1.566456258296966553e-01,2.629828929901123047e+00,4.129194617271423340e-01
5.376235842704772949e-01,1.318588852882385254e+00,2.003177851438522339e-01
2.669635415077209473e-01,1.754774928092956543e+00,1.143498301506042480e+00
5.710505247116088867e-01,4.072980403900146484e+00,1.490308523178100586e+00
8.499012589454650879e-01,4.090985298156738281e+00,4.807262718677520752e-01
3.192405104637145996e-01,3.042945861816406250e+00,1.257826566696166992e+00
1.775156259536743164e-01,1.728305459022521973e+00,1.369117259979248047e+00
4.780025482177734375e-01,3.790520429611206055e+00,5.918958783149719238e-01
9.138780832290649414e-01,8.820571899414062500e-01,1.028444290161132812e+00
4.353927373886108398e-01,3.711022853851318359e+00,3.532595336437225342e-01
4.101258516311645508e-01,1.425724029541015625e+00,4.641784131526947021e-01
2.045938670635223389e-01,1.982293248176574707e+00,4.055397510528564453e-01
3.138361275196075439e-01,5.105610489845275879e-01,4.734986126422882080e-01
4.683004021644592285e-01,3.032815217971801758e+00,7.428219914436340332e-01
7.383311986923217773e-01,2.442958116531372070e+00,9.532319903373718262e-01
1.548095047473907471e-02,2.666059017181396484e+00,2.998647093772888184e-01
6.825078725814819336e-01,3.507126808166503906e+00,8.230698108673095703e-01
3.686971068382263184e-01,3.423121869564056396e-01,9.574361890554428101e-02
6.985616683959960938e-01,6.874606013298034668e-01,9.505257010459899902e-01
2.522121071815490723e-01,4.634199619293212891e+00,3.303453624248504639e-01
2.505563199520111084e-01,2.400564670562744141e+00,2.455186098814010620e-01
2.871060557663440704e-02,2.076743602752685547e+00,2.339973002672195435e-01
5.868880152702331543e-01,2.276631593704223633e+00,3.077453970909118652e-01
4.316326975822448730e-01,4.040477752685546875e+00,1.227020740509033203e+00
8.863222002983093262e-01,2.826457023620605469e+00,6.091545224189758301e-01
6.793285608291625977e-01,2.702503681182861328e+00,6.708289384841918945e-01
2.381773591041564941e-01,2.130182027816772461e+00,1.170608758926391602e+00
4.817320704460144043e-01,3.446528673171997070e+00,3.890089094638824463e-01
5.512018203735351562e-01,1.280954241752624512e+00,1.819839328527450562e-01
5.612352490425109863e-01,1.893877387046813965e+00,8.310226798057556152e-01
1.254944950342178345e-01,1.911257147789001465e+00,1.359662771224975586e+00
6.542150378227233887e-01,4.227008819580078125e+00,1.240441799163818359e+00
2.345797419548034668e-01,9.244897961616516113e-01,1.373417019844055176e+00
5.742370486259460449e-01,4.650206089019775391e+00,9.478882551193237305e-01
8.018103837966918945e-01,1.033842656761407852e-02,2.741756141185760498e-01
9.245904088020324707e-01,2.157528877258300781e+00,8.641484975814819336e-01
1.193054839968681335e-01,1.607550501823425293e+00,9.317134022712707520e-01
2.108904272317886353e-01,4.412748813629150391e+00,6.861740350723266602e-01
8.061907440423965454e-02,9.581050276756286621e-01,1.359768033027648926e+00
3.253873586654663086e-01,3.223618030548095703e+00,1.182522535324096680e+00
7.289841175079345703e-01,4.520740985870361328e+00,1.265961527824401855e+00
9.921460151672363281e-01,3.313099384307861328e+00,9.908366799354553223e-01
8.491943478584289551e-01,3.832865238189697266e+00,1.103391647338867188e+00
6.562880873680114746e-01,1.341400980949401855e+00,1.186504244804382324e+00
6.077247262001037598e-01,3.321583509445190430e+00,4.347416162490844727e-01
3.342388570308685303e-01,2.928197383880615234e+00,6.993367671966552734e-01
3.640304207801818848e-01,3.988526105880737305e+00,3.613611757755279541e-01
5.062824487686157227e-01,2.467138290405273438e+00,1.078222036361694336e+00
5.001145601272583008e-01,3.330935835838317871e-01,5.421137213706970215e-01
2.389018982648849487e-01,8.734353780746459961e-01,4.906779527664184570e-01
9.368875622749328613e-01,4.123571872711181641e+00,1.487275004386901855e+00
9.071716070175170898e-01,1.410009145736694336e+00,6.104435324668884277e-01
6.888560652732849121e-01,4.144529819488525391e+00,3.263974487781524658e-01
2.967086434364318848e-01,4.358583450317382812e+00,4.001342654228210449e-01
2.212060391902923584e-01,1.558051943778991699e+00,8.408868312835693359e-01
5.055789947509765625e-01,4.437705516815185547e+00,6.728878021240234375e-01
5.672363638877868652e-01,9.946631789207458496e-01,7.271034717559814453e-01
2.833572328090667725e-01,4.853956699371337891e+00,5.379661321640014648e-01
4.123323261737823486e-01,2.051158905029296875e+00,5.855590105056762695e-01
8.463282585144042969e-01,3.727778911590576172e+00,5.987710356712341309e-01
7.341530919075012207e-01,1.320000886917114258e+00,2.813367545604705811e-01
7.108396887779235840e-01,4.269128322601318359e+00,3.718606531620025635e-01
3.400065302848815918e-01,4.403644084930419922e+00,1.262932777404785156e+00
7.785475254058837891e-01,4.156161785125732422e+00,1.283808112144470215e+00
3.045177161693572998e-01,3.754012346267700195e+00,3.728796243667602539e-01
2.139759957790374756e-01,2.749713659286499023e+00,5.712854266166687012e-01
9.063116312026977539e-01,3.625191152095794678e-01,7.195551395416259766e-01
8.871811032295227051e-01,2.015815973281860352e+00,4.491260349750518799e-01
6.431591510772705078e-02,4.521911740303039551e-01,1.118511557579040527e+00
6.751605123281478882e-02,1.881449222564697266e+00,5.373325943946838379e-01
6.246213912963867188e-01,1.553199291229248047e+00,7.599390149116516113e-01
6.984422802925109863e-01,1.107275962829589844e+00,1.251771569252014160e+00
5.868727564811706543e-01,3.541130304336547852e+00,5.036816596984863281e-01
8.335734605789184570e-01,1.124421715736389160e+00,1.159379959106445312e+00
1.642274856567382812e-01,3.284312486648559570e+00,1.144766926765441895e+00
5.067048072814941406e-01,4.657298088073730469e+00,8.375135660171508789e-01
8.264034986495971680e-01,2.502786874771118164e+00,3.630427420139312744e-01
8.905448764562606812e-02,1.183265566825866699e+00,1.203626394271850586e+00
6.748610138893127441e-01,1.615519046783447266e+00,4.606088995933532715e-01
4.991606250405311584e-02,8.932221531867980957e-01,4.694247543811798096e-01
4.107986986637115479e-01,1.798419654369354248e-01,3.697160184383392334e-01
9.589316248893737793e-01,3.126122474670410156e+00,5.586299300193786621e-01
5.074557662010192871e-01,2.327720224857330322e-01,3.897123038768768311e-01
4.497116804122924805e-01,2.203095436096191406e+00,1.154926419258117676e+00
3.769178688526153564e-01,8.882821202278137207e-01,9.234982728958129883e-01
9.461137056350708008e-01,3.330013990402221680e+00,2.380521148443222046e-01
1.546035110950469971e-01,3.824605047702789307e-01,1.256864070892333984e-01
4.493841826915740967e-01,2.100369215011596680e+00,2.990154325962066650e-01
6.298258304595947266e-01,1.501584172248840332e+00,5.924132466316223145e-01
2.416746318340301514e-01,8.534698486328125000e-01,4.280665814876556396e-01
1.122505888342857361e-01,4.471150875091552734e+00,5.102484226226806641e-01
4.665237292647361755e-02,2.019340276718139648e+00,2.048024982213973999e-01
3.129593431949615479e-01,4.847839832305908203e+00,3.885109722614288330e-01
4.854507148265838623e-01,4.581162452697753906e+00,4.264458417892456055e-01
4.677083790302276611e-01,1.051685333251953125e+00,5.570781826972961426e-01
5.946678519248962402e-01,3.841629981994628906e+00,6.915005445480346680e-01
9.732003808021545410e-01,1.351290583610534668e+00,6.915553808212280273e-01
5.314896702766418457e-01,4.119233131408691406e+00,1.137515544891357422e+00
5.688380599021911621e-01,3.449458837509155273e+00,4.827229976654052734e-01
7.287256717681884766e-01,2.009570747613906860e-01,2.550417482852935791e-01
5.224652215838432312e-02,2.520478248596191406e+00,8.621629476547241211e-01
4.166497290134429932e-01,1.432502865791320801e+00,1.280820727348327637e+00
6.160255074501037598e-01,4.618247747421264648e-01,1.261650323867797852e+00
3.503640294075012207e-01,4.995446205139160156e+00,1.024047017097473145e+00
2.133688777685165405e-01,1.923534393310546875e+00,6.832015514373779297e-01
2.500915229320526123e-01,1.524476408958435059e+00,1.301184058189392090e+00
8.356122374534606934e-01,3.109688043594360352e+00,1.155997753143310547e+00
7.255245447158813477e-01,3.070042610168457031e+00,9.474112391471862793e-01
7.456799745559692383e-01,3.191463053226470947e-01,3.681821525096893311e-01
1.447787135839462280e-01,2.451723098754882812e+00,4.272297918796539307e-01
8.229321241378784180e-01,2.760595798492431641e+00,1.148384809494018555e+00
4.857546091079711914e-01,4.511818408966064453e+00,9.801554679870605469e-01
1.233823038637638092e-02,1.122480750083923340e+00,7.038268446922302246e-01
6.277366280555725098e-01,3.404966115951538086e+00,4.757795631885528564e-01
5.462221503257751465e-01,2.663077831268310547e+00,8.521077632904052734e-01
2.856733463704586029e-02,4.538098335266113281e+00,5.823677182197570801e-01
3.290243148803710938e-01,1.448582291603088379e+00,1.489980578422546387e+00
4.897240400314331055e-01,1.266309738159179688e+00,7.423190474510192871e-01
1.171194389462471008e-01,2.538923025131225586e+00,6.933414936065673828e-01
7.277868390083312988e-01,4.656559944152832031e+00,6.824723482131958008e-01
3.691658973693847656e-01,3.025738954544067383e+00,3.339456319808959961e-01
3.625802695751190186e-01,1.818692564964294434e+00,9.736844301223754883e-01
8.632453680038452148e-01,2.272276878356933594e+00,7.392049580812454224e-02
8.719946146011352539e-01,4.489827752113342285e-01,5.292418599128723145e-01
5.025379061698913574e-01,2.892273664474487305e+00,1.341994404792785645e+00
7.056685090065002441e-01,1.172263622283935547e+00,6.267855763435363770e-01
2.464129626750946045e-01,4.538498878479003906e+00,3.093145489692687988e-01
2.326709330081939697e-01,2.529299497604370117e+00,7.954541444778442383e-01
1.537028998136520386e-01,3.102910280227661133e+00,9.280321598052978516e-01
8.092897534370422363e-01,4.168229103088378906e+00,1.191797375679016113e+00
5.476503372192382812e-01,3.728921175003051758e+00,3.149120509624481201e-01
1.529795974493026733e-01,2.280710220336914062e+00,1.427173852920532227e+00
7.620203495025634766e-01,4.570350170135498047e+00,2.417755722999572754e-01
2.597183585166931152e-01,2.849436998367309570e+00,6.252898573875427246e-01
8.371897935867309570e-01,2.655816316604614258e+00,8.477804064750671387e-01
4.231099784374237061e-01,2.477637529373168945e+00,1.180659651756286621e+00
6.671576499938964844e-01,4.796805381774902344e+00,4.826748371124267578e-01
9.628497362136840820e-01,2.477443695068359375e+00,1.415170788764953613e+00
6.731749176979064941e-01,3.759833335876464844e+00,1.360954999923706055e+00
1.512189805507659912e-01,4.920921802520751953e+00,9.969418048858642578e-01
3.945342898368835449e-01,4.319931507110595703e+00,6.756744384765625000e-01
2.227488309144973755e-01,1.230732679367065430e+00,4.300913810729980469e-01
6.645156741142272949e-01,8.699419498443603516e-01,5.551473498344421387e-01
8.910883665084838867e-01,1.099071502685546875e+00,2.352230697870254517e-01
4.042843878269195557e-01,3.072052896022796631e-01,4.691849350929260254e-01
9.690239429473876953e-01,3.765980005264282227e+00,8.691458702087402344e-01
2.251781970262527466e-01,4.253411293029785156e+00,9.573292732238769531e-01
1.022890061140060425e-01,2.659378290176391602e+00,7.480401396751403809e-01
2.230831682682037354e-01,8.484115004539489746e-01,6.025332212448120117e-01
6.415157914161682129e-01,3.926115751266479492e+00,4.169038534164428711e-01
3.001681268215179443e-01,3.797201871871948242e+00,5.019627213478088379e-01
2.133706957101821899e-01,6.407371163368225098e-01,6.524851918220520020e-01
7.914282083511352539e-01,2.669560194015502930e+00,3.123476207256317139e-01
8.625909686088562012e-01,3.827888965606689453e+00,9.021467566490173340e-01
2.148088812828063965e-01,1.739553451538085938e+00,1.255059719085693359e+00
7.472622990608215332e-01,4.638204097747802734e+00,4.783934950828552246e-01
6.459978818893432617e-01,2.190054416656494141e+00,1.101706743240356445e+00
4.964210689067840576e-01,4.846860885620117188e+00,1.163745403289794922e+00
3.907794356346130371e-01,2.012575864791870117e+00,7.508349418640136719e-01
7.664301991462707520e-01,1.334498643875122070e+00,1.232233643531799316e+00
7.124001383781433105e-01,9.176971912384033203e-01,1.302520275115966797e+00
3.852342963218688965e-01,3.914092540740966797e+00,1.124394536018371582e+00
2.799524925649166107e-03,1.337399125099182129e+00,3.919942677021026611e-01
7.873359918594360352e-01,3.821578323841094971e-01,8.966767191886901855e-01
5.467801690101623535e-01,1.555542826652526855e+00,7.566481232643127441e-01
4.933713972568511963e-01,2.574815034866333008e+00,3.114109635353088379e-01
4.428124129772186279e-01,1.414196014404296875e+00,1.195150017738342285e+00
5.822932720184326172e-01,2.400081902742385864e-01,5.524871349334716797e-01
6.438134908676147461e-01,1.767293572425842285e+00,8.242652416229248047e-01
8.563032746315002441e-01,4.068190574645996094e+00,6.206274628639221191e-01
7.051645517349243164e-01,3.714332103729248047e+00,9.279496073722839355e-01
7.812227010726928711e-01,7.441220879554748535e-01,2.506654560565948486e-01
1.822703331708908081e-01,3.841183781623840332e-01,4.061672389507293701e-01
5.810395479202270508e-01,3.660760879516601562e+00,4.124226570129394531e-01
9.768465161323547363e-01,3.409374237060546875e+00,7.869277596473693848e-01
9.151635766029357910e-01,2.567104816436767578e+00,2.243521362543106079e-01
4.412865638732910156e-01,4.593901634216308594e+00,9.479480981826782227e-01
5.980230569839477539e-01,4.974565804004669189e-01,7.127481102943420410e-01
3.169126808643341064e-01,1.245444118976593018e-01,3.983556628227233887e-01
1.554717719554901123e-01,1.304546833038330078e+00,8.260881900787353516e-01
8.847939968109130859e-01,1.865781068801879883e+00,4.158933460712432861e-01
3.336654901504516602e-01,3.932551622390747070e+00,7.593862414360046387e-01
1.231219619512557983e-01,5.132905840873718262e-01,1.454396724700927734e+00
7.506576776504516602e-01,1.767459273338317871e+00,1.072921037673950195e+00
6.891654133796691895e-01,2.305937767028808594e+00,8.974964022636413574e-01
4.702047705650329590e-01,8.380163908004760742e-01,2.070871442556381226e-01
3.963688910007476807e-01,1.905411034822463989e-01,1.063117265701293945e+00
7.462516427040100098e-01,4.714080810546875000e+00,8.231760263442993164e-01
2.223222404718399048e-01,3.269934654235839844e+00,1.068159818649291992e+00
4.056473970413208008e-01,1.079852581024169922e+00,4.003168642520904541e-01
4.203274846076965332e-01,2.388553380966186523e+00,4.064331352710723877e-01
3.014083504676818848e-01,4.608610630035400391e+00,1.033713340759277344e+00
5.086820721626281738e-01,2.937655687332153320e+00,4.908450543880462646e-01
4.357246756553649902e-01,4.288584709167480469e+00,1.175171852111816406e+00
2.323285639286041260e-01,2.251558780670166016e+00,8.508698940277099609e-01
6.082397699356079102e-01,1.797087311744689941e+00,3.989429771900177002e-01
1.554950028657913208e-01,6.346188783645629883e-01,6.635763049125671387e-01
3.142834603786468506e-01,1.695147633552551270e+00,6.057713627815246582e-01
2.279483526945114136e-01,4.714346885681152344e+00,1.099841475486755371e+00
6.726679801940917969e-01,3.762382507324218750e+00,2.647393643856048584e-01
8.900477886199951172e-01,2.616110563278198242e+00,5.746193528175354004e-01
7.376260757446289062e-01,2.959818601608276367e+00,1.306131005287170410e+00
5.870202779769897461e-01,4.650659084320068359e+00,9.670084118843078613e-01
7.827757000923156738e-01,1.133171081542968750e+00,1.188016057014465332e+00
6.658453345298767090e-01,4.875052452087402344e+00,7.353333234786987305e-01
6.148248314857482910e-01,4.283820152282714844e+00,8.521083593368530273e-01
7.403991371393203735e-02,2.800045251846313477e+00,4.207087159156799316e-01
2.228128463029861450e-01,2.811510086059570312e+00,8.605439066886901855e-01
2.122352272272109985e-01,2.104727327823638916e-01,7.008389830589294434e-01
7.741136550903320312e-01,4.190200328826904297e+00,8.145413398742675781e-01
8.629855513572692871e-01,1.763197541236877441e+00,1.136909842491149902e+00
2.785447537899017334e-01,3.742263555526733398e+00,4.317434728145599365e-01
6.673011183738708496e-01,2.625999689102172852e+00,1.235785007476806641e+00
1.985887587070465088e-01,1.769501805305480957e+00,1.270069360733032227e+00
5.750561878085136414e-02,1.850897550582885742e+00,1.293746471405029297e+00
6.923226714134216309e-01,1.792490720748901367e+00,2.123993486166000366e-01
2.371663451194763184e-01,2.070214271545410156e+00,1.159595251083374023e+00
6.928188353776931763e-02,9.351904988288879395e-01,3.492633700370788574e-01
1.648361980915069580e-01,1.227607965469360352e+00,3.291385769844055176e-01
2.670929431915283203e-01,2.372930288314819336e+00,5.146050453186035156e-01
2.476586848497390747e-01,4.564750194549560547e+00,1.203911781311035156e+00
1.632760167121887207e-01,3.417385578155517578e+00,3.621636629104614258e-01
8.463193178176879883e-01,2.541506290435791016e+00,4.648096263408660889e-01
3.974184393882751465e-01,2.644787073135375977e+00,3.599395453929901123e-01
1.641837060451507568e-01,3.621229648590087891e+00,1.230678439140319824e+00
6.253080368041992188e-01,2.495266914367675781e+00,9.522449374198913574e-01
1.504998952150344849e-01,4.563683867454528809e-01,8.951871395111083984e-01
6.720601320266723633e-01,2.724301815032958984e+00,1.114686369895935059e+00
1.177708581089973450e-01,4.980017185211181641e+00,3.693104684352874756e-01
3.549070358276367188e-01,2.922839879989624023e+00,1.026375293731689453e+00
9.474512934684753418e-02,9.187894463539123535e-01,9.812906384468078613e-01
3.257747292518615723e-01,2.077504634857177734e+00,9.647096991539001465e-01
2.322541177272796631e-01,2.938688993453979492e+00,2.085052728652954102e-01
1.073162853717803955e-01,3.760088443756103516e+00,1.925358325242996216e-01
3.077377676963806152e-01,6.216166615486145020e-01,1.287111163139343262e+00
4.651310667395591736e-02,1.384109616279602051e+00,5.294148921966552734e-01
3.992408215999603271e-01,3.888021707534790039e+00,8.210849165916442871e-01
4.815272688865661621e-01,2.271550655364990234e+00,3.966412544250488281e-01
8.203349709510803223e-01,3.703320980072021484e+00,5.931478142738342285e-01
3.517683744430541992e-01,3.814847230911254883e+00,5.175293684005737305e-01
5.840011835098266602e-01,3.036685705184936523e+00,1.426200270652770996e+00
2.162177413702011108e-01,4.321473598480224609e+00,1.126636981964111328e+00
5.065616369247436523e-01,2.607990264892578125e+00,1.174310803413391113e+00
7.761043310165405273e-01,4.847818017005920410e-01,2.880587577819824219e-01
9.199301004409790039e-01,4.749897956848144531e+00,6.467577219009399414e-01
6.500872969627380371e-01,4.771031141281127930e-01,1.185080766677856445e+00
8.456373810768127441e-01,9.496934413909912109e-01,4.959926009178161621e-01
5.382825732231140137e-01,3.352770566940307617e+00,4.106400012969970703e-01
4.148710370063781738e-01,1.892655611038208008e+00,3.976415395736694336e-01
6.184784173965454102e-01,2.896070241928100586e+00,5.415697097778320312e-01
4.654781222343444824e-01,7.326383590698242188e-01,4.375852346420288086e-01
3.269481062889099121e-01,4.813306331634521484e+00,4.054988920688629150e-01
5.903242230415344238e-01,2.699451684951782227e+00,3.621581792831420898e-01
9.113183021545410156e-01,2.474503993988037109e+00,2.443110495805740356e-01
1.018638908863067627e-01,4.666108608245849609e+00,9.848276972770690918e-01
7.991027235984802246e-01,4.350697517395019531e+00,9.279580712318420410e-01
7.943255901336669922e-01,3.073072671890258789e+00,1.331809163093566895e+00
9.097583889961242676e-01,2.466955184936523438e+00,1.049858808517456055e+00
7.919077277183532715e-01,2.961804389953613281e+00,9.849621653556823730e-01
4.907293319702148438e-01,9.183188080787658691e-01,6.659679412841796875e-01
9.564996957778930664e-01,3.203421831130981445e+00,3.817200064659118652e-01
1.065982729196548462e-01,3.915954113006591797e+00,4.996034502983093262e-01
6.231667995452880859e-01,1.444870710372924805e+00,7.841276526451110840e-01
8.889600634574890137e-01,2.876431941986083984e+00,7.312011122703552246e-01
5.913872718811035156e-01,4.154624462127685547e+00,9.746157526969909668e-01
1.195677220821380615e-01,1.539977192878723145e+00,9.145727157592773438e-01
7.138077020645141602e-01,3.481729507446289062e+00,4.609141349792480469e-01
4.628566652536392212e-02,4.352609813213348389e-01,1.224009513854980469e+00
7.146754860877990723e-01,3.466406345367431641e+00,1.260536551475524902e+00
8.143287897109985352e-01,2.833195209503173828e+00,4.571394920349121094e-01
5.244792699813842773e-01,3.161130666732788086e+00,1.026708245277404785e+00
2.683185935020446777e-01,3.781608819961547852e+00,7.465081214904785156e-01
2.509481906890869141e-01,1.679207086563110352e+00,4.500618875026702881e-01
6.356962323188781738e-01,4.696392059326171875e+00,1.003385901451110840e+00
5.468460917472839355e-01,3.385754108428955078e+00,6.374000906944274902e-01
4.275469481945037842e-01,3.424188494682312012e-01,5.978272557258605957e-01
4.021767079830169678e-01,1.526972293853759766e+00,2.729750573635101318e-01
7.567120194435119629e-01,2.720318078994750977e+00,7.998785972595214844e-01
1.054092869162559509e-01,2.687541961669921875e+00,1.199480295181274414e+00
7.428105175495147705e-02,2.521651983261108398e+00,4.660989940166473389e-01
8.496410250663757324e-01,4.572396755218505859e+00,1.156694412231445312e+00
2.740553319454193115e-01,1.588113784790039062e+00,4.353463351726531982e-01
7.021088600158691406e-01,3.238962650299072266e+00,3.522930145263671875e-01
7.466626763343811035e-01,4.885424137115478516e+00,5.261219739913940430e-01
4.698449373245239258e-01,4.375543296337127686e-01,6.127831339836120605e-02
6.336545944213867188e-01,2.545582316815853119e-02,1.264693379402160645e+00
8.660383820533752441e-01,3.527373790740966797e+00,1.163606166839599609e+00
6.636224985122680664e-01,1.542663455009460449e+00,5.971814393997192383e-01
4.495927393436431885e-01,1.441002488136291504e+00,1.037531852722167969e+00
8.714820146560668945e-01,2.825671136379241943e-01,5.382837653160095215e-01
5.871173143386840820e-01,4.713155269622802734e+00,4.242652058601379395e-01
2.031203806400299072e-01,4.226824283599853516e+00,1.286634683609008789e+00
3.066972196102142334e-01,3.891209602355957031e+00,9.313614964485168457e-01
7.969930171966552734e-01,3.914065837860107422e+00,1.115011334419250488e+00
6.836291551589965820e-01,1.191208124160766602e+00,1.133195161819458008e+00
2.530231475830078125e-01,4.323463916778564453e+00,7.196084856986999512e-01
7.722129225730895996e-01,4.379292488098144531e+00,9.305821061134338379e-01
1.453800052404403687e-01,3.666856050491333008e+00,3.690756559371948242e-01
2.250782549381256104e-01,1.116725921630859375e+00,7.731569409370422363e-01
7.950852513313293457e-01,1.187926888465881348e+00,8.352358341217041016e-01
3.797058165073394775e-01,3.800729990005493164e+00,8.589219450950622559e-01
3.417849540710449219e-01,4.575230598449707031e+00,9.392034411430358887e-01
7.974115610122680664e-01,4.265363693237304688e+00,5.597552657127380371e-01
5.716890096664428711e-01,2.961435317993164062e+00,7.496829628944396973e-01
7.817744016647338867e-01,3.856398105621337891e+00,5.839316248893737793e-01
6.797433495521545410e-01,1.548499107360839844e+00,6.583912968635559082e-01
5.131140351295471191e-01,4.931952476501464844e+00,1.246003985404968262e+00
9.833347201347351074e-01,9.037235975265502930e-01,4.629816710948944092e-01
3.268075287342071533e-01,7.129753232002258301e-01,6.025330424308776855e-01
7.936481237411499023e-01,2.098398685455322266e+00,2.405130118131637573e-01
4.933923780918121338e-01,9.043267369270324707e-01,6.023359894752502441e-01
1.469220519065856934e-01,4.492765426635742188e+00,2.857035696506500244e-01
1.580152958631515503e-01,4.298840999603271484e+00,1.316979885101318359e+00
8.649389147758483887e-01,3.641981840133666992e+00,1.120269894599914551e+00
7.326074838638305664e-01,7.127605080604553223e-01,5.851463675498962402e-01
7.258920073509216309e-01,3.729106187820434570e-01,8.831865191459655762e-01
3.397723734378814697e-01,2.640693902969360352e+00,1.112538933753967285e+00
1.800274997949600220e-01,7.707031965255737305e-01,3.803627490997314453e-01
8.929476141929626465e-01,2.970589876174926758e+00,1.307277083396911621e-01
7.241737842559814453e-01,3.340609073638916016e+00,6.250643134117126465e-01
8.950425684452056885e-02,1.517513990402221680e+00,7.733802199363708496e-01
7.559114098548889160e-01,2.719756603240966797e+00,1.306547760963439941e+00
1.341225951910018921e-01,2.459273815155029297e+00,4.133817255496978760e-01
1.267246007919311523e-01,3.039731979370117188e+00,1.263549208641052246e+00
1.114946305751800537e-01,3.621400594711303711e+00,2.086902260780334473e-01
1.748150438070297241e-01,2.385123729705810547e+00,1.209114313125610352e+00
7.075913548469543457e-01,4.308432102203369141e+00,1.861279755830764771e-01
8.684786558151245117e-01,2.041061639785766602e+00,1.243152976036071777e+00
5.339229106903076172e-01,1.622559309005737305e+00,2.727421224117279053e-01
8.901038765907287598e-01,2.768142938613891602e+00,7.764607071876525879e-01
2.515411674976348877e-01,2.671331882476806641e+00,9.674738049507141113e-01
3.145684003829956055e-01,2.812516450881958008e+00,7.550731897354125977e-01
2.550293505191802979e-01,2.027576208114624023e+00,6.942091584205627441e-01
8.942323327064514160e-01,7.084991931915283203e-01,9.567064642906188965e-01
4.505736529827117920e-01,1.289824128150939941e+00,5.459803342819213867e-01
2.732315659523010254e-01,2.281099319458007812e+00,1.279484272003173828e+00
4.479348957538604736e-01,1.196709632873535156e+00,8.697522282600402832e-01
1.173605471849441528e-01,1.895360469818115234e+00,1.206749677658081055e+00
6.436347365379333496e-01,1.138379931449890137e+00,8.370687961578369141e-01
6.078993082046508789e-01,2.909854054450988770e-01,5.900379419326782227e-01
4.410928860306739807e-02,3.275519847869873047e+00,1.105751991271972656e+00
6.694701910018920898e-01,4.671652793884277344e+00,7.419616580009460449e-01
3.123405575752258301e-01,2.709346055984497070e+00,1.076210021972656250e+00
1.870508790016174316e-01,5.673897862434387207e-01,1.367279887199401855e+00
1.395369023084640503e-01,4.014374732971191406e+00,1.253890991210937500e+00
6.324666738510131836e-01,3.808228254318237305e+00,8.429905772209167480e-01
5.006119012832641602e-01,4.243949413299560547e+00,9.107118248939514160e-01
1.928006857633590698e-01,1.755421757698059082e+00,4.579885900020599365e-01
4.632996320724487305e-01,3.973394632339477539e+00,8.340464830398559570e-01
4.068253338336944580e-01,4.732967853546142578e+00,9.979510307312011719e-01
5.254143476486206055e-01,2.572548389434814453e+00,1.105279088020324707e+00
5.057461261749267578e-01,3.345830440521240234e+00,2.785755991935729980e-01
9.709802269935607910e-02,3.387005805969238281e+00,4.900521039962768555e-01
3.425726294517517090e-01,4.084211349487304688e+00,1.277408123016357422e+00
4.387810230255126953e-01,6.428717970848083496e-01,8.772476315498352051e-01
1.171002089977264404e-01,3.106026172637939453e+00,1.999205648899078369e-01
2.107279151678085327e-01,1.904611825942993164e+00,4.883765280246734619e-01
8.992469906806945801e-01,9.912930130958557129e-01,6.110610365867614746e-01
7.553838491439819336e-01,6.560260653495788574e-01,9.882739186286926270e-01
6.967736482620239258e-01,2.911428689956665039e+00,5.321969389915466309e-01
4.792238026857376099e-02,8.105685114860534668e-01,9.382405281066894531e-01
8.606293201446533203e-01,3.129192590713500977e+00,6.642599701881408691e-01
1.293971091508865356e-01,4.224678993225097656e+00,7.014373540878295898e-01
8.470620512962341309e-01,2.871533155441284180e+00,2.171609997749328613e-01
6.038637831807136536e-02,3.792320013046264648e+00,4.038998484611511230e-01
6.181837059557437897e-03,2.975156545639038086e+00,6.714854240417480469e-01
2.844483256340026855e-01,4.622511386871337891e+00,6.975787281990051270e-01
1.106666624546051025e-01,9.431326389312744141e-01,1.024640440940856934e+00
1.117771714925765991e-01,2.552692413330078125e+00,1.099599957466125488e+00
8.095555901527404785e-01,5.138481855392456055e-01,1.451237320899963379e+00
6.600793451070785522e-02,3.939557552337646484e+00,4.960565567016601562e-01
2.995458841323852539e-01,1.954029798507690430e+00,7.210752964019775391e-01
6.159470081329345703e-01,1.110879898071289062e+00,3.175377249717712402e-01
1.186852082610130310e-01,3.435711145401000977e+00,5.517514348030090332e-01
2.973098754882812500e-01,1.063479185104370117e+00,2.238901555538177490e-01
1.891118437051773071e-01,2.328858375549316406e+00,1.122628450393676758e+00
7.457256317138671875e-01,1.339396834373474121e+00,7.480689287185668945e-01
4.627001881599426270e-01,1.359773039817810059e+00,1.133455559611320496e-01
8.417236804962158203e-01,3.882885694503784180e+00,7.516875863075256348e-01
1.685235947370529175e-01,3.870181083679199219e+00,4.344269633293151855e-01
6.873908638954162598e-01,7.837225794792175293e-01,7.314914464950561523e-01
8.066074252128601074e-01,1.830826520919799805e+00,5.571112632751464844e-01
9.475354552268981934e-01,3.261934757232666016e+00,2.999265193939208984e-01
2.041420191526412964e-01,3.740999460220336914e+00,3.762172162532806396e-01
2.003270983695983887e-01,7.703147530555725098e-01,1.611135303974151611e-01
8.011052012443542480e-01,1.225686907768249512e+00,8.160299658775329590e-01
8.816418647766113281e-01,2.866043090820312500e+00,6.218894124031066895e-01
6.693894863128662109e-01,4.248445510864257812e+00,9.835824370384216309e-01
2.731545567512512207e-01,1.735296487808227539e+00,2.985065877437591553e-01
7.158080935478210449e-01,4.258181571960449219e+00,1.288929581642150879e+00
6.202613115310668945e-01,7.115001082420349121e-01,1.081715703010559082e+00
8.114650249481201172e-01,3.609462976455688477e+00,1.436249852180480957e+00
6.727350354194641113e-01,4.753727436065673828e+00,8.992961645126342773e-01
7.232582569122314453e-01,1.327048301696777344e+00,4.266646206378936768e-01
5.892357230186462402e-01,1.124080736190080643e-02,6.226206421852111816e-01
4.772801324725151062e-02,3.065646886825561523e+00,8.050100207328796387e-01
1.142083704471588135e-01,1.416165828704833984e+00,4.909370243549346924e-01
7.968145608901977539e-01,9.419305324554443359e-01,1.019979953765869141e+00
1.559877842664718628e-01,1.510032057762145996e+00,7.943605780601501465e-01
1.849089562892913818e-02,1.194604516029357910e+00,1.617924869060516357e-02
6.382281184196472168e-01,1.000284790992736816e+00,5.105024576187133789e-01
2.843506038188934326e-01,5.869871973991394043e-01,5.878314971923828125e-01
2.685087323188781738e-01,2.363034784793853760e-01,5.530015379190444946e-02
4.874765276908874512e-01,3.559487342834472656e+00,1.130324482917785645e+00
4.431912899017333984e-01,2.990471124649047852e+00,1.138735771179199219e+00
6.786477565765380859e-01,1.512763738632202148e+00,1.204441785812377930e+00
6.860727667808532715e-01,2.564298391342163086e+00,4.193410277366638184e-01
3.692460954189300537e-01,3.656554937362670898e+00,1.058830022811889648e+00
9.221191406250000000e-01,3.886792421340942383e+00,9.692857265472412109e-01
8.798080682754516602e-01,3.557279586791992188e+00,7.375471591949462891e-01
6.338961124420166016e-01,2.816307783126831055e+00,5.186232328414916992e-01
5.231739282608032227e-01,9.878543019294738770e-01,2.997762560844421387e-01
4.993778467178344727e-01,5.115875005722045898e-01,5.215433239936828613e-01
3.652149140834808350e-01,2.667061805725097656e+00,9.485627412796020508e-01
3.969096243381500244e-01,3.945766448974609375e+00,1.497484296560287476e-01
1.778444461524486542e-02,7.058766484260559082e-01,9.374623298645019531e-01
7.127240896224975586e-01,1.101723790168762207e+00,2.593016922473907471e-01
8.355430960655212402e-01,1.194409012794494629e+00,6.443229913711547852e-01
2.334169596433639526e-01,4.523079872131347656e+00,1.344246029853820801e+00
5.072639584541320801e-01,2.745740175247192383e+00,1.093119025230407715e+00
4.660505652427673340e-01,3.185979604721069336e+00,2.262784391641616821e-01
9.973974227905273438e-01,2.869973182678222656e+00,9.267984628677368164e-01
8.345139622688293457e-01,3.564512252807617188e+00,2.944177687168121338e-01
4.863125681877136230e-01,3.904215574264526367e+00,3.874018192291259766e-01
3.478183746337890625e-01,4.222587585449218750e+00,2.862691283226013184e-01
4.908898174762725830e-01,2.246466398239135742e+00,6.468978524208068848e-01
4.365436136722564697e-01,2.198645830154418945e+00,1.214849233627319336e+00
6.152236461639404297e-02,1.189702749252319336e+00,7.057650685310363770e-01
1.971398442983627319e-01,5.013944506645202637e-01,4.435724616050720215e-01
6.396009325981140137e-01,3.278650999069213867e+00,4.519354999065399170e-01
2.239379435777664185e-01,4.392656326293945312e+00,6.382853984832763672e-01
9.431101083755493164e-01,1.816143989562988281e+00,7.090464234352111816e-01
4.513885080814361572e-01,4.933493614196777344e+00,9.756135940551757812e-01
8.823196887969970703e-01,2.152481317520141602e+00,1.405976414680480957e+00
3.590732067823410034e-02,1.897858738899230957e+00,1.128833532333374023e+00
7.154967188835144043e-01,2.085087060928344727e+00,7.687088847160339355e-01
7.958733439445495605e-01,4.064592838287353516e+00,9.231947064399719238e-01
6.496872305870056152e-01,4.268093585968017578e+00,4.626733660697937012e-01
5.607094168663024902e-01,8.842995762825012207e-01,9.939087629318237305e-01
5.681979656219482422e-01,1.085232973098754883e+00,2.021827995777130127e-01
8.961676806211471558e-02,2.299868822097778320e+00,1.246996283531188965e+00
2.250713855028152466e-01,2.058233618736267090e-01,3.396883979439735413e-02
2.127662897109985352e-01,3.808619022369384766e+00,5.028489232063293457e-01
1.968868970870971680e-01,3.084934949874877930e+00,1.155158162117004395e+00
8.211154937744140625e-01,4.467226028442382812e+00,1.355492472648620605e+00
2.762477993965148926e-01,1.530652642250061035e+00,1.093829989433288574e+00
5.086141824722290039e-01,2.395822525024414062e+00,2.697387337684631348e-01
6.121277809143066406e-01,3.600215196609497070e+00,6.812064647674560547e-01
2.324819862842559814e-01,1.007063865661621094e+00,6.748455762863159180e-01
6.977923512458801270e-01,1.005271553993225098e+00,6.005610823631286621e-01
1.287781745195388794e-01,1.454343199729919434e+00,1.213463425636291504e+00
6.670556068420410156e-01,3.598953247070312500e+00,7.223969697952270508e-01
8.686754107475280762e-01,1.703190088272094727e+00,9.701283574104309082e-01
4.762512445449829102e-01,3.118249177932739258e+00,1.016045093536376953e+00
3.570167124271392822e-01,3.486238002777099609e+00,5.008224844932556152e-01
2.841740250587463379e-01,9.946168065071105957e-01,8.906685709953308105e-01
4.503910243511199951e-02,3.056172370910644531e+00,4.727857559919357300e-02
5.217661261558532715e-01,3.941960811614990234e+00,5.115911364555358887e-01
8.462217450141906738e-01,1.555630683898925781e+00,4.936079382896423340e-01
6.152608394622802734e-01,3.697932958602905273e-01,6.642398238182067871e-01
5.751006007194519043e-01,8.736767768859863281e-01,4.787292182445526123e-01
9.236767292022705078e-01,2.768285751342773438e+00,4.087649881839752197e-01
4.793155193328857422e-01,3.715434312820434570e+00,9.032618403434753418e-01
8.662386536598205566e-01,8.656921386718750000e-01,2.838562726974487305e-01
2.550733685493469238e-01,4.745892047882080078e+00,7.161051630973815918e-01
3.734730780124664307e-01,1.690812230110168457e+00,1.047766804695129395e+00
6.975598931312561035e-01,2.995656251907348633e+00,4.389553964138031006e-01
6.595858335494995117e-01,2.082999944686889648e+00,3.385198712348937988e-01
6.015369296073913574e-01,2.445665121078491211e+00,2.758964002132415771e-01
5.680174231529235840e-01,5.045480728149414062e-01,4.043878316879272461e-01
1.873514354228973389e-01,1.965577244758605957e+00,1.099236130714416504e+00
1.740840822458267212e-01,4.807147502899169922e+00,9.530557990074157715e-01
4.567580819129943848e-01,2.504328250885009766e+00,4.204031825065612793e-01
1.351111978292465210e-01,1.483275413513183594e+00,2.660578489303588867e-01
2.995932996273040771e-01,3.164458513259887695e+00,7.701913714408874512e-01
6.683773547410964966e-02,1.519363045692443848e+00,1.155964970588684082e+00
9.189154505729675293e-01,1.603542447090148926e+00,4.110609292984008789e-01
3.844790160655975342e-01,5.218014717102050781e-01,5.815768241882324219e-01
5.042914152145385742e-01,4.601594924926757812e+00,9.501947760581970215e-01
8.260578662157058716e-02,5.810377597808837891e-01,7.277570366859436035e-01
3.668490648269653320e-01,4.380794048309326172e+00,1.294334650039672852e+00
7.880963683128356934e-01,2.068178176879882812e+00,4.064647853374481201e-01
7.165959477424621582e-01,4.344038009643554688e+00,3.441306054592132568e-01
6.352059841156005859e-01,3.178646802902221680e+00,7.182167172431945801e-01
7.109056711196899414e-01,1.076137423515319824e+00,5.951877236366271973e-01
4.324084222316741943e-01,2.167436778545379639e-01,8.861076831817626953e-01
8.894279003143310547e-01,4.311998844146728516e+00,8.295381665229797363e-01
6.980950832366943359e-01,4.629981994628906250e+00,6.722650527954101562e-01
6.967981457710266113e-01,4.282012939453125000e+00,1.494072675704956055e+00
2.375273853540420532e-01,2.415346384048461914e+00,1.328044533729553223e+00
2.535354495048522949e-01,4.588044166564941406e+00,1.336009860038757324e+00
3.038862347602844238e-01,8.431940674781799316e-01,9.962099790573120117e-01
5.890195369720458984e-01,1.335373520851135254e+00,2.365073710680007935e-01
5.529726743698120117e-01,4.028723716735839844e+00,1.193959951400756836e+00
8.715767264366149902e-01,1.015998244285583496e+00,8.617848157882690430e-01
7.704492211341857910e-01,9.930121302604675293e-01,5.464033484458923340e-01
5.956950187683105469e-01,4.205395221710205078e+00,5.245066285133361816e-01
5.286297202110290527e-01,1.694380640983581543e+00,7.569483518600463867e-01
1.599769145250320435e-01,1.331744074821472168e+00,9.720392227172851562e-01
2.930216789245605469e-01,3.781798601150512695e+00,3.447178602218627930e-01
9.540197849273681641e-01,3.145985603332519531e+00,6.766289472579956055e-01
2.588098049163818359e-01,5.770488977432250977e-01,9.634618759155273438e-01
6.211371421813964844e-01,3.287025928497314453e+00,7.733750343322753906e-01
6.735278367996215820e-01,3.023639202117919922e+00,3.546812832355499268e-01
1.492322385311126709e-01,1.717793941497802734e+00,5.552308559417724609e-01
2.789609432220458984e-01,3.155688047409057617e-01,9.756730496883392334e-02
6.199229955673217773e-01,4.653623104095458984e+00,5.901010036468505859e-01
2.097169905900955200e-01,2.154260396957397461e+00,9.472793340682983398e-01
1.654635220766067505e-01,8.152805566787719727e-01,5.393142700195312500e-01
7.085974812507629395e-01,3.130712509155273438e+00,5.980395674705505371e-01
5.852895379066467285e-01,4.889093875885009766e+00,4.561070501804351807e-01
4.562967717647552490e-01,3.024198055267333984e+00,2.853592336177825928e-01
7.964632511138916016e-01,1.461831569671630859e+00,1.446699738502502441e+00
6.263360977172851562e-01,4.635891914367675781e+00,2.519243061542510986e-01
6.979123502969741821e-02,2.130360364913940430e+00,3.969394862651824951e-01
9.203711748123168945e-01,4.102849483489990234e+00,1.236121654510498047e+00
9.229713678359985352e-01,3.376822710037231445e+00,9.332242012023925781e-01
8.735038340091705322e-02,2.329411655664443970e-01,4.106581807136535645e-01
5.856797695159912109e-01,1.613651633262634277e+00,6.868973970413208008e-01
1.122672259807586670e-01,4.770039081573486328e+00,2.023178189992904663e-01
7.211140394210815430e-01,4.317461013793945312e+00,3.417122364044189453e-01
4.931544959545135498e-01,1.061065793037414551e+00,1.286389470100402832e+00
2.218712680041790009e-02,4.953882694244384766e+00,2.959523797035217285e-01
8.617185950279235840e-01,1.201961398124694824e+00,1.177410721778869629e+00
7.891786098480224609e-01,7.903882861137390137e-01,1.390440464019775391e+00
1.128128319978713989e-01,1.655636668205261230e+00,1.092351436614990234e+00
2.625787258148193359e-01,3.201858520507812500e+00,1.166905760765075684e+00
7.399107813835144043e-01,4.655222892761230469e-01,1.074647307395935059e+00
5.855776071548461914e-01,2.213968038558959961e+00,6.263783574104309082e-01
3.192993402481079102e-01,3.317342042922973633e+00,1.329489111900329590e+00
4.432202130556106567e-02,6.619750261306762695e-01,5.231339931488037109e-01
4.920067489147186279e-01,1.136892080307006836e+00,3.877644240856170654e-01
3.675987422466278076e-01,5.504660606384277344e-01,1.475021004676818848e+00
6.842870116233825684e-01,8.805936574935913086e-01,5.002454519271850586e-01
8.143769204616546631e-02,4.509016036987304688e+00,1.386153578758239746e+00
4.191745817661285400e-01,1.824120759963989258e+00,1.340639948844909668e+00
2.170694172382354736e-01,2.490873575210571289e+00,8.929312229156494141e-01
6.497393250465393066e-01,1.697223424911499023e+00,1.025189161300659180e+00
3.333271741867065430e-01,3.554322481155395508e+00,1.336015343666076660e+00
5.435230135917663574e-01,4.359483242034912109e+00,7.991786599159240723e-01
4.370381832122802734e-01,3.428066253662109375e+00,1.237723112106323242e+00
2.596985101699829102e-01,3.906084299087524414e+00,2.588965296745300293e-01
4.070162475109100342e-01,2.487994670867919922e+00,5.366588234901428223e-01
9.736802577972412109e-01,3.036849021911621094e+00,7.722184658050537109e-01
3.218452036380767822e-01,3.402607440948486328e-01,1.169700503349304199e+00
4.836979806423187256e-01,4.299987792968750000e+00,1.179692983627319336e+00
2.026972323656082153e-01,1.371371597051620483e-01,1.247393250465393066e+00
8.043783903121948242e-01,2.368580341339111328e+00,1.031257748603820801e+00
5.217374563217163086e-01,5.039227008819580078e-01,1.062012910842895508e+00
3.448782563209533691e-01,3.929622888565063477e+00,8.297708034515380859e-01
3.056808114051818848e-01,5.483000725507736206e-02,1.022965431213378906e+00
6.592946052551269531e-01,2.827307939529418945e+00,2.399036437273025513e-01
9.079601168632507324e-01,4.082929611206054688e+00,1.134291529655456543e+00
6.845750808715820312e-01,4.539257049560546875e+00,6.620123982429504395e-01
5.770794153213500977e-01,3.689880132675170898e+00,1.052323698997497559e+00
7.455530166625976562e-01,3.565031051635742188e+00,1.770491600036621094e-01
1.621607095003128052e-01,4.668860435485839844e+00,8.399223685264587402e-01
6.659791469573974609e-01,8.811279386281967163e-02,5.548771023750305176e-01
2.166243642568588257e-01,1.334604859352111816e+00,1.441540867090225220e-01
6.432802677154541016e-01,1.990854859352111816e+00,2.967119216918945312e-01
5.499432981014251709e-02,1.554346680641174316e+00,4.110148847103118896e-01
9.879363328218460083e-02,1.276770114898681641e+00,1.211411952972412109e+00
9.888721108436584473e-01,3.331515073776245117e+00,5.154271125793457031e-01
2.785498201847076416e-01,4.342833042144775391e+00,1.085874676704406738e+00
3.219542503356933594e-01,2.923892736434936523e+00,3.940621316432952881e-01
4.042760431766510010e-01,3.565879821777343750e+00,1.450826406478881836e+00
9.486830234527587891e-02,3.617063999176025391e+00,1.255643844604492188e+00
1.217088550329208374e-01,2.405021667480468750e+00,4.072236418724060059e-01
9.470853209495544434e-02,4.383567273616790771e-01,1.398328542709350586e+00
8.008543252944946289e-01,4.241066455841064453e+00,9.239734411239624023e-01
6.641793847084045410e-01,1.630973696708679199e+00,2.002119272947311401e-01
8.138302564620971680e-01,2.126826286315917969e+00,1.013368725776672363e+00
5.686403512954711914e-01,4.984498023986816406e+00,1.387484788894653320e+00
8.388870954513549805e-01,3.238747358322143555e+00,1.182604432106018066e+00
3.018806278705596924e-01,1.580601692199707031e+00,2.212419062852859497e-01
2.725993990898132324e-01,2.858795166015625000e+00,6.669280529022216797e-01
4.347538948059082031e-01,4.124521255493164062e+00,8.418608307838439941e-01
7.748004198074340820e-01,3.067042827606201172e+00,4.468621611595153809e-01
3.982609212398529053e-01,2.622490167617797852e+00,1.110972523689270020e+00
3.410039544105529785e-01,2.200297117233276367e+00,1.362860679626464844e+00
1.195110008120536804e-01,2.793884754180908203e+00,4.550851583480834961e-01
1.039970442652702332e-01,3.331920862197875977e+00,1.090451702475547791e-01
8.309780955314636230e-01,3.410741090774536133e-01,1.022739768028259277e+00
6.051053404808044434e-01,4.925715446472167969e+00,8.342877626419067383e-01
7.123331427574157715e-01,3.484791278839111328e+00,7.999139428138732910e-01
2.265001460909843445e-02,4.420329093933105469e+00,1.182872891426086426e+00
2.010590285062789917e-01,1.860665321350097656e+00,4.615473449230194092e-01
7.644492983818054199e-01,3.598439455032348633e+00,3.272904455661773682e-01
7.684780359268188477e-01,4.027691364288330078e+00,8.564929366111755371e-01
4.142314493656158447e-01,2.429811239242553711e+00,9.007256031036376953e-01
2.689460217952728271e-01,7.306331396102905273e-01,9.305405616760253906e-01
2.866821885108947754e-01,3.141472578048706055e+00,1.728449463844299316e-01
4.564549624919891357e-01,3.942438602447509766e+00,7.787491083145141602e-01
8.521746993064880371e-01,1.840486645698547363e+00,1.221006289124488831e-01
3.571726977825164795e-01,3.642230749130249023e+00,1.183396339416503906e+00
4.454957544803619385e-01,3.029419779777526855e-01,1.026437520980834961e+00
2.339441925287246704e-01,2.845360517501831055e+00,4.591831564903259277e-01
8.093355894088745117e-01,4.111434459686279297e+00,1.281786084175109863e+00
3.756150007247924805e-01,3.896234273910522461e+00,1.114288330078125000e+00
3.669396936893463135e-01,3.088490486145019531e+00,3.403998613357543945e-01
2.626802325248718262e-01,1.185770869255065918e+00,8.299835920333862305e-01
2.507640123367309570e-01,1.462581753730773926e+00,1.328185796737670898e+00
8.546199202537536621e-01,1.966152429580688477e+00,1.040215015411376953e+00
5.417875051498413086e-01,1.144774556159973145e+00,3.977365493774414062e-01
2.773108482360839844e-01,4.362684249877929688e+00,6.423820257186889648e-01
3.085274994373321533e-01,1.456820607185363770e+00,3.155196309089660645e-01
3.084207139909267426e-02,2.704879522323608398e+00,7.930658459663391113e-01
8.877323865890502930e-01,6.638770103454589844e-01,5.736107230186462402e-01
1.917685419321060181e-01,2.146714210510253906e+00,1.210237979888916016e+00
3.839380145072937012e-01,1.638100743293762207e+00,3.117544651031494141e-01
2.372093498706817627e-01,4.311483860015869141e+00,9.398686885833740234e-01
1.833097636699676514e-01,1.098432779312133789e+00,1.347834706306457520e+00
2.601913511753082275e-01,9.926519393920898438e-01,2.812084555625915527e-01
4.475027620792388916e-01,7.200129032135009766e-01,1.076963424682617188e+00
1.095785945653915405e-01,4.908817768096923828e+00,1.024071574211120605e+00
9.387692213058471680e-01,1.697323560714721680e+00,6.982835531234741211e-01
8.706519007682800293e-01,1.228435873985290527e+00,4.852430224418640137e-01
1.417272631078958511e-02,2.320673704147338867e+00,5.212418437004089355e-01
2.782541513442993164e-01,4.912107944488525391e+00,1.165552973747253418e+00
3.673672974109649658e-01,4.370055198669433594e+00,1.286282420158386230e+00
1.890554726123809814e-01,1.703904032707214355e+00,1.483811736106872559e+00
9.312164783477783203e-01,1.274225592613220215e+00,4.705672860145568848e-01
5.288572907447814941e-01,3.707709550857543945e+00,1.206977605819702148e+00
1.201864108443260193e-01,1.610338211059570312e+00,5.533407926559448242e-01
3.174955546855926514e-01,3.753549605607986450e-02,7.145401835441589355e-01
5.862499475479125977e-01,4.129586219787597656e+00,9.210951328277587891e-01
6.950271129608154297e-01,4.861499309539794922e+00,8.623450398445129395e-01
9.787639975547790527e-01,2.030258893966674805e+00,1.752068549394607544e-01
7.858371734619140625e-01,4.114361286163330078e+00,9.465586543083190918e-01
6.339663267135620117e-01,3.588053211569786072e-02,9.818450212478637695e-01
4.888743758201599121e-01,4.609250068664550781e+00,7.960135936737060547e-01
2.137088477611541748e-01,3.527939081192016602e+00,6.757010221481323242e-01
1.446401923894882202e-01,3.597562074661254883e+00,9.088840484619140625e-01
5.269875526428222656e-01,4.348429203033447266e+00,1.990473568439483643e-01
5.660224556922912598e-01,3.366092681884765625e+00,4.072484672069549561e-01
2.009148299694061279e-01,1.174694418907165527e+00,1.266328454017639160e+00
8.760554790496826172e-01,4.142678737640380859e+00,1.143485665321350098e+00
6.528314948081970215e-01,3.341365098953247070e+00,9.177560806274414062e-01
4.365787208080291748e-01,4.272212982177734375e+00,2.004728466272354126e-01
9.133625626564025879e-01,4.181890487670898438e+00,6.220363378524780273e-01
5.042191147804260254e-01,4.345774650573730469e+00,1.182748794555664062e+00
3.194443136453628540e-02,7.369354367256164551e-01,5.838819146156311035e-01
9.388536214828491211e-02,4.502857208251953125e+00,1.392737865447998047e+00
1.779437065124511719e-01,3.340269327163696289e+00,1.344695806503295898e+00
4.649955332279205322e-01,1.880153179168701172e+00,2.395555824041366577e-01
1.689401865005493164e-01,4.022362232208251953e+00,6.616696119308471680e-01
6.480726003646850586e-01,3.140749454498291016e+00,5.967527031898498535e-01
4.444160759449005127e-01,2.796213865280151367e+00,4.841279685497283936e-01
7.183805108070373535e-02,2.241551399230957031e+00,3.501077294349670410e-01
4.487134218215942383e-01,1.209682703018188477e+00,7.705594897270202637e-01
2.233287394046783447e-01,3.934980392456054688e+00,6.578586697578430176e-01
4.325512945652008057e-01,1.246047854423522949e+00,3.982710838317871094e-01
7.554303407669067383e-01,4.601624011993408203e+00,6.444330215454101562e-01
1.652663946151733398e-01,4.502470016479492188e+00,8.074131011962890625e-01
1.750968843698501587e-01,4.857111454010009766e+00,7.470383644104003906e-01
7.540199756622314453e-01,2.896764278411865234e-01,6.874251365661621094e-01
8.369449377059936523e-01,1.447419166564941406e+00,8.375959396362304688e-01
7.725570797920227051e-01,4.059578895568847656e+00,1.017984151840209961e+00
3.187499344348907471e-01,5.772871971130371094e-01,5.640176534652709961e-01
2.120965272188186646e-01,4.505959987640380859e+00,6.834574341773986816e-01
3.916918337345123291e-01,2.156255006790161133e+00,1.153149962425231934e+00
3.997347354888916016e-01,3.061847925186157227e+00,6.447863578796386719e-01
5.557156801223754883e-01,6.331461071968078613e-01,8.493903875350952148e-01
9.045405685901641846e-02,4.849606990814208984e+00,2.285107076168060303e-01
4.340445995330810547e-02,2.841022729873657227e+00,1.172503158450126648e-01
3.319432437419891357e-01,2.614357471466064453e+00,4.185907244682312012e-01
2.274425476789474487e-01,1.721512556076049805e+00,9.907385110855102539e-01
3.771549165248870850e-01,4.918203830718994141e+00,1.372846126556396484e+00
6.171514987945556641e-01,2.063391208648681641e+00,5.124639272689819336e-01
5.686737895011901855e-01,4.423754692077636719e+00,1.481934309005737305e+00
4.799816012382507324e-01,9.870271086692810059e-01,1.237041592597961426e+00
3.871839940547943115e-01,7.588873505592346191e-01,1.095668077468872070e+00
2.103249281644821167e-01,1.430069804191589355e+00,8.188400864601135254e-01
4.836409091949462891e-01,2.751018047332763672e+00,6.408143639564514160e-01
7.022833824157714844e-02,1.836327075958251953e+00,5.952136516571044922e-01
1.106523349881172180e-01,4.563823699951171875e+00,1.441561698913574219e+00
7.903210818767547607e-02,1.181499123573303223e+00,1.292996644973754883e+00
8.442080020904541016e-01,3.086633682250976562e+00,5.629208087921142578e-01
5.892596244812011719e-01,4.999903202056884766e+00,1.253772616386413574e+00
5.982407331466674805e-01,1.547173023223876953e+00,9.936863183975219727e-01
6.472153216600418091e-02,1.010363698005676270e+00,9.945820569992065430e-01
2.120577841997146606e-01,1.778690457344055176e+00,4.925108551979064941e-01
7.321296334266662598e-01,4.142658710479736328e+00,1.259711742401123047e+00
2.098195105791091919e-01,3.338741540908813477e+00,9.257867336273193359e-01
6.908110976219177246e-01,3.556770384311676025e-01,6.469292044639587402e-01
3.362626135349273682e-01,3.646723747253417969e+00,2.376832067966461182e-01
9.001904726028442383e-01,9.321912527084350586e-01,6.329153776168823242e-01
7.884712219238281250e-01,2.206042051315307617e+00,6.234488487243652344e-01
1.652860343456268311e-01,4.641943931579589844e+00,9.882439374923706055e-01
7.388515472412109375e-01,2.998174667358398438e+00,9.044261574745178223e-01
5.521878004074096680e-01,2.029126644134521484e+00,1.419398665428161621e+00
