omega,lambda_p,pi_bar
9.765219688415527344e-01,7.913398146629333496e-01,6.327987313270568848e-01
6.383001059293746948e-02,2.409823417663574219e+00,8.080638647079467773e-01
3.535925876349210739e-03,1.928218603134155273e+00,3.239531219005584717e-01
1.846858561038970947e-01,4.019668102264404297e+00,2.681486904621124268e-01
6.348047852516174316e-01,1.105015039443969727e+00,8.810394406318664551e-01
4.391940310597419739e-02,2.617029190063476562e+00,5.943886041641235352e-01
4.306831061840057373e-01,3.440244197845458984e+00,3.774418830871582031e-01
5.872366428375244141e-01,3.011733055114746094e+00,4.510762393474578857e-01
9.353427290916442871e-01,3.579416036605834961e+00,7.597325444221496582e-01
6.426883935928344727e-01,2.547775745391845703e+00,9.664196372032165527e-01
7.381142973899841309e-01,4.851964950561523438e+00,3.953423798084259033e-01
4.366617500782012939e-01,4.520217895507812500e+00,1.432443261146545410e-01
4.455772787332534790e-02,1.458097398281097412e-01,6.669458150863647461e-01
5.181562900543212891e-01,2.665429353713989258e+00,9.333998560905456543e-01
7.289544939994812012e-01,8.177903890609741211e-01,4.983730018138885498e-01
5.513849854469299316e-01,2.671537160873413086e+00,9.954162240028381348e-01
4.217215478420257568e-01,1.143057465553283691e+00,3.984167873859405518e-01
5.859990715980529785e-01,3.026197671890258789e+00,4.293298125267028809e-01
2.167635858058929443e-01,4.144604206085205078e+00,5.025437474250793457e-01
9.931434392929077148e-01,1.689406394958496094e+00,5.298374891281127930e-01
4.622033536434173584e-01,5.240595340728759766e-01,2.453848868608474731e-01
6.896298527717590332e-01,2.951099157333374023e+00,3.718411624431610107e-01
6.786848902702331543e-01,4.963366508483886719e+00,3.474308252334594727e-01
3.989976942539215088e-01,9.562240839004516602e-01,6.802234053611755371e-01
9.740099906921386719e-01,5.007774233818054199e-01,5.301178693771362305e-01
1.235744729638099670e-01,1.200099349021911621e+00,5.609499812126159668e-01
7.965162992477416992e-01,4.612150192260742188e+00,2.801125645637512207e-01
7.741293907165527344e-01,3.239741563796997070e+00,8.858457803726196289e-01
6.064839959144592285e-01,4.641000747680664062e+00,2.673327028751373291e-01
6.218423843383789062e-01,3.107895374298095703e+00,2.633360624313354492e-01
6.540057063102722168e-02,3.487937211990356445e+00,3.608109056949615479e-01
2.583721876144409180e-01,5.007929801940917969e-01,3.836941123008728027e-01
1.633485555648803711e-01,8.134438395500183105e-01,9.488101005554199219e-01
1.963199973106384277e-01,4.260630607604980469e+00,5.517195463180541992e-01
7.053328752517700195e-01,3.636914253234863281e+00,2.290922552347183228e-01
2.346138954162597656e-01,2.785982131958007812e+00,2.707788906991481781e-02
2.773192822933197021e-01,1.368429899215698242e+00,9.697692394256591797e-01
5.420870184898376465e-01,2.564182758331298828e+00,7.875484824180603027e-01
5.659147500991821289e-01,3.652067422866821289e+00,7.274856567382812500e-01
7.016458511352539062e-01,2.026287078857421875e+00,4.601595103740692139e-01
1.730485260486602783e-01,6.103954315185546875e-01,6.929282546043395996e-01
7.470643520355224609e-01,1.786942005157470703e+00,7.320628762245178223e-01
5.458331704139709473e-01,3.519159555435180664e+00,1.156584322452545166e-01
1.852566897869110107e-01,3.499868154525756836e+00,3.982537612318992615e-02
4.763244390487670898e-01,2.252221584320068359e+00,3.575294613838195801e-01
9.129338711500167847e-02,3.350122690200805664e+00,5.636135339736938477e-01
5.688644647598266602e-01,4.173089981079101562e+00,5.170173645019531250e-01
5.813469290733337402e-01,8.258533477783203125e-01,2.953899279236793518e-02
9.813586473464965820e-01,3.567226409912109375e+00,3.496855199337005615e-01
5.791879296302795410e-01,4.603879451751708984e+00,4.640525579452514648e-01
6.252321004867553711e-01,1.023833155632019043e+00,6.536281853914260864e-02
1.951984316110610962e-01,3.144286870956420898e+00,6.381397843360900879e-01
6.729595363140106201e-02,2.627802193164825439e-01,2.483808845281600952e-01
6.623391509056091309e-01,1.836842060089111328e+00,9.382504820823669434e-01
5.547114089131355286e-02,1.750323772430419922e+00,7.588809132575988770e-01
6.666315793991088867e-01,2.560230493545532227e+00,9.253363609313964844e-01
2.901877164840698242e-01,1.484678268432617188e+00,4.405442476272583008e-01
2.358942776918411255e-01,4.377851009368896484e+00,4.034407064318656921e-02
4.284706711769104004e-01,3.370236158370971680e+00,4.828034043312072754e-01
2.542807459831237793e-01,1.808098912239074707e+00,5.907611846923828125e-01
6.792618036270141602e-01,6.742355823516845703e-01,6.130979061126708984e-01
3.147161602973937988e-01,4.795887470245361328e+00,7.525692582130432129e-01
6.105592250823974609e-01,7.227503061294555664e-01,3.072785139083862305e-01
8.815892338752746582e-01,8.851705789566040039e-01,4.802194237709045410e-01
9.969570636749267578e-01,1.997071862220764160e+00,9.586126804351806641e-01
1.626431792974472046e-01,4.635760486125946045e-01,5.750030875205993652e-01
4.665298163890838623e-01,5.159704089164733887e-01,6.773138642311096191e-01
1.121636256575584412e-01,4.203527927398681641e+00,5.404253005981445312e-01
3.160383403301239014e-01,2.975927852094173431e-02,3.043673634529113770e-01
4.036674499511718750e-01,2.989979505538940430e+00,6.460548043251037598e-01
4.608490467071533203e-01,6.176473498344421387e-01,1.984019018709659576e-02
2.768192291259765625e-01,2.022156476974487305e+00,8.170933127403259277e-01
6.199794635176658630e-02,2.955346584320068359e+00,2.958290576934814453e-01
5.275042355060577393e-02,9.063496589660644531e-01,7.556760311126708984e-01
3.114223778247833252e-01,1.076663255691528320e+00,8.600813746452331543e-01
7.809458971023559570e-01,1.978981614112854004e+00,2.084111571311950684e-01
5.960886478424072266e-01,3.258857727050781250e+00,1.511204689741134644e-01
7.337810993194580078e-01,1.635970354080200195e+00,3.629709184169769287e-01
4.975439310073852539e-01,2.264505147933959961e+00,6.486858725547790527e-01
7.375444173812866211e-01,1.422962069511413574e+00,3.930707573890686035e-01
5.932949185371398926e-01,6.278869509696960449e-01,2.563367187976837158e-01
5.320965647697448730e-01,1.640730977058410645e+00,3.648133873939514160e-01
8.697720766067504883e-01,1.418587327003479004e+00,3.087829947471618652e-01
4.401260018348693848e-01,1.450552105903625488e+00,6.635348796844482422e-01
6.109195351600646973e-01,4.545729160308837891e+00,1.949782520532608032e-01
9.734558463096618652e-01,3.710881948471069336e+00,4.044261276721954346e-01
7.838554978370666504e-01,3.365178108215332031e+00,8.868767619132995605e-01
2.375400662422180176e-01,3.298329353332519531e+00,7.181246280670166016e-01
2.968300282955169678e-01,4.454498291015625000e+00,9.846013039350509644e-03
4.196915328502655029e-01,1.885984539985656738e+00,4.770833253860473633e-01
6.819492578506469727e-01,3.197811841964721680e+00,5.677773952484130859e-01
1.430290099233388901e-02,1.128563433885574341e-01,5.648491382598876953e-01
3.457141518592834473e-01,4.522605419158935547e+00,9.471230208873748779e-02
3.337866365909576416e-01,4.586934089660644531e+00,3.507302701473236084e-01
9.392895698547363281e-01,2.272301763296127319e-01,4.353023469448089600e-01
8.613225221633911133e-01,4.108337879180908203e+00,3.370784819126129150e-01
8.663079887628555298e-02,1.661331057548522949e+00,1.410619318485260010e-01
7.612980008125305176e-01,6.057360768318176270e-01,6.333031654357910156e-01
2.836211025714874268e-01,2.186195611953735352e+00,8.298495411872863770e-01
2.080823481082916260e-01,7.896698117256164551e-01,5.595384240150451660e-01
4.386181533336639404e-01,4.771219730377197266e+00,3.544781357049942017e-02
8.220441937446594238e-01,3.305785655975341797e+00,3.946022093296051025e-01
7.153309583663940430e-01,9.098707884550094604e-02,1.206959690898656845e-02
2.135624736547470093e-02,2.931034088134765625e+00,3.553526103496551514e-01
4.023122191429138184e-01,4.908687114715576172e+00,8.373323082923889160e-01
9.835591912269592285e-01,2.600206136703491211e+00,8.953610062599182129e-01
2.519731223583221436e-01,3.219731092453002930e+00,8.183544874191284180e-01
1.385196298360824585e-01,9.945053458213806152e-01,6.148653626441955566e-01
4.648987948894500732e-01,4.661911487579345703e+00,9.069822430610656738e-01
1.468857843428850174e-02,1.305701583623886108e-01,6.008214950561523438e-01
8.591317534446716309e-01,2.471273422241210938e+00,9.758476912975311279e-02
7.173993587493896484e-01,2.121370315551757812e+00,8.222242593765258789e-01
4.473287165164947510e-01,3.710761785507202148e+00,1.627369374036788940e-01
7.597129940986633301e-01,2.011009216308593750e+00,9.452348351478576660e-01
5.490728095173835754e-02,4.234967231750488281e+00,4.360741376876831055e-01
5.772119760513305664e-01,3.620405435562133789e+00,6.410819292068481445e-01
3.002413921058177948e-02,2.636654078960418701e-01,4.028508961200714111e-01
4.073286652565002441e-01,1.993978381156921387e+00,1.165971308946609497e-01
4.091744422912597656e-01,4.973160266876220703e+00,3.414978459477424622e-02
7.850120663642883301e-01,2.100562334060668945e+00,9.217588901519775391e-01
6.534582376480102539e-01,4.155786037445068359e+00,5.193275213241577148e-01
4.337234497070312500e-01,3.940856456756591797e-02,4.466315805912017822e-01
9.970130771398544312e-02,3.615371704101562500e+00,4.123481810092926025e-01
9.725987911224365234e-01,8.345956206321716309e-01,6.971285939216613770e-01
3.581326901912689209e-01,3.129033327102661133e+00,4.356821775436401367e-01
4.847888350486755371e-01,2.905405998229980469e+00,9.706737995147705078e-01
9.954903125762939453e-01,2.731466531753540039e+00,6.450712680816650391e-01
7.816810607910156250e-01,1.537901163101196289e+00,8.285537362098693848e-01
7.572035193443298340e-01,4.598083972930908203e+00,5.713692307472229004e-01
9.996134042739868164e-01,2.167096138000488281e+00,9.127415418624877930e-01
6.351016759872436523e-01,3.634766340255737305e+00,6.149693131446838379e-01
1.771006286144256592e-01,1.919905424118041992e+00,2.398885786533355713e-01
7.519180178642272949e-01,5.121851563453674316e-01,4.079558551311492920e-01
2.763248085975646973e-01,8.003755807876586914e-01,4.526927769184112549e-01
5.457031726837158203e-01,3.545846939086914062e+00,1.334520131349563599e-01
9.401694536209106445e-01,2.329753160476684570e+00,7.358731031417846680e-01
1.887136697769165039e-01,3.443116426467895508e+00,8.415108323097229004e-01
2.818318009376525879e-01,2.045414209365844727e+00,7.264138013124465942e-02
2.176630049943923950e-01,3.554423898458480835e-02,8.626708388328552246e-01
8.929581046104431152e-01,1.511304229497909546e-01,5.704442858695983887e-01
1.639086902141571045e-01,1.526759505271911621e+00,7.822059392929077148e-01
5.665922760963439941e-01,6.846493482589721680e-01,5.908446907997131348e-01
3.586753904819488525e-01,2.458847522735595703e+00,3.522827327251434326e-01
6.063941717147827148e-01,8.747051358222961426e-01,8.425960540771484375e-01
7.904108166694641113e-01,1.057161211967468262e+00,8.040314316749572754e-01
6.547188162803649902e-01,1.431767225265502930e+00,7.365843653678894043e-01
4.931070208549499512e-01,1.241446733474731445e+00,3.155182301998138428e-01
6.502639651298522949e-01,3.243337154388427734e+00,4.848778545856475830e-01
3.780741691589355469e-01,1.203750848770141602e+00,2.833927273750305176e-01
2.547563910484313965e-01,1.414338350296020508e+00,8.656810522079467773e-01
7.800384759902954102e-01,1.957475066184997559e+00,8.954827785491943359e-01
5.609168410301208496e-01,2.516001939773559570e+00,8.154038786888122559e-01
5.489560961723327637e-01,4.478998184204101562e+00,5.578762292861938477e-01
6.790066361427307129e-01,2.871112525463104248e-01,4.882530570030212402e-01
6.593432426452636719e-01,4.403202056884765625e+00,2.947495877742767334e-01
1.720841377973556519e-01,2.189957141876220703e+00,2.715769708156585693e-01
1.956688463687896729e-01,7.420362234115600586e-01,3.145541250705718994e-01
7.911430001258850098e-01,3.387370705604553223e-01,3.873784542083740234e-01
6.753950715065002441e-01,4.305084705352783203e+00,9.285781383514404297e-01
7.174452543258666992e-01,3.416549682617187500e+00,7.802083492279052734e-01
3.405679166316986084e-01,1.604043364524841309e+00,5.228505134582519531e-01
4.675153791904449463e-01,2.931223154067993164e+00,9.596403837203979492e-01
9.527439475059509277e-01,3.426945686340332031e+00,8.597532510757446289e-01
4.230060279369354248e-01,2.422233670949935913e-01,2.271078228950500488e-01
9.141801595687866211e-01,5.770252346992492676e-01,6.109043359756469727e-01
8.848887681961059570e-01,2.477242231369018555e+00,8.450453877449035645e-01
8.602141737937927246e-01,2.577917814254760742e+00,1.340281814336776733e-01
1.205005347728729248e-01,7.964813709259033203e-01,9.324195981025695801e-01
9.825468063354492188e-01,2.086143732070922852e+00,1.460178941488265991e-01
3.692357540130615234e-01,2.412434816360473633e+00,2.174938172101974487e-01
6.938925478607416153e-03,7.787320017814636230e-01,9.525786638259887695e-01
3.580449819564819336e-01,9.621799588203430176e-01,8.111431598663330078e-01
1.494395732879638672e-01,1.977746725082397461e+00,3.216863870620727539e-01
5.754381418228149414e-01,3.487063348293304443e-01,5.519689917564392090e-01
4.645550251007080078e-01,1.849981993436813354e-01,1.837077438831329346e-01
9.143674969673156738e-01,1.470820307731628418e+00,4.794951081275939941e-01
1.687763780355453491e-01,3.432755947113037109e+00,6.271232366561889648e-01
1.546223461627960205e-01,4.969105243682861328e+00,6.685330271720886230e-01
8.582869172096252441e-01,1.307638168334960938e+00,9.589388966560363770e-01
1.117313578724861145e-01,3.137908220291137695e+00,2.050226628780364990e-01
8.209738135337829590e-02,2.797417163848876953e+00,5.507400631904602051e-01
8.732179999351501465e-01,2.837075710296630859e+00,4.978217184543609619e-01
5.288733243942260742e-01,1.727778077125549316e+00,9.276350736618041992e-01
3.473575711250305176e-01,8.442006707191467285e-01,3.072311356663703918e-02
1.723845750093460083e-01,7.929586768150329590e-01,5.506097674369812012e-01
6.228451132774353027e-01,3.587178707122802734e+00,3.587814569473266602e-01
4.681009948253631592e-01,4.564366817474365234e+00,6.788130402565002441e-01
6.722653508186340332e-01,3.750348091125488281e+00,1.252698898315429688e-01
1.577336341142654419e-01,3.282847881317138672e+00,1.040728241205215454e-01
2.173748165369033813e-01,2.156938076019287109e+00,3.323680758476257324e-01
7.708058953285217285e-01,2.255862712860107422e+00,8.510996103286743164e-01
9.164967536926269531e-01,4.929913043975830078e+00,2.843784391880035400e-01
3.852822184562683105e-01,4.768634796142578125e+00,1.931383460760116577e-02
6.555177569389343262e-01,3.896816253662109375e+00,9.357088804244995117e-01
4.515600800514221191e-01,4.546485424041748047e+00,9.896404147148132324e-01
8.034865856170654297e-01,2.234920978546142578e+00,8.799540400505065918e-01
1.970329284667968750e-01,2.827007770538330078e+00,1.746650338172912598e-01
3.798843920230865479e-01,4.765714645385742188e+00,2.233574092388153076e-01
4.121635854244232178e-01,3.078952789306640625e+00,7.883002758026123047e-01
4.132654890418052673e-02,4.243884086608886719e+00,4.186816811561584473e-01
6.702247262001037598e-01,4.579445719718933105e-01,8.947029113769531250e-01
9.153863787651062012e-01,3.546046912670135498e-01,2.783799767494201660e-01
4.210053682327270508e-01,2.208809375762939453e+00,3.855222761631011963e-01
7.976706027984619141e-01,3.482903480529785156e+00,1.614091098308563232e-01
2.095911651849746704e-01,1.703627109527587891e+00,8.553424477577209473e-01
2.620145380496978760e-01,7.011202573776245117e-01,7.407062649726867676e-01
6.093513965606689453e-01,3.800114393234252930e+00,2.490631043910980225e-01
9.064637422561645508e-01,2.268764019012451172e+00,7.866935133934020996e-01
4.453494772315025330e-02,2.485096640884876251e-02,2.607452571392059326e-01
6.097661852836608887e-01,2.101661682128906250e+00,7.104526758193969727e-01
4.532668292522430420e-01,2.803421735763549805e+00,9.160853624343872070e-01
7.155131697654724121e-01,1.553768992424011230e+00,3.485833704471588135e-01
8.422325849533081055e-01,1.153457611799240112e-01,7.660418003797531128e-02
5.488640069961547852e-01,4.562436580657958984e+00,6.461097002029418945e-01
9.878500699996948242e-01,4.625204086303710938e+00,6.286741495132446289e-01
5.443074107170104980e-01,8.094953298568725586e-01,8.323353528976440430e-01
3.928148001432418823e-02,4.280587196350097656e+00,2.245589643716812134e-01
3.227332532405853271e-01,1.978060975670814514e-02,3.044045269489288330e-01
9.335905313491821289e-01,3.551655054092407227e+00,5.654104351997375488e-01
2.145826816558837891e-01,1.784465551376342773e+00,7.000498771667480469e-01
5.416043996810913086e-01,4.221512317657470703e+00,6.815081834793090820e-01
1.743186116218566895e-01,2.131522297859191895e-01,5.595622658729553223e-01
3.278957903385162354e-01,1.396441340446472168e+00,5.910496711730957031e-01
3.844079375267028809e-01,3.466861248016357422e+00,2.185817956924438477e-01
9.023556709289550781e-01,6.260646134614944458e-02,2.991792559623718262e-01
3.272317349910736084e-01,1.523532867431640625e+00,7.273863554000854492e-01
2.982347607612609863e-01,5.597917437553405762e-01,6.970729231834411621e-01
7.967911362648010254e-01,2.588220834732055664e+00,3.470137417316436768e-01
4.820370674133300781e-01,1.405604720115661621e+00,5.492147803306579590e-01
8.157708644866943359e-01,4.018057346343994141e+00,6.682955026626586914e-01
5.540084242820739746e-01,4.657557010650634766e+00,2.137052863836288452e-01
2.098583132028579712e-01,4.151929855346679688e+00,4.551898241043090820e-01
8.461402654647827148e-01,3.204989671707153320e+00,4.370866417884826660e-01
1.016286388039588928e-01,3.562384128570556641e+00,5.248258113861083984e-01
1.626795530319213867e-01,4.175875663757324219e+00,9.198845177888870239e-02
7.506663203239440918e-01,4.661674976348876953e+00,3.448747694492340088e-01
5.895861983299255371e-01,4.970076560974121094e+00,6.418454647064208984e-01
4.427587091922760010e-01,2.317919969558715820e+00,5.602508187294006348e-01
4.104434326291084290e-02,3.232546567916870117e+00,8.157362341880798340e-01
2.938957512378692627e-02,9.462413191795349121e-02,6.630469560623168945e-01
1.102947890758514404e-01,1.024931371212005615e-01,5.810166001319885254e-01
6.148328781127929688e-01,3.809865236282348633e+00,4.530507624149322510e-01
9.052996337413787842e-02,2.886343240737915039e+00,8.695378899574279785e-01
7.446103692054748535e-01,9.673191308975219727e-01,8.099242448806762695e-01
6.708879470825195312e-01,2.093515872955322266e+00,5.162380933761596680e-01
6.556173563003540039e-01,2.751854658126831055e+00,2.956019341945648193e-01
5.313001275062561035e-01,2.677725076675415039e+00,1.506704986095428467e-01
2.596615552902221680e-01,2.926844120025634766e+00,2.211814373731613159e-01
9.248273372650146484e-01,1.621071398258209229e-01,2.900432050228118896e-01
1.425852477550506592e-01,1.941523432731628418e+00,3.175241649150848389e-01
3.137345612049102783e-01,1.252295136451721191e+00,9.862977862358093262e-01
6.008569598197937012e-01,2.907908201217651367e+00,4.760700166225433350e-01
9.952702522277832031e-01,3.253181457519531250e+00,2.353824675083160400e-01
9.062619209289550781e-01,4.740666866302490234e+00,5.899372696876525879e-01
1.835760287940502167e-02,1.268759727478027344e+00,2.133233845233917236e-01
3.368293941020965576e-01,8.971906453371047974e-02,3.000488877296447754e-01
7.901456356048583984e-01,6.487393379211425781e-01,3.535360097885131836e-01
9.785974621772766113e-01,4.133129596710205078e+00,7.636963725090026855e-01
8.572642803192138672e-01,4.666431903839111328e+00,2.895278930664062500e-01
9.591236710548400879e-01,2.006458938121795654e-01,4.308786988258361816e-01
9.874465465545654297e-01,3.565053701400756836e+00,5.592765808105468750e-01
8.325169682502746582e-01,7.886545360088348389e-02,9.691729396581649780e-02
3.304937481880187988e-01,5.651395916938781738e-01,9.019736647605895996e-01
4.144426882266998291e-01,1.669136166572570801e+00,3.270075917243957520e-01
3.695000708103179932e-01,3.789255142211914062e+00,8.611634373664855957e-01
2.613424956798553467e-01,4.127811908721923828e+00,3.927800357341766357e-01
1.242716684937477112e-01,4.504418373107910156e+00,5.283777117729187012e-01
5.314475670456886292e-02,1.286553025245666504e+00,3.132194876670837402e-01
3.132422566413879395e-01,5.964311957359313965e-01,8.802272081375122070e-01
8.882765769958496094e-01,3.614336013793945312e+00,2.133347988128662109e-01
6.339322924613952637e-01,2.069105625152587891e+00,1.530986428260803223e-01
3.725242316722869873e-01,7.233622670173645020e-01,2.587827481329441071e-02
6.425430774688720703e-01,2.188986778259277344e+00,7.729707360267639160e-01
7.938115000724792480e-01,1.780267596244812012e+00,5.024048313498497009e-02
5.986750721931457520e-01,1.125012755393981934e+00,1.006726473569869995e-01
6.666111201047897339e-02,2.785431861877441406e+00,5.369573831558227539e-01
8.528519272804260254e-01,1.244598865509033203e+00,2.312108129262924194e-02
1.931448429822921753e-01,3.370491504669189453e+00,8.976353406906127930e-01
6.318287253379821777e-01,3.107872247695922852e+00,9.384877085685729980e-01
6.746841669082641602e-01,2.806944370269775391e+00,8.331450223922729492e-01
2.131380289793014526e-01,7.967200875282287598e-01,4.093641340732574463e-01
9.383577704429626465e-01,3.129132986068725586e+00,3.324204981327056885e-01
8.212456107139587402e-01,2.096685886383056641e+00,8.083509802818298340e-01
3.341740071773529053e-01,2.385887861251831055e+00,3.004708290100097656e-01
3.175976276397705078e-01,2.475109249353408813e-01,5.645984411239624023e-01
6.506893634796142578e-01,3.828846454620361328e+00,1.626767218112945557e-01
7.559326291084289551e-01,3.844995737075805664e+00,6.679675579071044922e-01
7.409088611602783203e-01,4.528198242187500000e+00,8.363912701606750488e-01
2.911805808544158936e-01,1.875866174697875977e+00,3.091436028480529785e-01
1.093002334237098694e-01,3.346114397048950195e+00,5.769836902618408203e-01
6.447794437408447266e-01,4.355387985706329346e-01,2.435490041971206665e-01
1.389108151197433472e-01,1.593688011169433594e+00,3.832506835460662842e-01
1.061668843030929565e-01,1.948958635330200195e+00,4.508327245712280273e-01
3.486246466636657715e-01,2.860390424728393555e+00,7.153952866792678833e-02
8.096008300781250000e-01,1.607573628425598145e+00,1.859871447086334229e-01
5.939538478851318359e-01,4.697862148284912109e+00,3.193676471710205078e-01
5.550852417945861816e-01,2.026106357574462891e+00,7.284914255142211914e-01
3.644947707653045654e-01,1.660006046295166016e+00,8.382219076156616211e-01
6.415082812309265137e-01,3.913436830043792725e-01,7.075524926185607910e-01
8.470789790153503418e-01,4.933341503143310547e+00,3.759079426527023315e-02
3.723498284816741943e-01,4.469593048095703125e+00,9.518382549285888672e-01
3.052760362625122070e-01,3.752498865127563477e+00,5.747103132307529449e-03
5.892181396484375000e-01,3.375384092330932617e+00,9.314926862716674805e-01
9.245200157165527344e-01,3.711095452308654785e-01,2.235989421606063843e-01
7.771431207656860352e-01,3.339716792106628418e-01,5.663469433784484863e-01
9.132247567176818848e-01,1.786096930503845215e+00,8.956007361412048340e-01
2.125345617532730103e-01,2.563511133193969727e+00,1.334783583879470825e-01
8.068100810050964355e-01,1.691514492034912109e+00,2.916935980319976807e-01
9.948295354843139648e-01,2.410529136657714844e+00,6.199340224266052246e-01
7.359293699264526367e-01,3.449223279953002930e+00,8.145837783813476562e-01
5.646242499351501465e-01,3.711859464645385742e+00,7.162578701972961426e-01
2.390475124120712280e-01,2.574726104736328125e+00,4.640350490808486938e-02
3.135104775428771973e-01,6.602244377136230469e-01,6.809132099151611328e-01
1.169715169817209244e-02,6.294040679931640625e-01,6.371454596519470215e-01
8.347108960151672363e-01,6.996155381202697754e-01,4.751184284687042236e-01
1.590797156095504761e-01,4.387078285217285156e-01,6.503892540931701660e-01
6.087070107460021973e-01,3.497918248176574707e-01,2.284877449274063110e-01
1.440061479806900024e-01,2.668083190917968750e+00,6.553164869546890259e-02
3.561741411685943604e-01,2.894354104995727539e+00,1.573148220777511597e-01
6.038449406623840332e-01,3.400957107543945312e+00,6.651588082313537598e-01
2.883073091506958008e-01,1.451141595840454102e+00,4.818410277366638184e-01
5.122007131576538086e-01,1.035857915878295898e+00,9.835658073425292969e-01
9.032907485961914062e-01,1.459892094135284424e-01,5.078975483775138855e-02
5.468316078186035156e-01,1.411698460578918457e-01,9.914308190345764160e-01
9.599130749702453613e-01,3.003682374954223633e+00,7.785446047782897949e-01
8.299434781074523926e-01,2.525193214416503906e+00,9.607897400856018066e-01
9.305525422096252441e-01,2.260784387588500977e+00,7.517910599708557129e-01
2.709513902664184570e-02,1.609566450119018555e+00,2.627433538436889648e-01
2.311879694461822510e-01,4.150772571563720703e+00,2.430349960923194885e-02
3.965720236301422119e-01,1.224619746208190918e+00,7.139815092086791992e-01
1.351073682308197021e-01,4.569442272186279297e+00,3.187060654163360596e-01
5.731877312064170837e-02,3.567974328994750977e+00,6.276030540466308594e-01
7.716419696807861328e-01,3.917860031127929688e+00,9.933444261550903320e-01
2.772365212440490723e-01,4.889355182647705078e+00,2.868348173797130585e-02
9.214268326759338379e-01,2.530256748199462891e+00,7.285743355751037598e-01
8.327739685773849487e-02,2.679010152816772461e+00,5.534734129905700684e-01
9.497655034065246582e-01,1.693634271621704102e+00,9.753702282905578613e-01
8.138920664787292480e-01,3.239947319030761719e+00,1.807595491409301758e-01
9.822181463241577148e-01,1.680575728416442871e+00,6.073591709136962891e-01
8.817409276962280273e-01,2.317413330078125000e+00,1.489753872156143188e-01
1.376583427190780640e-01,4.004622459411621094e+00,9.211427718400955200e-02
4.560947716236114502e-01,4.298285961151123047e+00,5.701203942298889160e-01
9.614135622978210449e-01,2.605718851089477539e+00,5.566706657409667969e-01
9.161227345466613770e-01,3.179835081100463867e-01,8.213732838630676270e-01
3.982093930244445801e-01,3.509902000427246094e+00,4.674122929573059082e-01
2.965633869171142578e-01,3.377360582351684570e+00,2.190290540456771851e-01
2.375846803188323975e-01,4.395198345184326172e+00,8.041874766349792480e-01
4.729900360107421875e-01,4.446685016155242920e-01,9.171915054321289062e-01
6.550326347351074219e-01,4.528705120086669922e+00,1.444659009575843811e-02
5.224468708038330078e-01,4.936684608459472656e+00,6.939312815666198730e-01
6.307424306869506836e-01,2.792502403259277344e+00,2.161754518747329712e-01
6.707705259323120117e-01,1.067906260490417480e+00,7.073040306568145752e-02
6.603860259056091309e-01,1.485131084918975830e-01,5.661846399307250977e-01
6.633408069610595703e-01,4.290949821472167969e+00,5.699785351753234863e-01
7.050865292549133301e-01,4.394977569580078125e+00,6.329023838043212891e-01
6.721736192703247070e-01,2.578806281089782715e-01,2.095142304897308350e-01
5.752121210098266602e-01,4.081632614135742188e+00,7.215487360954284668e-01
1.920437067747116089e-01,1.295239329338073730e+00,3.502269089221954346e-01
1.141336783766746521e-01,3.344033360481262207e-01,6.587860584259033203e-01
4.690532684326171875e-01,2.327953577041625977e+00,7.453590631484985352e-01
2.174891978502273560e-01,9.019880890846252441e-01,6.102318167686462402e-01
4.724259078502655029e-01,3.179016590118408203e+00,1.246960982680320740e-01
4.189260601997375488e-01,3.028955698013305664e+00,7.274329662322998047e-01
9.020078778266906738e-01,4.794543743133544922e+00,1.157062035053968430e-02
8.539332747459411621e-01,2.991481542587280273e+00,7.951489686965942383e-01
8.476284742355346680e-01,1.675027251243591309e+00,2.325598001480102539e-01
8.334283828735351562e-01,4.289469242095947266e+00,6.927387118339538574e-01
2.830672860145568848e-01,1.297764927148818970e-01,7.908058166503906250e-01
8.621583580970764160e-01,4.894313812255859375e+00,6.738190054893493652e-01
9.398274421691894531e-01,2.815067291259765625e+00,2.161252647638320923e-01
9.430570602416992188e-01,2.252414703369140625e+00,5.401815176010131836e-01
1.053193137049674988e-01,2.422115802764892578e-01,3.450691103935241699e-01
1.085344888269901276e-02,4.054648399353027344e+00,6.532661914825439453e-01
5.459999442100524902e-01,4.699059963226318359e+00,1.692206412553787231e-02
5.154461860656738281e-01,2.026211261749267578e+00,6.417194008827209473e-01
5.300046801567077637e-01,3.805089473724365234e+00,8.811196684837341309e-01
3.858183324337005615e-01,2.241985559463500977e+00,6.921710371971130371e-01
3.288506865501403809e-01,3.217256546020507812e+00,4.201791286468505859e-01
4.666093289852142334e-01,2.510882019996643066e-01,8.892355114221572876e-02
3.949317038059234619e-01,4.053309440612792969e+00,7.038607597351074219e-01
9.541634917259216309e-01,2.099220752716064453e+00,1.582601070404052734e-01
6.845339387655258179e-02,3.015206158161163330e-01,4.253723919391632080e-01
4.338597059249877930e-01,1.170827150344848633e+00,3.213527500629425049e-01
1.988412588834762573e-01,2.916719436645507812e+00,7.923274040222167969e-01
2.387961894273757935e-01,3.144613027572631836e+00,8.519044518470764160e-01
8.890510201454162598e-01,7.874671220779418945e-01,1.574369706213474274e-02
9.695086479187011719e-01,3.329283237457275391e+00,2.535710632801055908e-01
2.126057446002960205e-01,1.243585109710693359e+00,6.204838752746582031e-01
9.088255167007446289e-01,1.073413491249084473e-01,4.332998991012573242e-01
7.635127305984497070e-01,2.408478736877441406e+00,9.482371807098388672e-01
8.474313020706176758e-01,1.517877936363220215e+00,3.591023981571197510e-01
2.112413495779037476e-01,3.862138748168945312e+00,1.177143007516860962e-01
9.147455692291259766e-01,1.244950175285339355e+00,1.486312150955200195e-01
2.424503415822982788e-01,2.654422819614410400e-01,6.398099660873413086e-01
1.020850911736488342e-01,2.821320056915283203e+00,4.210087954998016357e-01
8.276113271713256836e-01,2.790867328643798828e+00,1.425411552190780640e-01
5.414881110191345215e-01,4.466119289398193359e+00,4.824376404285430908e-01
8.604460358619689941e-01,1.735431313514709473e+00,7.830846309661865234e-01
7.913784384727478027e-01,1.820935130119323730e+00,8.509619832038879395e-01
2.990847826004028320e-01,4.806066513061523438e+00,7.031196951866149902e-01
7.899242639541625977e-01,5.432763099670410156e-01,2.902123332023620605e-01
5.431138873100280762e-01,3.810131549835205078e+00,6.487873196601867676e-01
8.621914386749267578e-01,1.650138139724731445e+00,3.226321041584014893e-01
4.475491344928741455e-01,2.580527067184448242e+00,9.977483153343200684e-01
1.444433778524398804e-01,2.029236316680908203e+00,1.376884579658508301e-01
5.272191762924194336e-01,4.898081779479980469e+00,6.222167611122131348e-01
5.061496496200561523e-01,1.896720051765441895e+00,3.290276825428009033e-01
4.013604819774627686e-01,1.244252085685729980e+00,8.561151623725891113e-01
1.890079081058502197e-01,4.226343631744384766e+00,1.779943559085950255e-04
9.881299734115600586e-01,1.411761283874511719e+00,3.710961937904357910e-01
5.281493067741394043e-01,4.137848019599914551e-01,8.888731002807617188e-01
1.243091560900211334e-02,2.517018556594848633e+00,8.234620094299316406e-01
8.576792478561401367e-01,4.883926391601562500e+00,3.902189135551452637e-01
6.037244200706481934e-01,1.044108629226684570e+00,2.830047011375427246e-01
3.049302995204925537e-01,4.367424547672271729e-01,2.638771831989288330e-01
6.649246215820312500e-01,2.135710865259170532e-01,2.645128220319747925e-02
4.817472305148839951e-03,6.948766112327575684e-02,2.717255353927612305e-01
2.325306236743927002e-01,1.571471333503723145e+00,2.084147781133651733e-01
3.599754571914672852e-01,3.027307271957397461e+00,9.232629537582397461e-01
8.893614411354064941e-01,3.336051702499389648e+00,5.342191457748413086e-01
9.908415377140045166e-02,3.679206848144531250e+00,7.317641973495483398e-01
8.181302249431610107e-02,2.434566974639892578e+00,5.468432307243347168e-01
5.923303589224815369e-02,2.874442100524902344e+00,1.493057012557983398e-01
5.538193136453628540e-02,3.025336503982543945e+00,1.698191761970520020e-01
2.641741037368774414e-01,2.219551086425781250e+00,1.658585518598556519e-01
4.174766242504119873e-01,2.236010551452636719e+00,4.966897964477539062e-01
4.071124494075775146e-01,2.711635112762451172e+00,1.053889021277427673e-01
9.851596355438232422e-01,1.167099103331565857e-01,7.735093235969543457e-01
3.877552747726440430e-01,9.554642438888549805e-01,4.760704040527343750e-01
7.590127587318420410e-01,4.166457653045654297e+00,7.532820701599121094e-01
3.794854581356048584e-01,4.663314342498779297e+00,9.375150203704833984e-01
6.189282536506652832e-01,3.834792375564575195e+00,7.080501914024353027e-01
2.099177241325378418e-01,2.220056772232055664e+00,5.665704607963562012e-01
4.234552755951881409e-02,3.211937665939331055e+00,3.829997777938842773e-02
5.099244713783264160e-01,2.735851287841796875e+00,9.038634300231933594e-01
3.399090170860290527e-01,4.486410140991210938e+00,1.759318113327026367e-01
6.130180358886718750e-01,2.191548824310302734e+00,3.370828330516815186e-01
9.498997330665588379e-01,3.913521528244018555e+00,9.767608046531677246e-01
2.413319498300552368e-01,3.166913986206054688e+00,1.356365680694580078e-01
7.295430898666381836e-01,2.576438426971435547e+00,9.025951623916625977e-01
9.303416609764099121e-01,1.418950557708740234e+00,1.940608769655227661e-01
6.788157224655151367e-01,3.059086799621582031e+00,5.577446222305297852e-01
4.048431515693664551e-01,8.773285746574401855e-01,6.485642194747924805e-01
4.177468121051788330e-01,3.282817125320434570e+00,4.253185391426086426e-01
1.847771853208541870e-01,3.464276313781738281e+00,7.315512895584106445e-01
4.879550635814666748e-01,2.803642511367797852e+00,8.332004547119140625e-01
4.381137713789939880e-02,3.090144991874694824e-01,7.878485918045043945e-01
8.513246774673461914e-01,2.310384035110473633e+00,2.614350318908691406e-01
6.697707176208496094e-01,2.469745635986328125e+00,6.709887981414794922e-01
1.689685434103012085e-01,1.888664841651916504e+00,1.175531968474388123e-01
2.429191023111343384e-01,7.090350389480590820e-01,8.395781517028808594e-01
2.680328488349914551e-01,2.753056883811950684e-01,6.449214816093444824e-01
9.060339927673339844e-01,4.568619728088378906e+00,2.878576219081878662e-01
6.055819988250732422e-01,3.349101543426513672e+00,9.601424932479858398e-01
8.248076438903808594e-01,2.600504398345947266e+00,5.627825856208801270e-02
6.761089563369750977e-01,1.825636982917785645e+00,2.766981422901153564e-01
9.132120013236999512e-01,2.304612398147583008e+00,4.382573664188385010e-01
7.308068275451660156e-01,2.520585536956787109e+00,8.799244165420532227e-01
1.420552879571914673e-01,4.419672012329101562e+00,5.799524113535881042e-02
9.657791852951049805e-01,5.370299816131591797e-01,6.775603294372558594e-01
2.143917381763458252e-01,3.476487874984741211e+00,2.328701466321945190e-01
3.561544418334960938e-01,9.477350711822509766e-01,6.882733106613159180e-01
3.971328735351562500e-01,8.056863546371459961e-01,6.768239140510559082e-01
6.486166715621948242e-01,2.520004272460937500e+00,5.731251239776611328e-01
3.272145092487335205e-01,4.245064258575439453e+00,8.770857453346252441e-01
7.128998637199401855e-01,1.480267524719238281e+00,4.647328853607177734e-01
3.971188068389892578e-01,2.448563873767852783e-01,3.624413907527923584e-02
2.868219017982482910e-01,2.636857986450195312e+00,7.051278948783874512e-01
2.507259249687194824e-01,4.280645847320556641e-01,8.927417397499084473e-01
3.235267102718353271e-01,4.163848400115966797e+00,7.052683085203170776e-02
8.969747424125671387e-01,2.753510475158691406e+00,5.325287580490112305e-01
9.129980206489562988e-01,1.905022025108337402e+00,5.447530746459960938e-01
4.034292697906494141e-01,3.376320838928222656e+00,2.174853682518005371e-01
7.498048543930053711e-01,3.480833292007446289e+00,7.933939695358276367e-01
1.319090873003005981e-01,4.833040714263916016e+00,3.167821764945983887e-01
3.955416977405548096e-01,3.012097597122192383e+00,5.751737952232360840e-01
4.889912605285644531e-01,4.532795906066894531e+00,6.938014030456542969e-01
2.825250029563903809e-01,2.087706565856933594e+00,3.129919171333312988e-01
6.325384974479675293e-01,3.543884754180908203e+00,2.024387717247009277e-01
7.035278677940368652e-01,3.031749010086059570e+00,8.884648680686950684e-01
5.979914665222167969e-01,1.747477173805236816e+00,1.268516033887863159e-01
7.370083928108215332e-01,4.619543552398681641e+00,8.358941674232482910e-01
1.522521674633026123e-01,3.523638486862182617e+00,5.819028019905090332e-01
7.161469757556915283e-02,4.646221160888671875e+00,4.619852602481842041e-01
1.070556342601776123e-01,3.023237943649291992e+00,2.923028171062469482e-01
7.505254745483398438e-01,9.885392189025878906e-01,4.133808016777038574e-01
8.357089757919311523e-01,3.082964420318603516e+00,1.789383292198181152e-01
5.171924829483032227e-01,1.199651584029197693e-01,9.247208237648010254e-01
7.544449567794799805e-01,3.716459512710571289e+00,6.584975123405456543e-01
6.278270483016967773e-01,1.307989239692687988e+00,4.126754999160766602e-01
5.247685313224792480e-01,4.816047251224517822e-01,4.237580299377441406e-01
6.160354018211364746e-01,1.344537973403930664e+00,5.465684533119201660e-01
4.746204614639282227e-01,4.574363708496093750e+00,5.228456854820251465e-01
4.433736950159072876e-02,8.052444458007812500e-01,3.408026993274688721e-01
8.686057925224304199e-01,4.486282348632812500e+00,7.164610028266906738e-01
9.350146055221557617e-01,2.748462915420532227e+00,4.789314270019531250e-01
5.119594559073448181e-02,1.955750942230224609e+00,4.235550463199615479e-01
6.520576477050781250e-01,2.750957489013671875e+00,8.134965300559997559e-01
8.382685780525207520e-01,2.005408853292465210e-01,3.904608488082885742e-01
2.491111606359481812e-01,4.729327678680419922e+00,1.682458966970443726e-01
9.426245689392089844e-01,2.984326839447021484e+00,4.608952701091766357e-01
4.519365429878234863e-01,8.760042190551757812e-01,1.048253625631332397e-01
8.616536855697631836e-01,2.160596609115600586e+00,6.288155317306518555e-01
3.294659554958343506e-01,1.534614086151123047e+00,5.940198302268981934e-01
5.380486249923706055e-01,2.294192075729370117e+00,3.692747056484222412e-01
4.542298316955566406e-01,2.937006235122680664e+00,7.922012805938720703e-01
4.871048033237457275e-01,4.440291821956634521e-01,8.693241477012634277e-01
9.039928317070007324e-01,2.450454086065292358e-01,5.495126247406005859e-01
2.526652514934539795e-01,1.043946504592895508e+00,1.890840195119380951e-02
2.211625427007675171e-01,3.904026269912719727e+00,6.844428181648254395e-01
3.845230638980865479e-01,3.819985866546630859e+00,7.903813123703002930e-01
9.878098368644714355e-01,1.819588184356689453e+00,2.492034882307052612e-01
1.776795089244842529e-02,1.337375760078430176e+00,4.653764665126800537e-01
7.525676488876342773e-01,3.860522270202636719e+00,6.005214452743530273e-01
7.367129325866699219e-01,1.304072260856628418e+00,1.207872331142425537e-01
9.194422364234924316e-01,1.711280465126037598e+00,2.061267197132110596e-01
3.251249790191650391e-01,4.024759769439697266e+00,6.413248926401138306e-02
5.493988990783691406e-01,4.115034580230712891e+00,7.760375142097473145e-01
8.415269851684570312e-01,2.755140781402587891e+00,5.622293949127197266e-01
7.187948562204837799e-03,6.736727952957153320e-01,5.402957201004028320e-01
6.396902203559875488e-01,1.982805609703063965e+00,1.407085657119750977e-01
2.835201323032379150e-01,1.264846563339233398e+00,3.006291985511779785e-01
1.390955969691276550e-02,3.757347106933593750e+00,4.201255142688751221e-01
7.870280146598815918e-01,2.227065712213516235e-01,7.713528871536254883e-01
7.854022383689880371e-01,1.113498806953430176e+00,8.590738177299499512e-01
2.490390986204147339e-01,1.682210683822631836e+00,9.788048267364501953e-01
4.256595671176910400e-01,1.583730697631835938e+00,1.974000595510005951e-02
4.024520814418792725e-01,1.787661075592041016e+00,4.547545909881591797e-01
8.466786146163940430e-01,3.105020999908447266e+00,3.939018845558166504e-01
8.455353379249572754e-01,1.642152070999145508e+00,6.600050926208496094e-01
4.807070493698120117e-01,1.690888881683349609e+00,7.582483291625976562e-01
3.452252149581909180e-01,4.319268226623535156e+00,9.120993018150329590e-01
6.439869999885559082e-01,2.241313695907592773e+00,2.489003688097000122e-01
8.021760582923889160e-01,1.167484879493713379e+00,5.994391441345214844e-02
2.378363609313964844e-01,3.910372734069824219e+00,8.447570204734802246e-01
2.739843428134918213e-01,5.077465772628784180e-01,7.306885719299316406e-01
8.537929654121398926e-01,2.303130388259887695e+00,2.865925133228302002e-01
9.404251575469970703e-01,1.001080870628356934e+00,8.351282775402069092e-02
3.706980943679809570e-01,4.392811775207519531e+00,9.287613034248352051e-01
3.183915019035339355e-01,7.347167134284973145e-01,1.326515674591064453e-01
4.092465713620185852e-02,2.630065679550170898e+00,5.724359750747680664e-01
1.323871910572052002e-01,7.411139607429504395e-01,2.758268713951110840e-01
1.433551609516143799e-01,6.709267199039459229e-02,7.797170877456665039e-01
3.942237794399261475e-01,2.702417850494384766e+00,8.251543045043945312e-01
5.700341463088989258e-01,3.736081600189208984e+00,6.709281206130981445e-01
2.133016437292098999e-01,1.074593186378479004e+00,4.847679734230041504e-01
7.582877874374389648e-01,1.190679907798767090e+00,9.566187113523483276e-02
3.420614302158355713e-01,1.169661760330200195e+00,7.935173809528350830e-02
9.097845554351806641e-01,2.340040445327758789e+00,2.832761704921722412e-01
5.511000752449035645e-01,2.650331735610961914e+00,8.650894165039062500e-01
4.288481771945953369e-01,4.888431072235107422e+00,2.737626060843467712e-02
8.994577527046203613e-01,7.690361142158508301e-01,9.955962747335433960e-02
4.658109843730926514e-01,2.557410955429077148e+00,7.396150231361389160e-01
9.298232197761535645e-01,3.548770666122436523e+00,4.036770761013031006e-01
9.590017795562744141e-02,3.261669635772705078e+00,8.544762730598449707e-01
6.211869120597839355e-01,2.363753557205200195e+00,9.241481423377990723e-01
9.836419820785522461e-01,4.186647415161132812e+00,7.388324737548828125e-01
5.926660299301147461e-01,8.868943452835083008e-01,9.146312475204467773e-01
3.105442523956298828e-01,4.642415523529052734e+00,3.372516632080078125e-01
7.388634681701660156e-01,2.570302724838256836e+00,9.638123512268066406e-01
9.947238564491271973e-01,1.053351998329162598e+00,8.550060391426086426e-01
7.145066857337951660e-01,2.926629543304443359e+00,8.909887075424194336e-01
3.321128785610198975e-01,2.752348899841308594e+00,5.165618658065795898e-01
5.301087349653244019e-02,6.642263531684875488e-01,8.366489410400390625e-01
2.817319631576538086e-01,3.078190088272094727e+00,2.417547553777694702e-01
1.096629630774259567e-02,2.869691848754882812e+00,5.963462591171264648e-01
7.795487642288208008e-01,2.545341849327087402e-01,6.568529009819030762e-01
7.800188660621643066e-01,1.150691434741020203e-01,6.937519907951354980e-01
6.377671957015991211e-01,3.177707672119140625e+00,9.365700930356979370e-02
2.772965729236602783e-01,2.597716808319091797e+00,7.258345186710357666e-02
9.862868189811706543e-01,1.663069367408752441e+00,3.110825419425964355e-01
7.262636423110961914e-01,4.987106323242187500e-01,7.103470563888549805e-01
2.032994627952575684e-01,3.603175878524780273e-01,5.700954794883728027e-01
8.875047564506530762e-01,3.401063919067382812e+00,2.595169842243194580e-01
2.332156449556350708e-01,7.334455847740173340e-01,4.072138071060180664e-01
7.058422267436981201e-02,4.873245716094970703e+00,7.211201786994934082e-01
6.186341047286987305e-01,4.540134429931640625e+00,1.095892861485481262e-02
9.030392169952392578e-01,1.561862707138061523e+00,4.905451536178588867e-01
9.800047874450683594e-01,2.660010576248168945e+00,5.045928955078125000e-01
7.499240040779113770e-01,1.612069308757781982e-01,6.881167888641357422e-01
7.695146203041076660e-01,7.595164179801940918e-01,1.947274953126907349e-01
5.417492985725402832e-01,3.760994911193847656e+00,8.320770263671875000e-01
3.152595460414886475e-01,9.738857746124267578e-01,5.808304548263549805e-01
1.865449696779251099e-01,2.569835662841796875e+00,2.441559582948684692e-01
5.622718930244445801e-01,3.940104722976684570e+00,9.510129094123840332e-01
7.050114274024963379e-01,7.082645893096923828e-01,3.744113200809806585e-04
3.627689480781555176e-01,2.551856040954589844e+00,4.000356495380401611e-01
6.725364327430725098e-01,7.809419035911560059e-01,5.911656618118286133e-01
2.365745157003402710e-01,1.474027991294860840e+00,7.635585665702819824e-01
1.848109513521194458e-01,3.117381572723388672e+00,3.949898108839988708e-02
7.207025885581970215e-01,8.643772602081298828e-01,9.897850155830383301e-01
9.192109107971191406e-01,2.325928449630737305e+00,3.418533597141504288e-03
2.845125794410705566e-01,3.466916084289550781e-01,2.124352604150772095e-01
3.432832062244415283e-01,3.995593786239624023e+00,7.185138761997222900e-02
4.343801438808441162e-01,4.319344520568847656e+00,8.553586602210998535e-01
3.423407673835754395e-01,4.105665683746337891e+00,8.376958370208740234e-01
8.168423175811767578e-01,2.727148294448852539e+00,1.752687245607376099e-01
7.918898463249206543e-01,3.517312288284301758e+00,8.825619816780090332e-01
7.023774832487106323e-02,4.619132280349731445e-01,9.571852087974548340e-01
3.776970207691192627e-01,2.534838199615478516e+00,7.855386137962341309e-01
7.812373042106628418e-01,1.878439784049987793e-01,4.807081520557403564e-01
6.181766986846923828e-01,4.942928314208984375e+00,8.360809087753295898e-01
9.752923250198364258e-01,4.182693064212799072e-01,5.879000425338745117e-01
6.466802358627319336e-01,2.297025203704833984e+00,3.599975407123565674e-01
9.848099946975708008e-01,1.382609009742736816e-01,6.001484990119934082e-01
8.111001849174499512e-01,2.656721830368041992e+00,1.254308223724365234e-01
4.888826906681060791e-01,2.770280122756958008e+00,9.093381166458129883e-01
7.575029134750366211e-02,3.695444166660308838e-01,2.473993450403213501e-01
4.101601541042327881e-01,4.845381259918212891e+00,6.251419782638549805e-01
7.805449962615966797e-01,4.887353897094726562e+00,4.224791526794433594e-01
1.229645311832427979e-01,2.819434642791748047e+00,4.378628134727478027e-01
8.104771971702575684e-01,3.088389635086059570e+00,7.409920096397399902e-01
5.791137814521789551e-01,4.530756950378417969e+00,9.234029650688171387e-01
5.108683109283447266e-01,1.043243646621704102e+00,5.474882721900939941e-01
9.267880916595458984e-01,2.553169012069702148e+00,1.195746436715126038e-01
2.152894437313079834e-01,2.841912508010864258e+00,4.335486292839050293e-01
7.540453672409057617e-01,1.000539898872375488e+00,8.797062039375305176e-01
2.652524709701538086e-01,8.930027484893798828e-01,9.159775823354721069e-02
7.049294710159301758e-01,9.286507964134216309e-01,4.677928984165191650e-01
7.686935067176818848e-01,2.511862993240356445e+00,2.545633912086486816e-01
3.699415922164916992e-01,6.745789647102355957e-01,8.607069849967956543e-01
5.180744528770446777e-01,1.969087839126586914e+00,2.332610189914703369e-01
7.052755951881408691e-01,8.266140818595886230e-01,8.654012680053710938e-01
6.384528279304504395e-01,3.206652164459228516e+00,1.016494184732437134e-01
2.075909376144409180e-01,3.450533628463745117e+00,8.015568852424621582e-01
9.273978471755981445e-01,1.539698958396911621e+00,6.952911615371704102e-02
7.838314175605773926e-01,1.030220150947570801e+00,4.785989224910736084e-01
6.043401360511779785e-01,3.630519151687622070e+00,5.945483446121215820e-01
6.541621088981628418e-01,4.184900760650634766e+00,4.515099525451660156e-01
3.169533312320709229e-01,3.563247203826904297e+00,2.561441957950592041e-01
9.442177414894104004e-01,2.743937015533447266e+00,9.232111573219299316e-01
8.551460504531860352e-01,3.310671091079711914e+00,2.220607101917266846e-01
3.462493419647216797e-01,3.548153162002563477e+00,1.797205656766891479e-01
8.377912044525146484e-01,3.324143648147583008e+00,1.758050322532653809e-01
4.165291190147399902e-01,1.323982715606689453e+00,3.209306001663208008e-01
8.285859227180480957e-01,3.372156143188476562e+00,1.166164055466651917e-01
9.169852733612060547e-01,1.647336840629577637e+00,3.143697381019592285e-01
8.356491923332214355e-01,4.238292202353477478e-02,4.610505998134613037e-01
4.552067816257476807e-01,3.903078317642211914e+00,8.447533845901489258e-01
4.525978863239288330e-01,2.579453468322753906e+00,2.908669412136077881e-01
2.455929666757583618e-01,8.035274744033813477e-01,8.512309193611145020e-01
1.638746857643127441e-01,1.193622827529907227e+00,2.801660001277923584e-01
5.734604001045227051e-01,2.146307468414306641e+00,7.790872454643249512e-01
7.393729686737060547e-01,1.981129050254821777e+00,7.968915104866027832e-01
3.025537431240081787e-01,2.381160974502563477e+00,9.976799786090850830e-02
4.587789475917816162e-01,2.607508420944213867e+00,2.548758387565612793e-01
7.666550874710083008e-01,4.222437858581542969e+00,5.189988613128662109e-01
8.197470307350158691e-01,1.104222536087036133e-01,3.038859069347381592e-01
1.400511860847473145e-01,4.916147232055664062e+00,6.385390758514404297e-01
3.958034217357635498e-01,1.373672485351562500e+00,8.821658045053482056e-02
3.722522407770156860e-02,3.524007320404052734e+00,7.201799154281616211e-01
5.511451959609985352e-01,2.934034585952758789e+00,8.183352947235107422e-01
5.497753024101257324e-01,1.266685128211975098e+00,5.718578696250915527e-01
7.204944491386413574e-01,7.394067645072937012e-01,9.102059602737426758e-01
8.326866626739501953e-01,4.088485717773437500e+00,2.501586079597473145e-01
6.420569419860839844e-01,2.807471275329589844e+00,2.906768620014190674e-01
6.282472610473632812e-01,8.204254508018493652e-01,9.115450978279113770e-01
1.182699948549270630e-02,4.071457386016845703e+00,5.881444811820983887e-01
2.472108602523803711e-01,2.932009985670447350e-03,3.096523284912109375e-01
2.829072438180446625e-02,3.126397728919982910e-01,6.392711400985717773e-01
2.394270598888397217e-01,2.149166107177734375e+00,1.692375838756561279e-01
7.432420849800109863e-01,1.715717792510986328e+00,4.778518080711364746e-01
8.386073708534240723e-01,4.165483951568603516e+00,6.014260053634643555e-01
6.328217983245849609e-01,4.959888160228729248e-01,2.611462473869323730e-01
5.238479375839233398e-01,3.809484004974365234e+00,3.193198144435882568e-01
7.302602529525756836e-01,4.643689155578613281e+00,1.726153679192066193e-02
9.790011048316955566e-01,4.126649379730224609e+00,7.617982625961303711e-01
4.577891230583190918e-01,1.551465868949890137e+00,7.485924363136291504e-01
2.434148490428924561e-01,1.469035148620605469e+00,8.384127020835876465e-01
7.929431796073913574e-01,1.981932044029235840e+00,9.809280037879943848e-01
6.404332518577575684e-01,1.157743215560913086e+00,9.386248588562011719e-01
8.029185533523559570e-01,3.723224878311157227e+00,4.018924236297607422e-01
1.971403062343597412e-01,3.889024496078491211e+00,1.739299744367599487e-01
3.491734340786933899e-02,3.733532905578613281e+00,7.070200145244598389e-02
1.289991736412048340e-01,2.455822706222534180e+00,2.086424529552459717e-01
3.931524157524108887e-01,2.925646781921386719e+00,2.826453745365142822e-01
5.992964506149291992e-01,4.132063388824462891e+00,6.885065436363220215e-01
1.305912435054779053e-01,4.968776702880859375e+00,7.508253455162048340e-01
8.743212819099426270e-01,4.111606597900390625e+00,3.540454506874084473e-01
6.631764173507690430e-01,4.563755035400390625e+00,9.205858707427978516e-01
5.156559944152832031e-01,3.307514190673828125e+00,8.328394889831542969e-01
7.729451358318328857e-02,3.137537240982055664e+00,6.556244492530822754e-01
4.547109007835388184e-01,4.362774848937988281e+00,2.985515892505645752e-01
1.180940717458724976e-01,1.701846420764923096e-01,3.233131766319274902e-01
4.280497729778289795e-01,3.238185882568359375e+00,3.165802061557769775e-01
1.357288956642150879e-01,1.669410109519958496e+00,7.351132035255432129e-01
1.737887859344482422e-01,3.573720753192901611e-01,5.711926221847534180e-01
8.523483872413635254e-01,1.229252815246582031e+00,4.475247561931610107e-01
6.912590265274047852e-01,3.442572116851806641e+00,3.323450088500976562e-01
9.870683550834655762e-01,1.519147992134094238e+00,5.512431859970092773e-01
7.816652059555053711e-01,2.774666786193847656e+00,9.272707700729370117e-01
1.784565001726150513e-01,1.754769206047058105e+00,8.984692096710205078e-01
6.100835800170898438e-01,2.377928972244262695e+00,7.297288179397583008e-01
3.459552228450775146e-01,4.013216972351074219e+00,8.128716945648193359e-01
4.549571275711059570e-01,4.102639198303222656e+00,6.258345395326614380e-02
4.381524398922920227e-02,4.260818004608154297e+00,6.189144849777221680e-01
1.916680485010147095e-01,4.092891693115234375e+00,5.278150439262390137e-01
9.978334307670593262e-01,9.086436033248901367e-01,8.954394459724426270e-01
7.495263814926147461e-01,4.434012889862060547e+00,7.708829045295715332e-01
5.008036643266677856e-02,1.051758453249931335e-01,5.855142474174499512e-01
9.983839988708496094e-01,2.735724449157714844e+00,4.803061485290527344e-01
4.850560724735260010e-01,1.924201130867004395e+00,8.079885244369506836e-01
3.298125788569450378e-02,2.329701185226440430e+00,7.477173805236816406e-01
8.039957284927368164e-01,3.356700420379638672e+00,1.832244992256164551e-01
2.224361449480056763e-01,6.593942046165466309e-01,4.824219048023223877e-01
4.300872087478637695e-01,4.018245220184326172e+00,5.312201380729675293e-01
9.951104521751403809e-01,2.553219556808471680e+00,9.246299862861633301e-01
2.453425973653793335e-01,3.710945606231689453e+00,3.727520406246185303e-01
4.766155779361724854e-01,1.811050176620483398e-01,5.836765766143798828e-01
4.650725424289703369e-01,4.966143071651458740e-01,4.224308729171752930e-01
7.755419015884399414e-01,4.833612442016601562e+00,6.714260578155517578e-01
4.032656550407409668e-01,5.118161439895629883e-01,4.416259527206420898e-01
2.622896432876586914e-01,9.361711144447326660e-01,5.099398493766784668e-01
1.305840611457824707e-01,4.996186733245849609e+00,8.232479095458984375e-01
3.916803598403930664e-01,3.284134387969970703e+00,7.809106707572937012e-01
4.668961465358734131e-01,1.287102460861206055e+00,4.845011606812477112e-02
8.180539011955261230e-01,3.343250989913940430e+00,8.404946923255920410e-01
4.021344184875488281e-01,1.204287052154541016e+00,6.523497104644775391e-01
9.493900835514068604e-02,1.575927585363388062e-01,3.181679248809814453e-01
3.501425310969352722e-02,2.938686497509479523e-02,7.817274928092956543e-01
3.982467353343963623e-01,1.675668597221374512e+00,6.646988987922668457e-01
1.413222700357437134e-01,1.814003944396972656e+00,2.261113673448562622e-01
6.584318876266479492e-01,2.562793493270874023e+00,5.728850364685058594e-01
6.182361245155334473e-01,3.082386493682861328e+00,3.437626361846923828e-01
9.720016121864318848e-01,3.752808809280395508e+00,9.052672386169433594e-01
3.691469728946685791e-01,2.816809177398681641e+00,5.312551259994506836e-01
5.398606657981872559e-01,3.838435411453247070e+00,6.911708116531372070e-01
6.092935204505920410e-01,4.946547508239746094e+00,8.087615370750427246e-01
2.401019260287284851e-02,3.678444385528564453e+00,2.735708951950073242e-01
8.660059571266174316e-01,3.720419645309448242e+00,9.291795492172241211e-01
5.847983360290527344e-01,3.016299009323120117e+00,3.823106288909912109e-01
8.792704343795776367e-01,1.331601977348327637e+00,2.858596444129943848e-01
9.747864603996276855e-01,5.943679809570312500e-01,7.142069935798645020e-01
9.777743220329284668e-01,4.824598312377929688e+00,5.613130331039428711e-01
5.510119199752807617e-01,9.981343746185302734e-01,9.392979741096496582e-01
8.845118284225463867e-01,4.446208477020263672e+00,4.213998317718505859e-01
4.484003409743309021e-02,2.071118205785751343e-01,7.193668861873447895e-04
5.976116061210632324e-01,2.115555524826049805e+00,1.402013599872589111e-01
1.445217728614807129e-01,4.366502285003662109e+00,8.452227711677551270e-01
8.574466705322265625e-01,2.899919271469116211e+00,5.176309347152709961e-01
8.498156070709228516e-01,3.020214438438415527e-01,5.494557023048400879e-01
6.013837456703186035e-01,2.824803113937377930e+00,1.212349608540534973e-01
1.640823930501937866e-01,2.724001169204711914e+00,5.101548433303833008e-01
5.813177824020385742e-01,1.184038400650024414e+00,1.588503420352935791e-01
9.549038410186767578e-01,4.969996452331542969e+00,3.994080722332000732e-01
7.270014286041259766e-01,1.720457792282104492e+00,8.834959268569946289e-01
5.871287584304809570e-01,3.722950816154479980e-01,8.183080554008483887e-01
3.545869290828704834e-01,3.703767776489257812e+00,6.024962663650512695e-01
9.691275954246520996e-01,2.296043634414672852e+00,8.251273632049560547e-01
9.644212126731872559e-01,2.551071643829345703e+00,9.520840644836425781e-01
6.370409578084945679e-02,4.203422069549560547e+00,2.579067647457122803e-01
6.230605840682983398e-01,4.374330043792724609e+00,3.531281948089599609e-01
7.432795166969299316e-01,4.933203697204589844e+00,1.061335653066635132e-01
4.885968565940856934e-01,2.860650300979614258e+00,9.627416729927062988e-01
5.033648610115051270e-01,2.565543889999389648e+00,1.510180383920669556e-01
5.798847079277038574e-01,3.822886466979980469e+00,7.938596010208129883e-01
5.627730488777160645e-01,1.528016209602355957e+00,6.683470010757446289e-01
4.257950484752655029e-01,2.594736576080322266e+00,7.668518424034118652e-01
6.189694404602050781e-01,3.981418609619140625e+00,9.876783490180969238e-01
5.179195404052734375e-01,7.114540934562683105e-01,3.758667707443237305e-01
3.638487309217453003e-02,2.359683990478515625e+00,5.135076045989990234e-01
8.069317936897277832e-01,1.934870481491088867e-01,8.024075627326965332e-02
7.290848493576049805e-01,3.054963111877441406e+00,8.587985634803771973e-01
2.527789771556854248e-01,1.511696577072143555e+00,8.815400004386901855e-01
8.525508642196655273e-02,2.048612356185913086e+00,3.972387313842773438e-01
1.934458613395690918e-01,1.517421007156372070e+00,9.498721361160278320e-01
7.651870250701904297e-01,1.430611252784729004e+00,9.356316328048706055e-01
4.402851462364196777e-01,1.121315479278564453e+00,4.019796252250671387e-01
2.100482583045959473e-01,2.837998628616333008e+00,1.801796555519104004e-01
9.860050678253173828e-01,4.299001216888427734e+00,2.943415641784667969e-01
1.076040696352720261e-02,4.057800292968750000e+00,6.506009697914123535e-01
5.056632161140441895e-01,4.050128459930419922e+00,2.653921246528625488e-01
5.230091810226440430e-01,2.690528631210327148e+00,9.271361231803894043e-01
8.374435901641845703e-01,4.272493839263916016e+00,4.726020991802215576e-02
5.559235811233520508e-01,2.891655445098876953e+00,5.813754722476005554e-02
9.985710382461547852e-01,4.144645214080810547e+00,5.234285593032836914e-01
3.723328113555908203e-01,2.107087373733520508e+00,8.166434764862060547e-01
3.863303661346435547e-01,3.728148937225341797e+00,1.980283707380294800e-01
4.898324310779571533e-01,2.926993608474731445e+00,4.997237622737884521e-01
5.162426233291625977e-01,1.911004543304443359e+00,7.292445302009582520e-01
6.716957688331604004e-01,2.950780868530273438e+00,5.438957214355468750e-01
4.345551431179046631e-01,1.861880160868167877e-02,1.761687844991683960e-01
1.431405544281005859e-01,3.072054147720336914e+00,7.306813597679138184e-01
7.557700276374816895e-01,3.036556720733642578e+00,2.192936390638351440e-01
8.450735211372375488e-01,4.065168499946594238e-01,1.340935677289962769e-01
4.995885193347930908e-01,3.703082799911499023e+00,5.470086336135864258e-01
4.678511023521423340e-01,2.056382149457931519e-01,8.946247398853302002e-02
7.530059218406677246e-01,3.061876595020294189e-01,8.497820496559143066e-01
4.238955676555633545e-01,2.275611400604248047e+00,4.237692654132843018e-01
3.763495013117790222e-02,1.504766047000885010e-01,4.354745447635650635e-01
7.057015895843505859e-01,4.368543028831481934e-01,8.257529735565185547e-01
5.566293001174926758e-01,3.189561843872070312e+00,5.549530386924743652e-01
7.206240892410278320e-01,1.430404543876647949e+00,8.708240985870361328e-01
3.277036249637603760e-01,3.907667398452758789e+00,7.884438633918762207e-01
8.846096396446228027e-01,3.462238788604736328e+00,1.488933116197586060e-01
9.540598392486572266e-01,3.974917650222778320e+00,7.357381582260131836e-01
5.006799697875976562e-01,1.424753785133361816e+00,5.374997258186340332e-01
8.264365792274475098e-01,4.209455966949462891e+00,2.384151816368103027e-01
8.089066147804260254e-01,2.283324241638183594e+00,6.906964778900146484e-01
7.946189641952514648e-01,3.394040822982788086e+00,1.334476470947265625e-01
4.961955249309539795e-01,1.388638257980346680e+00,6.536553502082824707e-01
3.467419147491455078e-01,2.851781129837036133e+00,5.037428736686706543e-01
9.860488772392272949e-01,4.323122024536132812e+00,8.365399837493896484e-01
8.803967833518981934e-01,3.232760429382324219e+00,2.899169325828552246e-01
5.614874958992004395e-01,2.511306524276733398e+00,8.028193116188049316e-01
7.191480398178100586e-01,4.501999378204345703e+00,6.670637130737304688e-01
4.129244387149810791e-01,3.247488260269165039e+00,2.461869269609451294e-01
7.256780266761779785e-01,4.476678371429443359e+00,6.463502049446105957e-01
4.654926061630249023e-01,4.741567611694335938e+00,1.397622823715209961e-01
4.451866149902343750e-01,1.910357236862182617e+00,7.656188011169433594e-01
3.175799967721104622e-03,8.510974049568176270e-02,6.092191338539123535e-01
1.726033240556716919e-01,2.042774200439453125e+00,5.644008517265319824e-01
6.435376405715942383e-01,3.066169738769531250e+00,9.224153161048889160e-01
4.479123055934906006e-01,2.680782318115234375e+00,9.977899789810180664e-01
5.031761527061462402e-01,2.911960363388061523e+00,9.623899310827255249e-02
2.924836575984954834e-01,9.246271252632141113e-01,4.986481070518493652e-01
4.552893936634063721e-01,2.397761821746826172e+00,9.507514238357543945e-01
4.740346968173980713e-01,2.832636117935180664e+00,8.685466647148132324e-01
5.223096013069152832e-01,8.541168570518493652e-01,6.180414557456970215e-01
3.108924925327301025e-01,2.367498397827148438e+00,7.133159637451171875e-01
2.855166792869567871e-01,2.442503452301025391e+00,7.254797816276550293e-01
8.929557800292968750e-01,4.449867725372314453e+00,2.071939110755920410e-01
5.353679060935974121e-01,3.013172626495361328e+00,5.295422300696372986e-02
8.366560935974121094e-01,4.937283515930175781e+00,6.466807126998901367e-01
3.429610729217529297e-01,4.814379692077636719e+00,6.547788381576538086e-01
3.238024935126304626e-02,3.482891917228698730e-01,2.509772777557373047e-01
1.904232054948806763e-01,1.903313040733337402e+00,1.255586892366409302e-01
9.613317847251892090e-01,4.231545448303222656e+00,7.907338142395019531e-01
1.310978829860687256e-01,4.648423194885253906e+00,9.019955396652221680e-01
2.788637876510620117e-01,2.568166255950927734e+00,7.975151538848876953e-01
6.544717550277709961e-01,4.753833293914794922e+00,4.064057022333145142e-02
5.623875856399536133e-01,2.849222421646118164e+00,3.543466925621032715e-01
7.701367735862731934e-01,4.513434410095214844e+00,4.785716831684112549e-01
3.422567546367645264e-01,2.940579175949096680e+00,2.519697248935699463e-01
7.652762532234191895e-01,4.714672088623046875e+00,2.628675699234008789e-01
3.690810203552246094e-01,4.361177444458007812e+00,9.040259122848510742e-01
1.829384416341781616e-01,3.312512159347534180e+00,8.430482745170593262e-01
9.070325493812561035e-01,4.681616127490997314e-01,1.730126291513442993e-01
5.783649086952209473e-01,3.215980768203735352e+00,1.672720909118652344e-01
4.669201001524925232e-02,4.498633861541748047e+00,2.898396849632263184e-01
2.492666989564895630e-01,1.075895667076110840e+00,7.484507560729980469e-01
6.992275118827819824e-01,3.340035676956176758e+00,7.228854894638061523e-01
5.764115452766418457e-01,1.559558868408203125e+00,9.831297397613525391e-01
2.320149391889572144e-01,3.546511173248291016e+00,7.271929383277893066e-01
6.110916137695312500e-01,4.531838893890380859e+00,3.229409456253051758e-01
9.858042597770690918e-01,3.857229232788085938e+00,7.972137928009033203e-01
6.986252069473266602e-01,9.691830873489379883e-01,9.629060626029968262e-01
3.410507440567016602e-01,4.747214794158935547e+00,2.487920373678207397e-01
6.771116852760314941e-01,4.734163284301757812e+00,2.536135166883468628e-02
7.057353854179382324e-01,1.398465156555175781e+00,5.009826421737670898e-01
7.987718582153320312e-01,1.525578498840332031e+00,5.110546350479125977e-01
8.813191950321197510e-02,1.235545724630355835e-01,2.771467566490173340e-01
1.582527160644531250e-01,1.847449779510498047e+00,3.663911670446395874e-02
9.679908752441406250e-01,3.754938125610351562e+00,6.349254250526428223e-01
4.403369128704071045e-01,2.605986893177032471e-01,9.825138449668884277e-01
1.646434813737869263e-01,2.196113206446170807e-02,8.604227900505065918e-01
5.538926720619201660e-01,4.726641178131103516e+00,4.702698066830635071e-02
9.104820489883422852e-01,4.797089576721191406e+00,1.986239291727542877e-02
3.256294727325439453e-01,2.102676391601562500e+00,4.119534492492675781e-01
2.017313241958618164e-01,3.280360937118530273e+00,6.448948979377746582e-01
6.852170825004577637e-01,3.524561166763305664e+00,2.127387672662734985e-01
4.761830866336822510e-01,2.767694473266601562e+00,7.480763196945190430e-01
6.807345747947692871e-01,3.428061306476593018e-01,6.487308144569396973e-01
1.830563247203826904e-01,1.420955181121826172e+00,8.621451258659362793e-01
6.001104712486267090e-01,4.607507705688476562e+00,1.550550758838653564e-01
2.212971746921539307e-01,1.299175322055816650e-01,4.121449589729309082e-01
3.688311874866485596e-01,2.467352151870727539e+00,2.442820519208908081e-01
3.946733772754669189e-01,1.677596211433410645e+00,6.028931736946105957e-01
3.978986144065856934e-01,2.296370983123779297e+00,4.937947392463684082e-01
1.836570203304290771e-01,3.709845304489135742e+00,6.569496989250183105e-01
1.956756412982940674e-01,3.596449136734008789e+00,6.346400380134582520e-01
3.224432170391082764e-01,7.662361264228820801e-01,4.641986191272735596e-01
7.266292572021484375e-01,2.471538305282592773e+00,3.372387886047363281e-01
6.402638554573059082e-01,3.807952642440795898e+00,4.070031642913818359e-01
5.934998989105224609e-01,3.388041630387306213e-02,9.919459223747253418e-01
3.978145420551300049e-01,3.248474121093750000e+00,9.035971164703369141e-01
6.688858866691589355e-01,1.806715488433837891e+00,8.851302862167358398e-01
8.747366666793823242e-01,9.284538775682449341e-02,7.515917420387268066e-01
6.732959747314453125e-01,1.129576206207275391e+00,6.031693145632743835e-02
2.249852865934371948e-01,2.167686223983764648e-01,3.042900562286376953e-01
7.757329344749450684e-01,2.143528699874877930e+00,4.844868481159210205e-01
3.668953478336334229e-01,1.967441082000732422e+00,9.379839897155761719e-01
4.706035852432250977e-01,1.520523279905319214e-01,7.800958752632141113e-01
2.579824924468994141e-01,4.327745914459228516e+00,4.381695687770843506e-01
2.154667377471923828e-01,3.396877050399780273e+00,9.343064427375793457e-01
7.359182834625244141e-02,2.261134386062622070e+00,6.980823874473571777e-01
8.987971544265747070e-01,4.194536209106445312e+00,3.787430822849273682e-01
6.645361781120300293e-01,4.166069984436035156e+00,5.460944771766662598e-01
1.769828498363494873e-01,3.656699657440185547e+00,6.214038729667663574e-01
8.654059469699859619e-02,3.032944202423095703e+00,4.497822374105453491e-02
6.101118922233581543e-01,2.774462223052978516e+00,3.270788490772247314e-02
4.379173517227172852e-01,4.026851177215576172e+00,1.098450273275375366e-01
4.901375174522399902e-01,4.718043327331542969e+00,9.207826852798461914e-01
5.663135647773742676e-01,2.453211069107055664e+00,6.725155711174011230e-01
6.316088438034057617e-01,3.229347705841064453e+00,6.471677422523498535e-01
9.645417332649230957e-01,4.719192028045654297e+00,7.041782140731811523e-01
1.338533163070678711e-01,2.262336015701293945e+00,7.990604043006896973e-01
2.907018959522247314e-01,3.583182334899902344e+00,6.767686605453491211e-01
5.464892387390136719e-01,5.973454117774963379e-01,5.081892609596252441e-01
5.312058925628662109e-01,1.687656521797180176e+00,8.332526683807373047e-01
5.800361037254333496e-01,3.316937685012817383e+00,6.725676655769348145e-01
3.648965358734130859e-01,3.361168384552001953e+00,8.859547376632690430e-01
2.932981587946414948e-02,1.204712152481079102e+00,2.496675550937652588e-01
9.880820512771606445e-01,4.213137149810791016e+00,2.654053866863250732e-01
8.387547135353088379e-01,1.954223036766052246e+00,3.367865085601806641e-01
4.199593514204025269e-02,6.214081868529319763e-02,6.349108219146728516e-01
1.704903542995452881e-01,2.899626493453979492e+00,2.786613106727600098e-01
2.192927338182926178e-02,2.925353050231933594e+00,2.676860988140106201e-01
6.400948166847229004e-01,2.425659894943237305e+00,7.274243831634521484e-01
3.585643768310546875e-01,1.690794229507446289e+00,8.328499794006347656e-01
8.211671113967895508e-01,1.338920354843139648e+00,5.702692270278930664e-01
5.523610115051269531e-01,1.639385700225830078e+00,2.978031039237976074e-01
8.398258090019226074e-01,1.957623362541198730e-01,8.223752975463867188e-01
4.613786339759826660e-01,2.856217861175537109e+00,5.524626970291137695e-01
4.148529171943664551e-01,9.052997082471847534e-02,3.540546298027038574e-01
8.829452991485595703e-01,3.795465946197509766e+00,6.416180729866027832e-01
1.897439956665039062e-01,2.063734829425811768e-01,5.911598801612854004e-01
5.785023570060729980e-01,2.263304471969604492e+00,9.516071677207946777e-01
5.991634726524353027e-01,4.484405517578125000e+00,2.323585748672485352e-01
4.688188806176185608e-02,4.669821739196777344e+00,7.016485929489135742e-01
3.917985856533050537e-01,3.901451528072357178e-01,2.655782103538513184e-01
4.063836634159088135e-01,4.554602801799774170e-01,8.356795310974121094e-01
8.345899581909179688e-01,2.922212839126586914e+00,7.769741415977478027e-01
8.975102901458740234e-01,5.744895339012145996e-01,1.197655126452445984e-01
8.015781641006469727e-01,4.208580017089843750e+00,6.322646737098693848e-01
6.355648636817932129e-01,2.397515326738357544e-01,3.971428871154785156e-01
6.873652935028076172e-01,2.788945198059082031e+00,8.095575869083404541e-02
5.904175043106079102e-01,4.086478352546691895e-01,6.919928193092346191e-01
3.585782647132873535e-01,1.998680233955383301e+00,2.908091843128204346e-01
6.319236755371093750e-01,8.925985693931579590e-01,7.344723343849182129e-01
6.094882488250732422e-01,3.187228202819824219e+00,6.620089411735534668e-01
3.547474741935729980e-01,3.574771881103515625e+00,4.742137789726257324e-01
5.590093731880187988e-01,6.813773512840270996e-01,4.441794157028198242e-01
1.530925929546356201e-01,3.109889268875122070e+00,7.192587256431579590e-01
1.615559309720993042e-01,3.507602214813232422e+00,6.011365652084350586e-01
7.638599872589111328e-01,2.278083086013793945e+00,4.193194806575775146e-01
3.229365944862365723e-01,4.656545639038085938e+00,7.515020370483398438e-01
3.737638592720031738e-01,4.580618381500244141e+00,7.459743022918701172e-01
9.231516718864440918e-01,1.675225257873535156e+00,6.231334209442138672e-01
6.164380908012390137e-01,1.154399037361145020e+00,7.356948256492614746e-01
8.231751918792724609e-01,3.360519647598266602e+00,7.308533191680908203e-01
4.857897758483886719e-02,4.296158313751220703e+00,6.141895651817321777e-01
2.034349143505096436e-01,3.326862096786499023e+00,7.917466759681701660e-01
6.801521182060241699e-01,1.733166098594665527e+00,7.987459897994995117e-01
5.049582123756408691e-01,2.825470924377441406e+00,8.967683464288711548e-02
1.831796020269393921e-01,3.052608728408813477e+00,7.698217034339904785e-01
8.111291527748107910e-01,4.130211830139160156e+00,2.626979947090148926e-01
5.196301937103271484e-01,4.250253677368164062e+00,7.291204929351806641e-01
9.158502221107482910e-01,1.387337923049926758e+00,2.061623483896255493e-01
9.006274342536926270e-01,1.108981847763061523e+00,3.280213773250579834e-01
7.483230829238891602e-01,4.366879940032958984e+00,5.846999287605285645e-01
4.128720983862876892e-02,2.159812450408935547e+00,8.599341511726379395e-01
5.504986047744750977e-01,3.814266622066497803e-01,8.714640140533447266e-01
9.118530750274658203e-01,2.768381595611572266e+00,3.965940773487091064e-01
7.353245615959167480e-01,2.413776397705078125e+00,9.324185252189636230e-01
2.963958680629730225e-01,5.303989052772521973e-01,8.729468584060668945e-01
3.560202717781066895e-01,4.676545619964599609e+00,1.931018829345703125e-01
8.281643986701965332e-01,3.322378396987915039e-01,5.544461011886596680e-01
7.725416421890258789e-01,9.132134318351745605e-01,9.926796555519104004e-01
2.363170683383941650e-01,3.827404022216796875e+00,2.452862262725830078e-01
6.667572855949401855e-01,4.366690635681152344e+00,9.383279085159301758e-01
6.488299369812011719e-01,2.213602066040039062e+00,4.050265848636627197e-01
3.884387016296386719e-01,7.695378065109252930e-01,8.151368051767349243e-02
4.230701029300689697e-01,2.841940164566040039e+00,9.349483847618103027e-01
7.489210367202758789e-01,3.407925844192504883e+00,4.120346903800964355e-01
9.158409833908081055e-01,2.151306152343750000e+00,1.236351430416107178e-01
9.143127799034118652e-01,2.143315315246582031e+00,5.109613537788391113e-01
7.344669103622436523e-01,7.289554476737976074e-01,2.967439889907836914e-01
1.419438421726226807e-01,4.649142265319824219e+00,9.398077130317687988e-01
4.243718981742858887e-01,1.168030738830566406e+00,6.857049465179443359e-01
7.038727402687072754e-01,5.047170519828796387e-01,3.597893416881561279e-01
5.634385943412780762e-01,3.919894456863403320e+00,8.200241923332214355e-01
5.935972332954406738e-01,1.167310833930969238e+00,1.397804617881774902e-01
5.546840429306030273e-01,2.080288410186767578e+00,6.803171634674072266e-01
3.620173335075378418e-01,1.152418017387390137e+00,6.744784712791442871e-01
4.979749321937561035e-01,2.022879600524902344e+00,5.613205432891845703e-01
5.867703557014465332e-01,3.168554067611694336e+00,1.237019523978233337e-01
9.413354396820068359e-01,4.674298763275146484e+00,6.339768171310424805e-01
1.908649802207946777e-01,1.481178283691406250e+00,2.880432307720184326e-01
5.858183503150939941e-01,2.515845537185668945e+00,9.275985360145568848e-01
1.767673939466476440e-01,4.546994686126708984e+00,1.694181375205516815e-02
6.596200168132781982e-02,6.766107678413391113e-01,2.514407336711883545e-01
4.822887182235717773e-01,4.322824478149414062e+00,8.221254348754882812e-01
4.096873700618743896e-01,2.729279279708862305e+00,2.107857763767242432e-01
7.072355747222900391e-01,3.600151538848876953e+00,1.395493149757385254e-01
1.022134721279144287e-02,6.831680536270141602e-01,5.441460609436035156e-01
9.531423449516296387e-01,1.885494232177734375e+00,5.550988912582397461e-01
7.071474194526672363e-01,8.985909819602966309e-01,9.913412928581237793e-01
4.422982633113861084e-01,1.140466704964637756e-01,4.991601109504699707e-01
6.708710193634033203e-01,3.838258743286132812e+00,1.807872354984283447e-01
3.267610073089599609e-01,4.357781887054443359e+00,3.222760185599327087e-02
2.587691843509674072e-01,1.443796992301940918e+00,8.247252702713012695e-01
2.731214463710784912e-01,2.883762836456298828e+00,6.861670315265655518e-02
2.487116158008575439e-01,1.479379415512084961e+00,6.897919625043869019e-02
3.436813950538635254e-01,3.898183822631835938e+00,7.657175660133361816e-01
9.944145679473876953e-01,3.968229293823242188e+00,6.015279293060302734e-01
4.796224236488342285e-01,1.095017433166503906e+00,5.902760624885559082e-01
7.893226742744445801e-01,1.665079474449157715e+00,9.356446862220764160e-01
2.870388627052307129e-01,1.654362320899963379e+00,9.496631622314453125e-01
7.798900604248046875e-01,1.416115045547485352e+00,6.898905038833618164e-01
8.342714905738830566e-01,3.389886140823364258e+00,1.619447320699691772e-01
2.478644065558910370e-02,3.732289075851440430e+00,4.597713947296142578e-01
6.417058706283569336e-01,4.176934242248535156e+00,2.828026115894317627e-01
2.118437588214874268e-01,3.190330266952514648e+00,9.617607593536376953e-01
7.648991346359252930e-01,3.457335233688354492e+00,2.726883590221405029e-01
4.417408108711242676e-01,3.991096973419189453e+00,6.069176197052001953e-01
5.113398432731628418e-01,2.352972984313964844e+00,7.899389863014221191e-01
3.709847331047058105e-01,4.456247329711914062e+00,8.732615113258361816e-01
4.954054653644561768e-01,2.352031469345092773e+00,3.098948895931243896e-01
4.624392092227935791e-01,2.376124382019042969e+00,1.530148088932037354e-01
7.011684775352478027e-01,4.902583599090576172e+00,2.200976014137268066e-01
4.861344397068023682e-01,4.556802272796630859e+00,8.607455492019653320e-01
1.965132951736450195e-01,1.791111707687377930e+00,4.743837285786867142e-03
9.552618265151977539e-01,4.138996124267578125e+00,7.856749296188354492e-01
7.456886768341064453e-02,1.339669585227966309e+00,7.326290011405944824e-01
2.922102808952331543e-01,4.906006336212158203e+00,8.364039063453674316e-01
5.851057767868041992e-01,6.592488884925842285e-01,7.002997994422912598e-01
7.665937542915344238e-01,1.043683528900146484e+00,8.101158738136291504e-01
9.125205278396606445e-01,2.534767091274261475e-01,2.526808679103851318e-01
6.787652373313903809e-01,2.281354427337646484e+00,7.510608434677124023e-01
4.230977892875671387e-01,7.133175134658813477e-01,2.294748090207576752e-02
2.206710278987884521e-01,1.167555809020996094e+00,1.763136684894561768e-01
1.695902496576309204e-01,3.130868196487426758e+00,8.469176292419433594e-01
4.968522489070892334e-01,3.376429796218872070e+00,3.857458233833312988e-01
6.188705563545227051e-01,6.478478312492370605e-01,4.663402438163757324e-01
1.750795692205429077e-01,2.248053789138793945e+00,6.076275706291198730e-01
6.444991230964660645e-01,1.543650627136230469e+00,2.588564753532409668e-01
6.674141287803649902e-01,1.304985165596008301e+00,3.114389181137084961e-01
9.019908308982849121e-02,1.852816224098205566e+00,2.654893696308135986e-01
3.000575602054595947e-01,3.171419858932495117e+00,1.338092237710952759e-01
6.423160433769226074e-01,3.411682546138763428e-01,5.766683816909790039e-01
2.561109960079193115e-01,1.452118992805480957e+00,6.429271101951599121e-01
4.986370503902435303e-01,4.727484703063964844e+00,1.617914587259292603e-01
6.808961182832717896e-02,8.730497956275939941e-01,7.326139807701110840e-01
4.707665443420410156e-01,6.942602246999740601e-02,2.576831579208374023e-01
8.092623949050903320e-01,3.410896062850952148e+00,7.739877104759216309e-01
4.884557425975799561e-01,4.621510505676269531e+00,4.919546842575073242e-02
8.775320649147033691e-01,4.556927680969238281e+00,2.089792340993881226e-01
6.784213185310363770e-01,3.200291633605957031e+00,7.566098123788833618e-02
1.654465496540069580e-01,3.584681034088134766e+00,8.749166131019592285e-01
9.535602331161499023e-01,3.033933877944946289e+00,4.453489780426025391e-01
2.524063587188720703e-01,1.098841309547424316e+00,4.902973473072052002e-01
2.839518487453460693e-01,3.696422338485717773e+00,5.746432542800903320e-01
3.021797537803649902e-01,6.279514729976654053e-02,6.050449609756469727e-01
4.086509048938751221e-01,5.669779181480407715e-01,2.795429825782775879e-01
9.184635877609252930e-01,2.225568056106567383e+00,1.921837478876113892e-01
3.286749422550201416e-01,2.150985240936279297e+00,1.495395302772521973e-01
8.172847628593444824e-01,4.994974613189697266e+00,9.302093386650085449e-01
2.585506737232208252e-01,4.248773097991943359e+00,1.027557253837585449e-01
4.429695308208465576e-01,2.877290248870849609e+00,1.624848991632461548e-01
4.513064920902252197e-01,2.720215320587158203e+00,9.130197167396545410e-01
9.391954541206359863e-01,2.561148643493652344e+00,7.935936450958251953e-01
9.351611733436584473e-01,4.331269264221191406e+00,7.532868385314941406e-01
2.499684505164623260e-02,2.604328393936157227e+00,7.440504431724548340e-01
2.946852445602416992e-01,2.692683935165405273e+00,1.047039926052093506e-01
3.878368139266967773e-01,7.279932498931884766e-01,1.896475814282894135e-02
6.583488583564758301e-01,3.433442354202270508e+00,9.210644960403442383e-01
6.422086358070373535e-01,4.985931873321533203e+00,3.290188908576965332e-01
7.680719494819641113e-01,4.175939559936523438e+00,4.722042083740234375e-01
9.864066839218139648e-01,3.901582956314086914e-01,4.463599920272827148e-01
6.922006607055664062e-01,2.743153572082519531e+00,7.990590333938598633e-01
3.946075439453125000e-01,3.019270658493041992e+00,9.079006314277648926e-01
9.789108633995056152e-01,7.578932642936706543e-01,7.665364742279052734e-01
9.262809753417968750e-01,9.425735473632812500e-02,8.940819501876831055e-01
9.376009702682495117e-01,3.324663400650024414e+00,7.709783911705017090e-01
5.008877515792846680e-01,5.829790830612182617e-01,9.229960441589355469e-01
4.776234626770019531e-01,3.355690717697143555e+00,5.587926506996154785e-01
3.318259716033935547e-01,3.349564313888549805e+00,1.583892256021499634e-01
2.176444381475448608e-01,3.664541006088256836e+00,4.021317660808563232e-01
5.877544283866882324e-01,3.327586650848388672e+00,2.949689626693725586e-01
1.013898774981498718e-01,3.503433942794799805e+00,2.452036142349243164e-01
8.508182764053344727e-01,2.636980116367340088e-01,2.115422934293746948e-01
7.774180173873901367e-01,1.824678897857666016e+00,5.154821276664733887e-01
9.705823659896850586e-01,8.923512697219848633e-01,6.164032816886901855e-01
6.178550124168395996e-01,2.816645145416259766e+00,3.132569193840026855e-01
2.988077402114868164e-01,2.294528245925903320e+00,1.080936491489410400e-01
2.874084711074829102e-01,7.785015106201171875e-01,9.185584187507629395e-01
8.938406109809875488e-01,2.691206932067871094e+00,6.347749233245849609e-01
3.260177373886108398e-01,2.802857875823974609e+00,2.142812907695770264e-01
9.504320025444030762e-01,3.296375036239624023e+00,3.737719953060150146e-01
6.931365132331848145e-01,3.368075132369995117e+00,1.595471352338790894e-01
8.532819747924804688e-01,3.098948895931243896e-01,3.455722033977508545e-01
4.472825527191162109e-01,2.869201660156250000e+00,5.089541077613830566e-01
8.131290078163146973e-01,2.435304641723632812e+00,1.040059477090835571e-01
1.356677711009979248e-01,1.247435092926025391e+00,2.920467555522918701e-01
9.946166276931762695e-01,1.490053892135620117e+00,3.089725971221923828e-01
7.973933219909667969e-01,2.228206396102905273e-01,5.878461003303527832e-01
6.104668974876403809e-01,4.987630367279052734e+00,9.096619486808776855e-01
1.285023242235183716e-01,3.416712284088134766e+00,6.543507426977157593e-02
7.981274127960205078e-01,2.390322923660278320e+00,4.220744371414184570e-01
4.172418415546417236e-01,4.147683620452880859e+00,1.035732328891754150e-01
6.428874731063842773e-01,2.418275594711303711e+00,7.891815304756164551e-01
8.155252337455749512e-01,2.272833585739135742e+00,6.225855946540832520e-01
2.183164656162261963e-01,1.756798475980758667e-02,7.967970371246337891e-01
2.680801451206207275e-01,5.264700651168823242e-01,5.248847976326942444e-02
4.045759439468383789e-01,1.889975070953369141e+00,6.412501335144042969e-01
1.220816671848297119e-01,4.660737991333007812e+00,9.414067268371582031e-01
4.802351891994476318e-01,4.348014354705810547e+00,5.247958898544311523e-01
3.474005758762359619e-01,4.430248737335205078e+00,9.938971400260925293e-01
5.609749555587768555e-01,4.847703456878662109e+00,9.606355428695678711e-01
8.228892087936401367e-01,2.681085824966430664e+00,9.550370573997497559e-01
8.618931770324707031e-01,3.214077234268188477e+00,1.900157332420349121e-01
1.373059451580047607e-01,2.748955965042114258e+00,1.114620938897132874e-01
5.729637145996093750e-01,4.336211681365966797e+00,5.238129496574401855e-01
7.118108868598937988e-02,8.460034728050231934e-01,7.192569375038146973e-01
6.018437743186950684e-01,1.382470846176147461e+00,1.030605360865592957e-01
2.251983135938644409e-01,2.369247198104858398e+00,8.006333112716674805e-01
4.307141602039337158e-01,3.291384220123291016e+00,8.535746335983276367e-01
6.762236952781677246e-01,2.766071557998657227e-01,9.180463105440139771e-02
8.837628364562988281e-01,2.237459421157836914e+00,3.515759408473968506e-01
4.990697503089904785e-01,1.698195099830627441e+00,4.920959845185279846e-02
7.306423783302307129e-01,9.055408239364624023e-01,9.902573227882385254e-01
2.437285780906677246e-01,1.893613696098327637e+00,4.225350618362426758e-01
1.656248271465301514e-01,4.017202854156494141e+00,7.203412652015686035e-01
1.114259660243988037e-02,6.893703341484069824e-01,7.177401185035705566e-01
3.001163005828857422e-01,8.844780325889587402e-01,6.652736067771911621e-01
7.492528557777404785e-01,5.518315434455871582e-01,4.753302633762359619e-01
1.196230351924896240e-01,4.043626785278320312e+00,4.403478801250457764e-01
9.755877256393432617e-01,4.249820709228515625e+00,5.044802427291870117e-01
8.447288274765014648e-01,2.872872591018676758e+00,5.405454039573669434e-01
3.740909695625305176e-01,5.310173630714416504e-01,4.602343738079071045e-01
2.538829743862152100e-01,2.158518791198730469e+00,5.426573753356933594e-01
2.122310400009155273e-01,3.124374628067016602e+00,5.342937707901000977e-01
7.683373689651489258e-01,9.918079376220703125e-01,4.823994338512420654e-01
8.513367176055908203e-01,1.524757266044616699e+00,5.501303672790527344e-01
5.721690654754638672e-01,5.357686281204223633e-01,4.777635037899017334e-01
6.535786390304565430e-01,3.039128780364990234e+00,8.785029053688049316e-01
4.113380908966064453e-01,2.046873807907104492e+00,2.488766014575958252e-01
9.042052030563354492e-01,7.000578045845031738e-01,1.757667809724807739e-01
9.659139513969421387e-01,2.498175621032714844e+00,8.934712409973144531e-01
8.543168306350708008e-01,4.853061437606811523e-01,3.670569360256195068e-01
6.785154342651367188e-01,1.981309771537780762e+00,9.742764830589294434e-01
2.320721000432968140e-01,7.696182131767272949e-01,6.125479936599731445e-01
4.436206817626953125e-02,3.348136553540825844e-03,8.345476984977722168e-01
7.880765795707702637e-01,4.859169483184814453e+00,5.733997225761413574e-01
9.913395047187805176e-01,1.438079237937927246e+00,5.782023072242736816e-01
3.340347409248352051e-01,8.309419751167297363e-01,7.115271687507629395e-01
6.319609880447387695e-01,1.179187536239624023e+00,8.213918805122375488e-01
8.378592729568481445e-01,1.465051293373107910e+00,7.586222290992736816e-01
9.209157824516296387e-01,2.668251276016235352e+00,7.260237932205200195e-01
9.889729022979736328e-01,1.715410470962524414e+00,8.026503920555114746e-01
6.859188079833984375e-01,2.562062501907348633e+00,9.163206815719604492e-01
4.750851094722747803e-01,2.562928915023803711e+00,6.923524737358093262e-01
2.612878084182739258e-01,1.913305997848510742e+00,4.888327717781066895e-01
1.902132183313369751e-01,2.278884410858154297e+00,6.058716773986816406e-01
1.416936218738555908e-01,4.474103927612304688e+00,6.617273688316345215e-01
4.792442023754119873e-01,3.361767828464508057e-01,6.872264742851257324e-01
7.910848259925842285e-01,2.951878786087036133e+00,8.804301619529724121e-01
5.417538285255432129e-01,4.583496570587158203e+00,2.636432647705078125e-01
7.741178274154663086e-01,1.987950950860977173e-01,9.118365645408630371e-01
2.574104070663452148e-02,1.271595835685729980e+00,2.233017086982727051e-01
6.765671372413635254e-01,1.793749332427978516e+00,7.699342966079711914e-01
6.730610728263854980e-01,3.684094250202178955e-01,5.035663843154907227e-01
4.888088405132293701e-01,4.547673761844635010e-01,7.747107744216918945e-01
1.825822889804840088e-01,4.630089759826660156e+00,2.971821278333663940e-02
2.378553301095962524e-01,2.892444610595703125e+00,5.166186690330505371e-01
8.055593073368072510e-02,4.872134208679199219e+00,1.741021722555160522e-01
6.855587959289550781e-01,3.890753984451293945e-01,6.615293622016906738e-01
7.753601074218750000e-01,9.583031535148620605e-01,3.483243584632873535e-01
1.639967709779739380e-01,3.038776159286499023e+00,2.223449796438217163e-01
6.994838118553161621e-01,5.955287814140319824e-01,5.938287973403930664e-01
2.755209505558013916e-01,8.988817930221557617e-01,5.689954161643981934e-01
4.322739839553833008e-01,3.467481374740600586e+00,3.275972008705139160e-01
5.716835856437683105e-01,4.911800861358642578e+00,6.374518871307373047e-01
2.085185796022415161e-01,2.083905696868896484e+00,3.086916506290435791e-01
7.450313568115234375e-01,1.504499316215515137e+00,7.544364333152770996e-01
7.287894487380981445e-01,1.705296039581298828e+00,5.030643939971923828e-01
5.220298171043395996e-01,4.385400772094726562e+00,4.937343299388885498e-01
5.567859411239624023e-01,1.577268719673156738e+00,3.914210498332977295e-01
4.704765230417251587e-02,2.295784711837768555e+00,6.422992944717407227e-01
9.161214828491210938e-01,2.174219191074371338e-01,5.405406281352043152e-02
5.167564749717712402e-01,2.610655128955841064e-01,7.056913375854492188e-01
5.409055948257446289e-01,2.220868349075317383e+00,6.965227723121643066e-01
2.732002139091491699e-01,9.160764813423156738e-01,5.712842941284179688e-01
3.325968384742736816e-01,2.554701328277587891e+00,1.017231419682502747e-01
8.546921610832214355e-01,4.298360347747802734e+00,2.725169956684112549e-01
2.220720499753952026e-01,1.435499548912048340e+00,5.413111448287963867e-01
9.162995219230651855e-01,1.400177776813507080e-01,8.323664069175720215e-01
5.643566846847534180e-01,4.961377620697021484e+00,3.592622280120849609e-02
4.570246934890747070e-01,1.371672749519348145e+00,9.142808914184570312e-01
6.101456284523010254e-01,1.996397137641906738e+00,4.598270058631896973e-01
3.747993111610412598e-01,3.143444538116455078e+00,8.717620372772216797e-01
7.311981320381164551e-01,6.078296899795532227e-01,4.395351409912109375e-01
6.293615698814392090e-01,1.843447327613830566e+00,3.152965605258941650e-01
6.716749072074890137e-01,6.219844818115234375e-01,2.791616879403591156e-02
3.987291082739830017e-02,5.842846352607011795e-03,5.794090032577514648e-01
5.723741054534912109e-01,4.961172580718994141e+00,2.977027930319309235e-02
3.308379054069519043e-01,2.557121276855468750e+00,7.037265300750732422e-01
4.923659563064575195e-02,2.125360727310180664e+00,3.602058589458465576e-01
2.855208218097686768e-01,4.758585929870605469e+00,7.875660657882690430e-01
8.795382976531982422e-01,1.863635182380676270e+00,7.954689264297485352e-01
4.131469130516052246e-01,3.826495885848999023e+00,7.949519753456115723e-01
9.303861856460571289e-01,3.542771816253662109e+00,1.539838165044784546e-01
4.487403631210327148e-01,4.739078998565673828e+00,4.804073274135589600e-02
3.643089234828948975e-01,3.125068187713623047e+00,2.998537719249725342e-01
1.938899308443069458e-01,2.943916320800781250e+00,4.025487601757049561e-01
8.492619991302490234e-01,3.427648305892944336e+00,6.748154759407043457e-01
7.238425612449645996e-01,1.226149439811706543e+00,8.293556421995162964e-02
3.886754214763641357e-01,2.896508216857910156e+00,7.648623585700988770e-01
2.921600341796875000e-01,2.291234016418457031e+00,7.398882508277893066e-01
6.317195892333984375e-01,3.476709127426147461e+00,5.909103155136108398e-01
5.702184438705444336e-01,4.621599197387695312e+00,3.180042505264282227e-01
6.480448693037033081e-02,7.619503885507583618e-02,3.673834204673767090e-01
6.007853746414184570e-01,6.171321868896484375e-01,2.691957354545593262e-01
4.224643707275390625e-01,4.522707760334014893e-01,6.688007116317749023e-01
7.042151093482971191e-01,4.991909503936767578e+00,3.855983316898345947e-01
5.149334669113159180e-01,2.149159669876098633e+00,2.418469637632369995e-01
9.923685789108276367e-01,4.399774551391601562e+00,8.412275314331054688e-01
1.408788859844207764e-01,2.100961923599243164e+00,1.301111429929733276e-01
2.545692212879657745e-02,1.703572630882263184e+00,2.226087264716625214e-02
2.644748985767364502e-01,7.702925205230712891e-01,1.259701550006866455e-01
5.177716016769409180e-01,3.028918743133544922e+00,5.506558418273925781e-01
7.650654315948486328e-01,4.901633262634277344e+00,6.769082546234130859e-01
5.795180797576904297e-01,2.043725728988647461e+00,5.763761401176452637e-01
6.481816768646240234e-01,4.740032196044921875e+00,1.261212080717086792e-01
6.236726045608520508e-01,4.497301578521728516e+00,5.830928683280944824e-01
4.454155564308166504e-01,4.984167575836181641e+00,3.616878017783164978e-02
1.786998510360717773e-01,7.324199080467224121e-01,7.679208368062973022e-02
7.616500854492187500e-01,2.585340023040771484e+00,7.312472462654113770e-01
4.181289672851562500e-01,2.076938629150390625e+00,6.552760004997253418e-01
8.846738338470458984e-01,2.310017108917236328e+00,5.379605889320373535e-01
2.907609343528747559e-01,4.691288948059082031e+00,7.066767215728759766e-01
6.589452624320983887e-01,1.046530246734619141e+00,8.865349888801574707e-01
7.228400111198425293e-01,1.081488847732543945e+00,8.244255781173706055e-01
8.498181700706481934e-01,1.223447442054748535e+00,4.740911424160003662e-01
5.668486952781677246e-01,3.475559473037719727e+00,7.481987774372100830e-02
1.810981333255767822e-01,2.085450410842895508e+00,3.495264351367950439e-01
7.148965001106262207e-01,4.951143264770507812e+00,3.789683878421783447e-01
6.069611757993698120e-02,2.654593944549560547e+00,9.591959714889526367e-01
6.642472147941589355e-01,4.362783908843994141e+00,5.486024022102355957e-01
9.639841914176940918e-01,3.025167703628540039e+00,2.548745572566986084e-01
1.789805442094802856e-01,4.102263450622558594e+00,1.824549399316310883e-02
9.146468639373779297e-01,2.050087213516235352e+00,3.097161948680877686e-01
7.087259292602539062e-01,9.530453085899353027e-01,9.932135343551635742e-01
3.541186451911926270e-01,4.497530937194824219e+00,5.779514312744140625e-01
6.212518811225891113e-01,2.597908258438110352e+00,9.915069341659545898e-01
2.640639198943972588e-03,3.826995611190795898e+00,2.104977816343307495e-01
8.155030608177185059e-01,2.154511928558349609e+00,3.248453438282012939e-01
3.960787951946258545e-01,4.751336574554443359e-01,5.393978357315063477e-01
3.420504331588745117e-01,2.497778415679931641e+00,7.842668890953063965e-02
9.590927958488464355e-01,4.166242122650146484e+00,9.323067069053649902e-01
7.784532308578491211e-01,2.866462767124176025e-01,4.785075187683105469e-01
2.119333148002624512e-01,2.097603321075439453e+00,6.045211553573608398e-01
1.217460334300994873e-01,3.497924327850341797e+00,6.551890969276428223e-01
4.768139719963073730e-01,3.771986365318298340e-01,6.588991880416870117e-01
2.562743127346038818e-01,9.778711795806884766e-01,5.892532467842102051e-01
9.000935554504394531e-01,1.686870336532592773e+00,6.574360132217407227e-01
9.906291365623474121e-01,4.369986534118652344e+00,5.479938983917236328e-01
7.376985549926757812e-01,3.608604669570922852e+00,2.791819870471954346e-01
9.431761503219604492e-02,2.200242996215820312e+00,3.510350286960601807e-01
8.063122034072875977e-01,4.965106487274169922e+00,9.010967016220092773e-01
3.724295496940612793e-01,1.643151640892028809e-01,6.744733452796936035e-01
3.868748545646667480e-01,8.397559523582458496e-01,5.512292981147766113e-01
1.067274287343025208e-01,2.922465801239013672e+00,7.341138124465942383e-01
2.139462716877460480e-02,1.806092262268066406e+00,4.600136578083038330e-01
1.104387938976287842e-01,1.428331613540649414e+00,1.136814244091510773e-02
4.005777537822723389e-01,2.899498462677001953e+00,2.784036993980407715e-01
5.430728197097778320e-01,3.561969995498657227e+00,8.015922904014587402e-01
6.465302314609289169e-03,6.051314473152160645e-01,1.459363009780645370e-02
5.883537530899047852e-01,2.941714286804199219e+00,5.084300041198730469e-01
6.568472981452941895e-01,1.581589877605438232e-01,2.652656733989715576e-01
1.487006843090057373e-01,4.145714759826660156e+00,8.434149622917175293e-01
8.931272625923156738e-01,4.345739841461181641e+00,7.345734238624572754e-01
8.310481309890747070e-01,3.832221984863281250e+00,5.944381356239318848e-01
5.927448868751525879e-01,4.421167850494384766e+00,9.262681603431701660e-01
6.123591065406799316e-01,5.675439834594726562e-01,4.864976406097412109e-01
8.882042765617370605e-02,3.031555175781250000e+00,8.058424293994903564e-02
4.721551239490509033e-01,2.805452823638916016e+00,9.672626852989196777e-01
1.706566363573074341e-01,3.773168563842773438e+00,3.644795417785644531e-01
5.169713869690895081e-02,4.873573303222656250e+00,7.782385349273681641e-01
3.031549751758575439e-01,2.778168201446533203e+00,9.942821264266967773e-01
8.258125185966491699e-01,3.499100446701049805e+00,6.827045679092407227e-01
2.349345833063125610e-01,4.183801174163818359e+00,2.740179896354675293e-01
1.789950877428054810e-01,4.180483341217041016e+00,3.879153355956077576e-02
2.198767364025115967e-01,3.646005153656005859e+00,6.800873279571533203e-01
6.933115720748901367e-01,4.530618786811828613e-01,7.751819491386413574e-01
7.402392029762268066e-01,2.698996305465698242e+00,7.078656554222106934e-01
7.792128324508666992e-01,5.553552508354187012e-01,6.040721535682678223e-01
1.976230889558792114e-01,1.520249366760253906e+00,9.367007613182067871e-01
5.309649184346199036e-02,3.892785072326660156e+00,2.605513632297515869e-01
5.867347717285156250e-01,6.890047788619995117e-01,6.729788184165954590e-01
9.132834523916244507e-02,3.287297725677490234e+00,7.680634260177612305e-01
4.873005151748657227e-01,3.020463466644287109e+00,9.964194297790527344e-01
5.855519175529479980e-01,4.339775562286376953e+00,8.408473730087280273e-01
7.852494716644287109e-01,4.300252914428710938e+00,6.511427164077758789e-01
6.498287916183471680e-01,1.628018260002136230e+00,6.746937632560729980e-01
2.013256102800369263e-01,3.927203655242919922e+00,3.270461857318878174e-01
7.394732236862182617e-01,2.585545063018798828e+00,9.620928168296813965e-01
1.308072358369827271e-01,3.028010368347167969e+00,4.724486768245697021e-01
6.806778311729431152e-01,3.742094039916992188e-01,7.351381182670593262e-01
6.059585213661193848e-01,3.602195978164672852e+00,7.110103368759155273e-01
6.110544204711914062e-01,3.631030797958374023e+00,4.855625331401824951e-01
3.978510200977325439e-02,1.957790702581405640e-01,4.902428686618804932e-01
7.326389104127883911e-02,3.791513204574584961e+00,7.342440485954284668e-01
5.668168067932128906e-01,1.491734147071838379e+00,9.048600792884826660e-01
9.805954694747924805e-01,4.232303619384765625e+00,8.345210552215576172e-01
9.965892881155014038e-03,1.992496371269226074e+00,7.203695178031921387e-01
1.738256365060806274e-01,4.946755409240722656e+00,8.082894682884216309e-01
5.251504853367805481e-02,4.744602143764495850e-01,6.223707795143127441e-01
4.596225023269653320e-01,3.483096659183502197e-01,6.414316892623901367e-01
6.945163607597351074e-01,7.097632884979248047e-01,4.340381920337677002e-01
3.543414175510406494e-01,2.558581829071044922e+00,7.482066005468368530e-02
2.196345329284667969e-01,3.801794767379760742e+00,6.333904266357421875e-01
3.964879810810089111e-01,2.792281627655029297e+00,4.686519205570220947e-01
7.848643064498901367e-01,1.569973826408386230e+00,9.160330891609191895e-01
9.640783667564392090e-01,4.607681632041931152e-01,2.482258528470993042e-01
3.666099607944488525e-01,9.534455537796020508e-01,6.705424189567565918e-01
2.497962117195129395e-01,2.467927932739257812e+00,2.100435942411422729e-01
5.333995223045349121e-01,1.592495203018188477e+00,7.013096809387207031e-01
3.022075863555073738e-03,4.161800861358642578e+00,9.253920912742614746e-01
4.213984012603759766e-01,4.508975982666015625e+00,3.343304395675659180e-01
6.352479457855224609e-01,1.743968844413757324e+00,9.808329939842224121e-01
7.803927063941955566e-01,2.167608737945556641e+00,5.186080336570739746e-01
4.601241350173950195e-01,2.525444030761718750e-01,4.906066954135894775e-01
8.915773034095764160e-01,2.048466056585311890e-01,8.070316314697265625e-01
1.892852932214736938e-01,4.041604995727539062e+00,4.457619413733482361e-02
3.873060047626495361e-01,7.681644558906555176e-01,5.158806443214416504e-01
5.226696133613586426e-01,1.955449700355529785e+00,4.953086972236633301e-01
4.266638308763504028e-02,4.521477222442626953e+00,5.110098719596862793e-01
7.969098091125488281e-01,1.466508656740188599e-01,4.162880182266235352e-01
8.190990090370178223e-01,3.604149341583251953e+00,5.766946077346801758e-01
7.732435464859008789e-01,3.201359033584594727e+00,1.421945989131927490e-01
8.165956139564514160e-01,4.119616985321044922e+00,5.195204019546508789e-01
6.939139962196350098e-01,6.558328270912170410e-01,6.756516098976135254e-01
3.425846397876739502e-01,8.919969797134399414e-01,9.979731589555740356e-02
5.806918740272521973e-01,2.453475713729858398e+00,2.149487733840942383e-01
1.760008931159973145e-01,4.957810401916503906e+00,7.057564854621887207e-01
5.152041316032409668e-01,3.149141550064086914e+00,5.212891101837158203e-01
7.972515225410461426e-01,3.237769901752471924e-01,2.912682890892028809e-01
1.909085214138031006e-01,2.337938547134399414e+00,6.341533064842224121e-01
4.954197704792022705e-01,4.739510059356689453e+00,9.266492724418640137e-01
1.489003747701644897e-01,2.954051971435546875e+00,9.142502546310424805e-01
8.204724788665771484e-01,3.792605400085449219e+00,9.465830326080322266e-01
7.043498754501342773e-01,1.527211070060729980e+00,7.083375006914138794e-02
9.071074426174163818e-02,4.060217380523681641e+00,2.353290021419525146e-01
3.978062570095062256e-01,3.185091018676757812e+00,8.517658114433288574e-01
8.654927015304565430e-01,9.511404037475585938e-01,9.310287833213806152e-01
9.387563467025756836e-01,3.267774105072021484e+00,2.849763929843902588e-01
2.169370055198669434e-01,2.352827489376068115e-01,5.492890477180480957e-01
3.810102045536041260e-01,3.324195623397827148e+00,1.657188385725021362e-01
7.073903083801269531e-01,2.395655632019042969e+00,3.980780456913635135e-05
4.733106195926666260e-01,4.088728874921798706e-02,5.466188192367553711e-01
1.609683930873870850e-01,1.500978231430053711e+00,9.022698998451232910e-01
7.471597194671630859e-01,1.096864104270935059e+00,7.705301642417907715e-01
7.098755240440368652e-02,2.706072807312011719e+00,1.662420928478240967e-01
9.434943795204162598e-01,2.681913137435913086e+00,5.426433682441711426e-01
1.323811709880828857e-01,2.680816888809204102e+00,2.369942069053649902e-01
3.289362043142318726e-02,2.141772657632827759e-01,3.187598586082458496e-01
9.089218378067016602e-01,4.429691314697265625e+00,2.923509776592254639e-01
3.848228454589843750e-01,3.881219029426574707e-01,8.510531783103942871e-01
8.597015142440795898e-01,3.531763315200805664e+00,3.588220775127410889e-01
3.687329888343811035e-01,2.609193086624145508e+00,8.444723486900329590e-01
3.014954626560211182e-01,4.726914405822753906e+00,6.106077432632446289e-01
8.362628817558288574e-01,3.840937137603759766e+00,5.377162694931030273e-01
7.545256018638610840e-01,2.798048257827758789e+00,9.072804450988769531e-01
4.676921367645263672e-01,2.810790777206420898e+00,4.933068752288818359e-01
2.382457107305526733e-01,2.534086227416992188e+00,2.179504632949829102e-01
5.608385801315307617e-01,4.913765907287597656e+00,1.771553903818130493e-01
7.165380120277404785e-01,4.039401531219482422e+00,5.893479287624359131e-02
5.389821529388427734e-01,1.978025436401367188e+00,4.003018438816070557e-01
3.365349769592285156e-01,4.935970306396484375e+00,7.841426730155944824e-01
3.501778542995452881e-01,1.622323393821716309e+00,5.105546712875366211e-01
6.665334105491638184e-01,3.405160665512084961e+00,8.758412599563598633e-01
3.430156037211418152e-02,6.144612431526184082e-01,4.437534511089324951e-01
4.307997524738311768e-01,2.382343530654907227e+00,5.808675289154052734e-01
1.807536371052265167e-02,2.521666526794433594e+00,7.195115685462951660e-01
5.550367236137390137e-01,4.998236000537872314e-01,6.738097071647644043e-01
9.320985078811645508e-01,3.679088830947875977e+00,2.294921427965164185e-01
7.527575492858886719e-01,9.701927304267883301e-01,9.930367469787597656e-01
3.893281221389770508e-01,1.928735494613647461e+00,6.777576636523008347e-03
7.261832356452941895e-01,1.306205511093139648e+00,4.111547470092773438e-01
8.134067654609680176e-01,7.198109626770019531e-01,2.196952998638153076e-01
5.640415549278259277e-01,4.775404453277587891e+00,2.781608700752258301e-02
8.246389627456665039e-01,1.455250978469848633e+00,1.926290839910507202e-01
4.485433399677276611e-01,1.293606400489807129e+00,7.373269796371459961e-01
5.765306353569030762e-01,4.968936443328857422e+00,3.758039772510528564e-01
6.993053555488586426e-01,3.332732439041137695e+00,1.885077357292175293e-01
3.962462842464447021e-01,1.774881243705749512e+00,1.296077817678451538e-01
1.221949234604835510e-01,3.551313161849975586e+00,5.822466015815734863e-01
9.752138853073120117e-01,2.637008666992187500e+00,8.534188866615295410e-01
4.345951676368713379e-01,3.406408548355102539e+00,1.195227503776550293e-01
2.889703512191772461e-01,1.179510474205017090e+00,1.534869819879531860e-01
8.082281053066253662e-02,7.465275526046752930e-01,6.673865914344787598e-01
2.701226770877838135e-01,3.737736701965332031e+00,1.872911006212234497e-01
8.813937753438949585e-02,4.908470153808593750e+00,8.107856512069702148e-01
3.878717422485351562e-01,2.691828012466430664e+00,2.770473361015319824e-01
8.244993686676025391e-01,4.489516258239746094e+00,5.555992722511291504e-01
7.858873605728149414e-01,7.961933016777038574e-01,4.533708393573760986e-01
2.126831859350204468e-01,3.633733272552490234e+00,5.944459885358810425e-02
3.251343667507171631e-01,3.159541845321655273e+00,7.837486267089843750e-01
7.241591215133666992e-01,3.359211683273315430e+00,1.737808287143707275e-01
5.723055005073547363e-01,2.814037561416625977e+00,8.786791563034057617e-02
6.288436651229858398e-01,2.525439977645874023e+00,9.024227261543273926e-01
8.213055878877639771e-02,8.490159362554550171e-02,9.890233874320983887e-01
4.479928016662597656e-01,4.565641880035400391e+00,6.059260368347167969e-01
4.198025465011596680e-01,2.946901798248291016e+00,9.064776301383972168e-01
8.584768772125244141e-01,4.060490608215332031e+00,2.149127125740051270e-01
5.591397285461425781e-01,2.689183712005615234e+00,9.997475147247314453e-01
5.313820838928222656e-01,1.710911989212036133e+00,3.890538513660430908e-01
4.986370205879211426e-01,3.887084424495697021e-01,3.332203924655914307e-01
2.513217926025390625e-01,3.400498390197753906e+00,7.477819919586181641e-02
3.306472003459930420e-01,2.925016641616821289e+00,2.389421919360756874e-03
9.939403086900711060e-02,7.238880395889282227e-01,1.033069118857383728e-01
4.321469366550445557e-01,4.396058559417724609e+00,9.318301081657409668e-01
6.824984550476074219e-01,3.057997226715087891e-01,7.452748417854309082e-01
7.503120303153991699e-01,1.801806926727294922e+00,3.691204786300659180e-01
5.429735779762268066e-01,1.521803498268127441e+00,6.644182801246643066e-01
1.348215341567993164e-01,2.409718275070190430e+00,4.830888807773590088e-01
6.676171422004699707e-01,1.019903898239135742e+00,2.154144793748855591e-01
8.309522271156311035e-01,1.131439685821533203e+00,4.167200624942779541e-01
3.007205724716186523e-01,8.670770525932312012e-01,4.337829947471618652e-01
7.425286173820495605e-01,4.115297794342041016e+00,5.499200224876403809e-01
7.314622402191162109e-01,1.193338990211486816e+00,2.186996191740036011e-01
4.015646278858184814e-01,1.875724196434020996e+00,3.035365641117095947e-01
7.779591679573059082e-01,1.616044878959655762e+00,1.793108321726322174e-02
6.417043805122375488e-01,4.083984375000000000e+00,6.945133954286575317e-02
6.019902825355529785e-01,4.306830763816833496e-01,3.732508718967437744e-01
7.444146275520324707e-01,3.904878377914428711e+00,8.176963925361633301e-01
8.502838015556335449e-01,7.735139727592468262e-01,1.954945027828216553e-01
5.532846599817276001e-02,4.288750648498535156e+00,3.534664213657379150e-01
3.687503635883331299e-01,3.730185031890869141e+00,3.265751302242279053e-01
6.163219809532165527e-01,3.153433322906494141e+00,3.639377355575561523e-01
3.165326416492462158e-01,8.459333181381225586e-01,2.964879870414733887e-01
4.235529601573944092e-01,1.641087532043457031e+00,2.440710961818695068e-01
7.035632729530334473e-01,1.027495265007019043e+00,8.666781783103942871e-01
8.440592288970947266e-01,1.341792106628417969e+00,2.569634616374969482e-01
6.331816911697387695e-01,4.616407155990600586e-01,4.755620658397674561e-01
3.458724319934844971e-01,2.521036148071289062e+00,9.165523946285247803e-02
6.816780567169189453e-01,3.291067361831665039e+00,4.041957855224609375e-01
6.154197454452514648e-01,2.799095153808593750e+00,8.414648175239562988e-01
3.087935447692871094e-01,4.403553009033203125e+00,1.567346751689910889e-01
5.735140442848205566e-01,2.892659187316894531e+00,1.183091402053833008e-01
6.616327166557312012e-01,2.205212116241455078e+00,5.738543272018432617e-01
6.498683094978332520e-01,3.772634744644165039e+00,4.122002720832824707e-01
3.610597550868988037e-01,2.064798593521118164e+00,5.006954073905944824e-01
5.175200104713439941e-01,4.783628463745117188e+00,5.247986689209938049e-02
4.745854437351226807e-02,2.123257637023925781e+00,7.092962861061096191e-01
4.886968731880187988e-01,4.703444957733154297e+00,9.807359427213668823e-02
7.321663498878479004e-01,2.539406776428222656e+00,9.613147377967834473e-01
9.450091719627380371e-01,4.672803401947021484e+00,9.319574832916259766e-01
6.663238257169723511e-02,4.929635047912597656e+00,9.106364846229553223e-01
5.395507439970970154e-02,3.701022148132324219e+00,7.977852225303649902e-01
5.461500287055969238e-01,1.101465463638305664e+00,7.469086050987243652e-01
1.106292903423309326e-01,4.203312397003173828e+00,2.661328613758087158e-01
2.268959730863571167e-01,1.006885647773742676e+00,4.823257327079772949e-01
5.590392351150512695e-01,2.471638441085815430e+00,9.380568861961364746e-01
3.407049477100372314e-01,4.209661483764648438e+00,4.503386467695236206e-02
8.954957723617553711e-01,1.321151852607727051e+00,9.671363830566406250e-01
6.376050710678100586e-01,5.274956226348876953e-01,2.084893435239791870e-01
4.254134595394134521e-01,1.765677519142627716e-02,9.141251444816589355e-02
7.043337076902389526e-02,7.963674515485763550e-02,5.948070883750915527e-01
3.000518977642059326e-01,1.194474324584007263e-01,7.922794818878173828e-01
6.805474758148193359e-01,6.529110670089721680e-01,7.926573753356933594e-01
3.318607211112976074e-01,3.206857681274414062e+00,5.617317184805870056e-02
6.004741191864013672e-01,1.892245888710021973e+00,8.765726536512374878e-02
3.238606750965118408e-01,4.614617347717285156e+00,5.950484275817871094e-01
7.623832225799560547e-01,1.782937347888946533e-01,8.443873524665832520e-01
4.570277333259582520e-01,3.200865983963012695e+00,6.437647342681884766e-02
2.138344012200832367e-02,1.615124940872192383e+00,3.568486571311950684e-01
6.760907173156738281e-01,1.154753640294075012e-01,5.892598628997802734e-01
1.144789978861808777e-01,5.909517407417297363e-01,7.422124147415161133e-01
2.779407799243927002e-01,1.525580286979675293e+00,9.860033392906188965e-01
5.504136085510253906e-01,3.559504985809326172e+00,3.334931135177612305e-01
6.507920622825622559e-01,3.321039199829101562e+00,6.001149415969848633e-01
5.749986171722412109e-01,2.524806499481201172e+00,5.132415890693664551e-01
2.239693105220794678e-01,4.976560115814208984e+00,6.811977624893188477e-01
6.157445907592773438e-01,2.877336025238037109e+00,9.511207938194274902e-01
9.093893766403198242e-01,3.063302487134933472e-02,2.872121930122375488e-01
8.423161506652832031e-01,1.462649822235107422e+00,2.018670439720153809e-01
7.924584150314331055e-01,2.140485286712646484e+00,8.398256301879882812e-01
7.046965360641479492e-01,4.639537334442138672e+00,9.240833520889282227e-01
9.808229207992553711e-01,4.665982127189636230e-01,6.140210032463073730e-01
8.835453987121582031e-01,3.523482799530029297e+00,8.564794063568115234e-01
1.788788139820098877e-01,8.759589791297912598e-01,8.220387697219848633e-01
6.887113451957702637e-01,4.808908939361572266e+00,2.466838955879211426e-01
8.381625413894653320e-01,6.092087030410766602e-01,9.360431432723999023e-01
4.952616095542907715e-01,4.083044528961181641e+00,4.632214903831481934e-01
2.998673021793365479e-01,2.901150703430175781e+00,5.271602869033813477e-01
1.779012680053710938e-01,1.607935070991516113e+00,2.943647801876068115e-01
8.665509223937988281e-01,1.951560974121093750e+00,7.214971184730529785e-01
4.674225449562072754e-01,2.678573131561279297e+00,9.988818168640136719e-01
4.950599372386932373e-01,4.622239589691162109e+00,1.391237527132034302e-01
6.220518350601196289e-01,4.593255519866943359e+00,4.280915856361389160e-01
1.598353385925292969e-01,2.362808465957641602e+00,5.078011751174926758e-01
4.681240320205688477e-01,4.938296318054199219e+00,8.872848749160766602e-01
3.117006421089172363e-01,1.074364781379699707e+00,8.420566469430923462e-02
5.154717564582824707e-01,2.541830778121948242e+00,1.744232028722763062e-01
7.926283478736877441e-01,2.302899062633514404e-01,7.954459190368652344e-01
9.210967421531677246e-01,1.309302210807800293e+00,1.005676612257957458e-01
7.642447203397750854e-02,2.637796401977539062e-01,4.292181432247161865e-01
1.782478839159011841e-01,2.086622953414916992e+00,2.990147769451141357e-01
4.060946404933929443e-01,2.477777004241943359e+00,1.519115865230560303e-01
2.477816641330718994e-01,2.388785839080810547e+00,7.622991204261779785e-01
7.349506616592407227e-01,2.812018156051635742e+00,1.727384924888610840e-01
1.309360563755035400e-01,2.751541852951049805e+00,1.803809106349945068e-01
9.065414667129516602e-01,3.265663862228393555e+00,3.412799835205078125e-01
8.606564998626708984e-01,1.355708360671997070e+00,7.007850408554077148e-01
1.625255793333053589e-01,3.722628593444824219e+00,1.729060411453247070e-01
7.720862627029418945e-01,2.630540370941162109e+00,1.288773119449615479e-01
4.550767689943313599e-02,4.095800876617431641e+00,2.590669095516204834e-01
7.267616987228393555e-01,4.654206275939941406e+00,3.338503837585449219e-01
8.076538443565368652e-01,1.506209969520568848e+00,3.783140778541564941e-01
2.362287640571594238e-01,1.470987439155578613e+00,8.343455791473388672e-01
3.668069839477539062e-01,8.114820718765258789e-01,5.122263431549072266e-01
5.695872306823730469e-01,7.184687852859497070e-01,7.554100751876831055e-01
4.186271131038665771e-01,3.901461839675903320e+00,1.719337254762649536e-01
2.039869427680969238e-01,1.979326844215393066e+00,4.667638838291168213e-01
6.072577461600303650e-02,3.661979675292968750e+00,2.043923437595367432e-01
8.742763847112655640e-02,1.619599223136901855e+00,2.259782515466213226e-03
9.310575723648071289e-01,1.472707748413085938e+00,5.164541602134704590e-01
6.704376935958862305e-01,1.957280874252319336e+00,7.666783928871154785e-01
2.136092334985733032e-01,1.018735885620117188e+00,4.517433643341064453e-01
6.054536700248718262e-01,3.629608392715454102e+00,9.097952842712402344e-01
7.336183190345764160e-01,2.670745134353637695e+00,6.790553927421569824e-01
6.005442738533020020e-01,3.267377614974975586e+00,4.979700446128845215e-01
1.460928842425346375e-02,3.590451002120971680e+00,9.065580964088439941e-01
7.912340760231018066e-01,2.451313734054565430e+00,1.998741477727890015e-01
9.221963286399841309e-01,3.759149312973022461e+00,9.000850915908813477e-01
9.646247029304504395e-01,4.741144657135009766e+00,6.913338899612426758e-01
3.177264630794525146e-01,1.629412412643432617e+00,5.781402587890625000e-01
8.080095052719116211e-01,3.934009552001953125e+00,2.551338970661163330e-01
8.484896421432495117e-01,1.234664916992187500e+00,3.772799968719482422e-01
6.070315837860107422e-01,4.541590213775634766e+00,1.752862930297851562e-01
9.911254048347473145e-01,4.025146007537841797e+00,7.960349917411804199e-01
6.038109660148620605e-01,2.936218500137329102e+00,4.973813295364379883e-01
6.816277652978897095e-02,8.774991631507873535e-01,7.359409928321838379e-01
5.461800694465637207e-01,2.366641044616699219e+00,6.671713590621948242e-01
8.247049450874328613e-01,4.157552719116210938e+00,1.023115441203117371e-01
8.479614853858947754e-01,4.872804641723632812e+00,4.687221348285675049e-01
9.419877529144287109e-01,2.441656827926635742e+00,1.418976932764053345e-01
7.368972301483154297e-01,3.796197652816772461e+00,9.931707382202148438e-01
4.816179350018501282e-02,3.377446651458740234e+00,6.473706960678100586e-01
7.680112719535827637e-01,3.663319349288940430e+00,7.213339805603027344e-01
1.721578883007168770e-03,2.926394224166870117e+00,8.110993504524230957e-01
4.296492338180541992e-01,4.418787956237792969e+00,5.925154685974121094e-01
3.217777013778686523e-01,6.691172719001770020e-01,6.823661327362060547e-01
5.291904807090759277e-01,2.739171504974365234e+00,5.814647078514099121e-01
5.019896030426025391e-01,3.660688638687133789e+00,6.452248096466064453e-01
7.229105830192565918e-01,1.116280198097229004e+00,8.633044362068176270e-01
9.859559535980224609e-01,4.263572096824645996e-01,5.098215937614440918e-01
6.320053339004516602e-01,1.106725573539733887e+00,8.161258101463317871e-01
3.793737292289733887e-01,4.275423526763916016e+00,3.226656019687652588e-01
5.021217465400695801e-01,3.851673841476440430e+00,9.020053744316101074e-01
2.753999829292297363e-01,4.604915142059326172e+00,2.476982921361923218e-01
5.142506957054138184e-01,2.280426174402236938e-01,6.065494418144226074e-01
3.653502464294433594e-01,3.185956239700317383e+00,1.243493333458900452e-01
5.980572700500488281e-01,4.794045448303222656e+00,1.696543246507644653e-01
8.031252622604370117e-01,3.299971818923950195e+00,8.706915378570556641e-01
4.502642154693603516e-01,1.202920913696289062e+00,7.354316711425781250e-01
1.589736491441726685e-01,1.922442674636840820e+00,1.166264861822128296e-01
9.316067695617675781e-01,4.473823547363281250e+00,8.138649463653564453e-01
1.020967885851860046e-01,3.518427371978759766e+00,7.848026156425476074e-01
8.496617078781127930e-01,1.765934348106384277e+00,3.602783381938934326e-01
7.471553087234497070e-01,1.957383513450622559e+00,2.834635972976684570e-01
6.117462515830993652e-01,4.680589199066162109e+00,4.908857494592666626e-02
8.866413831710815430e-01,3.800307035446166992e+00,1.329261660575866699e-01
9.354889392852783203e-01,2.707770109176635742e+00,9.027514606714248657e-02
2.313784062862396240e-01,4.204437255859375000e+00,9.377528429031372070e-01
1.683497875928878784e-01,5.300071835517883301e-01,2.497657835483551025e-01
3.435810208320617676e-01,4.563199996948242188e+00,9.887124598026275635e-02
6.825470328330993652e-01,3.627820014953613281e+00,5.608205795288085938e-01
7.938398420810699463e-02,2.654667615890502930e+00,5.513013601303100586e-01
5.362972021102905273e-01,1.552992701530456543e+00,7.756596803665161133e-02
7.628387212753295898e-01,4.190153181552886963e-01,9.176609516143798828e-01
5.134627819061279297e-01,3.016654253005981445e-01,2.409829646348953247e-01
5.582401752471923828e-01,2.067564964294433594e+00,7.533429265022277832e-01
1.591944098472595215e-01,3.386806726455688477e+00,2.742817103862762451e-01
5.641937851905822754e-01,3.787878274917602539e+00,9.620513319969177246e-01
9.766624569892883301e-01,1.762389898300170898e+00,2.626415193080902100e-01
1.948046088218688965e-01,7.873923182487487793e-01,7.258148789405822754e-01
9.283976554870605469e-01,1.243297219276428223e+00,5.311157926917076111e-02
9.893006682395935059e-01,2.639746427536010742e+00,9.305992126464843750e-01
3.207152783870697021e-01,2.126223087310791016e+00,8.222319483757019043e-01
1.037578955292701721e-01,1.488699913024902344e-01,5.971331000328063965e-01
8.634270429611206055e-01,3.975693464279174805e+00,5.698226094245910645e-01
7.820754647254943848e-01,3.737567663192749023e+00,9.262159466743469238e-01
9.217164516448974609e-01,4.251245975494384766e+00,6.540296673774719238e-01
9.119814038276672363e-01,1.369768142700195312e+00,1.167940944433212280e-01
6.807491779327392578e-01,2.221306324005126953e+00,5.084571838378906250e-01
8.254826068878173828e-01,3.511031389236450195e+00,6.980429887771606445e-01
5.640860646963119507e-02,2.474178671836853027e-01,2.164628952741622925e-01
6.654771976172924042e-03,1.897272467613220215e+00,2.533751428127288818e-01
8.299231529235839844e-01,4.367455005645751953e+00,7.273145318031311035e-01
2.384555488824844360e-01,4.660022854804992676e-01,4.972837269306182861e-01
2.056819796562194824e-01,3.628930568695068359e+00,8.560038805007934570e-01
2.347725778818130493e-01,1.994574308395385742e+00,9.824078679084777832e-01
3.838322758674621582e-01,2.805083990097045898e+00,1.555336266756057739e-01
2.851042747497558594e-01,2.947707653045654297e+00,3.777893492951989174e-03
8.644669651985168457e-01,2.423477172851562500e+00,3.753724992275238037e-01
2.655921876430511475e-01,2.637781858444213867e+00,8.104125261306762695e-01
5.980724692344665527e-01,9.963873624801635742e-01,7.925594598054885864e-02
5.246595740318298340e-01,1.231637954711914062e+00,3.023318648338317871e-01
6.708396077156066895e-01,1.254905760288238525e-01,6.145042777061462402e-01
3.535817861557006836e-01,2.329447269439697266e+00,3.614612221717834473e-01
2.053296118974685669e-01,5.946552157402038574e-01,1.530516147613525391e-01
4.094196557998657227e-01,2.152640819549560547e+00,1.193966194987297058e-01
9.382652640342712402e-01,1.170545816421508789e+00,8.581572026014328003e-02
6.646766066551208496e-01,4.415836334228515625e+00,9.274836182594299316e-01
3.228299319744110107e-01,2.844590187072753906e+00,2.090941220521926880e-01
1.172766461968421936e-02,1.606439113616943359e+00,3.658475875854492188e-01
2.228687256574630737e-01,3.012316226959228516e+00,2.121452242136001587e-01
3.342254161834716797e-01,2.626995325088500977e+00,7.124316096305847168e-01
7.135682702064514160e-01,1.724840521812438965e+00,8.480101823806762695e-01
5.127611160278320312e-01,5.729901790618896484e-01,6.796439886093139648e-01
5.861061811447143555e-01,1.501181960105895996e+00,8.263313770294189453e-02
5.606496706604957581e-02,3.612154006958007812e+00,6.719228029251098633e-01
3.357354402542114258e-01,1.401206612586975098e+00,5.511251688003540039e-01
7.290762662887573242e-01,1.406648516654968262e+00,8.881183862686157227e-01
8.968650102615356445e-01,2.109566926956176758e+00,2.306297123432159424e-01
3.015633821487426758e-01,2.545838594436645508e+00,8.035237789154052734e-01
7.661181688308715820e-01,2.436353445053100586e+00,2.549776732921600342e-01
9.004362225532531738e-01,1.221979334950447083e-01,7.038125395774841309e-02
2.266833633184432983e-01,4.233644485473632812e+00,9.250212311744689941e-01
3.495207130908966064e-01,4.951370239257812500e+00,6.710618734359741211e-01
9.874848127365112305e-01,4.778364658355712891e+00,4.315300583839416504e-01
2.601722441613674164e-02,3.101191043853759766e+00,3.577550128102302551e-02
1.866727322340011597e-02,1.785987019538879395e+00,3.240304440259933472e-02
7.072778344154357910e-01,4.419349670410156250e+00,3.275614082813262939e-01
6.869230866432189941e-01,3.103116750717163086e+00,5.909752249717712402e-01
4.234894216060638428e-01,2.077960222959518433e-01,5.736597180366516113e-01
7.608548402786254883e-01,3.838806152343750000e+00,9.920197725296020508e-01
8.225219845771789551e-01,4.350104808807373047e+00,6.887118220329284668e-01
4.157035946846008301e-01,4.701509952545166016e+00,7.224711775779724121e-01
2.065141797065734863e-01,3.337241172790527344e+00,9.628351330757141113e-01
8.863054513931274414e-01,1.339514732360839844e+00,8.887603878974914551e-01
5.684019327163696289e-01,2.826501131057739258e+00,5.734671354293823242e-01
2.912868261337280273e-01,1.810663938522338867e+00,5.273461937904357910e-01
7.116537690162658691e-01,3.367619588971138000e-02,5.579087734222412109e-01
1.472911089658737183e-01,8.685532212257385254e-01,3.668551146984100342e-01
2.915468513965606689e-01,7.068683505058288574e-01,8.051358461380004883e-01
2.087141424417495728e-01,4.609453678131103516e+00,1.619216650724411011e-01
4.420066475868225098e-01,4.284764528274536133e-01,9.915627837181091309e-01
5.583264827728271484e-01,2.572575330734252930e+00,4.691245257854461670e-01
5.206497907638549805e-01,3.731677055358886719e+00,3.703657388687133789e-01
8.662291169166564941e-01,8.560454845428466797e-01,6.479253619909286499e-02
4.959363639354705811e-01,1.752901822328567505e-01,2.745390534400939941e-01
4.536359906196594238e-01,4.261403083801269531e+00,9.071446061134338379e-01
5.123367533087730408e-02,4.622667789459228516e+00,7.740013003349304199e-01
9.630621671676635742e-01,1.748754143714904785e+00,5.116639137268066406e-01
2.077602893114089966e-01,3.688276290893554688e+00,7.233281731605529785e-01
9.356901645660400391e-01,3.364984691143035889e-01,9.228882193565368652e-01
7.637739777565002441e-01,2.897605180740356445e+00,5.817281603813171387e-01
1.685345321893692017e-01,4.255220890045166016e+00,5.121209621429443359e-01
3.607793152332305908e-01,4.285138249397277832e-01,9.386225342750549316e-01
3.044466376304626465e-01,2.915412664413452148e+00,8.917550444602966309e-01
3.691918551921844482e-01,3.033884763717651367e+00,1.515231132507324219e-01
1.240167617797851562e-01,2.975631475448608398e+00,4.566657245159149170e-01
7.062236219644546509e-02,2.374958992004394531e+00,9.988887906074523926e-01
7.758421897888183594e-01,1.481565237045288086e+00,8.528429865837097168e-01
2.097939699888229370e-01,3.100594758987426758e+00,4.994766414165496826e-01
8.299774527549743652e-01,9.450036883354187012e-01,6.383423209190368652e-01
4.060131311416625977e-01,2.933084964752197266e+00,9.521068334579467773e-01
3.601135313510894775e-01,3.976811408996582031e+00,5.617703199386596680e-01
8.172960281372070312e-01,1.901860594749450684e+00,9.760146737098693848e-01
9.197131991386413574e-01,1.539031863212585449e+00,5.387821421027183533e-02
4.826509654521942139e-01,3.750551939010620117e+00,4.005577564239501953e-01
5.872613191604614258e-01,4.605185031890869141e+00,6.638672351837158203e-01
8.108750581741333008e-01,1.383961319923400879e+00,3.025535643100738525e-01
1.522075980901718140e-01,2.519255638122558594e+00,2.279532849788665771e-01
6.880253553390502930e-01,7.002408504486083984e-01,6.654567122459411621e-01
1.141454130411148071e-01,2.066179752349853516e+00,2.739045321941375732e-01
2.058692574501037598e-01,1.807045221328735352e+00,4.105204343795776367e-01
4.154803454875946045e-01,4.412780284881591797e+00,8.838409185409545898e-01
2.630636394023895264e-01,1.580614447593688965e+00,5.283181071281433105e-01
6.642158031463623047e-01,3.322865068912506104e-01,2.449252307415008545e-01
4.803996980190277100e-01,4.462080955505371094e+00,4.442444443702697754e-01
1.775541752576828003e-01,2.012770175933837891e+00,7.002308964729309082e-01
9.238033294677734375e-01,1.942834444344043732e-02,3.562777340412139893e-01
7.880890369415283203e-01,4.097259044647216797e+00,4.700441062450408936e-01
3.341021835803985596e-01,2.992590427398681641e+00,7.100575566291809082e-01
4.649319350719451904e-01,1.261906862258911133e+00,7.450101971626281738e-01
1.668241471052169800e-01,8.846184015274047852e-01,9.920697212219238281e-01
4.434629082679748535e-01,3.453669786453247070e+00,4.661362469196319580e-01
9.321107864379882812e-01,4.474771976470947266e+00,5.424360632896423340e-01
6.134952902793884277e-01,3.525256156921386719e+00,4.165256917476654053e-01
1.422091722488403320e-01,4.522464752197265625e+00,2.311328426003456116e-02
1.024735420942306519e-01,1.933990716934204102e+00,1.219341382384300232e-01
2.979324571788311005e-02,3.194057941436767578e+00,9.833147525787353516e-01
5.414218902587890625e-01,5.601013302803039551e-01,9.477865695953369141e-01
2.505519092082977295e-01,4.770087003707885742e-01,2.619142830371856689e-01
3.957452625036239624e-02,5.683664679527282715e-01,9.245143085718154907e-02
3.374072909355163574e-01,2.824391841888427734e+00,8.968749642372131348e-02
9.030006527900695801e-01,2.307878732681274414e+00,3.347191214561462402e-01
7.803272008895874023e-01,3.081822395324707031e+00,8.238005638122558594e-02
9.676023572683334351e-02,2.833729267120361328e+00,5.630353093147277832e-01
9.944345355033874512e-01,3.600139379501342773e+00,6.052060127258300781e-01
7.266747355461120605e-01,2.810631752014160156e+00,5.098658204078674316e-01
6.498160362243652344e-01,1.246392011642456055e+00,6.673790514469146729e-02
8.778593540191650391e-01,4.110453605651855469e+00,1.647454053163528442e-01
5.476408004760742188e-01,3.678969144821166992e+00,5.827647447586059570e-01
5.902420282363891602e-01,2.339547395706176758e+00,5.887541174888610840e-01
1.912703365087509155e-01,2.220417737960815430e+00,3.610091507434844971e-01
6.364900469779968262e-01,1.903314232826232910e+00,9.653517603874206543e-01
4.846790730953216553e-01,2.968902111053466797e+00,3.629814684391021729e-01
7.397836446762084961e-02,3.638123869895935059e-01,2.064619064331054688e-01
7.592293620109558105e-01,2.713922500610351562e+00,6.881173849105834961e-01
7.918055355548858643e-02,1.717676162719726562e+00,6.520313024520874023e-01
3.748088330030441284e-02,4.547324180603027344e+00,3.182561099529266357e-01
9.023162722587585449e-01,2.478441238403320312e+00,4.612455964088439941e-01
8.846775293350219727e-01,4.866117238998413086e-01,4.873769879341125488e-01
9.411886930465698242e-01,2.365298271179199219e+00,7.556386590003967285e-01
4.118085503578186035e-01,3.319298028945922852e+00,4.922795295715332031e-02
8.514484763145446777e-01,4.199742794036865234e+00,5.966230034828186035e-01
5.440199375152587891e-01,2.069290876388549805e+00,9.715747237205505371e-01
1.186924874782562256e-01,4.315454483032226562e+00,2.934190034866333008e-01
3.647216856479644775e-01,9.550943374633789062e-01,7.850144505500793457e-01
1.842940226197242737e-02,1.447956562042236328e+00,3.365399241447448730e-01
8.182404041290283203e-01,4.979388236999511719e+00,9.231341481208801270e-01
8.618667125701904297e-01,3.046736001968383789e+00,1.721884757280349731e-01
8.791590481996536255e-02,3.184254169464111328e+00,2.193874269723892212e-01
1.454279422760009766e-01,4.521088123321533203e+00,2.894821465015411377e-01
4.631408154964447021e-01,3.532568216323852539e+00,8.018204569816589355e-02
4.151103794574737549e-01,1.617303609848022461e+00,6.722160577774047852e-01
3.656080961227416992e-01,2.435818195343017578e+00,1.504036337137222290e-01
1.758991628885269165e-01,4.619915962219238281e+00,9.009411334991455078e-01
6.228945255279541016e-01,5.062738060951232910e-01,4.232807159423828125e-01
7.307369112968444824e-01,5.645745620131492615e-02,7.047689557075500488e-01
5.032234638929367065e-02,6.078981608152389526e-02,2.229486107826232910e-01
6.961465477943420410e-01,3.901090621948242188e+00,4.641554057598114014e-01
8.913344144821166992e-01,8.595800995826721191e-01,5.329400897026062012e-01
7.134981751441955566e-01,3.248888731002807617e+00,6.078753471374511719e-01
1.455484926700592041e-01,4.922420501708984375e+00,6.473593711853027344e-01
4.246859997510910034e-02,6.931827962398529053e-02,8.482399582862854004e-01
6.898829936981201172e-01,6.213032007217407227e-01,6.655464768409729004e-01
9.697192311286926270e-01,2.219749927520751953e+00,8.568956255912780762e-01
2.884685993194580078e-01,3.983792066574096680e+00,3.330316394567489624e-02
2.894586026668548584e-01,7.792050242424011230e-01,3.907225131988525391e-01
5.210410952568054199e-01,3.385343790054321289e+00,4.900339543819427490e-01
9.761018753051757812e-01,4.371111869812011719e+00,8.370659947395324707e-01
6.793686151504516602e-01,1.299287974834442139e-01,5.534160137176513672e-01
3.636893928050994873e-01,2.529305696487426758e+00,7.583724260330200195e-01
3.453709781169891357e-01,1.764462709426879883e+00,4.597013592720031738e-01
5.937806367874145508e-01,4.633052349090576172e-01,4.282751083374023438e-01
6.991711854934692383e-01,2.921974182128906250e+00,2.455748021602630615e-01
3.524076044559478760e-01,3.276098251342773438e+00,3.282877802848815918e-01
8.179947137832641602e-01,2.407468557357788086e+00,2.723390161991119385e-01
3.991845250129699707e-01,2.588408946990966797e+00,5.308684706687927246e-01
3.950398862361907959e-01,4.052493572235107422e+00,7.929602265357971191e-01
1.509666889905929565e-01,4.713757038116455078e+00,5.783495903015136719e-01
4.141521155834197998e-01,4.360641956329345703e+00,4.570471942424774170e-01
6.887032985687255859e-01,3.709425449371337891e+00,1.037190854549407959e-01
5.317667126655578613e-01,2.651839256286621094e+00,8.279142379760742188e-01
9.762517213821411133e-01,4.238416850566864014e-01,5.718799829483032227e-01
2.860990464687347412e-01,7.695666551589965820e-01,7.126097083091735840e-01
9.060420393943786621e-01,5.714482665061950684e-01,9.538549347780644894e-04
9.475805610418319702e-02,3.434290170669555664e+00,5.279134958982467651e-02
7.026102542877197266e-01,4.434775352478027344e+00,6.683115363121032715e-01
4.328370094299316406e-01,8.106786608695983887e-01,6.685962677001953125e-01
1.566343605518341064e-01,1.207499429583549500e-01,3.241729140281677246e-01
7.911925315856933594e-01,2.491450309753417969e+00,9.912235140800476074e-01
5.025851726531982422e-01,4.241037964820861816e-01,3.429925739765167236e-01
6.378797292709350586e-01,2.858100414276123047e+00,2.026022821664810181e-01
7.774034142494201660e-01,3.836303949356079102e+00,6.985532045364379883e-01
2.859416007995605469e-01,3.623742103576660156e+00,1.464945673942565918e-01
5.946903228759765625e-01,1.099746704101562500e+00,7.145170569419860840e-01
7.290514707565307617e-01,2.311915874481201172e+00,3.137613832950592041e-01
1.516779810190200806e-01,1.946593284606933594e+00,4.004310369491577148e-01
4.830485880374908447e-01,4.500390529632568359e+00,1.509512662887573242e-01
8.043285608291625977e-01,9.864452481269836426e-02,5.927548408508300781e-01
7.380598187446594238e-01,2.640235185623168945e+00,2.881981730461120605e-01
3.160858526825904846e-02,1.182293415069580078e+00,4.910412728786468506e-01
5.163176059722900391e-01,1.404446721076965332e+00,4.016682207584381104e-01
3.769144415855407715e-01,4.584855079650878906e+00,3.717952966690063477e-01
7.939082384109497070e-01,3.085548877716064453e+00,1.763839572668075562e-01
4.050622880458831787e-01,6.836658120155334473e-01,6.168605089187622070e-01
7.375777363777160645e-01,2.005515098571777344e+00,9.225644469261169434e-01
3.668873608112335205e-01,2.433860540390014648e+00,3.829918801784515381e-01
1.249338015913963318e-01,4.650412082672119141e+00,6.504800319671630859e-01
9.686268121004104614e-02,1.771805524826049805e+00,1.191497370600700378e-01
2.978010773658752441e-01,3.869308233261108398e+00,1.820210069417953491e-01
5.829877853393554688e-01,1.912571310997009277e+00,8.762654662132263184e-01
8.372617959976196289e-01,4.616185665130615234e+00,6.821072101593017578e-01
5.850428938865661621e-01,2.677810907363891602e+00,1.651420891284942627e-01
7.669855356216430664e-01,2.668164730072021484e+00,7.752180099487304688e-01
9.151722192764282227e-01,4.537520885467529297e+00,1.915439963340759277e-02
7.725835442543029785e-01,6.183463931083679199e-01,6.091914772987365723e-01
9.187508821487426758e-01,4.589879989624023438e+00,5.642963647842407227e-01
2.575448453426361084e-01,2.446153640747070312e+00,2.697896584868431091e-02
8.475620746612548828e-01,4.874211788177490234e+00,5.156298875808715820e-01
1.901716142892837524e-01,2.414572954177856445e+00,5.150605738162994385e-02
8.037145435810089111e-02,9.357126057147979736e-02,5.772088766098022461e-01
2.714822590351104736e-01,1.407487988471984863e+00,6.543067693710327148e-01
3.642585277557373047e-01,3.210124254226684570e+00,1.087005734443664551e-01
8.892837762832641602e-01,3.587606906890869141e+00,6.921592354774475098e-01
9.820829629898071289e-01,2.579809188842773438e+00,5.931420922279357910e-01
5.744996666908264160e-01,4.765741348266601562e+00,1.421451941132545471e-02
7.039430141448974609e-01,3.090126752853393555e+00,1.221509799361228943e-01
6.492769122123718262e-01,4.342943668365478516e+00,2.155165672302246094e-01
2.896479964256286621e-01,1.573372483253479004e+00,2.393631041049957275e-01
8.359048962593078613e-01,5.927420854568481445e-01,6.522354483604431152e-01
5.217772722244262695e-01,2.635578632354736328e+00,9.665027260780334473e-01
9.808709621429443359e-01,4.870051860809326172e+00,3.290725350379943848e-01
5.950005650520324707e-01,1.495768070220947266e+00,6.917711496353149414e-01
6.668394207954406738e-01,3.989783048629760742e+00,3.449329733848571777e-01
3.573700189590454102e-01,3.248610973358154297e+00,7.093321084976196289e-01
8.006801009178161621e-01,1.596589207649230957e+00,4.541314542293548584e-01
3.369418904185295105e-02,4.252243518829345703e+00,6.430994272232055664e-01
1.543958634138107300e-01,2.596295118331909180e+00,7.613409161567687988e-01
7.988169193267822266e-01,5.781566500663757324e-01,6.008392572402954102e-01
1.564310044050216675e-01,4.327116012573242188e+00,1.666114032268524170e-01
3.047899901866912842e-01,3.554970264434814453e+00,5.474121496081352234e-02
1.754307299852371216e-01,1.521219491958618164e+00,8.981346487998962402e-01
8.428581953048706055e-01,1.477438658475875854e-01,5.449151992797851562e-01
1.421181559562683105e-01,1.565299034118652344e+00,6.391689646989107132e-03
1.433387845754623413e-01,8.112221360206604004e-01,1.001812964677810669e-01
6.571384072303771973e-01,4.431207776069641113e-01,2.267477512359619141e-01
8.181413412094116211e-01,8.468642234802246094e-01,6.335970163345336914e-01
3.191387653350830078e-01,2.319322109222412109e+00,6.787223815917968750e-01
5.784506797790527344e-01,5.654711723327636719e-01,6.056998968124389648e-01
6.584800481796264648e-01,4.962193965911865234e+00,7.979958057403564453e-01
5.971868038177490234e-01,3.085818052291870117e+00,5.156797170639038086e-01
5.467177629470825195e-01,3.225312471389770508e+00,1.476519852876663208e-01
2.240706384181976318e-01,2.152953147888183594e+00,7.345823049545288086e-01
3.686458617448806763e-02,3.688928186893463135e-01,6.799670457839965820e-01
9.622417688369750977e-01,1.188979521393775940e-01,5.942862033843994141e-01
1.379811484366655350e-02,2.768827676773071289e+00,2.556176781654357910e-01
7.050447463989257812e-01,3.798468351364135742e+00,6.733577847480773926e-01
9.439283609390258789e-01,2.315696477890014648e+00,2.125754207372665405e-01
5.795162320137023926e-01,3.277835130691528320e+00,7.902294993400573730e-01
7.232310771942138672e-01,3.965784072875976562e+00,7.512775063514709473e-01
8.546090126037597656e-01,1.367582678794860840e+00,8.662651181221008301e-01
4.836103320121765137e-01,1.828448325395584106e-01,6.915726661682128906e-01
2.703568041324615479e-01,4.826546907424926758e-01,2.271163463592529297e-01
1.206569969654083252e-01,1.782957792282104492e+00,6.851510405540466309e-01
2.555192112922668457e-01,4.394280612468719482e-01,7.154373526573181152e-01
6.505026817321777344e-01,8.978558778762817383e-01,1.096127834171056747e-02
7.820143699645996094e-01,1.366039037704467773e+00,1.880661696195602417e-01
8.327118158340454102e-01,3.356024026870727539e+00,6.028907373547554016e-02
9.946923255920410156e-01,1.760401606559753418e+00,8.372259140014648438e-01
6.906296014785766602e-01,1.501005768775939941e+00,7.718385457992553711e-01
5.827785730361938477e-01,3.816165685653686523e+00,8.020213842391967773e-01
6.980825215578079224e-02,4.657634735107421875e+00,6.711165308952331543e-01
8.820337653160095215e-01,2.571380376815795898e+00,5.077311396598815918e-01
4.600774263963103294e-04,1.566136240959167480e+00,2.643694635480642319e-03
4.731685519218444824e-01,1.179645061492919922e+00,9.457280039787292480e-01
5.091230571269989014e-02,3.608934879302978516e+00,1.201376765966415405e-01
4.300858676433563232e-01,1.275620579719543457e+00,8.223036527633666992e-01
4.067403078079223633e-01,3.151830434799194336e+00,6.834502220153808594e-01
7.383948564529418945e-01,3.385869264602661133e+00,8.462830185890197754e-01
7.228133082389831543e-01,2.842294692993164062e+00,5.800285935401916504e-01
9.939541816711425781e-01,2.301915168762207031e+00,1.349011249840259552e-02
1.376290321350097656e-01,4.581930160522460938e+00,5.822459459304809570e-01
2.318355441093444824e-01,2.538688898086547852e+00,7.753897905349731445e-01
2.242985181510448456e-02,3.551461696624755859e+00,4.955853521823883057e-01
4.899201095104217529e-01,4.215031147003173828e+00,4.317429065704345703e-01
5.303635001182556152e-01,1.702650666236877441e+00,9.512361288070678711e-01
8.190343976020812988e-01,2.830880165100097656e+00,5.985324382781982422e-01
3.918137252330780029e-01,2.481953620910644531e+00,3.411426842212677002e-01
7.386596798896789551e-01,1.592293500900268555e+00,8.924513459205627441e-01
3.027668595314025879e-02,2.048686295747756958e-01,2.885197522118687630e-03
3.532943725585937500e-01,8.404330015182495117e-01,6.964620351791381836e-01
4.743769764900207520e-01,2.659708499908447266e+00,5.048278570175170898e-01
8.305549025535583496e-01,2.038922071456909180e+00,2.124617099761962891e-01
6.057980656623840332e-01,3.521445035934448242e+00,3.005238473415374756e-01
3.272401690483093262e-01,2.764192581176757812e+00,6.134158000349998474e-02
8.823775053024291992e-01,1.153042688965797424e-01,8.973012864589691162e-02
1.542268097400665283e-01,4.287947177886962891e+00,1.899051964282989502e-01
7.216727733612060547e-01,1.263669371604919434e+00,2.306679636240005493e-01
5.852172970771789551e-01,1.739957094192504883e+00,9.750226140022277832e-01
3.003466427326202393e-01,1.045977711677551270e+00,7.265292406082153320e-01
8.745188713073730469e-01,2.757919311523437500e+00,5.359624624252319336e-01
9.357164055109024048e-02,3.329192399978637695e+00,9.167104959487915039e-01
6.461349725723266602e-01,3.135046720504760742e+00,8.775159716606140137e-01
5.077325105667114258e-01,2.665957450866699219e+00,4.751762151718139648e-01
2.668583691120147705e-01,2.795086383819580078e+00,5.268558263778686523e-01
8.012266159057617188e-01,3.025922775268554688e+00,2.311886101961135864e-01
9.740258455276489258e-01,4.796140670776367188e+00,5.000991821289062500e-01
8.848318457603454590e-02,4.187308311462402344e+00,3.929390311241149902e-01
7.572362422943115234e-01,1.650365233421325684e+00,7.689206004142761230e-01
1.287606209516525269e-01,1.856974959373474121e+00,3.920192420482635498e-01
8.829084038734436035e-01,3.481721878051757812e+00,2.828913033008575439e-01
4.691137373447418213e-02,3.726878166198730469e-01,6.723441481590270996e-01
8.669800162315368652e-01,8.181715011596679688e-01,5.135444402694702148e-01
1.561914980411529541e-01,4.943514823913574219e+00,7.239711284637451172e-01
5.079596862196922302e-02,1.592144072055816650e-01,7.351586222648620605e-01
8.513914346694946289e-01,2.385021299123764038e-01,5.790190100669860840e-01
7.363936901092529297e-01,4.715167045593261719e+00,3.201665282249450684e-01
6.405663490295410156e-01,5.840413570404052734e-01,1.807526051998138428e-01
9.355755448341369629e-01,1.601008772850036621e+00,5.048496127128601074e-01
7.736219763755798340e-01,2.204010635614395142e-01,6.111216545104980469e-01
4.856221675872802734e-01,4.916272640228271484e+00,6.907586455345153809e-01
9.847639203071594238e-01,9.844769835472106934e-01,6.608541607856750488e-01
4.819405674934387207e-01,4.950241088867187500e+00,4.205245375633239746e-01
9.261143207550048828e-02,3.513167858123779297e+00,4.417780339717864990e-01
3.599919378757476807e-01,4.561193943023681641e+00,8.655231446027755737e-02
3.410412371158599854e-01,4.247160911560058594e+00,2.082923501729965210e-01
6.974633932113647461e-01,3.700266599655151367e+00,6.106131076812744141e-01
9.741050601005554199e-01,3.628556728363037109e-01,2.406671345233917236e-01
9.891800880432128906e-01,4.423234462738037109e+00,5.880551338195800781e-01
7.546830773353576660e-01,2.961086988449096680e+00,8.610253334045410156e-01
2.055297195911407471e-01,3.551130056381225586e+00,8.277360796928405762e-01
3.135121464729309082e-01,2.679288864135742188e+00,1.733425557613372803e-01
6.968408077955245972e-02,3.875876069068908691e-01,1.917707771062850952e-01
4.434239268302917480e-01,1.564664691686630249e-01,2.484500110149383545e-01
1.924421787261962891e-01,4.650505065917968750e+00,2.497677206993103027e-01
8.226628899574279785e-01,2.271142721176147461e+00,7.012606263160705566e-01
1.123522780835628510e-02,9.241010546684265137e-01,1.433961540460586548e-01
9.680280089378356934e-01,4.575563430786132812e+00,7.854071259498596191e-01
5.686236023902893066e-01,3.059470653533935547e-01,9.209567308425903320e-01
1.580245494842529297e-01,4.760121822357177734e+00,2.502715587615966797e-01
1.888920962810516357e-01,3.637557029724121094e+00,7.873569726943969727e-01
7.967743277549743652e-01,4.956422805786132812e+00,8.422859907150268555e-01
3.002793788909912109e-01,4.421022415161132812e+00,5.504879355430603027e-01
9.980333447456359863e-01,1.804306507110595703e+00,8.839126825332641602e-01
1.515471488237380981e-01,3.303001880645751953e+00,8.519683480262756348e-01
7.189173698425292969e-01,2.877342224121093750e+00,1.468039304018020630e-01
1.161779314279556274e-01,2.946015596389770508e+00,6.354234218597412109e-01
2.205785959959030151e-01,3.657023668289184570e+00,7.163836359977722168e-01
9.696834087371826172e-01,3.880095481872558594e+00,5.474330186843872070e-01
5.509632229804992676e-01,3.587712347507476807e-01,1.626014411449432373e-01
4.391078352928161621e-01,3.901753425598144531e+00,7.619653940200805664e-01
3.628559708595275879e-01,2.634419679641723633e+00,1.298236101865768433e-01
4.369668960571289062e-01,6.469286680221557617e-01,4.905161261558532715e-01
9.895181059837341309e-01,1.215689301490783691e+00,9.711104035377502441e-01
2.858982384204864502e-01,2.912194728851318359e+00,5.400492548942565918e-01
8.938611745834350586e-01,4.290176391601562500e+00,2.526848316192626953e-01
2.348458170890808105e-01,4.097773551940917969e+00,6.066502332687377930e-01
5.067679286003112793e-02,2.144291400909423828e+00,1.399354338645935059e-01
4.689223468303680420e-01,3.424164295196533203e+00,1.164586022496223450e-01
3.614460527896881104e-01,3.185966014862060547e+00,8.179978728294372559e-01
9.813549518585205078e-01,5.688642263412475586e-01,5.369947552680969238e-01
8.485376834869384766e-01,4.593019962310791016e+00,3.866494596004486084e-01
3.866820335388183594e-01,3.590771675109863281e+00,7.599333524703979492e-01
3.511255979537963867e-02,2.046854019165039062e+00,7.306800484657287598e-01
9.086735844612121582e-01,6.440479159355163574e-01,1.946981400251388550e-01
5.800045132637023926e-01,6.824603080749511719e-01,5.816243886947631836e-01
4.399410188198089600e-01,4.412971496582031250e+00,6.996664404869079590e-01
2.126367688179016113e-01,2.381321907043457031e+00,7.140179276466369629e-01
4.608216583728790283e-01,1.732386708259582520e+00,8.942470550537109375e-01
1.288999766111373901e-01,4.224131107330322266e+00,2.571042180061340332e-01
8.866717219352722168e-01,4.152419567108154297e+00,1.850284785032272339e-01
5.549604296684265137e-01,3.828420639038085938e+00,7.193785309791564941e-01
2.412548363208770752e-01,4.750393867492675781e+00,2.273447215557098389e-01
6.361429691314697266e-01,1.267584681510925293e+00,1.093347445130348206e-01
7.425794601440429688e-01,7.561054825782775879e-01,2.858742475509643555e-01
7.011014819145202637e-01,3.704043626785278320e+00,1.223841458559036255e-01
5.564237758517265320e-02,3.715250968933105469e+00,5.128599405288696289e-01
5.396212339401245117e-01,1.960232138633728027e+00,2.189068049192428589e-01
9.351412057876586914e-01,2.622136116027832031e+00,9.078766107559204102e-01
3.005894720554351807e-01,5.543428659439086914e-01,2.586392164230346680e-01
3.392932415008544922e-01,4.368892192840576172e+00,2.625108510255813599e-02
6.479808688163757324e-01,3.413286447525024414e+00,5.181903243064880371e-01
4.967870712280273438e-01,3.933575451374053955e-01,6.790733337402343750e-01
6.204328536987304688e-01,4.867754936218261719e+00,2.739733457565307617e-01
3.362003564834594727e-01,1.094258427619934082e+00,8.406935930252075195e-01
8.448159694671630859e-01,5.447061657905578613e-01,2.342968285083770752e-01
9.307285547256469727e-01,1.598066806793212891e+00,3.483478426933288574e-01
8.377175927162170410e-01,1.264574646949768066e+00,2.683011591434478760e-01
9.931063652038574219e-02,4.547993659973144531e+00,3.216929733753204346e-01
6.785625219345092773e-01,5.629008412361145020e-01,1.608010977506637573e-01
2.568096518516540527e-01,2.259638786315917969e+00,7.751309275627136230e-01
9.480253458023071289e-01,3.318016290664672852e+00,3.163375556468963623e-01
9.333927882835268974e-04,1.699211001396179199e+00,2.502062320709228516e-01
8.266947269439697266e-01,1.514853477478027344e+00,9.408821910619735718e-02
2.696231901645660400e-01,4.277626037597656250e+00,5.721930861473083496e-01
6.704053282737731934e-02,2.605896472930908203e+00,7.147369980812072754e-01
2.652733623981475830e-01,4.643758773803710938e+00,6.102108955383300781e-01
5.075540021061897278e-02,3.759697675704956055e+00,7.474796175956726074e-01
7.843416333198547363e-01,3.652343034744262695e+00,8.042394518852233887e-01
1.782507598400115967e-01,4.370721817016601562e+00,8.495000600814819336e-01
7.963939309120178223e-01,2.986001014709472656e+00,5.264393240213394165e-02
7.233743071556091309e-01,1.715848565101623535e+00,8.952132463455200195e-01
8.587933778762817383e-01,2.854176998138427734e+00,9.616656601428985596e-02
5.284778475761413574e-01,1.775859236717224121e+00,2.809968590736389160e-01
9.284410476684570312e-01,3.738227128982543945e+00,6.930539608001708984e-01
8.989718556404113770e-01,2.917342185974121094e-01,8.919717669486999512e-01
8.644955158233642578e-01,3.449151039123535156e+00,2.620512247085571289e-01
4.032539129257202148e-01,2.896043062210083008e+00,2.619006633758544922e-01
7.274722456932067871e-01,4.871803760528564453e+00,5.030990839004516602e-01
3.737267255783081055e-01,6.971932649612426758e-01,5.884758830070495605e-01
5.107324570417404175e-02,2.793461799621582031e+00,9.054825901985168457e-01
2.248112410306930542e-01,3.530774593353271484e+00,7.503604292869567871e-01
1.182161569595336914e-01,7.405598759651184082e-01,5.358428955078125000e-01
6.634678244590759277e-01,2.295989036560058594e+00,6.095901727676391602e-01
3.369488418102264404e-01,4.219395637512207031e+00,9.848974347114562988e-01
5.949786305427551270e-02,4.126663506031036377e-01,4.111756682395935059e-01
4.366958737373352051e-01,2.948186159133911133e+00,9.133206009864807129e-01
2.176457494497299194e-01,3.453548192977905273e+00,7.331168055534362793e-01
6.516610383987426758e-01,1.290178060531616211e+00,2.093907631933689117e-02
3.742594420909881592e-01,7.895728349685668945e-01,4.719145596027374268e-01
4.376175403594970703e-01,4.225050210952758789e-01,8.854871392250061035e-01
7.620791792869567871e-01,4.817183494567871094e+00,6.023419499397277832e-01
4.380782246589660645e-01,2.742595672607421875e+00,9.991412758827209473e-01
8.519849777221679688e-01,2.121792316436767578e+00,1.696824282407760620e-01
7.598100900650024414e-01,2.328914403915405273e+00,9.891624450683593750e-01
7.904439568519592285e-01,4.778218269348144531e+00,1.352252811193466187e-01
4.188773334026336670e-01,4.392529010772705078e+00,9.139704108238220215e-01
4.592227041721343994e-01,1.542797565460205078e+00,8.867868781089782715e-01
1.690355241298675537e-01,7.690296173095703125e-01,4.274680614471435547e-01
7.987626791000366211e-01,1.117062449455261230e+00,9.001947939395904541e-02
8.840769529342651367e-01,4.186304569244384766e+00,2.865862250328063965e-01
6.749871969223022461e-01,4.030490398406982422e+00,8.903025984764099121e-01
4.265467822551727295e-01,5.597589612007141113e-01,4.633813500404357910e-01
5.645377039909362793e-01,2.125166893005371094e+00,7.264001965522766113e-01
1.680875867605209351e-01,7.565103173255920410e-01,1.244000419974327087e-01
9.784535169601440430e-01,2.301538705825805664e+00,1.393027603626251221e-01
3.837246894836425781e-01,4.601137161254882812e+00,9.785456955432891846e-02
8.474029302597045898e-01,5.872549414634704590e-01,4.202322959899902344e-01
7.750726342201232910e-01,2.020672082901000977e+00,9.875839948654174805e-02
1.577243208885192871e-01,3.078933477401733398e+00,3.795393705368041992e-01
6.042910814285278320e-01,1.404247760772705078e+00,4.508837461471557617e-01
2.845441102981567383e-01,3.119038820266723633e+00,4.423657655715942383e-01
9.419153928756713867e-01,3.038662672042846680e+00,8.017702102661132812e-01
2.905108034610748291e-01,4.779177904129028320e-01,3.024380803108215332e-01
3.331457674503326416e-01,4.355647087097167969e+00,9.524194002151489258e-01
8.821375966072082520e-01,4.887446880340576172e+00,6.764662861824035645e-01
3.647657856345176697e-02,3.608599185943603516e+00,5.702204108238220215e-01
6.782217025756835938e-01,4.959199428558349609e+00,8.140788078308105469e-01
9.122970700263977051e-01,2.000446796417236328e+00,2.904754877090454102e-01
2.992508411407470703e-01,3.683137416839599609e+00,5.844874382019042969e-01
8.652407526969909668e-01,1.880864381790161133e+00,7.130071520805358887e-01
8.448981046676635742e-01,1.514520525932312012e+00,5.564509034156799316e-01
7.784499973058700562e-02,3.466185569763183594e+00,1.794769763946533203e-01
3.535382151603698730e-01,4.505980491638183594e+00,8.455058932304382324e-02
8.529236316680908203e-01,2.680268764495849609e+00,5.007315278053283691e-01
3.472883999347686768e-01,8.055898547172546387e-01,6.761541217565536499e-02
6.922422647476196289e-01,1.024710893630981445e+00,8.478926122188568115e-02
6.839667558670043945e-01,3.960267782211303711e+00,9.430776238441467285e-01
3.555786311626434326e-01,2.018784046173095703e+00,4.704141020774841309e-01
8.595814108848571777e-01,2.817692756652832031e+00,5.653900094330310822e-03
4.208421707153320312e-01,3.628479689359664917e-02,8.708541840314865112e-02
8.242520689964294434e-01,2.440583944320678711e+00,6.715010404586791992e-01
7.597670555114746094e-01,2.796765804290771484e+00,7.659090161323547363e-01
6.183511614799499512e-01,3.012434959411621094e+00,5.143177509307861328e-01
9.900894761085510254e-01,4.229720592498779297e+00,1.437368541955947876e-01
7.003217339515686035e-01,4.773757457733154297e+00,2.008337229490280151e-01
5.420719385147094727e-01,1.269447565078735352e+00,5.613594055175781250e-01
4.033150672912597656e-01,1.579449295997619629e+00,5.597046613693237305e-01
5.423896312713623047e-01,3.495104789733886719e+00,2.179009169340133667e-01
1.078014075756072998e-01,4.368361473083496094e+00,1.227590665221214294e-01
3.994011580944061279e-01,3.188925981521606445e+00,8.235253691673278809e-01
2.718990743160247803e-01,1.687003493309020996e+00,7.041155695915222168e-01
3.582978844642639160e-01,3.065218925476074219e+00,3.118717074394226074e-01
4.738224148750305176e-01,1.340776085853576660e-01,4.276069402694702148e-01
6.379323005676269531e-01,3.691703796386718750e+00,9.659357666969299316e-01
2.815092504024505615e-01,4.637791156768798828e+00,7.883285880088806152e-01
6.704463958740234375e-01,8.718931674957275391e-01,6.193256974220275879e-01
3.858477473258972168e-01,4.495933532714843750e+00,3.425786197185516357e-01
8.600323796272277832e-01,4.233238697052001953e+00,5.472218394279479980e-01
8.197105675935745239e-02,3.138622283935546875e+00,6.846566200256347656e-01
1.323070079088211060e-01,8.890473842620849609e-02,5.933989286422729492e-01
8.953987956047058105e-01,7.110489010810852051e-01,6.593475341796875000e-01
3.213570713996887207e-01,1.460977315902709961e+00,3.726225793361663818e-01
3.559367060661315918e-01,2.515554666519165039e+00,8.273390531539916992e-01
1.525569856166839600e-01,1.778725028038024902e+00,4.232597351074218750e-01
8.405115604400634766e-01,2.256846666336059570e+00,3.593688309192657471e-01
4.466200470924377441e-01,1.403425335884094238e+00,8.538898825645446777e-01
4.555580615997314453e-01,3.963888406753540039e+00,7.229153513908386230e-01
7.621297240257263184e-01,2.852571010589599609e+00,8.457253575325012207e-01
5.969470739364624023e-01,4.828401565551757812e+00,1.354980748146772385e-02
6.988063454627990723e-01,3.165553808212280273e+00,8.720107078552246094e-01
6.217082142829895020e-01,1.253663659095764160e+00,6.006575748324394226e-02
2.301240414381027222e-01,3.565919876098632812e+00,7.420111894607543945e-01
3.938645124435424805e-01,3.431514739990234375e+00,8.654150366783142090e-01
5.110627412796020508e-01,3.113758802413940430e+00,7.812553644180297852e-01
4.559240937232971191e-01,1.530242562294006348e+00,8.391994833946228027e-01
2.491970509290695190e-01,2.934217751026153564e-01,1.043160334229469299e-01
1.523673813790082932e-02,2.077410697937011719e+00,4.652223587036132812e-01
6.825504899024963379e-01,3.332557916641235352e+00,6.236533522605895996e-01
6.317521333694458008e-01,2.691727876663208008e+00,5.089558959007263184e-01
3.986333310604095459e-02,1.544458746910095215e+00,9.789862632751464844e-01
3.748505711555480957e-01,2.440115451812744141e+00,9.475910067558288574e-01
1.676878929138183594e-01,2.636915683746337891e+00,1.542290896177291870e-01
5.499314069747924805e-01,1.100094318389892578e+00,8.228170871734619141e-01
5.105715990066528320e-01,1.161118865013122559e+00,9.338786005973815918e-01
7.447019219398498535e-01,3.505960941314697266e+00,6.721510887145996094e-01
9.325207471847534180e-01,4.613608360290527344e+00,6.974145174026489258e-01
7.541674375534057617e-01,2.273360013961791992e+00,5.669465661048889160e-01
9.102098941802978516e-01,4.489933967590332031e+00,2.569445073604583740e-01
5.836956501007080078e-01,2.766892910003662109e+00,8.990051746368408203e-01
8.985642790794372559e-01,3.063838958740234375e+00,7.608567476272583008e-01
6.385181546211242676e-01,2.508796691894531250e+00,7.336637973785400391e-01
9.262453913688659668e-01,4.244771003723144531e+00,7.772563099861145020e-01
2.476060688495635986e-01,4.070300579071044922e+00,1.065868139266967773e-01
5.227384567260742188e-01,1.312271952629089355e+00,5.962168574333190918e-01
7.326272726058959961e-01,2.473831415176391602e+00,3.591756522655487061e-01
6.310783624649047852e-01,2.558739185333251953e-01,2.782772183418273926e-01
8.989870548248291016e-01,7.884149551391601562e-01,4.621496200561523438e-01
4.707342386245727539e-01,2.526627540588378906e+00,1.839270144701004028e-01
9.762654304504394531e-01,6.573586463928222656e-01,4.676504135131835938e-01
1.510876864194869995e-01,2.087064981460571289e+00,1.869003027677536011e-01
9.054743647575378418e-01,4.625078201293945312e+00,3.858566582202911377e-01
9.956960678100585938e-01,3.685577630996704102e+00,8.219522237777709961e-01
8.483917713165283203e-01,4.538376331329345703e-01,6.013931632041931152e-01
3.268407881259918213e-01,3.031661033630371094e+00,9.966627955436706543e-01
7.534683346748352051e-01,1.283324480056762695e+00,7.103288918733596802e-02
5.036417245864868164e-01,8.891265988349914551e-01,1.262112110853195190e-01
9.900425672531127930e-01,1.716385483741760254e+00,7.862452268600463867e-01
6.479566097259521484e-01,1.153043150901794434e+00,3.292537033557891846e-01
6.569841504096984863e-01,1.738032102584838867e+00,8.202906250953674316e-01
6.766380071640014648e-01,1.784241080284118652e+00,8.969222307205200195e-01
5.746811628341674805e-02,4.927159786224365234e+00,9.113233089447021484e-01
5.734836459159851074e-01,9.572965502738952637e-01,8.486019819974899292e-02
1.294208467006683350e-01,5.114802718162536621e-01,9.883327484130859375e-01
4.675977230072021484e-01,3.424063920974731445e-01,8.651445060968399048e-02
2.115703523159027100e-01,3.821755409240722656e+00,7.860265970230102539e-01
7.635424286127090454e-02,3.063044548034667969e+00,4.253633022308349609e-01
4.880148172378540039e-01,3.615295648574829102e+00,8.176571130752563477e-01
8.829317688941955566e-01,1.419563442468643188e-01,4.799944758415222168e-01
1.207460388541221619e-01,4.483343124389648438e+00,7.465673685073852539e-01
6.760907769203186035e-01,2.735045671463012695e+00,2.668764293193817139e-01
5.686684846878051758e-01,2.500888347625732422e+00,8.312049508094787598e-01
6.736608743667602539e-01,1.021751999855041504e+00,5.637736320495605469e-01
7.128834724426269531e-01,1.938168406486511230e+00,5.800905227661132812e-01
8.129725456237792969e-01,5.363624691963195801e-01,9.746917486190795898e-01
7.123548984527587891e-01,3.388075113296508789e+00,1.209068298339843750e-01
8.438278436660766602e-01,1.560891032218933105e+00,2.778061628341674805e-01
2.039535939693450928e-01,3.175864219665527344e+00,8.192101120948791504e-01
4.635699093341827393e-03,6.134372353553771973e-01,6.092049479484558105e-01
7.297202944755554199e-01,9.096791744232177734e-01,5.232959985733032227e-01
4.364623427391052246e-01,4.951740264892578125e+00,6.562044620513916016e-01
2.896567285060882568e-01,2.262572526931762695e+00,3.550845384597778320e-01
9.364304542541503906e-01,3.846322000026702881e-01,1.411550343036651611e-01
3.166191279888153076e-01,8.407557010650634766e-01,7.800184935331344604e-02
6.638326644897460938e-01,9.133208394050598145e-01,5.448159575462341309e-01
9.013961553573608398e-01,1.883841991424560547e+00,3.941020071506500244e-01
7.886738181114196777e-01,1.096207380294799805e+00,6.460738927125930786e-02
4.047323465347290039e-01,4.396212577819824219e+00,9.338660836219787598e-01
2.169044017791748047e-01,4.644916057586669922e+00,1.839275211095809937e-01
8.346278071403503418e-01,2.229461446404457092e-02,2.354530841112136841e-01
4.671374857425689697e-01,3.359026432037353516e+00,7.654331922531127930e-01
5.486719608306884766e-01,3.651334047317504883e+00,5.986365303397178650e-02
4.894498288631439209e-01,1.258666038513183594e+00,5.552052259445190430e-01
2.951535880565643311e-01,8.091099262237548828e-01,7.627741098403930664e-01
7.899906039237976074e-01,1.645177841186523438e+00,9.157207608222961426e-01
4.860671758651733398e-01,4.222570955753326416e-01,7.909555435180664062e-01
8.244515955448150635e-02,1.364176124334335327e-01,5.616201162338256836e-01
2.994998097419738770e-01,1.728968143463134766e+00,4.576199352741241455e-01
3.607679605484008789e-01,2.757875204086303711e+00,1.100514903664588928e-01
2.694439888000488281e-01,1.176702305674552917e-01,2.971615791320800781e-01
2.560221254825592041e-01,4.050899028778076172e+00,5.083804726600646973e-01
7.280176877975463867e-01,3.877850294113159180e+00,5.599808096885681152e-01
4.156424403190612793e-01,3.847019195556640625e+00,1.467907577753067017e-01
5.104458928108215332e-01,8.461745828390121460e-02,2.672327756881713867e-01
9.911374449729919434e-01,1.961937665939331055e+00,9.472365975379943848e-01
3.564737439155578613e-01,3.116793870925903320e+00,4.514488279819488525e-01
2.867246977984905243e-02,1.304955482482910156e+00,2.801499962806701660e-01
8.536635637283325195e-01,2.300053119659423828e+00,7.380895018577575684e-01
3.989774584770202637e-01,4.627404212951660156e+00,6.461442708969116211e-01
9.805952906608581543e-01,4.526866436004638672e+00,7.952058315277099609e-01
6.054600477218627930e-01,2.917838811874389648e+00,2.429216951131820679e-01
7.014874368906021118e-02,2.989472389221191406e+00,4.744845330715179443e-01
3.527680337429046631e-01,1.909416556358337402e+00,5.078266859054565430e-01
7.067360877990722656e-01,4.961509704589843750e+00,7.792300581932067871e-01
8.413645625114440918e-01,2.523418188095092773e+00,4.333123266696929932e-01
1.333315968513488770e-01,4.128817081451416016e+00,1.458312124013900757e-01
9.755854010581970215e-01,5.504940748214721680e-01,4.343647360801696777e-01
7.228859066963195801e-01,1.447222232818603516e+00,8.774243295192718506e-02
7.161878943443298340e-01,3.837207257747650146e-01,2.924320995807647705e-01
5.256363153457641602e-01,3.598927021026611328e+00,8.324190378189086914e-01
6.242932677268981934e-01,2.066887617111206055e+00,3.356346487998962402e-01
3.364239335060119629e-01,3.578109145164489746e-01,7.407790422439575195e-01
9.136222004890441895e-01,1.356200128793716431e-01,1.924865692853927612e-02
9.053984284400939941e-01,2.170325756072998047e+00,3.461930155754089355e-01
8.025919198989868164e-01,8.337754607200622559e-01,3.001852333545684814e-01
3.567783534526824951e-01,2.548362016677856445e+00,6.047347187995910645e-02
8.080923557281494141e-01,4.916248798370361328e+00,6.251687407493591309e-01
7.663847208023071289e-01,3.274633884429931641e-01,8.233674168586730957e-01
6.502922177314758301e-01,4.546422481536865234e+00,1.785344034433364868e-01
9.339482784271240234e-01,2.894990682601928711e+00,5.137909054756164551e-01
7.547848224639892578e-01,3.604526519775390625e+00,8.931885361671447754e-01
3.640218973159790039e-01,2.602228879928588867e+00,9.361086487770080566e-01
4.001819193363189697e-01,3.239070653915405273e+00,1.312596797943115234e-01
7.414456605911254883e-01,4.805791676044464111e-01,6.556643247604370117e-01
9.736865162849426270e-01,2.427493333816528320e+00,3.512398600578308105e-01
6.447461247444152832e-01,3.079932212829589844e+00,5.375119671225547791e-02
3.063805401325225830e-01,4.332036495208740234e+00,9.385920763015747070e-01
1.098651159554719925e-02,6.696645021438598633e-01,6.796640753746032715e-01
3.821845054626464844e-01,3.228417873382568359e+00,3.039865754544734955e-03
3.074506819248199463e-01,9.718386530876159668e-01,7.443825602531433105e-01
4.627591371536254883e-01,4.306674003601074219e+00,4.998272359371185303e-01
1.180950999259948730e-01,4.086768150329589844e+00,8.853138089179992676e-01
9.961176514625549316e-01,2.156522750854492188e+00,5.023945569992065430e-01
8.083018064498901367e-01,4.401355266571044922e+00,4.698382019996643066e-01
2.938653230667114258e-01,1.457016229629516602e+00,2.161839008331298828e-01
9.428278803825378418e-01,2.009335756301879883e+00,2.516005933284759521e-01
7.409901022911071777e-01,1.430851459503173828e+00,4.992446303367614746e-01
7.970281243324279785e-01,9.715823531150817871e-01,7.224115133285522461e-01
9.950436949729919434e-01,4.143589973449707031e+00,5.239964723587036133e-01
6.427104473114013672e-01,4.515721321105957031e+00,1.546478420495986938e-01
4.143340885639190674e-01,3.312119722366333008e+00,3.883424103260040283e-01
2.601675391197204590e-01,9.489926695823669434e-01,5.008564591407775879e-01
6.758075356483459473e-01,2.937647581100463867e+00,8.754529953002929688e-01
5.843895673751831055e-01,2.980893611907958984e+00,5.538621544837951660e-01
8.959034085273742676e-01,1.404462218284606934e+00,2.402600273489952087e-02
9.344912171363830566e-01,3.661405563354492188e+00,6.362314820289611816e-01
3.852806687355041504e-01,2.243028879165649414e+00,3.249942958354949951e-01
8.801025748252868652e-01,4.165407657623291016e+00,6.015895605087280273e-01
6.510728597640991211e-01,2.045247077941894531e+00,2.729521989822387695e-01
4.775272607803344727e-01,1.439644217491149902e+00,5.762421488761901855e-01
2.631892859935760498e-01,6.130653619766235352e-01,6.693978309631347656e-01
3.902328759431838989e-02,6.368927955627441406e-01,3.523484617471694946e-02
7.995389103889465332e-01,2.727346658706665039e+00,5.282838940620422363e-01
9.991897940635681152e-01,2.704826593399047852e+00,2.767536640167236328e-01
7.588707804679870605e-01,4.334904670715332031e+00,7.198537588119506836e-01
6.425040960311889648e-01,2.825773715972900391e+00,7.944661378860473633e-01
5.410093665122985840e-01,1.335350275039672852e+00,4.232667684555053711e-01
8.325306773185729980e-01,1.159627199172973633e+00,3.202282786369323730e-01
9.926034212112426758e-01,2.676974773406982422e+00,2.666903436183929443e-01
2.601978778839111328e-01,1.520013689994812012e+00,4.638333618640899658e-01
1.455606669187545776e-01,2.040292978286743164e+00,8.822008967399597168e-01
2.046760320663452148e-01,4.179211139678955078e+00,7.287756204605102539e-01
9.040300250053405762e-01,4.203305721282958984e+00,5.364030003547668457e-01
9.133333563804626465e-01,2.756489753723144531e+00,5.793706774711608887e-01
2.193272858858108521e-02,4.428226947784423828e+00,9.244223833084106445e-01
2.566819190979003906e-01,2.958929240703582764e-01,2.578823827207088470e-03
4.048090577125549316e-01,3.162832021713256836e+00,8.322125673294067383e-01
6.358950138092041016e-01,3.427287578582763672e+00,5.469694733619689941e-02
6.663588881492614746e-01,1.940022110939025879e-01,9.321566820144653320e-01
4.626609385013580322e-01,1.254318118095397949e+00,9.111892580986022949e-01
9.740889072418212891e-01,4.897320866584777832e-01,6.979075670242309570e-01
8.013060092926025391e-01,1.369020342826843262e+00,2.599231302738189697e-01
2.465101331472396851e-01,6.154356002807617188e-01,9.913297742605209351e-02
6.608575582504272461e-01,6.874628663063049316e-01,2.671866491436958313e-02
5.012596398591995239e-02,1.283761262893676758e+00,5.576405525207519531e-01
3.332885801792144775e-01,9.360445737838745117e-01,9.700426459312438965e-02
3.896154463291168213e-01,4.643481254577636719e+00,5.584467649459838867e-01
1.714331209659576416e-01,4.144861698150634766e+00,3.826507553458213806e-02
7.668451666831970215e-01,2.966003417968750000e+00,3.612348139286041260e-01
2.976329922676086426e-01,4.988196372985839844e+00,3.257459104061126709e-01
9.988167881965637207e-02,4.002785205841064453e+00,1.019855216145515442e-01
5.980541706085205078e-01,7.229302525520324707e-01,4.369530975818634033e-01
2.728638947010040283e-01,4.991106033325195312e+00,5.267759561538696289e-01
2.374685853719711304e-01,4.600614070892333984e+00,2.945938408374786377e-01
6.542458534240722656e-01,2.543608844280242920e-01,9.603856503963470459e-02
4.841434955596923828e-01,1.514823794364929199e+00,6.975723803043365479e-02
3.918412029743194580e-01,4.714450359344482422e+00,8.798092603683471680e-01
9.951806664466857910e-01,1.178479194641113281e+00,9.754837751388549805e-01
9.348800778388977051e-01,3.690822601318359375e+00,4.424778819084167480e-01
2.741344273090362549e-01,1.025535821914672852e+00,4.181680381298065186e-01
3.871553838253021240e-01,2.816327571868896484e+00,2.634440362453460693e-01
2.654645740985870361e-01,7.426570653915405273e-01,6.174727082252502441e-01
7.188982963562011719e-01,2.383196055889129639e-01,7.020125985145568848e-01
9.891065359115600586e-01,1.644361615180969238e+00,5.377302765846252441e-01
6.747774481773376465e-01,1.164497256278991699e+00,9.066236019134521484e-01
2.678053081035614014e-01,7.827607989311218262e-01,1.497537642717361450e-01
2.125288099050521851e-01,3.134224176406860352e+00,8.539443612098693848e-01
9.653965830802917480e-01,1.043176293373107910e+00,2.529439330101013184e-01
9.755154848098754883e-01,4.809817314147949219e+00,1.922921277582645416e-02
7.706063985824584961e-01,1.272186160087585449e+00,4.375432133674621582e-01
6.663249135017395020e-01,7.115128040313720703e-01,5.831580162048339844e-01
7.194451689720153809e-01,2.518196105957031250e+00,2.550691366195678711e-01
6.275421977043151855e-01,2.159855604171752930e+00,3.488518297672271729e-01
5.121020674705505371e-01,4.338476657867431641e+00,3.643993437290191650e-01
4.888071119785308838e-02,1.333150118589401245e-01,6.542782783508300781e-01
7.846958637237548828e-01,4.858001232147216797e+00,6.010028719902038574e-01
3.023596704006195068e-01,3.846505880355834961e+00,3.812133073806762695e-01
2.973150312900543213e-01,4.261358261108398438e+00,2.217152416706085205e-01
9.540333747863769531e-01,2.309864163398742676e-01,2.934286892414093018e-01
5.316931754350662231e-02,7.898344397544860840e-01,2.252826839685440063e-01
5.116060972213745117e-01,3.836510658264160156e+00,8.517491817474365234e-01
9.252431392669677734e-01,2.358418226242065430e+00,7.449051737785339355e-02
9.894989728927612305e-01,1.175379991531372070e+00,5.964616537094116211e-01
2.977780401706695557e-01,3.058525085449218750e+00,1.665640920400619507e-01
8.313124775886535645e-01,4.167477607727050781e+00,7.225336432456970215e-01
3.688844740390777588e-01,2.372997999191284180e+00,3.588437438011169434e-01
9.874395728111267090e-01,1.743712544441223145e+00,3.494307696819305420e-01
3.467796742916107178e-02,8.342337608337402344e-02,6.301866173744201660e-01
8.837478607892990112e-02,7.662374973297119141e-01,8.068912029266357422e-01
2.617853283882141113e-01,8.105272054672241211e-01,8.892631530761718750e-01
4.044032841920852661e-02,2.390758275985717773e+00,9.619572162628173828e-01
4.212585091590881348e-01,3.162858963012695312e+00,8.020333051681518555e-01
6.234173178672790527e-01,3.365051448345184326e-01,1.708326935768127441e-01
4.589172005653381348e-01,6.506919264793395996e-01,6.642301082611083984e-01
1.814511232078075409e-02,4.812710583209991455e-01,4.045839905738830566e-01
2.832857072353363037e-01,1.412114977836608887e+00,1.659133136272430420e-01
4.066204726696014404e-01,2.643768310546875000e+00,3.972938954830169678e-01
5.057568550109863281e-01,3.894683361053466797e+00,9.081131219863891602e-01
9.265214800834655762e-01,1.232115149497985840e+00,8.716951608657836914e-01
8.947937488555908203e-01,2.669147729873657227e+00,7.908467054367065430e-01
3.167434334754943848e-01,6.086259484291076660e-01,7.071442008018493652e-01
2.626161873340606689e-01,1.684797048568725586e+00,9.946575164794921875e-01
1.604778766632080078e-01,2.681665897369384766e+00,3.818229436874389648e-01
2.923273742198944092e-01,1.036213397979736328e+00,8.550726622343063354e-02
3.655312955379486084e-01,3.655379295349121094e+00,1.558683365583419800e-01
4.235883653163909912e-01,4.721080303192138672e+00,7.213521599769592285e-01
3.028448522090911865e-01,9.884575605392456055e-01,4.749742746353149414e-01
3.719766736030578613e-01,4.484158039093017578e+00,9.418024420738220215e-01
7.594133019447326660e-01,1.979493975639343262e+00,3.464396595954895020e-01
2.533111572265625000e-01,1.738634347915649414e+00,6.048169732093811035e-01
5.116043686866760254e-01,3.360635280609130859e+00,6.077977418899536133e-01
8.575133085250854492e-01,1.705909252166748047e+00,3.094628751277923584e-01
8.663786649703979492e-01,8.602305054664611816e-01,6.023496389389038086e-02
2.100624293088912964e-01,1.930836558341979980e+00,1.438155621290206909e-01
4.268741980195045471e-02,4.854407310485839844e+00,8.199334740638732910e-01
4.262896776199340820e-01,4.524796009063720703e+00,3.243324756622314453e-01
6.432054638862609863e-01,4.159934520721435547e+00,1.244372278451919556e-01
9.534189105033874512e-01,3.439251661300659180e+00,5.872305631637573242e-01
5.047364234924316406e-01,4.751658439636230469e+00,1.232397183775901794e-02
1.877990514039993286e-01,2.724277257919311523e+00,1.137699559330940247e-01
1.093284226953983307e-02,2.602351307868957520e-01,9.822613000869750977e-01
2.094659954309463501e-01,3.468164443969726562e+00,6.601363420486450195e-01
9.760712981224060059e-01,4.057979583740234375e+00,6.401632428169250488e-01
6.222110986709594727e-01,3.569542169570922852e+00,7.328711152076721191e-01
3.032032549381256104e-01,4.736532211303710938e+00,6.833329796791076660e-01
1.981744021177291870e-01,2.705193519592285156e+00,8.920893073081970215e-01
6.332809329032897949e-01,2.865310907363891602e+00,1.832586526870727539e-01
7.661725282669067383e-01,2.496164798736572266e+00,7.144658565521240234e-01
1.571774929761886597e-01,4.730680465698242188e+00,8.356614708900451660e-01
1.219147369265556335e-01,1.892581582069396973e-02,5.813716650009155273e-01
4.383980929851531982e-01,2.734971284866333008e+00,1.311759501695632935e-01
2.911031246185302734e-01,7.865467071533203125e-01,7.123355269432067871e-01
1.603107154369354248e-01,1.346305727958679199e+00,5.597493648529052734e-01
1.434919983148574829e-01,2.340947866439819336e+00,5.889102220535278320e-01
4.779493212699890137e-01,2.391867637634277344e+00,5.314021706581115723e-01
3.380258977413177490e-01,1.478655576705932617e+00,5.969282388687133789e-01
3.787631690502166748e-01,2.449381351470947266e+00,1.257767230272293091e-01
8.683066964149475098e-01,1.410686016082763672e+00,5.468413829803466797e-01
1.175700351595878601e-01,4.165013313293457031e+00,1.412802785634994507e-01
7.294105887413024902e-01,4.934783935546875000e+00,1.772976666688919067e-01
1.306275427341461182e-01,4.713267326354980469e+00,7.784228920936584473e-01
9.846671819686889648e-01,1.089792013168334961e+00,6.781721711158752441e-01
6.122546792030334473e-01,4.117298603057861328e+00,6.230868399143218994e-02
8.063600398600101471e-03,1.859610795974731445e+00,2.623207271099090576e-01
7.980811595916748047e-01,4.448908329010009766e+00,6.485722661018371582e-01
8.140270113945007324e-01,2.266077846288681030e-01,7.986873984336853027e-01
5.252473950386047363e-01,1.157946109771728516e+00,7.517164349555969238e-01
4.669195711612701416e-01,3.594459295272827148e+00,6.221268177032470703e-01
7.052392363548278809e-01,4.863963127136230469e+00,9.532964825630187988e-01
6.878466606140136719e-01,2.941283583641052246e-01,7.697163820266723633e-01
3.804749548435211182e-01,3.888138294219970703e+00,7.222192883491516113e-01
3.547794222831726074e-01,3.108120441436767578e+00,8.050286769866943359e-01
8.645416051149368286e-02,2.866615533828735352e+00,4.446960985660552979e-02
2.074725180864334106e-01,4.709581375122070312e+00,1.853638440370559692e-01
6.964875459671020508e-01,3.502016305923461914e+00,5.333468317985534668e-01
8.603904843330383301e-01,1.748636364936828613e-01,7.491682171821594238e-01
9.016518592834472656e-01,4.958336830139160156e+00,3.284320235252380371e-01
3.623149096965789795e-01,3.961724519729614258e+00,7.673841118812561035e-01
3.904021903872489929e-02,1.050346344709396362e-01,7.358260750770568848e-01
4.528797268867492676e-01,1.250369310379028320e+00,7.325968146324157715e-01
5.100343823432922363e-01,1.419627428054809570e+00,4.693612754344940186e-01
6.408646106719970703e-01,5.495437979698181152e-01,8.544382452964782715e-02
4.513782560825347900e-01,1.274605870246887207e+00,8.920190930366516113e-01
5.964877605438232422e-01,3.632532119750976562e+00,2.910337448120117188e-01
6.917198300361633301e-01,4.662342548370361328e+00,2.402599155902862549e-01
9.106471538543701172e-01,1.450433015823364258e+00,5.444837212562561035e-01
9.020749330520629883e-01,3.188199758529663086e+00,6.823104619979858398e-01
9.899326600134372711e-03,1.171115040779113770e+00,1.077969819307327271e-01
7.558610523119568825e-04,3.085762262344360352e+00,8.540300130844116211e-01
7.437502145767211914e-01,4.329420089721679688e+00,6.699630022048950195e-01
1.908555068075656891e-02,8.794565200805664062e-01,6.580188870429992676e-01
4.130499064922332764e-01,4.522690296173095703e+00,3.097338676452636719e-01
5.622209906578063965e-01,2.237462997436523438e+00,9.402339458465576172e-01
9.145667552947998047e-01,3.150396108627319336e+00,2.909154295921325684e-01
5.291737914085388184e-01,1.208113908767700195e+00,8.877631276845932007e-02
3.363931775093078613e-01,2.899776220321655273e+00,4.930655956268310547e-01
7.168424129486083984e-01,1.461102962493896484e+00,5.675821304321289062e-01
7.815477252006530762e-02,4.239434242248535156e+00,1.318845599889755249e-01
6.248596906661987305e-01,2.182469964027404785e-01,9.356023669242858887e-01
9.137198925018310547e-01,2.312967538833618164e+00,7.185872197151184082e-01
6.620510816574096680e-01,4.319492816925048828e+00,8.742610216140747070e-01
3.599085807800292969e-01,2.484963417053222656e+00,7.107954472303390503e-02
3.884356319904327393e-01,2.850782871246337891e+00,5.157161355018615723e-01
4.651099145412445068e-01,2.804527044296264648e+00,9.177687168121337891e-01
7.696150541305541992e-01,4.118438720703125000e+00,2.622429132461547852e-01
4.872705936431884766e-01,4.220358371734619141e+00,7.384086847305297852e-01
8.901168704032897949e-01,4.656964302062988281e+00,1.117219850420951843e-01
9.571321010589599609e-01,8.457726240158081055e-01,6.651927828788757324e-01
5.882540941238403320e-01,4.238169670104980469e+00,8.096884489059448242e-01
3.903276324272155762e-01,1.608453512191772461e+00,8.229978084564208984e-01
9.815742373466491699e-01,5.190694332122802734e-01,6.075356006622314453e-01
4.817467331886291504e-01,2.014052629470825195e+00,4.266597330570220947e-01
7.994251251220703125e-01,1.701682686805725098e+00,4.769664406776428223e-01
2.441036850214004517e-01,1.002831578254699707e+00,4.487206935882568359e-01
9.784489870071411133e-01,3.695326805114746094e+00,7.309336066246032715e-01
3.578767478466033936e-01,2.101076841354370117e+00,3.935362100601196289e-01
2.051587551832199097e-01,1.902750134468078613e+00,2.742713503539562225e-02
6.123697757720947266e-01,2.621711015701293945e+00,9.327077865600585938e-01
4.910992980003356934e-01,4.482976436614990234e+00,6.839796900749206543e-01
9.035090208053588867e-01,2.205023169517517090e-01,3.790133595466613770e-01
4.492833316326141357e-01,1.461270004510879517e-01,4.209260940551757812e-01
8.829892277717590332e-01,3.532263636589050293e-01,9.195688366889953613e-01
4.701966345310211182e-01,3.271457195281982422e+00,7.285612225532531738e-01
9.203094840049743652e-01,4.129589080810546875e+00,7.267252206802368164e-01
8.693672418594360352e-01,1.231167793273925781e+00,3.604116439819335938e-01
2.688416540622711182e-01,2.058269739151000977e+00,1.815070509910583496e-01
4.173982441425323486e-01,1.033721327781677246e+00,4.812805950641632080e-01
7.274159789085388184e-01,1.382303714752197266e+00,8.512485027313232422e-01
6.050657629966735840e-01,4.154326438903808594e+00,5.164306759834289551e-01
9.684559106826782227e-01,4.686330854892730713e-01,1.875905543565750122e-01
9.492706656455993652e-01,2.497915506362915039e+00,7.210665941238403320e-01
6.085794568061828613e-01,1.387128710746765137e+00,7.037965208292007446e-02
5.052209496498107910e-01,3.718297958374023438e+00,5.040525794029235840e-01
3.791367709636688232e-01,2.557489395141601562e+00,1.173086315393447876e-01
6.602480411529541016e-01,1.226031184196472168e+00,9.026856422424316406e-01
8.533530235290527344e-01,2.289154291152954102e+00,7.925052940845489502e-02
3.401213884353637695e-01,4.732571125030517578e+00,6.902397871017456055e-01
2.694414556026458740e-01,1.476682186126708984e+00,5.167227387428283691e-01
8.824107050895690918e-01,1.515431404113769531e-01,8.428210616111755371e-01
5.339187979698181152e-01,2.554063081741333008e+00,1.969434469938278198e-01
9.674530029296875000e-01,3.708358407020568848e-01,5.907917618751525879e-01
4.939835891127586365e-02,2.758170843124389648e+00,5.503837466239929199e-01
8.024650067090988159e-02,4.175496578216552734e+00,2.739557027816772461e-01
4.274015128612518311e-01,3.133167266845703125e+00,3.003864884376525879e-01
8.637281060218811035e-01,1.542322278022766113e+00,9.775257706642150879e-01
2.360754013061523438e-01,3.248563051223754883e+00,8.540929853916168213e-02
4.362475574016571045e-01,9.750293493270874023e-01,9.298057854175567627e-02
2.312561720609664917e-01,3.790661811828613281e+00,8.477333784103393555e-01
8.292265534400939941e-01,2.518558979034423828e+00,4.906475245952606201e-01
5.366213154047727585e-03,6.663037538528442383e-01,6.977420449256896973e-01
3.808659017086029053e-01,4.219713211059570312e+00,8.853439688682556152e-01
7.139360904693603516e-01,4.633972644805908203e+00,9.237040877342224121e-01
5.375366806983947754e-01,4.603936195373535156e+00,1.500107254832983017e-02
7.277340441942214966e-02,2.627917051315307617e+00,2.480404973030090332e-01
8.098092079162597656e-01,4.993710994720458984e+00,9.064841866493225098e-01
7.315864562988281250e-01,3.195248842239379883e-01,7.037377953529357910e-01
2.396774105727672577e-02,2.321378469467163086e+00,6.604871153831481934e-02
1.510459780693054199e-01,2.099963665008544922e+00,2.401976883411407471e-01
9.096551537513732910e-01,3.743497371673583984e+00,6.961092352867126465e-01
7.766818404197692871e-01,2.645626068115234375e+00,9.573521614074707031e-01
6.856818199157714844e-01,4.985985755920410156e+00,9.106804132461547852e-01
8.451904654502868652e-01,4.230737686157226562e+00,8.588539063930511475e-02
8.162097930908203125e-01,1.461521029472351074e+00,6.075502187013626099e-02
4.131544530391693115e-01,3.282123804092407227e+00,5.313533544540405273e-01
5.933560132980346680e-01,3.642179727554321289e+00,3.490814864635467529e-01
5.497394800186157227e-01,4.929706096649169922e+00,8.274286389350891113e-01
4.407913684844970703e-01,1.872398734092712402e+00,2.193329334259033203e-01
3.254847526550292969e-01,8.025434613227844238e-01,9.404215216636657715e-01
6.255648136138916016e-01,2.875714540481567383e+00,5.306498408317565918e-01
9.235345721244812012e-01,1.532164812088012695e+00,5.954609513282775879e-01
2.636933028697967529e-01,2.474608868360519409e-01,5.387070178985595703e-01
9.790379405021667480e-01,8.297767639160156250e-01,9.067523479461669922e-01
2.100931107997894287e-01,3.455222845077514648e+00,7.823950648307800293e-01
7.364615797996520996e-01,3.765161514282226562e+00,8.088182210922241211e-01
3.247188031673431396e-01,3.488863706588745117e+00,4.598186314105987549e-01
7.424893379211425781e-01,2.631048440933227539e+00,9.283217787742614746e-01
5.165685415267944336e-01,3.363645792007446289e+00,3.451658785343170166e-01
6.967603564262390137e-01,3.946352243423461914e+00,6.467673778533935547e-01
5.292917490005493164e-01,4.923826217651367188e+00,5.170125365257263184e-01
7.679650187492370605e-01,4.398339390754699707e-01,9.319155216217041016e-01
6.337376832962036133e-01,4.971116542816162109e+00,8.478393554687500000e-01
2.190955430269241333e-01,4.593677997589111328e+00,2.053405046463012695e-01
9.154060482978820801e-01,2.312099218368530273e+00,6.767076253890991211e-01
7.667561173439025879e-01,1.171800374984741211e+00,4.058796465396881104e-01
5.987177491188049316e-01,1.535961747169494629e+00,5.804713368415832520e-01
9.671339988708496094e-01,3.461625576019287109e+00,8.112255930900573730e-01
8.295463323593139648e-01,2.301682472229003906e+00,3.603246510028839111e-01
5.982980132102966309e-01,3.580552339553833008e+00,4.726304113864898682e-01
6.522469520568847656e-01,3.206209897994995117e+00,2.830325365066528320e-01
7.924247384071350098e-01,7.267587184906005859e-01,1.003854814916849136e-02
8.109272718429565430e-01,4.129836559295654297e+00,7.475512027740478516e-01
2.398700714111328125e-01,3.847174167633056641e+00,7.275583744049072266e-01
7.751266956329345703e-01,1.036972880363464355e+00,3.189176023006439209e-01
7.258974909782409668e-01,3.690039157867431641e+00,1.369873136281967163e-01
1.526172906160354614e-01,6.911658048629760742e-01,8.715015053749084473e-01
2.903634607791900635e-01,3.606005430221557617e+00,4.794222712516784668e-01
6.604794263839721680e-01,1.493924617767333984e+00,2.722693085670471191e-01
3.836657404899597168e-01,2.719279050827026367e+00,4.699064493179321289e-01
5.746041536331176758e-01,3.696721553802490234e+00,3.535645604133605957e-01
8.731806874275207520e-01,3.016252279281616211e+00,5.794095993041992188e-01
3.530842810869216919e-02,4.634292125701904297e+00,7.166551351547241211e-01
6.380507349967956543e-01,3.135417222976684570e+00,8.114085793495178223e-01
2.438956797122955322e-01,4.289736747741699219e+00,7.219970822334289551e-01
9.500554203987121582e-02,6.718542575836181641e-01,8.454784154891967773e-01
9.468351006507873535e-01,1.682553648948669434e+00,5.867898464202880859e-01
6.588016152381896973e-01,4.936630725860595703e+00,4.171573221683502197e-01
6.124000549316406250e-01,4.943369865417480469e+00,7.962765693664550781e-01
9.534986615180969238e-01,3.494774580001831055e+00,5.619972348213195801e-01
7.232587933540344238e-01,1.248493313789367676e+00,3.873489797115325928e-01
3.895857930183410645e-01,6.585407853126525879e-01,2.219715900719165802e-02
4.811004102230072021e-01,2.573989152908325195e+00,1.757171303033828735e-01
9.865552783012390137e-01,3.946312904357910156e+00,8.287436962127685547e-01
8.583627343177795410e-01,2.159863710403442383e+00,3.503907918930053711e-01
4.262246489524841309e-01,3.909861803054809570e+00,6.264231204986572266e-01
6.502509713172912598e-01,3.882657766342163086e+00,9.900751113891601562e-01
7.284303307533264160e-01,2.047943592071533203e+00,9.535128474235534668e-01
5.949833989143371582e-01,3.708124160766601562e+00,3.974169492721557617e-01
9.224090725183486938e-02,1.289128214120864868e-01,3.191334307193756104e-01
3.744768500328063965e-01,3.299827337265014648e+00,4.306856095790863037e-01
7.997478246688842773e-01,2.625066995620727539e+00,9.338762164115905762e-01
5.559194087982177734e-01,3.424939155578613281e+00,1.609025299549102783e-01
6.860417872667312622e-02,7.410398721694946289e-01,7.412135004997253418e-01
7.845482230186462402e-01,3.087093114852905273e+00,1.094289007596671581e-03
8.107005953788757324e-01,3.352014780044555664e+00,5.823520943522453308e-02
8.479787111282348633e-01,4.890504837036132812e+00,6.735640168190002441e-01
6.382349729537963867e-01,1.638104319572448730e+00,9.793937802314758301e-01
2.365861088037490845e-01,1.923095822334289551e+00,4.519521594047546387e-01
4.561773836612701416e-01,1.932355165481567383e+00,7.082832455635070801e-01
4.483418166637420654e-01,1.513617277145385742e+00,9.015374779701232910e-01
8.776327371597290039e-01,4.344956398010253906e+00,6.857434511184692383e-01
3.239693641662597656e-01,9.360147118568420410e-01,5.039147287607192993e-02
4.752350151538848877e-01,1.035222709178924561e-01,6.025087237358093262e-01
5.952059626579284668e-01,2.547017097473144531e+00,5.270633697509765625e-01
3.458315432071685791e-01,4.390582561492919922e+00,7.876487076282501221e-02
5.917180180549621582e-01,2.474545240402221680e+00,7.066582441329956055e-01
5.634342432022094727e-01,1.032341718673706055e+00,8.848486542701721191e-01
5.522089600563049316e-01,1.971467971801757812e+00,3.857127726078033447e-01
8.030498623847961426e-01,2.578561782836914062e+00,1.660017222166061401e-01
9.797673225402832031e-01,9.260345101356506348e-01,2.323618233203887939e-01
2.683537453413009644e-02,2.573396444320678711e+00,7.069405317306518555e-01
9.164126515388488770e-01,2.967231273651123047e-01,3.498599827289581299e-01
4.748100340366363525e-01,1.051424622535705566e+00,5.737419128417968750e-01
2.963866591453552246e-01,1.246612548828125000e+00,8.274874687194824219e-01
6.535489559173583984e-01,2.221053540706634521e-01,8.828054070472717285e-01
1.065491419285535812e-02,2.074207782745361328e+00,2.122566550970077515e-01
2.338756322860717773e-01,1.710812687873840332e+00,8.990002870559692383e-01
1.389428377151489258e-01,2.761744976043701172e+00,6.894087791442871094e-01
9.853532314300537109e-01,3.501394748687744141e+00,5.139113664627075195e-01
5.651471614837646484e-01,2.739314317703247070e+00,4.447071850299835205e-01
5.700244903564453125e-01,3.183410465717315674e-01,9.734888076782226562e-01
8.604309707880020142e-02,1.386510729789733887e-01,3.118059635162353516e-01
5.910906195640563965e-01,6.909258961677551270e-01,3.770933151245117188e-01
4.666104316711425781e-01,2.157444953918457031e+00,7.094484567642211914e-01
3.340367972850799561e-01,3.355797529220581055e+00,5.481820926070213318e-02
5.330325365066528320e-01,2.064713239669799805e-01,9.549427628517150879e-01
5.010976791381835938e-01,1.887855231761932373e-01,7.776772379875183105e-01
4.095972776412963867e-01,2.093092918395996094e+00,4.971593916416168213e-01
2.311120480298995972e-01,3.407183170318603516e+00,6.924690604209899902e-01
1.526326239109039307e-01,4.934029102325439453e+00,4.210699498653411865e-01
2.882439494132995605e-01,1.460217118263244629e+00,5.541928410530090332e-01
1.103125065565109253e-01,1.469783782958984375e+00,3.385244309902191162e-01
2.347014695405960083e-01,4.108575344085693359e+00,6.737043261528015137e-01
2.146999388933181763e-01,1.359320163726806641e+00,5.004860162734985352e-01
1.701047122478485107e-01,3.065192699432373047e+00,1.543096005916595459e-01
1.384604275226593018e-01,4.649247169494628906e+00,2.941610217094421387e-01
1.696904003620147705e-01,4.720178604125976562e+00,2.167254388332366943e-01
9.845239520072937012e-01,2.895184040069580078e+00,3.908744752407073975e-01
7.746951188892126083e-03,1.208558082580566406e-01,5.939881801605224609e-01
6.991682052612304688e-01,4.684073925018310547e+00,5.512607097625732422e-01
1.472832411527633667e-01,1.283120870590209961e+00,6.708920598030090332e-01
1.483892947435379028e-01,4.963459968566894531e+00,2.378522306680679321e-01
2.486962974071502686e-01,4.146793842315673828e+00,2.912201583385467529e-01
1.189196184277534485e-01,1.197976469993591309e+00,7.387245893478393555e-01
9.084340333938598633e-01,1.518215298652648926e+00,5.000146031379699707e-01
4.200076460838317871e-01,1.393203616142272949e+00,2.919933199882507324e-01
2.775122821331024170e-01,4.656829833984375000e+00,9.198667481541633606e-03
6.295839548110961914e-01,2.071436405181884766e+00,2.307064235210418701e-01
2.064404338598251343e-01,2.299390077590942383e+00,1.883504092693328857e-01
7.023293375968933105e-01,6.277151703834533691e-01,8.626108169555664062e-01
3.610890805721282959e-01,3.077401161193847656e+00,7.499080896377563477e-01
3.258558511734008789e-01,4.970871448516845703e+00,3.575506508350372314e-01
2.349383533000946045e-01,3.120243072509765625e+00,1.066508702933788300e-02
5.449798107147216797e-01,3.486982107162475586e+00,1.240267530083656311e-01
8.521351963281631470e-02,3.209323167800903320e+00,8.437884449958801270e-01
7.390792965888977051e-01,2.154796361923217773e+00,4.624723792076110840e-01
6.706289649009704590e-01,2.087039709091186523e+00,7.444702982902526855e-01
9.097805619239807129e-01,2.578227281570434570e+00,9.164408445358276367e-01
3.029165565967559814e-01,1.675808906555175781e+00,8.835435509681701660e-01
3.227092623710632324e-01,3.706847906112670898e+00,1.909009069204330444e-01
8.410800248384475708e-02,1.211736202239990234e+00,2.968693971633911133e-01
4.220274686813354492e-01,4.140776395797729492e-01,7.015681266784667969e-01
3.763179481029510498e-01,1.144533395767211914e+00,3.277915120124816895e-01
5.858173966407775879e-01,3.528122186660766602e+00,6.552844047546386719e-01
5.571353435516357422e-01,4.127903461456298828e+00,9.300652891397476196e-02
6.609981060028076172e-01,2.871154069900512695e+00,7.138698697090148926e-01
2.059651017189025879e-01,1.293305635452270508e+00,2.643613517284393311e-01
2.261316329240798950e-01,2.105576246976852417e-01,5.820044875144958496e-01
6.802079081535339355e-02,1.172762989997863770e+00,4.833306372165679932e-01
8.502510190010070801e-01,3.810625314712524414e+00,6.380265951156616211e-01
6.904474496841430664e-01,5.278331637382507324e-01,7.283741980791091919e-02
5.801381170749664307e-02,3.674824714660644531e+00,2.116916030645370483e-01
9.283196181058883667e-02,1.749827504158020020e+00,7.345477342605590820e-01
4.669315516948699951e-01,4.861606121063232422e+00,4.616336226463317871e-01
8.082367777824401855e-01,4.973508358001708984e+00,9.223723411560058594e-01
7.456415146589279175e-02,4.647049427032470703e+00,6.699641942977905273e-01
8.619071245193481445e-01,3.774576187133789062e+00,2.542312443256378174e-01
4.463815391063690186e-01,3.421150445938110352e+00,4.842008352279663086e-01
7.791919708251953125e-01,4.396338462829589844e+00,3.000650405883789062e-01
4.240455627441406250e-01,2.043251037597656250e+00,5.910177826881408691e-01
7.426453232765197754e-01,2.600968599319458008e+00,7.803508043289184570e-01
7.855817675590515137e-01,3.624221801757812500e+00,1.291327029466629028e-01
9.771018289029598236e-03,4.166087627410888672e+00,7.194669246673583984e-01
7.061167955398559570e-01,6.254282593727111816e-01,6.815782785415649414e-01
9.946587681770324707e-01,1.831870555877685547e+00,8.819330930709838867e-01
2.494769692420959473e-01,3.842119216918945312e+00,8.588854670524597168e-01
1.452255100011825562e-01,4.575061321258544922e+00,5.941416025161743164e-01
5.763080343604087830e-02,1.078768298029899597e-01,5.866462588310241699e-01
8.460628986358642578e-01,2.732501745223999023e+00,4.010551273822784424e-01
4.486471712589263916e-01,4.363330364227294922e+00,4.323866367340087891e-01
9.563851356506347656e-01,2.861268281936645508e+00,5.331086516380310059e-01
2.724999487400054932e-01,3.842011213302612305e+00,6.572180986404418945e-01
7.441421747207641602e-01,2.373826503753662109e+00,9.240189194679260254e-01
5.446640253067016602e-01,4.550117969512939453e+00,3.670246005058288574e-01
7.350500822067260742e-01,4.509819507598876953e+00,7.344856858253479004e-01
3.116674721240997314e-01,9.324995875358581543e-01,8.462045788764953613e-01
1.514128148555755615e-01,1.465580463409423828e+00,2.844278812408447266e-01
6.108534932136535645e-01,6.004773974418640137e-01,4.112587869167327881e-01
5.818139910697937012e-01,1.138157129287719727e+00,5.255714058876037598e-01
7.397272586822509766e-01,1.158400058746337891e+00,2.961830198764801025e-01
7.964976429939270020e-01,4.213487625122070312e+00,5.425755977630615234e-01
2.223172783851623535e-01,2.413475513458251953e+00,8.268069624900817871e-01
3.322657048702239990e-01,2.999059915542602539e+00,4.853802919387817383e-01
1.371957734227180481e-02,7.071693539619445801e-01,6.901867985725402832e-01
5.448179841041564941e-01,4.085858821868896484e+00,7.408825159072875977e-01
1.170628517866134644e-02,1.034113287925720215e+00,7.792556881904602051e-01
4.336056709289550781e-01,6.204079389572143555e-01,5.479117110371589661e-02
8.145313262939453125e-01,3.719532489776611328e+00,1.915990561246871948e-01
9.796163439750671387e-01,1.404007554054260254e+00,4.496838152408599854e-01
4.979354515671730042e-02,4.184425830841064453e+00,2.036433517932891846e-01
1.213952451944351196e-01,4.479863166809082031e+00,3.736263886094093323e-02
2.088704705238342285e-01,2.215268611907958984e+00,3.370935916900634766e-01
3.922823667526245117e-01,2.618022680282592773e+00,7.458090782165527344e-01
4.643915593624114990e-02,3.787529706954956055e+00,6.656162142753601074e-01
2.913336157798767090e-01,1.391985058784484863e+00,4.098283350467681885e-01
5.863596200942993164e-01,3.371010780334472656e+00,4.632615745067596436e-01
7.225526571273803711e-01,1.086368441581726074e+00,8.371581882238388062e-02
3.205109238624572754e-01,3.923552274703979492e+00,7.924165129661560059e-01
2.897775173187255859e-01,2.909878253936767578e+00,8.036647923290729523e-03
4.533709883689880371e-01,1.311760425567626953e+00,6.902635097503662109e-01
3.056969940662384033e-01,1.545155763626098633e+00,8.608682751655578613e-01
6.729599833488464355e-01,2.344506025314331055e+00,3.615604639053344727e-01
5.506916046142578125e-01,4.638228416442871094e+00,4.059102237224578857e-01
1.109029445797204971e-02,3.963963031768798828e+00,7.088842988014221191e-01
7.996069192886352539e-01,7.850074172019958496e-01,9.500673413276672363e-01
6.787736415863037109e-01,2.824379444122314453e+00,8.847621679306030273e-01
1.449122428894042969e-01,7.394866943359375000e-01,7.483634948730468750e-01
2.891520559787750244e-01,4.609592914581298828e+00,1.748558431863784790e-01
7.568768262863159180e-01,2.772871494293212891e+00,8.756040334701538086e-01
1.853462122380733490e-02,2.378618121147155762e-01,6.465916037559509277e-01
5.939552187919616699e-01,3.199561834335327148e+00,7.295861840248107910e-01
1.693956106901168823e-01,3.042160749435424805e+00,4.375656843185424805e-01
9.082483649253845215e-01,8.275675773620605469e-02,8.869445919990539551e-01
2.168928086757659912e-02,3.822813510894775391e+00,2.502868473529815674e-01
7.149869948625564575e-02,1.788770794868469238e+00,2.255616486072540283e-01
1.197990328073501587e-01,2.639607429504394531e+00,1.673385649919509888e-01
7.758356332778930664e-01,4.594454288482666016e+00,6.593161225318908691e-01
4.115315619856119156e-03,1.183670282363891602e+00,2.013825438916683197e-02
2.065967172384262085e-01,1.349141299724578857e-01,6.011529564857482910e-01
9.061537384986877441e-01,6.471996903419494629e-01,6.371890902519226074e-01
2.549225091934204102e-01,4.847254276275634766e+00,7.977891564369201660e-01
2.199684828519821167e-01,3.662007570266723633e+00,4.669033363461494446e-02
4.365878179669380188e-02,5.196334123611450195e-01,7.088778018951416016e-01
3.400813788175582886e-02,4.789961338043212891e+00,8.836354613304138184e-01
4.762526452541351318e-01,1.954491138458251953e+00,8.595975637435913086e-01
8.387249112129211426e-01,1.505232095718383789e+00,4.800519943237304688e-01
2.457247525453567505e-01,1.166453659534454346e-01,5.898494720458984375e-01
7.423393130302429199e-01,1.942360401153564453e+00,7.849398851394653320e-01
5.373329520225524902e-01,9.503315091133117676e-01,1.490422338247299194e-01
7.786358594894409180e-01,2.424286603927612305e+00,7.502016425132751465e-01
7.928342819213867188e-01,3.614716291427612305e+00,6.822679042816162109e-01
1.749375462532043457e-01,4.028452873229980469e+00,1.481759548187255859e-01
5.289946794509887695e-01,1.135338664054870605e+00,8.559736609458923340e-01
8.800087571144104004e-01,4.353702545166015625e+00,2.141921520233154297e-01
6.569177508354187012e-01,3.927727222442626953e+00,5.494191050529479980e-01
7.053204178810119629e-01,4.205513000488281250e+00,4.933358430862426758e-01
1.186901926994323730e-01,4.231642246246337891e+00,4.376529157161712646e-01
1.969856917858123779e-01,4.147433280944824219e+00,1.266748756170272827e-01
9.060316085815429688e-01,2.309773206710815430e+00,4.553233087062835693e-01
2.250470668077468872e-01,3.633506059646606445e+00,5.991253256797790527e-01
6.376268267631530762e-01,1.445714354515075684e+00,6.583858728408813477e-01
9.876185059547424316e-01,2.165189832448959351e-01,4.983052611351013184e-01
9.138261079788208008e-01,2.694993734359741211e+00,1.687803268432617188e-01
3.900542557239532471e-01,2.794553995132446289e+00,9.788918495178222656e-01
9.435368180274963379e-01,4.089218616485595703e+00,9.903996586799621582e-01
7.578341960906982422e-01,4.655754089355468750e+00,1.631779819726943970e-01
3.277880847454071045e-01,3.339714288711547852e+00,8.883265852928161621e-01
3.510879874229431152e-01,2.556938648223876953e+00,7.528282999992370605e-01
1.481897085905075073e-01,4.272687911987304688e+00,1.278929412364959717e-01
8.260032534599304199e-01,2.570753812789916992e+00,7.382579445838928223e-01
4.640742242336273193e-01,3.904968738555908203e+00,6.628186106681823730e-01
5.817877054214477539e-01,2.767591953277587891e+00,9.469048976898193359e-01
2.938501238822937012e-01,4.617908000946044922e-01,2.596640288829803467e-01
3.305723071098327637e-01,2.935581922531127930e+00,1.010775715112686157e-01
9.007980823516845703e-01,7.965682744979858398e-01,4.841507077217102051e-01
4.933284223079681396e-01,5.466222167015075684e-01,9.570455551147460938e-01
8.906312286853790283e-03,1.879445195198059082e+00,1.151459366083145142e-01
5.613816380500793457e-01,4.662343025207519531e+00,1.631735265254974365e-02
5.519287586212158203e-01,3.834715604782104492e+00,7.337291836738586426e-01
5.734423995018005371e-01,2.281693935394287109e+00,9.554271697998046875e-01
8.433319330215454102e-01,1.638078570365905762e+00,6.203214079141616821e-02
1.961215957999229431e-02,1.058293581008911133e+00,5.236498117446899414e-01
7.997949123382568359e-01,2.095155239105224609e+00,5.302525758743286133e-01
5.075367093086242676e-01,2.164124488830566406e+00,3.231425583362579346e-01
9.934363961219787598e-01,3.846613407135009766e+00,5.779492855072021484e-01
2.939810454845428467e-01,3.916413307189941406e+00,2.584156095981597900e-01
9.247698783874511719e-01,1.246739983558654785e+00,1.691257953643798828e-01
6.877979040145874023e-01,1.167836070060729980e+00,1.019492223858833313e-01
9.564067721366882324e-01,4.806473731994628906e+00,6.971266865730285645e-01
7.997189760208129883e-01,3.244591504335403442e-02,8.937893509864807129e-01
5.763130187988281250e-01,2.380308866500854492e+00,9.615853428840637207e-01
4.070597514510154724e-02,2.989135742187500000e+00,2.169490009546279907e-01
5.916437506675720215e-01,4.600571632385253906e+00,3.237627744674682617e-01
2.206010818481445312e-01,4.004727363586425781e+00,1.117095574736595154e-01
1.377492304891347885e-02,4.331706166267395020e-01,3.935249447822570801e-01
7.636416554450988770e-01,1.050148844718933105e+00,3.910222351551055908e-01
5.284042358398437500e-01,2.459680318832397461e+00,9.968983530998229980e-01
1.454436033964157104e-01,4.536162853240966797e+00,2.932935655117034912e-01
6.311348676681518555e-01,3.782427072525024414e+00,9.932151436805725098e-01
7.454907298088073730e-01,3.882201910018920898e+00,6.890878677368164062e-01
3.419249653816223145e-01,2.063023328781127930e+00,1.694358736276626587e-01
9.890254139900207520e-01,1.994154214859008789e+00,2.852182984352111816e-01
8.977010846138000488e-01,4.216053009033203125e+00,5.526868104934692383e-01
6.199444532394409180e-01,3.346704244613647461e+00,6.664131283760070801e-01
3.947474658489227295e-01,2.881920576095581055e+00,8.576761484146118164e-01
1.608637571334838867e-01,2.400372028350830078e+00,3.606544137001037598e-01
3.531623482704162598e-01,2.596928358078002930e+00,7.843647599220275879e-01
7.967997789382934570e-01,2.920668423175811768e-01,8.678193688392639160e-01
9.637607336044311523e-01,1.109180212020874023e+00,9.885710477828979492e-01
9.262479543685913086e-01,9.677211046218872070e-01,9.927837848663330078e-01
3.761588931083679199e-01,2.760601997375488281e+00,2.696932554244995117e-01
3.548980057239532471e-01,4.608908176422119141e+00,3.304507583379745483e-02
3.880085051059722900e-01,9.300943017005920410e-01,4.397860765457153320e-01
7.368695139884948730e-01,1.694613337516784668e+00,8.849594593048095703e-01
5.425912141799926758e-01,2.375271320343017578e+00,9.353911876678466797e-01
6.739014983177185059e-01,5.456807017326354980e-01,4.175046980381011963e-01
9.318739771842956543e-01,7.816416211426258087e-03,5.852911472320556641e-01
3.889948129653930664e-01,4.409712791442871094e+00,9.156506061553955078e-01
1.565316766500473022e-01,4.141353130340576172e+00,1.009436026215553284e-01
1.700583994388580322e-01,2.622627019882202148e+00,4.936159253120422363e-01
7.466386258602142334e-02,1.549249053001403809e+00,7.563788294792175293e-01
4.964377284049987793e-01,1.542622804641723633e+00,6.884449720382690430e-01
1.248630285263061523e-01,3.671199560165405273e+00,3.226863741874694824e-01
5.461804270744323730e-01,4.565598011016845703e+00,3.384252190589904785e-01
8.697744011878967285e-01,2.220005273818969727e+00,4.450637400150299072e-01
2.298528552055358887e-01,3.876091718673706055e+00,1.826306581497192383e-01
5.910050868988037109e-01,2.004242181777954102e+00,3.800087571144104004e-01
9.291251301765441895e-01,4.198705196380615234e+00,5.678670406341552734e-01
8.096424937248229980e-01,4.989671230316162109e+00,9.372106194496154785e-01
3.034505546092987061e-01,4.745345592498779297e+00,6.506564617156982422e-01
1.895908564329147339e-01,6.154328584671020508e-01,7.912513613700866699e-01
8.644365668296813965e-01,3.436726808547973633e+00,4.251827895641326904e-01
7.670327425003051758e-01,2.372747182846069336e+00,7.540395259857177734e-01
7.554143071174621582e-01,7.957338094711303711e-01,4.615235328674316406e-01
3.445369303226470947e-01,2.058348655700683594e+00,4.892716649919748306e-03
2.182668149471282959e-01,4.207756996154785156e+00,3.100987672805786133e-01
4.526589810848236084e-01,1.671797275543212891e+00,6.220284104347229004e-01
5.863222479820251465e-01,4.958367824554443359e+00,4.232490956783294678e-01
9.328596591949462891e-01,3.839486122131347656e+00,9.397373199462890625e-01
8.282245397567749023e-01,3.627020120620727539e+00,8.419997692108154297e-01
3.592201769351959229e-01,1.896136879920959473e+00,4.563917219638824463e-01
3.090691268444061279e-01,4.186726093292236328e+00,1.125937029719352722e-01
7.295036911964416504e-01,4.357588291168212891e+00,6.182445287704467773e-01
1.536875069141387939e-01,1.491063833236694336e+00,9.002408981323242188e-01
2.605913281440734863e-01,3.114822864532470703e+00,4.181118607521057129e-01
9.434046149253845215e-01,4.721642494201660156e+00,9.901144504547119141e-01
2.934284210205078125e-01,3.640808820724487305e+00,7.037152647972106934e-01
6.137073636054992676e-01,1.819006443023681641e+00,5.047136545181274414e-01
3.377943113446235657e-02,4.212405681610107422e+00,7.045724391937255859e-01
8.013737797737121582e-01,9.638958573341369629e-01,8.658071756362915039e-01
4.000693261623382568e-01,2.466425657272338867e+00,1.905760318040847778e-01
9.650065302848815918e-01,4.097089767456054688e+00,9.625201225280761719e-01
2.528249025344848633e-01,1.579955577850341797e+00,9.409392476081848145e-01
8.287613987922668457e-01,1.904438972473144531e+00,2.457878366112709045e-02
8.089214563369750977e-01,2.931567728519439697e-01,4.371339678764343262e-01
3.954442217946052551e-03,1.198710083961486816e+00,6.316401958465576172e-01
6.702636480331420898e-01,1.153248071670532227e+00,8.993865847587585449e-01
6.869912743568420410e-01,7.883446216583251953e-01,5.753588676452636719e-01
4.876683056354522705e-01,4.275196552276611328e+00,9.046665430068969727e-01
3.132409453392028809e-01,3.099831342697143555e+00,6.688991785049438477e-01
2.816643714904785156e-01,1.310613393783569336e+00,8.825374841690063477e-01
2.438458949327468872e-01,1.522272467613220215e+00,8.476172089576721191e-01
2.988507747650146484e-01,4.335621833801269531e+00,2.905655801296234131e-01
4.211849868297576904e-01,6.875678896903991699e-01,2.367890253663063049e-02
4.694462567567825317e-02,9.198923408985137939e-02,6.210742592811584473e-01
4.672531485557556152e-01,2.826904058456420898e+00,9.634206295013427734e-01
9.965040683746337891e-01,1.513760328292846680e+00,2.918403744697570801e-01
5.140814781188964844e-01,4.748545646667480469e+00,8.989267349243164062e-01
8.798980116844177246e-01,3.773030281066894531e+00,6.701339483261108398e-01
5.755048394203186035e-01,4.584702491760253906e+00,1.408798247575759888e-01
6.727981567382812500e-01,4.058347702026367188e+00,9.437374472618103027e-01
3.608481287956237793e-01,4.221609592437744141e+00,5.702677369117736816e-01
2.911691069602966309e-01,3.499776363372802734e+00,7.345043420791625977e-01
6.730843782424926758e-01,3.368466496467590332e-01,2.414950877428054810e-01
7.750833034515380859e-01,2.435120820999145508e+00,4.372611343860626221e-01
2.825393676757812500e-01,2.366555690765380859e+00,7.192110419273376465e-01
5.159058608114719391e-03,8.716219663619995117e-02,5.924201607704162598e-01
5.288506746292114258e-01,4.350214958190917969e+00,7.198321223258972168e-01
4.902550876140594482e-01,2.732014179229736328e+00,9.184122681617736816e-01
5.527482628822326660e-01,5.588316321372985840e-01,1.441854685544967651e-01
9.044313430786132812e-01,2.411120891571044922e+00,8.351568877696990967e-02
4.503394961357116699e-01,3.926663398742675781e+00,7.748831510543823242e-01
9.090633392333984375e-01,3.570141792297363281e+00,5.576980710029602051e-01
6.954113245010375977e-01,8.417691588401794434e-01,7.241597175598144531e-01
1.110925897955894470e-01,4.590419292449951172e+00,7.412750124931335449e-01
6.786749958992004395e-01,1.852546811103820801e+00,5.138815641403198242e-01
5.524736642837524414e-01,2.448433876037597656e+00,7.481502294540405273e-01
9.717898964881896973e-01,4.479084968566894531e+00,2.670136690139770508e-01
7.611742019653320312e-01,2.130182504653930664e+00,5.282373428344726562e-01
2.927427589893341064e-01,1.154090404510498047e+00,5.743321776390075684e-01
8.961111307144165039e-02,3.938400745391845703e+00,8.876450657844543457e-01
2.936443388462066650e-01,5.874352455139160156e-01,8.092522621154785156e-01
7.896746397018432617e-01,2.318686485290527344e+00,4.355104565620422363e-01
7.390614748001098633e-01,4.866860866546630859e+00,4.250634610652923584e-01
9.874871373176574707e-01,1.689628481864929199e+00,4.353117346763610840e-01
7.751319557428359985e-02,1.494541883468627930e+00,9.565011262893676758e-01
3.955471888184547424e-02,2.913511991500854492e+00,7.433844208717346191e-01
1.994449943304061890e-01,4.596508979797363281e+00,2.932734787464141846e-01
6.817255616188049316e-01,5.189336538314819336e-01,8.951971679925918579e-02
4.704928696155548096e-01,4.864587783813476562e+00,9.485477209091186523e-01
5.691359639167785645e-01,1.105587244033813477e+00,5.882037281990051270e-01
5.469127893447875977e-01,1.846201777458190918e+00,2.078488469123840332e-01
5.747975111007690430e-01,2.231971263885498047e+00,9.721503257751464844e-01
7.147521972656250000e-01,6.520804762840270996e-01,3.626698851585388184e-01
3.173512220382690430e-01,3.560689210891723633e+00,6.209353208541870117e-01
7.677123546600341797e-01,3.806045055389404297e+00,9.423802495002746582e-01
2.147347293794155121e-02,1.710160255432128906e+00,3.581714928150177002e-01
2.392215132713317871e-01,1.447677969932556152e+00,4.144947528839111328e-01
8.584008812904357910e-01,8.545589447021484375e-01,8.681418001651763916e-02
9.689041972160339355e-01,4.328303039073944092e-01,5.241872072219848633e-01
7.434294223785400391e-01,4.599485874176025391e+00,6.723865121603012085e-02
8.872854113578796387e-01,7.918670773506164551e-01,3.910008370876312256e-01
8.652970790863037109e-01,2.399029731750488281e+00,3.297019302845001221e-01
1.191022768616676331e-01,4.166784763336181641e+00,2.487418800592422485e-01
8.440180420875549316e-01,3.798720836639404297e+00,9.377493858337402344e-01
6.435658335685729980e-01,1.318895697593688965e+00,6.545403003692626953e-01
9.488471150398254395e-01,3.644781351089477539e+00,9.128918051719665527e-01
6.642732620239257812e-01,2.412068128585815430e+00,1.208002790808677673e-01
2.096710354089736938e-01,3.997840881347656250e+00,3.373938053846359253e-02
8.514572381973266602e-01,2.662449359893798828e+00,8.796427249908447266e-01
2.836613953113555908e-01,1.451981067657470703e+00,5.686950683593750000e-01
7.909934520721435547e-01,4.890333175659179688e+00,6.112489104270935059e-01
7.234607934951782227e-01,1.232500314712524414e+00,5.338867008686065674e-02
6.614772677421569824e-01,3.860178470611572266e+00,1.989079564809799194e-01
4.197255671024322510e-01,3.025508642196655273e+00,1.320363581180572510e-01
3.906335830688476562e-01,4.630415916442871094e+00,2.531711757183074951e-02
4.336661100387573242e-01,1.311336159706115723e+00,3.560801148414611816e-01
8.592314124107360840e-01,2.767831325531005859e+00,9.314441084861755371e-01
6.256857514381408691e-01,5.450413823127746582e-01,1.471424251794815063e-01
7.389792799949645996e-01,1.390237927436828613e+00,8.450781106948852539e-01
2.844329476356506348e-01,2.404875993728637695e+00,3.563881218433380127e-01
7.581965327262878418e-01,4.595979690551757812e+00,9.491699934005737305e-02
1.582708805799484253e-01,2.763880491256713867e+00,1.834174394607543945e-01
7.267436981201171875e-01,3.948711156845092773e-01,7.537118196487426758e-01
1.716472208499908447e-01,2.692376375198364258e+00,2.100559473037719727e-01
8.882497549057006836e-01,3.749062538146972656e+00,6.671652197837829590e-01
8.473554253578186035e-01,3.637279748916625977e+00,2.631673812866210938e-01
7.005668878555297852e-01,1.818486601114273071e-01,1.189255621284246445e-02
2.294627428054809570e-01,2.146748304367065430e+00,3.323052227497100830e-01
8.769798874855041504e-01,3.935278177261352539e+00,4.068456590175628662e-02
7.422876358032226562e-01,1.667939186096191406e+00,8.612969517707824707e-01
6.747639775276184082e-01,2.639116287231445312e+00,9.976025223731994629e-01
2.810007035732269287e-01,1.502122521400451660e+00,8.669360280036926270e-01
7.913360595703125000e-01,1.234542727470397949e+00,3.285143971443176270e-01
2.044144868850708008e-01,2.322017669677734375e+00,1.174782514572143555e-01
5.786173343658447266e-01,1.545804023742675781e+00,9.543843865394592285e-01
5.006528273224830627e-02,6.584203839302062988e-01,7.940496206283569336e-01
1.757510453462600708e-01,2.397029161453247070e+00,6.474251151084899902e-01
8.450113534927368164e-01,4.689366340637207031e+00,1.789488643407821655e-02
7.038021683692932129e-01,7.677399516105651855e-01,4.609700441360473633e-01
4.023226499557495117e-01,4.430431842803955078e+00,8.989053368568420410e-01
4.687812551856040955e-02,1.107916831970214844e+00,3.165751397609710693e-01
9.671518206596374512e-02,9.069944620132446289e-01,9.617617726325988770e-01
7.563999891281127930e-01,3.503258705139160156e+00,3.616311252117156982e-01
5.127804279327392578e-01,3.594337701797485352e-01,9.623678028583526611e-02
5.488221049308776855e-01,1.445972323417663574e+00,4.835985004901885986e-01
3.543548583984375000e-01,2.863479852676391602e+00,9.959180355072021484e-01
9.993712604045867920e-02,2.907586097717285156e+00,2.714666426181793213e-01
6.389892101287841797e-01,3.321896553039550781e+00,6.735322475433349609e-01
6.184847950935363770e-01,3.391893804073333740e-01,5.363068357110023499e-02
1.035198103636503220e-02,1.725284457206726074e+00,2.458082288503646851e-01
8.545144796371459961e-01,4.040295600891113281e+00,5.965738296508789062e-01
5.254186689853668213e-02,8.046602606773376465e-01,8.426329493522644043e-01
9.426564574241638184e-01,4.460138320922851562e+00,7.231632471084594727e-01
6.260516643524169922e-01,2.955119371414184570e+00,9.339904189109802246e-01
2.969856262207031250e-01,1.836944103240966797e+00,2.759385108947753906e-01
7.088863849639892578e-01,3.604665040969848633e+00,4.704471528530120850e-01
7.329493761062622070e-01,3.769122600555419922e+00,4.845113158226013184e-01
7.019665837287902832e-01,3.292640209197998047e+00,4.659040868282318115e-01
9.133819341659545898e-01,1.493934869766235352e+00,6.393527388572692871e-01
3.845497965812683105e-02,3.955831378698348999e-02,5.983608365058898926e-01
8.539891839027404785e-01,3.234344720840454102e+00,5.030121207237243652e-01
7.822333574295043945e-01,3.403581142425537109e+00,8.532653450965881348e-01
8.243649005889892578e-01,5.351815819740295410e-01,5.129551291465759277e-01
8.422447443008422852e-01,3.516608476638793945e+00,7.772637009620666504e-01
4.597527682781219482e-01,2.756867647171020508e+00,9.266346096992492676e-01
1.061336025595664978e-01,2.951820611953735352e+00,3.258905410766601562e-01
8.754553198814392090e-01,2.843897581100463867e+00,7.769301533699035645e-01
6.862305402755737305e-01,2.276283979415893555e+00,9.854606389999389648e-01
9.336921572685241699e-01,1.028483390808105469e+00,9.926597476005554199e-01
6.390580534934997559e-01,4.915117740631103516e+00,4.183240532875061035e-01
5.639663338661193848e-01,3.252446353435516357e-01,2.038593143224716187e-01
3.873202076647430658e-04,9.931082129478454590e-01,2.053701318800449371e-02
6.869077086448669434e-01,4.066750526428222656e+00,1.761185526847839355e-01
5.930454730987548828e-01,4.133320808410644531e+00,6.923553943634033203e-01
8.995006680488586426e-01,3.694230556488037109e+00,3.553330004215240479e-01
6.866729259490966797e-01,3.810299873352050781e+00,2.410775721073150635e-01
5.601974725723266602e-01,1.579273343086242676e+00,1.894579827785491943e-01
3.956101536750793457e-01,1.906846046447753906e+00,1.072436943650245667e-01
2.189114689826965332e-01,1.135148286819458008e+00,8.522849678993225098e-01
4.546101391315460205e-01,2.688812255859375000e+00,5.393799543380737305e-01
6.228850483894348145e-01,2.863505482673645020e-01,9.217117428779602051e-01
6.613700985908508301e-01,1.539306044578552246e-01,5.983436703681945801e-01
1.576143801212310791e-01,3.577860832214355469e+00,1.826917380094528198e-01
6.870680302381515503e-02,3.990769386291503906e-01,9.882606267929077148e-01
5.821790099143981934e-01,2.771857500076293945e+00,5.330156087875366211e-01
1.545089185237884521e-01,3.095220088958740234e+00,8.222579360008239746e-01
5.888522267341613770e-01,4.046557903289794922e+00,7.641819715499877930e-01
6.724212765693664551e-01,1.207944869995117188e+00,2.671242356300354004e-01
2.202429622411727905e-01,3.900408029556274414e+00,9.917506575584411621e-02
9.983977079391479492e-01,9.742957949638366699e-01,9.029003977775573730e-01
9.825466871261596680e-01,9.778148531913757324e-01,5.943852663040161133e-01
5.483071804046630859e-01,7.595970630645751953e-01,6.700256466865539551e-01
9.948465228080749512e-01,2.782781362533569336e+00,4.547164142131805420e-01
4.145518243312835693e-01,2.914392948150634766e+00,9.540199637413024902e-01
3.614847958087921143e-01,3.060831546783447266e+00,9.673645496368408203e-01
8.877118825912475586e-01,4.061190128326416016e+00,6.536784768104553223e-01
7.605654001235961914e-01,1.729077219963073730e+00,5.126868486404418945e-01
9.389239549636840820e-01,4.084813117980957031e+00,2.449852377176284790e-01
6.951652169227600098e-01,1.760705262422561646e-01,7.898892164230346680e-01
3.892255425453186035e-01,2.465197801589965820e+00,4.088782072067260742e-01
1.714644879102706909e-01,4.325071334838867188e+00,4.257360100746154785e-01
6.743562221527099609e-01,8.746647834777832031e-01,8.932563066482543945e-01
8.394887298345565796e-02,2.125502586364746094e+00,7.058455348014831543e-01
1.712184399366378784e-01,2.141180038452148438e-01,4.141008257865905762e-01
8.372771739959716797e-01,1.488329291343688965e+00,8.983979225158691406e-01
2.654270529747009277e-01,3.332729816436767578e+00,3.324340283870697021e-01
2.529369890689849854e-01,3.440443515777587891e+00,4.875638186931610107e-01
4.525450170040130615e-01,2.077280730009078979e-01,4.293472468852996826e-01
7.066231966018676758e-02,1.108889207243919373e-01,6.557743549346923828e-01
2.396146804094314575e-01,8.318461179733276367e-01,9.149228334426879883e-01
7.356419563293457031e-01,1.714713811874389648e+00,8.261064291000366211e-01
5.800928473472595215e-01,2.510885238647460938e+00,9.533949196338653564e-02
7.898477911949157715e-01,1.301662206649780273e+00,2.054778486490249634e-01
9.948946833610534668e-01,1.944604277610778809e+00,8.575271368026733398e-01
7.175833582878112793e-01,4.669309616088867188e+00,3.843253552913665771e-01
6.782002449035644531e-01,5.663077160716056824e-02,5.780270695686340332e-01
1.484102755784988403e-01,3.005876243114471436e-01,9.866979718208312988e-01
5.210614800453186035e-01,1.008460164070129395e+00,6.740788817405700684e-01
7.663500905036926270e-01,2.508018493652343750e+00,8.317240476608276367e-01
3.920343220233917236e-01,4.005911350250244141e+00,8.545945286750793457e-01
6.523582935333251953e-01,1.736595869064331055e+00,4.564458131790161133e-01
7.581520676612854004e-01,4.195231437683105469e+00,7.856798768043518066e-01
9.684616923332214355e-01,2.349675655364990234e+00,9.585814923048019409e-02
5.812039375305175781e-01,4.317239761352539062e+00,5.463854074478149414e-01
9.021678566932678223e-01,4.788175582885742188e+00,2.459591068327426910e-02
1.387657821178436279e-01,4.437406063079833984e+00,9.607137441635131836e-01
9.214220643043518066e-01,4.249330997467041016e+00,2.721825838088989258e-01
8.192841410636901855e-01,4.381003856658935547e+00,4.085006192326545715e-02
7.729778289794921875e-01,4.387674331665039062e+00,6.384785771369934082e-01
5.217341780662536621e-01,1.363407492637634277e+00,1.464570015668869019e-01
9.136267304420471191e-01,1.329314589500427246e+00,2.084739506244659424e-01
4.152411222457885742e-01,2.708290219306945801e-01,3.419961035251617432e-01
6.955708861351013184e-01,3.001429796218872070e+00,7.909926772117614746e-02
9.073164463043212891e-01,1.708798527717590332e+00,9.298666119575500488e-01
3.683558702468872070e-01,8.808010220527648926e-01,4.330151975154876709e-01
1.378477513790130615e-01,3.091623067855834961e+00,5.172181725502014160e-01
8.157211542129516602e-01,2.567180871963500977e+00,6.686209887266159058e-02
1.391296088695526123e-01,4.890476703643798828e+00,8.234012722969055176e-01
3.475888967514038086e-01,4.014849066734313965e-01,6.856336593627929688e-01
5.609924197196960449e-01,3.700962543487548828e+00,3.219245970249176025e-01
4.901311397552490234e-01,1.938180208206176758e+00,6.344037055969238281e-01
9.560694694519042969e-01,4.635183215141296387e-01,2.241411656141281128e-01
1.159451231360435486e-01,3.539241552352905273e+00,6.801834702491760254e-01
9.752271175384521484e-01,9.333357214927673340e-02,8.063730597496032715e-01
1.551025360822677612e-02,1.250070691108703613e+00,4.175753518939018250e-02
2.491251826286315918e-01,3.336082696914672852e+00,5.799660682678222656e-01
2.334905713796615601e-01,1.860714197158813477e+00,5.547941923141479492e-01
5.925102233886718750e-01,4.651501178741455078e+00,1.001103315502405167e-02
4.181914329528808594e-01,2.181938886642456055e+00,3.075211346149444580e-01
4.356603324413299561e-01,4.716473102569580078e+00,9.406560659408569336e-01
8.518632054328918457e-01,4.224408626556396484e+00,1.191683933138847351e-01
9.575823545455932617e-01,4.083975791931152344e+00,9.916728734970092773e-01
4.052558839321136475e-01,2.912696838378906250e+00,9.721172451972961426e-01
5.206358432769775391e-01,1.216331958770751953e+00,5.964533090591430664e-01
2.473129183053970337e-01,3.406001806259155273e+00,7.688215374946594238e-02
1.681791245937347412e-01,4.844042301177978516e+00,6.496055126190185547e-01
5.200773477554321289e-01,3.142493963241577148e+00,1.386983599513769150e-02
9.724680781364440918e-01,2.361673355102539062e+00,9.265673160552978516e-01
8.871589899063110352e-01,3.678352832794189453e+00,1.409875601530075073e-01
2.005998492240905762e-01,1.538687825202941895e+00,8.642089962959289551e-01
9.046761393547058105e-01,4.586415767669677734e+00,5.304003357887268066e-01
7.519302368164062500e-01,4.423604011535644531e-01,9.417380094528198242e-01
9.980151057243347168e-01,4.479365348815917969e+00,8.030195832252502441e-01
5.058503150939941406e-01,4.173225879669189453e+00,1.141070500016212463e-01
3.415344357490539551e-01,3.660742759704589844e+00,8.297680616378784180e-01
5.950521230697631836e-01,3.911839962005615234e+00,1.042538508772850037e-01
6.989633440971374512e-01,2.583280801773071289e+00,9.695979952812194824e-01
2.646327018737792969e-01,1.679577112197875977e+00,1.443027108907699585e-01
4.769052863121032715e-01,4.898162364959716797e+00,3.117771148681640625e-01
3.353073596954345703e-01,1.666826963424682617e+00,8.094717264175415039e-01
1.453126370906829834e-01,1.311749100685119629e+00,5.649443268775939941e-01
3.121436238288879395e-01,2.840881109237670898e+00,6.517625451087951660e-01
2.034773584455251694e-03,4.575911045074462891e+00,6.559996604919433594e-01
8.688222169876098633e-01,1.123433113098144531e+00,3.570933043956756592e-01
4.171457290649414062e-01,2.805031061172485352e+00,2.533491551876068115e-01
5.472287535667419434e-02,2.778518438339233398e+00,8.626673221588134766e-01
5.145613551139831543e-01,4.704841613769531250e+00,6.445646286010742188e-01
2.069781273603439331e-01,4.917954921722412109e+00,8.280600905418395996e-01
8.668331056833267212e-02,3.652606487274169922e+00,3.204387128353118896e-01
6.286166906356811523e-01,2.250301599502563477e+00,1.642356365919113159e-01
6.025992035865783691e-01,4.098362445831298828e+00,5.130208134651184082e-01
7.035137414932250977e-01,2.719145059585571289e+00,7.984825968742370605e-01
3.045089840888977051e-01,3.895748138427734375e+00,8.119555711746215820e-01
9.944961071014404297e-01,2.420238494873046875e+00,9.082321524620056152e-01
4.493099451065063477e-01,5.012039542198181152e-01,3.954285979270935059e-01
2.032477408647537231e-01,2.449682235717773438e+00,6.771932840347290039e-01
2.799621522426605225e-01,3.505606174468994141e+00,2.776097059249877930e-01
8.638803660869598389e-02,4.234226703643798828e+00,2.551316022872924805e-01
1.401604525744915009e-02,2.900829315185546875e+00,2.400725185871124268e-01
1.446211189031600952e-01,2.233649939298629761e-01,2.116809487342834473e-01
5.210992097854614258e-01,1.543863296508789062e+00,4.838104844093322754e-01
4.486373960971832275e-01,3.608923256397247314e-01,4.425638318061828613e-01
7.417449355125427246e-01,2.370501756668090820e+00,9.450468420982360840e-01
5.447121858596801758e-01,4.114824771881103516e+00,8.062501549720764160e-01
6.644894480705261230e-01,9.383034706115722656e-01,9.909153580665588379e-01
3.676273524761199951e-01,2.694533824920654297e+00,4.951242208480834961e-01
4.182219803333282471e-01,4.654788970947265625e+00,7.050096392631530762e-01
1.508713662624359131e-01,3.378805518150329590e-01,3.845257163047790527e-01
6.168333888053894043e-01,1.841126799583435059e+00,1.583443135023117065e-01
5.132442712783813477e-01,3.794473886489868164e+00,5.871605277061462402e-01
1.226479560136795044e-01,3.123764991760253906e+00,8.833452463150024414e-01
5.985131859779357910e-01,4.486470520496368408e-01,6.379470229148864746e-01
9.751720428466796875e-01,1.919993519783020020e+00,3.765617609024047852e-01
1.992214918136596680e-01,3.893702507019042969e+00,7.816124707460403442e-02
1.541694849729537964e-01,3.391189336776733398e+00,2.494426667690277100e-01
6.071587800979614258e-01,4.965178489685058594e+00,4.811566472053527832e-01
6.954553723335266113e-01,2.461940526962280273e+00,7.540448307991027832e-01
8.705005645751953125e-01,1.867763757705688477e+00,9.689477086067199707e-01
1.798816919326782227e-01,3.891546487808227539e+00,6.743137240409851074e-01
5.791934728622436523e-01,3.693103790283203125e+00,3.982212841510772705e-01
4.399133026599884033e-01,3.468819141387939453e+00,7.883675098419189453e-01
1.410654485225677490e-01,1.317449569702148438e+00,2.540451288223266602e-01
4.261160790920257568e-01,2.412462949752807617e+00,2.703788876533508301e-01
9.596835076808929443e-02,1.649075388908386230e+00,3.228318393230438232e-01
1.025243401527404785e-01,2.903589010238647461e+00,1.565809249877929688e-01
1.298273503780364990e-01,5.234601497650146484e-01,4.226899445056915283e-01
9.943515062332153320e-01,8.023073077201843262e-01,6.316538453102111816e-01
1.575219631195068359e-01,4.724339962005615234e+00,8.380944132804870605e-01
2.842520773410797119e-01,3.429044008255004883e+00,4.344066381454467773e-01
2.967701852321624756e-01,4.390706866979598999e-02,8.225393891334533691e-01
1.988198049366474152e-02,3.683159112930297852e+00,5.343357920646667480e-01
6.207823753356933594e-01,3.626562356948852539e-01,2.176956385374069214e-01
4.517834484577178955e-01,8.812615275382995605e-01,7.220749855041503906e-01
9.067949056625366211e-01,7.525829672813415527e-01,2.031177729368209839e-01
8.647619485855102539e-01,2.715251445770263672e+00,3.896661102771759033e-01
1.267590280622243881e-02,1.103970170021057129e+00,5.199336409568786621e-01
9.091368876397609711e-03,2.195083856582641602e+00,7.050082087516784668e-01
6.484336256980895996e-01,3.555475711822509766e+00,9.393926709890365601e-03
5.891885161399841309e-01,8.286346197128295898e-01,3.641647994518280029e-01
4.966334402561187744e-01,4.412375450134277344e+00,8.472619652748107910e-01
7.397406101226806641e-01,4.632100582122802734e+00,2.970662713050842285e-01
7.825263738632202148e-01,4.553913593292236328e+00,1.354885380715131760e-02
3.517762292176485062e-03,4.516156673431396484e+00,4.361410140991210938e-01
2.828063368797302246e-01,4.147050380706787109e+00,9.363250732421875000e-01
9.516656398773193359e-01,2.453734636306762695e+00,6.746978163719177246e-01
9.711474180221557617e-01,3.971557140350341797e+00,9.910561442375183105e-01
4.175361096858978271e-01,4.545803546905517578e+00,4.452330991625785828e-02
7.528484612703323364e-02,2.683503150939941406e+00,8.581153154373168945e-01
4.305420517921447754e-01,2.484978735446929932e-01,2.389662563800811768e-01
3.265073895454406738e-01,3.923424959182739258e+00,8.425382971763610840e-01
3.727899193763732910e-01,4.703556537628173828e+00,7.252637743949890137e-01
7.821028828620910645e-01,1.197513222694396973e+00,5.967119336128234863e-01
3.981488943099975586e-01,8.140358328819274902e-01,4.658032357692718506e-01
1.064099594950675964e-01,3.615468367934226990e-02,2.247480154037475586e-01
8.860418200492858887e-01,2.373515844345092773e+00,1.485162526369094849e-01
6.195616126060485840e-01,8.952064514160156250e-01,6.362574640661478043e-03
8.244007229804992676e-01,3.484901189804077148e+00,6.955578327178955078e-01
2.283351719379425049e-01,4.168089389801025391e+00,2.134740054607391357e-01
9.392879009246826172e-01,1.525313377380371094e+00,3.919330537319183350e-01
9.585602879524230957e-01,4.400057792663574219e+00,3.110376894474029541e-01
7.350443005561828613e-01,1.593494415283203125e+00,7.863091230392456055e-01
1.335322260856628418e-01,4.611488342285156250e+00,9.498817920684814453e-01
7.404014468193054199e-01,2.389768600463867188e+00,1.832048147916793823e-01
5.683519840240478516e-01,1.397580742835998535e+00,3.636269569396972656e-01
7.373297214508056641e-01,4.562666416168212891e+00,7.430891692638397217e-02
3.959370553493499756e-01,4.661787033081054688e+00,1.952867396175861359e-02
8.264247775077819824e-01,2.396473407745361328e+00,1.111060678958892822e-01
6.180536150932312012e-01,1.901103615760803223e+00,1.880109757184982300e-01
1.135983169078826904e-01,4.389506816864013672e+00,4.062686562538146973e-01
8.443558216094970703e-01,6.313119083642959595e-02,9.887915104627609253e-02
1.123501509428024292e-01,3.302067220211029053e-01,1.035212054848670959e-01
8.457173705101013184e-01,9.145728349685668945e-01,9.228219091892242432e-02
5.766938328742980957e-01,2.564961433410644531e+00,5.932481288909912109e-01
9.497076272964477539e-01,1.832027077674865723e+00,7.915447950363159180e-01
2.884767651557922363e-01,2.167579889297485352e+00,3.744855523109436035e-01
7.696092873811721802e-02,2.832637548446655273e+00,7.071577906608581543e-01
2.411027848720550537e-01,4.978375911712646484e+00,4.129449129104614258e-01
2.133969068527221680e-01,1.498769402503967285e+00,5.781837105751037598e-01
2.021707147359848022e-01,2.017669677734375000e+00,7.503150701522827148e-01
1.059659197926521301e-02,6.019134521484375000e-01,6.544091105461120605e-01
1.158114746212959290e-01,4.891974449157714844e+00,9.157063961029052734e-01
7.914073765277862549e-02,4.587505817413330078e+00,6.383697390556335449e-01
5.929023623466491699e-01,2.282866001129150391e+00,8.660365343093872070e-01
6.275023818016052246e-01,2.359654188156127930e+00,6.257265210151672363e-01
2.777106761932373047e-01,3.491487503051757812e-01,5.101857781410217285e-01
5.783323571085929871e-02,3.502351999282836914e+00,3.087401390075683594e-01
8.836382031440734863e-01,6.094407439231872559e-01,6.922778207808732986e-03
2.206510305404663086e-01,1.978626489639282227e+00,1.044045686721801758e-01
9.795578718185424805e-01,3.103518962860107422e+00,5.249701738357543945e-01
2.529551088809967041e-01,2.356969833374023438e+00,8.342503756284713745e-02
7.489559054374694824e-01,3.979074358940124512e-01,9.108368754386901855e-01
8.985038995742797852e-01,2.014945447444915771e-01,7.999333739280700684e-01
3.176063597202301025e-01,1.160015702247619629e+00,5.658211112022399902e-01
8.867779374122619629e-01,2.485049724578857422e+00,9.280245006084442139e-02
3.167505562305450439e-01,2.720750093460083008e+00,6.741004437208175659e-02
7.880206108093261719e-01,4.287801265716552734e+00,7.455988228321075439e-02
4.454377293586730957e-01,4.600197315216064453e+00,7.577417492866516113e-01
8.269655704498291016e-01,1.458515822887420654e-01,1.013268381357192993e-01
6.588328480720520020e-01,1.759278416633605957e+00,3.647210896015167236e-01
1.092287749052047729e-01,1.779216289520263672e+00,7.820944786071777344e-01
8.587198257446289062e-01,1.410155296325683594e+00,4.734603762626647949e-01
6.973882317543029785e-01,1.482864141464233398e+00,9.227820038795471191e-01
3.723855018615722656e-01,1.883395910263061523e+00,5.277728438377380371e-01
3.963327407836914062e-01,2.706547737121582031e+00,2.334318757057189941e-01
4.466836750507354736e-01,2.742766141891479492e+00,9.106198549270629883e-01
9.077853560447692871e-01,1.273786187171936035e+00,9.630138278007507324e-01
9.083990454673767090e-01,4.744752407073974609e+00,5.861540436744689941e-01
8.224470019340515137e-01,3.631885290145874023e+00,1.002449393272399902e-01
2.212270498275756836e-01,3.614789009094238281e+00,5.786333084106445312e-01
3.683686554431915283e-01,2.407959461212158203e+00,1.135699972510337830e-01
9.837646484375000000e-01,1.640801548957824707e+00,2.492168247699737549e-01
5.414879918098449707e-01,4.383060932159423828e+00,6.501193046569824219e-01
7.233496904373168945e-01,9.368572235107421875e-01,7.189841568470001221e-02
3.851665556430816650e-02,5.196715146303176880e-02,9.470859169960021973e-02
1.075023412704467773e-01,1.526643991470336914e+00,8.051477372646331787e-02
5.862684845924377441e-01,4.608895778656005859e-01,3.279393613338470459e-01
8.490480780601501465e-01,3.487502813339233398e+00,6.973262429237365723e-01
3.608726859092712402e-01,2.502480745315551758e+00,1.412283480167388916e-01
5.986743047833442688e-02,4.200638771057128906e+00,3.487727642059326172e-01
6.972783207893371582e-01,4.083874523639678955e-01,6.026496365666389465e-02
1.903654932975769043e-01,1.547530651092529297e+00,3.214178979396820068e-01
7.565343976020812988e-01,3.521733522415161133e+00,1.662806421518325806e-01
8.289508819580078125e-01,9.805549383163452148e-01,4.771632552146911621e-01
9.880536794662475586e-01,9.498757719993591309e-01,9.485889077186584473e-01
9.660004377365112305e-01,5.941726565361022949e-01,6.141930222511291504e-01
8.739976882934570312e-01,3.352844119071960449e-01,4.331091046333312988e-01
7.385316491127014160e-01,4.845278739929199219e+00,3.776920735836029053e-01
2.385629806667566299e-03,3.011783599853515625e+00,9.390619993209838867e-01
4.539078772068023682e-01,3.693513393402099609e+00,6.809740066528320312e-01
1.016221717000007629e-01,1.307609915733337402e+00,3.144306540489196777e-01
2.362586706876754761e-01,4.145180061459541321e-02,3.665033578872680664e-01
1.227023079991340637e-01,3.476155996322631836e+00,2.673619091510772705e-01
7.956185340881347656e-01,3.170449018478393555e+00,2.768481075763702393e-01
6.004993915557861328e-01,3.672447919845581055e+00,5.256929993629455566e-01
7.766836285591125488e-01,3.428239345550537109e+00,6.835480332374572754e-01
9.924055337905883789e-01,1.479907751083374023e+00,4.886547327041625977e-01
4.697432816028594971e-01,2.912829160690307617e+00,4.260641336441040039e-01
5.920913219451904297e-01,4.214889526367187500e+00,1.466530859470367432e-01
5.657980442047119141e-01,1.733480215072631836e+00,8.427817225456237793e-01
2.438286542892456055e-01,2.553159713745117188e+00,3.824121057987213135e-01
4.652470648288726807e-01,1.419432759284973145e+00,8.645844459533691406e-01
1.063341870903968811e-01,2.869945526123046875e+00,2.302900552749633789e-01
9.728785753250122070e-01,4.185619831085205078e+00,7.269156575202941895e-01
3.355628848075866699e-01,1.322441816329956055e+00,9.238911271095275879e-01
1.324762254953384399e-01,1.816451787948608398e+00,6.725979596376419067e-02
3.465597331523895264e-01,2.863988876342773438e+00,3.801829367876052856e-02
7.550017535686492920e-02,8.080890178680419922e-01,6.847447156906127930e-01
9.293863773345947266e-01,1.803681850433349609e+00,7.533057034015655518e-02
2.973911762237548828e-01,2.469807863235473633e+00,2.917915582656860352e-01
4.949431419372558594e-01,3.309417247772216797e+00,5.865724682807922363e-01
2.601912021636962891e-01,3.575994491577148438e+00,8.607721328735351562e-01
7.783032208681106567e-02,7.291393876075744629e-01,3.930455446243286133e-01
8.953062891960144043e-01,3.890521526336669922e-01,4.313481748104095459e-01
6.443613767623901367e-01,3.297018051147460938e+00,6.095161437988281250e-01
4.205319583415985107e-01,3.712397336959838867e+00,9.298976659774780273e-01
5.854623913764953613e-01,4.268387556076049805e-01,1.366128623485565186e-01
7.012671232223510742e-01,4.198872089385986328e+00,4.530790150165557861e-01
7.651163935661315918e-01,2.942560434341430664e+00,8.541694283485412598e-01
4.087588191032409668e-01,2.404916286468505859e+00,2.920790612697601318e-01
8.070063591003417969e-01,1.485999584197998047e+00,2.401057332754135132e-01
2.146700322628021240e-01,2.715914726257324219e+00,2.109725773334503174e-01
1.666414141654968262e-01,4.000420570373535156e+00,6.302481144666671753e-02
9.966429471969604492e-01,3.434911489486694336e+00,5.786748528480529785e-01
2.124555855989456177e-01,2.201424598693847656e+00,1.334552466869354248e-01
1.497841775417327881e-01,4.974303722381591797e+00,6.410102844238281250e-01
2.013366520404815674e-01,1.447959065437316895e+00,8.843749165534973145e-01
8.269413113594055176e-01,4.862357616424560547e+00,7.085894942283630371e-01
9.102582335472106934e-01,4.845334053039550781e+00,5.243583321571350098e-01
2.654466331005096436e-01,4.472569525241851807e-01,4.442732334136962891e-01
6.853488087654113770e-02,4.995113015174865723e-01,7.140772342681884766e-01
9.143765568733215332e-01,1.721830964088439941e+00,3.295344412326812744e-01
5.868894606828689575e-02,1.468894183635711670e-01,5.692545175552368164e-01
5.637898445129394531e-01,2.099389076232910156e+00,3.502015471458435059e-01
7.685508131980895996e-01,4.241276741027832031e+00,5.254506468772888184e-01
3.752761781215667725e-01,4.654365062713623047e+00,3.107041120529174805e-01
8.277760744094848633e-01,8.202317953109741211e-01,4.681903719902038574e-01
8.406284451484680176e-01,2.075456142425537109e+00,6.580217480659484863e-01
5.299482941627502441e-01,1.052152633666992188e+00,7.003275156021118164e-01
8.965503573417663574e-01,3.994040012359619141e+00,7.452235370874404907e-02
1.971573382616043091e-01,1.400117993354797363e+00,5.770931839942932129e-01
1.084296777844429016e-01,4.899067878723144531e+00,6.555578112602233887e-01
8.764013648033142090e-01,2.535772800445556641e+00,9.981374144554138184e-01
6.466147303581237793e-01,2.527183771133422852e+00,6.457823514938354492e-02
4.224313199520111084e-01,2.995855569839477539e+00,8.327192068099975586e-01
7.108835577964782715e-01,4.635154724121093750e+00,5.290653705596923828e-01
6.883404254913330078e-01,2.168535709381103516e+00,2.865113317966461182e-01
2.936501428484916687e-02,8.415334671735763550e-02,7.300046086311340332e-01
5.674257874488830566e-01,1.400205492973327637e+00,8.742992877960205078e-01
5.966846346855163574e-01,1.451795935630798340e+00,4.706178903579711914e-01
2.001906335353851318e-01,1.962340116500854492e+00,6.561218500137329102e-01
1.962701529264450073e-01,2.913482666015625000e+00,6.137600541114807129e-01
4.554997086524963379e-01,4.423305034637451172e+00,4.949722886085510254e-01
4.801892042160034180e-01,2.120833396911621094e+00,6.546084284782409668e-01
4.498525559902191162e-01,4.631066322326660156e+00,2.062114477157592773e-01
5.785598605871200562e-02,3.403404712677001953e+00,5.429335236549377441e-01
8.310896158218383789e-01,2.762652397155761719e+00,2.932651340961456299e-01
2.301560342311859131e-01,4.177310466766357422e+00,8.621410131454467773e-01
8.988141417503356934e-01,1.172486424446105957e+00,4.731057882308959961e-01
4.705612659454345703e-01,1.665289878845214844e+00,7.846311330795288086e-01
2.956811785697937012e-01,1.374836206436157227e+00,9.005997180938720703e-01
1.625498980283737183e-01,8.896238207817077637e-01,8.543676137924194336e-01
2.002000808715820312e-01,3.472498178482055664e+00,7.162724137306213379e-01
3.412256538867950439e-01,4.321382045745849609e+00,9.876849651336669922e-01
1.152901351451873779e-01,4.610767841339111328e+00,3.243136703968048096e-01
4.765649512410163879e-02,4.079346656799316406e+00,4.801461994647979736e-01
5.838774442672729492e-01,3.728512048721313477e+00,9.226975440979003906e-01
9.663810133934020996e-01,2.784705400466918945e+00,8.090425133705139160e-01
2.028694748878479004e-01,1.676191091537475586e+00,5.418120026588439941e-01
7.120525836944580078e-01,1.160555243492126465e+00,4.299499690532684326e-01
7.769165039062500000e-01,7.959919571876525879e-01,6.736284494400024414e-01
2.286628931760787964e-01,2.468000799417495728e-01,4.341286122798919678e-01
4.641402661800384521e-01,3.752326965332031250e+00,2.203935086727142334e-01
4.559927880764007568e-01,1.115797281265258789e+00,6.099919080734252930e-01
9.289647936820983887e-01,9.145708084106445312e-01,9.873228073120117188e-01
5.326187610626220703e-01,4.463853359222412109e+00,5.820713043212890625e-01
1.628154814243316650e-01,1.926808834075927734e+00,1.167520359158515930e-01
4.744494855403900146e-01,3.355258941650390625e+00,8.047756552696228027e-01
4.016666710376739502e-01,2.117388725280761719e+00,7.059869170188903809e-01
2.705386579036712646e-01,3.339900493621826172e+00,7.817581892013549805e-01
1.506692320108413696e-01,2.085421800613403320e+00,3.861891627311706543e-01
3.787070047110319138e-03,4.320046901702880859e+00,6.115186810493469238e-01
3.375699818134307861e-01,2.021170616149902344e+00,3.691117763519287109e-01
3.247789144515991211e-01,1.847450971603393555e+00,7.635315656661987305e-01
8.249048143625259399e-02,1.411447405815124512e+00,7.196573019027709961e-01
9.324014782905578613e-01,2.551811933517456055e+00,9.787852168083190918e-01
5.000360608100891113e-01,4.609295845031738281e+00,3.537468612194061279e-01
7.280612587928771973e-01,1.588188052177429199e+00,7.684352397918701172e-01
8.797854185104370117e-01,2.048938989639282227e+00,3.865394592285156250e-01
2.050443291664123535e-01,2.068382263183593750e+00,2.726472616195678711e-01
3.894259929656982422e-01,2.923062443733215332e-01,7.137575149536132812e-01
1.903192549943923950e-01,4.634391307830810547e+00,2.642630338668823242e-01
5.696764215826988220e-02,4.545939445495605469e+00,8.654279708862304688e-01
8.078644871711730957e-01,2.715794086456298828e+00,8.991735577583312988e-01
1.691587418317794800e-01,2.206169128417968750e+00,8.516641855239868164e-01
1.571366935968399048e-01,2.591489076614379883e+00,6.563456654548645020e-01
1.281059831380844116e-01,3.043216705322265625e+00,2.328428328037261963e-01
4.999945759773254395e-01,3.737253248691558838e-01,3.804131150245666504e-01
7.666186094284057617e-01,1.890441417694091797e+00,5.510983467102050781e-01
7.678077220916748047e-01,4.758087158203125000e+00,4.750191569328308105e-01
5.881253480911254883e-01,3.601031005382537842e-01,1.738957166671752930e-01
9.296212792396545410e-01,3.666703701019287109e+00,7.750667333602905273e-01
6.642085313796997070e-01,1.856106966733932495e-01,8.249761462211608887e-01
1.806743144989013672e-01,8.108514547348022461e-01,7.626926302909851074e-01
3.901857435703277588e-01,4.655694007873535156e+00,9.262436032295227051e-01
9.522231817245483398e-01,3.702586174011230469e+00,5.776687264442443848e-01
7.551820874214172363e-01,1.698726058006286621e+00,7.258107662200927734e-01
4.767873585224151611e-01,4.646695137023925781e+00,5.916280150413513184e-01
6.980670690536499023e-01,4.905476093292236328e+00,4.431084096431732178e-01
2.643496990203857422e-01,3.804481029510498047e+00,5.044300556182861328e-01
5.963159203529357910e-01,1.321696519851684570e+00,4.852945506572723389e-01
1.741822659969329834e-01,4.917591571807861328e+00,8.332203626632690430e-01
9.090783596038818359e-01,1.458017826080322266e+00,2.427949160337448120e-01
3.840924799442291260e-01,3.570468664169311523e+00,2.092983722686767578e-01
7.578841447830200195e-01,4.922900676727294922e+00,6.442808508872985840e-01
6.810838580131530762e-01,1.328150629997253418e+00,9.263966083526611328e-01
2.137922048568725586e-01,1.955713391304016113e+00,1.608150266110897064e-02
3.399196267127990723e-01,4.876854896545410156e+00,1.092395335435867310e-01
7.506551146507263184e-01,1.702983379364013672e+00,5.442558526992797852e-01
3.707673400640487671e-02,2.850857734680175781e+00,7.718065381050109863e-01
6.385520100593566895e-01,4.606151580810546875e-01,3.266015648841857910e-01
3.928253948688507080e-01,2.231399059295654297e+00,3.447881639003753662e-01
4.371744394302368164e-01,2.785001993179321289e+00,8.294606804847717285e-01
4.471485912799835205e-01,4.929067134857177734e+00,6.555401086807250977e-01
7.547011375427246094e-01,8.927189111709594727e-01,6.242517828941345215e-01
9.918678402900695801e-01,2.157753407955169678e-01,7.738275527954101562e-01
1.134243756532669067e-01,7.572238892316818237e-02,2.945181131362915039e-01
6.224594265222549438e-02,2.809268832206726074e-01,1.909436732530593872e-01
8.142993785440921783e-03,1.969224214553833008e+00,8.914173394441604614e-02
9.018411040306091309e-01,4.741074085235595703e+00,1.305303126573562622e-01
1.322129070758819580e-01,2.785664558410644531e+00,6.626651436090469360e-02
5.463797226548194885e-02,2.280473947525024414e+00,6.100963950157165527e-01
4.186955690383911133e-01,4.953994750976562500e+00,6.947002410888671875e-01
5.789764523506164551e-01,3.060617923736572266e+00,1.160754412412643433e-01
8.249140530824661255e-02,2.313103437423706055e+00,8.864477276802062988e-01
7.796280384063720703e-01,1.555935978889465332e+00,3.780498728156089783e-02
7.494962215423583984e-02,3.085544109344482422e+00,8.127360939979553223e-01
5.439276695251464844e-01,4.697615146636962891e+00,1.955775916576385498e-01
4.450683295726776123e-01,1.281828999519348145e+00,7.993553578853607178e-02
2.460853010416030884e-01,4.953050136566162109e+00,3.354034200310707092e-02
2.134869694709777832e-01,4.013937473297119141e+00,7.741024345159530640e-02
6.549960970878601074e-01,4.107366561889648438e+00,8.715278506278991699e-01
9.440959431231021881e-03,3.930801868438720703e+00,6.876083016395568848e-01
9.807259440422058105e-01,1.293947100639343262e+00,3.255988955497741699e-01
3.547603785991668701e-01,2.838495016098022461e+00,4.981831312179565430e-01
3.212746083736419678e-01,3.671025514602661133e+00,6.031222343444824219e-01
2.728606462478637695e-01,5.700392127037048340e-01,8.930982947349548340e-01
2.012958824634552002e-01,1.944138288497924805e+00,5.426182150840759277e-01
8.690188527107238770e-01,1.581603437662124634e-01,2.838126718997955322e-01
1.694580465555191040e-01,4.688274383544921875e+00,2.679429948329925537e-01
8.527488708496093750e-01,1.827857851982116699e+00,5.000343322753906250e-01
3.646558225154876709e-01,1.041431665420532227e+00,8.870410919189453125e-01
8.344387412071228027e-01,1.060824751853942871e+00,6.737993657588958740e-02
4.106058478355407715e-01,7.307456731796264648e-01,5.793724060058593750e-01
6.335495114326477051e-01,3.479462385177612305e+00,6.389315724372863770e-01
2.043588645756244659e-02,3.391653060913085938e+00,2.429806888103485107e-01
5.878185629844665527e-01,2.536968946456909180e+00,9.211308360099792480e-01
9.061349034309387207e-01,4.383327007293701172e+00,2.389700412750244141e-01
2.810840308666229248e-01,1.311676979064941406e+00,4.803501367568969727e-01
6.529659032821655273e-01,1.454813480377197266e+00,8.746286630630493164e-01
4.004031121730804443e-01,4.405191838741302490e-01,5.428953841328620911e-02
9.318302273750305176e-01,4.597036361694335938e+00,6.824799776077270508e-01
6.849454045295715332e-01,4.811383724212646484e+00,9.872413277626037598e-01
2.706063985824584961e-01,6.185786128044128418e-01,7.615247368812561035e-01
1.726003140211105347e-01,3.157663583755493164e+00,3.634068071842193604e-01
5.561183094978332520e-01,4.076950550079345703e+00,2.439401596784591675e-01
3.959333300590515137e-01,3.424645185470581055e+00,8.891625404357910156e-01
6.822168231010437012e-01,1.774694442749023438e+00,8.913930058479309082e-01
6.138276457786560059e-01,2.213559389114379883e+00,2.028687149286270142e-01
2.029471248388290405e-01,3.573786020278930664e+00,7.377355694770812988e-01
4.557270556688308716e-02,5.772274136543273926e-01,7.907902002334594727e-01
1.432014405727386475e-01,1.217564821243286133e+00,5.536150932312011719e-01
1.650844961404800415e-01,2.613638341426849365e-01,4.121997058391571045e-01
9.319269657135009766e-01,1.153174757957458496e+00,5.876343846321105957e-01
6.431720852851867676e-01,1.138078927993774414e+00,9.196330308914184570e-01
1.367620378732681274e-01,2.539859294891357422e+00,4.455474615097045898e-01
7.801148295402526855e-01,1.569169163703918457e-01,6.784536838531494141e-01
2.050303071737289429e-01,3.629184722900390625e+00,7.875508666038513184e-01
4.254748299717903137e-02,2.946762561798095703e+00,2.233318388462066650e-01
3.666087687015533447e-01,3.144783735275268555e+00,9.947508573532104492e-01
3.107985556125640869e-01,3.759768486022949219e+00,9.914305806159973145e-02
5.951088070869445801e-01,3.393029689788818359e+00,1.511150300502777100e-01
4.197721779346466064e-01,3.377357244491577148e+00,4.738311767578125000e-01
8.413191437721252441e-01,3.313869714736938477e+00,3.891515433788299561e-01
1.235209703445434570e-01,6.891630291938781738e-01,6.695834994316101074e-01
6.893366575241088867e-01,3.341535806655883789e+00,9.185122847557067871e-01
6.787549257278442383e-01,8.709695339202880859e-01,9.245049953460693359e-01
1.140343770384788513e-01,3.233998060226440430e+00,2.115656882524490356e-01
2.107629328966140747e-01,2.568314969539642334e-01,4.449482858180999756e-01
5.073428750038146973e-01,3.511793613433837891e+00,1.315782070159912109e-01
8.947308063507080078e-01,1.354282379150390625e+00,2.891313135623931885e-01
7.007001638412475586e-01,7.608582377433776855e-01,4.419312477111816406e-01
4.901965260505676270e-01,1.698537230491638184e+00,6.690961122512817383e-01
8.992936015129089355e-01,2.795665502548217773e+00,6.033963561058044434e-01
6.416012048721313477e-01,3.109510660171508789e+00,8.955962061882019043e-01
8.073815703392028809e-01,4.941546440124511719e+00,9.398663043975830078e-01
7.522325515747070312e-01,3.376035690307617188e+00,2.308298647403717041e-01
3.445355594158172607e-01,3.105614900588989258e+00,4.307888150215148926e-01
2.915146350860595703e-01,1.861567646265029907e-01,5.553128123283386230e-01
1.882189810276031494e-01,1.121939897537231445e+00,2.809040248394012451e-01
3.272482454776763916e-01,1.108303427696228027e+00,8.488655090332031250e-01
9.846217632293701172e-01,4.595109939575195312e+00,3.947179913520812988e-01
9.930118322372436523e-01,2.451567649841308594e+00,8.887239098548889160e-01
5.538967847824096680e-01,4.246892452239990234e+00,9.268712401390075684e-01
2.619061768054962158e-01,1.793779969215393066e+00,9.392123818397521973e-01
8.114416599273681641e-01,4.307631969451904297e+00,2.433080822229385376e-01
2.967792749404907227e-01,4.206596851348876953e+00,3.702123165130615234e-01
4.922558367252349854e-02,4.092953503131866455e-01,5.491887331008911133e-01
2.722877264022827148e-01,2.877541303634643555e+00,5.866812542080879211e-02
3.414078950881958008e-01,4.229784965515136719e+00,8.811663985252380371e-01
4.162479937076568604e-01,2.955517768859863281e+00,2.474449723958969116e-01
3.668381571769714355e-01,2.082763195037841797e+00,1.086517125368118286e-01
5.457335710525512695e-01,4.180881977081298828e+00,8.066837787628173828e-01
3.346515595912933350e-01,1.490056633949279785e+00,2.485632002353668213e-01
5.334521532058715820e-01,3.044984340667724609e+00,2.167497575283050537e-01
5.616897940635681152e-01,1.992253899574279785e+00,7.163904905319213867e-01
2.370334118604660034e-01,3.146940231323242188e+00,1.073179580271244049e-02
1.147498097270727158e-02,2.563680410385131836e+00,6.787973642349243164e-01
7.938776016235351562e-01,4.399520397186279297e+00,8.891987800598144531e-01
1.471112370491027832e-01,7.689703702926635742e-01,4.154082834720611572e-01
8.875496387481689453e-01,3.488116264343261719e+00,1.684565246105194092e-01
2.690885066986083984e-01,6.276863217353820801e-01,8.717442750930786133e-01
4.406344518065452576e-02,2.907962560653686523e+00,2.574103176593780518e-01
2.485021799802780151e-01,3.688899278640747070e+00,4.773581922054290771e-01
2.999019324779510498e-01,1.076103210449218750e+00,6.153619885444641113e-01
2.049521058797836304e-01,5.065902471542358398e-01,9.364157319068908691e-01
4.359638988971710205e-01,1.484108328819274902e+00,7.440737485885620117e-01
3.720110654830932617e-01,2.975437164306640625e+00,5.576087236404418945e-01
2.095532268285751343e-01,3.957103013992309570e+00,2.851757705211639404e-01
5.541970729827880859e-01,4.695707321166992188e+00,9.593071788549423218e-02
7.057331204414367676e-01,4.520369052886962891e+00,2.887635827064514160e-01
5.925689935684204102e-01,4.582582712173461914e-01,3.977853655815124512e-01
2.091306447982788086e-01,3.457890033721923828e+00,4.036736115813255310e-02
8.125175237655639648e-01,4.118887424468994141e+00,5.519578456878662109e-01
4.612527191638946533e-01,1.478721141815185547e+00,4.870960116386413574e-02
2.771720290184020996e-01,4.680009841918945312e+00,8.193657398223876953e-01
7.324956655502319336e-01,3.525102138519287109e+00,1.315458714962005615e-01
7.087694406509399414e-01,6.661660969257354736e-02,4.153904020786285400e-01
8.752522468566894531e-01,3.706018686294555664e+00,6.854991912841796875e-01
4.418162107467651367e-01,4.881651878356933594e+00,2.999367713928222656e-01
6.660937070846557617e-01,8.453009724617004395e-01,3.691118061542510986e-01
5.319437980651855469e-01,2.997352600097656250e+00,9.303177595138549805e-01
7.873277664184570312e-01,1.821040034294128418e+00,2.998332977294921875e-01
6.575381755828857422e-02,1.249109148979187012e+00,6.635325551033020020e-01
3.906040219590067863e-04,4.559289932250976562e+00,5.225479006767272949e-01
2.133831530809402466e-01,3.756664752960205078e+00,2.528931796550750732e-01
9.703102111816406250e-01,2.885949313640594482e-01,4.691011011600494385e-01
9.414619207382202148e-01,3.571330308914184570e-01,4.159038960933685303e-01
6.535564064979553223e-01,3.161197304725646973e-01,5.836527347564697266e-01
2.699222862720489502e-01,4.577215671539306641e+00,1.993711441755294800e-01
5.476021766662597656e-01,1.020609617233276367e+00,8.223251700401306152e-01
3.644810616970062256e-01,1.925366878509521484e+00,5.788540244102478027e-01
5.205436944961547852e-01,2.569676637649536133e+00,1.485847681760787964e-01
8.155339956283569336e-01,1.176808118820190430e+00,2.528721690177917480e-01
8.417978882789611816e-01,9.869467616081237793e-01,6.822291761636734009e-02
9.663854837417602539e-01,2.359794855117797852e+00,8.112381100654602051e-01
2.966005206108093262e-01,4.085731506347656250e+00,5.603501796722412109e-01
6.802677512168884277e-01,3.906029939651489258e+00,9.888528585433959961e-01
2.487550675868988037e-01,3.173290252685546875e+00,6.743587851524353027e-01
7.492937445640563965e-01,3.735602855682373047e+00,1.556928157806396484e-01
8.135615587234497070e-01,4.449192047119140625e+00,6.002590656280517578e-01
6.594160795211791992e-01,3.312099218368530273e+00,6.785674095153808594e-01
8.414581418037414551e-01,4.047290682792663574e-01,5.673251748085021973e-01
3.028818070888519287e-01,4.312891483306884766e+00,9.238104522228240967e-02
4.734848737716674805e-01,1.339649111032485962e-01,7.959623932838439941e-01
6.832468509674072266e-01,3.398431062698364258e+00,5.008246302604675293e-01
2.717732489109039307e-01,4.922489643096923828e+00,4.681361913681030273e-01
9.695810675621032715e-01,4.690533161163330078e+00,1.889852881431579590e-01
8.767131567001342773e-01,4.378934383392333984e+00,1.862059980630874634e-01
1.198940873146057129e-01,7.343617081642150879e-02,9.859167933464050293e-01
5.686163902282714844e-01,3.453447103500366211e+00,5.468481779098510742e-01
5.882183909416198730e-01,4.395332813262939453e+00,1.418526172637939453e-01
3.100408706814050674e-03,1.784607172012329102e+00,2.806427478790283203e-01
3.621484637260437012e-01,2.963955879211425781e+00,4.396079182624816895e-01
2.525205016136169434e-01,3.715903282165527344e+00,2.633022964000701904e-01
2.199193686246871948e-01,4.707177162170410156e+00,6.237821578979492188e-01
1.996640563011169434e-01,3.232707500457763672e+00,4.218352437019348145e-01
3.855918943881988525e-01,3.369667768478393555e+00,2.388755381107330322e-01
5.404829382896423340e-01,4.419167518615722656e+00,5.373327136039733887e-01
6.610092520713806152e-01,4.529080867767333984e+00,1.595904864370822906e-02
9.453114867210388184e-01,5.360295176506042480e-01,4.863485097885131836e-01
4.720935523509979248e-01,1.877681612968444824e-01,6.467282176017761230e-01
1.124809607863426208e-01,3.696803808212280273e+00,4.385096728801727295e-01
9.620287269353866577e-02,4.251132965087890625e+00,1.970082223415374756e-01
4.746755957603454590e-01,3.516294658184051514e-01,8.885053396224975586e-01
5.070037245750427246e-01,1.294300198554992676e+00,8.321832418441772461e-01
8.546198606491088867e-01,2.618851423263549805e+00,9.676535725593566895e-01
1.143359467387199402e-01,1.757703661918640137e+00,9.440020918846130371e-01
3.605517745018005371e-01,2.976485252380371094e+00,2.705552279949188232e-01
2.338378280401229858e-01,3.533580303192138672e+00,6.669431328773498535e-01
7.581048607826232910e-01,1.731604695320129395e+00,1.544339507818222046e-01
2.405399084091186523e-01,4.916210174560546875e+00,9.726487100124359131e-02
3.119389116764068604e-01,3.931220531463623047e+00,8.184943795204162598e-01
4.240705966949462891e-01,1.404785871505737305e+00,8.925160169601440430e-01
3.761530816555023193e-01,3.000802516937255859e+00,5.006073117256164551e-01
8.541448116302490234e-01,1.745401263236999512e+00,8.294377326965332031e-01
8.931502103805541992e-01,2.225572586059570312e+00,1.699678599834442139e-01
8.033660054206848145e-02,1.303044915199279785e+00,8.110766857862472534e-02
5.632182359695434570e-01,3.350492238998413086e+00,3.642199635505676270e-01
3.726430237293243408e-01,2.524278402328491211e+00,3.125330805778503418e-01
3.739576935768127441e-01,3.615142107009887695e-01,8.350740671157836914e-01
3.941418528556823730e-01,3.058996677398681641e+00,5.521371364593505859e-01
3.349545598030090332e-01,3.247577667236328125e+00,2.022185176610946655e-01
7.491804361343383789e-01,4.619289875030517578e+00,3.162746131420135498e-01
4.554936587810516357e-01,4.723738193511962891e+00,1.051907166838645935e-01
7.375221848487854004e-01,3.280852556228637695e+00,6.157132387161254883e-01
7.739795446395874023e-01,2.911439657211303711e+00,5.690160989761352539e-01
1.672624945640563965e-01,2.423962116241455078e+00,1.939378082752227783e-01
2.991790771484375000e-01,1.780014514923095703e+00,7.303876280784606934e-01
1.660369783639907837e-01,2.033014059066772461e+00,7.370937615633010864e-02
9.586405940353870392e-03,2.120552301406860352e+00,6.829101443290710449e-01
3.250562846660614014e-01,5.140659809112548828e-01,7.996745705604553223e-01
5.788456201553344727e-01,4.918064117431640625e+00,9.450727142393589020e-03
3.331847786903381348e-01,3.208155393600463867e+00,5.907067060470581055e-01
6.706205010414123535e-02,1.656372070312500000e+00,2.946809530258178711e-01
4.030035436153411865e-02,2.932263374328613281e+00,2.674914300441741943e-01
2.532091438770294189e-01,3.919780015945434570e+00,7.941287159919738770e-01
3.381163477897644043e-01,1.140571475028991699e+00,3.730320632457733154e-01
7.674761861562728882e-02,3.075237751007080078e+00,3.850874602794647217e-01
9.901977181434631348e-01,3.569567680358886719e+00,6.955982446670532227e-01
2.821327447891235352e-01,2.135235309600830078e+00,7.571526169776916504e-01
5.595477819442749023e-01,2.917435884475708008e+00,6.689586043357849121e-01
9.596593976020812988e-01,4.800566673278808594e+00,5.890755057334899902e-01
6.669583916664123535e-01,5.022923946380615234e-01,4.648056626319885254e-01
5.681099891662597656e-01,7.511131167411804199e-01,9.562456607818603516e-01
6.844652295112609863e-01,1.320721745491027832e+00,7.283432036638259888e-02
7.125601172447204590e-01,9.943991303443908691e-01,9.581221938133239746e-01
8.178879618644714355e-01,3.031922340393066406e+00,1.217895820736885071e-01
1.121983081102371216e-01,3.525962829589843750e+00,2.407199293375015259e-01
7.720980048179626465e-01,2.590163707733154297e+00,9.697328805923461914e-01
4.180737137794494629e-01,3.201970815658569336e+00,8.707944750785827637e-01
1.055258214473724365e-01,2.126935482025146484e+00,7.291079759597778320e-01
2.886142730712890625e-01,1.742465376853942871e+00,3.700329959392547607e-01
9.467894434928894043e-01,1.748636364936828613e-01,8.327913880348205566e-01
7.710596919059753418e-02,2.843186616897583008e+00,2.175312638282775879e-01
8.149566054344177246e-01,4.953808307647705078e+00,8.377066254615783691e-01
3.608770668506622314e-01,2.267879724502563477e+00,3.632947504520416260e-01
2.395228110253810883e-02,1.701261758804321289e+00,6.076428294181823730e-02
7.574711441993713379e-01,9.675433039665222168e-01,9.924902319908142090e-01
6.991013884544372559e-01,4.123737812042236328e+00,4.125040769577026367e-01
3.573826700448989868e-02,4.308288574218750000e+00,2.799222171306610107e-01
8.402833342552185059e-01,4.916903495788574219e+00,5.130011439323425293e-01
3.961360454559326172e-01,4.768663883209228516e+00,5.739189982414245605e-01
2.989400327205657959e-01,1.861528515815734863e+00,7.895377278327941895e-01
5.211094617843627930e-01,3.619458973407745361e-01,2.559747695922851562e-01
6.504208445549011230e-01,1.220455169677734375e+00,8.543220758438110352e-01
9.529610872268676758e-01,4.801403999328613281e+00,5.012698173522949219e-01
3.436564803123474121e-01,9.208809584379196167e-02,4.254686236381530762e-01
9.058144688606262207e-02,2.892330646514892578e+00,7.135551571846008301e-01
2.949864566326141357e-01,4.785987377166748047e+00,5.836408138275146484e-01
9.351241588592529297e-01,8.481245636940002441e-01,9.757585525512695312e-01
4.493262469768524170e-01,1.705883622169494629e+00,8.151724338531494141e-01
6.691812276840209961e-01,9.228873252868652344e-02,6.139374375343322754e-01
2.968201339244842529e-01,4.253661632537841797e+00,9.276155829429626465e-01
6.767832636833190918e-01,1.194429159164428711e+00,9.080535769462585449e-01
6.082873940467834473e-01,4.089253425598144531e+00,5.516073703765869141e-01
7.571836709976196289e-01,2.459963083267211914e+00,7.009805440902709961e-01
4.706089794635772705e-01,4.642911911010742188e+00,2.192719429731369019e-01
7.689857482910156250e-01,2.863247394561767578e-01,5.916385650634765625e-01
4.169086217880249023e-01,2.432309389114379883e+00,3.441379070281982422e-01
9.525288343429565430e-01,3.659504652023315430e+00,1.777965724468231201e-01
9.534259438514709473e-01,4.961320877075195312e+00,8.914530873298645020e-01
9.171556234359741211e-01,3.103127002716064453e+00,7.550873756408691406e-01
7.622848749160766602e-01,2.005563497543334961e+00,8.029288798570632935e-02
8.966793417930603027e-01,8.166844248771667480e-01,8.417767286300659180e-01
7.766116261482238770e-01,7.546765804290771484e-01,4.452612996101379395e-01
2.766290009021759033e-01,6.809731721878051758e-01,7.350628376007080078e-01
2.420604526996612549e-01,3.557539463043212891e+00,6.317028999328613281e-01
9.562746286392211914e-01,3.829497814178466797e+00,5.745604634284973145e-01
9.539917707443237305e-01,3.526631116867065430e+00,5.153711438179016113e-01
6.457791924476623535e-01,7.441213130950927734e-01,5.718567967414855957e-01
5.427147150039672852e-01,2.867685317993164062e+00,7.118735462427139282e-02
1.647763699293136597e-01,3.172270536422729492e+00,2.046312987804412842e-01
7.598581910133361816e-01,2.776294946670532227e+00,3.458952903747558594e-01
4.626552462577819824e-01,4.905018210411071777e-01,5.087339282035827637e-01
2.627739608287811279e-01,2.039041996002197266e+00,7.199786305427551270e-01
3.287632465362548828e-01,1.669802188873291016e+00,8.568589091300964355e-01
8.197172880172729492e-01,3.688315153121948242e-01,5.463712811470031738e-01
2.623757123947143555e-01,1.816444516181945801e+00,9.682173728942871094e-01
4.994512498378753662e-01,1.478659510612487793e-01,9.887086153030395508e-01
4.616393744945526123e-01,4.957962036132812500e+00,8.355741500854492188e-01
7.516583204269409180e-01,3.212384700775146484e+00,9.267860651016235352e-01
3.626284301280975342e-01,2.961816310882568359e+00,1.720516830682754517e-01
4.783003926277160645e-01,2.808511734008789062e+00,9.254571795463562012e-01
7.714801430702209473e-01,2.291178554296493530e-01,3.777675330638885498e-01
3.979472815990447998e-01,4.520675659179687500e+00,9.208891987800598145e-01
9.717836976051330566e-01,4.290859699249267578e+00,5.837644338607788086e-01
4.959830343723297119e-01,4.116157293319702148e-01,6.676098108291625977e-01
3.718569576740264893e-01,2.443509340286254883e+00,9.872563928365707397e-02
7.107724249362945557e-02,2.431881427764892578e+00,4.641852676868438721e-01
5.998348593711853027e-01,8.296041488647460938e-01,9.434702396392822266e-01
7.910121679306030273e-01,9.991410970687866211e-01,6.252812147140502930e-01
7.488040328025817871e-01,3.809182405471801758e+00,3.507445752620697021e-01
2.504095733165740967e-01,4.703042984008789062e+00,7.573282122611999512e-01
1.966703087091445923e-01,4.975534379482269287e-01,5.798494219779968262e-01
1.312154531478881836e-02,3.955529928207397461e+00,6.527080535888671875e-01
8.566874265670776367e-01,4.288027763366699219e+00,1.206891983747482300e-01
5.291694998741149902e-01,2.858704566955566406e+00,9.630566835403442383e-01
8.852776288986206055e-01,6.708623766899108887e-01,3.787504732608795166e-01
8.095322847366333008e-01,2.614685058593750000e+00,5.257276296615600586e-01
3.815540671348571777e-01,3.151396989822387695e+00,6.024475693702697754e-01
4.613047465682029724e-02,5.957903861999511719e-01,6.789337396621704102e-01
6.633789539337158203e-01,1.413473606109619141e+00,1.869701147079467773e-01
7.161946296691894531e-01,8.467893004417419434e-01,4.660949409008026123e-01
2.363627701997756958e-01,2.629779577255249023e+00,9.278842210769653320e-01
3.249638676643371582e-01,1.913313150405883789e+00,7.498792409896850586e-01
7.153592705726623535e-01,2.654011964797973633e+00,7.849329710006713867e-01
7.365358471870422363e-01,3.808397054672241211e+00,6.658609509468078613e-01
2.569556236267089844e-01,1.784006237983703613e+00,6.429180502891540527e-01
2.178056240081787109e-01,3.073750495910644531e+00,6.762161105871200562e-02
9.785265326499938965e-01,3.577213525772094727e+00,4.125289618968963623e-01
8.396371006965637207e-01,7.991148829460144043e-01,3.977109789848327637e-01
2.032458186149597168e-01,4.487402439117431641e+00,1.766577512025833130e-01
6.375879645347595215e-01,2.731496095657348633e+00,2.492788583040237427e-01
3.126461207866668701e-01,1.847628831863403320e+00,5.986157059669494629e-01
6.652420759201049805e-01,2.279659271240234375e+00,7.092413306236267090e-01
9.787385463714599609e-01,1.650311708450317383e+00,5.209337472915649414e-01
9.572312980890274048e-02,2.273602247238159180e+00,4.768969416618347168e-01
7.518873214721679688e-01,2.037305116653442383e+00,2.073760181665420532e-01
6.393176317214965820e-01,4.199081420898437500e+00,4.243019819259643555e-01
9.019569754600524902e-01,8.229326009750366211e-01,5.522984266281127930e-01
2.490808516740798950e-01,1.485354065895080566e+00,5.497662425041198730e-01
8.406482934951782227e-01,1.539113879203796387e+00,9.321795105934143066e-01
7.712554335594177246e-01,2.749166965484619141e+00,2.010530531406402588e-01
2.653416693210601807e-01,3.677524566650390625e+00,2.620903551578521729e-01
6.112622022628784180e-01,2.490049362182617188e+00,5.751553177833557129e-01
4.618527889251708984e-01,5.025449208915233612e-03,3.199242949485778809e-01
4.675158858299255371e-01,2.050515174865722656e+00,3.697915077209472656e-01
3.401476442813873291e-01,2.610507965087890625e+00,5.261395573616027832e-01
6.263961195945739746e-01,4.611321926116943359e+00,2.081200033426284790e-01
6.257843375205993652e-01,9.141780734062194824e-01,9.691923856735229492e-01
6.035097241401672363e-01,1.727064847946166992e+00,5.963200330734252930e-01
2.964494824409484863e-01,2.232442796230316162e-01,5.650392919778823853e-02
8.085433244705200195e-01,1.556096315383911133e+00,6.565731167793273926e-01
5.621156692504882812e-01,3.066197156906127930e+00,3.189731836318969727e-01
5.191190242767333984e-01,4.574926853179931641e+00,5.813463330268859863e-01
9.055246114730834961e-01,1.166747093200683594e+00,2.849270701408386230e-01
2.608971297740936279e-01,1.660731077194213867e+00,5.833006501197814941e-01
2.026290744543075562e-01,3.991582870483398438e+00,2.633098959922790527e-01
6.184583306312561035e-01,2.530539751052856445e+00,1.732596457004547119e-01
3.166807070374488831e-02,4.127917066216468811e-02,2.139852792024612427e-01
8.260541558265686035e-01,3.851396560668945312e+00,5.717181563377380371e-01
2.297222018241882324e-01,1.788403034210205078e+00,4.215390980243682861e-01
4.887681603431701660e-01,1.276632905006408691e+00,4.742009937763214111e-01
4.737056493759155273e-01,3.698463916778564453e+00,1.199258640408515930e-01
6.891186535358428955e-02,2.995611906051635742e+00,6.605183482170104980e-01
6.424281597137451172e-01,3.094834089279174805e+00,8.151447027921676636e-02
4.634215831756591797e-01,4.516938209533691406e+00,3.436072766780853271e-01
4.777201712131500244e-01,2.213526666164398193e-01,2.767943143844604492e-01
6.583344936370849609e-01,6.632455587387084961e-01,5.441308021545410156e-04
7.338570952415466309e-01,3.465707778930664062e+00,6.770094633102416992e-01
4.542583525180816650e-01,3.650343656539916992e+00,1.388628035783767700e-01
2.989521622657775879e-01,6.669914126396179199e-01,5.374888777732849121e-01
8.585470318794250488e-01,1.127832606434822083e-01,5.827903747558593750e-01
5.846882984042167664e-02,3.807908296585083008e+00,7.944020032882690430e-01
9.710626006126403809e-01,3.975781440734863281e+00,1.540595740079879761e-01
4.495284855365753174e-01,3.819564580917358398e+00,7.696327567100524902e-01
2.084079533815383911e-01,4.304703712463378906e+00,2.994757294654846191e-01
7.762421965599060059e-01,1.753915429115295410e+00,1.957287192344665527e-01
3.516111671924591064e-01,2.386182785034179688e+00,8.394623994827270508e-01
6.923056244850158691e-01,4.931201457977294922e+00,3.877336680889129639e-01
6.672717332839965820e-01,1.758826255798339844e+00,6.973060965538024902e-01
5.437950789928436279e-02,4.645890235900878906e+00,6.328482627868652344e-01
6.710008978843688965e-01,2.822599411010742188e+00,9.126178026199340820e-01
7.504933476448059082e-01,3.915402173995971680e+00,5.542139410972595215e-01
1.488885749131441116e-02,1.541205286979675293e+00,3.106391131877899170e-01
1.497389525175094604e-01,5.621830224990844727e-01,2.173649147152900696e-02
7.092322111129760742e-01,1.618763208389282227e+00,4.409545660018920898e-01
9.839413762092590332e-01,2.628547191619873047e+00,2.545208632946014404e-01
6.964386701583862305e-01,1.170421719551086426e+00,2.857716083526611328e-01
6.201122403144836426e-01,4.630983352661132812e+00,2.975582778453826904e-01
4.221653640270233154e-01,6.383064985275268555e-01,2.689437568187713623e-01
2.698751688003540039e-01,1.955039262771606445e+00,1.152563318610191345e-01
1.341858804225921631e-01,1.987533092498779297e+00,1.412246078252792358e-01
7.614622712135314941e-01,3.750504493713378906e+00,5.712283253669738770e-01
7.441659569740295410e-01,2.926810681819915771e-01,3.877432346343994141e-01
7.745504379272460938e-01,1.178589105606079102e+00,6.673655509948730469e-01
6.096204519271850586e-01,6.180284619331359863e-01,6.691250205039978027e-01
4.455536305904388428e-01,2.714296102523803711e+00,2.748091816902160645e-01
8.653808832168579102e-01,3.743432760238647461e-01,6.224127411842346191e-01
4.476423189043998718e-02,4.091865718364715576e-01,6.897911429405212402e-01
1.920542716979980469e-01,2.261889934539794922e+00,7.974908351898193359e-01
2.652035951614379883e-01,1.538422584533691406e+00,5.951352119445800781e-01
1.416285187005996704e-01,5.683931112289428711e-01,5.482394695281982422e-01
1.822661161422729492e-01,4.606901168823242188e+00,2.232437729835510254e-01
5.988168120384216309e-01,4.948457717895507812e+00,5.568949580192565918e-01
6.609712243080139160e-01,3.450608253479003906e+00,3.645779192447662354e-01
4.526376426219940186e-01,4.205852508544921875e+00,1.807802170515060425e-01
1.611269861459732056e-01,2.388517141342163086e+00,2.149262875318527222e-01
8.906428217887878418e-01,1.663825750350952148e+00,6.148959398269653320e-01
3.774375841021537781e-02,2.752003192901611328e+00,6.834253072738647461e-01
9.882432222366333008e-01,1.642650246620178223e+00,4.492911994457244873e-01
5.690882205963134766e-01,2.117683887481689453e+00,6.344688534736633301e-01
8.479678034782409668e-01,3.159862279891967773e+00,2.547913491725921631e-01
3.143567740917205811e-01,2.337727308273315430e+00,8.900220394134521484e-01
8.850944042205810547e-01,3.092970132827758789e+00,6.260245293378829956e-02
1.635247170925140381e-01,4.154389381408691406e+00,4.214165508747100830e-01
2.802389264106750488e-01,8.834813237190246582e-01,7.436481118202209473e-01
1.313250064849853516e-01,1.837480425834655762e+00,7.181898951530456543e-01
5.898464322090148926e-01,3.013697862625122070e+00,5.673593878746032715e-01
3.257989883422851562e-01,2.152478933334350586e+00,6.832523345947265625e-01
9.617506265640258789e-01,3.152241110801696777e-01,5.421841144561767578e-01
7.469317913055419922e-01,4.422777593135833740e-01,4.551690518856048584e-01
3.935585021972656250e-01,3.617241859436035156e+00,3.877532184123992920e-01
7.741788029670715332e-01,2.732517004013061523e+00,5.220217108726501465e-01
2.246754020452499390e-01,2.745023965835571289e+00,1.264200508594512939e-01
2.472855597734451294e-01,3.978185176849365234e+00,2.493433207273483276e-01
5.656301230192184448e-02,5.360539555549621582e-01,6.832628250122070312e-01
2.750031650066375732e-01,1.249971628189086914e+00,5.360224843025207520e-02
5.658575892448425293e-01,4.487965106964111328e+00,6.222996115684509277e-01
7.918267846107482910e-01,3.058176517486572266e+00,1.916156411170959473e-01
1.358044296503067017e-01,3.293653726577758789e+00,6.790738701820373535e-01
9.361475706100463867e-01,4.510778903961181641e+00,2.017239332199096680e-01
8.274761438369750977e-01,3.228855609893798828e+00,1.651880890130996704e-01
4.093271791934967041e-01,3.913896560668945312e+00,1.827044039964675903e-01
3.974585831165313721e-01,4.504990577697753906e-01,1.810277812182903290e-02
4.026603102684020996e-01,4.307809174060821533e-01,7.865565419197082520e-01
2.018145471811294556e-01,1.540786147117614746e+00,9.248787164688110352e-02
6.076795458793640137e-01,4.891459941864013672e+00,3.488115966320037842e-01
4.795023500919342041e-01,3.493099451065063477e+00,8.404096961021423340e-01
4.818808436393737793e-01,4.917221069335937500e+00,3.850885331630706787e-01
2.129539400339126587e-01,4.972567558288574219e+00,6.697658896446228027e-01
4.243336990475654602e-02,3.904484212398529053e-01,1.459684073925018311e-01
6.564292907714843750e-01,3.653119802474975586e+00,6.793450117111206055e-01
5.964595675468444824e-01,4.989667415618896484e+00,9.299622178077697754e-01
4.205060303211212158e-01,3.610562324523925781e+00,5.780195593833923340e-01
4.126292467117309570e-01,3.989926576614379883e+00,5.960989594459533691e-01
4.303788542747497559e-01,4.687631607055664062e+00,7.724613547325134277e-01
2.046916931867599487e-01,4.902469635009765625e+00,8.274900913238525391e-01
6.684564948081970215e-01,3.899912357330322266e+00,3.233787119388580322e-01
5.984815955162048340e-01,1.594272017478942871e+00,6.494848728179931641e-01
4.050430655479431152e-01,4.757893562316894531e+00,7.774012088775634766e-01
2.738352119922637939e-01,2.904580235481262207e-01,4.263024330139160156e-01
8.297508955001831055e-01,4.265570163726806641e+00,6.688791513442993164e-01
8.249132633209228516e-01,4.398490905761718750e+00,6.714709997177124023e-01
9.795123338699340820e-02,2.773615837097167969e+00,4.473736882209777832e-02
4.756149351596832275e-01,3.028963804244995117e-01,3.642897009849548340e-01
4.918019771575927734e-01,1.905455470085144043e+00,7.084621787071228027e-01
4.572399258613586426e-01,3.028094530105590820e+00,7.069568037986755371e-01
2.384905666112899780e-01,1.237404823303222656e+00,5.879551544785499573e-02
9.697712659835815430e-01,4.874396920204162598e-01,4.437597692012786865e-01
3.993873894214630127e-01,2.962908267974853516e+00,6.469824314117431641e-01
9.446597695350646973e-01,1.150442123413085938e+00,4.865290522575378418e-01
7.824009060859680176e-01,2.539339303970336914e+00,3.136826753616333008e-01
6.006556153297424316e-01,2.773757219314575195e+00,8.693895339965820312e-01
8.172979950904846191e-01,3.250667333602905273e+00,7.786616086959838867e-01
3.099497556686401367e-01,4.725008964538574219e+00,8.222122788429260254e-01
5.742003917694091797e-01,3.527275800704956055e+00,8.790759444236755371e-01
4.508715271949768066e-01,1.156035542488098145e+00,7.000907659530639648e-01
2.207538634538650513e-01,2.663980245590209961e+00,6.478190422058105469e-01
4.944549500942230225e-01,1.949094235897064209e-01,5.660400390625000000e-01
9.701327085494995117e-01,1.925356626510620117e+00,9.610719680786132812e-01
8.037974834442138672e-01,4.327489852905273438e+00,5.091555118560791016e-01
1.433167159557342529e-01,4.530667304992675781e+00,1.625254005193710327e-01
9.307228326797485352e-01,2.615267992019653320e+00,9.591426849365234375e-01
3.839265406131744385e-01,2.856536626815795898e+00,2.781954407691955566e-01
1.245612557977437973e-02,1.179887056350708008e+00,9.643489718437194824e-01
2.468889653682708740e-01,3.731202363967895508e+00,3.738070428371429443e-01
4.227409064769744873e-01,1.088690042495727539e+00,1.373751014471054077e-01
8.442654013633728027e-01,4.216613769531250000e+00,7.225214838981628418e-01
4.965928494930267334e-01,2.007698535919189453e+00,8.723203539848327637e-01
4.920111000537872314e-01,1.275322735309600830e-01,2.371861040592193604e-01
2.086845785379409790e-01,1.782738924026489258e+00,5.545145869255065918e-01
4.600516259670257568e-01,1.498650550842285156e+00,1.657155714929103851e-02
4.728278219699859619e-01,1.510593175888061523e+00,7.638705372810363770e-01
1.978251785039901733e-01,2.195629119873046875e+00,8.163422346115112305e-01
2.700096964836120605e-01,4.183882236480712891e+00,9.198555946350097656e-01
9.404295682907104492e-01,4.159904479980468750e+00,7.049110531806945801e-01
2.099173516035079956e-01,1.870501875877380371e+00,8.372895121574401855e-01
9.592388272285461426e-01,1.493246912956237793e+00,3.149434924125671387e-01
4.005211591720581055e-02,3.086732149124145508e+00,3.459028601646423340e-01
8.394942879676818848e-01,1.493346095085144043e+00,3.034848272800445557e-01
8.676295280456542969e-01,3.321786165237426758e+00,2.461160719394683838e-01
8.417434096336364746e-01,1.639481782913208008e+00,5.523925423622131348e-01
3.452537208795547485e-02,4.274304024875164032e-03,8.267037868499755859e-01
8.911495804786682129e-01,1.005749940872192383e+00,9.216395020484924316e-01
7.229476571083068848e-01,4.205859661102294922e+00,5.885398387908935547e-02
4.003329575061798096e-01,3.955842494964599609e+00,1.336301416158676147e-01
4.863989949226379395e-01,1.321290969848632812e+00,3.552167117595672607e-02
1.356496065855026245e-01,1.065875649452209473e+00,2.345745265483856201e-01
5.638842582702636719e-01,4.563490390777587891e+00,3.631219565868377686e-01
5.278589725494384766e-01,1.288757681846618652e+00,8.766372799873352051e-01
7.524176239967346191e-01,1.948021054267883301e+00,1.787446141242980957e-01
4.087885469198226929e-02,1.210344552993774414e+00,3.683584332466125488e-01
2.423891723155975342e-01,4.473177433013916016e+00,3.536411002278327942e-02
3.519701063632965088e-01,3.053013086318969727e+00,7.520983815193176270e-01
4.350193738937377930e-01,4.988224804401397705e-01,7.428829669952392578e-01
1.289554536342620850e-01,4.538031220436096191e-01,9.319629669189453125e-01
6.661780923604965210e-02,4.246964931488037109e+00,6.342606544494628906e-01
6.428810954093933105e-02,2.087467432022094727e+00,7.429611682891845703e-01
8.042939305305480957e-01,2.875735521316528320e+00,4.979817569255828857e-01
2.760758101940155029e-01,2.439245939254760742e+00,1.106943413615226746e-01
6.216751933097839355e-01,1.992642283439636230e+00,6.877580881118774414e-01
4.291299879550933838e-01,1.117397427558898926e+00,6.954233050346374512e-01
9.284479618072509766e-01,2.536060571670532227e+00,9.166104197502136230e-01
1.487641036510467529e-01,3.000689506530761719e+00,8.708262443542480469e-01
6.564515829086303711e-01,3.043052673339843750e+00,5.863089561462402344e-01
5.038694739341735840e-01,4.923552036285400391e+00,6.780571341514587402e-01
8.696885108947753906e-01,4.945703029632568359e+00,3.792340457439422607e-01
8.476447463035583496e-01,3.775678157806396484e+00,5.725544095039367676e-01
4.397371709346771240e-01,2.901334047317504883e+00,9.127527475357055664e-01
6.159952878952026367e-01,1.480346202850341797e+00,9.604907631874084473e-01
3.021690547466278076e-01,7.317922115325927734e-01,4.144320189952850342e-01
2.791652083396911621e-01,2.352140188217163086e+00,9.464472532272338867e-01
9.080930352210998535e-01,4.644004404544830322e-01,2.881492376327514648e-01
1.440900266170501709e-01,3.092049121856689453e+00,8.709375858306884766e-01
2.711101062595844269e-02,2.892160654067993164e+00,6.488750576972961426e-01
7.476822137832641602e-01,2.368400096893310547e+00,9.170482158660888672e-01
8.915393948554992676e-01,6.941608190536499023e-01,4.681870341300964355e-01
5.478304028511047363e-01,3.783108472824096680e+00,6.081219911575317383e-01
5.088407993316650391e-01,3.780645847320556641e+00,6.611366271972656250e-01
2.206328064203262329e-01,5.601928830146789551e-01,2.743983566761016846e-01
7.325689792633056641e-01,3.578355073928833008e+00,9.085278511047363281e-01
7.550204992294311523e-01,2.315131187438964844e+00,5.647003650665283203e-01
5.390968322753906250e-01,3.733280420303344727e+00,8.557149022817611694e-02
8.980981111526489258e-01,4.240756988525390625e+00,1.336566954851150513e-01
7.304646372795104980e-01,1.527857422828674316e+00,4.478082954883575439e-01
9.367218613624572754e-01,1.258932147175073624e-02,3.857443928718566895e-01
9.922360181808471680e-01,1.133655786514282227e+00,9.666016101837158203e-01
4.297235980629920959e-02,3.323469460010528564e-01,6.540378332138061523e-01
5.854024291038513184e-01,2.558265686035156250e+00,1.022379174828529358e-01
4.108478724956512451e-01,4.578296661376953125e+00,4.113402962684631348e-01
2.146207839250564575e-01,4.100871562957763672e+00,1.768754720687866211e-01
2.670692205429077148e-01,1.126705527305603027e+00,6.646685600280761719e-01
5.862453579902648926e-01,2.297115802764892578e+00,4.799235165119171143e-01
7.356988191604614258e-01,2.969027280807495117e+00,5.302864313125610352e-01
4.100322723388671875e-02,4.531396865844726562e+00,4.314444065093994141e-01
5.912155508995056152e-01,2.090898036956787109e+00,2.997843027114868164e-01
8.416041135787963867e-01,4.409496307373046875e+00,1.675202995538711548e-01
9.771470427513122559e-01,1.729057788848876953e+00,1.997497528791427612e-01
3.211816549301147461e-01,2.929107427597045898e+00,1.114104315638542175e-02
6.266158819198608398e-02,3.627973318099975586e+00,5.086160898208618164e-01
5.247963070869445801e-01,1.259997963905334473e+00,7.273250818252563477e-02
4.652279019355773926e-01,1.673302888870239258e+00,7.017400264739990234e-01
5.854401588439941406e-01,2.475471198558807373e-01,8.972666859626770020e-01
5.284190773963928223e-01,1.161327600479125977e+00,8.622644543647766113e-01
3.184982836246490479e-01,4.641963839530944824e-01,8.889398574829101562e-01
5.747895240783691406e-01,3.142692327499389648e+00,7.533503770828247070e-01
1.372438669204711914e-01,4.939899444580078125e+00,3.178184330463409424e-01
9.263533949851989746e-01,2.174901008605957031e+00,3.808715343475341797e-01
8.139712214469909668e-01,9.889314323663711548e-02,8.115285634994506836e-02
4.881592392921447754e-01,2.845514059066772461e+00,7.955586910247802734e-01
1.307399421930313110e-01,1.779766440391540527e+00,4.540150761604309082e-01
1.455072611570358276e-01,3.618234634399414062e+00,7.986726164817810059e-01
5.835903882980346680e-01,4.415890693664550781e+00,5.425220727920532227e-01
4.922481477260589600e-01,2.684738874435424805e+00,9.849062561988830566e-01
3.134399652481079102e-01,4.055231094360351562e+00,7.688562273979187012e-01
4.975147843360900879e-01,1.155892372131347656e+00,8.047544956207275391e-02
9.507941603660583496e-01,2.443017005920410156e+00,6.294043064117431641e-01
3.683249652385711670e-01,1.000148534774780273e+00,5.258297324180603027e-01
6.727520227432250977e-01,1.129560708999633789e+00,3.698241412639617920e-01
5.923044085502624512e-01,2.838440895080566406e+00,1.122798770666122437e-01
9.343265555799007416e-03,4.699518084526062012e-01,3.719538152217864990e-01
2.370749833062291145e-03,6.143719553947448730e-01,8.322131037712097168e-01
9.849608540534973145e-01,3.458789348602294922e+00,4.323358237743377686e-01
6.497153639793395996e-01,4.227491855621337891e+00,5.262976884841918945e-01
5.111926198005676270e-01,3.202075242996215820e+00,8.151618242263793945e-01
4.591430723667144775e-01,1.986434459686279297e+00,2.377920448780059814e-01
4.128132760524749756e-02,3.139210224151611328e+00,7.035696506500244141e-01
2.764218449592590332e-01,7.124143838882446289e-01,7.318614721298217773e-01
6.307018995285034180e-01,2.982322573661804199e-01,3.187157958745956421e-02
9.837422370910644531e-01,2.501867771148681641e+00,9.113065004348754883e-01
8.263458013534545898e-01,3.809187412261962891e+00,8.792594075202941895e-01
9.205264449119567871e-01,3.303753614425659180e+00,6.585486531257629395e-01
2.323987931013107300e-01,3.899274110794067383e+00,6.506823301315307617e-01
8.729977533221244812e-03,2.152599096298217773e+00,2.889642119407653809e-01
9.507788419723510742e-01,3.939175605773925781e+00,2.895827591419219971e-01
2.277603894472122192e-01,2.212566614151000977e+00,6.733562350273132324e-01
2.774713337421417236e-01,4.691863536834716797e+00,7.006810307502746582e-01
7.510285973548889160e-01,4.970090687274932861e-01,3.866889476776123047e-01
4.522588849067687988e-01,1.352606773376464844e+00,8.894011974334716797e-01
3.890447318553924561e-01,2.144836664199829102e+00,1.494836509227752686e-01
9.282697439193725586e-01,1.074017763137817383e+00,6.837745010852813721e-02
4.459549188613891602e-01,4.234787464141845703e+00,2.640478909015655518e-01
6.761874556541442871e-01,1.355476230382919312e-01,9.149508923292160034e-02
4.137370288372039795e-01,8.064825534820556641e-01,2.926663681864738464e-02
3.099547326564788818e-01,4.310218334197998047e+00,7.072749137878417969e-01
2.587829232215881348e-01,1.977305173873901367e+00,3.203503489494323730e-01
4.452697560191154480e-02,3.073933601379394531e+00,2.997760474681854248e-01
8.487063646316528320e-01,2.742819070816040039e+00,7.450563907623291016e-01
1.555206775665283203e-01,6.372025609016418457e-01,8.148527741432189941e-01
2.865040898323059082e-01,1.030715227127075195e+00,2.816083729267120361e-01
3.082754015922546387e-01,3.710708141326904297e+00,5.997151732444763184e-01
5.974731445312500000e-01,2.916121959686279297e+00,1.975291520357131958e-01
7.562682032585144043e-01,4.467299461364746094e+00,6.643622517585754395e-01
8.815047740936279297e-01,2.115429878234863281e+00,6.649473309516906738e-02
1.788196116685867310e-01,3.863355875015258789e+00,9.372981786727905273e-01
2.570591866970062256e-01,4.969036102294921875e+00,4.518274366855621338e-01
7.335521578788757324e-01,1.808583140373229980e+00,3.856905996799468994e-01
1.662789285182952881e-01,3.119112253189086914e+00,2.099738419055938721e-01
4.963496699929237366e-02,3.320193767547607422e+00,6.959314942359924316e-01
9.078868627548217773e-01,4.642311573028564453e+00,2.954689264297485352e-01
1.993846297264099121e-01,4.972136974334716797e+00,6.854923963546752930e-01
2.559729218482971191e-01,1.700197815895080566e+00,5.457900166511535645e-01
9.911248087882995605e-01,4.564240455627441406e+00,6.226959228515625000e-01
4.130387008190155029e-01,5.617259144783020020e-01,3.909918665885925293e-01
9.631199240684509277e-01,4.735453605651855469e+00,7.320278286933898926e-01
8.910296559333801270e-01,6.928103566169738770e-01,4.313597083091735840e-01
3.805291056632995605e-01,4.650288581848144531e+00,5.984245538711547852e-01
9.141614437103271484e-01,1.224194765090942383e+00,3.406015634536743164e-01
8.441697359085083008e-01,4.177348613739013672e+00,8.906129747629165649e-02
7.060731202363967896e-02,1.226710438728332520e+00,5.499726533889770508e-01
9.735271334648132324e-01,2.314862012863159180e+00,9.514790773391723633e-02
6.931445002555847168e-01,4.179964542388916016e+00,2.744388999417424202e-03
6.129977107048034668e-01,1.236753225326538086e+00,5.540099143981933594e-01
1.904455423355102539e-01,3.402256250381469727e+00,8.484537005424499512e-01
3.245925307273864746e-01,1.500017404556274414e+00,5.911355018615722656e-01
2.147962898015975952e-01,2.554815411567687988e-01,6.229989528656005859e-01
6.836032029241323471e-03,1.390870064496994019e-01,5.842284560203552246e-01
6.630348414182662964e-02,1.272188663482666016e+00,7.302893996238708496e-01
3.061152696609497070e-01,2.455855607986450195e+00,7.200519442558288574e-01
4.973450601100921631e-01,3.632260322570800781e+00,8.642119169235229492e-01
2.915140986442565918e-01,4.763620376586914062e+00,7.600046992301940918e-01
6.485667228698730469e-01,4.959904193878173828e+00,4.491622745990753174e-01
5.441113114356994629e-01,5.294715762138366699e-01,7.238109707832336426e-01
8.410522714257240295e-03,1.913218379020690918e+00,3.698176741600036621e-01
6.984170675277709961e-01,4.696215152740478516e+00,9.410258531570434570e-01
4.781717658042907715e-01,8.113510906696319580e-02,4.757275581359863281e-01
7.666699886322021484e-01,2.236345767974853516e+00,7.672435045242309570e-01
1.974220275878906250e-01,8.363808393478393555e-01,4.198296368122100830e-01
9.856619238853454590e-01,4.816528797149658203e+00,3.315652012825012207e-01
6.208170056343078613e-01,4.389390468597412109e+00,9.093468189239501953e-01
3.768007755279541016e-01,4.666287899017333984e+00,1.901226192712783813e-01
9.061298966407775879e-01,2.105871677398681641e+00,4.972775876522064209e-01
4.209180176258087158e-01,2.840140819549560547e+00,8.665612339973449707e-01
1.549141556024551392e-01,4.324566364288330078e+00,1.992803663015365601e-01
7.821964621543884277e-01,3.218881845474243164e+00,8.137090206146240234e-01
4.776980876922607422e-01,1.497434258460998535e+00,6.986620426177978516e-01
9.467335939407348633e-01,3.787295579910278320e+00,8.091202378273010254e-01
3.570583835244178772e-02,2.894793510437011719e+00,8.829060792922973633e-01
1.702807396650314331e-01,6.738542914390563965e-01,2.318656593561172485e-01
8.835803270339965820e-01,6.150269508361816406e-01,6.148144006729125977e-01
1.909688711166381836e-01,1.301461338996887207e+00,2.964745759963989258e-01
9.871149063110351562e-01,1.263858318328857422e+00,3.850055634975433350e-01
3.252061307430267334e-01,4.108637809753417969e+00,3.711974918842315674e-01
7.356508970260620117e-01,4.583436489105224609e+00,6.591167449951171875e-01
5.745539069175720215e-02,2.670870304107666016e+00,8.293018341064453125e-01
7.277163267135620117e-01,1.778163194656372070e+00,7.406439781188964844e-01
6.385759711265563965e-01,8.056218028068542480e-01,5.781382322311401367e-01
9.325371980667114258e-01,4.141973018646240234e+00,1.869492381811141968e-01
6.564790606498718262e-01,1.296394228935241699e+00,4.850876331329345703e-01
1.616462022066116333e-01,7.685588598251342773e-01,8.753734230995178223e-01
5.537371039390563965e-01,4.943297863006591797e+00,4.891640245914459229e-01
6.407961249351501465e-01,2.761651754379272461e+00,2.234950512647628784e-01
8.692050576210021973e-01,4.538202762603759766e+00,6.404411792755126953e-02
7.345345616340637207e-01,3.754902482032775879e-01,6.373187899589538574e-01
8.753905892372131348e-01,1.802609860897064209e-01,7.369375228881835938e-02
2.083381414413452148e-01,3.333989858627319336e+00,9.088897705078125000e-01
5.456248521804809570e-01,4.450226783752441406e+00,5.559278130531311035e-01
7.064211964607238770e-01,1.407018065452575684e+00,9.051905274391174316e-01
5.924760699272155762e-01,4.122882366180419922e+00,3.236625194549560547e-01
6.435313075780868530e-02,4.336874485015869141e+00,2.522544264793395996e-01
2.567935883998870850e-01,2.068687200546264648e+00,7.661666274070739746e-01
8.597985506057739258e-01,2.759115934371948242e+00,7.627355456352233887e-01
4.490417838096618652e-01,2.895947933197021484e+00,2.255219500511884689e-03
7.331351637840270996e-01,3.621904134750366211e+00,8.992295861244201660e-01
9.574654102325439453e-01,4.195239543914794922e+00,8.446760773658752441e-01
6.171904802322387695e-01,4.434591770172119141e+00,3.443729579448699951e-01
1.804184615612030029e-01,2.116369009017944336e+00,2.985371649265289307e-01
2.935844063758850098e-01,2.103011608123779297e-01,6.624532938003540039e-01
5.588665008544921875e-01,2.521525382995605469e+00,7.168923616409301758e-01
3.180795013904571533e-01,2.857723951339721680e+00,4.742151796817779541e-01
6.803194880485534668e-01,4.843040466308593750e+00,1.756315976381301880e-01
6.394764780998229980e-02,1.924727916717529297e+00,3.300840556621551514e-01
9.213148355484008789e-01,1.232671961188316345e-01,9.194254875183105469e-01
1.494228839874267578e-01,1.960640311241149902e+00,3.153667747974395752e-01
4.786406159400939941e-01,2.736505270004272461e+00,9.137030243873596191e-01
4.298179969191551208e-02,1.337816834449768066e+00,4.000182747840881348e-01
3.918219208717346191e-01,8.923395276069641113e-01,4.522129297256469727e-01
3.217936754226684570e-01,8.329374194145202637e-01,6.877380609512329102e-01
5.558264851570129395e-01,3.308699846267700195e+00,8.974187970161437988e-01
8.706440925598144531e-01,6.922948360443115234e-02,4.542271792888641357e-01
8.487262725830078125e-01,2.583379268646240234e+00,9.984055161476135254e-01
4.900136888027191162e-01,2.911539316177368164e+00,4.655918180942535400e-01
9.796631336212158203e-01,2.387519121170043945e+00,8.405495882034301758e-01
1.814952045679092407e-01,2.526510000228881836e+00,3.051654100418090820e-01
1.931450515985488892e-01,2.090891450643539429e-01,2.836580276489257812e-01
7.960775867104530334e-03,4.492426872253417969e+00,3.625996708869934082e-01
9.325964450836181641e-01,1.119270682334899902e+00,6.150926947593688965e-01
6.485962271690368652e-01,1.415745496749877930e+00,4.154331088066101074e-01
7.929022312164306641e-01,2.605773210525512695e+00,5.589225292205810547e-01
5.996697023510932922e-02,4.594792366027832031e+00,4.006969928741455078e-01
3.959645330905914307e-01,4.525422573089599609e+00,2.895969450473785400e-01
6.382077932357788086e-01,2.905905485153198242e+00,1.425704807043075562e-01
5.938456952571868896e-02,5.867694616317749023e-01,5.869143009185791016e-01
7.774568200111389160e-01,2.343373298645019531e+00,1.619322597980499268e-01
9.761309623718261719e-01,4.328486442565917969e+00,2.822949886322021484e-01
3.756042718887329102e-01,1.151997566223144531e+00,3.189238905906677246e-01
5.628258734941482544e-02,3.568690299987792969e+00,1.427717953920364380e-01
7.239792943000793457e-01,2.630069732666015625e+00,1.147283464670181274e-01
4.065420627593994141e-01,1.655161380767822266e+00,6.513073444366455078e-01
7.749434113502502441e-01,3.810750484466552734e+00,6.563497185707092285e-01
4.338137805461883545e-01,1.410074681043624878e-01,4.815777391195297241e-02
4.200759530067443848e-01,3.293885469436645508e+00,6.452163457870483398e-01
6.210620403289794922e-01,4.376823902130126953e+00,1.362264305353164673e-01
2.835319638252258301e-01,5.801703333854675293e-01,6.721220016479492188e-01
6.802248358726501465e-01,1.212287425994873047e+00,3.416502773761749268e-01
2.418570686131715775e-03,1.108349561691284180e+00,8.458397984504699707e-01
5.700609087944030762e-02,4.907145500183105469e+00,8.066931366920471191e-01
9.163486361503601074e-01,3.168269693851470947e-01,9.311454892158508301e-01
4.719728231430053711e-01,4.968581676483154297e+00,2.710269093513488770e-01
7.129236459732055664e-01,1.464761972427368164e+00,9.942193031311035156e-01
3.378450870513916016e-01,1.579287409782409668e+00,6.759009957313537598e-01
5.600615739822387695e-01,1.000252842903137207e+00,7.429348826408386230e-01
7.261735200881958008e-01,2.903219699859619141e+00,7.034777849912643433e-02
6.368166208267211914e-01,3.723185300827026367e+00,2.509509921073913574e-01
9.209608435630798340e-01,2.785242795944213867e+00,4.674513041973114014e-01
1.170004904270172119e-01,4.637185096740722656e+00,3.359807431697845459e-01
9.085769951343536377e-02,3.838774681091308594e+00,3.326054215431213379e-01
1.561409682035446167e-01,9.179322123527526855e-01,8.138423562049865723e-01
4.854804277420043945e-01,1.191434741020202637e+00,8.942192047834396362e-02
5.244543552398681641e-01,4.756974697113037109e+00,1.442728191614151001e-02
5.025328993797302246e-01,3.099324226379394531e+00,5.375159382820129395e-01
8.321387767791748047e-01,2.365816354751586914e+00,6.292208433151245117e-01
9.325697422027587891e-01,4.098649919033050537e-01,4.409503936767578125e-01
7.097650766372680664e-01,1.948122501373291016e+00,7.907716631889343262e-01
9.008727669715881348e-01,1.281274437904357910e+00,9.438990950584411621e-01
7.037912607192993164e-01,3.137886285781860352e+00,3.351797163486480713e-01
6.902293562889099121e-01,6.173801422119140625e-01,1.182965710759162903e-01
9.616903066635131836e-01,3.513223409652709961e+00,3.392503857612609863e-01
9.024101495742797852e-01,4.614945411682128906e+00,2.653438448905944824e-01
5.141226649284362793e-01,4.891644477844238281e+00,4.935727715492248535e-01
6.695696711540222168e-01,4.963494777679443359e+00,3.607746362686157227e-01
8.902862071990966797e-01,4.397024154663085938e+00,2.285312116146087646e-01
5.939316749572753906e-01,3.583043575286865234e+00,6.475108861923217773e-01
8.615522980690002441e-01,4.023076534271240234e+00,9.918737411499023438e-01
1.987560391426086426e-01,4.442802429199218750e+00,2.030592113733291626e-01
9.388410449028015137e-01,6.027441620826721191e-01,4.633455872535705566e-01
8.772749304771423340e-01,4.317502498626708984e+00,5.158122181892395020e-01
2.640081942081451416e-01,1.878121018409729004e+00,4.881335794925689697e-02
9.202519655227661133e-01,1.055230379104614258e+00,7.688835263252258301e-02
4.032186567783355713e-01,1.026186823844909668e+00,6.118341088294982910e-01
3.737539350986480713e-01,3.241717815399169922e+00,8.966217637062072754e-01
6.624745577573776245e-02,3.702611446380615234e+00,6.720270514488220215e-01
6.175024509429931641e-01,2.526360988616943359e+00,8.823701739311218262e-02
6.479253172874450684e-01,3.521490335464477539e+00,2.594503760337829590e-01
4.012757539749145508e-01,2.721081972122192383e+00,4.313426092267036438e-02
7.494619488716125488e-01,4.864042758941650391e+00,4.476176500320434570e-01
7.532553076744079590e-01,1.790288448333740234e+00,7.520076632499694824e-01
4.335918724536895752e-01,4.592140197753906250e+00,6.812208890914916992e-01
8.856015205383300781e-01,4.595847606658935547e+00,5.704338550567626953e-01
6.512188911437988281e-01,2.515987396240234375e+00,9.231103658676147461e-01
8.085625767707824707e-01,2.683790683746337891e+00,7.705140113830566406e-01
7.849655747413635254e-01,2.628447532653808594e+00,9.952783584594726562e-01
8.725925087928771973e-01,2.087399512529373169e-01,6.200461983680725098e-01
5.000373721122741699e-01,2.602950572967529297e+00,9.980404376983642578e-01
9.063629508018493652e-01,4.229509353637695312e+00,4.023927152156829834e-01
8.763316869735717773e-01,1.494907736778259277e+00,3.796024024486541748e-01
6.732051372528076172e-01,8.889515995979309082e-01,5.966450572013854980e-01
7.862937450408935547e-01,3.517388820648193359e+00,4.573304355144500732e-01
5.072175860404968262e-01,3.512934684753417969e+00,4.539097249507904053e-01
5.270947217941284180e-01,6.762148141860961914e-01,3.660266399383544922e-01
7.717431783676147461e-01,4.077715873718261719e+00,7.332397699356079102e-01
8.582620024681091309e-01,1.508619427680969238e+00,8.317344188690185547e-01
8.653647899627685547e-01,3.945202350616455078e+00,6.074122712016105652e-02
9.820874035358428955e-02,2.806845903396606445e+00,7.268583774566650391e-01
4.310842752456665039e-01,1.038723140954971313e-01,5.857917666435241699e-01
4.145276248455047607e-01,4.948409080505371094e+00,3.062030673027038574e-02
3.824842572212219238e-01,7.107229232788085938e-01,1.248994562774896622e-02
5.269077047705650330e-02,3.552874803543090820e+00,8.098685145378112793e-01
9.565921425819396973e-01,4.413116574287414551e-01,4.595315456390380859e-01
6.211592629551887512e-02,3.070180416107177734e+00,7.181328535079956055e-01
9.916854500770568848e-01,4.465131282806396484e+00,7.459207773208618164e-01
2.210230976343154907e-01,2.164389133453369141e+00,6.557598114013671875e-01
8.118372559547424316e-01,1.575775504112243652e+00,9.829408526420593262e-01
4.965244233608245850e-01,4.926555633544921875e+00,6.836263537406921387e-01
3.948141634464263916e-02,2.975358247756958008e+00,7.609449028968811035e-01
9.931986331939697266e-01,2.120422363281250000e+00,1.871409593150019646e-03
7.527111768722534180e-01,2.206115722656250000e+00,7.319973707199096680e-01
1.745787858963012695e-01,4.377259731292724609e+00,3.084646463394165039e-01
7.618126869201660156e-01,2.886130213737487793e-01,6.768664717674255371e-01
3.379963040351867676e-01,1.126731038093566895e+00,8.862441778182983398e-01
7.493031620979309082e-01,3.482685565948486328e+00,4.547816812992095947e-01
7.526637911796569824e-01,2.242515087127685547e+00,8.824254274368286133e-01
2.507822811603546143e-01,3.539906024932861328e+00,3.980130255222320557e-01
5.446400046348571777e-01,3.389781713485717773e+00,1.815115660429000854e-01
9.436520934104919434e-01,3.807087421417236328e+00,9.158552289009094238e-01
6.980664134025573730e-01,3.479161262512207031e+00,4.237630665302276611e-01
9.115651845932006836e-01,4.794231891632080078e+00,5.782310366630554199e-01
6.504911184310913086e-01,2.319334745407104492e+00,6.381499767303466797e-01
5.424037575721740723e-01,2.488275051116943359e+00,9.436075091361999512e-01
