omega,lambda_p,pi_bar
1.849412769079208374e-01,7.272865176200866699e-01,1.612748950719833374e-02
9.504995495080947876e-02,2.764985084533691406e+00,6.182706728577613831e-02
2.005347907543182373e-01,3.796547651290893555e+00,5.907186120748519897e-02
2.165904492139816284e-01,2.726370334625244141e+00,2.602940425276756287e-02
1.795859932899475098e-01,1.730824708938598633e+00,1.987537741661071777e-02
2.027472481131553650e-03,2.042186975479125977e+00,1.938577927649021149e-02
2.487641274929046631e-01,2.039940834045410156e+00,1.951251365244388580e-02
2.775846719741821289e-01,7.787665724754333496e-01,1.929689757525920868e-02
2.344717085361480713e-01,2.858612060546875000e+00,5.058319494128227234e-02
1.574820727109909058e-01,4.551345825195312500e+00,1.790960133075714111e-02
7.725836336612701416e-02,4.439127147197723389e-01,6.722197402268648148e-03
2.131614536046981812e-01,9.411271214485168457e-01,1.527692470699548721e-02
2.681720554828643799e-01,8.687505125999450684e-01,1.099522691220045090e-02
8.427084982395172119e-02,2.813566446304321289e+00,1.957400888204574585e-02
1.404998302459716797e-01,2.591162204742431641e+00,5.864981189370155334e-02
1.353108286857604980e-01,4.431653499603271484e+00,8.999857120215892792e-03
9.976280480623245239e-02,2.426693439483642578e+00,3.876791894435882568e-02
1.477203965187072754e-01,2.544476509094238281e+00,9.273865073919296265e-02
7.750924676656723022e-02,1.926087737083435059e-01,1.382520981132984161e-02
2.472040355205535889e-01,1.577473044395446777e+00,3.888259828090667725e-02
2.930572032928466797e-01,3.191197395324707031e+00,3.583823144435882568e-02
2.047963738441467285e-01,2.516584634780883789e+00,9.253683499991893768e-03
1.024630740284919739e-01,4.698372840881347656e+00,1.792842522263526917e-02
3.600536882877349854e-01,2.311405986547470093e-01,1.587899774312973022e-02
2.925896942615509033e-01,3.006652832031250000e+00,1.787493005394935608e-02
5.302655324339866638e-02,2.659621238708496094e+00,1.860727556049823761e-02
1.564601212739944458e-01,2.137873888015747070e+00,3.979065641760826111e-02
1.824598014354705811e-01,2.876927137374877930e+00,4.520864784717559814e-02
1.861022710800170898e-01,2.069923162460327148e+00,3.578473627567291260e-02
2.219700217247009277e-01,3.164705991744995117e+00,5.955930426716804504e-02
1.243982836604118347e-01,1.820625066757202148e+00,4.390151426196098328e-02
2.627010345458984375e-01,2.665841579437255859e+00,2.434771321713924408e-02
9.552899748086929321e-02,2.527422904968261719e+00,5.848091561347246170e-03
8.569820225238800049e-02,3.812102556228637695e+00,1.553895603865385056e-02
2.405480146408081055e-01,4.375990867614746094e+00,1.184076536446809769e-02
3.088070452213287354e-01,3.227232694625854492e+00,4.083760455250740051e-02
3.626031875610351562e-01,7.272412180900573730e-01,6.311485916376113892e-02
3.867592513561248779e-01,1.683775544166564941e+00,2.143664285540580750e-02
1.549193561077117920e-01,4.717446804046630859e+00,2.272777445614337921e-02
2.992250025272369385e-01,4.685017108917236328e+00,1.312297116965055466e-02
1.719343215227127075e-01,2.894447565078735352e+00,8.495252579450607300e-02
8.689028769731521606e-02,4.596857070922851562e+00,2.745726890861988068e-02
5.651916936039924622e-02,5.337340235710144043e-01,2.754020132124423981e-02
4.582493752241134644e-02,2.061882019042968750e+00,9.012986905872821808e-03
2.972472608089447021e-01,4.528687000274658203e+00,3.259573597460985184e-03
6.586925685405731201e-02,2.091081857681274414e+00,2.501030638813972473e-02
1.848237216472625732e-01,4.144413948059082031e+00,1.161976438015699387e-02
2.015188485383987427e-01,3.450979709625244141e+00,1.240344904363155365e-02
1.454226225614547729e-01,1.598785638809204102e+00,5.074972752481698990e-03
1.192212402820587158e-01,8.991866111755371094e-01,3.725963458418846130e-02
1.330489479005336761e-02,1.719775795936584473e+00,9.275890886783599854e-03
2.872733771800994873e-01,3.857840061187744141e+00,1.048619113862514496e-02
1.009629368782043457e-01,3.380440235137939453e+00,6.323097646236419678e-02
5.516186729073524475e-02,2.676870822906494141e+00,5.242418497800827026e-02
6.099525094032287598e-01,1.964607834815979004e-01,1.203822530806064606e-02
4.382931590080261230e-01,4.538767814636230469e+00,5.795716121792793274e-02
4.943025410175323486e-01,2.575113058090209961e+00,1.938911341130733490e-02
3.032587468624114990e-01,1.519618481397628784e-01,3.045352920889854431e-02
1.011031493544578552e-01,2.828062534332275391e+00,1.913236454129219055e-02
2.641393244266510010e-01,1.957512497901916504e-01,4.758934304118156433e-02
3.321520388126373291e-01,2.391742229461669922e+00,5.385389551520347595e-02
2.300055325031280518e-02,8.493694067001342773e-01,1.957687921822071075e-02
2.906335145235061646e-02,3.955026626586914062e+00,4.941623285412788391e-02
1.562384814023971558e-01,4.127407550811767578e+00,9.489578008651733398e-02
1.886692047119140625e-01,2.117876052856445312e+00,2.933221310377120972e-02
8.851826936006546021e-02,2.168862819671630859e+00,3.339285776019096375e-02
4.119160398840904236e-02,3.112659931182861328e+00,1.553192920982837677e-02
2.980061173439025879e-01,2.537301063537597656e+00,4.694972932338714600e-02
2.264324426651000977e-01,4.710641860961914062e+00,1.441835891455411911e-02
4.361975491046905518e-01,2.013550281524658203e+00,3.476881887763738632e-03
1.535825431346893311e-01,2.256547927856445312e+00,4.286928474903106689e-02
1.610917272046208382e-03,8.429719805717468262e-01,1.068283058702945709e-02
4.016940668225288391e-02,1.547613382339477539e+00,1.391270756721496582e-02
1.291543841361999512e-01,1.629023313522338867e+00,4.929585754871368408e-02
1.009525060653686523e-01,3.971091508865356445e+00,2.387770824134349823e-02
2.334138900041580200e-01,3.586563587188720703e+00,1.838796772062778473e-02
2.090735286474227905e-01,2.139670372009277344e+00,5.080378428101539612e-02
1.116129532456398010e-01,3.686958074569702148e+00,3.884777426719665527e-03
6.858355551958084106e-02,1.740116029977798462e-01,1.744159683585166931e-02
2.565947771072387695e-01,7.679148912429809570e-01,2.218175865709781647e-02
1.849543303251266479e-01,1.802641630172729492e+00,3.899610042572021484e-02
1.527343690395355225e-02,7.933231592178344727e-01,2.684042602777481079e-02
8.522064983844757080e-02,2.190453290939331055e+00,6.015045195817947388e-02
2.050422132015228271e-01,2.567214250564575195e+00,3.411581739783287048e-02
4.520915150642395020e-01,2.948835372924804688e+00,2.088596113026142120e-02
5.334272608160972595e-02,1.594291687011718750e+00,2.131175622344017029e-02
1.693574339151382446e-01,7.399983406066894531e-01,1.774440146982669830e-02
2.786021493375301361e-02,1.989197015762329102e+00,2.223027870059013367e-02
9.536743909120559692e-02,1.978466987609863281e+00,1.811875589191913605e-02
3.548391759395599365e-01,9.425799846649169922e-01,1.542699406854808331e-03
2.425868660211563110e-01,2.494917154312133789e+00,1.875631883740425110e-02
1.462917327880859375e-01,2.708555698394775391e+00,2.542871516197919846e-03
1.670085042715072632e-01,2.797259092330932617e+00,3.237760812044143677e-02
5.970058962702751160e-02,4.223983764648437500e+00,2.764231758192181587e-03
3.423811495304107666e-02,2.685598373413085938e+00,4.659122228622436523e-02
5.398685112595558167e-02,1.770152449607849121e+00,2.100582234561443329e-02
1.930465400218963623e-01,3.009639978408813477e+00,7.411921862512826920e-03
3.861265480518341064e-01,2.135384082794189453e+00,2.739726193249225616e-02
4.795747399330139160e-01,2.434097051620483398e+00,6.441353261470794678e-02
2.464115768671035767e-01,4.701372146606445312e+00,9.820572100579738617e-03
1.578451246023178101e-01,2.424201965332031250e+00,1.702995598316192627e-02
3.200889825820922852e-01,4.428940773010253906e+00,9.186854586005210876e-03
5.354369804263114929e-02,2.720005273818969727e+00,1.664739847183227539e-02
5.014773085713386536e-02,3.646946430206298828e+00,2.789762988686561584e-02
2.233125418424606323e-01,2.226159572601318359e+00,2.005124464631080627e-02
3.546102941036224365e-01,2.479245662689208984e+00,5.781063064932823181e-02
1.286096721887588501e-01,4.884944915771484375e+00,1.756130345165729523e-02
2.233857102692127228e-02,3.775231361389160156e+00,4.073579609394073486e-02
2.618389129638671875e-01,2.349602460861206055e+00,5.446720123291015625e-02
3.452005386352539062e-01,2.130477726459503174e-01,2.541707269847393036e-02
2.245127558708190918e-01,1.868198275566101074e+00,9.542590007185935974e-03
5.858509030076675117e-05,4.459259033203125000e+00,4.082657769322395325e-02
1.996414363384246826e-01,2.184346675872802734e+00,2.361295744776725769e-02
8.775085955858230591e-02,2.062467575073242188e+00,2.153880894184112549e-02
6.119547411799430847e-02,3.930526256561279297e+00,4.472961276769638062e-02
3.880139440298080444e-02,4.884480237960815430e-01,2.676323521882295609e-03
1.963627040386199951e-01,2.879714965820312500e+00,1.149420998990535736e-02
9.466694295406341553e-02,3.994310140609741211e+00,5.791556835174560547e-02
2.874624729156494141e-01,3.610169887542724609e+00,5.490612704306840897e-03
2.305664122104644775e-01,2.454426139593124390e-01,4.756574984639883041e-03
2.073825150728225708e-01,4.600124359130859375e+00,8.673971518874168396e-03
5.355844646692276001e-02,2.482840061187744141e+00,1.149959582835435867e-02
1.613560765981674194e-01,3.337060689926147461e+00,4.665769264101982117e-02
2.533677220344543457e-02,8.921722173690795898e-01,9.350310079753398895e-03
1.380676031112670898e-01,4.431150436401367188e+00,1.349583733826875687e-02
1.751511394977569580e-01,3.764875650405883789e+00,4.820039123296737671e-02
5.893069133162498474e-02,6.525691747665405273e-01,1.891849189996719360e-02
2.346482723951339722e-01,1.349497795104980469e+00,8.589141070842742920e-03
1.532367318868637085e-01,3.896088123321533203e+00,3.008994646370410919e-02
4.833469688892364502e-01,7.622939348220825195e-01,4.998758435249328613e-02
2.767854332923889160e-01,8.661691546440124512e-01,5.022094398736953735e-02
5.611971393227577209e-02,3.449061632156372070e+00,1.490759756416082382e-02
6.661079823970794678e-02,2.556362152099609375e+00,6.213592365384101868e-02
1.645813733339309692e-01,3.791535139083862305e+00,1.776460930705070496e-02
3.702686131000518799e-01,1.603732347488403320e+00,2.754369005560874939e-02
3.534585535526275635e-01,4.474639415740966797e+00,1.916041970252990723e-02
2.943212687969207764e-01,3.692896366119384766e+00,1.582540012896060944e-02
4.199292361736297607e-01,8.433701992034912109e-01,5.663915537297725677e-03
4.478084146976470947e-01,4.059539794921875000e+00,2.333502657711505890e-02
8.020295202732086182e-02,2.427206039428710938e+00,2.489875443279743195e-02
3.984492123126983643e-01,4.444695472717285156e+00,4.519982263445854187e-03
2.108917385339736938e-01,1.145441234111785889e-01,1.478245388716459274e-02
3.064891099929809570e-01,1.409314870834350586e+00,2.317967452108860016e-02
1.174255535006523132e-01,3.631388902664184570e+00,6.228086538612842560e-03
1.710784807801246643e-02,3.047838926315307617e+00,1.345029287040233612e-02
9.132189303636550903e-02,1.709531664848327637e+00,1.314733363687992096e-02
7.820718735456466675e-02,3.758449077606201172e+00,2.135027386248111725e-02
3.079508543014526367e-01,1.688508272171020508e+00,2.337338961660861969e-02
2.391171008348464966e-01,4.446238040924072266e+00,2.314505539834499359e-02
1.130990684032440186e-01,4.740888595581054688e+00,5.656222347170114517e-03
2.533478140830993652e-01,2.600441455841064453e+00,4.284005239605903625e-02
2.828343771398067474e-02,1.614171266555786133e+00,4.318983701523393393e-04
4.171575009822845459e-01,2.121438026428222656e+00,2.243553288280963898e-02
7.032500952482223511e-02,2.433330059051513672e+00,4.320783913135528564e-02
1.486392170190811157e-01,8.849014043807983398e-01,6.528876721858978271e-02
1.258284449577331543e-01,1.583282828330993652e+00,6.327841896563768387e-03
4.355738162994384766e-01,2.366191864013671875e+00,5.566324293613433838e-02
6.055035069584846497e-02,7.618054747581481934e-01,1.641049794852733612e-02
9.393800795078277588e-02,2.988048791885375977e+00,9.476838633418083191e-03
1.157163307070732117e-01,2.839604377746582031e+00,1.139842942357063293e-01
3.754005730152130127e-01,1.955666303634643555e+00,1.664667949080467224e-02
1.585017889738082886e-01,2.647542953491210938e+00,2.316921204328536987e-02
1.741262823343276978e-01,1.531231105327606201e-01,3.399559855461120605e-02
5.297912284731864929e-02,4.072265625000000000e+00,3.102523833513259888e-02
9.376770257949829102e-01,4.513533115386962891e+00,1.879458129405975342e-02
3.712265193462371826e-01,2.706231355667114258e+00,4.168011620640754700e-02
1.618319749832153320e-02,2.629981040954589844e+00,9.007397107779979706e-03
8.084855973720550537e-02,2.378543376922607422e+00,3.687076643109321594e-02
3.077399730682373047e-01,4.676762104034423828e+00,1.450175326317548752e-02
8.468722924590110779e-03,7.264602184295654297e-01,2.167267166078090668e-02
7.354173064231872559e-02,1.623329758644104004e+00,2.310900017619132996e-02
2.891108393669128418e-01,2.795237064361572266e+00,2.149213664233684540e-02
8.931694179773330688e-02,3.982131958007812500e+00,3.504464775323867798e-02
2.419708073139190674e-01,6.299909204244613647e-02,2.886461839079856873e-02
1.894174367189407349e-01,4.616142749786376953e+00,3.535950556397438049e-02
4.714949429035186768e-02,1.475120484828948975e-01,4.553304612636566162e-02
1.016602963209152222e-01,3.408895492553710938e+00,5.591973662376403809e-02
1.809533387422561646e-01,2.887614011764526367e+00,4.777254536747932434e-02
9.973845630884170532e-02,2.645265579223632812e+00,2.868064679205417633e-02
2.890087962150573730e-01,2.456354379653930664e+00,1.678561978042125702e-02
1.342369914054870605e-01,3.092690229415893555e+00,2.305412106215953827e-02
1.303575634956359863e-01,4.767585754394531250e+00,8.838658221065998077e-03
1.415534615516662598e-01,3.991562604904174805e+00,9.689925611019134521e-02
4.306631386280059814e-01,3.846860885620117188e+00,1.338161807507276535e-02
1.791702955961227417e-01,1.877828121185302734e+00,4.317147657275199890e-02
1.805321276187896729e-01,4.789338588714599609e+00,1.169464457780122757e-02
4.506574943661689758e-02,2.170112133026123047e+00,2.438710257411003113e-02
2.247048616409301758e-01,2.415309667587280273e+00,7.132657337933778763e-03
4.684192836284637451e-01,2.154914617538452148e+00,2.848323993384838104e-02
3.130345642566680908e-01,2.740247249603271484e+00,4.873066022992134094e-02
6.429944932460784912e-02,2.771545886993408203e+00,1.937547139823436737e-02
5.799252986907958984e-01,2.188784837722778320e+00,1.725254766643047333e-02
2.907327711582183838e-01,4.632265090942382812e+00,1.844269223511219025e-02
4.163998365402221680e-01,2.615608930587768555e+00,1.320457085967063904e-02
7.994035631418228149e-02,7.189865708351135254e-01,1.335792336612939835e-02
7.372716069221496582e-02,1.704527497291564941e+00,1.812470518052577972e-02
1.535788774490356445e-01,1.100007295608520508e+00,1.148005481809377670e-02
9.114068001508712769e-02,4.576440334320068359e+00,4.485875833779573441e-03
1.060068830847740173e-01,2.887111902236938477e+00,6.799934804439544678e-02
2.871868014335632324e-01,3.280285358428955078e+00,8.168269880115985870e-03
2.546245455741882324e-01,1.900913357734680176e+00,3.861015662550926208e-02
1.372798830270767212e-01,8.082740306854248047e-01,1.087941788136959076e-02
1.021411642432212830e-01,4.138600826263427734e+00,9.292251430451869965e-03
3.331205248832702637e-01,3.946447134017944336e+00,2.717626094818115234e-02
2.066145092248916626e-01,1.832832574844360352e+00,2.138304710388183594e-02
3.471396863460540771e-01,4.633457183837890625e+00,1.556906197220087051e-02
1.553116887807846069e-01,4.615940570831298828e+00,5.255614966154098511e-02
1.720765233039855957e-01,2.704011917114257812e+00,1.069406718015670776e-01
2.334350496530532837e-01,3.855404138565063477e+00,8.235406130552291870e-03
2.185046225786209106e-01,3.482164382934570312e+00,5.415039509534835815e-02
3.154731690883636475e-01,2.511432170867919922e+00,4.464806616306304932e-02
1.924191974103450775e-02,2.761731863021850586e+00,2.433530241250991821e-02
1.529032438993453979e-01,1.853543281555175781e+00,4.009110480546951294e-02
2.848631143569946289e-01,1.034517884254455566e-01,4.751600325107574463e-02
4.780263453722000122e-02,4.483485221862792969e+00,1.089824130758643150e-03
5.981987118721008301e-01,4.550793170928955078e+00,2.464564703404903412e-02
6.555812805891036987e-02,4.659775733947753906e+00,7.644565310329198837e-03
9.304724633693695068e-02,4.058741092681884766e+00,5.235063657164573669e-02
3.139739483594894409e-02,4.082664012908935547e+00,2.505949139595031738e-02
3.927213549613952637e-01,2.064967632293701172e+00,2.662757970392704010e-02
2.333306521177291870e-02,2.134007930755615234e+00,9.205626323819160461e-03
3.729217648506164551e-01,9.763162732124328613e-01,5.032711196690797806e-03
2.621988356113433838e-01,2.640890121459960938e+00,4.021019488573074341e-02
2.878632843494415283e-01,4.325988769531250000e+00,1.855003833770751953e-02
1.317261606454849243e-01,4.619845390319824219e+00,2.387996390461921692e-02
9.615450352430343628e-02,4.187100887298583984e+00,4.908173158764839172e-02
1.427668184041976929e-01,3.755542993545532227e+00,2.285712212324142456e-02
4.543353244662284851e-02,2.946817874908447266e+00,1.974992640316486359e-02
5.029709935188293457e-01,1.974326968193054199e+00,1.385505963116884232e-02
1.124918013811111450e-01,4.529952526092529297e+00,1.230000052601099014e-02
3.537023663520812988e-01,3.973170995712280273e+00,1.438214909285306931e-02
2.215138524770736694e-01,2.663638114929199219e+00,1.025775354355573654e-02
1.810199171304702759e-01,4.552435874938964844e+00,2.169441804289817810e-02
2.097078114748001099e-01,6.064467877149581909e-02,5.229021981358528137e-02
4.108759388327598572e-02,2.500303030014038086e+00,1.070334576070308685e-02
1.377916485071182251e-01,3.240665197372436523e+00,2.731473930180072784e-02
1.630373597145080566e-01,2.336471796035766602e+00,1.124238502234220505e-02
2.085573971271514893e-02,6.722887158393859863e-01,5.393175408244132996e-02
2.928488850593566895e-01,3.844635248184204102e+00,1.165484543889760971e-02
2.981344163417816162e-01,3.041414260864257812e+00,4.950557649135589600e-02
6.668257713317871094e-02,4.678953647613525391e+00,1.770044863224029541e-02
1.701498478651046753e-01,3.398260593414306641e+00,5.290896166115999222e-03
1.649723947048187256e-01,7.533416748046875000e-01,3.512501716613769531e-02
7.292599882930517197e-03,6.665423512458801270e-01,1.526723057031631470e-02
2.647109925746917725e-01,2.533851385116577148e+00,4.221105203032493591e-02
1.679379940032958984e-01,3.185512065887451172e+00,2.634138986468315125e-02
8.281157910823822021e-02,7.290830612182617188e-01,4.665717855095863342e-02
6.825750228017568588e-03,4.119923591613769531e+00,8.076361380517482758e-03
1.955016553401947021e-01,4.627664089202880859e+00,1.594177447259426117e-02
2.815389633178710938e-01,2.605970144271850586e+00,8.714489638805389404e-03
6.120311096310615540e-02,4.224530220031738281e+00,4.119662195444107056e-02
7.667996734380722046e-02,3.645770311355590820e+00,2.505795285105705261e-02
2.437447607517242432e-01,3.170738697052001953e+00,5.016499012708663940e-02
1.779040843248367310e-01,4.937782883644104004e-02,8.493544906377792358e-02
2.425416260957717896e-01,2.526897788047790527e-01,1.454027090221643448e-02
2.114335000514984131e-01,3.414718434214591980e-02,5.120588466525077820e-02
3.863627612590789795e-01,3.570567846298217773e+00,3.662325069308280945e-02
8.301483094692230225e-02,4.079156398773193359e+00,3.033925779163837433e-02
2.508554458618164062e-01,4.494301319122314453e+00,2.426395891234278679e-03
3.383969366550445557e-01,9.846669435501098633e-01,4.864342138171195984e-02
1.799910068511962891e-01,1.990957975387573242e+00,1.732260803692042828e-03
8.265281468629837036e-02,2.656851530075073242e+00,2.366824634373188019e-02
1.988734751939773560e-01,2.051720857620239258e+00,1.272682100534439087e-02
1.310624480247497559e-01,3.703803062438964844e+00,5.701520293951034546e-02
2.845390439033508301e-01,2.139377832412719727e+00,4.844954982399940491e-02
1.186474487185478210e-01,2.744278907775878906e+00,2.783557027578353882e-02
8.120743185281753540e-02,4.675872802734375000e+00,4.059049859642982483e-02
1.100115329027175903e-01,2.668103933334350586e+00,2.150106243789196014e-03
2.153594940900802612e-01,2.935299158096313477e+00,5.590316839516162872e-03
2.239958494901657104e-01,2.593458175659179688e+00,1.162520051002502441e-02
1.613499969244003296e-01,6.068071126937866211e-01,5.489109829068183899e-02
2.806981801986694336e-01,1.678840637207031250e+00,1.800638251006603241e-02
1.846746355295181274e-01,7.759717702865600586e-01,1.599403657019138336e-02
3.060359060764312744e-01,6.747012138366699219e-01,2.817561291158199310e-02
1.451707780361175537e-01,2.087421894073486328e+00,1.841304637491703033e-02
6.350122690200805664e-01,1.958253026008605957e+00,2.845559455454349518e-02
2.941067516803741455e-01,3.926631212234497070e+00,1.199801452457904816e-02
1.899340599775314331e-01,2.461241960525512695e+00,1.568820513784885406e-02
1.054191365838050842e-01,1.996708035469055176e+00,4.220115393400192261e-02
1.795460879802703857e-01,2.872744321823120117e+00,4.722258076071739197e-02
6.568956375122070312e-02,1.737833023071289062e+00,9.953562170267105103e-03
1.129192709922790527e-01,4.449914455413818359e+00,4.877153784036636353e-02
8.693288266658782959e-02,1.031344890594482422e+00,4.329036176204681396e-02
5.320755764842033386e-02,3.071439266204833984e+00,4.821936786174774170e-02
2.316733449697494507e-01,2.465917825698852539e+00,8.321211673319339752e-03
1.154265105724334717e-01,2.748216390609741211e+00,6.234800070524215698e-02
4.874068498611450195e-02,4.612105369567871094e+00,1.611866615712642670e-02
3.022881746292114258e-01,2.458787441253662109e+00,1.797653362154960632e-02
5.822687596082687378e-02,1.720074415206909180e+00,2.882779389619827271e-02
3.182554244995117188e-01,1.802017927169799805e+00,3.704427555203437805e-02
3.411537408828735352e-01,2.733944892883300781e+00,1.303403731435537338e-02
1.848333626985549927e-01,2.215712308883666992e+00,3.603912889957427979e-02
3.491792976856231689e-01,4.591913700103759766e+00,4.743999242782592773e-02
2.504579126834869385e-01,5.004630088806152344e-01,6.282503250986337662e-03
1.051381975412368774e-01,3.317357301712036133e+00,4.995445162057876587e-02
1.714863330125808716e-01,4.462007999420166016e+00,4.401937499642372131e-02
3.693036735057830811e-01,1.845040917396545410e+00,2.610756643116474152e-02
5.128033161163330078e-01,3.914783477783203125e+00,2.359664812684059143e-02
1.354769468307495117e-01,3.487863779067993164e+00,7.184694707393646240e-02
4.173835366964340210e-02,3.448729515075683594e+00,4.894130304455757141e-02
3.833677768707275391e-01,1.019498944282531738e+00,2.355966903269290924e-02
2.824468016624450684e-01,2.902164220809936523e+00,2.851775661110877991e-02
2.475975602865219116e-01,8.147907257080078125e-01,2.048806659877300262e-02
5.285902619361877441e-01,6.490027308464050293e-01,9.222756139934062958e-03
9.940276294946670532e-02,2.923204898834228516e+00,5.909996572881937027e-03
1.201346665620803833e-01,1.832915663719177246e+00,4.857120662927627563e-02
2.650701105594635010e-01,3.549718618392944336e+00,1.188071910291910172e-02
7.280437648296356201e-02,3.604825139045715332e-01,4.786901921033859253e-02
2.800825238227844238e-01,2.584562540054321289e+00,6.458729505538940430e-02
2.594258487224578857e-01,2.194510221481323242e+00,2.646350860595703125e-02
2.063407599925994873e-01,9.822922945022583008e-01,5.280381999909877777e-03
1.642695069313049316e-01,3.698441028594970703e+00,3.575642779469490051e-02
4.837107658386230469e-02,1.252007126808166504e+00,3.792971372604370117e-03
2.394455373287200928e-01,2.851176738739013672e+00,5.216548591852188110e-02
1.584716588258743286e-01,3.268365859985351562e+00,5.485134944319725037e-02
3.820853307843208313e-02,6.325654387474060059e-01,1.132516469806432724e-02
2.016305327415466309e-01,4.113342761993408203e+00,3.326294571161270142e-02
1.024236604571342468e-01,3.265107393264770508e+00,1.066667400300502777e-02
8.466508984565734863e-02,4.676927566528320312e+00,7.560811936855316162e-03
2.916055619716644287e-01,4.240191936492919922e+00,1.969899795949459076e-02
6.734221428632736206e-02,4.660026073455810547e+00,4.392910748720169067e-02
2.907174453139305115e-02,2.318992853164672852e+00,1.494939718395471573e-02
1.940097659826278687e-01,9.000168442726135254e-01,1.417412422597408295e-02
8.331673592329025269e-02,2.892922163009643555e+00,1.911487616598606110e-02
2.571937441825866699e-01,6.475474834442138672e-01,5.171230435371398926e-02
2.728385031223297119e-01,4.275837898254394531e+00,1.951882243156433105e-02
1.294213384389877319e-01,2.820187330245971680e+00,1.463125646114349365e-02
1.903811991214752197e-01,4.655889987945556641e+00,6.266260147094726562e-02
2.764461338520050049e-01,7.701090574264526367e-01,6.101896986365318298e-02
4.788937047123908997e-02,5.134256482124328613e-01,8.180066011846065521e-03
2.158334106206893921e-01,1.397922992706298828e+00,2.030978910624980927e-02
2.626200914382934570e-01,2.195918560028076172e+00,1.286191400140523911e-02
2.117051929235458374e-01,2.842872142791748047e+00,2.131421864032745361e-02
2.800686657428741455e-01,2.027041673660278320e+00,3.732323274016380310e-02
2.069642245769500732e-01,2.200312614440917969e+00,4.443942382931709290e-02
1.030736938118934631e-01,5.925815701484680176e-01,2.917511761188507080e-02
1.902931779623031616e-01,2.575156688690185547e+00,1.361374836415052414e-02
8.812565356492996216e-03,2.871260404586791992e+00,1.402692683041095734e-02
1.815929412841796875e-01,4.488640308380126953e+00,2.040544152259826660e-02
3.251725733280181885e-01,2.649451255798339844e+00,1.022005639970302582e-02
7.028632760047912598e-01,2.888530254364013672e+00,1.008680928498506546e-02
2.651034295558929443e-01,4.469495773315429688e+00,6.540908664464950562e-02
1.098591312766075134e-01,3.115987539291381836e+00,4.870743025094270706e-03
8.912004530429840088e-02,2.240513116121292114e-01,1.230548787862062454e-02
7.935971766710281372e-02,1.601517438888549805e+00,2.119748666882514954e-02
7.567359507083892822e-02,2.721408843994140625e+00,1.789488270878791809e-02
2.565433979034423828e-01,8.475450426340103149e-02,4.477608203887939453e-02
5.358224734663963318e-02,2.325076103210449219e+00,6.049706134945154190e-03
1.655084639787673950e-01,2.223382711410522461e+00,4.261525720357894897e-02
9.243106842041015625e-02,1.978994309902191162e-01,9.616137482225894928e-03
2.356735467910766602e-01,4.193374633789062500e+00,3.112078830599784851e-02
3.248973190784454346e-01,2.324678182601928711e+00,2.276465110480785370e-02
7.961205393075942993e-02,2.983241796493530273e+00,4.585205763578414917e-02
1.230006739497184753e-01,4.060823440551757812e+00,2.292826026678085327e-02
4.008885100483894348e-02,4.787012100219726562e+00,1.512593124061822891e-03
1.391204893589019775e-01,4.008883953094482422e+00,6.488846242427825928e-02
2.089006751775741577e-01,3.521107509732246399e-02,2.202532999217510223e-02
1.071781367063522339e-01,2.787486553192138672e+00,3.279488906264305115e-02
3.384770452976226807e-01,1.362620472908020020e+00,7.525576744228601456e-03
1.106566637754440308e-01,2.724970102310180664e+00,5.430471897125244141e-02
8.718162775039672852e-02,2.605189681053161621e-01,6.843658536672592163e-02
1.507292836904525757e-01,2.856082677841186523e+00,2.461241185665130615e-02
1.419291198253631592e-01,4.859358787536621094e+00,2.235665172338485718e-02
9.063006192445755005e-02,2.684528112411499023e+00,2.015679609030485153e-03
3.227363526821136475e-01,3.473181724548339844e+00,6.201252341270446777e-02
1.968354284763336182e-01,4.599632740020751953e+00,2.908556954935193062e-03
3.110061585903167725e-01,9.213488101959228516e-01,4.058680683374404907e-02
2.884866436943411827e-03,4.716114521026611328e+00,1.912354305386543274e-02
6.760922819375991821e-02,3.564382791519165039e+00,5.810343660414218903e-03
6.991318613290786743e-02,4.126696109771728516e+00,5.260349065065383911e-02
3.112968504428863525e-01,3.245320320129394531e+00,2.855622209608554840e-02
4.213823080062866211e-01,5.992419719696044922e-01,4.265008121728897095e-02
9.779181331396102905e-02,9.841034412384033203e-01,1.665975898504257202e-02
5.780565738677978516e-02,2.725619792938232422e+00,1.851044408977031708e-02
1.994225382804870605e-01,4.385762214660644531e+00,2.007529884576797485e-02
7.110264152288436890e-02,4.299593925476074219e+00,9.421036578714847565e-03
3.790444433689117432e-01,1.021046519279479980e+00,4.723853431642055511e-03
1.496254503726959229e-01,4.640233993530273438e+00,2.301088534295558929e-02
3.334570527076721191e-01,8.420479893684387207e-01,4.803616926074028015e-02
1.026430428028106689e-01,2.521642684936523438e+00,5.140221491456031799e-02
2.673919498920440674e-01,1.821297526359558105e+00,1.490954682230949402e-02
5.794286355376243591e-02,2.287644863128662109e+00,8.075950667262077332e-03
2.352350652217864990e-01,2.538295984268188477e+00,4.510765895247459412e-02
2.827970683574676514e-02,1.565168738365173340e+00,9.989362210035324097e-03
4.402410238981246948e-02,3.285661339759826660e-01,1.879396475851535797e-02
3.177156150341033936e-01,4.208799898624420166e-01,9.490788914263248444e-03
2.569254338741302490e-01,9.267995953559875488e-01,6.770798563957214355e-02
1.737831979990005493e-01,2.776337146759033203e+00,1.224404433742165565e-03
2.151076644659042358e-01,1.894559621810913086e+00,5.473297834396362305e-02
2.272873818874359131e-01,2.976430356502532959e-01,8.124161511659622192e-03
4.010262191295623779e-01,4.823837757110595703e+00,3.406114503741264343e-02
3.235800191760063171e-02,8.007166981697082520e-01,1.043485198169946671e-02
5.182682275772094727e-01,5.417181253433227539e-01,1.675936020910739899e-02
4.966257140040397644e-02,1.327853560447692871e+00,4.291195794939994812e-02
1.240097102709114552e-03,2.731680393218994141e+00,1.378510240465402603e-02
1.983077637851238251e-02,3.934062719345092773e+00,2.967758849263191223e-02
1.461604982614517212e-01,2.948208808898925781e+00,3.648533672094345093e-02
2.673596143722534180e-01,1.642176657915115356e-01,1.166946254670619965e-02
7.355209439992904663e-02,2.244306951761245728e-01,1.659195497632026672e-02
1.356268972158432007e-01,1.062429308891296387e+00,1.410693675279617310e-02
2.649728655815124512e-01,4.442228317260742188e+00,2.454137802124023438e-02
1.330872904509305954e-02,4.437819480895996094e+00,6.426182389259338379e-02
2.226062268018722534e-01,2.078934431076049805e+00,1.889546401798725128e-02
3.095866143703460693e-01,2.359952688217163086e+00,6.004587560892105103e-02
3.825448751449584961e-01,8.714867234230041504e-01,1.755945757031440735e-02
6.449541449546813965e-02,1.330011844635009766e+00,1.572764478623867035e-02
2.033956199884414673e-01,4.411823272705078125e+00,1.083156652748584747e-02
8.937901258468627930e-02,3.942816257476806641e+00,3.665612637996673584e-02
1.746344417333602905e-01,4.030709743499755859e+00,5.782442633062601089e-03
1.785012334585189819e-01,4.756198406219482422e+00,1.383167225867509842e-02
1.084344387054443359e-01,2.874025583267211914e+00,5.644528660923242569e-03
5.205024480819702148e-01,4.664801597595214844e+00,1.891613355837762356e-03
2.864196598529815674e-01,2.782253265380859375e+00,8.259480446577072144e-02
3.665680289268493652e-01,2.639389514923095703e+00,2.073266170918941498e-02
2.035061120986938477e-01,3.249808073043823242e+00,6.656702607870101929e-03
6.821380555629730225e-02,4.755010128021240234e+00,6.606183480471372604e-03
1.063375324010848999e-01,4.458725452423095703e+00,3.483210876584053040e-02
3.431619405746459961e-01,2.116914749145507812e+00,6.031754985451698303e-02
4.954234957695007324e-01,8.375320434570312500e-01,1.382649224251508713e-02
1.235037893056869507e-01,2.010247468948364258e+00,1.436855830252170563e-02
2.950814068317413330e-01,7.513663172721862793e-02,1.777979172766208649e-02
2.261744737625122070e-01,2.151718378067016602e+00,6.886227428913116455e-02
2.727769911289215088e-01,1.913921356201171875e+00,1.102476939558982849e-02
8.060637861490249634e-02,2.981103181838989258e+00,2.129801176488399506e-02
3.562515079975128174e-01,6.531750410795211792e-02,1.319133862853050232e-02
1.560589373111724854e-01,2.084869623184204102e+00,1.535488199442625046e-02
2.776516377925872803e-01,4.125459671020507812e+00,4.990449640899896622e-03
2.354674637317657471e-01,2.808271884918212891e+00,2.368691563606262207e-02
9.755308181047439575e-02,4.652137279510498047e+00,4.547185823321342468e-02
6.615344434976577759e-02,3.539468050003051758e+00,1.872236654162406921e-02
2.558521330356597900e-01,2.044687747955322266e+00,7.061643898487091064e-02
3.861747384071350098e-01,4.523678302764892578e+00,1.642373017966747284e-02
1.647798568010330200e-01,2.367612838745117188e+00,5.816677585244178772e-02
3.198373317718505859e-01,2.313216924667358398e+00,2.038246486335992813e-03
2.336399555206298828e-01,7.810237407684326172e-01,6.128094717860221863e-02
1.522198468446731567e-01,3.939791917800903320e+00,1.949984580278396606e-02
5.903559923171997070e-01,1.756689071655273438e+00,1.045962423086166382e-02
3.202277421951293945e-01,4.803035736083984375e+00,6.234959140419960022e-02
2.730302810668945312e-01,8.540569543838500977e-01,2.583194337785243988e-02
1.705406457185745239e-01,4.715077877044677734e+00,1.462269108742475510e-02
6.132072955369949341e-02,9.158228039741516113e-01,4.026825353503227234e-02
5.873952507972717285e-01,1.534328818321228027e+00,5.397472996264696121e-03
6.099429726600646973e-02,1.899294137954711914e+00,2.542958781123161316e-02
1.300828754901885986e-01,2.661849260330200195e+00,1.896495930850505829e-02
1.726533025503158569e-01,1.809540629386901855e+00,3.806921886280179024e-03
2.256839573383331299e-01,1.948177099227905273e+00,1.859763264656066895e-02
1.350704114884138107e-03,2.622112989425659180e+00,2.702829428017139435e-02
2.506418824195861816e-01,9.917551875114440918e-01,2.377959340810775757e-02
1.054379269480705261e-01,4.229070663452148438e+00,6.328334659337997437e-02
1.145011708140373230e-01,3.351541757583618164e+00,2.118810079991817474e-02
5.775947496294975281e-02,1.850183963775634766e+00,3.913898766040802002e-02
1.371561586856842041e-01,2.571262121200561523e+00,8.368191309273242950e-03
4.953510686755180359e-02,5.682425498962402344e-01,3.352472186088562012e-02
9.233307093381881714e-02,3.794898748397827148e+00,6.534738838672637939e-02
1.448161900043487549e-01,3.723593473434448242e+00,1.488303020596504211e-02
2.422212511301040649e-01,1.651782274246215820e+00,2.028747834265232086e-02
1.363429725170135498e-01,4.258596897125244141e+00,1.949845999479293823e-02
5.598917603492736816e-02,4.548305034637451172e+00,4.087263252586126328e-03
1.157017126679420471e-01,2.504097700119018555e+00,4.371979832649230957e-02
2.118258625268936157e-01,1.445740938186645508e+00,1.995784975588321686e-02
1.995814740657806396e-01,3.052791833877563477e+00,4.872214794158935547e-02
6.494409590959548950e-02,3.922207117080688477e+00,5.507937818765640259e-02
1.080735996365547180e-01,3.533379793167114258e+00,1.954344101250171661e-02
4.235555529594421387e-01,2.916901350021362305e+00,1.149636413902044296e-02
7.626435160636901855e-02,2.514993190765380859e+00,6.447435915470123291e-02
3.919134736061096191e-01,7.497751116752624512e-01,1.395107153803110123e-02
7.576064020395278931e-02,4.500090122222900391e+00,4.504436999559402466e-02
3.453692495822906494e-01,2.136782646179199219e+00,8.031545579433441162e-02
7.398775219917297363e-02,4.481479644775390625e+00,1.361615955829620361e-02
3.005042374134063721e-01,4.050193309783935547e+00,1.211228501051664352e-02
1.828222721815109253e-01,2.590293407440185547e+00,3.828073292970657349e-02
1.134756207466125488e-01,1.020758986473083496e+00,1.883253455162048340e-02
2.353799939155578613e-01,3.204149246215820312e+00,6.446220725774765015e-02
1.596872061491012573e-01,2.798116207122802734e+00,5.274073779582977295e-02
7.428900152444839478e-02,2.098664999008178711e+00,4.582656547427177429e-02
9.696087837219238281e-01,1.706727027893066406e+00,8.399826288223266602e-02
9.636214375495910645e-02,4.493397235870361328e+00,1.932172104716300964e-02
1.627022176980972290e-01,4.859032630920410156e+00,3.760500997304916382e-02
7.565524894744157791e-03,2.947688817977905273e+00,5.390241742134094238e-03
1.761756539344787598e-01,1.831998348236083984e+00,1.317779906094074249e-02
9.030217677354812622e-02,8.082343935966491699e-01,7.986349985003471375e-03
2.086634337902069092e-01,3.935713529586791992e+00,9.094125591218471527e-03
2.035464644432067871e-01,2.437804460525512695e+00,9.221833199262619019e-03
2.534946203231811523e-01,3.089621663093566895e-01,3.452586755156517029e-02
1.832381635904312134e-01,2.673150539398193359e+00,1.973243802785873413e-02
2.081023454666137695e-01,7.904726266860961914e-01,1.755155809223651886e-02
4.815791174769401550e-02,8.672631978988647461e-01,7.246722280979156494e-02
6.204585731029510498e-02,2.876304626464843750e+00,4.731146618723869324e-02
9.276268631219863892e-02,6.060761809349060059e-01,3.299045190215110779e-02
2.110255658626556396e-01,3.734177112579345703e+00,4.189378581941127777e-03
7.033972442150115967e-02,7.024532556533813477e-01,1.575113460421562195e-02
5.967734009027481079e-02,2.790949344635009766e+00,4.779731854796409607e-02
1.843575984239578247e-01,3.951164245605468750e+00,2.021762356162071228e-02
2.055920362472534180e-01,8.587270379066467285e-01,1.289812382310628891e-02
7.714713364839553833e-02,3.405677318572998047e+00,5.752316117286682129e-02
4.388344287872314453e-02,4.166625022888183594e+00,2.311869338154792786e-02
2.481437772512435913e-01,2.986114740371704102e+00,1.910343766212463379e-02
3.015094697475433350e-01,4.489426136016845703e+00,1.234108209609985352e-02
2.376509755849838257e-01,1.777512669563293457e+00,6.451477855443954468e-02
3.041118085384368896e-01,2.222807407379150391e+00,1.637074910104274750e-02
2.569805979728698730e-01,2.267922401428222656e+00,4.582902789115905762e-02
5.184472724795341492e-02,2.052836179733276367e+00,5.983072146773338318e-02
2.933530882000923157e-02,7.655053138732910156e-01,3.264389559626579285e-02
1.295294612646102905e-01,1.678967475891113281e+00,5.321422964334487915e-02
3.211368918418884277e-01,2.984066486358642578e+00,5.983492825180292130e-03
4.341638833284378052e-02,9.221711754798889160e-01,3.355549275875091553e-02
9.822204709053039551e-02,4.850663185119628906e+00,1.790488325059413910e-02
3.164357542991638184e-01,2.010411500930786133e+00,3.928008303046226501e-02
2.608917355537414551e-01,8.456637859344482422e-01,7.928497157990932465e-03
2.760562002658843994e-01,2.876054525375366211e+00,1.022831872105598450e-01
5.430613756179809570e-01,4.442817687988281250e+00,1.460884325206279755e-02
1.323580443859100342e-01,2.899122714996337891e+00,6.418170779943466187e-02
8.977166563272476196e-02,2.575036048889160156e+00,2.231480181217193604e-02
7.929909974336624146e-02,1.562205195426940918e+00,1.860532723367214203e-02
2.061407119035720825e-01,3.655801773071289062e+00,3.518087044358253479e-02
2.339288890361785889e-01,2.086361885070800781e+00,5.658837966620922089e-03
8.290041983127593994e-02,1.631082415580749512e+00,5.658325273543596268e-03
1.707106679677963257e-01,2.773694038391113281e+00,1.111990865319967270e-02
7.165954262018203735e-02,4.354388713836669922e+00,4.506468027830123901e-02
2.343534082174301147e-01,3.688688993453979492e+00,3.920125216245651245e-02
3.304429352283477783e-01,1.625764250755310059e+00,1.462392229586839676e-02
2.759938836097717285e-01,2.508787870407104492e+00,4.462549835443496704e-02
4.650764912366867065e-02,7.475166916847229004e-01,2.660419233143329620e-02
3.620266616344451904e-01,1.657570719718933105e+00,2.673913026228547096e-03
6.375321745872497559e-02,2.594384908676147461e+00,1.194344460964202881e-02
1.344534307718276978e-01,4.863096237182617188e+00,4.684510082006454468e-02
1.464519053697586060e-01,3.570753574371337891e+00,2.400680072605609894e-02
9.396035671234130859e-01,3.456903219223022461e+00,8.875021710991859436e-03
3.524660170078277588e-01,2.513884544372558594e+00,5.177528783679008484e-02
1.555726975202560425e-01,1.842092156410217285e+00,5.466071143746376038e-02
9.326991438865661621e-02,3.761285543441772461e+00,1.663237065076828003e-02
7.186461687088012695e-01,3.498697757720947266e+00,2.050565928220748901e-02
4.574338346719741821e-02,3.721311807632446289e+00,2.599832415580749512e-02
8.266618847846984863e-02,1.884984612464904785e+00,7.945473305881023407e-03
1.629532426595687866e-01,7.792810201644897461e-01,4.292580485343933105e-02
3.278418183326721191e-01,4.854499816894531250e+00,4.938597325235605240e-03
3.838318288326263428e-01,2.826551437377929688e+00,4.498174786567687988e-02
5.762354657053947449e-02,2.699070215225219727e+00,2.078189700841903687e-02
1.039103269577026367e-01,4.458438873291015625e+00,2.137325145304203033e-02
2.382136136293411255e-01,3.762029886245727539e+00,5.478252191096544266e-03
4.098092913627624512e-01,3.824770689010620117e+00,6.661113351583480835e-03
8.877672255039215088e-02,7.670785188674926758e-01,1.833206228911876678e-02
2.296462841331958771e-02,1.919873118400573730e+00,3.440282493829727173e-02
2.320645004510879517e-01,4.654741764068603516e+00,3.403960168361663818e-02
2.275873571634292603e-01,1.822710037231445312e+00,5.294014513492584229e-02
1.317016929388046265e-01,2.208918571472167969e+00,3.037546761333942413e-02
1.867340356111526489e-01,3.287508964538574219e+00,2.935503609478473663e-02
1.756975799798965454e-01,1.542874574661254883e+00,1.164315175265073776e-02
2.363559901714324951e-01,3.924886465072631836e+00,1.825805380940437317e-02
2.317509651184082031e-01,4.163078308105468750e+00,1.968986727297306061e-02
1.286731362342834473e-01,2.751348257064819336e+00,1.335684582591056824e-02
5.505236610770225525e-02,3.030414342880249023e+00,8.122007711790502071e-04
1.702065765857696533e-01,4.391618251800537109e+00,4.168760497123003006e-03
2.888447046279907227e-01,8.998464047908782959e-02,5.288106203079223633e-02
2.752041816711425781e-01,8.765448927879333496e-01,6.139829754829406738e-02
1.493562608957290649e-01,1.664519011974334717e-01,4.930426925420761108e-02
5.520642735064029694e-03,4.205781459808349609e+00,2.663316950201988220e-02
8.954996615648269653e-02,3.026979207992553711e+00,2.751219831407070160e-02
9.239503741264343262e-02,3.705103158950805664e+00,4.961230605840682983e-02
2.307710796594619751e-01,5.835440158843994141e-01,1.537324395030736923e-02
2.060017883777618408e-01,3.069074153900146484e+00,4.154348280280828476e-03
1.572971604764461517e-02,2.518201351165771484e+00,3.574734926223754883e-02
1.802314668893814087e-01,3.990667819976806641e+00,4.193809628486633301e-02
2.654800117015838623e-01,3.820339679718017578e+00,1.843858882784843445e-02
2.595563530921936035e-01,4.363588809967041016e+00,1.381782442331314087e-02
1.260964274406433105e-01,4.210761547088623047e+00,2.861899882555007935e-02
3.382563358172774315e-03,2.925327122211456299e-01,9.964999742805957794e-03
1.865273565053939819e-01,4.409797191619873047e+00,2.168944291770458221e-02
3.976117447018623352e-02,1.491179943084716797e+00,3.096671961247920990e-02
2.093767821788787842e-01,2.524810314178466797e+00,5.268329288810491562e-03
2.137949019670486450e-01,4.690035820007324219e+00,4.050551354885101318e-02
5.008538365364074707e-01,4.378785610198974609e+00,4.372928664088249207e-02
2.423136234283447266e-01,8.759917020797729492e-01,8.334546349942684174e-03
3.994058072566986084e-01,5.799728035926818848e-01,8.306455612182617188e-02
1.823242157697677612e-01,1.743222594261169434e+00,2.195024490356445312e-02
1.382906138896942139e-01,1.936501741409301758e+00,6.499375402927398682e-02
3.071171045303344727e-01,1.822253584861755371e+00,3.927931562066078186e-02
9.840567596256732941e-03,4.599218845367431641e+00,4.794425796717405319e-03
2.196420282125473022e-01,7.116560935974121094e-01,5.456141754984855652e-02
1.672478914260864258e-01,1.901190400123596191e+00,5.394426733255386353e-02
1.204335689544677734e-01,2.525096654891967773e+00,2.019382640719413757e-02
2.625624537467956543e-01,4.648379802703857422e+00,5.945975333452224731e-02
2.627787292003631592e-01,1.753826886415481567e-01,2.006016857922077179e-02
3.176604509353637695e-01,4.876646041870117188e+00,3.095759078860282898e-03
7.966735959053039551e-02,2.894177436828613281e+00,1.591064152307808399e-03
1.567091643810272217e-01,7.358106374740600586e-01,4.470955953001976013e-02
6.461768746376037598e-01,8.595022559165954590e-02,3.660422191023826599e-02
2.400013804435729980e-01,9.219884276390075684e-01,2.685801684856414795e-02
2.982839047908782959e-01,2.933860540390014648e+00,4.655075818300247192e-02
8.731737732887268066e-02,4.124717712402343750e+00,1.666473224759101868e-02
2.506511509418487549e-01,3.664621353149414062e+00,1.485394965857267380e-02
9.168306589126586914e-01,4.396388053894042969e+00,1.683172769844532013e-02
4.314697682857513428e-01,2.211502552032470703e+00,1.347993779927492142e-02
8.918557316064834595e-02,4.522623538970947266e+00,5.480585992336273193e-02
1.561180055141448975e-01,2.276500225067138672e+00,4.568316414952278137e-02
5.031077563762664795e-02,1.735425710678100586e+00,5.509655922651290894e-02
7.803185284137725830e-02,1.494129061698913574e+00,1.261173002421855927e-02
1.372940838336944580e-01,6.318620443344116211e-01,3.086716867983341217e-02
7.438627630472183228e-02,2.832887172698974609e-01,2.367614582180976868e-02
2.871564924716949463e-01,1.240150809288024902e+00,1.792385987937450409e-02
4.229515418410301208e-02,3.090644359588623047e+00,1.362472493201494217e-02
1.188404038548469543e-01,2.406598329544067383e+00,4.553448036313056946e-02
4.148950278759002686e-01,4.449886322021484375e+00,5.805060733109712601e-03
4.090864062309265137e-01,1.646617412567138672e+00,2.780443988740444183e-02
1.401212997734546661e-02,2.722558259963989258e+00,5.175261572003364563e-02
9.564036130905151367e-02,1.804645061492919922e+00,1.430788356810808182e-02
2.889592014253139496e-02,1.808848828077316284e-01,4.536979272961616516e-02
2.466086596250534058e-01,2.383992433547973633e+00,6.134305894374847412e-02
1.797623634338378906e-01,2.653346538543701172e+00,4.093310236930847168e-02
3.153770267963409424e-01,4.757296085357666016e+00,1.146533526480197906e-02
5.293542891740798950e-02,1.361818671226501465e+00,5.549512058496475220e-02
2.460613250732421875e-01,2.763133049011230469e+00,2.125180093571543694e-03
5.428478494286537170e-02,3.190512657165527344e+00,7.051622029393911362e-03
1.725035160779953003e-01,1.212716579437255859e+00,5.613135173916816711e-02
7.693451642990112305e-02,4.661982536315917969e+00,1.622391119599342346e-02
2.197692096233367920e-01,2.828634977340698242e+00,2.477581612765789032e-03
7.979051023721694946e-02,6.717413067817687988e-01,7.035440206527709961e-02
1.134834587574005127e-01,2.798908233642578125e+00,2.521150931715965271e-02
1.269560009241104126e-01,4.801245212554931641e+00,4.941099882125854492e-02
1.532634943723678589e-01,2.663465976715087891e+00,1.611723192036151886e-02
1.108998432755470276e-01,4.621085643768310547e+00,2.297226525843143463e-02
1.799824833869934082e-01,1.569934606552124023e+00,1.636792719364166260e-02
2.146418020129203796e-02,1.818898200988769531e+00,6.271271407604217529e-02
4.973815381526947021e-02,4.327746391296386719e+00,7.148598134517669678e-02
3.558011353015899658e-01,2.273037672042846680e+00,1.620857603847980499e-02
1.794924437999725342e-01,3.922678947448730469e+00,1.835098862648010254e-02
7.777763009071350098e-01,1.888329744338989258e+00,2.427190914750099182e-02
2.810835838317871094e-01,1.263941884040832520e+00,3.974213823676109314e-02
2.477888464927673340e-01,4.802525520324707031e+00,4.880574718117713928e-02
2.018247693777084351e-01,6.663923859596252441e-01,6.179208867251873016e-03
8.530624210834503174e-02,3.414285421371459961e+00,4.972036927938461304e-03
2.293151319026947021e-01,1.679459452629089355e+00,9.535276144742965698e-02
3.291468620300292969e-01,2.363100767135620117e+00,5.423096939921379089e-02
1.765827834606170654e-01,3.702651262283325195e+00,1.343229133635759354e-02
2.004807293415069580e-01,2.195616722106933594e+00,2.310166507959365845e-02
3.079578578472137451e-01,2.456246137619018555e+00,1.702605932950973511e-02
2.663220465183258057e-01,2.399371564388275146e-01,1.457524951547384262e-02
5.481844022870063782e-02,3.095855236053466797e+00,4.739039763808250427e-02
2.559664845466613770e-01,4.369826793670654297e+00,3.197114914655685425e-02
6.552962958812713623e-02,3.108317375183105469e+00,7.408126723021268845e-03
1.840735524892807007e-01,2.854728221893310547e+00,4.036436975002288818e-02
1.403368860483169556e-01,2.439878940582275391e+00,2.079605311155319214e-02
7.945401966571807861e-02,2.409377336502075195e+00,6.988101452589035034e-02
1.783729791641235352e-01,1.536845564842224121e+00,3.042675554752349854e-02
9.432396292686462402e-02,4.553411483764648438e+00,1.431219186633825302e-02
1.260471940040588379e-01,2.928191423416137695e+00,1.258470118045806885e-02
1.954583078622817993e-01,4.861369132995605469e+00,1.130952127277851105e-02
2.770899832248687744e-01,4.348907947540283203e+00,2.865623496472835541e-02
1.813683062791824341e-01,3.790216684341430664e+00,3.214916959404945374e-02
9.921167045831680298e-02,2.460059404373168945e+00,8.253613486886024475e-03
2.782924473285675049e-01,2.616788148880004883e+00,4.258658736944198608e-02
1.049881055951118469e-01,2.096026420593261719e+00,7.599226664751768112e-03
8.504720777273178101e-02,4.220672607421875000e+00,1.024036668241024017e-02
3.006545305252075195e-01,3.984072208404541016e+00,1.986547838896512985e-03
4.169921576976776123e-02,8.934665322303771973e-01,1.006029359996318817e-02
1.371838301420211792e-01,7.348256111145019531e-01,5.146042630076408386e-02
2.366547472774982452e-03,3.006704747676849365e-01,1.961452513933181763e-02
3.965604603290557861e-01,4.437088489532470703e+00,7.816996425390243530e-02
5.895666778087615967e-02,2.926282644271850586e+00,3.755720704793930054e-02
1.284122914075851440e-01,2.081803083419799805e+00,3.719813749194145203e-02
1.742458641529083252e-01,4.063867568969726562e+00,4.665056243538856506e-02
1.871078163385391235e-01,4.503546714782714844e+00,3.485498484224081039e-03
2.503216266632080078e-01,4.628740310668945312e+00,1.226368825882673264e-02
1.126691102981567383e-01,4.587367534637451172e+00,2.714112773537635803e-02
3.093690574169158936e-01,4.656887531280517578e+00,1.262614224106073380e-02
1.476897299289703369e-01,3.028963088989257812e+00,1.333925407379865646e-02
2.205679863691329956e-01,2.040201425552368164e+00,1.678931154310703278e-02
1.384166032075881958e-01,2.776255846023559570e+00,7.358607649803161621e-02
3.029509484767913818e-01,2.015229701995849609e+00,2.579973451793193817e-02
6.983418762683868408e-02,7.398306727409362793e-01,2.024665288627147675e-02
6.733833998441696167e-02,4.564499855041503906e+00,4.059737175703048706e-02
2.025440186262130737e-01,1.919178605079650879e+00,1.671391911804676056e-02
1.866304725408554077e-01,2.990056037902832031e+00,1.903153210878372192e-02
1.060796305537223816e-01,7.121280431747436523e-01,7.550769299268722534e-02
3.092892765998840332e-01,3.730885028839111328e+00,1.750580966472625732e-02
1.884119212627410889e-01,7.706610560417175293e-01,3.641009330749511719e-02
1.359081119298934937e-01,2.794207811355590820e+00,4.687433317303657532e-02
1.877518445253372192e-01,1.258346438407897949e+00,3.975747525691986084e-02
1.263363957405090332e-01,7.755164504051208496e-01,5.886999145150184631e-02
2.021856009960174561e-01,3.322654485702514648e+00,8.201058208942413330e-02
1.457150727510452271e-01,1.925185322761535645e+00,1.091655064374208450e-02
2.232917398214340210e-02,2.462164878845214844e+00,8.497335016727447510e-03
3.419607877731323242e-01,2.544207096099853516e+00,5.433426424860954285e-02
1.375263929367065430e-01,2.831053972244262695e+00,4.327225685119628906e-02
1.072173118591308594e-01,4.181637763977050781e+00,1.043495386838912964e-01
3.876633243635296822e-03,2.872396469116210938e+00,2.207246422767639160e-02
2.356148362159729004e-01,2.849071919918060303e-01,6.008619070053100586e-02
1.071118488907814026e-01,1.822627305984497070e+00,2.691920474171638489e-02
1.556177437305450439e-01,2.629505157470703125e+00,4.369954019784927368e-02
2.814470529556274414e-01,4.720282554626464844e+00,4.600848630070686340e-02
2.520458102226257324e-01,5.874613523483276367e-01,2.448849938809871674e-02
2.464357912540435791e-01,7.183919101953506470e-02,3.838002681732177734e-02
2.361562699079513550e-01,2.402047872543334961e+00,8.314487338066101074e-02
1.932904869318008423e-01,4.594413757324218750e+00,5.684189870953559875e-02
3.614268898963928223e-01,2.110424041748046875e-01,2.462005428969860077e-02
2.861288189888000488e-01,1.033064201474189758e-01,3.107555210590362549e-02
2.333281785249710083e-01,2.592034339904785156e+00,7.566555868834257126e-03
1.178966537117958069e-01,3.869561910629272461e+00,1.542083919048309326e-02
2.697525024414062500e-01,3.612777471542358398e+00,2.991069294512271881e-02
4.817182943224906921e-02,2.685832738876342773e+00,3.512798994779586792e-02
2.437980771064758301e-01,3.631995677947998047e+00,1.309404522180557251e-02
2.694529294967651367e-01,8.282877206802368164e-01,4.123175516724586487e-02
2.545855641365051270e-01,4.317607402801513672e+00,1.636613346636295319e-02
2.080452144145965576e-01,3.241474866867065430e+00,2.081728726625442505e-02
2.396589666604995728e-01,3.509711742401123047e+00,7.049011439085006714e-02
5.558315664529800415e-02,5.497657060623168945e-01,2.064239419996738434e-02
7.078726589679718018e-02,4.580777168273925781e+00,2.967138215899467468e-02
1.765367984771728516e-01,3.028504610061645508e+00,1.169792748987674713e-02
2.679502367973327637e-01,2.495737314224243164e+00,7.915829308331012726e-03
1.554491072893142700e-01,3.262914419174194336e+00,2.277716435492038727e-02
2.745795547962188721e-01,1.780929923057556152e+00,4.843765404075384140e-03
1.090263351798057556e-01,3.905987024307250977e+00,5.002276599407196045e-02
1.079310029745101929e-01,3.703502178192138672e+00,1.680228859186172485e-02
6.197929382324218750e-01,2.485415458679199219e+00,1.234159525483846664e-02
1.621851772069931030e-01,3.606566429138183594e+00,9.920994751155376434e-03
2.086608111858367920e-01,2.221084117889404297e+00,1.552690286189317703e-02
1.025522276759147644e-01,2.422385692596435547e+00,6.467648595571517944e-02
1.071910560131072998e-01,3.197945356369018555e+00,3.694687783718109131e-02
4.929082095623016357e-02,2.773084402084350586e+00,1.366616506129503250e-02
2.388932406902313232e-01,1.937980771064758301e+00,6.237672269344329834e-02
3.065454401075839996e-02,3.077750444412231445e+00,6.556331180036067963e-03
2.950482666492462158e-01,1.774205446243286133e+00,2.412809804081916809e-02
2.504680752754211426e-01,3.012041568756103516e+00,1.909538544714450836e-02
9.245821833610534668e-02,1.701269030570983887e+00,3.477933257818222046e-02
9.860516339540481567e-02,3.529085159301757812e+00,1.594202965497970581e-02
3.023698627948760986e-01,2.585306167602539062e+00,5.207019299268722534e-02
3.245642483234405518e-01,3.510561227798461914e+00,1.178455352783203125e-02
2.365313470363616943e-01,1.052308827638626099e-01,3.290449269115924835e-03
2.135960161685943604e-01,1.333213001489639282e-01,5.607949942350387573e-02
1.831339448690414429e-01,3.678523063659667969e+00,1.746005960740149021e-03
3.667082488536834717e-01,3.741268634796142578e+00,1.061682216823101044e-02
1.411883383989334106e-01,2.486188411712646484e+00,4.073210526257753372e-03
4.797607660293579102e-01,9.837024807929992676e-01,5.297891795635223389e-02
4.063003361225128174e-01,4.562208652496337891e+00,3.463783115148544312e-02
1.721031963825225830e-01,4.836609363555908203e+00,4.350782372057437897e-03
6.609147787094116211e-02,3.554121732711791992e+00,2.512072958052158356e-02
5.950699448585510254e-01,2.273598670959472656e+00,1.855552569031715393e-02
2.289629578590393066e-01,2.242724597454071045e-01,5.438955128192901611e-02
2.646325230598449707e-01,3.011956691741943359e+00,4.504750017076730728e-03
1.037395074963569641e-01,4.731753826141357422e+00,9.812827222049236298e-03
3.409082889556884766e-01,2.102103948593139648e+00,4.998614639043807983e-02
3.322368562221527100e-01,1.821433901786804199e+00,3.758459538221359253e-02
9.538695961236953735e-02,2.012964248657226562e+00,5.120521783828735352e-02
1.438551992177963257e-01,4.560191154479980469e+00,7.653899956494569778e-03
2.325100898742675781e-01,3.987484693527221680e+00,1.821758778532966971e-04
7.492193579673767090e-02,3.885741233825683594e+00,2.311443537473678589e-02
1.159743294119834900e-01,2.786597728729248047e+00,7.090077549219131470e-02
1.978342831134796143e-01,2.694786787033081055e+00,2.226325683295726776e-02
1.469832211732864380e-01,4.406367301940917969e+00,8.446431905031204224e-02
1.455651521682739258e-01,9.014081358909606934e-01,2.600078471004962921e-02
2.704947292804718018e-01,8.464940190315246582e-01,1.230666786432266235e-02
9.553027898073196411e-02,3.834222555160522461e+00,1.988353207707405090e-02
8.449783176183700562e-02,7.796362042427062988e-01,1.330407056957483292e-02
9.945733845233917236e-02,3.017742633819580078e+00,2.716723456978797913e-02
1.649292856454849243e-01,4.590241432189941406e+00,1.234872359782457352e-02
3.439833819866180420e-01,4.075162887573242188e+00,1.685824431478977203e-02
6.699765920639038086e-01,4.570868909358978271e-01,5.149904638528823853e-03
1.035622693598270416e-02,4.498850822448730469e+00,9.142233990132808685e-03
2.836761809885501862e-02,6.286737918853759766e-01,4.323486983776092529e-02
7.273076474666595459e-02,2.543740034103393555e+00,6.115293502807617188e-02
7.416212558746337891e-02,8.496035933494567871e-01,5.465188995003700256e-02
2.456562370061874390e-01,1.904804468154907227e+00,8.015994913876056671e-03
1.882112920284271240e-01,4.624835014343261719e+00,5.381968617439270020e-02
3.469028323888778687e-02,2.427551984786987305e+00,3.658673167228698730e-02
9.086578339338302612e-02,1.743114590644836426e+00,4.774546623229980469e-02
1.333966553211212158e-01,2.291023254394531250e+00,1.617251895368099213e-02
1.542037278413772583e-01,1.702052474021911621e+00,1.224871166050434113e-02
4.285117089748382568e-01,4.760674953460693359e+00,1.960647292435169220e-03
1.444855034351348877e-01,2.094367980957031250e+00,2.621604129672050476e-02
9.957952052354812622e-02,3.803434610366821289e+00,1.081299968063831329e-02
4.560916721820831299e-01,9.207854866981506348e-01,2.298754826188087463e-02
1.297449618577957153e-01,2.644449710845947266e+00,1.883843168616294861e-02
2.579412758350372314e-01,2.601082324981689453e+00,3.051712550222873688e-02
1.374519169330596924e-01,1.025283575057983398e+00,6.673966348171234131e-02
7.564512640237808228e-02,2.665732622146606445e+00,2.474930137395858765e-02
4.136080741882324219e-01,8.165298700332641602e-01,1.354338135570287704e-02
3.386076390743255615e-01,4.171652793884277344e+00,2.452501794323325157e-03
6.284850090742111206e-02,3.616930723190307617e+00,5.440811626613140106e-03
5.678104236721992493e-02,3.997389793395996094e+00,2.406367845833301544e-02
2.043352872133255005e-01,4.257548809051513672e+00,1.869620941579341888e-02
4.208585321903228760e-01,3.699032068252563477e+00,4.136910662055015564e-03
1.256117820739746094e-01,2.707934141159057617e+00,8.923078887164592743e-03
1.420634239912033081e-01,1.589472293853759766e+00,3.788468241691589355e-02
1.905904859304428101e-01,4.529668331146240234e+00,2.280070632696151733e-02
1.286790072917938232e-01,2.033182144165039062e+00,8.386644721031188965e-02
1.166003197431564331e-01,8.500335216522216797e-01,4.020050168037414551e-02
3.119952380657196045e-01,9.486756920814514160e-01,2.842415496706962585e-02
1.125129759311676025e-01,2.281490325927734375e+00,4.776444286108016968e-02
7.954666763544082642e-02,1.743803501129150391e+00,7.847717963159084320e-03
2.308801710605621338e-01,2.555923461914062500e+00,1.567943394184112549e-02
1.262055784463882446e-01,6.899853348731994629e-01,4.306079819798469543e-02
1.343229264020919800e-01,2.791321754455566406e+00,1.396225206553936005e-02
4.577201791107654572e-03,2.279410600662231445e+00,1.907512731850147247e-02
2.592141926288604736e-01,4.579079627990722656e+00,6.265229731798171997e-02
3.547439277172088623e-01,2.449966669082641602e+00,3.156540542840957642e-02
2.035417705774307251e-01,3.374928236007690430e-01,3.981881588697433472e-02
8.642558008432388306e-02,3.032120704650878906e+00,1.087628956884145737e-02
6.415688898414373398e-03,3.768509328365325928e-01,9.316460229456424713e-03
8.206455707550048828e-01,2.193885803222656250e+00,1.252823323011398315e-02
2.203807234764099121e-01,2.995344638824462891e+00,1.561752986162900925e-02
1.977524459362030029e-01,1.717954993247985840e+00,1.550028473138809204e-02
1.898650825023651123e-01,1.810621857643127441e+00,2.222540602087974548e-02
3.102970123291015625e-01,1.898951768875122070e+00,3.728137910366058350e-02
2.882114648818969727e-01,4.292258739471435547e+00,5.351929366588592529e-02
7.949505746364593506e-02,3.156448602676391602e+00,5.730333738029003143e-03
1.197743490338325500e-01,4.623583793640136719e+00,7.143735419958829880e-03
1.818984188139438629e-02,5.602426528930664062e-01,3.179030492901802063e-02
8.106929063796997070e-02,1.783320784568786621e+00,5.405694618821144104e-02
7.432589679956436157e-02,4.361239910125732422e+00,6.548227742314338684e-03
1.251920908689498901e-01,3.167942523956298828e+00,6.455447059124708176e-03
3.830411285161972046e-02,2.806707859039306641e+00,8.322472870349884033e-02
1.422174125909805298e-01,2.237633943557739258e+00,2.740300633013248444e-02
2.438262701034545898e-01,2.459808111190795898e+00,1.174983102828264236e-02
2.909876406192779541e-01,7.740544676780700684e-01,5.402396898716688156e-03
8.613628149032592773e-02,3.984897375106811523e+00,6.082868948578834534e-02
5.041412636637687683e-02,4.656228721141815186e-01,8.371356129646301270e-02
2.358206957578659058e-01,3.446773052215576172e+00,2.000847086310386658e-02
2.161806672811508179e-01,1.852809190750122070e+00,2.852970547974109650e-02
2.704755403101444244e-02,1.630609154701232910e+00,7.737499661743640900e-03
3.736659288406372070e-01,1.421543836593627930e+00,3.950067330151796341e-03
2.701516747474670410e-01,3.785226106643676758e+00,6.733070593327283859e-03
4.531684517860412598e-02,3.388184070587158203e+00,1.328509394079446793e-02
1.347516179084777832e-01,4.571009635925292969e+00,1.355297211557626724e-02
5.347759723663330078e-01,2.260110378265380859e+00,2.165025845170021057e-02
2.371183782815933228e-01,3.411916017532348633e+00,2.483525872230529785e-02
2.556951940059661865e-01,2.078979730606079102e+00,2.735715359449386597e-02
2.049942314624786377e-01,7.611162066459655762e-01,1.357266679406166077e-02
4.908722266554832458e-02,4.769290447235107422e+00,1.852906122803688049e-02
4.009213298559188843e-02,4.786282539367675781e+00,2.617593482136726379e-02
1.975278854370117188e-01,7.357206344604492188e-01,2.644883934408426285e-03
2.518756985664367676e-01,4.523578643798828125e+00,1.390480995178222656e-02
3.896000683307647705e-01,4.018797397613525391e+00,1.206669025123119354e-02
1.686515808105468750e-01,4.452836990356445312e+00,3.932316601276397705e-02
3.154110908508300781e-01,3.951771736145019531e+00,2.103105559945106506e-02
2.081505060195922852e-01,4.608758449554443359e+00,2.307191863656044006e-02
5.281055346131324768e-02,2.808656215667724609e+00,5.569704249501228333e-02
1.686024665832519531e-01,2.579763174057006836e+00,7.132195867598056793e-03
7.518200576305389404e-02,2.838028669357299805e+00,1.501904707401990891e-02
2.627004683017730713e-01,2.172444343566894531e+00,2.047262899577617645e-02
3.006826341152191162e-01,4.393668174743652344e+00,3.543207794427871704e-02
7.772571444511413574e-01,1.785981297492980957e+00,2.346642687916755676e-02
1.557202776893973351e-04,2.697098493576049805e+00,7.972810417413711548e-03
8.730177283287048340e-01,3.561837911605834961e+00,1.530487649142742157e-02
3.121880292892456055e-01,2.364273071289062500e+00,3.784406185150146484e-02
7.820502519607543945e-01,3.660046577453613281e+00,1.842115074396133423e-02
8.668585866689682007e-02,8.393759131431579590e-01,9.709840640425682068e-03
3.202204406261444092e-01,2.852025508880615234e+00,2.595360018312931061e-02
1.596395671367645264e-01,3.734165906906127930e+00,1.495883427560329437e-02
5.843433737754821777e-01,4.820802211761474609e+00,1.937121339142322540e-02
1.982135623693466187e-01,4.661765575408935547e+00,7.794891484081745148e-03
2.387412637472152710e-01,6.569013595581054688e-01,2.294128760695457458e-02
9.417535364627838135e-02,4.779351711273193359e+00,5.821627005934715271e-02
9.236568212509155273e-02,1.897720098495483398e+00,1.650968939065933228e-02
2.079001367092132568e-01,4.078291416168212891e+00,3.149319440126419067e-02
1.629822999238967896e-01,3.902480602264404297e+00,1.491000782698392868e-02
7.362722605466842651e-02,2.783483028411865234e+00,6.035663187503814697e-02
2.776619791984558105e-01,2.545968770980834961e+00,1.374730374664068222e-02
2.206918895244598389e-01,3.012128114700317383e+00,2.190793119370937347e-02
2.748630344867706299e-01,8.798646330833435059e-01,8.500309661030769348e-03
2.917923033237457275e-01,4.140954017639160156e+00,2.950756810605525970e-02
1.473187003284692764e-02,3.744859695434570312e+00,4.416175186634063721e-03
1.691845059394836426e-01,3.689508438110351562e+00,8.934977464377880096e-03
8.414179831743240356e-02,2.551362991333007812e+00,5.057637393474578857e-02
1.104515418410301208e-01,2.577702522277832031e+00,1.162858563475310802e-03
1.252770274877548218e-01,3.362268686294555664e+00,7.301908452063798904e-03
3.474127054214477539e-01,2.436340093612670898e+00,1.307717151939868927e-02
5.572388768196105957e-01,1.015768647193908691e+00,4.638437926769256592e-02
1.019053757190704346e-01,4.566320419311523438e+00,2.236014045774936676e-02
1.049305573105812073e-01,1.721549868583679199e+00,3.243515267968177795e-02
2.532181143760681152e-01,3.981030225753784180e+00,3.476753830909729004e-02
1.996292024850845337e-01,2.853603363037109375e+00,3.452314995229244232e-03
4.462954699993133545e-01,1.956816911697387695e+00,4.665343463420867920e-02
2.281372398138046265e-01,4.127527236938476562e+00,1.154370326548814774e-02
1.984027922153472900e-01,4.494577407836914062e+00,5.766461417078971863e-02
2.964118123054504395e-01,3.721065521240234375e+00,1.227127853780984879e-02
1.056162714958190918e-01,4.756094455718994141e+00,5.611586198210716248e-02
2.596664428710937500e-01,2.863158702850341797e+00,4.420503601431846619e-02
5.195229053497314453e-01,2.936043262481689453e+00,2.011058479547500610e-02
2.865105271339416504e-01,2.602553367614746094e+00,1.463238522410392761e-02
3.129123449325561523e-01,4.018884181976318359e+00,2.296457253396511078e-02
7.008403539657592773e-02,3.897263526916503906e+00,1.805377379059791565e-02
3.305401206016540527e-01,4.151182651519775391e+00,1.071760337799787521e-02
2.927096188068389893e-01,1.858859658241271973e+00,4.949362576007843018e-02
3.842702209949493408e-01,2.184943199157714844e+00,2.233916334807872772e-02
1.309141814708709717e-01,4.230236053466796875e+00,6.607865542173385620e-02
8.900512009859085083e-02,1.707915067672729492e+00,3.674218803644180298e-02
1.345616877079010010e-01,4.525780200958251953e+00,3.459525853395462036e-02
4.231059178709983826e-02,2.972261905670166016e+00,8.317108266055583954e-03
9.843473136425018311e-02,3.829013347625732422e+00,4.565500840544700623e-02
1.385847926139831543e-01,2.467465639114379883e+00,4.057193174958229065e-02
1.508862823247909546e-01,3.672991991043090820e+00,5.434026196599006653e-02
1.694609969854354858e-01,2.483203411102294922e+00,5.247116461396217346e-02
3.218348026275634766e-01,4.334942340850830078e+00,1.803715527057647705e-02
3.175287544727325439e-01,3.605155944824218750e+00,1.396025251597166061e-02
1.613394320011138916e-01,6.931301951408386230e-01,1.842848397791385651e-02
3.047504127025604248e-01,4.469390392303466797e+00,4.151291772723197937e-02
8.537661433219909668e-01,1.904401898384094238e+00,8.974623866379261017e-03
2.642374634742736816e-01,7.197132706642150879e-01,1.301844604313373566e-02
1.342879682779312134e-01,3.503673553466796875e+00,1.563896797597408295e-02
2.153998166322708130e-01,4.794993877410888672e+00,1.945486478507518768e-02
3.483276069164276123e-01,4.099683761596679688e+00,4.756380245089530945e-02
1.291794329881668091e-02,4.719524860382080078e+00,2.440838702023029327e-02
3.536098599433898926e-01,2.663568973541259766e+00,1.456617191433906555e-02
2.940628826618194580e-01,8.410665392875671387e-01,3.454858809709548950e-02
6.634657736867666245e-03,2.189713478088378906e+00,1.355948578566312790e-02
6.322384625673294067e-02,2.331490039825439453e+00,4.454487469047307968e-03
3.019279241561889648e-01,2.773991107940673828e+00,4.541092738509178162e-02
2.353423088788986206e-01,2.612641751766204834e-01,8.966930210590362549e-03
1.718477904796600342e-01,2.625504255294799805e+00,3.536786511540412903e-02
1.873150020837783813e-01,3.128709316253662109e+00,1.189133524894714355e-02
3.194349110126495361e-01,1.993982791900634766e+00,2.831439860165119171e-02
6.706213951110839844e-02,4.392381906509399414e-01,1.279159821569919586e-02
2.043294459581375122e-01,2.986995697021484375e+00,1.235539186745882034e-02
2.507261335849761963e-01,4.548380374908447266e+00,2.447311393916606903e-02
3.956894204020500183e-02,4.345965385437011719e+00,1.719454117119312286e-02
1.648257225751876831e-01,7.179266214370727539e-01,4.477874934673309326e-02
4.770311713218688965e-02,8.637339472770690918e-01,1.618575118482112885e-02
5.406111478805541992e-01,6.790196895599365234e-02,1.430290937423706055e-02
4.718832671642303467e-01,8.811764121055603027e-01,4.250380769371986389e-02
3.971915841102600098e-01,1.576407194137573242e+00,1.712848059833049774e-02
1.960699856281280518e-01,3.930142879486083984e+00,5.322674289345741272e-02
2.765893638134002686e-01,2.688663005828857422e+00,1.734502054750919342e-02
3.255648612976074219e-01,3.452775955200195312e+00,4.336052387952804565e-02
2.100633680820465088e-01,9.434055685997009277e-01,6.433372944593429565e-02
3.416319191455841064e-01,4.369619846343994141e+00,1.108046807348728180e-02
2.029860019683837891e-01,8.798241615295410156e-01,1.585986651480197906e-02
5.125753208994865417e-02,4.115716457366943359e+00,5.011129006743431091e-02
3.082359433174133301e-01,9.968305230140686035e-01,3.902882104739546776e-03
2.923692166805267334e-01,2.723641395568847656e+00,3.931049630045890808e-02
1.984298378229141235e-01,2.089881420135498047e+00,3.286146000027656555e-02
1.937982290983200073e-01,2.864366769790649414e+00,8.803423494100570679e-03
6.330423057079315186e-02,1.806236505508422852e+00,6.418576091527938843e-02
1.421474218368530273e-01,4.396787166595458984e+00,2.948674559593200684e-02
1.350387334823608398e-01,2.142378091812133789e+00,2.736520580947399139e-02
1.399413943290710449e-01,3.347150802612304688e+00,1.092973165214061737e-02
1.451387554407119751e-01,2.951655864715576172e+00,6.905665993690490723e-02
5.066528916358947754e-02,4.455618381500244141e+00,1.518727280199527740e-02
1.952255219221115112e-01,4.748882770538330078e+00,5.140057578682899475e-02
2.725225090980529785e-01,1.347037106752395630e-01,9.078174829483032227e-03
2.195229530334472656e-01,1.945670723915100098e+00,3.491263091564178467e-02
1.372640728950500488e-01,4.884316444396972656e+00,2.450403943657875061e-02
1.111473813652992249e-01,2.167748689651489258e+00,7.724103331565856934e-02
7.713527977466583252e-02,2.532824277877807617e+00,3.558107092976570129e-02
1.405672132968902588e-01,4.243090152740478516e+00,1.697794999927282333e-03
3.457761406898498535e-01,9.101818799972534180e-01,2.310838364064693451e-02
8.202986419200897217e-02,3.377900362014770508e+00,1.765787973999977112e-02
3.078131675720214844e-01,4.669262409210205078e+00,2.538589015603065491e-02
2.575007677078247070e-01,3.871243596076965332e-01,4.076718538999557495e-02
2.658552229404449463e-01,2.830986261367797852e+00,1.722526177763938904e-02
1.038131937384605408e-01,2.428123235702514648e+00,1.127361971884965897e-02
1.093116924166679382e-01,4.717561721801757812e+00,4.740675911307334900e-03
3.254227638244628906e-01,1.129368022084236145e-01,1.348029635846614838e-02
5.567846074700355530e-02,3.652185916900634766e+00,1.170951873064041138e-02
7.700826972723007202e-02,3.084300756454467773e+00,4.387340694665908813e-02
3.355982005596160889e-01,2.156305313110351562e+00,1.964011788368225098e-02
2.358077317476272583e-01,3.458175897598266602e+00,5.187447741627693176e-02
3.035211861133575439e-01,1.731655597686767578e+00,1.463397499173879623e-02
2.251431643962860107e-01,2.193245172500610352e+00,2.142941206693649292e-02
1.868618428707122803e-01,2.696970224380493164e+00,4.986218363046646118e-02
1.080331802368164062e-01,3.896582126617431641e+00,2.069737529382109642e-03
1.740796118974685669e-01,3.617660760879516602e+00,1.362380106002092361e-02
1.298605799674987793e-01,4.661308765411376953e+00,5.168784037232398987e-02
2.703140377998352051e-01,3.205483198165893555e+00,6.562126800417900085e-03
3.122443519532680511e-02,2.870002031326293945e+00,1.667678542435169220e-02
3.083149492740631104e-01,3.128459215164184570e+00,1.527594961225986481e-02
5.072613358497619629e-01,8.758685737848281860e-02,4.887898638844490051e-02
2.317596375942230225e-01,1.749013543128967285e+00,4.057721421122550964e-02
2.223502397537231445e-01,2.645358324050903320e+00,6.586335133761167526e-03
3.983044624328613281e-01,1.505289316177368164e+00,7.072906475514173508e-03
8.936032652854919434e-02,4.407423496246337891e+00,1.121135614812374115e-02
2.425863146781921387e-01,2.446403026580810547e+00,2.046114020049571991e-02
2.986076474189758301e-01,1.691072106361389160e+00,3.618299216032028198e-02
6.341031193733215332e-02,1.746737599372863770e+00,9.837240912020206451e-03
1.160009950399398804e-01,2.481118440628051758e+00,9.514083713293075562e-02
1.336022913455963135e-01,2.576582193374633789e+00,2.631451562047004700e-02
2.594483457505702972e-02,2.874844551086425781e+00,6.806771736592054367e-03
1.777912378311157227e-01,4.190055847167968750e+00,1.243735011667013168e-02
3.341352939605712891e-01,2.627485036849975586e+00,5.647893249988555908e-02
1.796180456876754761e-01,4.562685489654541016e+00,7.087682932615280151e-02
1.801750212907791138e-01,4.822272300720214844e+00,1.051542535424232483e-02
1.970696300268173218e-01,4.692089557647705078e+00,2.466693148016929626e-02
3.116230964660644531e-01,1.607388138771057129e+00,6.132321059703826904e-02
2.884168326854705811e-01,1.609989762306213379e+00,6.890474352985620499e-03
3.120416700839996338e-01,4.701470375061035156e+00,3.280755598098039627e-03
2.874488830566406250e-01,2.250367164611816406e+00,4.647013172507286072e-02
8.959452807903289795e-02,1.770259261131286621e+00,3.658698871731758118e-03
6.037537455558776855e-01,2.114613294601440430e+00,3.885936737060546875e-02
2.620983123779296875e-01,1.782164573669433594e+00,6.786769255995750427e-03
4.168004170060157776e-02,2.698137283325195312e+00,1.927474141120910645e-02
2.820568084716796875e-01,2.310717582702636719e+00,8.061225712299346924e-02
9.300669282674789429e-02,4.030591487884521484e+00,4.575578868389129639e-02
3.281058669090270996e-01,4.545682907104492188e+00,3.129173442721366882e-02
7.366494834423065186e-02,8.395872712135314941e-01,2.088524401187896729e-02
2.756741344928741455e-01,2.050957202911376953e+00,1.286683790385723114e-02
2.756188511848449707e-01,8.361234068870544434e-01,1.382895465940237045e-02
1.503925174474716187e-01,4.426083087921142578e+00,7.958690822124481201e-02
1.651444882154464722e-01,4.412443161010742188e+00,1.316938735544681549e-02
7.090177386999130249e-03,4.883395195007324219e+00,2.308838255703449249e-02
1.597478538751602173e-01,4.060804843902587891e+00,7.694007363170385361e-03
1.298390626907348633e-01,2.498323440551757812e+00,8.313477039337158203e-02
9.898831695318222046e-02,7.903841733932495117e-01,1.885633170604705811e-02
2.127525508403778076e-01,3.008627414703369141e+00,1.227440778166055679e-02
2.159747928380966187e-01,9.119666814804077148e-01,4.614234715700149536e-02
2.192678600549697876e-01,1.694488763809204102e+00,4.529383778572082520e-02
1.194552406668663025e-01,4.859373092651367188e+00,5.520185455679893494e-02
2.007471323013305664e-01,1.548979282379150391e+00,5.811830982565879822e-03
5.908047035336494446e-02,4.074129104614257812e+00,4.761401563882827759e-02
1.160045862197875977e-01,4.482976436614990234e+00,2.316336520016193390e-02
2.990529835224151611e-01,4.318659305572509766e+00,3.596727177500724792e-02
1.932692080736160278e-01,4.531581401824951172e+00,1.769265159964561462e-02
1.553192287683486938e-01,4.607630252838134766e+00,5.810394883155822754e-03
2.890547811985015869e-01,8.678240776062011719e-01,6.736178696155548096e-02
8.358175307512283325e-02,3.103534221649169922e+00,2.403700910508632660e-02
3.155401945114135742e-01,4.629937648773193359e+00,5.873069167137145996e-03
2.590693831443786621e-01,1.531390786170959473e+00,1.902671158313751221e-02
3.428438901901245117e-01,3.591720819473266602e+00,6.154205650091171265e-02
8.808506280183792114e-02,4.477459907531738281e+00,3.941912669688463211e-03
1.351043581962585449e-01,3.992258310317993164e+00,5.857067182660102844e-02
2.786457538604736328e-01,4.433354377746582031e+00,5.065607279539108276e-02
2.530582249164581299e-02,1.974199414253234863e-01,7.220052648335695267e-03
1.727756112813949585e-01,4.305193424224853516e+00,3.872073441743850708e-02
1.640349030494689941e-01,2.757955789566040039e+00,4.032343998551368713e-02
2.722527831792831421e-02,2.895685672760009766e+00,2.032363787293434143e-02
4.588311612606048584e-01,3.563318550586700439e-01,5.795469973236322403e-03
1.645510792732238770e-01,1.672045826911926270e+00,1.288381405174732208e-02
2.026723474264144897e-01,8.209794759750366211e-01,4.943649098277091980e-02
6.818319857120513916e-02,4.198139667510986328e+00,2.045929431915283203e-02
1.079256534576416016e-01,5.150531530380249023e-01,2.320085652172565460e-02
6.933203339576721191e-02,4.774665832519531250e-01,3.902266919612884521e-02
1.094872429966926575e-01,8.768063038587570190e-02,1.684501208364963531e-02
2.648947834968566895e-01,2.531682729721069336e+00,5.229196511209011078e-03
1.598057150840759277e-01,1.056215167045593262e+00,4.377806186676025391e-02
2.044611573219299316e-01,3.028044939041137695e+00,4.011962190270423889e-02
1.487123817205429077e-01,3.440089702606201172e+00,4.733772575855255127e-02
2.181843817234039307e-01,2.819895744323730469e+00,1.742851734161376953e-02
2.920737564563751221e-01,2.684507369995117188e+00,2.689007297158241272e-02
5.240746960043907166e-02,6.412063241004943848e-01,1.413668412715196609e-02
1.722871065139770508e-01,2.958234071731567383e+00,5.573032796382904053e-02
6.573882699012756348e-02,2.795896768569946289e+00,6.938823312520980835e-02
3.287554681301116943e-01,3.595898151397705078e+00,2.843882422894239426e-03
3.672449588775634766e-01,2.476814985275268555e+00,1.680603250861167908e-02
3.541045188903808594e-01,8.878288865089416504e-01,1.984347589313983917e-02
9.191084653139114380e-02,3.842668294906616211e+00,7.276469841599464417e-03
4.929880052804946899e-02,2.504077434539794922e+00,6.862245500087738037e-02
1.724101752042770386e-01,3.871836662292480469e+00,3.740359842777252197e-02
6.143150851130485535e-02,1.364736199378967285e+00,3.683614730834960938e-02
9.373582601547241211e-01,3.860195875167846680e+00,1.451319083571434021e-02
1.068870052695274353e-01,3.097261667251586914e+00,4.042991623282432556e-02
3.786566257476806641e-01,8.738843202590942383e-01,2.042287960648536682e-02
1.423688828945159912e-01,2.477237462997436523e+00,1.174665149301290512e-02
1.354684084653854370e-01,9.757759422063827515e-02,3.308923169970512390e-02
2.186707109212875366e-01,2.832108020782470703e+00,7.746783085167407990e-03
1.343795806169509888e-01,2.477840423583984375e+00,1.173783000558614731e-02
1.090032234787940979e-01,3.565669775009155273e+00,2.458158694207668304e-02
3.265006542205810547e-01,1.807300686836242676e+00,9.978129528462886810e-04
2.765608429908752441e-01,4.619999408721923828e+00,3.962915018200874329e-02
2.220260202884674072e-01,2.725625991821289062e+00,1.373294275254011154e-02
1.475547999143600464e-01,2.879765987396240234e+00,5.770123377442359924e-02
4.283865168690681458e-02,2.209373474121093750e+00,2.150060050189495087e-02
2.172101885080337524e-01,3.829205274581909180e+00,2.274331450462341309e-02
3.106119334697723389e-01,3.012996912002563477e+00,1.297541521489620209e-02
3.099306523799896240e-01,2.241882085800170898e+00,4.297278448939323425e-02
5.361202359199523926e-02,2.820877552032470703e+00,1.274154055863618851e-02
2.347407117486000061e-02,5.888221263885498047e-01,5.608852580189704895e-02
1.457216292619705200e-01,3.534773349761962891e+00,4.285072162747383118e-02
6.716877222061157227e-02,8.357583880424499512e-01,5.425297096371650696e-02
2.442542016506195068e-01,2.149303436279296875e+00,6.884627509862184525e-03
6.142732873558998108e-02,8.702630400657653809e-01,3.725245222449302673e-02
2.109608948230743408e-01,4.824926853179931641e+00,8.604630129411816597e-04
1.186584979295730591e-01,4.350591182708740234e+00,5.229427292943000793e-02
1.046476811170578003e-01,1.515425294637680054e-01,2.109783329069614410e-02
5.433359369635581970e-02,9.489861130714416504e-01,3.757274942472577095e-03
2.297839969396591187e-01,1.533070802688598633e+00,1.773973554372787476e-02
1.050718724727630615e-01,1.640249013900756836e+00,5.164783447980880737e-02
2.152006775140762329e-01,1.399993300437927246e-01,6.659164093434810638e-03
1.114646568894386292e-01,3.054763793945312500e+00,6.426930893212556839e-03
6.284759938716888428e-02,1.946631819009780884e-01,3.801475092768669128e-02
2.045134007930755615e-01,4.366446018218994141e+00,1.383177470415830612e-02
1.584415435791015625e-01,1.551119446754455566e+00,3.566898033022880554e-02
2.651734948158264160e-01,3.958556652069091797e+00,1.899629645049571991e-02
2.194715887308120728e-01,2.002136945724487305e+00,6.357543170452117920e-02
1.265572905540466309e-01,1.408109307289123535e+00,1.598336920142173767e-02
4.995718970894813538e-02,3.995050191879272461e+00,3.756033629179000854e-02
2.991133630275726318e-01,3.735768318176269531e+00,5.277663841843605042e-02
2.195862382650375366e-01,2.387869834899902344e+00,2.037353999912738800e-02
1.314160674810409546e-01,4.710567474365234375e+00,1.221578475087881088e-02
2.908166646957397461e-01,4.155353546142578125e+00,1.377889700233936310e-02
7.830888777971267700e-02,4.757153987884521484e+00,1.765962317585945129e-02
2.489899396896362305e-01,2.431027650833129883e+00,4.249621555209159851e-02
2.601395547389984131e-02,1.447551369667053223e+00,6.342598050832748413e-02
2.408038973808288574e-01,2.624946355819702148e+00,9.062542021274566650e-02
4.640414416790008545e-01,3.185654580593109131e-01,2.740859612822532654e-02
4.715104699134826660e-01,2.680205583572387695e+00,1.303070411086082458e-02
2.259653061628341675e-01,3.682507753372192383e+00,2.102556824684143066e-02
9.404454231262207031e-01,3.810796499252319336e+00,2.584573999047279358e-02
8.315897732973098755e-02,2.552598476409912109e+00,1.784764602780342102e-02
2.654364407062530518e-01,4.189927101135253906e+00,2.067085914313793182e-02
1.175343319773674011e-01,9.221614152193069458e-02,8.921951055526733398e-03
2.749510705471038818e-01,2.056790351867675781e+00,2.414609864354133606e-02
3.452264368534088135e-01,1.564133167266845703e+00,6.596848834306001663e-03
1.424752026796340942e-01,8.417617082595825195e-01,4.104465618729591370e-02
1.083742603659629822e-01,3.822099208831787109e+00,1.926130382344126701e-03
2.627684473991394043e-01,4.887780249118804932e-01,3.908144310116767883e-02
2.663432359695434570e-01,2.422502279281616211e+00,5.904057621955871582e-02
1.732665747404098511e-01,1.798503518104553223e+00,6.171130761504173279e-02
2.255365401506423950e-01,2.649869441986083984e+00,5.723861232399940491e-02
1.768389195203781128e-01,2.212176322937011719e+00,3.272877633571624756e-02
3.185993134975433350e-01,5.363563299179077148e-01,4.189383611083030701e-02
1.009422093629837036e-01,3.585686445236206055e+00,1.011435128748416901e-02
9.555103629827499390e-02,1.650508046150207520e+00,7.619844283908605576e-03
3.878764808177947998e-02,1.515998482704162598e+00,4.778388142585754395e-02
1.607907414436340332e-01,4.751510143280029297e+00,2.903756313025951385e-02
6.726341694593429565e-02,1.660549759864807129e+00,1.878770813345909119e-02
9.555217623710632324e-02,1.709676861763000488e+00,3.921023011207580566e-02
2.639200687408447266e-01,3.369362831115722656e+00,5.307205952703952789e-03
2.110945805907249451e-02,2.971189975738525391e+00,7.730267941951751709e-03
4.994682967662811279e-02,3.002861976623535156e+00,2.456491999328136444e-02
2.223764955997467041e-01,4.864872455596923828e+00,8.009943179786205292e-03
2.285511344671249390e-01,1.743414282798767090e+00,4.439111053943634033e-02
3.147166073322296143e-01,3.398415565490722656e+00,1.184425316751003265e-02
1.196785941720008850e-01,2.552096366882324219e+00,2.357197925448417664e-02
9.923889487981796265e-02,3.745440721511840820e+00,5.936702340841293335e-02
1.513677686452865601e-01,1.534993052482604980e+00,1.800202392041683197e-02
2.373062968254089355e-01,2.808260917663574219e+00,5.263862013816833496e-02
8.966696262359619141e-02,3.800305128097534180e+00,1.835919357836246490e-02
3.011954426765441895e-01,4.431155681610107422e+00,8.614836260676383972e-03
1.315069794654846191e-01,3.693964242935180664e+00,5.200936459004878998e-03
1.572473198175430298e-01,2.494714498519897461e+00,1.365442015230655670e-02
1.914594918489456177e-01,2.707192897796630859e+00,7.123045623302459717e-02
2.459469586610794067e-01,2.107380867004394531e+00,2.607843466103076935e-02
1.335300654172897339e-01,4.660345077514648438e+00,2.426031790673732758e-02
3.628786653280258179e-03,7.096117734909057617e-01,1.691927760839462280e-02
2.169206887483596802e-01,2.180118799209594727e+00,6.093762442469596863e-02
2.126012742519378662e-01,3.185615539550781250e+00,2.456071414053440094e-02
8.825232088565826416e-02,7.193904519081115723e-01,5.082542821764945984e-02
3.123784661293029785e-01,2.614252567291259766e+00,1.924268528819084167e-02
1.564155817031860352e-01,2.474436283111572266e+00,8.251305669546127319e-02
6.989252567291259766e-02,1.929622769355773926e+00,8.265665732324123383e-03
2.247789651155471802e-01,2.474772930145263672e+00,4.795082286000251770e-02
1.205922961235046387e-01,2.597297191619873047e+00,5.170948430895805359e-02
2.622564435005187988e-01,2.332476854324340820e+00,1.784785091876983643e-02
1.557223796844482422e-01,8.883548378944396973e-01,6.135059893131256104e-02
3.188626766204833984e-01,3.526783227920532227e+00,2.851093560457229614e-02
9.295167028903961182e-02,2.150130748748779297e+00,4.265115782618522644e-02
3.376711308956146240e-01,1.646249175071716309e+00,1.031181123107671738e-02
1.523411571979522705e-01,4.061496734619140625e+00,2.345334924757480621e-02
1.909693181514739990e-01,2.915827274322509766e+00,4.550109058618545532e-02
5.497913341969251633e-03,4.465930938720703125e+00,1.719848951324820518e-03
2.554779052734375000e-01,7.269936800003051758e-01,4.441198706626892090e-02
1.719619482755661011e-01,6.064802408218383789e-01,3.756874799728393555e-02
3.155564963817596436e-01,2.375631809234619141e+00,2.786495909094810486e-02
1.859674155712127686e-01,4.127072811126708984e+00,1.560947764664888382e-02
2.152284532785415649e-01,1.944054245948791504e+00,3.197822661604732275e-04
2.939004004001617432e-01,2.445658445358276367e+00,7.327552884817123413e-03
4.111212119460105896e-02,4.431802272796630859e+00,4.068979248404502869e-02
3.167366981506347656e-01,1.691574454307556152e+00,1.593264378607273102e-02
1.269181966781616211e-01,4.244577407836914062e+00,1.054752692580223083e-01
1.862390190362930298e-01,2.759658813476562500e+00,1.631628163158893585e-02
2.032097429037094116e-01,7.269786000251770020e-01,3.601050935685634613e-03
3.875634670257568359e-01,2.144264459609985352e+00,3.329843655228614807e-02
8.978302776813507080e-02,4.170442104339599609e+00,1.341121178120374680e-02
3.500051498413085938e-01,7.477637529373168945e-01,4.456169530749320984e-02
3.242809474468231201e-01,1.068304896354675293e+00,2.524777129292488098e-02
8.140687942504882812e-01,2.480467319488525391e+00,6.981151644140481949e-03
8.546455949544906616e-02,6.832128763198852539e-01,2.420092560350894928e-02
2.611841261386871338e-01,7.009916305541992188e-01,3.123387880623340607e-02
1.848826855421066284e-01,1.435779571533203125e+00,6.690660119056701660e-02
6.122127920389175415e-02,3.968318939208984375e+00,3.334028646349906921e-02
2.998986542224884033e-01,3.109447479248046875e+00,3.337552398443222046e-02
2.023842632770538330e-01,3.681887865066528320e+00,4.474597424268722534e-02
1.051786765456199646e-01,8.020072579383850098e-01,6.945347785949707031e-02
1.648356020450592041e-01,4.371219635009765625e+00,1.803156547248363495e-02
3.228282034397125244e-01,2.471323490142822266e+00,5.230960622429847717e-02
3.198428079485893250e-02,1.495648622512817383e+00,4.756344482302665710e-02
5.737010389566421509e-02,3.714424848556518555e+00,1.476311869919300079e-02
2.294363081455230713e-01,3.265099048614501953e+00,6.927114725112915039e-02
1.030563190579414368e-01,3.029513597488403320e+00,3.891855245456099510e-03
7.271594554185867310e-02,3.591919660568237305e+00,4.308008123189210892e-03
2.122568488121032715e-01,4.853446483612060547e+00,1.471901033073663712e-02
8.435406535863876343e-02,2.950855493545532227e+00,3.447847813367843628e-02
1.401916593313217163e-01,4.386754512786865234e+00,2.293251687660813332e-03
2.488283663988113403e-01,2.636076927185058594e+00,5.044861137866973877e-02
8.522285521030426025e-02,2.912860393524169922e+00,1.409226842224597931e-02
1.791696846485137939e-01,3.154153108596801758e+00,4.001509514637291431e-04
2.652152478694915771e-01,2.342139720916748047e+00,1.845094934105873108e-02
2.182324528694152832e-01,4.829830229282379150e-01,1.288971211761236191e-02
3.107810020446777344e-01,6.659027934074401855e-01,7.286927103996276855e-02
1.561670899391174316e-01,3.670798301696777344e+00,6.032442301511764526e-02
3.915558457374572754e-01,3.867856502532958984e+00,1.835078373551368713e-02
1.493272781372070312e-01,3.100039482116699219e+00,4.371636360883712769e-02
1.525633782148361206e-01,4.646312236785888672e+00,1.039141044020652771e-02
1.981367319822311401e-01,4.802713394165039062e+00,3.374356776475906372e-03
1.529354751110076904e-01,6.544262766838073730e-01,2.837522700428962708e-02
1.977787613868713379e-01,4.705865383148193359e+00,9.850165806710720062e-03
4.211278557777404785e-01,1.377086043357849121e+00,1.378833432681858540e-03
9.877345710992813110e-02,1.954516530036926270e+00,1.758920401334762573e-02
2.137665152549743652e-01,1.963686347007751465e+00,2.042118646204471588e-02
3.974207118153572083e-02,3.089739322662353516e+00,6.632924824953079224e-02
2.028447538614273071e-01,7.354093194007873535e-01,1.933356933295726776e-02
2.324873656034469604e-01,8.907046318054199219e-01,7.477314211428165436e-03
5.906496196985244751e-02,1.726627945899963379e-01,2.393986843526363373e-02
2.267100065946578979e-01,2.517853736877441406e+00,2.284624986350536346e-02
2.132432758808135986e-01,2.463678598403930664e+00,2.099218033254146576e-02
2.433309704065322876e-01,6.890827417373657227e-01,1.989809796214103699e-02
3.835169076919555664e-01,3.807974100112915039e+00,2.901504747569561005e-02
1.016541123390197754e-01,2.413941860198974609e+00,3.344404511153697968e-03
1.248185038566589355e-01,2.142409563064575195e+00,4.495774582028388977e-02
3.019900918006896973e-01,8.969201147556304932e-02,1.376710087060928345e-02
1.314586102962493896e-01,2.194995641708374023e+00,1.840232871472835541e-02
1.145054847002029419e-01,4.806917190551757812e+00,5.775426700711250305e-02
6.361179798841476440e-02,4.188335895538330078e+00,1.099738106131553650e-02
8.862428367137908936e-02,1.820983529090881348e+00,2.687612175941467285e-02
1.718316525220870972e-01,1.711845636367797852e+00,4.027461260557174683e-02
2.410537749528884888e-01,4.089066982269287109e+00,9.008679538965225220e-03
6.739731132984161377e-02,4.043261051177978516e+00,5.106053501367568970e-02
3.299098312854766846e-01,7.320705652236938477e-01,6.985203828662633896e-03
3.597880005836486816e-01,2.719057559967041016e+00,2.368014492094516754e-02
2.190735340118408203e-01,4.225646495819091797e+00,7.667275518178939819e-02
3.888377249240875244e-01,4.023075580596923828e+00,5.807594582438468933e-02
2.049150913953781128e-01,2.885927915573120117e+00,7.404403388500213623e-02
1.878076642751693726e-01,2.164864778518676758e+00,6.590473651885986328e-02
3.201907575130462646e-01,4.016919612884521484e+00,1.132424082607030869e-02
7.005502283573150635e-02,3.590099096298217773e+00,3.479548916220664978e-02
2.643689811229705811e-01,9.013617038726806641e-01,2.525433525443077087e-02
3.576041758060455322e-01,3.042185783386230469e+00,1.033130101859569550e-02
6.446138769388198853e-02,4.866331100463867188e+00,1.270943414419889450e-02
1.648009568452835083e-02,7.613544464111328125e-01,2.294487692415714264e-02
3.057582676410675049e-01,1.589229345321655273e+00,4.788338020443916321e-02
1.475044786930084229e-01,4.329660892486572266e+00,2.824238967150449753e-03
3.541344404220581055e-02,1.712180256843566895e+00,1.704949699342250824e-02
1.279772967100143433e-01,2.656763792037963867e+00,4.515120387077331543e-02
4.643002897500991821e-02,2.659750461578369141e+00,1.214615106582641602e-01
6.918685138225555420e-02,2.553053855895996094e+00,2.594400942325592041e-02
5.054414737969636917e-03,2.158491849899291992e+00,9.579620324075222015e-03
2.492912560701370239e-01,1.831502914428710938e+00,5.094544216990470886e-02
1.899529993534088135e-01,7.793385982513427734e-01,3.015533834695816040e-02
2.736621201038360596e-01,1.005018353462219238e+00,1.218901202082633972e-02
3.385087251663208008e-01,4.229180812835693359e+00,7.348944991827011108e-02
2.094284296035766602e-01,4.090756893157958984e+00,5.885434895753860474e-02
7.580009102821350098e-02,2.031183481216430664e+00,4.545272886753082275e-02
2.891610264778137207e-01,4.487551689147949219e+00,3.975865256506949663e-04
5.664193630218505859e-02,3.967638492584228516e+00,6.491800397634506226e-02
3.273268640041351318e-01,2.735023021697998047e+00,2.329861186444759369e-02
2.964417934417724609e-01,4.525754451751708984e+00,5.806594341993331909e-02
1.768543869256973267e-01,9.622499942779541016e-01,1.292730681598186493e-02
2.591079473495483398e-01,3.252459764480590820e+00,1.393686514347791672e-02
3.309440612792968750e-01,4.574706077575683594e+00,2.100218087434768677e-02
1.238334700465202332e-01,2.973852634429931641e+00,6.282821297645568848e-02
1.881223469972610474e-01,2.833570003509521484e+00,4.850002005696296692e-02
3.475219905376434326e-01,4.480500221252441406e+00,3.662601858377456665e-02
2.594335675239562988e-01,3.809854686260223389e-01,4.281548410654067993e-02
2.174182385206222534e-01,2.888006687164306641e+00,6.284123659133911133e-02
2.762437164783477783e-01,3.819408178329467773e+00,8.052840083837509155e-02
1.381579339504241943e-01,6.345999240875244141e-01,2.412620000541210175e-02
2.767325341701507568e-01,1.007739782333374023e+00,1.825348846614360809e-02
3.035656809806823730e-01,1.930763244628906250e+00,7.425410673022270203e-03
3.065579533576965332e-01,2.403605937957763672e+00,4.475746303796768188e-02
8.566065877676010132e-02,3.812587976455688477e+00,2.336636371910572052e-02
1.633306294679641724e-01,3.549018383026123047e+00,2.028512023389339447e-02
1.159659326076507568e-01,2.881981372833251953e+00,1.640941947698593140e-02
1.768105663359165192e-02,1.145891308784484863e+00,4.481383040547370911e-02
1.508717387914657593e-01,2.867069721221923828e+00,3.504280000925064087e-02
1.687545180320739746e-01,2.513868570327758789e+00,2.734956331551074982e-02
6.670627743005752563e-02,2.415044784545898438e+00,6.449851393699645996e-02
2.739643156528472900e-01,5.949798971414566040e-02,4.828532692044973373e-03
1.464700102806091309e-01,8.501240015029907227e-01,2.277331799268722534e-02
1.577504426240921021e-01,3.083676099777221680e+00,1.539816986769437790e-02
1.335860639810562134e-01,1.639225363731384277e+00,3.717269981279969215e-03
1.540796458721160889e-01,5.965642333030700684e-01,1.531692873686552048e-02
3.071909248828887939e-01,4.528594493865966797e+00,4.750333353877067566e-02
2.774697542190551758e-01,1.878294944763183594e+00,2.422416023910045624e-02
7.810846716165542603e-02,7.313414812088012695e-01,2.774530462920665741e-02
1.543896645307540894e-01,4.677544116973876953e+00,4.614173248410224915e-02
1.763341426849365234e-01,3.942434787750244141e+00,5.217323079705238342e-02
2.794076502323150635e-01,3.504802703857421875e+00,5.302641075104475021e-03
3.829692006111145020e-01,2.090430259704589844e+00,4.458216205239295959e-02
3.018807470798492432e-01,3.464467763900756836e+00,1.462351158261299133e-02
1.291951537132263184e-01,4.318616390228271484e+00,4.247051849961280823e-02
9.831607341766357422e-02,4.517687320709228516e+00,1.904343068599700928e-02
3.325030207633972168e-01,4.112588763236999512e-01,7.178303785622119904e-03
3.034696578979492188e-01,2.782644033432006836e+00,8.170418441295623779e-02
2.432083487510681152e-01,4.362010955810546875e+00,6.049962248653173447e-03
3.781790435314178467e-01,1.782948136329650879e+00,1.000859495252370834e-02
3.502266108989715576e-01,2.057795524597167969e+00,6.721725314855575562e-02
1.795795261859893799e-01,4.546434879302978516e+00,2.044621668756008148e-02
2.232592403888702393e-01,1.905752778053283691e+00,5.845142528414726257e-02
1.527538150548934937e-01,3.801045894622802734e+00,3.733784705400466919e-02
1.878522932529449463e-01,2.887975692749023438e+00,1.172736659646034241e-02
6.178246811032295227e-02,8.046400547027587891e-01,3.592121601104736328e-02
5.296544358134269714e-02,2.716486930847167969e+00,1.208612788468599319e-02
1.459719389677047729e-01,1.928959727287292480e+00,2.084575220942497253e-02
8.986286073923110962e-02,2.740823030471801758e+00,1.428013667464256287e-02
1.104741021990776062e-01,6.274756789207458496e-01,1.621375605463981628e-02
2.177579328417778015e-02,1.846684932708740234e+00,1.767121441662311554e-02
2.458207905292510986e-01,7.434186935424804688e-01,2.843420766294002533e-02
3.082097321748733521e-02,2.605686783790588379e-01,5.146960914134979248e-02
2.435079365968704224e-01,2.569799661636352539e+00,3.156771510839462280e-02
1.664036959409713745e-01,2.233109235763549805e+00,3.292757272720336914e-02
2.178567275404930115e-02,8.621258139610290527e-01,1.236211042851209641e-02
1.892858296632766724e-01,2.574085474014282227e+00,2.566895075142383575e-02
2.488454431295394897e-01,2.609437704086303711e+00,5.494254175573587418e-03
6.883436813950538635e-03,2.429392099380493164e+00,2.651284635066986084e-02
3.199031949043273926e-01,1.989398837089538574e+00,1.938080531544983387e-03
2.308411002159118652e-01,2.865937948226928711e+00,1.250638440251350403e-02
1.211428716778755188e-01,3.058836698532104492e+00,1.213346701115369797e-02
2.251369655132293701e-01,5.098597407341003418e-01,1.640316285192966461e-02
1.126879006624221802e-01,2.422085762023925781e+00,8.495283313095569611e-03
1.740089356899261475e-01,2.958930492401123047e+00,1.001639105379581451e-02
3.863474428653717041e-01,1.192463517189025879e+00,1.572190085425972939e-03
2.385668009519577026e-01,4.849060535430908203e+00,8.272600173950195312e-02
2.783714830875396729e-01,2.257512331008911133e+00,6.441953033208847046e-02
2.906927764415740967e-01,3.745460033416748047e+00,1.837170869112014771e-02
2.872221469879150391e-01,4.508956432342529297e+00,4.956635087728500366e-02
4.004778563976287842e-01,2.362181663513183594e+00,2.465657144784927368e-02
2.146206796169281006e-01,2.554708242416381836e+00,2.310340851545333862e-02
2.686002254486083984e-01,8.536329865455627441e-01,4.562408104538917542e-02
1.145551949739456177e-01,2.371953964233398438e+00,2.351622842252254486e-02
1.506096869707107544e-01,3.496775627136230469e+00,6.278923153877258301e-02
2.347603589296340942e-01,1.969101548194885254e+00,6.136854737997055054e-02
3.286908864974975586e-01,2.921740531921386719e+00,4.747948423027992249e-02
2.817028462886810303e-01,2.280759811401367188e+00,6.357691716402769089e-03
2.877544462680816650e-01,2.358672142028808594e+00,5.919659510254859924e-02
1.426296532154083252e-01,8.678251504898071289e-02,5.419193953275680542e-02
2.320153117179870605e-01,4.635464191436767578e+00,8.079489693045616150e-03
1.672002822160720825e-01,3.641987562179565430e+00,2.453419752418994904e-02
1.630671769380569458e-01,2.753377914428710938e+00,1.969099603593349457e-02
9.593014419078826904e-02,8.442126512527465820e-01,5.882008746266365051e-02
3.159625828266143799e-01,2.929917335510253906e+00,4.198399931192398071e-02
3.222589790821075439e-01,2.139962196350097656e+00,2.361675351858139038e-02
1.564170718193054199e-01,4.420944213867187500e+00,3.063139738515019417e-03
1.844097971916198730e-01,4.815043449401855469e+00,1.305286074057221413e-03
1.336780786514282227e-01,2.711992263793945312e+00,6.222157552838325500e-02
3.020455241203308105e-01,1.851374745368957520e+00,4.067912325263023376e-02
4.126357138156890869e-01,1.471230387687683105e+00,1.905999705195426941e-02
3.268052637577056885e-01,4.702436447143554688e+00,1.385926548391580582e-02
2.276550531387329102e-01,2.975065708160400391e+00,2.614608407020568848e-02
1.763849891722202301e-02,5.590758919715881348e-01,5.506153218448162079e-03
3.168697357177734375e-01,3.091972351074218750e+00,1.681382767856121063e-02
1.312716305255889893e-01,4.542379379272460938e+00,1.900927349925041199e-02
1.059917584061622620e-01,1.617628574371337891e+00,8.284596353769302368e-02
4.912221431732177734e-02,2.736579656600952148e+00,8.037156611680984497e-02
2.939180135726928711e-01,5.290903449058532715e-01,1.348865684121847153e-02
1.030056104063987732e-01,1.921077489852905273e+00,6.824907660484313965e-02
2.216113209724426270e-01,8.313979506492614746e-01,2.275182865560054779e-02
1.276762187480926514e-01,3.652414560317993164e+00,3.774107620120048523e-02
8.539222180843353271e-02,2.034366846084594727e+00,1.039305143058300018e-02
2.232630401849746704e-01,4.436166763305664062e+00,1.987301930785179138e-02
1.332316827028989792e-02,2.610868930816650391e+00,1.147328503429889679e-02
1.634347438812255859e-01,2.665356874465942383e+00,5.549368634819984436e-02
4.201687499880790710e-02,4.861029148101806641e+00,2.096576616168022156e-02
1.501703411340713501e-01,2.596590995788574219e+00,5.221482738852500916e-02
1.950588822364807129e-01,1.706844329833984375e+00,4.680632799863815308e-02
3.728367388248443604e-02,4.373008728027343750e+00,5.527950357645750046e-03
6.902035325765609741e-02,3.879415273666381836e+00,1.971058920025825500e-02
2.376945018768310547e-01,3.107111215591430664e+00,2.902402170002460480e-02
2.641622424125671387e-01,1.930602788925170898e+00,2.613772451877593994e-02
8.406259119510650635e-02,4.627988815307617188e+00,6.417801603674888611e-03
2.456424981355667114e-01,2.472945600748062134e-01,4.653736948966979980e-02
2.051034569740295410e-01,3.996264457702636719e+00,5.692534614354372025e-03
2.488477677106857300e-01,9.050232768058776855e-01,4.419585689902305603e-02
1.222399324178695679e-01,2.637262821197509766e+00,9.481403045356273651e-03
9.602530859410762787e-03,8.873285055160522461e-01,5.709572508931159973e-02
2.588833272457122803e-01,2.881751298904418945e+00,1.454786211252212524e-02
7.667282223701477051e-02,2.169300794601440430e+00,7.283096015453338623e-02
2.226071059703826904e-01,2.162357568740844727e+00,4.646156728267669678e-02
6.585906744003295898e-01,2.081106156110763550e-01,8.749468252062797546e-03
9.251829236745834351e-02,1.854338407516479492e+00,1.953092589974403381e-02
2.625352144241333008e-01,4.887467384338378906e+00,4.024004563689231873e-02
3.372953236103057861e-01,4.740938186645507812e+00,2.096689492464065552e-02
2.652719318866729736e-01,2.092272281646728516e+00,3.820656985044479370e-02
1.269613802433013916e-01,4.568463802337646484e+00,7.282521575689315796e-03
2.752394378185272217e-01,2.425762653350830078e+00,1.295079663395881653e-02
1.168314442038536072e-01,2.707934617996215820e+00,6.288365274667739868e-02
8.131271600723266602e-02,3.104290485382080078e+00,3.950487822294235229e-02
3.339785933494567871e-01,7.063456773757934570e-01,3.813199698925018311e-02
1.484471112489700317e-01,3.633236169815063477e+00,9.846729226410388947e-03
2.554562091827392578e-01,3.930909395217895508e+00,5.124978721141815186e-02
8.499591052532196045e-02,2.642870426177978516e+00,6.180757656693458557e-02
1.454359292984008789e-01,3.921843528747558594e+00,1.817004382610321045e-02
1.426643282175064087e-01,2.914574384689331055e+00,4.634662996977567673e-03
2.855115234851837158e-01,3.824365854263305664e+00,4.580163955688476562e-02
6.487002968788146973e-02,1.685479760169982910e+00,1.155770570039749146e-02
2.049482911825180054e-01,3.810073137283325195e+00,5.410131067037582397e-02
3.656888008117675781e-01,1.267201066017150879e+00,5.565278232097625732e-02
1.408850494772195816e-02,2.142380237579345703e+00,5.314945429563522339e-02
1.218886971473693848e-01,3.290400028228759766e+00,5.722107365727424622e-02
3.614526093006134033e-01,2.857206106185913086e+00,2.610002830624580383e-02
1.264487951993942261e-01,3.372137546539306641e+00,3.562153875827789307e-02
7.490448653697967529e-02,2.653759956359863281e+00,6.500888615846633911e-03
1.499117761850357056e-01,6.773499399423599243e-02,1.139676291495561600e-02
4.895281419157981873e-02,7.479519844055175781e-01,4.454743862152099609e-02
5.229818820953369141e-01,4.801059246063232422e+00,9.156286716461181641e-03
1.890281438827514648e-01,2.866126537322998047e+00,4.654465243220329285e-02
2.349444627761840820e-01,2.830780506134033203e+00,8.964366279542446136e-03
3.394267261028289795e-01,1.910868763923645020e+00,9.635165333747863770e-03
2.943821847438812256e-01,3.843326330184936523e+00,3.940989263355731964e-03
3.325434625148773193e-01,1.885252594947814941e+00,5.599636211991310120e-02
3.026512861251831055e-01,7.461867332458496094e-01,1.349552907049655914e-02
2.048596590757369995e-01,8.994389176368713379e-01,3.004004247486591339e-03
3.186227381229400635e-01,2.186024427413940430e+00,1.602198928594589233e-02
1.077512055635452271e-01,4.113642215728759766e+00,2.630502730607986450e-02
1.561332643032073975e-01,1.956630825996398926e+00,7.282670587301254272e-02
8.115831017494201660e-01,2.465495109558105469e+00,5.852092057466506958e-03
1.984211355447769165e-01,3.053362846374511719e+00,3.508234396576881409e-02
6.048392131924629211e-02,1.058553814888000488e+00,1.077894400805234909e-02
3.142847716808319092e-01,2.466117382049560547e+00,1.902732625603675842e-02
6.961791217327117920e-02,8.363173007965087891e-01,2.809334546327590942e-02
5.709476023912429810e-02,2.293730020523071289e+00,2.609361708164215088e-02
3.587268590927124023e-01,2.116141319274902344e+00,2.347206929698586464e-03
9.306269139051437378e-02,2.000568628311157227e+00,1.100907474756240845e-02
1.267715692520141602e-01,3.129959344863891602e+00,2.134622260928153992e-02
2.057675868272781372e-01,4.836491107940673828e+00,5.436985567212104797e-02
1.961116194725036621e-01,4.590236186981201172e+00,1.089413743466138840e-02
2.603339552879333496e-01,6.065763831138610840e-01,6.755380891263484955e-03
1.166324764490127563e-01,4.532645702362060547e+00,2.291302662342786789e-03
1.534997075796127319e-01,1.784109920263290405e-01,5.149130523204803467e-02
2.655115723609924316e-01,1.742216587066650391e+00,1.012558303773403168e-02
2.899865508079528809e-01,3.761166095733642578e+00,3.397272527217864990e-02
2.731822431087493896e-01,2.448887825012207031e+00,9.956434369087219238e-03
4.966406524181365967e-01,5.891039967536926270e-01,2.864823304116725922e-02
1.184819489717483521e-01,4.109703540802001953e+00,5.870371311902999878e-02
9.784286469221115112e-02,6.497207283973693848e-02,1.323293335735797882e-02
3.634748607873916626e-02,4.764353275299072266e+00,3.542079776525497437e-02
1.773603111505508423e-01,2.906411886215209961e+00,1.211623474955558777e-02
3.364899158477783203e-01,2.060956716537475586e+00,5.733667872846126556e-03
1.428171843290328979e-01,3.872503280639648438e+00,2.034902386367321014e-02
1.141189485788345337e-01,1.972153663635253906e+00,3.166054561734199524e-02
6.679287552833557129e-02,3.201051473617553711e+00,7.058566063642501831e-02
8.865536749362945557e-02,2.539392232894897461e+00,4.831404611468315125e-02
3.400517702102661133e-01,1.150725007057189941e+00,6.091782823204994202e-02
1.313944756984710693e-01,2.055480480194091797e+00,4.686771705746650696e-02
2.069204896688461304e-01,2.376122474670410156e+00,3.598127514123916626e-03
1.391182094812393188e-01,3.905605077743530273e+00,7.832280360162258148e-03
2.081725448369979858e-01,3.211768150329589844e+00,4.607157036662101746e-02
2.344156652688980103e-01,8.565022051334381104e-02,1.459078956395387650e-02
1.666263937950134277e-01,2.998070716857910156e+00,8.075950667262077332e-03
2.474754005670547485e-01,3.915088653564453125e+00,4.799965023994445801e-02
3.972926735877990723e-01,2.961529493331909180e-01,2.888523600995540619e-02
1.082280054688453674e-01,2.022851705551147461e+00,5.079347640275955200e-02
2.696584761142730713e-01,2.838598012924194336e+00,1.828385144472122192e-02
4.821808263659477234e-02,4.635241985321044922e+00,6.261495500802993774e-02
8.440235257148742676e-02,1.349962115287780762e+00,2.559647895395755768e-02
3.003890514373779297e-01,4.688745975494384766e+00,1.402374729514122009e-02
2.365412712097167969e-01,1.931532144546508789e+00,3.829232184216380119e-03
4.455364346504211426e-01,3.012434959411621094e+00,5.610627122223377228e-03
7.533216476440429688e-02,1.760541439056396484e+00,2.100536040961742401e-02
5.990698188543319702e-02,2.496090412139892578e+00,1.728952676057815552e-02
4.198176264762878418e-01,4.489614814519882202e-02,7.677440997213125229e-03
4.286918789148330688e-02,4.355603218078613281e+00,2.810170501470565796e-02
4.874998927116394043e-01,4.737080037593841553e-01,1.959918998181819916e-02
2.361076772212982178e-01,4.425211906433105469e+00,2.022408694028854370e-02
5.514663457870483398e-02,3.695938587188720703e+00,1.873765024356544018e-03
1.667580008506774902e-01,3.274508476257324219e+00,6.066569313406944275e-02
2.530803084373474121e-01,2.308071136474609375e+00,2.860884368419647217e-02
9.016300737857818604e-02,4.561486721038818359e+00,5.732534080743789673e-02
7.885048165917396545e-03,3.798570394515991211e+00,8.686486631631851196e-03
2.434056252241134644e-01,2.516881227493286133e+00,6.914682220667600632e-03
2.753225266933441162e-01,8.827468752861022949e-01,4.138105362653732300e-02
3.397571146488189697e-01,6.669596582651138306e-02,1.317000295966863632e-02
2.045621275901794434e-01,2.786233901977539062e+00,1.826995238661766052e-02
5.478883385658264160e-01,4.179914951324462891e+00,2.308879233896732330e-02
9.763418883085250854e-02,4.813749313354492188e+00,1.875544711947441101e-02
1.704927682876586914e-01,2.045658111572265625e+00,6.332796812057495117e-02
5.019487738609313965e-01,2.013957262039184570e+00,4.973206669092178345e-02
1.628091633319854736e-01,1.784563660621643066e+00,6.122837960720062256e-02
2.889803349971771240e-01,2.498423814773559570e+00,1.753514632582664490e-02
2.414090484380722046e-01,2.899732887744903564e-01,4.415303003042936325e-03
1.402173284441232681e-02,2.221908569335937500e+00,2.400977537035942078e-02
2.585695981979370117e-01,8.105087280273437500e-01,1.473639719188213348e-02
5.636548623442649841e-02,1.806561827659606934e+00,3.999073430895805359e-02
2.495144903659820557e-01,6.211725622415542603e-02,1.118550635874271393e-02
2.975210547447204590e-01,4.399709701538085938e+00,5.643246322870254517e-02
2.806886434555053711e-01,8.137890696525573730e-01,6.818055175244808197e-03
2.429506927728652954e-01,3.149956941604614258e+00,5.532884597778320312e-02
2.170134037733078003e-01,2.901014804840087891e+00,8.062902837991714478e-02
2.159601151943206787e-01,1.056479737162590027e-01,4.586421325802803040e-02
1.547665297985076904e-01,1.335944175720214844e+00,2.381703443825244904e-02
3.779420852661132812e-01,1.910728335380554199e+00,5.427999794483184814e-02
2.742323577404022217e-01,2.230052471160888672e+00,8.277514018118381500e-03
2.064900249242782593e-01,3.902914762496948242e+00,3.929911181330680847e-03
2.506188750267028809e-01,4.172053337097167969e+00,1.574251987040042877e-02
3.424009084701538086e-01,2.619076728820800781e+00,1.592792570590972900e-02
3.413572311401367188e-01,3.628174066543579102e+00,4.146916791796684265e-02
9.263090044260025024e-02,3.090643644332885742e+00,2.090350165963172913e-02
4.694817587733268738e-02,1.647355556488037109e+00,1.734276302158832550e-02
9.185309708118438721e-02,2.282029628753662109e+00,1.885043270885944366e-02
2.682736515998840332e-01,5.137767195701599121e-01,1.548048760741949081e-02
1.279567033052444458e-01,2.429150819778442383e+00,2.744814008474349976e-02
9.740979969501495361e-02,3.023752689361572266e+00,7.752373069524765015e-02
1.684929579496383667e-01,4.353914737701416016e+00,1.175834517925977707e-02
3.389139473438262939e-01,4.057341575622558594e+00,1.996538788080215454e-02
1.001004651188850403e-01,3.844865322113037109e+00,5.326910689473152161e-02
2.169160544872283936e-01,8.014754652976989746e-01,3.559615090489387512e-02
1.322478652000427246e-01,4.588830471038818359e+00,5.716906860470771790e-02
2.267153188586235046e-02,1.828038334846496582e+00,4.915522783994674683e-02
2.909742295742034912e-01,4.763321876525878906e+00,1.582452841103076935e-02
2.383621782064437866e-01,2.629127025604248047e+00,5.288895964622497559e-02
2.180708944797515869e-02,3.099261760711669922e+00,1.503617735579609871e-03
5.263127088546752930e-01,7.091516852378845215e-01,1.071786042302846909e-02
9.468276053667068481e-02,3.887029647827148438e+00,4.644551500678062439e-02
1.666108071804046631e-01,2.518674612045288086e+00,3.230185480788350105e-03
1.392127126455307007e-01,2.979971408843994141e+00,3.953529521822929382e-02
4.703494906425476074e-02,7.508177161216735840e-01,9.957650303840637207e-02
2.902830541133880615e-01,4.852304458618164062e+00,4.837118089199066162e-02
8.414971083402633667e-02,3.014530420303344727e+00,1.048865262418985367e-02
7.430112361907958984e-02,2.647262573242187500e+00,3.005260787904262543e-02
4.051511362195014954e-02,1.631477832794189453e+00,3.798197582364082336e-02
3.147001564502716064e-01,4.056586265563964844e+00,1.938336994498968124e-03
1.038804799318313599e-01,4.238011360168457031e+00,7.247296720743179321e-02
1.318302303552627563e-01,4.361334443092346191e-02,2.335441298782825470e-02
3.899335265159606934e-01,2.811280012130737305e+00,1.083151530474424362e-02
3.134988844394683838e-01,1.617326259613037109e+00,3.020621603354811668e-03
7.801157236099243164e-02,4.734814643859863281e+00,5.038044881075620651e-03
2.099114703014492989e-03,3.022332191467285156e+00,2.032409794628620148e-02
2.303372025489807129e-01,2.508446693420410156e+00,1.217422112822532654e-01
2.063511162996292114e-01,2.807221174240112305e+00,2.401823736727237701e-02
1.559310853481292725e-01,2.375669956207275391e+00,1.432496309280395508e-02
8.067287504673004150e-02,1.751420378684997559e+00,3.913298994302749634e-02
2.649655044078826904e-01,2.966803789138793945e+00,5.275673791766166687e-02
2.890055775642395020e-01,2.108893871307373047e+00,2.165379747748374939e-02
4.801769927144050598e-02,2.727866888046264648e+00,4.408738110214471817e-03
2.463034242391586304e-01,1.959544181823730469e+00,4.961682111024856567e-02
3.272957801818847656e-01,4.245777130126953125e-01,4.172145389020442963e-03
1.576385945081710815e-01,1.666163921356201172e+00,1.095522195100784302e-02
2.574903964996337891e-01,5.589064955711364746e-01,2.393017522990703583e-02
6.031920313835144043e-01,2.723906338214874268e-01,7.662618998438119888e-03
1.157991588115692139e-02,9.331297874450683594e-01,8.432506583631038666e-03
2.466164976358413696e-01,2.272076606750488281e+00,1.261819247156381607e-02
2.527475953102111816e-01,3.609642028808593750e+00,8.965494111180305481e-03
2.501879930496215820e-01,1.600807070732116699e+00,4.210970923304557800e-02
1.710868328809738159e-01,4.769779682159423828e+00,5.267970263957977295e-02
1.147907450795173645e-01,4.750343799591064453e+00,4.484413936734199524e-02
5.879238247871398926e-02,2.134088516235351562e+00,1.755832880735397339e-02
3.167428374290466309e-01,2.838721990585327148e+00,3.167906031012535095e-02
6.049552932381629944e-02,9.097470045089721680e-01,8.258290588855743408e-02
1.690325289964675903e-01,3.584191560745239258e+00,3.780867531895637512e-02
2.658480703830718994e-01,9.307938814163208008e-01,3.052097186446189880e-02
2.890258431434631348e-01,4.576752483844757080e-01,1.929002441465854645e-02
3.283673226833343506e-01,4.370383739471435547e+00,2.092432603240013123e-02
1.917563192546367645e-02,3.316175937652587891e+00,6.297890096902847290e-02
1.504304409027099609e-01,1.407731622457504272e-01,1.152944564819335938e-02
1.016022637486457825e-01,3.037752151489257812e+00,1.195277832448482513e-02
5.673589110374450684e-01,3.511774301528930664e+00,2.397207915782928467e-02
9.571933001279830933e-02,7.294188737869262695e-01,2.251446619629859924e-02
1.483534723520278931e-01,5.810815691947937012e-01,1.154088228940963745e-02
4.248109646141529083e-03,3.485750675201416016e+00,1.858737505972385406e-02
1.654359251260757446e-01,6.326681375503540039e-01,4.869640246033668518e-02
2.703298926353454590e-01,9.406399130821228027e-01,4.179064184427261353e-02
1.424367278814315796e-01,4.198160648345947266e+00,9.216088801622390747e-03
3.693689703941345215e-01,8.157011866569519043e-01,6.671299040317535400e-02
7.481215894222259521e-02,1.867896199226379395e+00,1.535831857472658157e-02
1.192657351493835449e-01,2.677081823348999023e+00,5.474098026752471924e-02
1.376288831233978271e-01,2.882559776306152344e+00,1.716274209320545197e-02
2.263727188110351562e-01,7.969192266464233398e-01,6.483445316553115845e-02
3.525993525981903076e-01,9.081423878669738770e-01,4.651762545108795166e-02
1.608787626028060913e-01,2.885260581970214844e+00,6.345511227846145630e-02
1.822255998849868774e-01,2.534396171569824219e+00,5.171610042452812195e-02
3.979097604751586914e-01,2.662685155868530273e+00,1.988686621189117432e-02
8.123861998319625854e-02,2.642271995544433594e+00,7.218036800622940063e-02
1.272177547216415405e-01,4.086681365966796875e+00,1.168623380362987518e-02
1.578873246908187866e-01,2.818703174591064453e+00,4.171232506632804871e-02
4.893233254551887512e-02,1.934977531433105469e+00,5.272150412201881409e-02
3.657183349132537842e-01,3.584434270858764648e+00,1.977521227672696114e-03
1.537861377000808716e-01,1.037442460656166077e-01,8.064205758273601532e-03
6.446432322263717651e-02,1.624304533004760742e+00,1.598377898335456848e-02
9.817703813314437866e-02,4.295311450958251953e+00,1.853629201650619507e-02
1.436641067266464233e-01,4.559044361114501953e+00,1.781743578612804413e-02
1.030033305287361145e-01,2.566896438598632812e+00,1.702790521085262299e-02
1.137846056371927261e-02,2.586502075195312500e+00,3.687328100204467773e-02
1.235437616705894470e-01,2.969721555709838867e+00,3.500936180353164673e-02
3.155453801155090332e-01,7.132639288902282715e-01,5.134610459208488464e-02
1.031716912984848022e-01,7.813681662082672119e-02,2.450973354279994965e-02
1.923111528158187866e-01,1.783862709999084473e+00,7.099217269569635391e-03
2.074623666703701019e-02,1.660632133483886719e+00,4.092438519001007080e-02
3.311724662780761719e-01,8.654954284429550171e-02,3.223646059632301331e-02
3.410474658012390137e-01,4.291143894195556641e+00,3.333987668156623840e-02
7.506926357746124268e-02,1.513899564743041992e+00,1.316200196743011475e-02
6.329853087663650513e-02,2.631564855575561523e+00,2.259878441691398621e-02
5.338780879974365234e-01,2.193505525588989258e+00,1.313061360269784927e-02
9.727180004119873047e-02,2.380861282348632812e+00,6.593515165150165558e-03
1.809874773025512695e-01,1.109905689954757690e-01,4.006156325340270996e-02
1.045404300093650818e-01,2.841513395309448242e+00,4.077323898673057556e-02
5.558022111654281616e-02,6.446707248687744141e-01,4.498625919222831726e-02
5.554412305355072021e-02,2.050518058240413666e-02,1.756155863404273987e-02
2.900958657264709473e-01,5.856815353035926819e-02,3.883254155516624451e-02
2.890003100037574768e-02,1.770572185516357422e+00,3.774518147110939026e-02
3.455272614955902100e-01,1.741364836692810059e+00,1.103512942790985107e-02
6.224244087934494019e-02,1.909212946891784668e+00,2.485741674900054932e-02
2.343373298645019531e-01,4.888142108917236328e+00,1.635531149804592133e-02
3.936369419097900391e-01,1.916075706481933594e+00,1.205407269299030304e-02
4.555484652519226074e-02,2.830111265182495117e+00,1.412929873913526535e-02
8.993353694677352905e-02,4.055721282958984375e+00,3.672290220856666565e-02
1.005964353680610657e-01,2.919313192367553711e+00,2.119333110749721527e-02
2.692909240722656250e-01,2.018140077590942383e+00,4.083155468106269836e-02
2.535577714443206787e-01,1.329105496406555176e-01,8.001070469617843628e-03
9.895093739032745361e-02,4.242489337921142578e+00,1.494272984564304352e-02
2.177555710077285767e-01,3.899909496307373047e+00,6.194169446825981140e-02
2.460505664348602295e-01,2.697306156158447266e+00,7.016766071319580078e-02
2.069396972656250000e-01,4.416090965270996094e+00,1.437148195691406727e-03
7.448399811983108521e-02,2.931609630584716797e+00,1.587243191897869110e-02
8.366949111223220825e-02,4.131077289581298828e+00,5.664531141519546509e-03
2.560929059982299805e-01,1.385048627853393555e+00,2.104064635932445526e-02
2.868227101862430573e-02,3.876615047454833984e+00,3.271472454071044922e-02
2.990507483482360840e-01,1.269291400909423828e+00,3.135917708277702332e-03
1.670803129673004150e-01,4.333717823028564453e+00,3.532591089606285095e-02
6.882473230361938477e-01,1.890764683485031128e-01,2.218991331756114960e-02
2.795296907424926758e-01,1.675786972045898438e+00,7.110972702503204346e-02
8.861934393644332886e-02,4.324108600616455078e+00,1.908538513816893101e-03
9.096422791481018066e-02,8.003431558609008789e-01,7.764395326375961304e-02
4.960357397794723511e-02,2.998383045196533203e+00,3.556424751877784729e-02
9.049668908119201660e-02,2.205208063125610352e+00,1.607035286724567413e-02
7.963081449270248413e-02,5.936653614044189453e-01,6.397250294685363770e-02
6.087877750396728516e-01,2.977077245712280273e+00,1.322103478014469147e-02
3.596376180648803711e-01,1.755476951599121094e+00,2.320449799299240112e-02
9.186176210641860962e-02,4.000711441040039062e+00,1.178368087857961655e-02
4.917592927813529968e-02,5.824435949325561523e-01,2.394674159586429596e-02
5.001448392868041992e-01,9.679996967315673828e-01,1.841345801949501038e-02
3.522762954235076904e-01,9.453862905502319336e-01,1.877339743077754974e-02
3.400432467460632324e-01,2.566859960556030273e+00,1.549766864627599716e-02
9.448099136352539062e-02,1.008934617042541504e+00,2.191203460097312927e-02
1.578683704137802124e-01,2.581882715225219727e+00,1.536647323518991470e-03
5.154400467872619629e-01,2.304358482360839844e+00,1.671109721064567566e-02
1.813562214374542236e-01,2.943327903747558594e+00,2.222863584756851196e-02
4.358740895986557007e-02,6.384715437889099121e-02,1.607055775821208954e-02
3.771708533167839050e-02,2.727457523345947266e+00,5.617443472146987915e-02
2.016723901033401489e-01,2.247645378112792969e+00,6.028457358479499817e-02
4.961397126317024231e-02,7.375798225402832031e-01,1.221173349767923355e-02
8.271834254264831543e-02,2.736509084701538086e+00,1.627463474869728088e-02
3.163853883743286133e-01,3.725485801696777344e+00,2.360921353101730347e-02
6.260870099067687988e-01,1.491971969604492188e+00,1.131793297827243805e-02
1.297737807035446167e-01,4.856328964233398438e+00,5.602062214165925980e-03
2.736141681671142578e-01,1.848093867301940918e+00,5.400694161653518677e-02
1.203352585434913635e-01,1.133981347084045410e+00,8.530210703611373901e-03
1.041060462594032288e-01,2.006584167480468750e+00,4.686494916677474976e-02
3.395880460739135742e-01,2.480434894561767578e+00,7.461158558726310730e-03
4.986150562763214111e-02,4.601676464080810547e+00,3.230395913124084473e-02
5.456471443176269531e-01,4.653849601745605469e+00,2.536655403673648834e-02
2.132837921380996704e-01,2.293018579483032227e+00,3.398410975933074951e-02
3.418348133563995361e-01,2.485418796539306641e+00,2.804180048406124115e-02
1.821271479129791260e-01,1.506063103675842285e+00,1.812475617043673992e-03
5.952227860689163208e-02,7.009503245353698730e-01,5.337260663509368896e-02
1.416487544775009155e-01,2.247139930725097656e+00,5.092985183000564575e-02
1.600123941898345947e-01,4.537445068359375000e+00,2.614429034292697906e-02
2.387824058532714844e-01,2.229090929031372070e+00,3.319939970970153809e-02
1.321303099393844604e-01,5.700898766517639160e-01,1.430316548794507980e-02
1.625831276178359985e-01,3.639092922210693359e+00,9.035533666610717773e-02
2.407930493354797363e-01,1.281367182731628418e+00,3.345450758934020996e-02
2.063640356063842773e-01,1.753956198692321777e+00,7.170698046684265137e-02
1.129428967833518982e-01,9.050750136375427246e-01,1.180224772542715073e-02
3.476313501596450806e-02,6.838114857673645020e-01,1.190195232629776001e-02
3.922078013420104980e-01,2.613719463348388672e+00,2.443105727434158325e-02
3.024857938289642334e-01,1.982683539390563965e+00,1.975013129413127899e-02
2.928629815578460693e-01,1.301671981811523438e+00,1.530513260513544083e-02
2.425939440727233887e-01,1.974925398826599121e+00,8.743005804717540741e-03
3.244086503982543945e-01,4.778230667114257812e+00,2.411388978362083435e-02
2.493636310100555420e-01,4.387845039367675781e+00,2.158025093376636505e-02
9.420944750308990479e-02,1.650342226028442383e+00,3.313010931015014648e-02
2.314971834421157837e-01,1.941178321838378906e+00,3.143221139907836914e-02
2.005010694265365601e-01,3.127860307693481445e+00,4.345422983169555664e-02
4.802136123180389404e-02,3.118521451950073242e+00,1.270861364901065826e-02
2.920481264591217041e-01,1.995060920715332031e+00,2.082457020878791809e-02
2.889111638069152832e-01,8.768635988235473633e-01,1.075350586324930191e-02
2.082153111696243286e-01,2.609225034713745117e+00,6.433737277984619141e-02
2.724597044289112091e-02,7.200772166252136230e-01,6.739327684044837952e-03
1.120484396815299988e-01,2.551210165023803711e+00,1.444508042186498642e-02
1.728802025318145752e-01,4.122391223907470703e+00,4.844442382454872131e-02
2.283237129449844360e-01,1.946107625961303711e+00,4.309813305735588074e-02
1.345390975475311279e-01,1.060716390609741211e+00,2.716102823615074158e-02
1.529194861650466919e-01,2.341929674148559570e+00,1.509823556989431381e-02
3.223853707313537598e-01,4.108441829681396484e+00,5.304918438196182251e-02
4.138083159923553467e-01,2.735260963439941406e+00,2.380395494401454926e-02
2.834110260009765625e-01,3.994784116744995117e+00,3.641722491011023521e-03
3.027043640613555908e-01,9.115955233573913574e-01,5.954771488904953003e-02
2.766082286834716797e-01,2.963729381561279297e+00,1.612794958055019379e-02
1.207832470536231995e-01,2.320050954818725586e+00,2.334631048142910004e-02
8.201742917299270630e-02,3.805276393890380859e+00,1.535508781671524048e-02
1.059595644474029541e-01,3.194908380508422852e+00,5.132574588060379028e-02
1.683274954557418823e-01,1.226806789636611938e-01,5.148560926318168640e-02
2.132016420364379883e-01,8.799918293952941895e-01,5.358176305890083313e-02
9.088557958602905273e-02,1.955044031143188477e+00,9.097818285226821899e-03
2.303941547870635986e-01,4.876698493957519531e+00,3.492755815386772156e-02
1.848793029785156250e-01,4.436639785766601562e+00,1.153026614338159561e-02
5.209672078490257263e-02,4.718437671661376953e+00,6.508479360491037369e-03
8.255764842033386230e-03,2.631924390792846680e+00,3.148503974080085754e-02
2.398879732936620712e-03,1.659407734870910645e+00,9.427857585251331329e-03
4.180716350674629211e-02,3.333420515060424805e+00,3.276703879237174988e-02
3.175092041492462158e-01,2.577606439590454102e+00,5.459070205688476562e-02
2.278572320938110352e-01,4.538142204284667969e+00,5.708156898617744446e-02
2.601339221000671387e-01,4.020091056823730469e+00,1.882350631058216095e-02
1.891597807407379150e-01,4.590100765228271484e+00,5.563955008983612061e-02
8.191227912902832031e-02,4.656221866607666016e-01,7.082892209291458130e-02
1.594509929418563843e-01,1.733134746551513672e+00,5.566139891743659973e-02
1.466224193572998047e-01,4.038445472717285156e+00,2.794440463185310364e-02
3.577411174774169922e-01,1.773157268762588501e-01,5.869889166206121445e-03
1.580843031406402588e-01,8.515083193778991699e-01,3.096835920587182045e-03
2.429702579975128174e-01,3.412638902664184570e+00,2.415430545806884766e-02
7.202145457267761230e-02,7.708274722099304199e-01,4.457974806427955627e-02
7.250630110502243042e-02,3.750226497650146484e+00,1.657467149198055267e-02
7.375227287411689758e-03,1.851981163024902344e+00,2.794425003230571747e-02
3.563824892044067383e-01,1.044492721557617188e+00,2.235080488026142120e-02
2.886867523193359375e-01,4.132690906524658203e+00,2.429524622857570648e-02
8.049187064170837402e-02,7.999187111854553223e-01,5.488201975822448730e-03
2.271926701068878174e-01,1.610458016395568848e+00,5.650324374437332153e-02
2.176920026540756226e-01,4.646152019500732422e+00,1.910087466239929199e-02
5.382743477821350098e-02,3.018924236297607422e+00,1.596280187368392944e-02
1.224396228790283203e-01,2.299795389175415039e+00,1.789272762835025787e-02
3.971801400184631348e-01,2.477035522460937500e+00,5.351877957582473755e-02
1.056749224662780762e-01,1.542258620262145996e+00,1.077232789248228073e-02
1.833897680044174194e-01,1.936655640602111816e+00,1.657600514590740204e-02
9.692799299955368042e-02,4.642593383789062500e+00,2.636441960930824280e-02
1.502904389053583145e-02,3.975426912307739258e+00,2.128349617123603821e-02
2.049683630466461182e-01,1.697873115539550781e+00,1.003413647413253784e-02
2.067979425191879272e-01,3.611222803592681885e-01,7.238311227411031723e-03
1.316508501768112183e-01,4.594437599182128906e+00,4.146368056535720825e-02
2.764327824115753174e-01,1.627070307731628418e+00,1.468987856060266495e-02
2.507372796535491943e-01,4.642343521118164062e+00,1.341962255537509918e-02
1.156016811728477478e-01,3.011674880981445312e+00,2.798122912645339966e-02
7.517454773187637329e-02,1.767982482910156250e+00,6.761197000741958618e-02
6.802603602409362793e-01,3.460603356361389160e-01,6.799283903092145920e-03
7.464683055877685547e-02,2.853078842163085938e+00,4.105337336659431458e-02
1.981350183486938477e-01,8.310291767120361328e-01,4.908891022205352783e-02
8.098863810300827026e-02,2.417887926101684570e+00,2.709902077913284302e-02
1.479927450418472290e-01,4.107001781463623047e+00,6.123299524188041687e-02
1.768028587102890015e-01,3.923247337341308594e+00,3.570041805505752563e-02
1.843012310564517975e-02,3.111020803451538086e+00,5.512261390686035156e-02
1.748809069395065308e-01,3.742486715316772461e+00,2.812827378511428833e-02
1.684540659189224243e-01,4.450628757476806641e+00,1.779271475970745087e-02
1.345221102237701416e-01,4.733948230743408203e+00,5.779314320534467697e-03
2.386611104011535645e-01,8.388677835464477539e-01,4.742732644081115723e-02
3.225542902946472168e-01,6.755118966102600098e-01,1.484630815684795380e-02
6.192167475819587708e-02,4.660824775695800781e+00,4.908834770321846008e-02
3.364361226558685303e-01,1.856665968894958496e+00,2.140792272984981537e-02
2.276942599564790726e-03,3.150696754455566406e+00,3.092671371996402740e-02
1.379128247499465942e-01,7.245602607727050781e-01,6.303983181715011597e-02
7.296503521502017975e-03,8.522291779518127441e-01,4.720273241400718689e-02
1.861727684736251831e-01,2.273076057434082031e+00,5.200146883726119995e-02
3.294267952442169189e-01,9.121541976928710938e-01,5.854061618447303772e-02
1.988888084888458252e-01,8.164359331130981445e-01,1.256895530968904495e-02
1.145172342658042908e-01,3.461264371871948242e+00,1.210869476199150085e-02
2.325784564018249512e-01,1.881962656974792480e+00,4.916733130812644958e-02
1.662700027227401733e-01,4.431145668029785156e+00,3.183241188526153564e-02
2.744391560554504395e-01,6.848745346069335938e-01,8.184476755559444427e-03
2.774218916893005371e-01,3.357523202896118164e+00,3.583141043782234192e-02
2.453280240297317505e-01,1.396978139877319336e+00,9.462066926062107086e-03
1.960540711879730225e-01,3.831043958663940430e+00,5.281674489378929138e-02
2.789545655250549316e-01,4.421298027038574219e+00,3.635249659419059753e-02
3.602340221405029297e-01,3.055925846099853516e+00,1.478886511176824570e-02
1.094247847795486450e-01,4.513748168945312500e+00,6.005546823143959045e-02
2.311863303184509277e-01,3.643074035644531250e+00,4.893976263701915741e-03
1.969363987445831299e-01,2.878845930099487305e+00,4.907849803566932678e-02
1.167405620217323303e-01,9.157668948173522949e-01,1.799027808010578156e-02
2.302053421735763550e-01,9.487874507904052734e-01,3.661955520510673523e-02
5.546045303344726562e-01,3.084397077560424805e+00,2.649469114840030670e-02
2.690193653106689453e-01,7.231457829475402832e-01,1.428290642797946930e-02
1.037105619907379150e-01,4.821766376495361328e+00,3.321324707940220833e-03
2.392556667327880859e-01,3.796995639801025391e+00,1.930264197289943695e-02
2.203407585620880127e-01,2.724108457565307617e+00,7.540204375982284546e-02
1.461066156625747681e-01,7.618663460016250610e-02,2.598011679947376251e-02
5.753128230571746826e-02,3.111391544342041016e+00,5.988498404622077942e-02
2.020627409219741821e-01,4.058649539947509766e+00,2.797774225473403931e-02
3.563160598278045654e-01,8.972453474998474121e-01,6.947208940982818604e-02
1.034664511680603027e-01,4.122616291046142578e+00,4.271336831152439117e-03
2.346400916576385498e-01,4.652083396911621094e+00,1.981773041188716888e-02
2.768460512161254883e-01,7.279427051544189453e-01,1.562742888927459717e-02
1.854703724384307861e-01,2.516678571701049805e+00,1.420228183269500732e-02
3.492778837680816650e-01,1.952117204666137695e+00,1.447790488600730896e-02
9.560347348451614380e-02,3.526439666748046875e+00,6.937095429748296738e-03
7.516311109066009521e-02,1.733029246330261230e+00,1.969068869948387146e-02
8.739109337329864502e-02,9.103696346282958984e-01,3.726460784673690796e-02
6.299102306365966797e-02,2.567923545837402344e+00,5.013118963688611984e-03
6.362357735633850098e-02,1.684865713119506836e+00,3.781431587412953377e-03
1.242824271321296692e-01,2.993327379226684570e+00,1.459786761552095413e-02
9.334967285394668579e-02,1.009338349103927612e-01,4.121888056397438049e-02
8.722227811813354492e-02,1.898421049118041992e+00,5.432554520666599274e-03
3.623070418834686279e-01,1.915748476982116699e+00,3.474235534667968750e-02
1.667326129972934723e-02,2.781317830085754395e-01,1.789677888154983521e-02
2.799590229988098145e-01,3.386464834213256836e+00,6.865420192480087280e-02
2.736383117735385895e-02,2.237682104110717773e+00,2.420651726424694061e-02
1.135856378823518753e-02,2.858530044555664062e+00,2.197670936584472656e-02
2.592393755912780762e-01,6.669474840164184570e-01,8.327058516442775726e-03
2.676993608474731445e-01,2.059204578399658203e+00,7.538121938705444336e-02
5.844418704509735107e-02,2.390248298645019531e+00,1.967684179544448853e-02
2.592753767967224121e-01,4.080439567565917969e+00,5.375880748033523560e-02
2.433795928955078125e-01,2.766808986663818359e+00,1.967032812535762787e-02
2.818716503679752350e-02,9.481891393661499023e-01,3.180127963423728943e-02
3.758875131607055664e-01,2.093240022659301758e+00,3.757356852293014526e-02
3.871890306472778320e-01,8.657810091972351074e-01,1.730922050774097443e-02
7.273245602846145630e-02,8.409983515739440918e-01,4.443870857357978821e-03
2.219994217157363892e-01,3.994855403900146484e+00,1.513398345559835434e-02
3.957735598087310791e-01,2.366293907165527344e+00,1.272748783230781555e-02
5.173572897911071777e-01,3.861921548843383789e+00,6.463386863470077515e-02
2.852456569671630859e-01,1.421324312686920166e-01,7.999875396490097046e-02
1.502582430839538574e-01,2.714130640029907227e+00,2.726622112095355988e-02
9.170503914356231689e-02,3.119519710540771484e+00,5.449315533041954041e-02
1.399373561143875122e-01,1.893752217292785645e+00,7.955269888043403625e-03
3.039616048336029053e-01,2.600577592849731445e+00,2.988156117498874664e-02
1.683159619569778442e-01,4.142709732055664062e+00,5.058524385094642639e-02
6.373491138219833374e-02,1.650559544563293457e+00,1.415330078452825546e-02
2.024472057819366455e-01,2.886253356933593750e+00,3.828103840351104736e-02
2.918314337730407715e-01,2.682174921035766602e+00,2.344109117984771729e-02
2.839226722717285156e-01,2.311604976654052734e+00,3.599748015403747559e-02
9.082619845867156982e-02,4.681898117065429688e+00,1.318882592022418976e-02
2.007678151130676270e-01,3.161601066589355469e+00,9.315690957009792328e-03
3.861443996429443359e-01,6.007085442543029785e-01,1.296541374176740646e-02
3.371161222457885742e-01,1.975368499755859375e+00,1.600809022784233093e-02
2.339943647384643555e-01,3.707979440689086914e+00,2.112460508942604065e-02
2.750284969806671143e-01,4.331713199615478516e+00,4.977217409759759903e-03
2.593709826469421387e-01,3.074401855468750000e+00,3.187564900144934654e-03
1.530137211084365845e-01,2.894303560256958008e+00,3.325320035219192505e-02
8.866076171398162842e-02,6.859065294265747070e-01,5.190658569335937500e-02
2.997498512268066406e-01,1.748721241950988770e+00,2.321716584265232086e-02
1.556178480386734009e-01,4.025893688201904297e+00,6.609527766704559326e-02
2.434738576412200928e-01,9.171144962310791016e-01,1.812598668038845062e-02
3.373495861887931824e-02,2.823481798171997070e+00,5.466917529702186584e-03
1.458224356174468994e-01,7.677876949310302734e-01,8.464664220809936523e-03
2.516091763973236084e-01,2.919979572296142578e+00,4.146552830934524536e-02
3.536213338375091553e-01,8.003344535827636719e-01,1.392219588160514832e-02
4.347977414727210999e-02,7.987985610961914062e-01,3.903733566403388977e-02
2.175471633672714233e-01,4.739871025085449219e+00,6.793739646673202515e-02
2.175415307283401489e-01,1.976999640464782715e+00,4.920354112982749939e-02
8.746605366468429565e-02,4.663613319396972656e+00,1.382105611264705658e-02
4.238713905215263367e-02,3.264560222625732422e+00,1.932849176228046417e-02
9.364757686853408813e-02,8.412623405456542969e-01,1.746580377221107483e-02
6.668223440647125244e-02,1.677744865417480469e+00,2.321316674351692200e-02
3.240037262439727783e-01,2.454928457736968994e-01,2.525536157190799713e-02
1.082134321331977844e-01,2.105902671813964844e+00,2.519099414348602295e-02
2.997805178165435791e-01,3.856733739376068115e-01,2.647243253886699677e-02
7.322089374065399170e-02,4.594543933868408203e+00,1.709098927676677704e-02
1.240473613142967224e-01,1.995017886161804199e+00,4.917281866073608398e-02
1.366694718599319458e-01,3.391211509704589844e+00,1.718058995902538300e-02
9.453277289867401123e-02,3.106211662292480469e+00,2.865997888147830963e-02
3.171280920505523682e-01,2.192852735519409180e+00,2.193439565598964691e-02
1.049200221896171570e-01,2.902786016464233398e+00,2.140858955681324005e-02
4.310103654861450195e-01,2.207880258560180664e+00,4.943018406629562378e-02
3.119346201419830322e-01,2.565643787384033203e+00,7.721548900008201599e-03
1.508367359638214111e-01,1.768295884132385254e+00,8.012558519840240479e-02
8.671694993972778320e-02,4.592289447784423828e+00,6.819716840982437134e-02
1.929040402173995972e-01,1.757480025291442871e+00,2.221755869686603546e-02
2.069953531026840210e-01,2.962008237838745117e+00,8.580679073929786682e-03
1.164751350879669189e-01,4.348357677459716797e+00,9.158902801573276520e-03
5.808991193771362305e-02,1.829809904098510742e+00,1.263470761477947235e-02
9.027734398841857910e-03,4.478797912597656250e+00,1.108826417475938797e-02
6.124804913997650146e-02,3.060411810874938965e-01,4.870127420872449875e-03
1.544737070798873901e-01,2.183415889739990234e+00,4.652526602149009705e-02
1.924364715814590454e-01,2.517769813537597656e+00,5.642282217741012573e-02
2.427671998739242554e-01,4.255327701568603516e+00,4.348279535770416260e-02
3.087722361087799072e-01,3.751945495605468750e+00,3.372735902667045593e-02
4.182564094662666321e-02,7.975260615348815918e-01,1.129331439733505249e-02
4.575215280055999756e-01,1.055231332778930664e+00,1.639695651829242706e-02
1.600479632616043091e-01,4.656960964202880859e+00,9.632446803152561188e-03
2.361624836921691895e-01,1.815782904624938965e+00,1.560763083398342133e-02
1.901640594005584717e-01,2.715021371841430664e+00,3.009261377155780792e-02
1.615064144134521484e-01,4.679635524749755859e+00,1.283350028097629547e-02
5.308689922094345093e-02,7.139429450035095215e-01,5.491833388805389404e-02
2.732773423194885254e-01,3.082875251770019531e+00,6.533877551555633545e-02
1.914012432098388672e-01,8.041512966156005859e-01,1.923278719186782837e-02
5.194383207708597183e-03,4.838181018829345703e+00,3.766860812902450562e-02
4.087940230965614319e-02,1.501437425613403320e+00,2.665850520133972168e-02
8.876326084136962891e-01,5.557431280612945557e-02,6.459191441535949707e-03
2.925863564014434814e-01,2.448775768280029297e+00,2.132334746420383453e-02
3.606488928198814392e-02,2.402910947799682617e+00,1.502448320388793945e-02
1.324760466814041138e-01,3.574446201324462891e+00,9.298611432313919067e-03
2.610445916652679443e-01,2.545486927032470703e+00,5.425825342535972595e-02
1.483896374702453613e-01,1.791113138198852539e+00,9.013192728161811829e-03
3.825464472174644470e-02,4.078900814056396484e+00,2.005170658230781555e-02
1.849026232957839966e-02,1.351512312889099121e+00,5.837270058691501617e-03
8.249665051698684692e-02,2.464038133621215820e+00,1.689883321523666382e-01
1.959424167871475220e-01,2.742258548736572266e+00,1.955262012779712677e-02
1.459361463785171509e-01,3.803642511367797852e+00,1.420120475813746452e-03
2.721936702728271484e-01,3.158517837524414062e+00,5.431410670280456543e-02
5.319892242550849915e-02,4.190128326416015625e+00,2.651494927704334259e-02
2.038854360580444336e-01,7.195651531219482422e-01,2.028973586857318878e-02
2.200724780559539795e-01,3.748013257980346680e+00,5.916325747966766357e-02
2.004744410514831543e-01,2.123016834259033203e+00,1.833426766097545624e-02
1.064482778310775757e-01,4.749577045440673828e+00,5.111366882920265198e-02
6.879744678735733032e-02,7.631623744964599609e-01,1.304906513541936874e-02
4.557062983512878418e-01,8.788195848464965820e-01,6.017240229994058609e-03
2.741729319095611572e-01,1.054106473922729492e+00,1.119037903845310211e-02
1.014878898859024048e-01,9.591220617294311523e-01,5.443576350808143616e-02
2.468291223049163818e-01,8.134407401084899902e-01,5.252609401941299438e-02
2.390959113836288452e-02,2.664602041244506836e+00,4.301556199789047241e-02
3.201656341552734375e-01,3.202617168426513672e+00,3.509301319718360901e-02
6.488474458456039429e-02,4.071131706237792969e+00,6.967385858297348022e-02
5.051976069808006287e-02,1.005283355712890625e+00,3.553814254701137543e-03
3.751401007175445557e-01,4.325858116149902344e+00,5.546865612268447876e-02
1.503571718931198120e-01,2.253913402557373047e+00,2.043970301747322083e-02
2.017604112625122070e-01,1.735405802726745605e+00,1.225886680185794830e-02
1.774223446846008301e-01,2.739185810089111328e+00,3.502474864944815636e-04
6.380845606327056885e-02,4.610341548919677734e+00,1.647399179637432098e-02
6.903032958507537842e-02,3.184281587600708008e-01,5.368541553616523743e-02
9.473827481269836426e-02,1.689574480056762695e+00,2.293846569955348969e-02
2.657245099544525146e-01,2.852601766586303711e+00,1.412109192460775375e-02
1.688500046730041504e-01,2.746636867523193359e+00,1.695420406758785248e-02
1.495936363935470581e-01,3.371915340423583984e+00,1.997462101280689240e-02
3.645780384540557861e-01,2.796225070953369141e+00,6.042382121086120605e-02
2.981391847133636475e-01,4.869480609893798828e+00,3.034177236258983612e-02
3.946587145328521729e-01,2.683154821395874023e+00,4.635550454258918762e-02
6.849046051502227783e-02,3.169007062911987305e+00,2.250590175390243530e-02
4.679418206214904785e-01,1.615053176879882812e+00,2.737218141555786133e-02
1.417960226535797119e-01,2.802193880081176758e+00,5.608524382114410400e-02
4.143447801470756531e-02,3.313345193862915039e+00,6.144127622246742249e-02
1.983955353498458862e-01,3.724622011184692383e+00,1.949127949774265289e-02
1.383059918880462646e-01,3.826636552810668945e+00,1.454934943467378616e-02
2.461464889347553253e-02,2.210199236869812012e-01,5.092251673340797424e-02
1.706085801124572754e-01,2.781862497329711914e+00,3.483077511191368103e-02
5.236177146434783936e-02,2.665791809558868408e-01,1.644752733409404755e-02
3.899438679218292236e-02,4.325794219970703125e+00,5.764122679829597473e-02
1.555280685424804688e-01,2.222808122634887695e+00,2.287671528756618500e-02
2.123443409800529480e-02,3.218121051788330078e+00,4.937894642353057861e-02
1.534613668918609619e-01,2.857849597930908203e+00,4.370118305087089539e-02
2.046429961919784546e-01,9.196533560752868652e-01,4.778577759861946106e-02
2.601472437381744385e-01,4.669224739074707031e+00,1.517957914620637894e-02
9.952152520418167114e-02,3.034080982208251953e+00,3.626761585474014282e-02
8.247101306915283203e-02,4.386762619018554688e+00,2.165256626904010773e-02
6.373943388462066650e-02,1.715948224067687988e+00,4.427453503012657166e-02
7.477840781211853027e-02,1.465133070945739746e+00,5.639733374118804932e-02
4.325390160083770752e-01,3.807247161865234375e+00,1.754771173000335693e-02
1.367317587137222290e-01,2.927894830703735352e+00,4.637263342738151550e-02
1.530003845691680908e-01,3.527175903320312500e+00,5.820693448185920715e-02
4.921886697411537170e-02,1.414508223533630371e-01,4.398449882864952087e-02
6.950647383928298950e-02,3.140447378158569336e+00,5.243423953652381897e-02
1.652756780385971069e-01,2.328754186630249023e+00,1.861153170466423035e-02
9.100271016359329224e-02,2.705007791519165039e+00,1.312666386365890503e-02
1.450577527284622192e-01,4.905041217803955078e+00,5.930819734930992126e-02
1.156477928161621094e-01,8.510675430297851562e-01,8.505418151617050171e-02
2.845165431499481201e-01,2.874413013458251953e+00,4.740009084343910217e-03
1.354327350854873657e-01,2.459394216537475586e+00,4.471991956233978271e-02
2.511456310749053955e-01,2.528251886367797852e+00,6.610850803554058075e-03
2.183645218610763550e-02,2.629059076309204102e+00,1.515085808932781219e-02
1.909234076738357544e-01,2.559963464736938477e+00,7.383190095424652100e-02
2.103131413459777832e-01,1.481905698776245117e+00,3.392856568098068237e-02
6.062361598014831543e-01,1.626701474189758301e+00,5.922105908393859863e-02
2.347977906465530396e-01,2.216718912124633789e+00,4.311480373144149780e-02
2.123229950666427612e-01,2.586501598358154297e+00,1.013886742293834686e-02
1.290636360645294189e-01,3.721368074417114258e+00,2.402654662728309631e-02
3.248332440853118896e-01,8.086228370666503906e-01,3.590895794332027435e-03
2.077607959508895874e-01,3.030303239822387695e+00,1.575482822954654694e-02
1.603375375270843506e-01,2.517805576324462891e+00,1.171782705932855606e-02
4.712938889861106873e-02,4.781497001647949219e+00,8.466100692749023438e-02
1.731116771697998047e-01,9.491488337516784668e-01,2.321942336857318878e-02
1.878913193941116333e-01,3.759968042373657227e+00,2.880091778934001923e-03
4.714534804224967957e-02,2.642482519149780273e+00,9.953254833817481995e-03
2.801144421100616455e-01,7.522513866424560547e-01,1.018584734993055463e-04
1.177827268838882446e-01,2.986784934997558594e+00,9.736920706927776337e-03
2.212066799402236938e-01,2.564460992813110352e+00,6.068487837910652161e-02
1.158292144536972046e-01,2.667938947677612305e+00,4.560654051601886749e-03
3.205801248550415039e-01,8.978235721588134766e-01,5.910868756473064423e-03
2.993057668209075928e-01,7.357298731803894043e-01,3.896876424551010132e-02
1.179615929722785950e-01,7.156397700309753418e-01,1.291807461529970169e-02
4.286289215087890625e-01,2.513329029083251953e+00,1.286196522414684296e-02
2.494684755802154541e-01,3.322852373123168945e+00,5.389221012592315674e-02
1.854417324066162109e-01,2.636385440826416016e+00,2.463359385728836060e-02
1.245771124958992004e-01,8.321501612663269043e-01,4.285046458244323730e-02
7.984349876642227173e-02,3.115367650985717773e+00,2.317669987678527832e-02
2.306966483592987061e-01,2.354548931121826172e+00,2.681078016757965088e-02
2.303096204996109009e-01,2.539296388626098633e+00,1.814732328057289124e-02
1.878567785024642944e-01,2.872967243194580078e+00,7.298908382654190063e-02
8.350195735692977905e-02,1.014719530940055847e-01,5.037942528724670410e-02
1.118469461798667908e-01,1.363679468631744385e-01,5.576135963201522827e-02
5.868913233280181885e-02,8.506798148155212402e-01,4.052649065852165222e-02
2.507650554180145264e-01,2.430000543594360352e+00,3.146914020180702209e-02
1.446954607963562012e-01,4.303437709808349609e+00,1.731758192181587219e-02
6.131409853696823120e-02,1.852942585945129395e+00,1.134967990219593048e-02
2.567807435989379883e-01,2.215104341506958008e+00,5.974302068352699280e-02
2.728471755981445312e-01,4.204573154449462891e+00,1.702333986759185791e-02
3.444133102893829346e-01,3.853350639343261719e+00,1.753914728760719299e-02
2.223425805568695068e-01,9.660947918891906738e-01,2.337226271629333496e-02
6.328526139259338379e-02,2.506690263748168945e+00,9.685222059488296509e-03
1.400479376316070557e-01,1.717668652534484863e+00,1.734958589076995850e-02
2.801773846149444580e-01,2.767442464828491211e+00,5.255014821887016296e-02
4.127711653709411621e-01,3.015439748764038086e+00,2.935883216559886932e-02
3.309012353420257568e-01,3.993973493576049805e+00,1.788108609616756439e-02
1.535752117633819580e-01,2.030714035034179688e+00,3.565795347094535828e-02
1.902029104530811310e-02,4.662501335144042969e+00,2.470914088189601898e-02
2.429958283901214600e-01,8.950340747833251953e-01,6.554567068815231323e-02
2.426754832267761230e-01,7.776695489883422852e-01,5.540557205677032471e-02
9.009697437286376953e-01,4.614464759826660156e+00,6.352090835571289062e-02
1.673184186220169067e-01,3.262940168380737305e+00,3.758813487365841866e-03
5.945996195077896118e-02,1.049456715583801270e+00,1.033176202327013016e-02
2.344088852405548096e-01,4.406157016754150391e+00,7.210205309092998505e-03
1.789090782403945923e-01,1.981128215789794922e+00,4.604171961545944214e-02
1.922126710414886475e-01,4.491311550140380859e+00,1.209946349263191223e-02
5.876775085926055908e-02,3.277410507202148438e+00,4.357860237360000610e-02
2.819974422454833984e-01,4.523652195930480957e-01,2.726227045059204102e-03
1.913999021053314209e-01,4.799392223358154297e+00,6.622134242206811905e-03
2.994892597198486328e-01,4.556842803955078125e+00,2.789629623293876648e-02
2.134797722101211548e-02,1.987754106521606445e+00,1.360102929174900055e-02
3.779034018516540527e-01,1.712450027465820312e+00,1.394142955541610718e-02
1.106448471546173096e-01,3.778284549713134766e+00,4.454795271158218384e-02
3.177425265312194824e-01,2.861923933029174805e+00,2.285737916827201843e-02
3.695243000984191895e-01,5.147236585617065430e-01,8.224789053201675415e-03
1.497930586338043213e-01,4.731672763824462891e+00,3.256629779934883118e-02
1.739922612905502319e-01,2.014396905899047852e+00,1.366862747818231583e-02
2.131794095039367676e-01,1.896185517311096191e+00,2.646063640713691711e-02
1.149912700057029724e-01,4.394384384155273438e+00,3.761665150523185730e-02
1.941726058721542358e-01,3.926664352416992188e+00,6.975284218788146973e-02
3.230378925800323486e-01,2.702806472778320312e+00,2.849995903670787811e-02
4.447559416294097900e-01,3.936861991882324219e+00,1.016969140619039536e-02
1.499514728784561157e-01,4.850042343139648438e+00,1.660293154418468475e-02
2.087782174348831177e-01,4.062776565551757812e+00,1.530395355075597763e-02
7.960870862007141113e-02,4.263641357421875000e+00,1.271548587828874588e-02
1.890272796154022217e-01,2.696258544921875000e+00,3.815343230962753296e-02
1.864765733480453491e-01,2.587115049362182617e+00,4.452681913971900940e-02
4.671491980552673340e-01,3.704569578170776367e+00,1.637859642505645752e-02
1.529882550239562988e-01,4.716563701629638672e+00,2.568843960762023926e-02
1.473730057477951050e-01,2.656985998153686523e+00,1.707693748176097870e-02
2.966770231723785400e-01,6.896735429763793945e-01,2.664783736690878868e-03
3.539514541625976562e-01,4.647388458251953125e+00,2.803005510941147804e-03
2.135032713413238525e-01,3.576406002044677734e+00,2.569797914475202560e-03
6.682665646076202393e-02,7.403833270072937012e-01,8.744698017835617065e-03
1.253160983324050903e-01,2.458407878875732422e+00,4.500180110335350037e-02
3.097628653049468994e-01,3.618372440338134766e+00,1.105815730988979340e-02
1.442421227693557739e-01,4.462511062622070312e+00,1.414827536791563034e-02
2.982734143733978271e-01,3.779952526092529297e+00,5.374834686517715454e-02
2.153095901012420654e-01,4.239914417266845703e+00,3.199566388502717018e-03
4.943821579217910767e-02,4.591738700866699219e+00,1.199107542634010315e-01
7.998180389404296875e-02,2.372729301452636719e+00,1.138229947537183762e-02
6.598743051290512085e-02,4.819047927856445312e+00,2.073994465172290802e-02
3.463093936443328857e-02,5.661092996597290039e-01,2.407060377299785614e-02
2.949984371662139893e-01,4.673924922943115234e+00,1.159263215959072113e-02
1.449168771505355835e-01,2.310614585876464844e+00,1.998744346201419830e-02
9.765685349702835083e-02,2.749986886978149414e+00,4.922441206872463226e-03
2.861415743827819824e-01,1.874005794525146484e-01,4.845857620239257812e-02
3.277440965175628662e-01,4.535744667053222656e+00,1.501484122127294540e-02
7.685057818889617920e-02,4.198361873626708984e+00,2.046467922627925873e-02
3.881036639213562012e-01,1.872657418251037598e+00,5.164983496069908142e-02
3.922668844461441040e-02,2.499484300613403320e+00,1.763074658811092377e-02
2.764644920825958252e-01,1.024238988757133484e-01,2.713056281208992004e-02
1.977097839117050171e-01,4.756607055664062500e+00,2.929774858057498932e-02
3.623355031013488770e-01,2.769543886184692383e+00,1.270338241010904312e-02
4.650999605655670166e-02,2.216847658157348633e+00,5.311308801174163818e-02
2.773095071315765381e-01,1.988904356956481934e+00,5.933742970228195190e-03
1.065993681550025940e-01,7.601152062416076660e-01,5.319776758551597595e-02
6.557319313287734985e-02,2.932552576065063477e+00,6.415975838899612427e-02
8.102369308471679688e-02,7.202988266944885254e-01,1.541017089039087296e-02
1.786554753780364990e-01,3.947952270507812500e+00,1.570236124098300934e-02
5.848750472068786621e-02,4.784857273101806641e+00,2.972097881138324738e-02
1.832496970891952515e-01,4.138306617736816406e+00,6.334570795297622681e-02
1.709191352128982544e-01,2.891648769378662109e+00,1.672930456697940826e-02
4.047333300113677979e-01,2.181270837783813477e+00,1.394301932305097580e-02
1.149089485406875610e-01,3.096121549606323242e+00,5.600113049149513245e-02
2.493565902113914490e-02,4.784780025482177734e+00,3.273893147706985474e-02
2.508742809295654297e-01,2.707742929458618164e+00,3.731856495141983032e-02
1.549642235040664673e-01,2.723733186721801758e+00,5.022268742322921753e-02
5.105334520339965820e-02,1.361320853233337402e+00,3.286110237240791321e-02
4.286216199398040771e-01,2.407692432403564453e+00,1.566784270107746124e-02
1.792951673269271851e-01,2.147449016571044922e+00,1.520096603780984879e-02
2.756338715553283691e-01,8.032031357288360596e-02,1.147733628749847412e-02
1.651240438222885132e-01,1.975488543510437012e+00,2.171257510781288147e-02
2.196025103330612183e-01,2.596362352371215820e+00,5.851835757493972778e-02
2.540085911750793457e-01,1.828497767448425293e+00,1.012348011136054993e-02
1.530655920505523682e-01,4.235065937042236328e+00,3.330936282873153687e-02
2.860032618045806885e-01,2.467493295669555664e+00,6.575851887464523315e-02
1.754956096410751343e-01,1.710395336151123047e+00,3.112135268747806549e-02
9.944891184568405151e-02,1.711263775825500488e+00,1.507592573761940002e-02
7.372969388961791992e-01,2.826740980148315430e+00,5.079968273639678955e-02
2.251613885164260864e-01,3.729703664779663086e+00,2.589020691812038422e-02
6.429081410169601440e-02,2.038356542587280273e+00,6.725541502237319946e-02
4.443143680691719055e-02,2.965389490127563477e+00,3.490355238318443298e-02
2.842596173286437988e-01,1.407607436180114746e+00,1.601716689765453339e-02
4.060412943363189697e-01,4.104670524597167969e+00,5.447684321552515030e-03
1.506833285093307495e-01,2.922154426574707031e+00,3.153350576758384705e-02
2.289892919361591339e-02,2.553309917449951172e+00,2.153404057025909424e-02
3.937618732452392578e-01,1.309877038002014160e+00,1.884725317358970642e-02
1.607391685247421265e-01,1.118141770362854004e+00,4.002309590578079224e-02
1.007047966122627258e-01,2.371670722961425781e+00,5.557056516408920288e-02
1.824382096529006958e-01,2.439937591552734375e+00,4.430838301777839661e-02
9.063638001680374146e-02,2.172425270080566406e+00,4.020988941192626953e-02
1.780504137277603149e-01,3.604465484619140625e+00,2.746434696018695831e-02
9.737353026866912842e-02,4.743852615356445312e+00,1.554526481777429581e-02
2.557725310325622559e-01,2.286437273025512695e+00,1.297931279987096786e-02
2.376154363155364990e-01,3.883896827697753906e+00,4.842534195631742477e-03
1.301166862249374390e-01,3.696280241012573242e+00,3.801177442073822021e-02
1.064254119992256165e-01,6.232657432556152344e-01,8.934311568737030029e-03
3.252803385257720947e-01,2.745258569717407227e+00,7.626614533364772797e-03
3.867371380329132080e-01,4.685285091400146484e+00,4.281297326087951660e-02
5.180991068482398987e-02,2.651311159133911133e+00,2.492316812276840210e-02
2.985574305057525635e-01,4.429048061370849609e+00,4.650408402085304260e-03
1.294758021831512451e-01,2.138139724731445312e+00,4.751256480813026428e-02
7.408647239208221436e-02,2.332445144653320312e+00,1.417068764567375183e-02
1.352926641702651978e-01,2.783737897872924805e+00,3.183974651619791985e-03
1.312393099069595337e-01,3.890683174133300781e+00,4.203882813453674316e-02
1.634873896837234497e-01,1.888903856277465820e+00,1.355517748743295670e-02
9.619407653808593750e-01,3.516669034957885742e+00,4.930442199110984802e-03
4.874781966209411621e-01,1.687821149826049805e+00,2.883661538362503052e-02
2.765192389488220215e-01,9.563694000244140625e-01,4.933622106909751892e-02
7.145290821790695190e-02,4.580384731292724609e+00,1.215941924601793289e-02
9.958221763372421265e-02,2.446263790130615234e+00,2.129621617496013641e-02
3.815849721431732178e-01,2.544185400009155273e+00,1.010814495384693146e-02
4.813369512557983398e-01,1.685522913932800293e+00,4.822906106710433960e-02
5.125176161527633667e-02,2.669999599456787109e+00,5.183550063520669937e-03
2.193358242511749268e-01,2.744331359863281250e+00,2.002965286374092102e-02
1.965467482805252075e-01,2.546097278594970703e+00,9.009438008069992065e-02
1.541625559329986572e-01,3.943768501281738281e+00,3.435287252068519592e-02
1.013647764921188354e-01,1.540415167808532715e+00,6.606999039649963379e-02
4.004683792591094971e-01,4.830690860748291016e+00,1.635090075433254242e-02
2.921997606754302979e-01,6.731935143470764160e-01,3.505972772836685181e-02
1.574683189392089844e-01,1.999809861183166504e+00,4.210396483540534973e-02
3.640797138214111328e-01,4.744162082672119141e+00,2.007422223687171936e-02
2.815901339054107666e-01,4.442158699035644531e+00,3.857487067580223083e-02
8.539243042469024658e-02,6.755422353744506836e-01,6.349141895771026611e-02
2.514919340610504150e-01,2.262087106704711914e+00,4.259781911969184875e-02
7.807385176420211792e-02,2.003407239913940430e+00,3.750166296958923340e-02
1.251259297132492065e-01,3.899285316467285156e+00,1.984368078410625458e-02
3.790944218635559082e-01,3.891726970672607422e+00,1.501073781400918961e-02
1.925053447484970093e-01,3.161168098449707031e+00,4.209739621728658676e-03
6.491400301456451416e-02,6.698405146598815918e-01,3.320237249135971069e-02
3.448883295059204102e-01,1.606026887893676758e+00,2.307945676147937775e-02
1.996360868215560913e-01,4.832485675811767578e+00,1.967648230493068695e-02
2.001459747552871704e-01,2.890213727951049805e+00,2.100315503776073456e-02
1.913299858570098877e-01,2.544371843338012695e+00,5.258046090602874756e-02
2.116437852382659912e-01,2.657106876373291016e+00,3.076982311904430389e-02
1.439504045993089676e-02,2.610658168792724609e+00,4.075200483202934265e-02
1.088989004492759705e-01,2.007855176925659180e+00,9.785798378288745880e-03
1.495223790407180786e-01,8.127431869506835938e-01,2.092776075005531311e-02
4.822115898132324219e-01,9.353215098381042480e-01,3.688481822609901428e-02
2.793959975242614746e-01,1.636704802513122559e+00,2.207272127270698547e-02
2.284058332443237305e-01,4.709181785583496094e+00,3.844772698357701302e-03
1.008271798491477966e-01,3.089225530624389648e+00,4.936873912811279297e-02
2.474943734705448151e-02,3.015709161758422852e+00,9.016218595206737518e-03
1.227643266320228577e-01,4.273558616638183594e+00,4.959169030189514160e-02
2.868044674396514893e-01,3.976866245269775391e+00,1.690158247947692871e-02
1.277969479560852051e-01,1.660164117813110352e+00,4.209365323185920715e-02
2.748568654060363770e-01,7.365256547927856445e-01,2.022434212267398834e-02
2.350213080644607544e-01,4.537419676780700684e-01,1.158391311764717102e-02
3.474765121936798096e-01,2.496856689453125000e+00,5.776442214846611023e-02
9.640888124704360962e-02,3.473280191421508789e+00,5.870853364467620850e-02
3.080837726593017578e-01,1.771590113639831543e+00,2.014197409152984619e-02
3.249263167381286621e-01,3.014210224151611328e+00,1.919873245060443878e-02
1.213761419057846069e-01,3.648343801498413086e+00,3.699616715312004089e-02
2.423766851425170898e-01,2.974257230758666992e+00,5.658017471432685852e-03
2.647156417369842529e-01,3.131314277648925781e+00,3.269728738814592361e-03
1.154394671320915222e-01,2.895027637481689453e+00,5.051257088780403137e-02
1.892182677984237671e-01,2.375576257705688477e+00,3.793520107865333557e-02
8.773479610681533813e-02,5.708381533622741699e-01,4.149486497044563293e-02
9.458510279655456543e-01,2.139443635940551758e+00,6.741533055901527405e-03
8.222077488899230957e-01,1.119397729635238647e-01,1.439892034977674484e-02
8.685377240180969238e-02,1.897145867347717285e+00,1.159899216145277023e-02
1.249562278389930725e-01,7.619469165802001953e-01,1.651958748698234558e-02
2.184285670518875122e-01,9.346213936805725098e-01,2.556386031210422516e-02
8.189097046852111816e-02,1.777320623397827148e+00,4.370507970452308655e-02
2.799660265445709229e-01,2.084565609693527222e-01,1.166597474366426468e-02
3.088537454605102539e-01,4.774795055389404297e+00,4.151245579123497009e-02
1.235291436314582825e-01,2.755396604537963867e+00,8.391938172280788422e-03
5.252587795257568359e-01,1.760566115379333496e+00,3.037187736481428146e-03
1.393952369689941406e-01,2.960399866104125977e+00,3.226908296346664429e-02
1.238910183310508728e-01,2.991445064544677734e+00,8.153806440532207489e-03
3.363433778285980225e-01,2.747549533843994141e+00,1.606399379670619965e-02
1.345302611589431763e-01,3.978074550628662109e+00,4.735003411769866943e-02
2.374254614114761353e-01,3.897094964981079102e+00,6.329821795225143433e-02
8.703219145536422729e-02,2.748333692550659180e+00,4.426622390747070312e-02
1.219178810715675354e-01,4.412798881530761719e+00,2.487839385867118835e-02
6.655728910118341446e-03,4.383658409118652344e+00,1.262937299907207489e-02
2.610231041908264160e-01,1.879765391349792480e+00,5.086661130189895630e-02
6.271482259035110474e-02,7.351482510566711426e-01,1.984834857285022736e-02
2.256448268890380859e-01,1.544058203697204590e+00,3.204900305718183517e-03
2.232161611318588257e-01,3.814661979675292969e+00,6.166181527078151703e-03
9.857607632875442505e-02,3.717726230621337891e+00,1.867236010730266571e-02
1.179211437702178955e-01,4.524064540863037109e+00,4.853827878832817078e-02
4.293605387210845947e-01,2.134579420089721680e+00,1.198544912040233612e-02
2.580923140048980713e-01,2.254756450653076172e+00,4.968370124697685242e-02
2.683170735836029053e-01,4.472906589508056641e+00,1.929935999214649200e-02
3.740913420915603638e-02,3.024687290191650391e+00,7.786582689732313156e-03
3.553887605667114258e-01,4.045732021331787109e+00,2.319029159843921661e-02
1.231800913810729980e-01,1.130914315581321716e-01,6.379345804452896118e-02
3.628351390361785889e-01,9.668653607368469238e-01,5.083229858428239822e-03
2.174352109432220459e-01,5.482081174850463867e-01,1.104518212378025055e-02
7.674272060394287109e-01,4.301500320434570312e+00,1.144348643720149994e-02
1.098410636186599731e-01,2.131456851959228516e+00,5.004302412271499634e-02
4.132224619388580322e-01,4.137714862823486328e+00,1.314246095716953278e-02
4.886501431465148926e-01,2.307880401611328125e+00,1.698025874793529510e-02
1.938387155532836914e-01,1.902940988540649414e+00,1.102615427225828171e-02
3.264000415802001953e-01,4.607555389404296875e+00,1.491452101618051529e-02
8.573461323976516724e-02,1.053590297698974609e+00,5.009528994560241699e-02
1.239274591207504272e-01,3.055086135864257812e+00,3.869760408997535706e-02
3.144407570362091064e-01,1.539511799812316895e+00,2.696146629750728607e-02
3.909038603305816650e-01,1.486820936203002930e+00,3.990021068602800369e-03
9.630818665027618408e-02,8.615010976791381836e-02,2.731135301291942596e-02
7.267919182777404785e-02,3.994550228118896484e+00,7.072203606367111206e-02
4.127259254455566406e-01,2.733058214187622070e+00,1.615215837955474854e-02
2.105167061090469360e-01,4.813202857971191406e+00,1.566281728446483612e-02
1.426007747650146484e-01,1.774474263191223145e+00,6.745266914367675781e-02
3.406744003295898438e-01,6.730815768241882324e-01,2.767452597618103027e-02
2.038050591945648193e-01,4.719740867614746094e+00,3.878448531031608582e-02
2.968410551548004150e-01,4.666760444641113281e+00,8.045844733715057373e-02
4.252393264323472977e-03,4.397142410278320312e+00,6.993666291236877441e-03
2.405695170164108276e-01,2.614391326904296875e+00,8.950626105070114136e-02
3.173258304595947266e-01,2.010493993759155273e+00,2.174262888729572296e-02
2.093459367752075195e-01,2.232171446084976196e-01,4.934186581522226334e-03
1.114297732710838318e-01,2.457097530364990234e+00,4.576501995325088501e-02
4.686941951513290405e-02,2.116657257080078125e+00,2.860294654965400696e-02
2.029666602611541748e-01,3.672228336334228516e+00,1.316020637750625610e-02
1.495060324668884277e-01,3.845536947250366211e+00,5.013093352317810059e-02
1.895085573196411133e-01,1.765504121780395508e+00,6.249688938260078430e-02
3.049226999282836914e-01,1.996077179908752441e+00,3.762141987681388855e-02
5.772040411829948425e-02,2.808599472045898438e+00,3.255060175433754921e-03
2.487717717885971069e-01,4.814311981201171875e+00,1.894188113510608673e-02
3.424226343631744385e-01,3.869631290435791016e+00,8.904035389423370361e-02
6.969697773456573486e-02,1.763726472854614258e+00,5.501916632056236267e-02
6.859191507101058960e-02,4.422842025756835938e+00,3.261332958936691284e-02
8.667329549789428711e-01,3.432622671127319336e+00,8.072673529386520386e-02
2.427684217691421509e-01,3.110481500625610352e+00,4.948531836271286011e-02
3.042810559272766113e-01,4.494896411895751953e+00,6.248396821320056915e-03
2.832491397857666016e-01,7.664815783500671387e-01,1.800648495554924011e-02
4.853080213069915771e-02,2.584102869033813477e+00,6.020009983330965042e-03
8.075260370969772339e-02,4.871671199798583984e+00,4.771510139107704163e-02
2.605533786118030548e-02,8.037789463996887207e-01,7.751604076474905014e-03
1.207011342048645020e-01,2.768928289413452148e+00,7.836424559354782104e-02
2.857910096645355225e-01,8.574279397726058960e-02,1.135342381894588470e-02
2.638288736343383789e-01,2.848976373672485352e+00,6.284688413143157959e-02
5.769821405410766602e-01,2.576123237609863281e+00,5.090174451470375061e-02
3.114973306655883789e-01,1.835950851440429688e+00,1.565840654075145721e-02
7.773139327764511108e-02,2.512659072875976562e+00,2.503169327974319458e-02
6.299620866775512695e-02,3.110593557357788086e+00,4.557699710130691528e-02
6.373068094253540039e-01,9.362727403640747070e-01,8.791985921561717987e-03
2.257338613271713257e-01,9.027590155601501465e-01,3.091430291533470154e-02
1.265928428620100021e-02,3.975049495697021484e+00,1.583596691489219666e-02
5.704688373953104019e-03,1.900527626276016235e-01,3.224954009056091309e-03
3.148151636123657227e-01,1.780479103326797485e-01,7.942755706608295441e-03
1.177687048912048340e-01,2.989780902862548828e+00,7.557657361030578613e-02
1.204181984066963196e-01,2.631558418273925781e+00,5.072233825922012329e-02
2.129245400428771973e-01,6.654686927795410156e-01,5.067151039838790894e-02
2.359537929296493530e-01,2.541803359985351562e+00,3.169624134898185730e-02
3.778983652591705322e-02,7.192034125328063965e-01,1.495026983320713043e-02
2.543032467365264893e-01,2.988080263137817383e+00,1.014866307377815247e-02
1.011328920722007751e-01,7.000045180320739746e-01,1.488031260669231415e-02
2.585704326629638672e-01,1.606978774070739746e-01,1.237913779914379120e-02
3.369257748126983643e-01,7.503380775451660156e-01,1.121484301984310150e-02
4.327237606048583984e-02,2.053968667984008789e+00,1.644214242696762085e-02
4.867529496550559998e-02,2.140624523162841797e+00,5.887132510542869568e-02
3.179710507392883301e-01,9.695480465888977051e-01,5.346231162548065186e-02
2.647946774959564209e-01,4.852963924407958984e+00,1.167715527117252350e-02
1.689286828041076660e-01,2.249169111251831055e+00,2.114860899746417999e-02
2.852321267127990723e-01,2.490821123123168945e+00,9.769386611878871918e-03
2.305507063865661621e-01,2.752471566200256348e-01,5.131292343139648438e-02
1.757559552788734436e-02,4.103632926940917969e+00,5.034378170967102051e-02
6.335759907960891724e-02,7.137207984924316406e-01,5.298902466893196106e-02
3.039074540138244629e-01,1.914560794830322266e+00,1.888566836714744568e-02
2.928563626483082771e-03,2.200209379196166992e+00,1.620862632989883423e-02
2.832930982112884521e-01,4.091564178466796875e+00,7.796993944793939590e-03
3.637971729040145874e-02,2.620965003967285156e+00,1.132613886147737503e-02
1.229669228196144104e-01,4.717350482940673828e+00,1.427008491009473801e-02
1.559084653854370117e-01,4.636158943176269531e+00,1.432804018259048462e-02
1.769112199544906616e-01,4.888453006744384766e+00,1.330268569290637970e-02
8.469005227088928223e-01,1.900892734527587891e+00,5.854713171720504761e-02
4.509219527244567871e-01,7.747206687927246094e-01,1.404487807303667068e-02
2.062194496393203735e-01,2.056059360504150391e+00,6.994697451591491699e-02
1.593834310770034790e-01,1.804303646087646484e+00,2.073045633733272552e-02
1.768723577260971069e-01,2.438848972320556641e+00,1.221322081983089447e-02
2.576089277863502502e-02,2.895429134368896484e+00,1.686070486903190613e-02
1.700121611356735229e-01,6.872752308845520020e-01,9.559310041368007660e-03
7.052201032638549805e-02,2.647447347640991211e+00,1.301413774490356445e-02
1.125648245215415955e-01,2.135309934616088867e+00,1.908610202372074127e-02
9.454789161682128906e-01,7.963613867759704590e-01,1.541437674313783646e-02
2.777239978313446045e-01,9.146965146064758301e-01,3.006722545251250267e-03
1.693509072065353394e-01,2.218752622604370117e+00,3.703632578253746033e-02
4.616160988807678223e-01,2.488715887069702148e+00,5.489843338727951050e-02
6.575682014226913452e-02,4.652924060821533203e+00,3.700652718544006348e-02
2.320466339588165283e-01,2.894668817520141602e+00,1.498642750084400177e-02
1.300133317708969116e-01,2.328062534332275391e+00,2.993736416101455688e-02
1.050445511937141418e-01,3.774323940277099609e+00,4.782065283507108688e-03
1.389572620391845703e-01,1.905570387840270996e+00,6.206617131829261780e-02
2.114657908678054810e-01,3.810569524765014648e+00,7.076394278556108475e-03
8.795721828937530518e-02,7.994961142539978027e-01,1.854008808732032776e-02
1.761324107646942139e-01,1.874619960784912109e+00,1.172003243118524551e-02
1.730961799621582031e-01,2.865447759628295898e+00,5.380342714488506317e-03
1.989724785089492798e-01,4.380220890045166016e+00,1.050993800163269043e-02
1.176255941390991211e-01,3.176298618316650391e+00,4.475166648626327515e-02
4.559774696826934814e-02,1.072919607162475586e+00,5.672480911016464233e-03
1.372945308685302734e-01,3.816595315933227539e+00,3.557584062218666077e-02
1.376069784164428711e-01,2.285170555114746094e+00,3.665289282798767090e-02
1.610978990793228149e-01,3.720319271087646484e+00,2.272910811007022858e-02
6.119547411799430847e-02,1.508437395095825195e+00,6.205734983086585999e-02
1.141283810138702393e-01,3.832306861877441406e+00,2.156024798750877380e-02
1.728134304285049438e-01,1.943951725959777832e+00,7.886441051959991455e-02
4.923275113105773926e-02,2.395281344652175903e-01,4.622292146086692810e-02
2.765496969223022461e-01,1.987498521804809570e+00,8.252690546214580536e-03
1.099509447813034058e-01,3.789232730865478516e+00,1.580827124416828156e-02
2.702093422412872314e-01,2.603261232376098633e+00,6.701769679784774780e-02
8.758325874805450439e-02,3.312762260437011719e+00,1.557126734405755997e-02
1.859268173575401306e-02,2.903833627700805664e+00,2.663506753742694855e-02
2.925364077091217041e-01,4.631357669830322266e+00,2.204466611146926880e-02
1.626666784286499023e-01,4.586034297943115234e+00,5.324505269527435303e-02
3.621476888656616211e-01,1.978557467460632324e+00,2.950438857078552246e-02
2.321117222309112549e-01,4.767960071563720703e+00,4.135782364755868912e-03
2.583902180194854736e-01,8.239640593528747559e-01,6.636694818735122681e-02
2.252032607793807983e-01,4.285429954528808594e+00,1.706242188811302185e-02
4.009699821472167969e-01,2.666874170303344727e+00,5.738714337348937988e-02
3.319047689437866211e-01,6.682504713535308838e-02,8.265122771263122559e-02
2.460411787033081055e-01,1.815214276313781738e+00,2.535080909729003906e-02
5.282340571284294128e-02,1.883975625038146973e+00,6.627929862588644028e-03
1.606813445687294006e-02,1.890360593795776367e+00,4.427663516253232956e-03
5.845814198255538940e-02,6.435360312461853027e-01,9.536127559840679169e-03
3.162204027175903320e-01,1.905652999877929688e+00,1.438938081264495850e-02
2.127901315689086914e-01,4.060652256011962891e+00,3.631269931793212891e-02
1.670323461294174194e-01,2.459945201873779297e+00,6.546197086572647095e-02
9.424815177917480469e-01,1.523681282997131348e+00,3.049727715551853180e-02
2.772950232028961182e-01,6.802166104316711426e-01,3.339706361293792725e-02
7.945395074784755707e-03,2.341827869415283203e+00,4.176017642021179199e-02
6.866141408681869507e-02,8.894361853599548340e-01,1.404164638370275497e-02
1.768568158149719238e-01,4.693613052368164062e+00,1.721592806279659271e-02
4.897367954254150391e-02,2.122375249862670898e+00,9.730048477649688721e-03
4.273236393928527832e-01,4.832872390747070312e+00,4.676667973399162292e-03
2.597014009952545166e-01,2.587715625762939453e+00,3.533319383859634399e-02
1.964664012193679810e-01,2.828487157821655273e+00,4.081355035305023193e-02
1.294483095407485962e-01,3.049110174179077148e+00,9.511713869869709015e-03
3.349457308650016785e-02,3.745037794113159180e+00,1.572477258741855621e-02
2.140828967094421387e-02,7.270177006721496582e-01,1.574149355292320251e-02
3.293543756008148193e-01,3.797334194183349609e+00,1.768752373754978180e-02
1.220545731484889984e-03,2.606294155120849609e+00,8.323057554662227631e-03
4.376091994345188141e-03,7.033354043960571289e-01,1.383285224437713623e-02
1.992808431386947632e-01,4.211831569671630859e+00,3.838746249675750732e-02
1.553024053573608398e-01,3.153105258941650391e+00,2.063772641122341156e-02
2.511074542999267578e-01,4.248919010162353516e+00,4.573681205511093140e-02
3.969136252999305725e-02,1.944837808609008789e+00,1.763597829267382622e-03
2.322467267513275146e-01,4.634653568267822266e+00,5.082666175439953804e-04
2.494860738515853882e-01,4.828216552734375000e+00,9.037605486810207367e-03
6.347214430570602417e-02,4.385950565338134766e+00,1.585473679006099701e-02
9.995199739933013916e-02,3.348923683166503906e+00,7.347206026315689087e-02
2.437422871589660645e-01,3.102765083312988281e+00,4.823039472103118896e-02
1.070755124092102051e-01,1.933576822280883789e+00,3.851881250739097595e-02
9.347122907638549805e-02,2.953983306884765625e+00,5.395452305674552917e-02
2.193728387355804443e-01,2.467245578765869141e+00,1.279062405228614807e-02
3.005773127079010010e-01,2.130441427230834961e+00,2.374594844877719879e-02
9.502401202917098999e-02,3.878375291824340820e+00,5.609565600752830505e-02
3.001858592033386230e-01,7.514182329177856445e-01,5.740919709205627441e-02
1.917515546083450317e-01,3.562962770462036133e+00,4.932237416505813599e-02
1.293048858642578125e-01,4.102043151855468750e+00,1.494734548032283783e-02
4.251970648765563965e-01,3.138558626174926758e+00,1.195421442389488220e-02
5.373043566942214966e-02,3.909389257431030273e+00,5.145647749304771423e-02
1.905142515897750854e-01,3.783724308013916016e+00,2.229838818311691284e-02
2.988471686840057373e-01,2.765859127044677734e+00,6.808413192629814148e-03
2.312846332788467407e-01,4.816826343536376953e+00,5.074444413185119629e-02
6.771023571491241455e-02,3.053243637084960938e+00,1.042485004290938377e-03
2.506657242774963379e-01,8.125230669975280762e-01,6.683956831693649292e-02
9.438223391771316528e-02,3.909710168838500977e+00,1.636608131229877472e-02
1.107817068696022034e-01,1.979848861694335938e+00,6.431444548070430756e-03
3.232906162738800049e-01,1.783125519752502441e+00,2.510026656091213226e-02
1.555027514696121216e-01,4.011654853820800781e+00,1.729337312281131744e-02
1.507128328084945679e-01,7.885793447494506836e-01,1.948220282793045044e-02
2.772165238857269287e-01,1.969043135643005371e+00,5.814918503165245056e-02
1.857333183288574219e-01,4.524460315704345703e+00,1.156934816390275955e-02
4.113042056560516357e-01,2.826191186904907227e+00,3.669402748346328735e-02
2.386619001626968384e-01,2.705390155315399170e-01,6.767228711396455765e-03
2.547714114189147949e-01,9.861302562057971954e-03,1.269527897238731384e-02
6.581305712461471558e-02,2.738359212875366211e+00,1.632248610258102417e-02
2.256305962800979614e-01,3.707628250122070312e+00,1.485723257064819336e-02
3.132848739624023438e-01,4.574649333953857422e+00,4.898325726389884949e-02
5.928931757807731628e-02,1.823998808860778809e+00,2.221181429922580719e-02
3.056073188781738281e-01,6.521327048540115356e-02,1.872959733009338379e-02
1.317584812641143799e-01,6.817733645439147949e-01,1.971156336367130280e-02
3.011927306652069092e-01,3.278928756713867188e+00,4.709672182798385620e-02
1.122803911566734314e-01,3.546444177627563477e+00,5.426799878478050232e-02
8.686068467795848846e-03,1.488852381706237793e+00,5.657981708645820618e-02
5.089348182082176208e-02,4.154400348663330078e+00,1.256685331463813782e-02
2.854913175106048584e-01,3.501470804214477539e+00,1.899255253374576569e-02
4.126071929931640625e-01,2.012289524078369141e+00,5.897862091660499573e-02
3.608810529112815857e-02,2.937377214431762695e+00,2.285266108810901642e-02
1.722707599401473999e-01,2.106355905532836914e+00,5.649283155798912048e-02
1.819797903299331665e-01,4.257742881774902344e+00,2.826808579266071320e-02
2.604654133319854736e-01,1.015248537063598633e+00,4.033964872360229492e-02
9.487126022577285767e-02,3.935711145401000977e+00,5.565867945551872253e-02
1.213946267962455750e-01,4.727571964263916016e+00,5.350113660097122192e-02
4.061753302812576294e-02,5.564002394676208496e-01,1.504094712436199188e-02
3.822085559368133545e-01,4.516392230987548828e+00,2.449942380189895630e-02
3.074079453945159912e-01,2.881158351898193359e+00,1.761130988597869873e-02
4.407443106174468994e-02,2.493327140808105469e+00,1.694210059940814972e-02
3.323303759098052979e-01,8.460004925727844238e-01,1.214336603879928589e-02
2.716402709484100342e-01,2.709182739257812500e+00,1.876980811357498169e-02
1.116546094417572021e-01,2.631979942321777344e+00,5.929598957300186157e-02
3.202941417694091797e-01,3.971567392349243164e+00,7.418589200824499130e-03
2.115571796894073486e-01,4.622100353240966797e+00,3.107739984989166260e-02
6.727834343910217285e-01,9.171037077903747559e-01,5.501772835850715637e-02
2.741840183734893799e-01,1.405086517333984375e-01,4.997886251658201218e-03
2.852490544319152832e-01,8.344615697860717773e-01,5.381081625819206238e-02
7.357036322355270386e-02,4.411225318908691406e+00,1.949327997863292694e-02
1.090988740324974060e-01,4.354983329772949219e+00,1.571913249790668488e-02
4.294344186782836914e-01,1.981589317321777344e+00,1.515532005578279495e-02
9.794940054416656494e-02,3.111782312393188477e+00,6.334796547889709473e-02
1.077244058251380920e-01,3.508033752441406250e+00,6.675001978874206543e-02
4.882020503282546997e-02,4.671176433563232422e+00,1.385859865695238113e-02
8.559773564338684082e-01,2.480305433273315430e+00,2.984206937253475189e-02
4.637462273240089417e-02,1.259779214859008789e+00,4.513473808765411377e-02
4.091240167617797852e-01,2.057296037673950195e+00,5.843732506036758423e-03
1.672616004943847656e-01,1.378978848457336426e+00,6.753432098776102066e-03
3.259769678115844727e-01,7.931628227233886719e-01,2.461779676377773285e-02
3.028376400470733643e-01,4.685882568359375000e+00,9.761539287865161896e-03
1.059074047952890396e-02,4.709355354309082031e+00,8.401785045862197876e-03
4.091458916664123535e-01,4.256676197052001953e+00,1.636351644992828369e-02
2.566053271293640137e-01,8.390849828720092773e-02,3.736759722232818604e-02
5.842629671096801758e-01,4.589427947998046875e+00,6.643833965063095093e-02
2.089368402957916260e-01,1.942453622817993164e+00,2.405655011534690857e-02
4.069452881813049316e-01,8.094696998596191406e-01,6.324005872011184692e-02
3.612782359123229980e-01,3.850924730300903320e+00,9.631575085222721100e-03
1.944240480661392212e-01,4.527729988098144531e+00,5.538013204932212830e-02
3.006767034530639648e-01,3.002235412597656250e+00,4.793082177639007568e-02
2.069471925497055054e-01,3.628289461135864258e+00,7.845974527299404144e-03
1.927278488874435425e-01,3.391793012619018555e+00,1.588576659560203552e-02
3.401919603347778320e-01,1.951552510261535645e+00,1.517532207071781158e-02
2.741228044033050537e-01,2.963258981704711914e+00,9.115666151046752930e-03
1.338752172887325287e-02,9.756373763084411621e-01,4.985197633504867554e-02
2.699645161628723145e-01,3.828171253204345703e+00,1.782133430242538452e-02
1.431805342435836792e-01,4.148870468139648438e+00,7.198942452669143677e-02
2.778131961822509766e-01,7.819947600364685059e-01,1.510623656213283539e-02
2.458163648843765259e-01,2.565690279006958008e+00,8.498566225171089172e-03
1.545293331146240234e-01,4.423554539680480957e-01,1.001915987581014633e-02
2.360601872205734253e-01,1.847555637359619141e+00,7.760425563901662827e-03
3.146081464365124702e-03,2.740827560424804688e+00,4.784865677356719971e-02
1.667925417423248291e-01,2.489165544509887695e+00,7.485418021678924561e-02
2.039472311735153198e-01,4.498724937438964844e+00,2.693659067153930664e-02
3.305909037590026855e-02,3.039019823074340820e+00,3.147144615650177002e-02
3.746385276317596436e-01,3.980738162994384766e+00,3.502992913126945496e-02
3.772276937961578369e-01,4.065500736236572266e+00,4.146208986639976501e-02
2.007673382759094238e-01,6.624503731727600098e-01,4.776639118790626526e-02
1.148976236581802368e-01,6.851099133491516113e-01,4.607398062944412231e-02
6.161448359489440918e-02,3.931238889694213867e+00,7.542358338832855225e-02
6.659068912267684937e-02,3.795339822769165039e+00,3.798741474747657776e-02
3.553121984004974365e-01,4.502246379852294922e+00,3.724450245499610901e-02
4.952224195003509521e-01,3.797965869307518005e-02,3.488529473543167114e-02
2.524854242801666260e-01,9.852132797241210938e-01,6.882227212190628052e-02
1.656799018383026123e-01,1.062360286712646484e+00,5.970814451575279236e-02
3.784538060426712036e-02,2.004967480897903442e-01,3.823277726769447327e-02
7.875041663646697998e-02,2.661675930023193359e+00,9.655967354774475098e-02
1.799207180738449097e-01,1.920980691909790039e+00,2.013946138322353363e-02
1.523599475622177124e-01,1.820721387863159180e+00,2.896257862448692322e-02
6.227425485849380493e-02,8.875283598899841309e-01,5.249157920479774475e-02
4.017009586095809937e-02,3.580978870391845703e+00,1.799504831433296204e-02
1.086563095450401306e-01,2.914127349853515625e+00,6.550433114171028137e-03
3.138354122638702393e-01,4.058881759643554688e+00,2.332369238138198853e-02
7.549804449081420898e-02,4.752592563629150391e+00,3.570282831788063049e-02
2.069085091352462769e-01,3.793310642242431641e+00,1.112037003040313721e-01
9.032522141933441162e-02,4.809013366699218750e+00,4.018234461545944214e-02
2.635346353054046631e-01,4.639855861663818359e+00,2.458779327571392059e-02
9.772846102714538574e-02,2.170200824737548828e+00,8.864456787705421448e-03
1.194644272327423096e-01,4.247212409973144531e+00,3.563384711742401123e-02
6.316329538822174072e-02,3.436512470245361328e+00,2.627066336572170258e-02
2.501657605171203613e-01,2.815432310104370117e+00,1.506730914115905762e-02
3.394248783588409424e-01,4.391002655029296875e+00,1.834467984735965729e-02
1.515217721462249756e-01,1.792660117149353027e+00,8.463228121399879456e-03
2.109275311231613159e-01,2.385999202728271484e+00,1.859414577484130859e-02
2.102762907743453979e-01,1.977332711219787598e+00,3.491863235831260681e-02
1.866239458322525024e-01,4.183750629425048828e+00,3.204233571887016296e-02
7.407590746879577637e-02,4.644347190856933594e+00,5.478595942258834839e-02
2.578141391277313232e-01,4.651460647583007812e+00,2.183340984629467130e-04
6.923403590917587280e-02,8.649691343307495117e-01,7.061269134283065796e-02
2.653515338897705078e-01,2.248776435852050781e+00,5.393949523568153381e-02
2.008166313171386719e-01,4.174006462097167969e+00,6.730711553245782852e-03
5.337128639221191406e-01,2.000108242034912109e+00,6.574087589979171753e-02
3.004835844039916992e-01,4.368350505828857422e+00,2.666973695158958435e-02
1.523384302854537964e-01,4.790560245513916016e+00,2.093417197465896606e-02
1.750581115484237671e-01,4.484311044216156006e-01,3.683963418006896973e-02
2.249494045972824097e-01,2.219571322202682495e-01,3.193170577287673950e-02
1.404782384634017944e-01,4.702474594116210938e+00,4.537671804428100586e-02
4.164802134037017822e-01,1.469643115997314453e+00,1.107754465192556381e-02
1.076974272727966309e-01,3.991504907608032227e+00,1.642972975969314575e-02
1.395151317119598389e-01,3.636236906051635742e+00,4.268141835927963257e-02
2.060913294553756714e-01,4.795174598693847656e+00,3.537350799888372421e-03
9.017298370599746704e-02,2.727437257766723633e+00,6.245391070842742920e-02
2.710482478141784668e-01,1.950546026229858398e+00,2.592493034899234772e-02
2.788551151752471924e-01,3.035079002380371094e+00,2.094663446769118309e-03
1.254523992538452148e-01,2.944690227508544922e+00,4.441711306571960449e-02
1.504902690649032593e-01,2.763046979904174805e+00,2.231208235025405884e-02
6.012522801756858826e-02,3.638747215270996094e+00,2.427775599062442780e-02
2.799629271030426025e-01,4.644336223602294922e+00,5.072269588708877563e-02
1.723656505346298218e-01,1.833101630210876465e+00,1.021605543792247772e-02
3.622064888477325439e-01,2.469717264175415039e+00,5.713526904582977295e-02
1.112320125102996826e-01,3.238244771957397461e+00,5.911073647439479828e-03
2.437922060489654541e-01,1.433277845382690430e+00,3.872637450695037842e-02
2.784562110900878906e-01,1.919597625732421875e+00,2.255749702453613281e-02
2.420518994331359863e-01,2.937275886535644531e+00,1.842181757092475891e-02
6.764183938503265381e-02,3.252901554107666016e+00,6.124048307538032532e-02
1.635682880878448486e-01,2.770855426788330078e+00,1.693768985569477081e-02
2.442289739847183228e-01,3.978625774383544922e+00,7.164774090051651001e-02
6.647047400474548340e-01,1.827491879463195801e+00,4.620661493390798569e-03
2.407032847404479980e-01,4.028022289276123047e+00,3.467947617173194885e-02
7.981983572244644165e-02,2.589694499969482422e+00,2.302386052906513214e-02
8.987042121589183807e-03,2.974137544631958008e+00,2.410194091498851776e-02
5.132504701614379883e-01,4.427411556243896484e+00,3.996047377586364746e-02
3.301074802875518799e-01,4.478172302246093750e+00,8.720798417925834656e-03
3.817531466484069824e-01,2.441239833831787109e+00,1.536401174962520599e-02
7.527804002165794373e-03,1.039462089538574219e+00,1.363903377205133438e-02
7.557655870914459229e-02,4.124396800994873047e+00,4.871260747313499451e-02
9.604255110025405884e-02,6.330788731575012207e-01,5.103458091616630554e-02
1.911702305078506470e-01,8.081821203231811523e-01,5.685302894562482834e-03
3.411161005496978760e-01,1.766654253005981445e+00,5.175831168889999390e-02
1.914831548929214478e-01,3.724911689758300781e+00,1.119468733668327332e-02
6.903488934040069580e-02,2.521099328994750977e+00,1.443215552717447281e-02
4.498844146728515625e-01,6.964848935604095459e-02,2.310269139707088470e-02
3.665846884250640869e-01,3.325974643230438232e-01,5.939379706978797913e-02
1.979680657386779785e-01,4.481620788574218750e+00,7.214831560850143433e-02
4.374574422836303711e-01,3.611670732498168945e+00,7.808749377727508545e-02
3.509418070316314697e-01,2.731719970703125000e+00,2.049309387803077698e-02
2.384917587041854858e-01,2.366609334945678711e+00,3.021278232336044312e-02
2.375891655683517456e-01,3.238594532012939453e+00,3.556840354576706886e-03
2.284198254346847534e-01,7.157920002937316895e-01,1.079145912081003189e-02
4.223238676786422729e-02,2.966871023178100586e+00,1.009081024676561356e-02
9.212698787450790405e-02,2.574043989181518555e+00,2.546133473515510559e-02
3.087564110755920410e-01,8.616014122962951660e-01,4.337206482887268066e-02
1.366786956787109375e-01,4.942659735679626465e-01,1.567061245441436768e-02
6.886079907417297363e-02,4.140146255493164062e+00,1.186189614236354828e-02
1.905258893966674805e-01,3.835833311080932617e+00,1.726731844246387482e-02
6.339521612972021103e-03,5.004588961601257324e-01,4.908424243330955505e-02
1.752067208290100098e-01,7.455668598413467407e-02,3.866370022296905518e-02
1.000103801488876343e-01,4.630898952484130859e+00,5.217107757925987244e-02
1.943752765655517578e-01,2.052844285964965820e+00,4.884764924645423889e-02
1.217868998646736145e-01,4.759466648101806641e+00,2.546282298862934113e-02
2.321318835020065308e-01,2.682534456253051758e+00,5.709254369139671326e-02
3.032470345497131348e-01,6.762143969535827637e-01,6.722684949636459351e-02
1.698634922504425049e-01,2.682588100433349609e+00,1.567569002509117126e-02
3.487241268157958984e-01,3.676640033721923828e+00,5.106289312243461609e-02
2.039229869842529297e-01,8.361746668815612793e-01,2.108352445065975189e-02
2.324490100145339966e-01,3.189664483070373535e-01,3.823662549257278442e-02
2.093805521726608276e-01,4.676010608673095703e+00,7.142648100852966309e-02
3.352712094783782959e-01,1.799617052078247070e+00,1.588761433959007263e-02
2.765754163265228271e-01,2.989294767379760742e+00,2.032040618360042572e-02
1.651404798030853271e-01,4.042101383209228516e+00,1.804012991487979889e-02
2.649275362491607666e-01,4.589463710784912109e+00,6.045295298099517822e-02
8.873440325260162354e-02,1.605739712715148926e+00,1.574087771587073803e-03
3.279761075973510742e-01,4.163136959075927734e+00,5.577971786260604858e-02
6.588649749755859375e-02,4.329588413238525391e+00,8.574421517550945282e-03
6.054395809769630432e-02,2.615058898925781250e+00,4.367502406239509583e-03
2.352001667022705078e-01,2.877731084823608398e+00,6.715581566095352173e-02
7.914268970489501953e-02,3.491180896759033203e+00,6.554777175188064575e-02
1.300608664751052856e-01,2.725138425827026367e+00,1.984583586454391479e-02
5.827281996607780457e-02,1.020026952028274536e-01,1.379459071904420853e-02
1.470930278301239014e-01,4.721961021423339844e+00,1.426305808126926422e-02
2.444256246089935303e-01,4.534495353698730469e+00,9.607315878383815289e-04
7.315329462289810181e-02,4.214373588562011719e+00,1.225896924734115601e-02
2.258141636848449707e-01,4.083528518676757812e+00,4.694567527621984482e-03
8.584405183792114258e-01,3.858400106430053711e+00,3.676424175500869751e-02
2.717939913272857666e-01,7.932725548744201660e-01,1.155267935246229172e-02
1.947970092296600342e-01,3.565808773040771484e+00,6.153257098048925400e-03
4.272745922207832336e-02,2.780544519424438477e+00,1.998590305447578430e-02
1.315576136112213135e-01,4.587176322937011719e+00,5.689052119851112366e-02
1.747044026851654053e-01,8.363398909568786621e-01,1.352460961788892746e-02
2.291914671659469604e-01,5.801611542701721191e-01,3.833550587296485901e-02
1.150702312588691711e-01,4.499546051025390625e+00,2.153250202536582947e-02
6.408327817916870117e-02,8.235740661621093750e-02,3.824411332607269287e-02
1.263160109519958496e-01,3.407473325729370117e+00,1.734476350247859955e-02
4.614428803324699402e-02,2.456719636917114258e+00,1.437773834913969040e-02
2.345020025968551636e-01,1.708178400993347168e+00,8.880766108632087708e-03
6.968755275011062622e-02,1.926864147186279297e+00,1.315174438059329987e-02
6.892684102058410645e-02,2.566210746765136719e+00,3.138558939099311829e-02
1.012684032320976257e-01,2.398701190948486328e+00,2.567725814878940582e-02
1.827557384967803955e-01,3.334722518920898438e+00,9.011428058147430420e-02
1.574312895536422729e-01,4.612098693847656250e+00,3.269061818718910217e-02
1.238134726881980896e-01,4.818502902984619141e+00,2.099412865936756134e-02
1.037366464734077454e-01,4.619606494903564453e+00,6.969304289668798447e-03
9.180321544408798218e-02,2.544833898544311523e+00,2.126339264214038849e-02
5.065485835075378418e-01,4.629773616790771484e+00,2.013453654944896698e-02
1.784258633852005005e-01,1.851134300231933594e+00,6.918195635080337524e-02
4.001026153564453125e-01,2.049287796020507812e+00,7.024234160780906677e-03
2.859992980957031250e-01,2.679048776626586914e+00,1.140732783824205399e-02
1.823013871908187866e-01,3.773992776870727539e+00,7.619177922606468201e-03
8.741064369678497314e-02,1.810139060020446777e+00,1.346937194466590881e-02
2.269935160875320435e-01,8.904761075973510742e-01,4.447512328624725342e-03
1.218510791659355164e-01,1.699693322181701660e+00,1.737953745760023594e-03
1.707615107297897339e-01,7.637482881546020508e-01,7.345401216298341751e-03
3.188717961311340332e-01,2.439152479171752930e+00,1.254049036651849747e-02
3.162211775779724121e-01,4.747423171997070312e+00,1.836611889302730560e-02
2.932294905185699463e-01,6.079433858394622803e-02,3.144903481006622314e-02
2.010076791048049927e-01,3.939026355743408203e+00,3.233888372778892517e-02
1.937193721532821655e-01,2.741809129714965820e+00,2.040980197489261627e-02
4.289991855621337891e-01,3.987444877624511719e+00,1.728096231818199158e-02
2.520216107368469238e-01,1.411808282136917114e-01,4.332098364830017090e-02
2.250519990921020508e-01,2.789307832717895508e+00,5.938995257019996643e-02
8.146726340055465698e-02,2.734779357910156250e+00,1.502268854528665543e-02
6.601402908563613892e-02,1.936935067176818848e+00,1.908948831260204315e-02
2.771872580051422119e-01,2.964361667633056641e+00,3.099810704588890076e-02
1.330572664737701416e-01,2.432935714721679688e+00,2.329091913998126984e-02
7.550205290317535400e-02,4.733776092529296875e+00,6.378833204507827759e-02
3.391658365726470947e-01,7.943354249000549316e-01,1.055512204766273499e-02
5.435856804251670837e-02,3.114463567733764648e+00,3.572985902428627014e-02
2.362689524888992310e-01,3.267173528671264648e+00,4.013869911432266235e-03
1.621248722076416016e-01,6.158284544944763184e-01,4.821967799216508865e-03
3.863982260227203369e-01,1.819213509559631348e+00,3.621073812246322632e-02
6.991392374038696289e-01,3.850967884063720703e+00,6.827887147665023804e-02
2.322888970375061035e-01,1.710160732269287109e+00,3.573026880621910095e-02
1.628109663724899292e-01,3.755905151367187500e+00,2.121533453464508057e-02
7.210270315408706665e-02,4.394742012023925781e+00,3.644666448235511780e-02
9.298017024993896484e-01,3.897785186767578125e+00,1.256572455167770386e-02
2.637999057769775391e-01,1.518054842948913574e+00,7.009309250861406326e-03
2.955469191074371338e-01,4.860706806182861328e+00,1.262829639017581940e-02
1.457458883523941040e-01,8.452893495559692383e-01,4.882436711341142654e-03
2.632668316364288330e-01,1.022973880171775818e-01,4.838723689317703247e-02
2.290956377983093262e-01,1.958667874336242676e+00,1.757458597421646118e-02
2.629656493663787842e-01,1.227830648422241211e+00,1.617221161723136902e-02
1.407213136553764343e-02,2.670840740203857422e+00,7.544963620603084564e-03
5.318479239940643311e-02,3.959125518798828125e+00,3.941471502184867859e-02
3.495476245880126953e-01,8.996424078941345215e-01,4.807094112038612366e-02
1.669431775808334351e-01,2.826069593429565430e+00,1.520922407507896423e-02
3.887573480606079102e-01,4.183746337890625000e+00,4.796887747943401337e-03
4.917081817984580994e-02,2.483992815017700195e+00,8.746442385017871857e-03
1.542367190122604370e-01,2.252942085266113281e+00,1.931084878742694855e-02
1.574997603893280029e-01,4.121807098388671875e+00,5.604416131973266602e-02
2.990609109401702881e-01,2.096947431564331055e+00,2.965738065540790558e-02
1.924238950014114380e-01,2.753235340118408203e+00,3.680624440312385559e-02
1.050497666001319885e-01,3.054623603820800781e+00,1.278421282768249512e-02
2.080030441284179688e-01,2.879338741302490234e+00,3.360821679234504700e-02
2.834046185016632080e-01,3.218503236770629883e+00,4.074246436357498169e-02
6.536225676536560059e-01,1.863929986953735352e+00,1.040407828986644745e-02
3.759188055992126465e-01,8.758109807968139648e-01,3.000875748693943024e-02
8.469417691230773926e-02,1.910305917263031006e-01,2.789916843175888062e-02
2.822937667369842529e-01,7.615939378738403320e-01,5.412572622299194336e-02
2.273487448692321777e-01,2.472440004348754883e-01,6.581524014472961426e-02
3.723326921463012695e-01,6.446633934974670410e-01,6.206242740154266357e-02
5.252332091331481934e-01,3.857454061508178711e+00,1.332120038568973541e-02
2.652896344661712646e-01,4.710968494415283203e+00,3.131835162639617920e-02
9.440064430236816406e-02,6.986083984375000000e-01,4.734572488814592361e-03
2.589497864246368408e-01,3.755579471588134766e+00,1.132690813392400742e-02
2.527346312999725342e-01,3.673066377639770508e+00,4.267459735274314880e-02
9.204056113958358765e-02,3.794384241104125977e+00,4.018147289752960205e-02
2.071398794651031494e-01,2.633496224880218506e-01,2.714446187019348145e-02
1.904163211584091187e-01,3.854467391967773438e+00,3.538027778267860413e-02
9.481609612703323364e-02,4.185395717620849609e+00,3.024293854832649231e-02
3.043864965438842773e-01,2.956788301467895508e+00,1.121412497013807297e-02
1.000543162226676941e-01,2.727646827697753906e+00,2.431453019380569458e-02
5.257552117109298706e-02,4.269373416900634766e+00,1.647963374853134155e-02
2.834498882293701172e-01,2.486690878868103027e-01,6.207406893372535706e-02
2.115405350923538208e-01,4.696422100067138672e+00,7.491008378565311432e-03
8.931987732648849487e-02,2.948949337005615234e+00,1.709473319351673126e-02
6.366489082574844360e-02,4.232639312744140625e+00,3.203182294964790344e-02
2.484963983297348022e-01,3.679678440093994141e+00,9.937612339854240417e-03
3.215221166610717773e-01,4.667327880859375000e+00,8.107544854283332825e-03
2.540470063686370850e-01,3.285486400127410889e-01,1.039578020572662354e-01
4.633149206638336182e-01,2.448604345321655273e+00,1.655923388898372650e-02
3.147062361240386963e-01,6.595537066459655762e-01,6.423956248909235001e-03
1.201254054903984070e-01,3.827447414398193359e+00,1.938485726714134216e-02
1.955022066831588745e-01,2.083516597747802734e+00,1.802694983780384064e-02
7.974170148372650146e-03,1.613977551460266113e+00,3.215173259377479553e-02
2.723871767520904541e-01,3.685465812683105469e+00,8.578627370297908783e-03
6.812126189470291138e-02,3.288063108921051025e-01,4.469781368970870972e-02
1.762183904647827148e-01,4.467593193054199219e+00,1.928571611642837524e-02
2.259752899408340454e-01,2.622852563858032227e+00,1.692291907966136932e-02
6.043791025876998901e-02,6.352781057357788086e-01,3.926690295338630676e-02
1.186028867959976196e-01,4.750141620635986328e+00,7.947422564029693604e-02
3.053347766399383545e-01,2.930998802185058594e+00,6.322923302650451660e-02
2.979883849620819092e-01,5.023855566978454590e-01,8.616939187049865723e-03
3.299340903759002686e-01,4.728889465332031250e+00,1.941337250173091888e-02
4.435500502586364746e-01,4.110138863325119019e-02,1.558567956089973450e-02
2.836948633193969727e-01,8.203081488609313965e-01,1.960057578980922699e-02
1.088299900293350220e-01,4.819434165954589844e+00,1.845089718699455261e-02
8.101519942283630371e-02,2.639516115188598633e+00,3.334541618824005127e-02
1.615842990577220917e-02,4.463469028472900391e+00,6.792452186346054077e-02
1.277460008859634399e-01,4.402538299560546875e+00,2.643109299242496490e-02
1.856407672166824341e-01,4.819694042205810547e+00,6.746856868267059326e-02
1.363379955291748047e-01,4.609328269958496094e+00,4.104773327708244324e-02
8.892908692359924316e-02,1.558750987052917480e+00,5.476272478699684143e-02
2.080573141574859619e-01,2.664759397506713867e+00,2.812170796096324921e-02
3.626310527324676514e-01,7.911283373832702637e-01,1.756786741316318512e-02
1.456759721040725708e-01,3.313208341598510742e+00,5.047697573900222778e-02
3.758200705051422119e-01,2.587101936340332031e+00,4.323286935687065125e-02
1.826791465282440186e-01,2.064526557922363281e+00,3.542474657297134399e-02
2.704698443412780762e-01,3.919698715209960938e+00,9.886118583381175995e-03
5.396705865859985352e-02,2.572646617889404297e+00,9.366260468959808350e-02
1.384245157241821289e-01,1.710080742835998535e+00,1.119668688625097275e-02
1.967036873102188110e-01,6.018456071615219116e-02,8.955134078860282898e-03
4.677038267254829407e-02,3.152072429656982422e+00,1.680357032455503941e-03
1.271785944700241089e-01,4.049865245819091797e+00,6.206647958606481552e-03
1.560184508562088013e-01,4.059104919433593750e+00,3.826052416115999222e-03
1.343694627285003662e-01,4.672587871551513672e+00,2.777258865535259247e-02
1.792318522930145264e-01,3.191587924957275391e+00,5.758265405893325806e-02
2.420152425765991211e-01,2.728328943252563477e+00,2.005263045430183411e-02
5.495355725288391113e-01,7.288782298564910889e-02,3.391179197933524847e-04
2.729907631874084473e-01,3.052065134048461914e+00,5.250060558319091797e-02
3.100158572196960449e-01,3.679724931716918945e+00,6.620082538574934006e-03
1.441087871789932251e-01,2.420817613601684570e+00,2.426560036838054657e-02
5.693421959877014160e-01,1.159301325678825378e-01,1.304424367845058441e-02
3.163332939147949219e-01,2.437327146530151367e+00,4.429253458511084318e-04
2.013645768165588379e-01,2.344746589660644531e+00,1.266281306743621826e-01
2.416795492172241211e-01,1.814264535903930664e+00,1.877257786691188812e-02
3.341271281242370605e-01,9.173185229301452637e-01,1.329545397311449051e-03
2.796830832958221436e-01,2.582237482070922852e+00,1.129664853215217590e-02
3.351000547409057617e-01,2.118083238601684570e+00,1.938603632152080536e-02
1.529601812362670898e-01,2.430953502655029297e+00,1.475516892969608307e-02
1.761110574007034302e-01,4.539183616638183594e+00,2.535152621567249298e-02
1.444896217435598373e-02,3.430468082427978516e+00,1.955626159906387329e-02
3.275500535964965820e-01,3.790345907211303711e+00,2.887749113142490387e-02
1.839469224214553833e-01,3.415069580078125000e+00,2.892903611063957214e-02
2.289780229330062866e-01,2.907341241836547852e+00,5.112884938716888428e-02
8.722003102302551270e-01,2.586845159530639648e+00,4.497595131397247314e-02
3.255312144756317139e-01,2.946860074996948242e+00,3.143697977066040039e-02
2.868627905845642090e-01,4.616904735565185547e+00,3.878992050886154175e-02
2.715581357479095459e-01,4.293027400970458984e+00,5.630916729569435120e-02
2.820257097482681274e-02,1.492551803588867188e+00,1.462766621261835098e-02
1.444988101720809937e-01,3.780436992645263672e+00,2.262709476053714752e-02
1.039064601063728333e-01,2.731993675231933594e+00,6.264721602201461792e-02
2.366586327552795410e-01,3.616079807281494141e+00,3.266277164220809937e-02
1.166828423738479614e-01,3.877327203750610352e+00,7.663787901401519775e-02
1.538069695234298706e-01,7.917782068252563477e-01,1.527630910277366638e-02
1.947046816349029541e-01,8.449041843414306641e-01,9.018526412546634674e-03
2.046857327222824097e-01,2.002531290054321289e+00,1.439363788813352585e-02
8.452878147363662720e-02,4.662872314453125000e+00,5.258712917566299438e-02
3.635953068733215332e-01,4.597243309020996094e+00,1.469244342297315598e-02
1.772469729185104370e-01,4.016692638397216797e+00,5.235822871327400208e-02
2.124424278736114502e-01,3.766237974166870117e+00,2.698095515370368958e-02
4.848316684365272522e-02,5.285989865660667419e-02,5.882988497614860535e-02
3.853233456611633301e-01,1.885548084974288940e-01,2.095561102032661438e-02
1.459904760122299194e-01,4.077075481414794922e+00,1.206894684582948685e-02
9.038131684064865112e-03,1.774892449378967285e+00,7.864335551857948303e-03
6.352975964546203613e-02,4.689116001129150391e+00,1.151652075350284576e-02
2.667985260486602783e-01,1.938452005386352539e+00,3.300563246011734009e-02
5.809951573610305786e-02,2.615731477737426758e+00,1.087069883942604065e-02
2.402223944664001465e-01,6.764460206031799316e-01,6.482948362827301025e-02
2.326930463314056396e-01,3.827608823776245117e+00,3.688364103436470032e-02
3.712097108364105225e-01,1.530204176902770996e+00,1.171474996954202652e-02
1.846933662891387939e-01,2.446735620498657227e+00,1.717387139797210693e-02
7.970228046178817749e-02,2.119292974472045898e+00,3.451591730117797852e-02
2.131087183952331543e-01,2.276365906000137329e-01,4.562480002641677856e-02
6.086223945021629333e-02,3.806616783142089844e+00,5.371618643403053284e-02
5.751083418726921082e-02,2.947776794433593750e+00,5.291096121072769165e-02
2.415287680923938751e-02,1.454353213310241699e+00,2.189433947205543518e-02
3.393630981445312500e-01,9.107782840728759766e-01,3.230011090636253357e-02
3.063559234142303467e-01,4.008242130279541016e+00,4.884816333651542664e-02
1.509017497301101685e-01,2.894553899765014648e+00,8.922976441681385040e-03
1.163192763924598694e-01,4.350890636444091797e+00,2.049119677394628525e-03
3.540555238723754883e-01,4.549323558807373047e+00,1.351553201675415039e-02
1.061562150716781616e-01,4.309755325317382812e+00,4.586164653301239014e-02
1.319410502910614014e-01,3.882939100265502930e+00,4.505160264670848846e-03
2.877536416053771973e-01,2.190386295318603516e+00,1.253992691636085510e-02
1.327518820762634277e-01,1.470287680625915527e+00,1.168207917362451553e-02
1.816783994436264038e-01,1.982071399688720703e-01,2.432889118790626526e-02
1.299221813678741455e-01,4.606387615203857422e+00,3.269502893090248108e-02
1.653994172811508179e-01,3.436374187469482422e+00,4.687438718974590302e-03
2.284744232892990112e-01,4.058355808258056641e+00,1.683162525296211243e-02
5.824442580342292786e-02,3.968458652496337891e+00,1.161673851311206818e-02
1.843436062335968018e-01,3.447376251220703125e+00,6.522911787033081055e-02
1.795544922351837158e-01,7.674335241317749023e-01,5.002810154110193253e-03
8.356207013130187988e-01,4.548849105834960938e+00,2.178991772234439850e-02
1.281191706657409668e-01,2.704501628875732422e+00,4.568921774625778198e-02
5.990114435553550720e-02,3.953608036041259766e+00,5.496167019009590149e-02
1.673490256071090698e-01,2.677465677261352539e+00,5.931830033659934998e-02
1.140474453568458557e-01,4.589878559112548828e+00,5.389810726046562195e-02
6.112611889839172363e-01,8.633623123168945312e-01,2.290902659296989441e-02
1.513432413339614868e-01,4.120951175689697266e+00,5.311606451869010925e-02
6.470215320587158203e-02,7.768710851669311523e-01,5.075177643448114395e-03
4.404886364936828613e-01,2.518711566925048828e+00,3.077351674437522888e-02
2.217001318931579590e-01,3.000716209411621094e+00,8.764095604419708252e-02
8.922678232192993164e-02,2.595224142074584961e+00,2.706891484558582306e-02
3.340997993946075439e-01,2.689718008041381836e+00,1.829333975911140442e-02
2.848041355609893799e-01,1.546952486038208008e+00,4.350126162171363831e-02
5.377150606364011765e-03,4.823479175567626953e+00,8.327329903841018677e-02
1.037012040615081787e-01,1.056512296199798584e-01,8.811680600047111511e-03
4.058471694588661194e-02,1.876971840858459473e+00,1.195929199457168579e-02
1.920504122972488403e-01,2.674069404602050781e+00,3.751720488071441650e-02
2.694984972476959229e-01,7.068498730659484863e-01,3.345389291644096375e-02
1.038652099668979645e-02,2.013040542602539062e+00,1.315400097519159317e-02
1.658319383859634399e-01,3.827315092086791992e+00,1.359400246292352676e-02
9.940870851278305054e-02,2.127241134643554688e+00,2.998106181621551514e-02
7.450686395168304443e-02,4.552797794342041016e+00,8.538571186363697052e-03
2.011462301015853882e-01,2.934787034988403320e+00,2.453599311411380768e-02
7.402588427066802979e-02,4.422368049621582031e+00,4.593288898468017578e-02
1.908735036849975586e-01,4.078027248382568359e+00,2.661839872598648071e-02
3.036769032478332520e-01,3.999241828918457031e+00,1.986573636531829834e-02
1.897601783275604248e-01,1.791654348373413086e+00,2.075963839888572693e-02
3.773484230041503906e-01,9.805467724800109863e-02,2.688797004520893097e-02
2.452167123556137085e-01,3.049176931381225586e+00,2.804405800998210907e-02
3.510850369930267334e-01,4.474468231201171875e+00,1.359902881085872650e-02
2.139144986867904663e-01,1.758234739303588867e+00,5.198264494538307190e-02
2.773111760616302490e-01,2.377995491027832031e+00,5.347985029220581055e-02
2.437040507793426514e-01,2.578597307205200195e+00,4.678109288215637207e-02
1.528289169073104858e-01,4.727679729461669922e+00,1.204668730497360229e-02
3.717268630862236023e-02,4.451373577117919922e+00,1.033278834074735641e-02
1.827176660299301147e-01,2.699004411697387695e-01,3.205787762999534607e-02
1.285159289836883545e-01,4.121720790863037109e+00,2.538706921041011810e-02
4.182075560092926025e-01,2.576329231262207031e+00,1.319749373942613602e-02
3.107066452503204346e-01,4.105176925659179688e+00,4.381842538714408875e-02
5.122830718755722046e-02,4.279067516326904297e+00,1.252536103129386902e-02
3.008061945438385010e-01,4.417885303497314453e+00,2.229449106380343437e-03
1.226639449596405029e-01,4.639866828918457031e+00,1.538411714136600494e-02
2.510678172111511230e-01,3.706622362136840820e+00,2.218442596495151520e-02
2.705484330654144287e-01,8.111797571182250977e-01,3.638209030032157898e-02
1.495277583599090576e-01,2.472160577774047852e+00,5.873120389878749847e-03
2.848021984100341797e-01,5.658077597618103027e-01,6.613876670598983765e-03
2.187707126140594482e-01,3.058604955673217773e+00,1.701056957244873047e-02
5.814154148101806641e-01,1.920713335275650024e-01,2.684288658201694489e-02
3.190222978591918945e-01,3.991506814956665039e+00,2.208113111555576324e-02
2.490068972110748291e-01,4.466904163360595703e+00,2.759590186178684235e-02
7.532786130905151367e-01,3.709916591644287109e+00,8.356702513992786407e-03
7.791455984115600586e-01,2.790129661560058594e+00,1.746103540062904358e-02
7.161547243595123291e-02,4.337644100189208984e+00,1.458786614239215851e-02
1.646455824375152588e-01,2.147131204605102539e+00,5.798803642392158508e-02
3.927513360977172852e-01,4.301820755004882812e+00,4.998814687132835388e-02
8.532951474189758301e-01,1.710405707359313965e+00,1.139260828495025635e-02
1.643684506416320801e-01,3.939683198928833008e+00,3.537453478202223778e-03
2.997522652149200439e-01,1.950374484062194824e+00,4.184213653206825256e-02
1.547212153673171997e-01,7.939183115959167480e-01,4.655316844582557678e-02
2.286808192729949951e-01,3.294250249862670898e+00,1.175808813422918320e-02
9.425421804189682007e-02,3.428411245346069336e+00,1.883063651621341705e-02
2.590991854667663574e-01,2.485208988189697266e+00,4.654885828495025635e-02
9.275387227535247803e-02,4.031682014465332031e+00,3.487396240234375000e-02
1.616355031728744507e-01,2.854461669921875000e+00,1.320934109389781952e-02
7.081534713506698608e-02,1.014776080846786499e-01,8.327027410268783569e-02
1.666714400053024292e-01,3.976020097732543945e+00,1.484697498381137848e-02
6.399022042751312256e-02,6.604089736938476562e-01,4.059772938489913940e-02
2.742527425289154053e-01,1.473543643951416016e+00,2.714297361671924591e-02
9.751971811056137085e-02,8.640869259834289551e-01,6.145168840885162354e-02
1.156020909547805786e-01,7.763101458549499512e-01,8.515542373061180115e-03
1.098664551973342896e-01,3.659786462783813477e+00,1.242786180227994919e-02
1.392112672328948975e-01,4.734626770019531250e+00,1.314312801696360111e-03
6.023545563220977783e-02,4.739393711090087891e+00,9.760051965713500977e-03
1.536918729543685913e-01,2.988781452178955078e+00,2.648787014186382294e-02
2.248181253671646118e-01,1.850567907094955444e-01,2.551975287497043610e-02
1.779322475194931030e-01,2.332121849060058594e+00,9.870937094092369080e-03
4.554051160812377930e-01,1.942350149154663086e+00,6.792016327381134033e-02
9.354335814714431763e-02,4.639235973358154297e+00,4.916440695524215698e-03
1.272098124027252197e-01,1.822299957275390625e+00,1.169515773653984070e-02
1.912626624107360840e-01,3.657125234603881836e+00,1.941696368157863617e-02
2.350438982248306274e-01,3.892353057861328125e+00,8.651866763830184937e-02
5.791194736957550049e-02,2.830501794815063477e+00,4.418770223855972290e-02
1.356998831033706665e-01,3.909114599227905273e+00,3.582227975130081177e-02
4.513064026832580566e-01,4.676153182983398438e+00,2.362377941608428955e-02
3.980293571949005127e-01,3.670667171478271484e+00,2.223740704357624054e-02
3.466729223728179932e-01,2.492664098739624023e+00,1.676920801401138306e-02
1.911768168210983276e-01,4.082118988037109375e+00,1.621226780116558075e-02
6.813798099756240845e-03,1.815073847770690918e+00,4.170319810509681702e-02
4.858867824077606201e-01,6.724885702133178711e-01,4.156466573476791382e-02
4.493306949734687805e-02,4.504605293273925781e+00,2.321321703493595123e-02
9.416168183088302612e-02,3.803573608398437500e+00,4.541764408349990845e-02
6.028091162443161011e-02,8.365020751953125000e-01,4.967877641320228577e-02
1.359187513589859009e-01,2.538578748703002930e+00,4.002740606665611267e-03
1.847649067640304565e-01,2.635277211666107178e-01,4.233506694436073303e-02
2.995495200157165527e-01,3.994300603866577148e+00,9.019039571285247803e-04
3.655212000012397766e-03,4.164905071258544922e+00,4.999676346778869629e-02
7.235994189977645874e-02,1.819871425628662109e+00,6.305295974016189575e-02
6.861833482980728149e-02,2.520121574401855469e+00,2.625732868909835815e-02
4.045457243919372559e-01,6.643192768096923828e-01,7.486648857593536377e-02
1.990401744842529297e-01,2.755255460739135742e+00,1.818445511162281036e-02
2.996330857276916504e-01,2.442130088806152344e+00,1.663118973374366760e-02
2.749822139739990234e-01,4.202394485473632812e+00,5.989626795053482056e-02
2.465951591730117798e-01,2.980228185653686523e+00,3.269267035648226738e-03
2.470769733190536499e-01,3.624814271926879883e+00,3.560871630907058716e-02
9.669320285320281982e-02,4.405001640319824219e+00,1.602629758417606354e-02
2.372402995824813843e-01,1.971740365028381348e+00,6.146435439586639404e-02
2.413413822650909424e-01,2.483570873737335205e-01,2.444608509540557861e-02
9.061925113201141357e-02,2.155664265155792236e-01,7.395586371421813965e-02
1.122077479958534241e-01,3.044160604476928711e+00,1.001433935016393661e-02
3.805957436561584473e-01,2.459851264953613281e+00,2.442459389567375183e-02
1.234226524829864502e-01,4.264652252197265625e+00,1.022928860038518906e-02
9.952552616596221924e-02,4.763441562652587891e+00,1.530405599623918533e-02
6.383857876062393188e-02,2.938061237335205078e+00,4.155404865741729736e-02
2.985905408859252930e-01,4.503252506256103516e+00,9.193932637572288513e-03
1.396447122097015381e-01,1.240272045135498047e+00,1.354358624666929245e-02
2.154716700315475464e-01,3.526367187500000000e+00,3.185395523905754089e-02
2.971592247486114502e-01,8.608709573745727539e-01,1.859973557293415070e-02
7.798004150390625000e-01,1.272650003433227539e+00,1.124479528516530991e-02
1.109721064567565918e-01,4.369601726531982422e+00,1.461053639650344849e-02
3.465481996536254883e-01,2.600112199783325195e+00,3.528744727373123169e-02
1.215041279792785645e-01,1.898873329162597656e+00,7.852488197386264801e-03
4.291266202926635742e-01,2.235252380371093750e+00,2.092535048723220825e-02
5.136264488101005554e-02,3.028684616088867188e+00,1.305296272039413452e-02
3.002842664718627930e-01,2.008002758026123047e+00,2.670630579814314842e-03
2.224910706281661987e-01,1.692438960075378418e+00,5.027449131011962891e-02
4.816291630268096924e-01,2.566696882247924805e+00,4.999886732548475266e-03
2.175998687744140625e-01,6.869894266128540039e-01,1.290981750935316086e-02
1.578227728605270386e-01,3.164633035659790039e+00,8.131495676934719086e-03
2.829282879829406738e-01,9.005396962165832520e-01,5.182072892785072327e-02
1.532850116491317749e-01,3.461585283279418945e+00,8.124116063117980957e-02
2.330344170331954956e-01,1.621116995811462402e+00,1.331720035523176193e-02
3.192814886569976807e-01,4.549019336700439453e+00,1.206222828477621078e-02
9.715200215578079224e-02,1.780953526496887207e+00,2.175770886242389679e-02
1.634004861116409302e-01,2.416313648223876953e+00,1.240401249378919601e-02
3.215442299842834473e-01,2.718158721923828125e+00,2.139315195381641388e-02
1.259787678718566895e-01,3.123733997344970703e+00,3.146749734878540039e-02
6.287285089492797852e-01,9.786953330039978027e-01,7.554964721202850342e-02
7.433677464723587036e-02,4.352910220623016357e-01,1.549105253070592880e-02
2.395589798688888550e-01,4.223363399505615234e+00,2.875132299959659576e-02
2.355114072561264038e-01,4.491886615753173828e+00,3.044768236577510834e-02
6.108880788087844849e-02,4.715639591217041016e+00,1.126982457935810089e-02
1.880075335502624512e-01,2.617198705673217773e+00,6.510248780250549316e-02
7.783840596675872803e-02,4.739941120147705078e+00,3.383634984493255615e-02
4.560983180999755859e-01,1.346606016159057617e+00,9.088534861803054810e-03
4.370929896831512451e-01,4.591889381408691406e+00,3.676187992095947266e-02
2.139531970024108887e-01,2.499572515487670898e+00,3.473553434014320374e-02
2.106736302375793457e-01,3.216480016708374023e+00,3.743355348706245422e-02
4.399788565933704376e-03,2.530787229537963867e+00,4.130155965685844421e-02
1.237139180302619934e-01,2.528240442276000977e+00,1.645045168697834015e-02
2.240432947874069214e-01,4.806716918945312500e+00,1.804043725132942200e-02
1.395574510097503662e-01,4.552227020263671875e+00,3.940430283546447754e-02
3.296023309230804443e-01,1.076708361506462097e-01,3.897907212376594543e-03
2.530321776866912842e-01,2.340270757675170898e+00,2.618152461946010590e-02
1.523243039846420288e-01,2.776188611984252930e+00,2.488265000283718109e-02
3.417804464697837830e-02,1.331113934516906738e+00,1.438666321337223053e-02
1.336749047040939331e-01,2.613318204879760742e+00,1.640788093209266663e-02
1.409104019403457642e-01,2.731373310089111328e+00,4.171376302838325500e-02
1.245565935969352722e-01,3.882710695266723633e+00,1.188005227595567703e-02
2.119514793157577515e-01,1.511647343635559082e+00,5.810733512043952942e-02
2.151734679937362671e-01,1.738421201705932617e+00,4.875768907368183136e-03
1.218912154436111450e-01,4.486350059509277344e+00,2.133632451295852661e-02
3.075174093246459961e-01,2.999695301055908203e+00,4.610393568873405457e-02
2.720242738723754883e-01,3.783313274383544922e+00,4.764401912689208984e-02
1.260144114494323730e-01,3.220714092254638672e+00,3.478256613016128540e-02
5.825846195220947266e-01,2.308589518070220947e-01,4.746912419795989990e-02
2.541647255420684814e-01,2.555657148361206055e+00,8.467905968427658081e-02
5.155633017420768738e-02,2.728712320327758789e+00,2.157291583716869354e-02
4.223912209272384644e-02,4.987728595733642578e-01,7.157188653945922852e-02
3.220977783203125000e-01,2.549715757369995117e+00,1.449108589440584183e-02
9.944269806146621704e-02,3.023896932601928711e+00,5.209860578179359436e-02
9.409175515174865723e-01,2.205790281295776367e+00,2.598806470632553101e-02
1.390566527843475342e-01,4.666439056396484375e+00,1.195939444005489349e-02
1.739165335893630981e-01,4.556019783020019531e+00,1.367452554404735565e-02
7.685551792383193970e-02,2.530951261520385742e+00,7.984350435435771942e-03
1.231222301721572876e-01,4.026242256164550781e+00,6.100563332438468933e-02
6.342787742614746094e-01,7.468628883361816406e-01,5.005938466638326645e-03
2.463748306035995483e-02,8.364072442054748535e-02,7.305652834475040436e-03
3.567744493484497070e-01,8.989825844764709473e-01,1.161832828074693680e-02
3.095339834690093994e-01,2.487326860427856445e+00,2.448644861578941345e-02
3.681972622871398926e-01,8.780081868171691895e-01,1.550274621695280075e-02
2.031246870756149292e-01,2.595543622970581055e+00,5.960366874933242798e-02
2.689453661441802979e-01,3.949469566345214844e+00,1.384141761809587479e-02
3.729967176914215088e-01,3.766401052474975586e+00,3.498074412345886230e-02
2.859111130237579346e-02,6.660985350608825684e-01,1.653723046183586121e-02
1.544326394796371460e-01,4.117204666137695312e+00,7.737689465284347534e-02
2.794218659400939941e-01,2.382221698760986328e+00,2.403998374938964844e-02
1.116789281368255615e-01,3.896846532821655273e+00,5.064981803297996521e-02
3.270166814327239990e-01,4.579678058624267578e+00,5.770236253738403320e-03
1.750668287277221680e-01,4.680906295776367188e+00,2.053315006196498871e-02
2.495073229074478149e-01,3.685524225234985352e+00,3.605456650257110596e-02
1.995845437049865723e-01,3.210800647735595703e+00,1.956031424924731255e-03
6.954094767570495605e-02,1.819734454154968262e+00,2.016833610832691193e-02
4.147036746144294739e-02,1.680721521377563477e+00,7.310422603040933609e-03
1.146702934056520462e-02,3.724368572235107422e+00,9.470683522522449493e-03
2.801876068115234375e-01,4.754191398620605469e+00,4.501113668084144592e-02
3.942733407020568848e-01,1.579747557640075684e+00,2.265099622309207916e-02
2.288676947355270386e-01,2.450274229049682617e+00,1.291930582374334335e-02
3.103635311126708984e-01,2.952806711196899414e+00,1.967622432857751846e-03
3.089399635791778564e-01,2.376606941223144531e+00,1.646445319056510925e-02
4.878203570842742920e-01,3.642711639404296875e+00,1.742759533226490021e-02
3.696564733982086182e-01,8.727940320968627930e-01,4.480680450797080994e-02
1.878847628831863403e-01,4.607115268707275391e+00,6.426417827606201172e-02
3.714792728424072266e-01,2.950102090835571289e-01,1.747021451592445374e-02
2.362253069877624512e-01,4.588053703308105469e+00,2.333615557290613651e-04
2.033262848854064941e-01,5.650080442428588867e-01,1.585150696337223053e-02
5.855006352066993713e-02,7.210990786552429199e-01,1.248643267899751663e-02
2.980360947549343109e-02,3.081569671630859375e-01,7.812134176492691040e-02
8.306681364774703979e-02,9.864937067031860352e-01,1.902081258594989777e-02
3.796281516551971436e-01,3.313964128494262695e+00,2.972887642681598663e-02
2.704686224460601807e-01,2.384469270706176758e+00,2.215570397675037384e-02
3.320183157920837402e-01,2.572212696075439453e+00,1.508623454719781876e-02
5.295573920011520386e-02,2.925307273864746094e+00,1.848756894469261169e-02
1.594076007604598999e-01,1.702190399169921875e+00,2.564233168959617615e-02
1.108727604150772095e-01,7.080383896827697754e-01,1.891869865357875824e-02
1.853239387273788452e-01,6.903909444808959961e-01,4.691080190241336823e-03
2.457020431756973267e-01,3.215044438838958740e-01,3.876955807209014893e-02
2.290657609701156616e-01,2.010990619659423828e+00,9.515458717942237854e-03
5.616161227226257324e-01,6.778137087821960449e-01,2.145885117352008820e-02
2.525703310966491699e-01,2.572176694869995117e+00,2.363711409270763397e-02
1.107204258441925049e-01,2.272804737091064453e+00,1.844807714223861694e-02
2.401480823755264282e-01,4.482314109802246094e+00,4.813571646809577942e-02
4.828843474388122559e-01,2.512781620025634766e+00,4.898884519934654236e-02
2.541584149003028870e-02,4.700976371765136719e+00,4.440762475132942200e-02
2.320344597101211548e-01,2.645202636718750000e+00,6.542544811964035034e-02
2.291129827499389648e-01,7.278544306755065918e-01,9.273172356188297272e-03
2.249463945627212524e-01,6.375622749328613281e-01,7.340754568576812744e-02
2.091078311204910278e-01,7.999706268310546875e-01,6.624298542737960815e-02
5.059606581926345825e-02,2.550939798355102539e+00,5.848850682377815247e-02
1.107524856925010681e-01,2.927016735076904297e+00,6.000576913356781006e-02
2.031840682029724121e-01,4.701466083526611328e+00,6.237523630261421204e-03
1.826563477516174316e-01,5.632078647613525391e-01,3.544808179140090942e-02
2.430436760187149048e-01,2.397787570953369141e+00,1.685762777924537659e-02
4.739740863442420959e-02,3.503525733947753906e+00,1.183522585779428482e-02
2.214625477790832520e-01,3.742721796035766602e+00,3.529498726129531860e-02
3.403523266315460205e-01,9.125893115997314453e-01,1.189154013991355896e-02
4.974050074815750122e-02,3.043568134307861328e+00,1.906887069344520569e-02
1.049852743744850159e-01,7.237703204154968262e-01,7.467169314622879028e-02
2.559354603290557861e-01,4.024881362915039062e+00,1.966483891010284424e-02
6.098248437047004700e-02,2.013661384582519531e+00,2.001365087926387787e-02
3.165511786937713623e-02,3.818814516067504883e+00,1.706375554203987122e-02
1.990644931793212891e-01,2.098892927169799805e+00,9.843343868851661682e-03
5.781063344329595566e-03,7.224106788635253906e-01,1.036258600652217865e-02
1.151490285992622375e-01,3.194262027740478516e+00,6.144179031252861023e-03
3.474851250648498535e-01,2.822024106979370117e+00,3.297167830169200897e-03
3.771318495273590088e-02,1.791598320007324219e+00,1.981460116803646088e-02
1.380530595779418945e-01,2.765546321868896484e+00,2.708317153155803680e-02
3.043591976165771484e-01,1.900514721870422363e+00,7.998813688755035400e-02
2.608903050422668457e-01,2.104345798492431641e+00,1.009881123900413513e-02
3.993875682353973389e-01,3.333267688751220703e+00,1.196370273828506470e-02
8.190022408962249756e-02,3.633193969726562500e+00,1.197970472276210785e-02
4.117479622364044189e-01,4.361810207366943359e+00,1.963914372026920319e-02
6.133406236767768860e-02,3.328478574752807617e+00,1.266727503389120102e-02
7.590765506029129028e-02,4.136435508728027344e+00,4.696927033364772797e-03
1.036828234791755676e-01,1.832293272018432617e+00,3.692836314439773560e-02
1.089875400066375732e-01,2.887537717819213867e+00,1.226317510008811951e-02
2.395432889461517334e-01,2.921047210693359375e+00,5.167804192751646042e-03
1.214792206883430481e-01,2.598545551300048828e+00,8.105867356061935425e-02
1.023644506931304932e-01,3.908947467803955078e+00,1.597793214023113251e-02
8.404625207185745239e-02,4.478094100952148438e+00,1.495565474033355713e-02
1.613565683364868164e-01,3.539532899856567383e+00,1.568810269236564636e-02
3.099237084388732910e-01,2.282629251480102539e+00,7.212498039007186890e-02
1.381148695945739746e-01,3.080799818038940430e+00,4.052095115184783936e-02
1.121862977743148804e-01,6.618908047676086426e-01,1.382777467370033264e-02
3.226786553859710693e-01,8.470119237899780273e-01,5.707382410764694214e-02
3.665591478347778320e-01,2.785358428955078125e-01,6.247545033693313599e-02
3.571130633354187012e-01,2.397412300109863281e+00,5.778134800493717194e-03
5.207150429487228394e-02,4.484465122222900391e+00,1.290397066622972488e-02
2.383881807327270508e-01,2.731875419616699219e+00,3.040511347353458405e-02
1.429380178451538086e-01,4.587390422821044922e+00,1.438953448086977005e-02
2.430869638919830322e-01,4.320219516754150391e+00,8.356035687029361725e-03
1.267066895961761475e-01,3.059509754180908203e+00,1.919955201447010040e-02
5.565739274024963379e-01,3.891268253326416016e+00,4.590339586138725281e-02
2.835452556610107422e-01,6.453132629394531250e-02,3.994144499301910400e-02
4.248237609863281250e-02,2.647805213928222656e+00,2.794650755822658539e-02
1.364458799362182617e-01,2.619469642639160156e+00,1.581821963191032410e-02
3.308118879795074463e-01,2.786888837814331055e+00,5.362402275204658508e-02
3.488814234733581543e-01,2.180512189865112305e+00,2.396735921502113342e-02
5.727297067642211914e-02,2.912713766098022461e+00,5.925254896283149719e-02
9.115269780158996582e-02,7.542325854301452637e-01,4.635770991444587708e-02
3.758623003959655762e-01,4.406619071960449219e+00,2.904925681650638580e-02
2.085591554641723633e-01,6.396427154541015625e-01,6.966329645365476608e-03
1.898250132799148560e-01,4.846327304840087891e+00,1.716217771172523499e-02
2.866050899028778076e-01,2.547400236129760742e+00,2.150265127420425415e-02
2.026712149381637573e-01,2.637923955917358398e+00,4.509360715746879578e-02
1.294618248939514160e-01,8.002346754074096680e-01,5.485463142395019531e-02
1.989756524562835693e-01,3.073626518249511719e+00,4.188450053334236145e-02
3.064297139644622803e-01,2.251621782779693604e-01,1.705283112823963165e-02
1.272626966238021851e-01,1.006629765033721924e-01,3.638952970504760742e-02
1.125550493597984314e-01,3.722781896591186523e+00,2.409137412905693054e-02
9.176580235362052917e-03,4.141170978546142578e+00,2.638775482773780823e-02
8.823680877685546875e-02,2.753319501876831055e+00,2.103874832391738892e-02
3.781104981899261475e-01,1.550515145063400269e-01,5.118331685662269592e-02
3.753551840782165527e-01,1.590888261795043945e+00,4.883636534214019775e-02
2.634721696376800537e-01,3.578507304191589355e-01,8.446416258811950684e-02
4.100214242935180664e-01,2.325637102127075195e+00,1.573313400149345398e-02
1.959394216537475586e-01,3.791998624801635742e+00,5.668434128165245056e-02
5.653450638055801392e-02,3.088563919067382812e+00,7.055725157260894775e-02
3.547506639733910561e-03,4.329947471618652344e+00,6.495113670825958252e-02
1.782930493354797363e-01,2.359020560979843140e-01,2.341642044484615326e-02
2.538136541843414307e-01,3.443674743175506592e-01,1.741861924529075623e-02
4.044625759124755859e-01,3.429360389709472656e-01,1.705108769237995148e-02
1.718153804540634155e-01,4.702001571655273438e+00,6.107630953192710876e-02
2.228071391582489014e-01,2.960253477096557617e+00,6.459601689130067825e-03
6.439005490392446518e-03,2.457715988159179688e+00,2.101290039718151093e-02
7.101711630821228027e-02,1.953252196311950684e+00,5.456065014004707336e-02
3.533863723278045654e-01,2.839697599411010742e+00,1.337777171283960342e-02
1.885756254196166992e-01,8.390493392944335938e-01,6.426233798265457153e-02
3.092650175094604492e-01,4.368084430694580078e+00,4.340576007962226868e-02
4.206471741199493408e-01,3.060635328292846680e+00,3.092784201726317406e-03
7.375365495681762695e-02,2.662929773330688477e+00,3.061354719102382660e-02
8.253668248653411865e-02,2.376255035400390625e+00,5.509194359183311462e-02
3.226583003997802734e-01,7.913500070571899414e-01,1.984927244484424591e-02
1.924673914909362793e-01,2.522678136825561523e+00,2.757276967167854309e-02
5.337927117943763733e-02,1.622202992439270020e+00,1.464012917131185532e-02
1.860041022300720215e-01,4.611694812774658203e+00,3.336567431688308716e-02
9.751750528812408447e-02,2.549221992492675781e+00,9.727996774017810822e-03
1.883559376001358032e-01,3.049388170242309570e+00,4.701322317123413086e-02
1.763333827257156372e-01,2.570701599121093750e+00,9.371954016387462616e-03
1.982577443122863770e-01,2.234358549118041992e+00,6.764058768749237061e-02
8.694890886545181274e-02,7.252721786499023438e-01,4.728941246867179871e-02
8.674969524145126343e-02,7.299158573150634766e-01,2.653828635811805725e-02
2.108405530452728271e-01,8.487810492515563965e-01,2.473278529942035675e-02
4.829466715455055237e-02,5.496102571487426758e-01,5.043866485357284546e-02
1.106118261814117432e-01,3.634431600570678711e+00,1.173464953899383545e-02
7.454416900873184204e-02,2.755228042602539062e+00,1.319026201963424683e-02
8.012509346008300781e-02,4.370945930480957031e+00,3.711212798953056335e-02
6.350254267454147339e-02,4.453993797302246094e+00,6.879191100597381592e-02
1.022760570049285889e-01,4.229944705963134766e+00,3.471517190337181091e-02
3.868132457137107849e-02,2.614189624786376953e+00,4.353152215480804443e-02
1.850494593381881714e-01,3.149882793426513672e+00,4.385007172822952271e-02
3.183669149875640869e-01,2.496613979339599609e+00,3.929003328084945679e-02
2.236770093441009521e-01,2.706338882446289062e+00,2.527592889964580536e-02
2.378925830125808716e-01,3.979737997055053711e+00,7.761707995086908340e-03
1.122235059738159180e-01,2.719643115997314453e+00,4.543662071228027344e-02
1.163510233163833618e-01,2.418585538864135742e+00,2.318172715604305267e-02
1.712325066328048706e-01,1.963103771209716797e+00,1.621970534324645996e-02
3.168413341045379639e-01,4.614412307739257812e+00,3.861656785011291504e-02
2.366602122783660889e-01,4.362850189208984375e+00,1.059312745928764343e-02
2.888276875019073486e-01,2.661860227584838867e+00,1.518445182591676712e-02
1.915146261453628540e-01,4.344167232513427734e+00,3.902851417660713196e-02
3.538122773170471191e-01,1.979142308235168457e+00,1.421777065843343735e-02
1.707817427814006805e-02,2.517013072967529297e+00,3.326658625155687332e-03
2.554559111595153809e-01,5.504999756813049316e-01,1.130546908825635910e-03
1.455470174551010132e-01,4.197958946228027344e+00,1.017507631331682205e-02
8.009161800146102905e-02,2.467604160308837891e+00,8.418915793299674988e-03
2.567847669124603271e-01,1.966264247894287109e+00,1.067082863301038742e-02
1.497474312782287598e-01,4.516680717468261719e+00,8.343183249235153198e-02
1.763382554054260254e-01,3.552042484283447266e+00,8.661329746246337891e-02
3.171793818473815918e-01,2.241339683532714844e+00,1.308681350201368332e-02
3.393171727657318115e-01,2.902184247970581055e+00,1.833108812570571899e-02
6.643524765968322754e-02,1.801506400108337402e+00,2.242681337520480156e-03
8.266545832157135010e-02,2.917312145233154297e+00,3.976188600063323975e-02
1.211368963122367859e-01,1.750608205795288086e+00,5.290844943374395370e-03
1.531793177127838135e-01,2.775057077407836914e+00,5.574053525924682617e-02
1.576793491840362549e-01,8.318660855293273926e-01,8.853019215166568756e-03
8.680158108472824097e-02,6.500397324562072754e-01,4.549657925963401794e-02
1.778384596109390259e-01,3.458224534988403320e+00,5.005210265517234802e-02
1.830169185996055603e-02,7.687681317329406738e-01,4.050407558679580688e-02
1.970010250806808472e-01,2.580263137817382812e+00,8.395066484808921814e-03
1.858101785182952881e-01,2.952712059020996094e+00,5.958966910839080811e-02
1.017443686723709106e-01,3.815232515335083008e+00,1.253720838576555252e-02
2.750681340694427490e-01,1.542750120162963867e+00,3.305958583950996399e-02
1.970227509737014771e-01,2.217483282089233398e+00,2.850293368101119995e-02
2.158598043024539948e-03,3.323912382125854492e+00,2.980442531406879425e-02
4.424590617418289185e-03,4.314230442047119141e+00,9.510586038231849670e-03
2.195502519607543945e-01,4.708180904388427734e+00,9.237537533044815063e-02
1.987753063440322876e-01,1.341185212135314941e+00,6.875908467918634415e-03
8.621309995651245117e-01,3.618174791336059570e+00,3.494120016694068909e-02
1.033002957701683044e-01,1.709129452705383301e+00,1.727147400379180908e-02
5.010389536619186401e-02,1.291429519653320312e+00,4.869358148425817490e-03
2.366949915885925293e-01,3.405297040939331055e+00,7.288496941328048706e-02
7.030369341373443604e-02,3.595170497894287109e+00,8.413889445364475250e-03
3.210778534412384033e-01,2.405882835388183594e+00,2.782038971781730652e-02
2.767633199691772461e-01,6.301880478858947754e-01,4.925365000963211060e-02
2.721276879310607910e-01,1.947405457496643066e+00,5.706854164600372314e-02
2.530971765518188477e-01,2.885076522827148438e+00,1.286278571933507919e-02
7.066850364208221436e-02,8.827343583106994629e-02,3.883823379874229431e-02
2.092187851667404175e-01,3.699593067169189453e+00,1.243555545806884766e-02
1.261385977268218994e-01,2.042712688446044922e+00,1.264814473688602448e-02
3.806141912937164307e-01,4.095895290374755859e+00,5.444555729627609253e-02
7.106202095746994019e-02,4.859916687011718750e+00,2.728381194174289703e-03
1.403690427541732788e-01,2.208840847015380859e+00,4.182613641023635864e-02
3.926778435707092285e-01,1.874320507049560547e+00,3.860923275351524353e-02
1.597430855035781860e-01,4.301876068115234375e+00,2.131021767854690552e-02
1.795197725296020508e-01,1.819873571395874023e+00,5.026300251483917236e-02
1.466047912836074829e-01,2.406975984573364258e+00,9.415087290108203888e-03
2.315902113914489746e-01,8.446938395500183105e-01,1.625704206526279449e-02
8.344101905822753906e-02,1.941911220550537109e+00,5.014847591519355774e-02
2.399971634149551392e-01,2.457998514175415039e+00,2.574157342314720154e-02
1.914158612489700317e-01,3.348338365554809570e+00,1.117006875574588776e-03
2.071778029203414917e-01,1.580844879150390625e+00,6.449292879551649094e-03
2.458825707435607910e-01,4.318800449371337891e+00,4.560725763440132141e-02
2.131304293870925903e-01,4.531859874725341797e+00,3.125223889946937561e-02
1.293753981590270996e-01,3.952174663543701172e+00,2.198183722794055939e-02
7.343564927577972412e-02,3.278559446334838867e+00,1.993897557258605957e-02
2.199344635009765625e-01,3.008416891098022461e+00,2.116753347218036652e-02
2.606107294559478760e-01,3.049215316772460938e+00,1.598275266587734222e-02
1.844096928834915161e-01,2.437425136566162109e+00,5.901431664824485779e-03
1.947919726371765137e-01,6.928730607032775879e-01,5.131035670638084412e-02
1.459170430898666382e-01,1.804012537002563477e+00,6.413391232490539551e-02
8.876027911901473999e-02,1.127562895417213440e-01,1.413237582892179489e-02
1.444109380245208740e-01,4.629185199737548828e+00,1.279190555214881897e-02
2.026430964469909668e-01,2.423215150833129883e+00,1.727742329239845276e-02
9.602581858634948730e-01,4.807705879211425781e+00,1.530995406210422516e-02
3.670442402362823486e-01,4.296509265899658203e+00,1.095599122345447540e-02
1.168881654739379883e-01,3.997451543807983398e+00,2.669579163193702698e-02
2.796324193477630615e-01,1.735077023506164551e+00,2.780643850564956665e-02
1.236555725336074829e-01,3.576908588409423828e+00,9.487763047218322754e-03
3.122692406177520752e-01,1.979245543479919434e+00,5.815728753805160522e-02
1.238036975264549255e-01,2.709754467010498047e+00,9.212088771164417267e-03
4.031898379325866699e-01,3.098063945770263672e+00,4.741517081856727600e-02
3.577497005462646484e-01,4.707128524780273438e+00,1.603532396256923676e-02
2.997070550918579102e-01,4.287272930145263672e+00,8.303516544401645660e-03
1.746550053358078003e-01,3.670815944671630859e+00,7.620818912982940674e-03
6.656381487846374512e-02,2.867790222167968750e+00,2.306104451417922974e-02
9.405590593814849854e-02,4.636214733123779297e+00,4.683509841561317444e-02
8.212492614984512329e-02,1.631804823875427246e+00,1.446718536317348480e-02
2.480326443910598755e-01,2.949404418468475342e-01,2.657618746161460876e-02
4.106763005256652832e-01,1.011946082115173340e+00,9.851139970123767853e-03
1.557679772377014160e-01,1.758889079093933105e+00,5.326946824789047241e-02
3.223832845687866211e-01,2.849222421646118164e+00,6.044587492942810059e-02
1.549500674009323120e-01,2.992608785629272461e+00,5.316176265478134155e-02
1.400529742240905762e-01,3.014807462692260742e+00,5.457023903727531433e-02
1.785544008016586304e-01,3.951781272888183594e+00,6.570640485733747482e-03
1.175437644124031067e-01,4.704640388488769531e+00,1.482009980827569962e-02
1.595360338687896729e-01,4.390441894531250000e+00,1.254618354141712189e-02
5.107866600155830383e-02,7.001281380653381348e-01,5.996109452098608017e-03
1.683796644210815430e-01,3.618842363357543945e+00,6.327637005597352982e-03
1.102424189448356628e-01,6.061936020851135254e-01,7.989837788045406342e-03
2.708292566239833832e-02,1.463085174560546875e+00,2.275454578921198845e-03
1.658086180686950684e-01,2.128149032592773438e+00,2.169852145016193390e-02
3.154844939708709717e-01,1.551714062690734863e+00,1.309091597795486450e-02
9.326069056987762451e-02,1.699985027313232422e+00,2.049873583018779755e-02
1.178845297545194626e-02,2.528745651245117188e+00,5.984061956405639648e-02
2.371398359537124634e-01,1.908018946647644043e+00,4.575640335679054260e-02
2.385203391313552856e-01,2.445800781250000000e+00,2.002754947170615196e-03
2.897543609142303467e-01,3.023464679718017578e+00,5.885660275816917419e-02
3.664479553699493408e-01,4.678738594055175781e+00,1.134357694536447525e-02
2.062220722436904907e-01,1.707088112831115723e+00,6.040012463927268982e-03
2.630783915519714355e-01,8.180254101753234863e-01,3.782375156879425049e-02
3.765957653522491455e-01,2.540953159332275391e+00,9.177724830806255341e-03
4.440756514668464661e-03,2.410963296890258789e+00,1.360759418457746506e-02
2.224744409322738647e-01,6.482515335083007812e-01,1.857039891183376312e-02
3.386413753032684326e-01,4.384445667266845703e+00,1.840766146779060364e-02
8.563250303268432617e-02,3.996519565582275391e+00,1.244868501089513302e-03
3.771710097789764404e-01,3.560992002487182617e+00,3.593650087714195251e-02
2.478802204132080078e-02,9.386948943138122559e-01,7.864432781934738159e-02
2.497719526290893555e-01,1.986008048057556152e+00,3.700745105743408203e-02
1.364652626216411591e-02,3.761037349700927734e+00,3.650708124041557312e-02
1.716782450675964355e-01,1.016606330871582031e+00,8.644676208496093750e-02
1.662490367889404297e-01,3.185032367706298828e+00,1.196087226271629333e-01
9.544543921947479248e-02,1.592102527618408203e+00,4.744019731879234314e-02
2.419675141572952271e-01,4.770617961883544922e+00,4.460559785366058350e-02
2.154168486595153809e-01,4.674680709838867188e+00,1.369873341172933578e-02
9.856706112623214722e-02,2.459478855133056641e+00,2.758979797363281250e-02
2.809863165020942688e-02,1.324643194675445557e-01,3.668587282299995422e-02
2.741641104221343994e-01,5.579075813293457031e-01,1.007003802806138992e-02
1.305409818887710571e-01,3.067767143249511719e+00,4.188214242458343506e-02
1.054551601409912109e-01,6.685985326766967773e-01,4.151296988129615784e-02
2.032083570957183838e-01,2.465830564498901367e+00,5.354134738445281982e-02
3.466558158397674561e-01,4.407750606536865234e+00,1.294315513223409653e-02
1.845429539680480957e-01,3.624645471572875977e+00,1.846377179026603699e-02
8.589824289083480835e-02,4.115594387054443359e+00,1.033945567905902863e-02
2.046471089124679565e-02,2.762037515640258789e+00,1.323062554001808167e-02
1.045344546437263489e-01,8.299924135208129883e-01,6.328211724758148193e-02
5.881369486451148987e-02,4.607001304626464844e+00,3.600871190428733826e-02
2.022558599710464478e-01,4.468342781066894531e+00,4.800837114453315735e-02
1.887551099061965942e-01,3.291185140609741211e+00,2.005139924585819244e-02
1.348161697387695312e-01,4.290473937988281250e+00,6.995235383510589600e-02
1.422216594219207764e-01,3.018278598785400391e+00,1.660908572375774384e-02
3.593958318233489990e-01,4.480742931365966797e+00,1.480620075017213821e-02
8.499200642108917236e-02,2.725769996643066406e+00,4.964200407266616821e-02
1.798575967550277710e-01,3.229595661163330078e+00,4.189024493098258972e-02
2.453342527151107788e-01,1.702695369720458984e+00,7.858734577894210815e-02
9.585978090763092041e-02,3.247344493865966797e+00,2.427067793905735016e-02
2.849107682704925537e-01,7.744583487510681152e-01,3.068114630877971649e-03
1.610477417707443237e-01,4.480630874633789062e+00,2.331169135868549347e-02
1.910427659749984741e-01,1.864032030105590820e+00,1.234954502433538437e-02
4.734926521778106689e-01,4.273198127746582031e+00,1.630715094506740570e-02
2.434537410736083984e-01,2.317172527313232422e+00,1.902229967527091503e-03
2.250733971595764160e-01,2.253539800643920898e+00,1.031355466693639755e-02
2.072277963161468506e-01,2.744949817657470703e+00,4.847765900194644928e-03
2.770555019378662109e-01,3.789032459259033203e+00,5.794341862201690674e-02
1.897230148315429688e-01,4.125703811645507812e+00,3.265241160988807678e-02
1.904795020818710327e-01,3.118259668350219727e+00,2.582727745175361633e-02
1.053054183721542358e-01,4.869886875152587891e+00,1.979962550103664398e-02
2.059921771287918091e-01,7.732050418853759766e-01,4.298955574631690979e-02
1.216170489788055420e-01,1.880110353231430054e-01,5.363782122731208801e-02
1.234801262617111206e-01,1.376231312751770020e+00,2.212067507207393646e-02
1.396574974060058594e-01,8.215699195861816406e-01,6.844878941774368286e-02
1.373948454856872559e-01,4.365709781646728516e+00,2.821212867274880409e-03
1.349287852644920349e-02,1.888109087944030762e+00,3.339814022183418274e-02
3.476880490779876709e-01,2.188436508178710938e+00,1.470167562365531921e-02
1.136485412716865540e-01,4.245536804199218750e+00,5.507168546319007874e-02
2.257807552814483643e-01,2.068360805511474609e+00,1.171998120844364166e-02
1.304084062576293945e-01,2.518946409225463867e+00,4.406994674354791641e-03
1.093163192272186279e-01,3.115432739257812500e+00,1.203627604991197586e-02
3.608621358871459961e-01,4.467345714569091797e+00,1.540863234549760818e-02
6.509111076593399048e-02,3.419259309768676758e+00,2.131242305040359497e-02
1.563738584518432617e-01,1.637842297554016113e+00,1.658564619719982147e-02
9.070847183465957642e-02,2.736999034881591797e+00,5.295476317405700684e-02
2.160315066576004028e-01,2.514821290969848633e+00,4.917163774371147156e-02
5.248370766639709473e-02,4.395961761474609375e+00,5.370105803012847900e-02
2.006049752235412598e-01,2.130488872528076172e+00,1.171577535569667816e-02
6.664596199989318848e-01,6.162953972816467285e-01,3.001183457672595978e-02
5.899718776345252991e-02,1.929786443710327148e+00,2.155209332704544067e-02
3.877245783805847168e-01,2.503859519958496094e+00,5.178523808717727661e-02
1.813437193632125854e-01,2.991149187088012695e+00,1.465238723903894424e-02
4.228672385215759277e-02,2.143652200698852539e+00,1.321472600102424622e-02
6.705021858215332031e-02,1.978295445442199707e+00,7.837409153580665588e-03
1.213962137699127197e-01,2.678453683853149414e+00,6.873272359371185303e-02
2.169796377420425415e-01,5.675786137580871582e-01,1.889761909842491150e-02
2.537934482097625732e-01,2.749420881271362305e+00,2.460723184049129486e-02
4.603113234043121338e-01,2.291136264801025391e+00,3.275955095887184143e-02
1.688583195209503174e-01,2.674772024154663086e+00,2.219791524112224579e-02
1.370463073253631592e-01,4.640873908996582031e+00,6.760489195585250854e-02
4.060814380645751953e-01,3.132163584232330322e-01,3.196494281291961670e-02
1.954216882586479187e-02,2.432593345642089844e+00,1.312707457691431046e-02
2.770134806632995605e-01,3.519337177276611328e+00,1.071934774518013000e-02
4.524755105376243591e-02,2.150320708751678467e-01,1.699846587143838406e-03
3.351259231567382812e-01,4.847790241241455078e+00,1.419212669134140015e-02
1.861807145178318024e-02,3.813815116882324219e+00,7.251071929931640625e-02
2.680923044681549072e-01,3.829922199249267578e+00,1.224230043590068817e-02
3.050271868705749512e-01,3.354035377502441406e+00,1.005147211253643036e-02
2.853823304176330566e-01,2.611743211746215820e+00,4.422442615032196045e-02
2.442629635334014893e-01,2.970329761505126953e+00,6.972002238035202026e-02
5.440281704068183899e-02,9.876108765602111816e-01,3.902338445186614990e-02
7.041838020086288452e-02,2.535125255584716797e+00,5.961592774838209152e-03
2.472905218601226807e-01,8.291911482810974121e-01,1.004316285252571106e-02
7.793184369802474976e-02,3.540928602218627930e+00,1.410514116287231445e-02
3.023630380630493164e-01,3.048597812652587891e+00,3.215614333748817444e-02
2.398054897785186768e-01,2.461425542831420898e+00,2.091375924646854401e-02
1.108225733041763306e-01,1.773696899414062500e+00,3.912124410271644592e-02
8.551119267940521240e-02,2.335793256759643555e+00,7.241183426231145859e-03
1.052614077925682068e-01,7.237113118171691895e-01,1.686439849436283112e-02
1.309085488319396973e-01,1.955581784248352051e+00,1.844720542430877686e-02
7.539741694927215576e-02,3.301856994628906250e+00,4.993480816483497620e-02
3.556831181049346924e-01,2.720349311828613281e+00,2.580876275897026062e-02
1.487300544977188110e-01,2.978526592254638672e+00,2.009735256433486938e-02
2.814232707023620605e-01,2.888928174972534180e+00,9.303945116698741913e-03
6.927917897701263428e-02,8.192226886749267578e-01,3.716321289539337158e-02
7.266108691692352295e-02,2.698245525360107422e+00,3.566882759332656860e-02
2.808281183242797852e-01,2.519268751144409180e+00,1.877637393772602081e-02
1.618690043687820435e-01,1.183213710784912109e+00,1.926597021520137787e-02
2.215812355279922485e-01,4.062623023986816406e+00,2.968476898968219757e-02
1.861368864774703979e-01,1.290239691734313965e+00,7.235439028590917587e-03
4.606829583644866943e-02,3.569481849670410156e+00,1.013302011415362358e-03
2.738873958587646484e-01,4.497094154357910156e+00,2.516524866223335266e-02
3.660524189472198486e-01,1.423261165618896484e+00,9.021603618748486042e-04
3.560967147350311279e-01,4.521997869014739990e-01,7.364326622337102890e-03
2.505751252174377441e-01,8.190435171127319336e-01,3.797238692641258240e-02
8.978690207004547119e-02,1.521068334579467773e+00,6.735481321811676025e-03
9.117940068244934082e-02,8.238331079483032227e-01,1.883658580482006073e-02
2.305478304624557495e-01,6.812208145856857300e-02,2.910356968641281128e-02
2.764287032186985016e-02,1.825147747993469238e+00,1.714002154767513275e-02
2.096808701753616333e-01,4.794257640838623047e+00,3.703888878226280212e-02
2.160048782825469971e-01,4.414910793304443359e+00,1.402697805315256119e-02
3.134799301624298096e-01,3.782252788543701172e+00,7.951474748551845551e-03
1.424724459648132324e-01,4.472251892089843750e+00,2.525136061012744904e-02
3.122057318687438965e-01,1.916201353073120117e+00,2.342667989432811737e-02
2.007585316896438599e-01,2.387820720672607422e+00,1.825395040214061737e-02
2.208324819803237915e-01,4.529430866241455078e+00,2.577793784439563751e-02
1.694831997156143188e-01,3.675722837448120117e+00,8.741344511508941650e-02
2.849635481834411621e-01,1.782059311866760254e+00,1.048762723803520203e-02
1.780373156070709229e-01,6.769104003906250000e-01,2.820074371993541718e-02
1.079818829894065857e-01,6.798424124717712402e-01,1.420659013092517853e-02
3.063412941992282867e-02,4.373293876647949219e+00,1.371499150991439819e-02
2.159298211336135864e-01,1.919470071792602539e+00,7.677133660763502121e-03
1.872957646846771240e-01,7.166970968246459961e-01,2.466770075261592865e-02
2.421330213546752930e-01,3.092725992202758789e+00,1.271969173103570938e-02
7.477702945470809937e-02,8.357880711555480957e-01,3.533355519175529480e-02
3.127993643283843994e-01,4.467388153076171875e+00,5.871371552348136902e-02
3.741132318973541260e-01,1.168641448020935059e+00,4.241374507546424866e-02
4.308129847049713135e-01,1.017369270324707031e+00,1.688809320330619812e-02
1.058045998215675354e-01,4.363156318664550781e+00,3.875427693128585815e-02
2.923428416252136230e-01,3.771163463592529297e+00,1.034201961010694504e-02
8.107067644596099854e-02,3.076448678970336914e+00,2.547123469412326813e-02
7.446911185979843140e-02,3.853887319564819336e+00,5.318484082818031311e-02
6.927151232957839966e-02,2.517969369888305664e+00,4.991008713841438293e-02
1.733002513647079468e-01,1.031694173812866211e+00,3.516435623168945312e-02
8.088469505310058594e-02,4.590351104736328125e+00,5.572735518217086792e-02
3.268217146396636963e-01,2.693586826324462891e+00,2.846103161573410034e-02
2.229342907667160034e-01,2.880535364151000977e+00,4.424565657973289490e-02
5.459770560264587402e-01,3.841427087783813477e+00,1.924386597238481045e-03
5.726943016052246094e-01,1.851749062538146973e+00,2.089750207960605621e-02
2.166523933410644531e-01,4.451539039611816406e+00,1.302218995988368988e-02
1.940901130437850952e-01,2.375512838363647461e+00,3.496166318655014038e-03
2.360944300889968872e-01,2.673642396926879883e+00,3.496699780225753784e-02
2.404699623584747314e-01,7.719398736953735352e-01,1.210223231464624405e-02
7.834967970848083496e-02,2.939317941665649414e+00,1.657954417169094086e-02
7.943923771381378174e-02,9.431842565536499023e-01,7.600031793117523193e-02
2.895730137825012207e-01,2.936155080795288086e+00,1.863681711256504059e-02
1.830563247203826904e-01,2.526302337646484375e+00,1.673104800283908844e-02
2.082839757204055786e-01,3.922393560409545898e+00,3.379741916432976723e-03
2.418347150087356567e-01,2.689746379852294922e+00,5.119116604328155518e-02
2.094918191432952881e-01,2.717007160186767578e+00,1.253746449947357178e-02
6.901150941848754883e-02,2.725057840347290039e+00,7.903314381837844849e-02
1.713814139366149902e-01,2.519695043563842773e+00,2.000857330858707428e-02
1.609135121107101440e-01,6.566548347473144531e-01,1.716669090092182159e-02
3.480636179447174072e-01,1.886653780937194824e+00,2.610192634165287018e-02
1.644537299871444702e-01,2.851666927337646484e+00,1.380751561373472214e-02
2.047900557518005371e-01,8.694108575582504272e-02,1.326442416757345200e-02
1.946931704878807068e-02,3.268936157226562500e+00,1.077756006270647049e-02
3.310754597187042236e-01,4.421707630157470703e+00,1.397174037992954254e-02
6.364409625530242920e-02,1.136845797300338745e-01,1.614415645599365234e-02
2.461811453104019165e-01,9.796004742383956909e-02,3.079280070960521698e-02
3.592868149280548096e-01,2.211806774139404297e+00,4.123334586620330811e-02
5.639294907450675964e-02,4.824582576751708984e+00,5.015811696648597717e-02
1.825329661369323730e-01,4.407318592071533203e+00,4.479387775063514709e-02
7.203648239374160767e-02,2.578098773956298828e+00,6.774736940860748291e-02
3.300164937973022461e-01,4.863165378570556641e+00,4.911470785737037659e-02
1.926482915878295898e-01,4.615106582641601562e+00,1.108544296585023403e-03
2.632300555706024170e-01,2.642334938049316406e+00,9.107613936066627502e-03
8.414956927299499512e-02,7.464514672756195068e-02,3.275247290730476379e-02
8.502278476953506470e-02,1.562043070793151855e+00,4.673539660871028900e-03
4.520905613899230957e-01,9.487358331680297852e-01,5.938974674791097641e-03
4.326281249523162842e-01,3.022099137306213379e-01,3.791325166821479797e-02
1.455692946910858154e-01,4.824219226837158203e+00,1.373894326388835907e-02
1.298403143882751465e-01,4.030642986297607422e+00,3.652518615126609802e-02
5.868927240371704102e-01,1.505252480506896973e+00,5.307292938232421875e-02
3.639214634895324707e-01,2.751722812652587891e+00,6.802945584058761597e-02
3.105915486812591553e-01,3.326926231384277344e+00,1.940680854022502899e-02
6.382538676261901855e-01,1.565790891647338867e+00,3.480369690805673599e-03
2.109890431165695190e-01,4.835640907287597656e+00,2.674066927284002304e-03
1.650234907865524292e-01,2.675549030303955078e+00,3.997088596224784851e-02
3.082495331764221191e-01,2.701233386993408203e+00,8.036176860332489014e-02
1.864816844463348389e-01,2.876930236816406250e+00,1.455016992986202240e-02
1.221751235425472260e-02,2.616399526596069336e+00,1.260582655668258667e-01
4.247208312153816223e-02,1.880824327468872070e+00,5.291193723678588867e-02
3.773007094860076904e-01,3.896198034286499023e+00,2.514022029936313629e-02
2.317277342081069946e-01,3.581734657287597656e+00,2.296128869056701660e-02
2.023096531629562378e-01,3.103096961975097656e+00,2.355946414172649384e-02
1.017658188939094543e-01,6.287168264389038086e-01,6.908491998910903931e-02
6.069107651710510254e-01,3.038822889328002930e+00,2.523243613541126251e-02
8.637953549623489380e-02,1.674156188964843750e+00,5.581475049257278442e-02
1.647782623767852783e-01,1.547664761543273926e+00,2.438407763838768005e-02
8.794181048870086670e-02,4.558446407318115234e+00,8.035894483327865601e-03
4.992915689945220947e-01,6.559070944786071777e-01,2.119702473282814026e-02
1.107642278075218201e-01,8.514157533645629883e-01,8.396399789489805698e-04
3.732886612415313721e-01,3.115642786026000977e+00,1.562445331364870071e-02
1.802262067794799805e-01,4.132099151611328125e+00,1.243273448199033737e-02
3.572954535484313965e-01,2.702260971069335938e+00,1.512203365564346313e-02
1.524479687213897705e-01,2.495218515396118164e+00,2.385293506085872650e-02
2.622880935668945312e-01,4.452547550201416016e+00,6.849751342087984085e-03
7.957675307989120483e-02,1.622361660003662109e+00,5.965028889477252960e-03
4.976675286889076233e-02,2.853296756744384766e+00,1.704221405088901520e-02
2.660999633371829987e-02,3.969003200531005859e+00,4.313321411609649658e-02
2.939387559890747070e-01,2.074717044830322266e+00,5.973537638783454895e-02
2.271077483892440796e-01,1.953326582908630371e+00,1.695394702255725861e-02
1.267883926630020142e-01,1.860796809196472168e+00,5.690549686551094055e-02
1.413150131702423096e-01,2.133006453514099121e-01,2.045257575809955597e-02
3.564543724060058594e-01,3.881349325180053711e+00,6.299325730651617050e-03
2.944322526454925537e-01,7.664673328399658203e-01,1.399733405560255051e-02
5.908803641796112061e-02,4.771461486816406250e+00,6.021877005696296692e-02
6.763309985399246216e-02,6.565274596214294434e-01,1.177178230136632919e-02
2.313451170921325684e-01,3.879342555999755859e+00,1.866215467453002930e-02
1.589380949735641479e-01,6.218125224113464355e-01,7.414214313030242920e-02
4.118272662162780762e-02,2.739112079143524170e-01,7.184099406003952026e-03
2.019285690039396286e-03,4.601514339447021484e+00,1.326191145926713943e-02
1.454928219318389893e-01,3.814294576644897461e+00,4.459934309124946594e-02
1.731564104557037354e-01,1.696314811706542969e+00,1.932931132614612579e-02
1.020039618015289307e-01,2.311542510986328125e+00,7.774427067488431931e-03
4.451004266738891602e-01,9.256820082664489746e-01,8.286437951028347015e-03
2.130606025457382202e-01,1.745764613151550293e+00,1.903117261826992035e-02
5.137901753187179565e-02,1.668280720710754395e+00,4.741270840167999268e-02
2.058968394994735718e-01,9.439080357551574707e-01,6.595633178949356079e-02
2.669756710529327393e-01,1.555178046226501465e+00,1.875026710331439972e-02
9.028162807226181030e-02,1.338585376739501953e+00,1.248350925743579865e-02
2.881386578083038330e-01,1.004385799169540405e-01,9.263274259865283966e-03
7.753390818834304810e-02,4.111306190490722656e+00,3.779918700456619263e-02
1.612489670515060425e-01,4.338370323181152344e+00,6.858357787132263184e-02
2.632556557655334473e-01,2.566428422927856445e+00,3.335710987448692322e-02
2.126541882753372192e-01,3.038972914218902588e-01,5.798239726573228836e-03
6.643345206975936890e-02,2.700813770294189453e+00,6.902839988470077515e-02
9.977873414754867554e-02,3.816637754440307617e+00,4.430874437093734741e-02
3.902313113212585449e-01,2.326797246932983398e+00,9.846524335443973541e-03
4.282003641128540039e-02,1.605536580085754395e+00,6.966990977525711060e-02
2.047255262732505798e-02,2.920707225799560547e+00,5.610504001379013062e-02
2.906742691993713379e-01,1.702184557914733887e+00,1.233615819364786148e-02
9.967748820781707764e-02,3.646120548248291016e+00,6.037191674113273621e-02
4.449551180005073547e-02,3.632715225219726562e+00,1.881899312138557434e-02
1.828158795833587646e-01,2.955866575241088867e+00,8.432712405920028687e-03
2.932271361351013184e-01,3.701248645782470703e+00,3.301404416561126709e-02
1.148713380098342896e-02,1.731237173080444336e+00,8.212326094508171082e-03
5.156251043081283569e-02,1.155139058828353882e-01,2.748650312423706055e-02
9.772749245166778564e-02,2.715133428573608398e+00,5.500398576259613037e-02
3.339497745037078857e-01,3.918303728103637695e+00,1.521481387317180634e-02
2.147335857152938843e-01,2.980852127075195312e+00,7.493367884308099747e-03
1.619154661893844604e-01,5.366148948669433594e-01,1.282124314457178116e-02
7.081790268421173096e-02,4.953077733516693115e-01,2.004288509488105774e-02
1.262988746166229248e-01,3.929712295532226562e+00,3.523810766637325287e-03
2.491373866796493530e-01,4.226927280426025391e+00,1.510131359100341797e-02
1.979728341102600098e-01,3.607620477676391602e+00,9.205179661512374878e-02
1.133574470877647400e-01,7.231850177049636841e-02,5.616063717752695084e-03
1.201147362589836121e-01,2.090554237365722656e+00,1.285134907811880112e-02
1.851912289857864380e-01,2.531768083572387695e-01,4.432997666299343109e-03
1.450031399726867676e-01,1.458020448684692383e+00,1.626863377168774605e-04
3.328022062778472900e-01,2.107827901840209961e+00,2.669892087578773499e-02
2.125902473926544189e-01,3.860801696777343750e+00,4.381339997053146362e-02
2.353894412517547607e-01,1.741016387939453125e+00,6.715796887874603271e-02
3.426086604595184326e-01,4.423261165618896484e+00,4.485911503434181213e-02
1.445606052875518799e-01,2.875717163085937500e+00,5.398601759225130081e-03
2.426106482744216919e-01,2.878126382827758789e+00,1.153447199612855911e-02
1.999002397060394287e-01,2.176852941513061523e+00,6.414473056793212891e-02
2.946783006191253662e-01,1.692478179931640625e+00,6.436701118946075439e-02
1.180762052536010742e-01,4.435956001281738281e+00,1.952338614501059055e-03
2.348871715366840363e-02,1.929568409919738770e+00,1.308460813015699387e-02
2.295441776514053345e-01,3.847047328948974609e+00,2.281629666686058044e-02
1.305935829877853394e-01,2.460323095321655273e+00,2.903627976775169373e-02
2.602095007896423340e-01,2.456761360168457031e+00,6.136680394411087036e-02
6.309641525149345398e-03,1.165762662887573242e+00,1.564250700175762177e-02
1.560964435338973999e-01,2.340230703353881836e+00,8.823169395327568054e-03
2.506615221500396729e-01,4.142774105072021484e+00,6.336325407028198242e-02
4.049086198210716248e-02,4.384860038757324219e+00,2.279208973050117493e-02
1.806388646364212036e-01,1.825838923454284668e+00,2.557519450783729553e-02
2.542557120323181152e-01,1.976148128509521484e+00,6.887704599648714066e-03
1.582303494215011597e-01,3.022414207458496094e+00,3.019908815622329712e-02
3.596595525741577148e-01,3.794029951095581055e+00,1.525384467095136642e-02
2.079806923866271973e-01,2.531244039535522461e+00,2.213631756603717804e-02
1.078053042292594910e-01,3.819445371627807617e+00,1.186143374070525169e-03
1.608599349856376648e-02,3.146927058696746826e-01,4.636247828602790833e-02
1.446973979473114014e-01,4.201289653778076172e+00,2.186515741050243378e-02
1.511188596487045288e-01,2.557420969009399414e+00,3.921212628483772278e-02
7.586803287267684937e-02,4.778569221496582031e+00,4.939709976315498352e-02
4.357491731643676758e-01,2.992105484008789062e+00,5.274478718638420105e-02
1.221876963973045349e-01,4.148248195648193359e+00,5.529448017477989197e-02
2.697753608226776123e-01,7.831933498382568359e-01,5.541234277188777924e-03
4.433587491512298584e-01,4.704827308654785156e+00,1.900963112711906433e-02
2.696319818496704102e-01,3.851386785507202148e+00,2.920147962868213654e-03
2.687247991561889648e-01,4.763823986053466797e+00,4.722714796662330627e-02
9.017115831375122070e-02,9.515371918678283691e-01,6.042669340968132019e-02
4.816779494285583496e-01,2.631779670715332031e+00,4.586036503314971924e-02
8.531923592090606689e-02,4.104445457458496094e+00,1.514060050249099731e-02
3.702241182327270508e-01,2.173731088638305664e+00,2.974293008446693420e-02
3.254720270633697510e-01,4.768883228302001953e+00,4.386904835700988770e-02
3.591023981571197510e-01,3.797235727310180664e+00,1.054624933749437332e-02
2.756387591361999512e-01,2.537383794784545898e+00,2.277521602809429169e-02
4.012402892112731934e-01,4.378157138824462891e+00,1.649891841225326061e-03
3.526331484317779541e-01,1.882423758506774902e+00,6.672293879091739655e-03
2.702979929745197296e-02,3.153987884521484375e+00,3.221333026885986328e-02
5.738150328397750854e-02,2.861870825290679932e-01,2.730155736207962036e-02
3.511959910392761230e-01,2.673537492752075195e+00,2.809827029705047607e-02
2.397471964359283447e-01,1.284145832061767578e+00,1.503330469131469727e-02
5.903176665306091309e-01,4.458614826202392578e+00,5.320556089282035828e-02
2.159326672554016113e-01,1.928948521614074707e+00,1.583324745297431946e-02
3.574937582015991211e-02,4.633984565734863281e+00,3.624089434742927551e-02
2.479648403823375702e-02,3.051533460617065430e+00,1.854639686644077301e-02
3.222372531890869141e-01,4.119028091430664062e+00,6.789092719554901123e-02
2.935824394226074219e-01,4.655678749084472656e+00,4.966600798070430756e-03
2.592259347438812256e-01,4.850431919097900391e+00,1.919488608837127686e-02
2.243634909391403198e-01,2.164996385574340820e+00,8.997344411909580231e-03
3.253628909587860107e-01,2.817917585372924805e+00,6.352588534355163574e-02
2.038531750440597534e-01,4.236975193023681641e+00,2.101623453199863434e-02
2.157153040170669556e-01,3.786094188690185547e+00,2.882574126124382019e-02
3.043347895145416260e-01,2.617144823074340820e+00,4.990706220269203186e-03
2.473580986261367798e-01,4.387557506561279297e+00,5.415100976824760437e-02
3.296066224575042725e-01,4.651843547821044922e+00,7.947114645503461361e-04
2.646666467189788818e-01,8.480054736137390137e-01,5.991401523351669312e-02
1.475733816623687744e-01,2.439380884170532227e+00,7.914905436336994171e-03
4.930740222334861755e-02,4.168873310089111328e+00,2.596498653292655945e-02
8.290505409240722656e-02,4.141900539398193359e+00,1.921786181628704071e-02
8.527698367834091187e-02,5.499055981636047363e-01,2.828013710677623749e-02
5.921612307429313660e-02,7.532054185867309570e-01,1.404456980526447296e-02
2.471321523189544678e-01,1.469106435775756836e+00,3.801459819078445435e-02
1.502379775047302246e-01,4.202833652496337891e+00,1.697318069636821747e-02
1.195355877280235291e-01,3.262402296066284180e+00,4.090243205428123474e-02
2.976878881454467773e-01,4.182359218597412109e+00,1.228753756731748581e-02
7.810086756944656372e-02,2.002851724624633789e+00,4.948778077960014343e-02
1.932887881994247437e-01,2.168894767761230469e+00,5.000856146216392517e-02
3.704467043280601501e-02,4.668061256408691406e+00,1.296279858797788620e-02
1.486478447914123535e-01,2.625129938125610352e+00,1.580401323735713959e-02
1.194672212004661560e-01,1.702511548995971680e+00,1.355440821498632431e-02
1.831871122121810913e-01,2.303102254867553711e+00,1.494047325104475021e-02
1.377560347318649292e-01,3.898682832717895508e+00,1.005762629210948944e-02
1.295405030250549316e-01,3.410701036453247070e+00,5.721527710556983948e-02
2.674780189990997314e-01,7.656568288803100586e-01,6.403712928295135498e-02
2.030808925628662109e-01,3.828920364379882812e+00,4.098495468497276306e-03
4.841474890708923340e-01,3.599674463272094727e+00,8.040562272071838379e-03
1.154092773795127869e-01,9.165648818016052246e-01,4.744804650545120239e-02
9.235048294067382812e-02,4.694154739379882812e+00,1.901142671704292297e-02
3.228352069854736328e-01,2.119168996810913086e+00,7.054186426103115082e-04
2.814460694789886475e-01,1.488025903701782227e+00,5.821180716156959534e-02
1.099622771143913269e-01,3.276297569274902344e+00,6.528056412935256958e-02
4.756767302751541138e-02,3.357000052928924561e-01,1.429249718785285950e-02
3.469199836254119873e-01,4.154218673706054688e+00,6.109779700636863708e-02
2.026603668928146362e-01,2.571702957153320312e+00,3.619612008333206177e-02
6.692323684692382812e-01,1.001643061637878418e+00,1.999441720545291901e-02
2.778253555297851562e-01,2.692440986633300781e+00,2.623547986149787903e-02
3.910069763660430908e-01,2.368681907653808594e+00,5.575474351644515991e-02
3.139005005359649658e-01,4.839965343475341797e+00,5.942205898463726044e-03
1.108998432755470276e-01,7.924827933311462402e-01,1.044080108404159546e-01
9.424433857202529907e-02,4.008200168609619141e+00,7.543999701738357544e-02
5.721662938594818115e-02,1.814749121665954590e+00,4.510442912578582764e-02
1.427721418440341949e-02,4.869458675384521484e+00,3.356539085507392883e-02
8.657950162887573242e-02,4.615523815155029297e+00,8.964212611317634583e-03
7.432305812835693359e-02,2.045458555221557617e+00,4.577055945992469788e-02
3.150811791419982910e-01,4.558536529541015625e+00,5.612853169441223145e-02
1.124676540493965149e-01,3.722262382507324219e+00,2.036856487393379211e-02
2.876361310482025146e-01,7.910473942756652832e-01,2.298349700868129730e-02
6.281917542219161987e-02,2.668090105056762695e+00,2.251718379557132721e-02
2.032760530710220337e-01,1.231507360935211182e-01,7.759348489344120026e-03
3.305728435516357422e-01,3.730419874191284180e+00,5.775072798132896423e-02
9.316206723451614380e-02,2.925601005554199219e+00,3.318068012595176697e-02
4.426735639572143555e-02,4.061381340026855469e+00,4.119821265339851379e-02
9.656980633735656738e-01,1.941428303718566895e+00,1.449313759803771973e-02
2.329028248786926270e-01,4.243264198303222656e+00,1.967786625027656555e-02
1.936266124248504639e-01,3.716066360473632812e+00,6.022369489073753357e-03
1.453459709882736206e-01,4.152704715728759766e+00,2.366793900728225708e-02
4.799758195877075195e-01,1.101634502410888672e+00,1.601855270564556122e-02
2.934938967227935791e-01,3.840587139129638672e+00,1.130598224699497223e-02
1.171879991888999939e-01,4.509116172790527344e+00,2.084652148187160492e-02
2.701660692691802979e-01,3.418204784393310547e+00,2.138648368418216705e-02
3.692639172077178955e-01,2.663850069046020508e+00,4.682458564639091492e-02
2.911344766616821289e-01,9.299045205116271973e-01,4.762016981840133667e-02
2.472984939813613892e-01,2.547580957412719727e+00,1.299008354544639587e-02
2.170621454715728760e-01,3.783106088638305664e+00,2.788214012980461121e-02
2.967638708651065826e-02,4.812487602233886719e+00,2.381098270416259766e-02
3.605565130710601807e-01,2.469325780868530273e+00,7.352530024945735931e-03
5.625629797577857971e-02,2.829764842987060547e+00,4.000581055879592896e-02
1.896861195564270020e-01,4.114871025085449219e+00,1.021923590451478958e-02
3.301593661308288574e-01,3.737759351730346680e+00,3.741447255015373230e-02
1.256629824638366699e-01,6.797071546316146851e-02,1.013142988085746765e-02
2.472337782382965088e-01,4.824209213256835938e+00,1.936490647494792938e-02
9.127511829137802124e-02,4.430212497711181641e+00,4.535348340868949890e-02
2.585827410221099854e-01,3.058633804321289062e+00,5.236530676484107971e-03
3.319180607795715332e-01,3.202095746994018555e+00,1.116252969950437546e-02
1.226220801472663879e-01,3.115125179290771484e+00,1.280862558633089066e-02
4.471952468156814575e-02,2.849655151367187500e+00,4.882328957319259644e-02
1.124781519174575806e-01,4.127650260925292969e+00,2.076199837028980255e-02
2.932107746601104736e-01,2.579854130744934082e-01,2.383534424006938934e-02
3.401104807853698730e-01,1.426437944173812866e-01,1.852321438491344452e-02
2.282037734985351562e-01,1.098110198974609375e+00,5.121516808867454529e-02
5.433511361479759216e-02,6.980234980583190918e-01,1.309327594935894012e-02
2.799237072467803955e-01,5.228801071643829346e-02,2.593585476279258728e-02
1.057041808962821960e-01,2.225041151046752930e+00,4.004207253456115723e-02
3.904506191611289978e-02,7.431982159614562988e-01,1.676151342689990997e-02
1.769811958074569702e-01,4.725859642028808594e+00,3.578837960958480835e-02
1.204331144690513611e-01,4.836423397064208984e+00,3.589351847767829895e-02
1.781694889068603516e-01,4.759644508361816406e+00,7.706434279680252075e-02
2.756382822990417480e-01,2.393083572387695312e+00,2.533901296555995941e-02
1.017371192574501038e-01,2.857092857360839844e+00,6.330365687608718872e-02
6.771169900894165039e-01,1.811607241630554199e+00,9.105562232434749603e-03
2.498873621225357056e-01,2.843063116073608398e+00,2.942796796560287476e-02
1.883056312799453735e-01,5.939273238182067871e-01,2.062367275357246399e-02
1.902016699314117432e-01,8.860445022583007812e-01,4.948034137487411499e-02
1.915765851736068726e-01,1.866079330444335938e+00,9.113204665482044220e-03
7.614655792713165283e-02,2.563775777816772461e+00,4.154163971543312073e-02
2.384623140096664429e-01,4.585249423980712891e+00,1.983480900526046753e-02
3.924584090709686279e-01,6.690646409988403320e-01,2.348853275179862976e-02
3.282662034034729004e-01,2.247277021408081055e+00,4.265951924026012421e-03
2.640367448329925537e-01,2.252636671066284180e+00,6.417971104383468628e-02
2.627444565296173096e-01,3.254598855972290039e+00,1.093106530606746674e-02
4.617220163345336914e-02,3.112032175064086914e+00,1.027298625558614731e-02
2.046630382537841797e-01,3.688741207122802734e+00,2.084164880216121674e-02
4.208001866936683655e-02,4.198196887969970703e+00,2.121702767908573151e-02
1.229259520769119263e-01,4.192523956298828125e+00,8.938829600811004639e-02
4.552776366472244263e-02,1.032428145408630371e-01,1.196365151554346085e-02
3.430913388729095459e-01,6.296430826187133789e-01,3.160356357693672180e-02
6.853225827217102051e-02,2.711922645568847656e+00,5.574576556682586670e-02
2.096914052963256836e-01,7.040893435478210449e-01,1.959801092743873596e-02
2.111724019050598145e-01,4.012598514556884766e+00,3.927839174866676331e-02
1.186166331171989441e-01,3.465694904327392578e+00,2.263735234737396240e-02
1.568373590707778931e-01,2.448875665664672852e+00,3.181400150060653687e-02
1.517029106616973877e-01,6.787037253379821777e-01,4.832379054278135300e-03
3.537368401885032654e-02,4.602168083190917969e+00,5.145381018519401550e-02
3.581569716334342957e-02,8.554890751838684082e-02,4.085083678364753723e-02
3.677650392055511475e-01,4.758381843566894531e-01,2.147316001355648041e-02
4.747616052627563477e-01,2.159070253372192383e+00,3.815240785479545593e-02
2.509039938449859619e-01,4.541677474975585938e+00,4.270572960376739502e-02
4.693823456764221191e-01,6.273714452981948853e-02,1.520219724625349045e-02
1.050699353218078613e-01,2.816210746765136719e+00,4.243046417832374573e-02
2.543437182903289795e-01,1.605227470397949219e+00,5.343656241893768311e-02
2.838366627693176270e-01,3.894841432571411133e+00,2.520591951906681061e-02
1.762392520904541016e-01,3.100015163421630859e+00,7.564853131771087646e-02
1.013882309198379517e-01,4.258211612701416016e+00,1.118453219532966614e-02
2.955957055091857910e-01,4.590160369873046875e+00,3.086270531639456749e-03
1.885418742895126343e-01,2.307176828384399414e+00,1.337048877030611038e-02
2.467644661664962769e-01,2.068715333938598633e+00,2.298975363373756409e-02
2.119278907775878906e-01,4.352926254272460938e+00,3.533181175589561462e-02
6.263503432273864746e-01,1.804830789566040039e+00,6.495057046413421631e-02
2.733356654644012451e-01,8.102447390556335449e-01,2.704326994717121124e-03
2.470493614673614502e-01,2.653411149978637695e+00,2.882743440568447113e-02
3.432064652442932129e-01,4.865130424499511719e+00,1.620955020189285278e-02
3.049809038639068604e-01,2.443660497665405273e+00,2.174673229455947876e-02
9.167001396417617798e-02,1.531836390495300293e+00,6.509966682642698288e-03
1.258618384599685669e-01,3.718869209289550781e+00,5.599097535014152527e-02
3.461270034313201904e-01,2.138319253921508789e+00,5.119285546243190765e-03
5.289207398891448975e-02,6.710936427116394043e-01,2.539404481649398804e-02
2.269271016120910645e-01,4.876210212707519531e+00,6.137254834175109863e-02
3.436915874481201172e-01,6.083174347877502441e-01,8.391065523028373718e-03
3.166454136371612549e-01,1.832776784896850586e+00,5.484252702444791794e-03
3.589070141315460205e-01,1.495110869407653809e+00,5.014555063098669052e-03
3.577564060688018799e-01,2.465238809585571289e+00,1.585637964308261871e-02
1.298400610685348511e-01,2.816341400146484375e+00,3.727835370227694511e-03
1.888146698474884033e-01,2.727193832397460938e+00,2.527177333831787109e-02
8.253412693738937378e-02,2.725298881530761719e+00,3.569098189473152161e-03
2.825782597064971924e-01,2.547205924987792969e+00,1.293630301952362061e-01
1.248998492956161499e-01,7.858757376670837402e-01,3.967746347188949585e-02
2.660964727401733398e-01,2.019033670425415039e+00,4.948788136243820190e-02
1.115504652261734009e-01,3.416827917098999023e+00,1.837550476193428040e-02
1.980729401111602783e-01,1.756147742271423340e+00,5.659227818250656128e-02
7.109418045729398727e-03,3.977331638336181641e+00,2.015012782067060471e-03
3.013271093368530273e-01,4.151142597198486328e+00,6.882883608341217041e-03
2.771400213241577148e-01,6.663848161697387695e-01,5.798188503831624985e-03
1.592379659414291382e-01,4.735659122467041016e+00,3.589028865098953247e-02
1.373491883277893066e-01,4.528125286102294922e+00,2.015146240592002869e-02
2.484829574823379517e-01,3.387956142425537109e+00,2.843482233583927155e-02
2.843258976936340332e-01,1.674803137779235840e+00,3.859240934252738953e-02
1.204873844981193542e-01,2.100592613220214844e+00,4.715441912412643433e-02
7.832746952772140503e-02,1.393482208251953125e+00,5.786176770925521851e-02
1.534348279237747192e-01,3.079256057739257812e+00,2.849267562851309776e-03
1.130912601947784424e-01,4.510215282440185547e+00,3.472389280796051025e-02
1.515666693449020386e-01,4.316335678100585938e+00,4.440126474946737289e-03
3.440027832984924316e-01,2.190868616104125977e+00,2.237424440681934357e-02
8.116111159324645996e-02,4.598120689392089844e+00,1.736912503838539124e-02
8.630778789520263672e-01,3.593792200088500977e+00,2.259268052875995636e-02
1.370087265968322754e-01,7.016476988792419434e-01,1.111795939505100250e-02
5.621736496686935425e-02,2.720157861709594727e+00,1.724916324019432068e-02
2.084104418754577637e-01,1.683227896690368652e+00,2.230356819927692413e-02
3.239657282829284668e-01,4.099040031433105469e+00,2.103998092934489250e-03
3.965612649917602539e-01,1.929616808891296387e+00,3.464008495211601257e-02
1.677600890398025513e-01,2.529788494110107422e+00,3.567103296518325806e-02
1.574563384056091309e-01,4.544304847717285156e+00,8.768188767135143280e-03
3.829455375671386719e-01,2.861688375473022461e+00,6.102830171585083008e-02
9.613733738660812378e-02,1.806885480880737305e+00,1.214116588234901428e-01
1.087004542350769043e-01,9.118017554283142090e-01,4.409728199243545532e-02
6.755203008651733398e-02,3.759967803955078125e+00,6.121150217950344086e-03
3.812421560287475586e-01,2.365592002868652344e+00,4.828876256942749023e-02
3.976642340421676636e-02,1.341554522514343262e+00,1.532133948057889938e-02
7.982936501502990723e-02,1.784085392951965332e+00,1.442230772227048874e-02
6.417782604694366455e-02,3.540465116500854492e+00,5.341409891843795776e-02
2.585657685995101929e-02,2.798434019088745117e+00,1.924304477870464325e-02
2.715826034545898438e-01,8.108348250389099121e-01,3.860758990049362183e-02
2.687970921397209167e-02,4.779913425445556641e-01,1.415817346423864365e-02
3.026000559329986572e-01,3.286197662353515625e+00,5.552517622709274292e-02
9.601502120494842529e-02,2.774718999862670898e+00,1.358246337622404099e-02
3.717201054096221924e-01,4.154235363006591797e+00,5.369598045945167542e-02
2.722328007221221924e-01,2.387668371200561523e+00,2.737910486757755280e-02
7.129073143005371094e-02,3.705760478973388672e+00,1.258998364210128784e-02
2.489827871322631836e-01,2.405407905578613281e+00,7.213744334876537323e-03
2.018799036741256714e-01,1.029115438461303711e+00,6.519362330436706543e-02
1.581203192472457886e-01,4.780001640319824219e+00,1.615379936993122101e-02
2.892061881721019745e-02,2.267347335815429688e+00,5.755414068698883057e-02
1.866902559995651245e-01,1.557409524917602539e+00,2.312546223402023315e-02
2.626930773258209229e-01,2.928535699844360352e+00,5.102324858307838440e-02
1.968535631895065308e-01,4.859419822692871094e+00,3.682983666658401489e-02
1.991124153137207031e-01,1.417923927307128906e+00,7.948335260152816772e-02
2.084636092185974121e-01,4.427490234375000000e+00,9.859859012067317963e-03
3.829915821552276611e-01,3.974355936050415039e+00,2.071686461567878723e-02
6.458989977836608887e-01,5.050206184387207031e-02,1.321426499634981155e-02
1.044179052114486694e-01,3.691836833953857422e+00,2.269720658659934998e-02
1.709926426410675049e-01,6.890742182731628418e-01,2.496948093175888062e-02
1.566273719072341919e-02,6.308410167694091797e-01,9.822356700897216797e-02
1.472784876823425293e-01,4.404724597930908203e+00,1.983762905001640320e-02
4.401850700378417969e-02,2.845280170440673828e+00,1.481815055012702942e-02
8.540199697017669678e-02,2.879931211471557617e+00,1.562783867120742798e-02
1.571923941373825073e-01,4.838710784912109375e+00,3.395846486091613770e-02
1.051243115216493607e-02,4.221039295196533203e+00,2.079082094132900238e-02
6.225183978676795959e-02,4.450322151184082031e+00,2.264468744397163391e-02
7.098913192749023438e-02,4.075811862945556641e+00,1.552659552544355392e-02
3.150518536567687988e-01,8.372548222541809082e-01,1.769757643342018127e-02
5.384404957294464111e-02,1.990244626998901367e+00,1.244488917291164398e-02
1.587928831577301025e-01,3.667473077774047852e+00,4.937217384576797485e-02
1.313149183988571167e-01,2.664260387420654297e+00,1.721772365272045135e-02
1.220766082406044006e-01,4.854310512542724609e+00,4.205852001905441284e-02
2.584777474403381348e-01,1.333226710557937622e-01,3.306476771831512451e-02
8.512624353170394897e-02,1.825923085212707520e+00,3.479087259620428085e-03
1.080481782555580139e-01,1.875077486038208008e+00,2.521448582410812378e-02
1.984514668583869934e-02,2.459259510040283203e+00,1.707544922828674316e-02
1.074658483266830444e-01,1.015383481979370117e+00,1.135787069797515869e-01
3.145929872989654541e-01,5.245738476514816284e-02,4.375390708446502686e-02
3.097792267799377441e-01,3.830779314041137695e+00,2.338877692818641663e-02
6.136639416217803955e-02,1.848343849182128906e+00,2.553744707256555557e-03
8.934529870748519897e-02,2.547296047210693359e+00,6.945645064115524292e-02
1.702847778797149658e-01,2.174698114395141602e+00,3.781195729970932007e-02
2.903929650783538818e-01,3.144846200942993164e+00,2.706819586455821991e-02
3.160483241081237793e-01,3.892180919647216797e+00,1.157309208065271378e-02
2.530010044574737549e-01,5.381550192832946777e-01,1.731778681278228760e-02
3.669425249099731445e-01,2.880780220031738281e+00,2.806072682142257690e-02
1.184937655925750732e-01,3.521317720413208008e+00,5.100073292851448059e-02
9.295433014631271362e-02,4.469105720520019531e+00,6.451123952865600586e-02
1.473042964935302734e-01,4.647984504699707031e+00,1.019282266497612000e-02
6.007873415946960449e-01,1.508296370506286621e+00,2.219960791990160942e-03
1.847219653427600861e-02,1.192682147026062012e+00,3.806070610880851746e-02
8.793162554502487183e-02,2.144402742385864258e+00,3.928244113922119141e-02
2.582210302352905273e-02,1.960690736770629883e+00,1.461535692214965820e-02
2.728762850165367126e-02,1.565525889396667480e+00,2.748270705342292786e-02
1.309955716133117676e-01,2.855204582214355469e+00,1.383044198155403137e-02
1.126087605953216553e-01,2.675238132476806641e+00,1.461366470903158188e-02
1.816771924495697021e-01,1.936818480491638184e+00,1.794811896979808807e-02
8.741285651922225952e-02,2.789844751358032227e+00,3.444006200879812241e-03
3.929783403873443604e-01,4.401479721069335938e+00,2.197296544909477234e-02
3.877130150794982910e-01,4.214045524597167969e+00,6.056245043873786926e-02
1.994291394948959351e-01,4.031368255615234375e+00,3.008743375539779663e-02
3.420180976390838623e-01,4.214994907379150391e+00,3.065293654799461365e-03
2.834212183952331543e-01,2.675242662429809570e+00,3.186949528753757477e-03
7.878309488296508789e-02,2.118402004241943359e+00,2.257801219820976257e-02
1.082705631852149963e-01,3.091106176376342773e+00,2.191598294302821159e-03
1.736782640218734741e-01,4.344770908355712891e+00,4.250755161046981812e-02
5.733884125947952271e-02,2.190959692001342773e+00,3.047655709087848663e-02
8.010149747133255005e-02,4.502616882324218750e+00,3.355903178453445435e-02
2.639587521553039551e-01,1.779750823974609375e+00,1.462592277675867081e-02
5.339295044541358948e-02,4.819941997528076172e+00,4.704881832003593445e-02
1.698057055473327637e-01,7.210348248481750488e-01,2.328117378056049347e-02
3.207146823406219482e-01,2.362574577331542969e+00,3.695528954267501831e-02
4.606428146362304688e-01,2.440138578414916992e+00,1.147241331636905670e-02
1.272382736206054688e-01,2.842512845993041992e+00,1.348337437957525253e-02
3.556734621524810791e-01,2.328723907470703125e+00,6.159508973360061646e-02
1.105590462684631348e-01,3.535380959510803223e-01,2.013746090233325958e-02
1.317939311265945435e-01,2.541639804840087891e+00,8.505028672516345978e-03
2.636521756649017334e-01,2.551654815673828125e+00,6.437440216541290283e-02
1.632178872823715210e-01,1.163056612014770508e+00,1.471693366765975952e-01
1.281314194202423096e-01,3.851648569107055664e+00,5.126394331455230713e-02
1.637905091047286987e-01,2.843354225158691406e+00,1.958898454904556274e-02
1.740341186523437500e-01,4.766553401947021484e+00,1.198683399707078934e-02
2.623257339000701904e-01,1.832721233367919922e+00,3.379824012517929077e-02
5.368945002555847168e-01,7.044154405593872070e-01,2.249220758676528931e-02
1.201828196644783020e-01,4.423231124877929688e+00,6.189784407615661621e-02
2.600164115428924561e-01,4.195979595184326172e+00,3.402790799736976624e-02
1.293425709009170532e-01,9.047935605049133301e-01,5.125471204519271851e-02
8.730297535657882690e-02,8.540247082710266113e-01,1.987363398075103760e-02
2.588644623756408691e-01,3.827732324600219727e+00,1.583914645016193390e-02
1.244045048952102661e-01,9.367503523826599121e-01,2.535152621567249298e-02
2.777119725942611694e-02,2.890594959259033203e+00,1.135886088013648987e-02
6.342872232198715210e-02,2.647678375244140625e+00,9.933765046298503876e-03
3.051575124263763428e-01,4.593715190887451172e+00,1.244837697595357895e-02
2.268419712781906128e-01,1.648788094520568848e+00,1.689958199858665466e-02
2.286737263202667236e-01,3.093773365020751953e+00,4.036882892251014709e-02
1.453702300786972046e-01,4.053033828735351562e+00,2.199573628604412079e-02
8.155842125415802002e-02,7.123277187347412109e-01,4.904352128505706787e-02
2.794229686260223389e-01,7.641780972480773926e-01,1.383372396230697632e-02
5.902427062392234802e-02,7.388636469841003418e-01,5.335229635238647461e-02
1.807814240455627441e-01,3.890902996063232422e+00,8.506105281412601471e-03
3.375646770000457764e-01,2.996819496154785156e+00,1.732322387397289276e-02
1.234979555010795593e-01,4.666289806365966797e+00,9.093838185071945190e-02
2.433895468711853027e-01,2.481317281723022461e+00,1.230092346668243408e-02
4.141731858253479004e-01,2.261888027191162109e+00,2.103695459663867950e-02
1.256936490535736084e-01,2.687016248703002930e+00,5.871951207518577576e-02
9.372142702341079712e-02,2.933962821960449219e+00,1.239237003028392792e-02
5.974981188774108887e-02,2.521514415740966797e+00,5.888701975345611572e-02
3.788738846778869629e-01,1.383058786392211914e+00,1.517168059945106506e-02
1.010581403970718384e-01,2.562647342681884766e+00,6.910322699695825577e-03
9.426914155483245850e-02,3.178267717361450195e+00,2.494239993393421173e-02
2.134188413619995117e-01,2.974011659622192383e+00,5.858682841062545776e-02
5.448109284043312073e-02,1.896204829216003418e+00,1.593787595629692078e-02
5.474883690476417542e-02,4.226836204528808594e+00,3.882777318358421326e-02
3.450395762920379639e-01,1.094916224479675293e+00,3.715469688177108765e-02
1.945184916257858276e-01,9.131721258163452148e-01,4.835948720574378967e-02
4.247074127197265625e-01,4.568523883819580078e+00,9.905248880386352539e-03
3.107179701328277588e-01,3.404112160205841064e-01,1.552762091159820557e-02
1.097422018647193909e-01,4.704332351684570312e+00,4.005715250968933105e-03
1.900317817926406860e-01,3.737576961517333984e+00,1.174044515937566757e-02
8.875036239624023438e-02,3.006064653396606445e+00,6.392465438693761826e-03
8.936674892902374268e-02,2.046074151992797852e+00,2.634975127875804901e-02
2.199559509754180908e-01,8.481596112251281738e-01,5.169907119125127792e-03
9.414765238761901855e-02,3.867569446563720703e+00,3.913863003253936768e-02
3.108101189136505127e-01,2.435811042785644531e+00,9.760359674692153931e-02
2.507525980472564697e-01,4.782936573028564453e+00,3.121044114232063293e-02
3.467417657375335693e-01,3.567596197128295898e+00,4.487896710634231567e-02
4.765181839466094971e-01,3.361114263534545898e-01,2.582635357975959778e-02
1.715890616178512573e-01,8.216281533241271973e-01,2.902874164283275604e-02
4.386299476027488708e-02,5.459603667259216309e-01,3.965556621551513672e-03
1.718581169843673706e-01,3.668953895568847656e+00,4.352813586592674255e-02
2.127518355846405029e-01,1.085408404469490051e-01,4.413549229502677917e-02
3.661313056945800781e-01,2.383643865585327148e+00,2.536860667169094086e-02
1.156198792159557343e-02,4.757292747497558594e+00,1.280611287802457809e-02
3.021946549415588379e-01,4.562942028045654297e+00,2.106618881225585938e-02
7.456413656473159790e-02,3.822597742080688477e+00,4.624164476990699768e-02
5.994434356689453125e-01,4.437062263488769531e+00,1.715443283319473267e-02
2.015885561704635620e-01,2.961303949356079102e+00,8.561189286410808563e-03
1.785558760166168213e-01,2.770101308822631836e+00,5.325977224856615067e-03
9.173913300037384033e-02,2.976215600967407227e+00,3.952647373080253601e-02
2.389507293701171875e-01,2.605316638946533203e+00,4.894879087805747986e-02
1.609651893377304077e-01,3.950305700302124023e+00,1.109908614307641983e-02
1.318124383687973022e-01,8.626899719238281250e-01,2.529249526560306549e-02
3.160250186920166016e-01,3.467185258865356445e+00,1.983727142214775085e-02
3.260554373264312744e-01,1.217404484748840332e+00,2.324075996875762939e-02
1.188801974058151245e-01,4.281391143798828125e+00,3.860143572092056274e-02
7.421186566352844238e-02,4.100942134857177734e+00,7.187853753566741943e-02
2.804800868034362793e-01,4.308716297149658203e+00,1.336397510021924973e-02
3.279389739036560059e-01,3.915349483489990234e+00,1.088044419884681702e-02
3.416030108928680420e-01,4.593834877014160156e+00,1.247371360659599304e-02
9.636117517948150635e-02,2.089739084243774414e+00,1.849080063402652740e-02
2.393067777156829834e-01,2.668979644775390625e+00,2.597755193710327148e-02
2.036679834127426147e-01,2.024976730346679688e+00,6.537047028541564941e-02
1.234633773565292358e-01,4.862240791320800781e+00,3.494694456458091736e-02
2.275020033121109009e-01,3.724522352218627930e+00,1.841453462839126587e-02
5.897875428199768066e-01,3.906250476837158203e+00,1.184943318367004395e-02
2.019089758396148682e-01,4.392390727996826172e+00,1.148626115173101425e-02
1.888819783926010132e-02,4.645583629608154297e+00,1.270045898854732513e-02
2.962299883365631104e-01,2.625331878662109375e+00,1.683747209608554840e-02
3.563774526119232178e-01,8.329306840896606445e-01,2.843569405376911163e-02
6.683588027954101562e-02,2.795253038406372070e+00,4.977514594793319702e-02
5.531874299049377441e-01,7.368448972702026367e-01,3.228328749537467957e-02
2.648258805274963379e-01,1.818760752677917480e+00,9.456886909902095795e-03
2.008733749389648438e-01,4.770835399627685547e+00,4.123401269316673279e-02
3.638686835765838623e-01,8.491525053977966309e-01,2.800790034234523773e-02
2.301683723926544189e-01,9.220105409622192383e-01,5.645103007555007935e-02
8.043217658996582031e-02,2.595462322235107422e+00,2.816381677985191345e-02
8.880328387022018433e-02,3.110697507858276367e+00,1.270081754773855209e-02
7.229123264551162720e-02,4.107622146606445312e+00,2.377477288246154785e-02
7.046922296285629272e-02,1.662372946739196777e+00,1.450862642377614975e-02
2.542281150817871094e-01,3.693782329559326172e+00,5.165876075625419617e-02
2.157742232084274292e-01,2.511999607086181641e+00,5.086189508438110352e-02
2.852527201175689697e-01,2.307233810424804688e+00,4.710918292403221130e-02
4.512398969382047653e-03,9.428923577070236206e-02,4.469894245266914368e-02
3.417711257934570312e-01,3.581639289855957031e+00,2.442674897611141205e-02
3.592767715454101562e-01,1.977394104003906250e+00,4.248769953846931458e-03
1.258370350115001202e-03,4.075024127960205078e+00,1.298090256750583649e-02
1.224820762872695923e-01,3.628212690353393555e+00,1.940321736037731171e-02
9.144832491874694824e-01,3.067519366741180420e-01,2.661578170955181122e-02
3.357440829277038574e-01,7.506116628646850586e-01,1.710694096982479095e-02
2.334184795618057251e-01,1.691612124443054199e+00,4.360106587409973145e-02
2.150328308343887329e-01,4.692763805389404297e+00,2.307407185435295105e-02
2.878674566745758057e-01,3.497707843780517578e+00,4.266279935836791992e-02
2.937695384025573730e-01,3.752921342849731445e+00,4.458180069923400879e-02
1.835272163152694702e-01,2.162961959838867188e-01,5.689482763409614563e-02
3.298001587390899658e-01,1.912996053695678711e+00,1.207828149199485779e-02
2.673032581806182861e-01,6.451891660690307617e-01,7.629322260618209839e-02
1.560895293951034546e-01,2.064541578292846680e+00,8.136573247611522675e-03
1.220584735274314880e-01,1.815492272377014160e+00,5.602349340915679932e-02
2.212724387645721436e-01,8.211248517036437988e-01,4.694444686174392700e-02
5.803947895765304565e-02,2.482188463211059570e+00,5.539131350815296173e-03
5.373851954936981201e-02,4.101516723632812500e+00,4.715411365032196045e-02
6.141101121902465820e-01,2.623938560485839844e+00,5.702586844563484192e-02
1.527070812880992889e-02,3.033641338348388672e+00,6.619672290980815887e-03
1.102346181869506836e-01,3.200250864028930664e+00,1.730486191809177399e-02
3.700254261493682861e-01,3.714684009552001953e+00,5.284074693918228149e-03
1.470542103052139282e-01,2.669999122619628906e+00,3.167398273944854736e-02
1.357869356870651245e-01,4.430691719055175781e+00,5.176933482289314270e-03
1.760221123695373535e-01,1.985348224639892578e+00,4.252124577760696411e-02
2.392184436321258545e-01,3.808868169784545898e+00,6.382822990417480469e-03
2.103784978389739990e-01,1.872420191764831543e+00,1.502556074410676956e-02
1.360144317150115967e-01,3.492703914642333984e+00,1.992440968751907349e-02
3.408554494380950928e-01,2.505743265151977539e+00,1.153334323316812515e-02
4.478633031249046326e-02,7.805953621864318848e-01,6.732188165187835693e-02
7.405904680490493774e-02,4.548823356628417969e+00,2.460913034155964851e-03
1.263626515865325928e-01,3.145837783813476562e+00,1.943368278443813324e-02
3.786686435341835022e-02,8.908813595771789551e-01,6.271743029356002808e-02
6.762073189020156860e-02,2.850498676300048828e+00,5.365474522113800049e-02
1.364446729421615601e-01,2.838542222976684570e+00,4.063347727060317993e-02
3.708899021148681641e-02,2.781390666961669922e+00,2.494014427065849304e-02
1.773483604192733765e-01,2.419362783432006836e+00,8.744750171899795532e-03
1.582397371530532837e-01,2.600809633731842041e-01,2.643940225243568420e-02
1.606946438550949097e-01,3.628086328506469727e+00,6.610650569200515747e-02
2.300802171230316162e-01,1.923308372497558594e+00,1.835842430591583252e-02
2.263005524873733521e-01,2.709964990615844727e+00,4.706928040832281113e-03
1.259418129920959473e-01,3.034506797790527344e+00,1.939116604626178741e-02
5.715904757380485535e-02,4.076474666595458984e+00,4.542067274451255798e-02
9.701172709465026855e-01,4.593483448028564453e+00,2.678467519581317902e-02
1.325194388628005981e-01,2.152359008789062500e+00,4.769448656588792801e-03
6.431623548269271851e-02,7.145609259605407715e-01,1.733784005045890808e-02
1.634917110204696655e-01,3.127716779708862305e+00,3.941030427813529968e-02
5.897045135498046875e-02,1.857263326644897461e+00,2.627215161919593811e-02
8.269786089658737183e-02,4.539140224456787109e+00,1.258444506675004959e-02
2.770284712314605713e-01,2.466975688934326172e+00,8.859327994287014008e-03
3.955488279461860657e-02,4.663266181945800781e+00,7.959013804793357849e-03
4.649939388036727905e-02,4.078744888305664062e+00,2.680826745927333832e-02
2.626315653324127197e-01,5.409256219863891602e-01,2.077302522957324982e-02
3.024343848228454590e-01,1.216435313224792480e+00,2.117148227989673615e-02
1.346549540758132935e-01,2.150881052017211914e+00,7.990042679011821747e-03
2.833553254604339600e-01,4.176273822784423828e+00,2.533778175711631775e-02
1.203606501221656799e-01,3.060461521148681641e+00,3.838669136166572571e-02
8.740435540676116943e-02,3.023097515106201172e+00,2.439423277974128723e-02
1.078254431486129761e-01,4.022880077362060547e+00,8.694281801581382751e-03
1.631001234054565430e-01,1.736940145492553711e+00,1.798494346439838409e-02
3.246077895164489746e-01,2.461446762084960938e+00,5.161444656550884247e-03
2.173152714967727661e-01,1.042887568473815918e+00,4.294462874531745911e-02
4.867788776755332947e-02,2.024466037750244141e+00,4.669421166181564331e-02
1.299415826797485352e-01,2.999965906143188477e+00,3.643143177032470703e-02
8.398148417472839355e-02,1.606162190437316895e+00,4.561572149395942688e-02
4.298836365342140198e-02,2.408112525939941406e+00,1.450878009200096130e-02
1.491467505693435669e-01,2.739073038101196289e+00,7.689442485570907593e-03
2.388634830713272095e-01,1.826908230781555176e+00,3.198017552495002747e-02
3.847422301769256592e-01,7.854269146919250488e-01,2.294349297881126404e-02
2.795535027980804443e-01,1.876457571983337402e+00,1.411591190844774246e-02
3.056027693673968315e-03,2.847763299942016602e+00,1.668570935726165771e-02
5.162413790822029114e-02,7.879105806350708008e-01,2.016479708254337311e-02
2.338121086359024048e-01,1.987240910530090332e+00,6.639479845762252808e-02
4.912844300270080566e-01,1.610405743122100830e-01,2.420549094676971436e-02
4.134939610958099365e-02,9.399421811103820801e-01,6.189568899571895599e-03
7.912567257881164551e-01,4.796694278717041016e+00,5.286192893981933594e-02
1.834338158369064331e-01,4.721695929765701294e-02,7.979631423950195312e-03
2.242176681756973267e-01,3.739444971084594727e+00,1.014440599828958511e-02
2.575544118881225586e-01,7.716484665870666504e-01,2.543497271835803986e-02
2.749381363391876221e-01,1.774192094802856445e+00,2.152506448328495026e-02
1.276991516351699829e-01,7.699028253555297852e-01,3.373013064265251160e-02
2.323176711797714233e-01,2.524984359741210938e+00,4.180120676755905151e-02
1.744633466005325317e-01,4.704043388366699219e+00,5.791628360748291016e-02
2.177273035049438477e-01,3.055532932281494141e+00,1.884663850069046021e-02
2.399586737155914307e-01,4.527723789215087891e-02,9.466888383030891418e-03
1.112867593765258789e-01,1.969481110572814941e+00,6.426890194416046143e-02
1.337277889251708984e-01,2.941008090972900391e+00,3.396687656641006470e-02
7.582876086235046387e-02,2.764986991882324219e+00,4.580913111567497253e-03
7.576444000005722046e-02,4.725928783416748047e+00,3.193842619657516479e-02
2.332015335559844971e-01,1.014564871788024902e+00,1.812531985342502594e-02
1.721711158752441406e-01,3.725355386734008789e+00,2.007842808961868286e-02
5.852698534727096558e-02,1.535230278968811035e+00,5.710998084396123886e-03
1.191684976220130920e-01,1.825379967689514160e+00,1.546412613242864609e-02
1.608267426490783691e-01,4.917392730712890625e+00,4.759893566370010376e-02
1.330515444278717041e-01,4.404131412506103516e+00,6.904886104166507721e-03
2.526208162307739258e-01,2.645686626434326172e+00,3.661417216062545776e-02
3.842539386823773384e-03,2.062926054000854492e+00,2.527787722647190094e-02
2.652628719806671143e-01,4.630918025970458984e+00,1.781451329588890076e-02
3.279887512326240540e-02,2.367006540298461914e+00,3.527488186955451965e-02
3.988061845302581787e-01,2.002579569816589355e-01,5.259179696440696716e-02
3.012629151344299316e-01,1.784754276275634766e+00,8.457791991531848907e-03
8.313024044036865234e-02,2.597471237182617188e+00,2.531306073069572449e-02
3.060747683048248291e-01,2.668154239654541016e+00,6.342156976461410522e-02
1.669887155294418335e-01,2.732758283615112305e+00,1.496093720197677612e-02
1.295292526483535767e-01,1.624955296516418457e+00,5.630937218666076660e-02
1.937099695205688477e-01,2.482934951782226562e+00,3.855327889323234558e-02
4.372087121009826660e-01,2.703344106674194336e+00,5.315278470516204834e-02
1.637662500143051147e-01,4.028292655944824219e+00,1.650194451212882996e-02
3.259809017181396484e-01,2.857556819915771484e+00,4.340878874063491821e-02
1.001704484224319458e-01,3.998375892639160156e+00,1.227620244026184082e-02
1.064024046063423157e-01,6.879600882530212402e-01,4.189824685454368591e-02
9.367071837186813354e-02,3.948598861694335938e+00,5.782796815037727356e-02
6.291212886571884155e-02,1.900218844413757324e+00,1.136034820228815079e-02
2.352643758058547974e-02,2.501122951507568359e+00,3.721988527104258537e-03
5.352476611733436584e-02,4.715879440307617188e+00,5.896713212132453918e-02
4.932819679379463196e-02,3.281935453414916992e+00,5.683005228638648987e-02
1.514279469847679138e-02,4.607755661010742188e+00,1.406559813767671585e-02
1.144908443093299866e-01,4.713891029357910156e+00,1.333443261682987213e-02
4.002334773540496826e-01,9.039394855499267578e-01,7.459199428558349609e-02
2.029258199036121368e-02,8.616924285888671875e-01,4.260643571615219116e-02
2.108660489320755005e-01,4.675252914428710938e+00,5.466917529702186584e-02
2.763089239597320557e-01,2.265916347503662109e+00,2.137643052265048027e-03
1.685043871402740479e-01,4.145530700683593750e+00,9.744358249008655548e-03
6.746681034564971924e-02,1.710471034049987793e+00,4.317414388060569763e-02
5.975202322006225586e-01,2.597562551498413086e+00,7.031660526990890503e-02
1.832994371652603149e-01,4.075380802154541016e+00,6.843443028628826141e-03
2.127676159143447876e-01,1.954008221626281738e+00,2.066675573587417603e-02
2.296294569969177246e-01,4.534039020538330078e+00,3.072658739984035492e-02
8.861529827117919922e-02,4.819476008415222168e-01,5.663366988301277161e-02
2.383334189653396606e-01,3.051932811737060547e+00,2.367804199457168579e-02
2.854105830192565918e-01,2.079212427139282227e+00,7.610151078552007675e-03
1.665605902671813965e-01,2.602132081985473633e+00,1.794001460075378418e-02
2.644349634647369385e-01,2.549350738525390625e+00,5.198838934302330017e-02
6.748507916927337646e-02,3.817959785461425781e+00,4.834179580211639404e-02
1.320779770612716675e-01,4.879858493804931641e+00,4.073210433125495911e-02
6.222935020923614502e-02,1.900611639022827148e+00,4.618322476744651794e-02
6.764923036098480225e-02,3.153895616531372070e+00,1.498919725418090820e-02
3.276290297508239746e-01,6.376562118530273438e-01,2.390130050480365753e-02
3.028058074414730072e-02,6.197217702865600586e-01,4.492850974202156067e-03
8.462398499250411987e-02,4.156954765319824219e+00,1.643526926636695862e-02
2.010089308023452759e-01,1.507017493247985840e+00,3.874458372592926025e-02
5.268893241882324219e-01,4.738855361938476562e+00,2.253975160419940948e-02
2.431553900241851807e-01,4.294829845428466797e+00,2.617906220257282257e-02
1.145057678222656250e-01,2.164289236068725586e+00,2.000764943659305573e-02
3.213101625442504883e-01,2.752590894699096680e+00,5.529258400201797485e-02
1.901220828294754028e-01,8.313773870468139648e-01,3.880930691957473755e-02
2.529172785580158234e-02,1.800896227359771729e-01,1.841089315712451935e-02
1.687386929988861084e-01,4.587928295135498047e+00,2.024747431278228760e-02
5.161239206790924072e-02,6.227443814277648926e-01,1.955405622720718384e-02
9.482427835464477539e-01,8.133133649826049805e-01,7.975631393492221832e-03
2.520371675491333008e-01,3.087066650390625000e+00,2.471816912293434143e-02
8.027390390634536743e-02,4.800947189331054688e+00,4.370138794183731079e-02
4.515711590647697449e-02,1.221012830734252930e+00,4.141993075609207153e-02
2.160320281982421875e-01,3.859973430633544922e+00,1.833396032452583313e-02
8.996307104825973511e-02,3.868759393692016602e+00,5.028761923313140869e-02
2.332120686769485474e-01,2.563989162445068359e+00,9.671410173177719116e-02
2.370209060609340668e-02,2.828725814819335938e+00,4.509263113141059875e-02
9.244316071271896362e-02,2.234724014997482300e-01,4.052520915865898132e-02
1.361092180013656616e-01,5.659762620925903320e-01,1.922191493213176727e-02
5.359326489269733429e-03,3.942424774169921875e+00,5.998089537024497986e-02
1.586274243891239166e-02,1.460790783166885376e-01,2.579183690249919891e-02
2.253900021314620972e-01,3.040351271629333496e-01,8.891177363693714142e-03
3.431683778762817383e-01,8.832947611808776855e-01,5.725317820906639099e-02
6.099730357527732849e-02,6.582755446434020996e-01,3.313744440674781799e-02
8.516775816679000854e-02,2.386960744857788086e+00,2.872065268456935883e-02
3.524647355079650879e-01,8.601822853088378906e-01,8.311261422932147980e-03
