omega,lambda_p,pi_bar
1.160733625292778015e-01,3.298171758651733398e+00,3.007232584059238434e-02
1.486037820577621460e-01,4.585359573364257812e+00,3.734933212399482727e-02
4.805883020162582397e-02,4.956162571907043457e-01,4.385389760136604309e-02
1.318668574094772339e-01,4.545988559722900391e+00,4.415984079241752625e-02
1.090549379587173462e-01,7.655801177024841309e-01,8.649110049009323120e-02
1.502540558576583862e-01,3.062967777252197266e+00,3.673626855015754700e-02
1.564502865076065063e-01,4.286495685577392578e+00,3.464018553495407104e-02
2.000274322926998138e-02,2.998192310333251953e+00,1.653977185487747192e-01
1.797316521406173706e-01,2.067601680755615234e+00,3.029386512935161591e-02
9.264554828405380249e-02,4.436691284179687500e+00,1.033983528614044189e-01
8.930871635675430298e-02,7.533785104751586914e-01,5.008045211434364319e-02
4.757335409522056580e-02,3.468119382858276367e+00,4.119599610567092896e-02
8.386281132698059082e-02,3.626179218292236328e+00,2.689657919108867645e-02
1.373189240694046021e-01,3.236239910125732422e+00,2.354182861745357513e-02
1.748980134725570679e-01,2.631798028945922852e+00,2.464670315384864807e-02
3.502146527171134949e-02,3.665524244308471680e+00,4.418018460273742676e-02
2.987008988857269287e-01,1.483705520629882812e+00,4.970445483922958374e-02
6.715921312570571899e-02,2.054769039154052734e+00,2.034180760383605957e-01
6.966465711593627930e-02,5.470446348190307617e-01,9.232828766107559204e-02
7.488358020782470703e-02,1.065157055854797363e-01,4.020924493670463562e-02
5.482049658894538879e-02,3.505155324935913086e+00,3.643099218606948853e-02
1.872451901435852051e-01,2.666122913360595703e+00,2.903325110673904419e-02
9.715393185615539551e-02,3.067966699600219727e+00,1.161671876907348633e-01
2.597854137420654297e-01,2.038194417953491211e+00,3.611234202980995178e-02
5.287167616188526154e-03,3.666584491729736328e+00,3.771574422717094421e-02
2.948145866394042969e-01,4.156345844268798828e+00,1.849532872438430786e-02
1.113268658518791199e-01,1.144360184669494629e+00,1.975598186254501343e-01
1.271923035383224487e-01,3.777263641357421875e+00,4.258088394999504089e-02
5.754512734711170197e-03,2.495613813400268555e+00,3.128527849912643433e-02
4.304507374763488770e-02,4.390536785125732422e+00,3.428463637828826904e-02
6.363328546285629272e-02,2.190314292907714844e+00,2.511356025934219360e-02
2.612025849521160126e-02,4.593822002410888672e+00,1.459485441446304321e-01
7.906923443078994751e-02,3.503082036972045898e+00,3.378462418913841248e-02
3.194806352257728577e-02,4.673391878604888916e-01,3.410347923636436462e-02
1.131153553724288940e-01,2.277237653732299805e+00,2.464420795440673828e-01
8.430296927690505981e-02,4.328450262546539307e-01,3.571338951587677002e-02
9.071081876754760742e-02,1.810731530189514160e+00,4.837583750486373901e-02
2.962891757488250732e-01,2.844031572341918945e+00,7.751901447772979736e-02
5.350018292665481567e-02,2.931254148483276367e+00,2.830591052770614624e-02
1.254890561103820801e-01,3.526930332183837891e+00,1.246686801314353943e-01
9.509835392236709595e-02,2.917907953262329102e+00,4.906602576375007629e-02
5.279773101210594177e-02,3.332443714141845703e+00,2.705472707748413086e-02
2.450390951707959175e-03,2.843899488449096680e+00,5.155814439058303833e-02
4.827998578548431396e-02,1.442383289337158203e+00,5.920458585023880005e-02
1.475165337324142456e-01,4.577721118927001953e+00,3.259862586855888367e-02
1.040020510554313660e-01,2.798831701278686523e+00,3.341641649603843689e-02
6.737069785594940186e-02,3.627529621124267578e+00,2.248645760118961334e-02
9.018479287624359131e-02,2.950852394104003906e+00,2.696740254759788513e-02
1.033245697617530823e-01,3.628113746643066406e+00,3.108434192836284637e-02
1.226214095950126648e-01,2.525018930435180664e+00,4.119020700454711914e-02
1.397244036197662354e-01,3.170555353164672852e+00,7.429724931716918945e-02
2.253162264823913574e-01,4.557938575744628906e+00,5.295589566230773926e-02
1.073032692074775696e-01,2.929341554641723633e+00,3.965844959020614624e-02
1.476030237972736359e-02,1.108975648880004883e+00,1.006794124841690063e-01
3.259114176034927368e-02,2.291814088821411133e+00,8.455269783735275269e-02
5.850609764456748962e-02,2.650285065174102783e-01,9.997185319662094116e-02
1.283741295337677002e-01,2.695781707763671875e+00,3.727579116821289062e-02
2.285366654396057129e-01,4.192025661468505859e-01,2.600868232548236847e-02
7.395714521408081055e-02,3.515835762023925781e+00,2.944768220186233521e-02
9.622470289468765259e-02,3.039877176284790039e+00,4.564942046999931335e-02
2.352812290191650391e-01,4.631915092468261719e+00,2.688330598175525665e-02
8.200876414775848389e-02,4.540477693080902100e-01,4.357788339257240295e-02
6.961823999881744385e-02,3.916263580322265625e-01,4.476828873157501221e-02
2.303711473941802979e-01,4.459531784057617188e+00,2.096699923276901245e-02
5.901986360549926758e-02,3.311697244644165039e+00,3.241337090730667114e-02
6.440788507461547852e-02,3.430202960968017578e+00,3.646917268633842468e-02
6.493104249238967896e-02,7.961840033531188965e-01,1.046122759580612183e-01
8.413397520780563354e-02,3.495477914810180664e+00,6.047980487346649170e-02
1.838661581277847290e-01,4.436110496520996094e+00,3.333811461925506592e-02
7.510006427764892578e-02,3.099298238754272461e+00,5.532163754105567932e-02
6.664700061082839966e-02,8.602380156517028809e-01,2.715860307216644287e-02
8.564003743231296539e-03,3.414008378982543945e+00,6.856589019298553467e-02
6.715323776006698608e-02,4.630826473236083984e+00,4.447234049439430237e-02
3.100203275680541992e-01,4.897135257720947266e+00,1.882458664476871490e-02
8.373591303825378418e-02,3.831201553344726562e+00,2.732479572296142578e-02
3.301803171634674072e-01,4.121301651000976562e+00,1.711602881550788879e-02
1.249542608857154846e-01,3.707216024398803711e+00,1.409311890602111816e-01
1.376184672117233276e-01,2.884181499481201172e+00,3.449669480323791504e-02
6.169230490922927856e-02,2.941873788833618164e+00,7.318699359893798828e-02
7.863835990428924561e-02,1.838225007057189941e+00,2.588200196623802185e-02
6.765232235193252563e-02,1.679396033287048340e+00,2.967214211821556091e-02
1.307799220085144043e-01,1.199973672628402710e-01,3.414186462759971619e-02
8.134834468364715576e-02,2.848796844482421875e+00,3.540657460689544678e-02
3.492392599582672119e-02,2.140509784221649170e-01,3.873765096068382263e-02
7.487328350543975830e-02,4.235199451446533203e+00,1.083607599139213562e-01
8.106274902820587158e-02,3.239171743392944336e+00,4.204617813229560852e-02
8.168789744377136230e-02,3.047027826309204102e+00,1.603915989398956299e-01
8.792091161012649536e-02,2.687687575817108154e-01,4.978245496749877930e-02
1.762946993112564087e-01,5.999337434768676758e-01,2.609774842858314514e-02
1.160477399826049805e-01,1.752586007118225098e+00,2.331470511853694916e-02
6.207054108381271362e-02,2.786618471145629883e+00,3.267677500844001770e-02
7.002665847539901733e-02,2.076049566268920898e+00,4.006257653236389160e-02
5.566024035215377808e-02,1.999079883098602295e-01,2.843330986797809601e-02
1.884748786687850952e-02,8.639999032020568848e-01,1.029640361666679382e-01
1.207968965172767639e-01,1.091699123382568359e+00,1.175072342157363892e-01
7.934603095054626465e-02,2.039071619510650635e-01,3.878761455416679382e-02
3.379043191671371460e-02,3.811935186386108398e+00,3.237180784344673157e-02
1.779422610998153687e-01,4.134561061859130859e+00,2.811245433986186981e-02
7.895052433013916016e-02,2.536062240600585938e+00,3.366906195878982544e-02
7.238931953907012939e-02,3.360035181045532227e+00,3.854978084564208984e-02
4.222743585705757141e-02,3.142887830734252930e+00,1.950917989015579224e-01
1.199712790548801422e-02,3.621318578720092773e+00,2.531103193759918213e-01
5.342761427164077759e-02,1.343639373779296875e+00,3.506727144122123718e-02
6.221494823694229126e-02,4.701840400695800781e+00,4.807973653078079224e-02
8.402969688177108765e-02,1.185742497444152832e+00,4.984067007899284363e-02
1.101256385445594788e-01,3.584814786911010742e+00,3.301418200135231018e-02
3.657937282696366310e-03,9.849254041910171509e-02,3.482436388731002808e-02
7.012412697076797485e-02,4.385376930236816406e+00,7.431298494338989258e-02
1.424780786037445068e-01,2.628569602966308594e+00,1.091828495264053345e-01
5.986779183149337769e-02,4.562660217285156250e+00,4.933245852589607239e-02
1.195890381932258606e-01,3.116004705429077148e+00,4.983611032366752625e-02
6.871411949396133423e-02,4.339819908142089844e+00,7.961269468069076538e-02
7.879889756441116333e-02,2.710646390914916992e+00,3.583920001983642578e-02
6.741431355476379395e-02,4.348094463348388672e+00,1.264284849166870117e-01
6.146465986967086792e-02,3.572368860244750977e+00,2.458131313323974609e-02
8.427672088146209717e-02,3.518265962600708008e+00,6.021209433674812317e-02
3.845724835991859436e-02,4.575031280517578125e+00,6.611589342355728149e-02
1.508966088294982910e-01,2.445345640182495117e+00,4.281584918498992920e-02
2.178301103413105011e-02,3.829386234283447266e-01,3.472361341118812561e-02
9.751717746257781982e-02,2.472799539566040039e+00,1.098787784576416016e-01
2.979833073914051056e-02,2.538618087768554688e+00,3.025522455573081970e-02
9.016386419534683228e-02,2.815700292587280273e+00,2.315045893192291260e-02
2.847103960812091827e-02,3.585632562637329102e+00,5.957581475377082825e-02
3.412914276123046875e-01,4.103104591369628906e+00,1.340941898524761200e-02
1.414686590433120728e-01,2.923857212066650391e+00,3.675297647714614868e-02
7.559573650360107422e-02,2.779020786285400391e+00,7.381132990121841431e-02
2.072919718921184540e-02,3.552369356155395508e+00,1.005321368575096130e-01
7.208780199289321899e-02,2.838781595230102539e+00,1.116850674152374268e-01
9.083039313554763794e-02,2.833742618560791016e+00,9.233755618333816528e-02
1.350049525499343872e-01,3.609842061996459961e+00,3.424476459622383118e-02
7.044513523578643799e-02,2.668461084365844727e+00,3.348934277892112732e-02
5.595931038260459900e-02,4.305385112762451172e+00,2.732894569635391235e-02
7.671776413917541504e-02,1.858831882476806641e+00,1.845215857028961182e-01
2.690556943416595459e-01,4.575536251068115234e+00,2.414951100945472717e-02
2.089698016643524170e-01,2.664500713348388672e+00,4.357952252030372620e-02
6.181744113564491272e-02,3.271450996398925781e+00,2.475900053977966309e-01
2.550161480903625488e-01,3.527644872665405273e+00,2.263153716921806335e-02
7.391611486673355103e-02,3.477282762527465820e+00,4.991251602768898010e-02
2.615770399570465088e-01,2.645971059799194336e+00,1.583445630967617035e-02
2.325232475996017456e-01,3.232964515686035156e+00,3.603516519069671631e-02
2.943269610404968262e-01,1.448861598968505859e+00,4.728377610445022583e-02
7.532297819852828979e-02,4.208007812500000000e+00,2.729758433997631073e-02
7.498118281364440918e-02,3.475798368453979492e+00,9.544361382722854614e-02
4.800649583339691162e-01,2.280740976333618164e+00,3.046431019902229309e-02
3.282244503498077393e-02,3.502732515335083008e+00,2.943405136466026306e-02
1.512055546045303345e-01,4.331257820129394531e+00,2.693050540983676910e-02
7.981617003679275513e-02,2.749200820922851562e+00,3.087838180363178253e-02
1.017644815146923065e-02,3.689070701599121094e+00,3.164292871952056885e-02
5.655807629227638245e-02,1.391310572624206543e+00,5.027416348457336426e-02
9.236577898263931274e-03,3.451284170150756836e+00,4.965264722704887390e-02
4.469382017850875854e-02,2.843259572982788086e+00,2.890549413859844208e-02
6.835546344518661499e-02,2.953911066055297852e+00,3.877669945359230042e-02
9.685727953910827637e-02,4.334994792938232422e+00,7.856290787458419800e-02
7.458951324224472046e-02,5.840917229652404785e-01,4.357501491904258728e-02
1.076826453208923340e-01,6.328377723693847656e-01,2.614899538457393646e-02
6.644812971353530884e-02,3.111458063125610352e+00,3.033281303942203522e-02
1.753929629921913147e-02,3.251433849334716797e+00,3.398981317877769470e-02
1.105458438396453857e-01,3.177746772766113281e+00,1.104501262307167053e-01
1.075497344136238098e-01,1.913777232170104980e+00,8.402614295482635498e-02
1.603597253561019897e-01,4.269303321838378906e+00,5.439207702875137329e-02
7.953833788633346558e-02,5.513619780540466309e-01,3.477947413921356201e-02
5.684540420770645142e-02,3.991769552230834961e+00,2.604388818144798279e-02
5.356590822339057922e-02,2.926437139511108398e+00,3.955277800559997559e-02
7.185663282871246338e-02,3.139132022857666016e+00,4.348174482583999634e-02
3.254658356308937073e-02,1.200832486152648926e+00,4.736443608999252319e-02
1.419658809900283813e-01,2.953992128372192383e+00,3.068226203322410583e-02
4.209038615226745605e-02,3.643135547637939453e+00,3.498625382781028748e-02
3.216012120246887207e-01,2.780885457992553711e+00,5.024525895714759827e-02
9.154962748289108276e-02,7.795157432556152344e-01,4.525636136531829834e-02
1.101867780089378357e-01,3.215285778045654297e+00,2.128252387046813965e-02
9.043174237012863159e-02,3.631502389907836914e+00,2.834988012909889221e-02
2.834393642842769623e-03,2.953161716461181641e+00,5.122411996126174927e-02
8.087533712387084961e-02,2.754790544509887695e+00,2.466110512614250183e-02
7.577319443225860596e-02,3.226426124572753906e+00,4.032716527581214905e-02
1.205839961767196655e-01,2.858732700347900391e+00,2.477610111236572266e-02
5.757738649845123291e-02,9.111391752958297729e-02,5.855237320065498352e-02
2.595276236534118652e-01,4.158950328826904297e+00,2.212743014097213745e-01
7.351832836866378784e-02,5.360211730003356934e-01,3.594420477747917175e-02
2.493392378091812134e-01,7.213325500488281250e-01,2.529548481106758118e-02
1.854703426361083984e-01,3.240646123886108398e+00,1.120143756270408630e-01
5.388318374752998352e-02,3.512597560882568359e+00,3.770036995410919189e-02
1.316077858209609985e-01,3.214802026748657227e+00,1.174018681049346924e-01
1.970868855714797974e-01,1.046635150909423828e+00,2.678983286023139954e-02
5.092655494809150696e-02,3.996982097625732422e+00,2.174177020788192749e-01
6.929730623960494995e-02,2.361689805984497070e+00,2.477046400308609009e-01
7.442555576562881470e-02,3.410906553268432617e+00,3.304723650217056274e-02
1.694208569824695587e-02,1.545225262641906738e+00,3.546540811657905579e-02
2.976966463029384613e-02,3.037771701812744141e+00,2.340637445449829102e-01
8.970867842435836792e-02,2.757582664489746094e+00,6.651807576417922974e-02
9.925185143947601318e-02,3.120966196060180664e+00,6.165596470236778259e-02
6.157145276665687561e-02,5.865248441696166992e-01,3.988849371671676636e-02
6.611790508031845093e-02,4.448516070842742920e-01,4.230625182390213013e-02
3.776526078581809998e-02,3.295987129211425781e+00,3.579666465520858765e-02
6.689084321260452271e-02,3.039844036102294922e+00,4.502590745687484741e-02
1.076707616448402405e-01,4.080662727355957031e+00,1.128904372453689575e-01
3.137086331844329834e-01,1.735223054885864258e+00,1.256284713745117188e-01
8.187164366245269775e-02,3.252142429351806641e+00,2.675278112292289734e-02
4.110620170831680298e-02,6.365119218826293945e-01,4.519911855459213257e-02
3.133634477853775024e-02,2.657274484634399414e+00,1.335611790418624878e-01
1.637350618839263916e-01,4.410912990570068359e+00,4.460640251636505127e-02
2.762850522994995117e-01,4.033845424652099609e+00,2.626804076135158539e-02
4.806346073746681213e-02,4.503486156463623047e+00,4.402772709727287292e-02
6.228630244731903076e-02,1.643957942724227905e-01,4.590416699647903442e-02
2.789800167083740234e-01,2.431083202362060547e+00,1.088019926100969315e-02
2.174570970237255096e-02,3.821146011352539062e+00,3.014847822487354279e-02
1.856185146607458591e-03,3.138350248336791992e+00,5.345083400607109070e-02
1.426929533481597900e-01,2.929678201675415039e+00,3.612725436687469482e-02
6.506947427988052368e-02,6.418865323066711426e-01,3.643509373068809509e-02
9.214466065168380737e-02,4.160232067108154297e+00,4.321516305208206177e-02
6.744001060724258423e-02,5.625745654106140137e-01,3.110407292842864990e-02
1.303646713495254517e-01,4.220573425292968750e+00,5.022716894745826721e-02
7.330954074859619141e-02,2.064827978610992432e-01,6.477400660514831543e-02
7.391411066055297852e-02,3.544466257095336914e+00,4.116171225905418396e-02
2.112301886081695557e-01,1.377830624580383301e+00,3.213269263505935669e-02
7.324516028165817261e-02,3.371955633163452148e+00,2.963509038090705872e-02
2.765155136585235596e-01,1.224194765090942383e+00,3.515136986970901489e-02
7.200957089662551880e-02,3.035592317581176758e+00,9.017305821180343628e-02
3.418372571468353271e-02,3.049742698669433594e+00,2.835864201188087463e-02
7.830737531185150146e-02,2.064362525939941406e+00,2.648214995861053467e-02
1.908003725111484528e-02,2.269696712493896484e+00,3.428750485181808472e-02
1.360085904598236084e-01,3.390924453735351562e+00,3.906814008951187134e-02
5.308682098984718323e-02,4.739051342010498047e+00,3.344957530498504639e-02
7.004828006029129028e-02,2.887046813964843750e+00,1.125523075461387634e-01
2.711650729179382324e-01,3.879717588424682617e+00,2.607304789125919342e-02
1.299816649407148361e-02,4.028223514556884766e+00,4.392441362142562866e-02
7.804091274738311768e-02,1.598279118537902832e+00,2.597224712371826172e-02
3.754279762506484985e-02,3.231988191604614258e+00,4.027868434786796570e-02
1.196425333619117737e-01,2.756777048110961914e+00,6.024980917572975159e-02
5.235715210437774658e-02,3.071106910705566406e+00,3.039235994219779968e-02
1.009901911020278931e-01,1.714283108711242676e+00,7.956410944461822510e-02
2.185571566224098206e-02,3.057148218154907227e+00,3.874953836202621460e-02
5.949885025620460510e-02,2.684994220733642578e+00,4.993993416428565979e-02
3.068415522575378418e-01,3.159049272537231445e+00,3.174696117639541626e-02
8.438192307949066162e-02,2.942909002304077148e+00,3.396952152252197266e-02
5.683825612068176270e-01,1.253220677375793457e+00,2.150488272309303284e-02
1.016926467418670654e-01,4.326570034027099609e+00,2.724372409284114838e-02
8.997503668069839478e-02,2.641939401626586914e+00,3.427874296903610229e-02
2.768320962786674500e-03,4.318316459655761719e+00,3.897927701473236084e-02
7.067042589187622070e-02,2.884722948074340820e+00,6.952532380819320679e-02
1.836904883384704590e-01,4.902488708496093750e+00,4.626827314496040344e-02
1.007654517889022827e-01,3.011330842971801758e+00,1.207724586129188538e-01
5.087937414646148682e-02,3.407668352127075195e+00,3.241552039980888367e-02
2.744071185588836670e-02,3.023169517517089844e+00,4.794726520776748657e-02
1.910523772239685059e-01,4.671441078186035156e+00,4.464775696396827698e-02
9.165234863758087158e-02,1.741510868072509766e+00,5.839596688747406006e-02
1.817829459905624390e-01,4.963498592376708984e+00,4.136300832033157349e-02
3.912219032645225525e-02,1.547598600387573242e+00,1.013642773032188416e-01
1.505861133337020874e-01,2.760888814926147461e+00,5.491176992654800415e-02
6.920135766267776489e-02,2.890453815460205078e+00,2.511253394186496735e-02
6.760151684284210205e-02,2.872905254364013672e+00,4.534927010536193848e-02
2.874127626419067383e-01,2.577422142028808594e+00,3.050730749964714050e-02
1.107932776212692261e-01,1.326127648353576660e+00,2.475867792963981628e-02
4.213583841919898987e-02,2.858306169509887695e+00,1.784132122993469238e-01
1.891870647668838501e-01,2.597973823547363281e+00,3.784493729472160339e-02
9.767854213714599609e-02,4.560045242309570312e+00,2.348623722791671753e-01
4.530163109302520752e-02,6.892896890640258789e-01,7.324874401092529297e-02
4.798644036054611206e-02,4.492071628570556641e+00,3.430810570716857910e-02
1.465817075222730637e-02,3.846048116683959961e+00,5.084069445729255676e-02
1.627712249755859375e-01,3.418938398361206055e+00,3.377042710781097412e-02
1.108973100781440735e-01,1.547969579696655273e+00,7.723495364189147949e-02
6.275123357772827148e-02,2.415846824645996094e+00,5.102938413619995117e-02
1.025931090116500854e-01,2.912542819976806641e+00,3.425265848636627197e-02
8.383931964635848999e-02,4.204499721527099609e+00,8.016400039196014404e-02
6.319270282983779907e-02,1.926687598228454590e+00,7.483974099159240723e-02
8.949477970600128174e-02,3.515068531036376953e+00,2.877071686089038849e-02
7.889985293149948120e-02,3.931703805923461914e+00,2.542806044220924377e-02
5.648488923907279968e-02,3.750594854354858398e+00,6.411354243755340576e-02
8.809722959995269775e-02,2.973802804946899414e+00,3.287300094962120056e-02
5.639850720763206482e-02,2.728811264038085938e+00,2.531675249338150024e-02
2.628894522786140442e-02,4.690868854522705078e+00,3.299888968467712402e-01
2.167351841926574707e-01,3.279103755950927734e+00,1.373370289802551270e-01
6.984964758157730103e-02,3.714675188064575195e+00,3.713081777095794678e-02
6.193714961409568787e-02,3.021676301956176758e+00,2.146117016673088074e-02
1.022427752614021301e-01,3.073518514633178711e+00,3.394210338592529297e-02
1.114392206072807312e-01,4.078296661376953125e+00,1.986340619623661041e-02
6.754777580499649048e-02,3.388252854347229004e-01,3.856756538152694702e-02
5.659333989024162292e-02,4.592431545257568359e+00,4.004146531224250793e-02
3.037447333335876465e-01,1.905822277069091797e+00,2.452202141284942627e-02
1.482167094945907593e-01,2.122913360595703125e+00,1.141376197338104248e-01
4.242375493049621582e-02,3.313911914825439453e+00,3.380107507109642029e-02
7.595176249742507935e-02,4.214172363281250000e+00,1.000339165329933167e-01
1.019696444272994995e-01,3.345851182937622070e+00,4.118718206882476807e-02
3.694893792271614075e-03,2.377417087554931641e-01,4.223537817597389221e-02
4.230798222124576569e-03,3.407076120376586914e+00,1.663965582847595215e-01
1.364769935607910156e-01,4.405672550201416016e+00,4.167971387505531311e-02
1.262190043926239014e-01,3.245929241180419922e+00,2.137727849185466766e-02
7.740895450115203857e-02,1.731751710176467896e-01,3.883455693721771240e-02
7.377636432647705078e-02,3.753675460815429688e+00,3.377750143408775330e-02
1.336158066987991333e-01,2.044497966766357422e+00,4.110867157578468323e-02
1.203489229083061218e-01,1.966041684150695801e+00,7.431010901927947998e-02
1.844124309718608856e-02,1.231802254915237427e-01,4.039337486028671265e-02
2.667402029037475586e-01,4.959670543670654297e+00,2.282535098493099213e-02
2.424079366028308868e-02,8.239787220954895020e-01,7.568065077066421509e-02
8.613083511590957642e-02,2.336178779602050781e+00,1.310389786958694458e-01
7.340593636035919189e-02,3.485580444335937500e+00,4.899530857801437378e-02
3.190261721611022949e-01,5.786037445068359375e-01,2.571263164281845093e-02
1.014753952622413635e-01,2.757320880889892578e+00,2.274171635508537292e-02
9.794746339321136475e-02,3.593474864959716797e+00,3.726149350404739380e-02
3.211255669593811035e-01,2.794037103652954102e+00,4.669731110334396362e-02
4.160055518150329590e-02,2.608603239059448242e+00,5.102948471903800964e-02
5.465084314346313477e-02,4.836149811744689941e-01,7.275513559579849243e-02
3.016233444213867188e-01,4.009754180908203125e+00,9.982565045356750488e-02
1.200963780283927917e-01,1.008447110652923584e-01,6.144810840487480164e-02
9.065137803554534912e-02,2.814989328384399414e+00,5.092396959662437439e-02
1.868909224867820740e-02,3.333076953887939453e+00,3.326442092657089233e-02
9.683099389076232910e-02,3.600766658782958984e+00,5.504280701279640198e-02
8.741664141416549683e-02,4.499424457550048828e+00,3.165522962808609009e-02
1.316705048084259033e-01,4.321890354156494141e+00,4.826837405562400818e-02
1.275428831577301025e-01,2.796469926834106445e+00,3.179441392421722412e-02
1.173187270760536194e-01,4.158769607543945312e+00,3.315296024084091187e-02
2.169700898230075836e-02,3.321297407150268555e+00,1.828238368034362793e-01
1.324116438627243042e-01,4.291658401489257812e+00,7.612551748752593994e-02
3.081919439136981964e-02,4.624480724334716797e+00,3.672955557703971863e-02
1.446195598691701889e-02,3.221507072448730469e+00,3.140074014663696289e-02
2.768531143665313721e-01,9.240314364433288574e-01,2.581158839166164398e-02
3.495214506983757019e-02,2.972145557403564453e+00,3.797074779868125916e-02
1.206962093710899353e-01,3.175660610198974609e+00,5.618344992399215698e-02
1.718127727508544922e-01,3.215985536575317383e+00,2.783808112144470215e-02
5.213444679975509644e-02,4.354683399200439453e+00,4.363686963915824890e-02
1.443480886518955231e-02,3.593518733978271484e+00,4.362200573086738586e-02
4.363226890563964844e-02,4.014100551605224609e+00,3.804828226566314697e-02
7.843662053346633911e-02,2.774359226226806641e+00,6.694429367780685425e-02
8.966028690338134766e-02,4.043972492218017578e+00,9.725184738636016846e-02
3.757167141884565353e-03,3.126309633255004883e+00,1.469706445932388306e-01
1.605742424726486206e-01,3.416330337524414062e+00,4.220411926507949829e-02
9.158499538898468018e-02,2.952710628509521484e+00,2.820259705185890198e-02
7.126049022190272808e-04,3.264224290847778320e+00,1.307215094566345215e-01
2.776613235473632812e-01,3.159957408905029297e+00,3.042587637901306152e-02
5.109327286481857300e-02,1.161211848258972168e+00,4.252476990222930908e-02
5.772842466831207275e-02,4.017939090728759766e+00,3.266714140772819519e-02
1.645300090312957764e-01,3.248862981796264648e+00,4.773981869220733643e-02
3.809120506048202515e-02,2.508017718791961670e-01,3.067591190338134766e-01
1.088336855173110962e-01,3.114890813827514648e+00,1.927651017904281616e-01
9.021566808223724365e-02,7.366425544023513794e-02,4.300361499190330505e-02
9.062602370977401733e-02,2.127031564712524414e+00,8.411602675914764404e-02
2.355999872088432312e-02,2.980329513549804688e+00,5.998092144727706909e-02
8.009189367294311523e-02,3.203027486801147461e+00,3.901499509811401367e-02
2.490929365158081055e-01,4.276200294494628906e+00,2.879500761628150940e-02
6.461574137210845947e-02,3.236781835556030273e+00,2.732633240520954132e-02
8.347742259502410889e-02,3.384284973144531250e+00,5.256944522261619568e-02
6.158551201224327087e-02,3.305567979812622070e+00,3.863234072923660278e-02
1.189185306429862976e-01,1.970143198966979980e+00,6.142232939600944519e-02
6.567663699388504028e-02,1.242535591125488281e+00,4.178005456924438477e-02
6.366112083196640015e-02,4.262869358062744141e+00,1.666487008333206177e-01
7.979990541934967041e-02,4.623666763305664062e+00,2.558197379112243652e-01
2.778875827789306641e-02,1.235728859901428223e-01,5.396391451358795166e-02
9.251187741756439209e-02,2.958896160125732422e+00,1.789753735065460205e-01
1.089130192995071411e-01,4.470880985260009766e+00,4.122351855039596558e-02
8.144543319940567017e-02,2.955271005630493164e+00,4.309150204062461853e-02
8.438620716333389282e-02,4.514332294464111328e+00,3.896421194076538086e-02
3.266980648040771484e-01,2.641293048858642578e+00,7.118376344442367554e-02
9.231839329004287720e-02,4.253999233245849609e+00,2.747914940118789673e-02
8.087989874184131622e-03,2.903998136520385742e+00,3.216938674449920654e-02
1.099336054176092148e-02,3.508998394012451172e+00,1.996873766183853149e-01
5.708983540534973145e-02,3.158354282379150391e+00,5.341655015945434570e-02
3.683464974164962769e-02,9.612418413162231445e-01,3.566475585103034973e-02
2.984078042209148407e-02,3.418113470077514648e+00,3.851175680756568909e-02
1.056987978518009186e-02,2.687262058258056641e+00,5.402033403515815735e-02
4.863058775663375854e-02,3.390726327896118164e+00,3.572532907128334045e-02
2.362538129091262817e-02,5.575122833251953125e-01,3.713296726346015930e-02
3.196540102362632751e-02,3.114634037017822266e+00,1.313937604427337646e-01
2.002287842333316803e-02,2.803891181945800781e+00,1.935632079839706421e-01
6.304153054952621460e-02,8.672671318054199219e-01,4.982903599739074707e-02
6.412725895643234253e-02,6.620880365371704102e-01,3.432906791567802429e-02
1.392297819256782532e-02,7.665207386016845703e-01,3.098881803452968597e-02
6.531636230647563934e-03,5.929907560348510742e-01,4.141225665807723999e-02
2.129631787538528442e-01,3.004995346069335938e+00,3.824455663561820984e-02
5.765944719314575195e-03,3.691416025161743164e+00,4.532738775014877319e-02
1.318940799683332443e-02,4.748213291168212891e+00,2.650659978389739990e-01
1.971458196640014648e-01,2.612273454666137695e+00,5.587535724043846130e-02
1.510059982538223267e-01,3.235006809234619141e+00,2.993590757250785828e-02
9.594310820102691650e-02,4.339184284210205078e+00,4.288226366043090820e-02
3.761912882328033447e-02,4.065425395965576172e+00,2.120300978422164917e-01
1.407226771116256714e-01,3.223957777023315430e+00,7.781644910573959351e-02
2.180155925452709198e-02,3.162333965301513672e+00,4.646767675876617432e-02
2.078974097967147827e-01,3.389282941818237305e+00,2.993457578122615814e-02
5.866860598325729370e-02,4.355039596557617188e+00,4.223758354783058167e-02
2.158807404339313507e-02,9.713532924652099609e-01,9.622009843587875366e-02
1.858772784471511841e-01,3.170646429061889648e+00,2.358308248221874237e-02
4.258606433868408203e-01,2.408485412597656250e+00,3.539238125085830688e-02
9.680657833814620972e-02,2.800131797790527344e+00,2.514097653329372406e-02
1.990534365177154541e-01,4.902376651763916016e+00,1.113202422857284546e-01
7.093216478824615479e-02,2.892503261566162109e+00,6.765206158161163330e-02
5.837153792381286621e-01,2.919812679290771484e+00,1.993771269917488098e-02
1.419498473405838013e-01,1.098299264907836914e+00,2.152287028729915619e-02
6.693170964717864990e-02,2.082078456878662109e+00,3.746325150132179260e-02
6.872502714395523071e-02,4.139773845672607422e+00,8.625019341707229614e-02
5.466945841908454895e-02,5.495343208312988281e-01,3.688652440905570984e-02
7.530208677053451538e-02,4.243914127349853516e+00,8.733308315277099609e-02
3.298878669738769531e-02,3.419766902923583984e+00,4.891643673181533813e-02
1.615853756666183472e-01,2.568194389343261719e+00,3.536675870418548584e-02
3.171252012252807617e-01,1.988354563713073730e+00,2.897011674940586090e-02
7.291655987501144409e-02,3.532183170318603516e+00,3.477255254983901978e-02
6.751952320337295532e-02,1.403019785881042480e+00,1.106427088379859924e-01
2.600624598562717438e-02,6.052470207214355469e-01,3.000544942915439606e-02
5.906880646944046021e-02,5.781552791595458984e-01,4.090824723243713379e-02
6.083446368575096130e-02,2.019723415374755859e+00,5.237480998039245605e-02
6.555478274822235107e-02,3.734940767288208008e+00,2.705744281411170959e-02
7.128649950027465820e-02,3.150098800659179688e+00,3.380532562732696533e-02
4.138199612498283386e-03,2.871490240097045898e+00,7.195743918418884277e-02
1.187009364366531372e-01,3.584901094436645508e+00,8.147324621677398682e-02
2.656761407852172852e-01,3.096196889877319336e+00,4.070818051695823669e-02
1.692582815885543823e-01,4.035269737243652344e+00,3.594973683357238770e-02
6.928732246160507202e-02,4.562342643737792969e+00,2.558455169200897217e-01
8.408130146563053131e-03,2.173997759819030762e-01,5.189426988363265991e-02
8.203860372304916382e-02,2.925852298736572266e+00,1.710262298583984375e-01
5.031718872487545013e-03,2.333029747009277344e+00,3.542497381567955017e-02
5.907657742500305176e-02,2.094907760620117188e+00,3.092491440474987030e-02
1.052611246705055237e-01,4.403805732727050781e+00,3.457827866077423096e-02
1.301605403423309326e-01,3.643088102340698242e+00,6.011646613478660583e-02
7.880546152591705322e-02,2.655150413513183594e+00,4.409675672650337219e-02
1.954710669815540314e-02,3.082536220550537109e+00,5.000732466578483582e-02
6.793682277202606201e-02,1.317650675773620605e-01,4.060902073979377747e-02
1.009974479675292969e-01,4.567576408386230469e+00,5.243046209216117859e-02
9.801156818866729736e-02,4.155062198638916016e+00,2.589865587651729584e-02
1.172629818320274353e-01,4.467560291290283203e+00,3.476645424962043762e-02
1.821914762258529663e-01,4.989134311676025391e+00,2.214612513780593872e-01
1.210446059703826904e-01,3.046617984771728516e+00,4.021421819925308228e-02
6.137707084417343140e-02,4.172825813293457031e+00,4.359494894742965698e-02
6.717710196971893311e-02,7.427745461463928223e-01,2.804286219179630280e-02
1.597720533609390259e-01,3.317383766174316406e+00,3.361320495605468750e-02
6.643734872341156006e-02,2.574974536895751953e+00,1.079052761197090149e-01
1.195498332381248474e-01,1.530212283134460449e+00,3.205582126975059509e-02
4.185120388865470886e-02,2.921683788299560547e-01,4.474645853042602539e-02
3.783544525504112244e-02,4.606004714965820312e+00,5.676607042551040649e-02
5.304347351193428040e-02,8.145352602005004883e-01,5.299104750156402588e-02
8.974929153919219971e-02,1.431449174880981445e+00,2.670389227569103241e-02
5.911139398813247681e-02,4.832430362701416016e+00,5.434703081846237183e-02
8.065843582153320312e-02,1.667225480079650879e+00,4.503451660275459290e-02
7.397603988647460938e-02,2.146794080734252930e+00,4.131991043686866760e-02
1.596546918153762817e-01,3.434982061386108398e+00,2.636084891855716705e-02
5.562390387058258057e-02,3.148428440093994141e+00,2.555945515632629395e-02
1.728508993983268738e-02,1.163101911544799805e+00,3.634838387370109558e-02
5.135283246636390686e-02,4.502671241760253906e+00,3.610726818442344666e-02
1.250016838312149048e-01,3.259244680404663086e+00,5.830449238419532776e-02
2.168420404195785522e-01,4.473360538482666016e+00,2.310346625745296478e-02
4.857173189520835876e-02,4.330389499664306641e+00,9.935069829225540161e-02
1.111182868480682373e-01,2.382804155349731445e+00,1.971467286348342896e-01
5.523395910859107971e-02,5.900121927261352539e-01,3.017466515302658081e-02
3.069077990949153900e-02,6.335708498954772949e-01,3.085455298423767090e-02
9.099859744310379028e-02,3.814926385879516602e+00,2.408427372574806213e-02
6.973566859960556030e-02,3.787606716156005859e+00,3.411870077252388000e-02
1.277830600738525391e-01,3.655269622802734375e+00,2.354034222662448883e-02
1.765741109848022461e-01,4.496457576751708984e+00,2.756898477673530579e-02
6.510881334543228149e-02,4.295562744140625000e+00,4.904066026210784912e-02
7.842919230461120605e-02,1.777523398399353027e+00,3.695345297455787659e-02
7.453553378582000732e-02,6.350371837615966797e-01,3.201369941234588623e-02
5.559834465384483337e-02,6.747614145278930664e-01,8.103504031896591187e-02
1.156680136919021606e-01,4.858083724975585938e+00,3.521845117211341858e-02
1.414032429456710815e-01,4.185144424438476562e+00,2.309590280055999756e-01
2.475276589393615723e-01,2.036735534667968750e+00,5.600624158978462219e-02
1.852501332759857178e-01,3.156224012374877930e+00,1.007188260555267334e-01
4.559338092803955078e-02,2.045201778411865234e+00,4.807189479470252991e-02
7.776042073965072632e-02,3.079816579818725586e+00,6.950359791517257690e-02
1.892815977334976196e-01,4.896369934082031250e+00,6.150345504283905029e-02
4.401177912950515747e-02,4.172199249267578125e+00,6.619743257761001587e-02
4.788439273834228516e-01,3.302408933639526367e+00,1.316615194082260132e-02
5.305953323841094971e-02,9.728756546974182129e-01,7.735476642847061157e-02
3.661284744739532471e-01,1.807647228240966797e+00,4.059625789523124695e-02
4.935276135802268982e-02,3.132122159004211426e-01,1.063607558608055115e-01
1.409551352262496948e-01,3.088919401168823242e+00,4.595013707876205444e-02
3.697580844163894653e-02,1.742769956588745117e+00,1.156193614006042480e-01
9.687772393226623535e-02,3.099107980728149414e+00,3.339233249425888062e-02
2.103842422366142273e-02,3.332876920700073242e+00,3.182541951537132263e-02
2.267691120505332947e-02,1.940716743469238281e+00,7.331977039575576782e-02
6.421619653701782227e-02,3.521205425262451172e+00,3.933748975396156311e-02
9.603539109230041504e-02,1.651690483093261719e+00,1.905537098646163940e-01
9.430251270532608032e-02,1.893608212471008301e+00,5.097111687064170837e-02
3.240083754062652588e-01,2.928099155426025391e+00,1.837571896612644196e-02
4.060576856136322021e-02,3.025340318679809570e+00,3.780322149395942688e-02
5.748147144913673401e-02,8.590542674064636230e-01,3.142625838518142700e-02
1.017828956246376038e-01,3.179828405380249023e+00,1.619410328567028046e-02
1.657276153564453125e-01,3.402443885803222656e+00,2.448999136686325073e-02
7.882867008447647095e-02,3.691409826278686523e+00,6.898467987775802612e-02
9.825914353132247925e-02,3.245990514755249023e+00,5.285452678799629211e-02
1.549514979124069214e-01,9.500195086002349854e-02,8.437585085630416870e-02
6.377220153808593750e-02,1.107858896255493164e+00,3.120046667754650116e-02
1.936311125755310059e-01,4.189337730407714844e+00,9.664688259363174438e-02
5.924256891012191772e-02,1.379507899284362793e+00,2.372067980468273163e-02
1.644434630870819092e-01,3.451597929000854492e+00,3.968268632888793945e-02
1.632214710116386414e-02,4.662659168243408203e+00,3.253467008471488953e-02
2.404147014021873474e-02,1.569074094295501709e-01,5.937016382813453674e-02
3.984280675649642944e-02,4.376313686370849609e+00,2.849516272544860840e-02
1.271333843469619751e-01,3.682146072387695312e-01,5.844331905245780945e-02
1.933510005474090576e-01,3.066591262817382812e+00,2.703381702303886414e-02
1.611505001783370972e-01,3.989684104919433594e+00,4.575955122709274292e-02
1.192419230937957764e-01,6.596519351005554199e-01,7.803214341402053833e-02
1.653647124767303467e-01,3.002183198928833008e+00,2.287762239575386047e-02
4.173770919442176819e-02,3.419953107833862305e+00,4.751946032047271729e-02
1.844062060117721558e-01,2.776082038879394531e+00,4.512834921479225159e-02
9.454517811536788940e-02,2.817907333374023438e+00,4.038691893219947815e-02
4.798816516995429993e-02,2.933273553848266602e+00,2.949969843029975891e-02
2.729856669902801514e-01,3.861182451248168945e+00,2.220247089862823486e-01
4.949986189603805542e-02,4.460807800292968750e+00,3.952279686927795410e-02
8.114439249038696289e-02,2.354602575302124023e+00,3.880801051855087280e-02
6.109309196472167969e-02,5.087271928787231445e-01,3.974003344774246216e-02
1.216802224516868591e-01,1.121048569679260254e+00,3.241654857993125916e-02
1.203146949410438538e-01,3.134710311889648438e+00,2.749601006507873535e-02
5.746371671557426453e-02,1.176585674285888672e+00,7.887407392263412476e-02
6.577313691377639771e-02,2.596803903579711914e+00,1.611883342266082764e-01
4.379439353942871094e-02,2.727891504764556885e-01,4.356476664543151855e-02
8.790239691734313965e-02,3.098014354705810547e+00,6.781277060508728027e-02
8.908476680517196655e-02,3.654196977615356445e+00,3.303493931889533997e-02
1.056447476148605347e-01,4.256562888622283936e-01,2.973353490233421326e-02
6.095762923359870911e-02,4.317970275878906250e+00,3.590258955955505371e-02
5.727295950055122375e-02,1.377925634384155273e+00,8.621954917907714844e-02
1.155677884817123413e-01,2.893135070800781250e+00,3.239558637142181396e-02
8.768355846405029297e-02,3.024535655975341797e+00,6.322369724512100220e-02
6.421588361263275146e-02,1.994684338569641113e+00,2.346070669591426849e-02
6.723968684673309326e-02,2.850268602371215820e+00,5.115929245948791504e-02
2.836662903428077698e-02,4.469120979309082031e+00,1.590681523084640503e-01
1.064642518758773804e-01,1.945359945297241211e+00,7.319919019937515259e-02
9.234761446714401245e-02,2.684345483779907227e+00,2.471342682838439941e-02
1.150384470820426941e-01,1.318198800086975098e+00,3.250176832079887390e-02
2.715930044651031494e-01,3.058082342147827148e+00,1.063719838857650757e-01
2.636900637298822403e-03,4.416435241699218750e+00,2.292331457138061523e-01
6.587516516447067261e-02,3.290116548538208008e+00,1.039322391152381897e-01
3.450876846909523010e-02,1.623534679412841797e+00,3.129824623465538025e-02
2.587800286710262299e-02,3.163868188858032227e+00,2.983305603265762329e-02
2.043479830026626587e-01,2.330441236495971680e+00,2.728579752147197723e-02
2.546243183314800262e-02,3.438057422637939453e+00,3.325222432613372803e-02
6.852104514837265015e-02,3.606709241867065430e+00,3.510760515928268433e-02
7.969176396727561951e-03,4.439074516296386719e+00,3.909289091825485229e-02
4.787598177790641785e-02,2.919666051864624023e+00,6.186448410153388977e-02
7.200549356639385223e-03,2.725468575954437256e-01,6.573902815580368042e-02
4.514455050230026245e-02,6.840906143188476562e-01,3.336619585752487183e-02
2.833245694637298584e-01,6.227571368217468262e-01,2.251059561967849731e-02
2.015701681375503540e-01,4.059907436370849609e+00,2.816815860569477081e-02
7.232432067394256592e-02,3.120649099349975586e+00,2.603271789848804474e-02
9.910161048173904419e-02,2.743650674819946289e+00,1.001329198479652405e-01
3.622977063059806824e-02,4.228604793548583984e+00,8.743772655725479126e-02
3.384394943714141846e-01,1.548682600259780884e-01,4.936853423714637756e-02
5.167587473988533020e-02,7.538966536521911621e-01,3.641100600361824036e-02
5.124030634760856628e-02,3.109905004501342773e+00,2.899522706866264343e-02
2.925733029842376709e-01,4.020146369934082031e+00,1.876063644886016846e-01
1.191154029220342636e-02,2.526912689208984375e+00,1.191737726330757141e-01
3.188934642821550369e-03,4.488983631134033203e+00,3.008744306862354279e-02
2.914042770862579346e-01,2.679822683334350586e+00,5.189088732004165649e-02
1.399116367101669312e-01,2.847564697265625000e+00,7.096827775239944458e-02
4.840359836816787720e-02,4.140716493129730225e-01,6.798398494720458984e-02
8.269663900136947632e-02,2.172581195831298828e+00,1.108281761407852173e-01
5.380667746067047119e-02,3.607688188552856445e+00,4.054480791091918945e-02
3.424506634473800659e-02,3.304089307785034180e+00,1.238503232598304749e-01
4.445561170578002930e-01,3.725044965744018555e+00,1.824591122567653656e-02
1.024866551160812378e-01,2.175603866577148438e+00,6.301087141036987305e-02
1.834154278039932251e-01,1.324663519859313965e+00,5.469694361090660095e-02
2.098855227231979370e-01,5.010999441146850586e-01,1.796636171638965607e-02
7.499344646930694580e-03,3.753423690795898438e+00,3.187179565429687500e-02
1.509148776531219482e-01,3.435175418853759766e+00,2.756585925817489624e-02
1.570250391960144043e-01,5.727101564407348633e-01,3.263168036937713623e-02
5.244560912251472473e-02,3.553308486938476562e+00,6.028737500309944153e-02
5.946769565343856812e-02,3.148320913314819336e+00,5.203258618712425232e-02
6.309358030557632446e-02,2.641474008560180664e+00,6.159995123744010925e-02
2.506419830024242401e-02,3.198095083236694336e+00,3.358655422925949097e-02
2.027419656515121460e-01,3.135116815567016602e+00,1.966241747140884399e-02
1.120576038956642151e-01,3.960091114044189453e+00,2.805548906326293945e-01
1.970801949501037598e-01,4.312626838684082031e+00,4.156450927257537842e-02
1.688993163406848907e-02,3.351690530776977539e+00,5.747870728373527527e-02
1.753052920103073120e-01,4.654062271118164062e+00,6.460181623697280884e-02
1.078539565205574036e-01,2.665689229965209961e+00,3.283630684018135071e-02
1.796198934316635132e-01,3.294177532196044922e+00,4.898075386881828308e-02
5.106225982308387756e-02,3.290313959121704102e+00,3.397772088646888733e-02
5.308505892753601074e-02,8.677204251289367676e-01,1.139874681830406189e-01
2.395937219262123108e-02,3.015595197677612305e+00,6.048482656478881836e-02
5.385796725749969482e-02,1.337450265884399414e+00,9.972033649682998657e-02
1.647913306951522827e-01,4.487509727478027344e+00,2.646953761577606201e-01
4.183089733123779297e-02,3.115102529525756836e+00,3.664505109190940857e-02
7.308023422956466675e-02,2.558689355850219727e+00,2.597752399742603302e-02
5.033283308148384094e-02,4.182608127593994141e+00,5.696654692292213440e-02
8.893058449029922485e-02,7.273539304733276367e-01,3.594584390521049500e-02
8.803727477788925171e-02,4.232080936431884766e+00,5.920028313994407654e-02
9.857627749443054199e-02,1.370245814323425293e-01,3.817834705114364624e-02
1.265494078397750854e-01,3.063148260116577148e+00,4.665062576532363892e-02
2.960753738880157471e-01,4.216470718383789062e+00,1.669074892997741699e-01
4.406193271279335022e-02,2.759170532226562500e-01,8.998165279626846313e-02
2.439221180975437164e-02,2.448715686798095703e+00,2.077334374189376831e-01
1.548499614000320435e-01,2.898324728012084961e+00,1.219977065920829773e-01
6.728151440620422363e-02,3.479909181594848633e+00,3.456141799688339233e-02
9.032139182090759277e-02,3.361905574798583984e+00,2.263881452381610870e-02
7.018985599279403687e-02,5.565223693847656250e-01,4.629369452595710754e-02
3.320976393297314644e-03,2.252720832824707031e+00,1.780986487865447998e-01
1.782614439725875854e-01,4.215824604034423828e+00,5.127977579832077026e-02
1.164687648415565491e-01,3.507532119750976562e+00,3.038123995065689087e-02
4.821926355361938477e-02,1.665303111076354980e-01,7.946074753999710083e-02
1.007896587252616882e-01,2.372227191925048828e+00,1.961930245161056519e-01
4.068396519869565964e-03,3.805918216705322266e+00,2.682365663349628448e-02
3.482960760593414307e-01,1.767549991607666016e+00,2.741934545338153839e-02
7.314009219408035278e-02,2.427698373794555664e+00,5.004832148551940918e-02
1.219659969210624695e-01,3.978613376617431641e+00,3.016849160194396973e-01
5.968815460801124573e-02,3.257478713989257812e+00,3.573670610785484314e-02
1.717639714479446411e-02,3.291147470474243164e+00,3.657950460910797119e-02
1.466654390096664429e-01,3.043700456619262695e+00,2.149253152310848236e-02
7.269793003797531128e-02,4.220845699310302734e+00,7.756990194320678711e-02
1.874773949384689331e-02,3.083071231842041016e+00,3.787691518664360046e-02
1.156770624220371246e-02,2.765773296356201172e+00,5.364777147769927979e-02
1.780028790235519409e-01,2.628328561782836914e+00,2.388548851013183594e-02
6.438298523426055908e-02,1.534927725791931152e+00,1.140730530023574829e-01
1.989995501935482025e-02,3.851119279861450195e+00,3.657817468047142029e-02
5.288238753564655781e-04,3.528820991516113281e+00,4.268230125308036804e-02
9.768116474151611328e-02,2.330898523330688477e+00,4.332923516631126404e-02
3.094215318560600281e-02,4.988364696502685547e+00,3.515562042593955994e-02
7.910895347595214844e-02,4.346685707569122314e-01,4.092895239591598511e-02
7.892506569623947144e-02,3.434377908706665039e+00,2.688638120889663696e-02
2.612508535385131836e-01,3.036023616790771484e+00,6.774174422025680542e-02
1.373311784118413925e-02,1.068092137575149536e-01,3.997330740094184875e-02
2.543233931064605713e-01,3.406159639358520508e+00,4.418141394853591919e-02
4.231385421007871628e-03,3.602369070053100586e+00,1.463907957077026367e-01
9.656480699777603149e-02,3.587769746780395508e+00,3.930320590734481812e-02
6.100888550281524658e-02,4.399130344390869141e+00,6.939300894737243652e-02
1.791152805089950562e-01,3.198495388031005859e+00,4.811627417802810669e-02
5.772693827748298645e-02,2.678776025772094727e+00,3.174229711294174194e-02
1.382150948047637939e-01,4.552903175354003906e+00,1.961627900600433350e-01
1.067561730742454529e-01,1.206349372863769531e+00,1.464198529720306396e-01
7.171913236379623413e-02,2.091890573501586914e+00,7.118258625268936157e-02
3.649480044841766357e-01,2.495372533798217773e+00,1.686901450157165527e-01
5.822312086820602417e-03,4.628672003746032715e-01,3.131418302655220032e-02
4.056404531002044678e-02,2.779900789260864258e+00,3.881862014532089233e-02
1.319676451385021210e-02,4.596836566925048828e+00,3.638251498341560364e-02
1.785505004227161407e-02,3.563851118087768555e+00,5.063001811504364014e-02
8.595886826515197754e-02,3.182802438735961914e+00,2.410154417157173157e-02
1.583829373121261597e-01,4.909458160400390625e+00,4.391462355852127075e-02
2.001407183706760406e-02,1.830827116966247559e+00,3.520102798938751221e-02
5.008802190423011780e-02,5.614359378814697266e-01,6.150053441524505615e-02
1.804753392934799194e-02,4.506293773651123047e+00,9.354313462972640991e-02
5.113047361373901367e-02,1.900565862655639648e+00,3.518483415246009827e-02
2.031694166362285614e-02,3.584612131118774414e+00,3.742112591862678528e-02
1.451405137777328491e-01,4.595940113067626953e+00,1.322390139102935791e-01
1.621887385845184326e-01,4.112359523773193359e+00,1.205138191580772400e-01
2.124092429876327515e-01,4.179496288299560547e+00,2.858797088265419006e-02
7.519929669797420502e-03,3.413938522338867188e+00,3.398986533284187317e-02
6.387795507907867432e-02,2.906050682067871094e+00,2.761741355061531067e-02
8.366283029317855835e-02,4.586843490600585938e+00,3.169945254921913147e-02
1.141887903213500977e-02,7.352471351623535156e-01,4.343803226947784424e-02
7.215228397399187088e-03,3.339048147201538086e+00,3.642294928431510925e-02
7.142721116542816162e-02,2.971452713012695312e+00,7.174153625965118408e-02
9.361007809638977051e-02,4.597768187522888184e-01,2.842849120497703552e-02
2.862753570079803467e-01,4.060977935791015625e+00,3.168280050158500671e-02
5.344959497451782227e-01,1.801432847976684570e+00,4.936002939939498901e-02
2.192662283778190613e-02,1.824572324752807617e+00,3.359972685575485229e-02
6.363037973642349243e-02,7.431942224502563477e-02,4.979982599616050720e-02
1.938536763191223145e-01,3.190568685531616211e+00,2.730747498571872711e-02
1.219073534011840820e-01,4.852117538452148438e+00,2.890492975711822510e-02
1.597502976655960083e-01,2.674633502960205078e+00,2.775557339191436768e-02
3.012050874531269073e-02,4.093611538410186768e-01,1.728774011135101318e-01
2.314072549343109131e-01,3.252044200897216797e+00,2.470076829195022583e-02
4.354964941740036011e-02,3.498102188110351562e+00,3.052032366394996643e-02
5.528518185019493103e-02,3.643852710723876953e+00,4.881286993622779846e-02
9.676063805818557739e-02,2.875202894210815430e+00,4.280759766697883606e-02
2.567077055573463440e-02,4.354721069335937500e+00,1.355340629816055298e-01
2.145746797323226929e-01,3.809121370315551758e+00,3.194246441125869751e-02
5.935990065336227417e-02,4.070867061614990234e+00,1.025577560067176819e-01
4.890206456184387207e-02,3.325847625732421875e+00,3.149626031517982483e-02
8.912348747253417969e-02,1.773233175277709961e+00,2.242465503513813019e-02
2.121844589710235596e-01,4.905128955841064453e+00,4.529751092195510864e-02
5.007472634315490723e-02,4.012592315673828125e+00,3.290615603327751160e-02
3.897187486290931702e-02,4.352949619293212891e+00,3.110673651099205017e-02
5.774410441517829895e-02,4.415538787841796875e+00,4.701227322220802307e-02
9.641366451978683472e-02,3.267180919647216797e+00,2.719524502754211426e-02
8.856740593910217285e-02,1.574736982583999634e-01,3.720753267407417297e-02
2.795476615428924561e-01,3.980334281921386719e+00,3.153095766901969910e-02
9.806685894727706909e-02,3.391504764556884766e+00,2.785063534975051880e-02
7.920856028795242310e-02,3.778178691864013672e+00,3.198213130235671997e-02
8.087934553623199463e-02,5.471379756927490234e-01,2.631098590791225433e-02
4.166362434625625610e-02,4.228575229644775391e+00,3.843867778778076172e-02
1.670345664024353027e-01,3.277434825897216797e+00,4.145633056759834290e-02
1.078456342220306396e-01,4.651981830596923828e+00,3.928332403302192688e-02
7.119048386812210083e-02,3.167035102844238281e+00,8.313614875078201294e-02
1.208452805876731873e-01,4.153681755065917969e+00,7.935010641813278198e-02
1.324810683727264404e-01,3.184355497360229492e+00,2.849075570702552795e-02
2.848163843154907227e-01,3.475535392761230469e+00,1.891688257455825806e-02
2.233411371707916260e-01,2.251228094100952148e+00,8.805540204048156738e-02
1.314708739519119263e-01,2.811061143875122070e+00,2.617379836738109589e-02
1.072263494133949280e-01,4.978926658630371094e+00,3.497287631034851074e-02
7.180015742778778076e-02,4.056833744049072266e+00,2.615930140018463135e-01
7.870070636272430420e-02,1.386260241270065308e-01,3.823676705360412598e-02
1.264217495918273926e-01,2.454643964767456055e+00,3.272320702672004700e-02
1.075373031198978424e-02,4.351957321166992188e+00,1.014704555273056030e-01
8.073200285434722900e-02,2.931186914443969727e+00,2.891369350254535675e-02
3.976668417453765869e-02,4.523441791534423828e+00,5.002162232995033264e-02
9.370920062065124512e-02,8.861193060874938965e-01,4.337704926729202271e-02
6.253826618194580078e-02,1.858136534690856934e+00,6.927663087844848633e-02
3.570647165179252625e-02,4.661196231842041016e+00,3.201093152165412903e-02
2.124865502119064331e-01,3.406391620635986328e+00,1.960256136953830719e-02
1.450762301683425903e-01,2.816220521926879883e+00,4.704045876860618591e-02
7.531444728374481201e-02,4.370409965515136719e+00,2.817533351480960846e-02
1.102385148406028748e-01,1.148563981056213379e+00,2.993257716298103333e-02
6.519865244626998901e-02,3.769806385040283203e+00,4.783636704087257385e-02
8.460698276758193970e-02,2.012516498565673828e+00,4.239132255315780640e-02
1.321330517530441284e-01,3.664059162139892578e+00,5.604698136448860168e-02
2.533362805843353271e-01,4.612461566925048828e+00,2.052156440913677216e-02
8.353531360626220703e-02,1.637065172195434570e+00,7.689549773931503296e-02
1.602239906787872314e-01,2.575282812118530273e+00,5.113664269447326660e-02
4.677072167396545410e-01,2.811414957046508789e+00,2.718883939087390900e-02
6.622162461280822754e-02,2.943623542785644531e+00,8.188331872224807739e-02
7.704015076160430908e-02,6.583931446075439453e-01,9.057657420635223389e-02
6.107844528742134571e-04,4.269995212554931641e+00,2.370670437812805176e-01
8.046553283929824829e-02,3.440613746643066406e+00,3.322214260697364807e-02
5.498434975743293762e-02,3.395419836044311523e+00,4.001409932971000671e-02
4.814483225345611572e-02,2.788823843002319336e+00,4.062536731362342834e-02
4.222790598869323730e-01,4.993624210357666016e+00,4.444753751158714294e-02
9.706562012434005737e-02,1.510830998420715332e+00,2.900850027799606323e-02
3.444922342896461487e-02,1.966995477676391602e+00,3.001241944730281830e-02
7.056391239166259766e-02,2.888685941696166992e+00,6.398014724254608154e-02
1.775626838207244873e-02,7.102236151695251465e-01,9.644097089767456055e-02
1.871204376220703125e-01,4.955020904541015625e+00,1.883398592472076416e-01
2.281796745955944061e-02,4.513074398040771484e+00,6.268151104450225830e-02
9.390185773372650146e-02,2.838086843490600586e+00,2.504150755703449249e-02
8.655127137899398804e-02,6.883136034011840820e-01,3.390920534729957581e-02
7.747436873614788055e-03,6.103178262710571289e-01,4.088723659515380859e-02
8.546513319015502930e-02,2.402235507965087891e+00,2.425164543092250824e-02
3.791326284408569336e-02,2.464775890111923218e-01,3.264531120657920837e-02
2.075347863137722015e-02,3.475084781646728516e+00,4.183447733521461487e-02
1.219350844621658325e-01,2.760437011718750000e+00,1.290058195590972900e-01
9.507973492145538330e-02,2.338754415512084961e+00,2.425856329500675201e-02
1.090791150927543640e-01,3.302019596099853516e+00,4.352689534425735474e-02
1.333563476800918579e-01,2.905166864395141602e+00,2.371452935039997101e-02
3.104340732097625732e-01,2.944816112518310547e+00,2.471475861966609955e-02
1.791989207267761230e-01,4.055633544921875000e-01,3.938991576433181763e-02
4.539654403924942017e-02,3.219702243804931641e+00,1.168440505862236023e-01
2.819567024707794189e-01,2.779179334640502930e+00,1.233325302600860596e-01
1.270952224731445312e-01,4.525787830352783203e+00,4.215518012642860413e-02
7.146129757165908813e-02,9.178210496902465820e-01,7.793600857257843018e-02
1.340392827987670898e-01,2.423077344894409180e+00,5.513730272650718689e-02
3.651551157236099243e-02,1.270336657762527466e-01,4.719291627407073975e-02
1.068021804094314575e-01,2.405853509902954102e+00,2.629161439836025238e-02
5.285814404487609863e-01,2.513880491256713867e+00,8.383288979530334473e-02
4.350606352090835571e-02,3.163580179214477539e+00,1.153247505426406860e-01
2.847929298877716064e-02,1.024518087506294250e-01,7.054672390222549438e-02
1.384721994400024414e-01,3.109417915344238281e+00,3.115870058536529541e-02
2.896292805671691895e-01,1.397802829742431641e+00,3.218993544578552246e-02
7.436069846153259277e-02,5.244851708412170410e-01,8.063608407974243164e-02
2.092469334602355957e-01,4.899500370025634766e+00,7.261026650667190552e-02
2.336288616061210632e-02,2.860245704650878906e-01,3.517755493521690369e-02
2.416996806859970093e-01,3.129204511642456055e+00,2.287497818470001221e-01
8.042035996913909912e-02,3.056256532669067383e+00,3.606509417295455933e-02
2.156567573547363281e-01,3.264763355255126953e+00,2.680710330605506897e-02
6.069816350936889648e-01,8.229214549064636230e-01,1.977100782096385956e-02
7.694585621356964111e-02,3.134172916412353516e+00,3.141877800226211548e-02
5.908649042248725891e-02,3.143772125244140625e+00,3.075426444411277771e-02
5.946368724107742310e-02,2.667006492614746094e+00,4.871278628706932068e-02
3.112123720347881317e-02,1.385450839996337891e+00,1.070957332849502563e-01
4.980373382568359375e-02,2.644070684909820557e-01,3.834822773933410645e-02
4.480686411261558533e-02,4.304436683654785156e+00,3.235776722431182861e-02
9.589143842458724976e-02,4.434143066406250000e+00,4.449816793203353882e-02
5.821880698204040527e-02,6.273487806320190430e-01,4.041213169693946838e-02
4.111642763018608093e-02,3.383665382862091064e-01,7.611793279647827148e-02
7.720139622688293457e-01,4.804422855377197266e+00,3.044370934367179871e-02
9.834314137697219849e-02,2.132273912429809570e+00,4.152571782469749451e-02
7.358961552381515503e-02,3.154657602310180664e+00,5.002367123961448669e-02
9.744761884212493896e-02,3.145584821701049805e+00,4.262408241629600525e-02
3.213816508650779724e-02,7.116597890853881836e-01,4.481917619705200195e-02
6.602261215448379517e-02,1.594164371490478516e-01,9.152284264564514160e-02
1.420994997024536133e-01,3.978614330291748047e+00,2.157955318689346313e-01
2.967207133769989014e-01,2.993453979492187500e+00,2.326791733503341675e-02
1.939183324575424194e-01,3.227589607238769531e+00,3.891870379447937012e-02
9.864576905965805054e-02,9.162997007369995117e-01,2.834834158420562744e-02
9.710741043090820312e-02,4.222770690917968750e+00,4.245399683713912964e-02
1.706326156854629517e-01,4.502206325531005859e+00,1.250363141298294067e-01
7.548009604215621948e-02,3.231323003768920898e+00,3.275052085518836975e-02
3.159013763070106506e-02,3.434349775314331055e+00,8.565798401832580566e-02
1.296489536762237549e-01,4.533359050750732422e+00,2.454154565930366516e-02
1.908194422721862793e-01,2.089442491531372070e+00,5.882971733808517456e-02
4.872843623161315918e-02,5.801702737808227539e-01,3.128281980752944946e-02
6.075778976082801819e-02,7.574826478958129883e-02,7.969196885824203491e-02
1.236120145767927170e-02,4.878784656524658203e+00,6.453550606966018677e-02
5.868307501077651978e-02,3.200253963470458984e+00,3.702858090400695801e-02
6.303341686725616455e-02,4.314682483673095703e+00,3.624409809708595276e-02
2.969618737697601318e-01,4.088362216949462891e+00,3.015032410621643066e-02
1.803531050682067871e-01,2.908992767333984375e+00,7.154310494661331177e-02
4.008730873465538025e-02,2.187949657440185547e+00,7.653134316205978394e-02
5.990357324481010437e-02,3.387843668460845947e-01,3.095002472400665283e-02
1.147004440426826477e-01,3.210978031158447266e+00,6.430397182703018188e-02
6.195469573140144348e-02,2.828609704971313477e+00,3.744428977370262146e-02
2.356887608766555786e-01,1.729290008544921875e+00,1.332581639289855957e-01
2.426620870828628540e-01,4.249113559722900391e+00,2.478484958410263062e-01
9.064478427171707153e-02,2.736768484115600586e+00,9.423895925283432007e-02
1.236306652426719666e-01,4.631150245666503906e+00,4.785045981407165527e-02
4.087057709693908691e-02,4.665707588195800781e+00,5.656226351857185364e-02
6.156675517559051514e-02,4.420572757720947266e+00,3.033568151295185089e-02
6.362951546907424927e-02,2.796391725540161133e+00,2.715194039046764374e-02
7.389697432518005371e-02,6.360120773315429688e-01,5.169077217578887939e-02
7.606325298547744751e-02,4.379643440246582031e+00,5.497531220316886902e-02
2.276739478111267090e-01,3.457433700561523438e+00,2.233917638659477234e-02
8.284564316272735596e-02,3.216913700103759766e+00,2.518663741648197174e-02
7.862167805433273315e-02,3.456494092941284180e+00,9.358120709657669067e-02
2.762678563594818115e-01,1.991154193878173828e+00,1.279510706663131714e-01
6.521409004926681519e-02,3.374184846878051758e+00,2.003953978419303894e-02
6.641987711191177368e-02,3.194540739059448242e+00,3.396531939506530762e-02
1.058227270841598511e-01,3.293089389801025391e+00,2.669251523911952972e-02
1.619121059775352478e-02,3.714375019073486328e+00,7.817696779966354370e-02
5.540133640170097351e-02,1.779667496681213379e+00,2.708101645112037659e-02
1.144036576151847839e-01,4.052260875701904297e+00,1.073391586542129517e-01
2.516066655516624451e-02,3.583125591278076172e+00,2.506267279386520386e-02
5.083222389221191406e-01,3.845875263214111328e+00,1.886589266359806061e-02
7.894834876060485840e-02,2.049648284912109375e+00,8.838045597076416016e-02
7.920645922422409058e-02,3.039247512817382812e+00,3.998278826475143433e-02
5.374364554882049561e-02,3.249416112899780273e+00,3.647245094180107117e-02
1.947528570890426636e-01,4.209259986877441406e+00,2.958676591515541077e-02
2.742230147123336792e-02,1.054089739918708801e-01,4.135240241885185242e-02
6.163034215569496155e-02,9.965894818305969238e-01,3.049767203629016876e-02
6.291542947292327881e-02,4.566763877868652344e+00,3.513922169804573059e-02
6.548573821783065796e-02,3.403196811676025391e+00,3.072433546185493469e-02
4.644880592823028564e-01,2.006893634796142578e+00,5.751022323966026306e-02
2.474011778831481934e-01,2.807623863220214844e+00,1.972632110118865967e-02
1.255794167518615723e-01,2.050785541534423828e+00,9.761902689933776855e-02
2.079387158155441284e-01,2.875191926956176758e+00,4.254767671227455139e-02
1.162993833422660828e-01,2.495344400405883789e+00,3.857622295618057251e-02
1.341120600700378418e-01,3.217706441879272461e+00,1.606879085302352905e-01
6.851361691951751709e-02,4.027297019958496094e+00,3.606325015425682068e-02
1.683825850486755371e-01,2.982976436614990234e+00,3.142472356557846069e-02
1.257494837045669556e-01,4.760482311248779297e+00,1.146578267216682434e-01
2.282943390309810638e-02,2.906373143196105957e-01,3.921301290392875671e-02
3.060431480407714844e-01,1.268362760543823242e+00,5.718332156538963318e-02
7.186754792928695679e-02,2.521746397018432617e+00,2.232390455901622772e-02
2.752237021923065186e-01,2.942595481872558594e+00,2.167486771941184998e-02
2.341780252754688263e-02,3.411826133728027344e+00,1.874874234199523926e-01
1.357413530349731445e-01,3.022121191024780273e+00,1.698350012302398682e-01
1.847212016582489014e-01,4.511003017425537109e+00,4.259415715932846069e-02
6.188033521175384521e-02,1.965004205703735352e+00,6.451654434204101562e-02
3.119905292987823486e-02,4.504686355590820312e+00,2.797531895339488983e-02
5.139141529798507690e-02,4.263435363769531250e+00,3.810311481356620789e-02
2.325596213340759277e-01,4.067505836486816406e+00,2.180432677268981934e-01
7.066161930561065674e-02,4.393714427947998047e+00,2.654072456061840057e-02
1.747615933418273926e-01,4.584212303161621094e+00,3.751736879348754883e-02
5.335363373160362244e-02,2.970191240310668945e+00,3.095832653343677521e-02
5.557212978601455688e-02,9.601311683654785156e-01,1.005591899156570435e-01
1.338966041803359985e-01,4.629221916198730469e+00,3.724852949380874634e-02
1.164523959159851074e-01,8.560205698013305664e-01,2.182138152420520782e-02
1.454489380121231079e-01,3.194951772689819336e+00,5.378844588994979858e-02
5.506938323378562927e-02,2.415858268737792969e+00,7.678695768117904663e-02
2.153101563453674316e-02,3.327293395996093750e+00,4.145422950387001038e-02
2.876028120517730713e-01,2.757935047149658203e+00,1.184229552745819092e-01
4.606677219271659851e-02,2.827558040618896484e+00,3.661179170012474060e-02
6.122495979070663452e-02,3.652137517929077148e+00,4.165726900100708008e-02
2.711281180381774902e-01,4.176822185516357422e+00,4.186430200934410095e-02
1.298687905073165894e-01,3.212300539016723633e+00,4.559130966663360596e-02
1.470873653888702393e-01,2.258523464202880859e+00,1.163469105958938599e-01
2.797192931175231934e-01,4.309328079223632812e+00,2.117336913943290710e-02
6.657699495553970337e-02,1.830374121665954590e+00,6.035640463232994080e-02
5.313216894865036011e-02,2.768553495407104492e+00,4.619755595922470093e-02
1.729451864957809448e-02,1.321577668190002441e+00,5.313284695148468018e-02
7.213162630796432495e-02,5.369102358818054199e-01,2.607099898159503937e-02
9.532047063112258911e-02,1.898385524749755859e+00,4.593665897846221924e-02
8.963493257761001587e-02,2.682054519653320312e+00,2.424775063991546631e-02
9.681196510791778564e-02,2.910358190536499023e+00,2.654757499694824219e-01
2.689599394798278809e-01,3.210046529769897461e+00,1.608453877270221710e-02
1.124218553304672241e-01,2.426699638366699219e+00,4.068286716938018799e-02
8.166731148958206177e-02,2.282152414321899414e+00,3.339028358459472656e-02
2.508146874606609344e-02,2.804170370101928711e+00,2.194421924650669098e-02
2.426127530634403229e-02,2.568296492099761963e-01,3.904210776090621948e-02
7.687290757894515991e-02,1.965421199798583984e+00,8.363728225231170654e-02
2.355993688106536865e-01,2.794020652770996094e+00,2.278701961040496826e-02
8.851294219493865967e-02,3.245822668075561523e+00,1.108414977788925171e-01
1.020013540983200073e-01,6.094210147857666016e-01,2.481315284967422485e-02
1.097339019179344177e-01,4.099652290344238281e+00,4.149404540657997131e-02
9.908634424209594727e-02,3.101728200912475586e+00,2.278102375566959381e-02
8.165218867361545563e-03,2.818228721618652344e+00,4.169247299432754517e-02
7.483128458261489868e-02,7.260247468948364258e-01,4.894595593214035034e-02
1.590082198381423950e-01,4.312256336212158203e+00,1.084049791097640991e-01
7.542718201875686646e-02,3.103640556335449219e+00,1.199522539973258972e-01
2.879875600337982178e-01,3.335570335388183594e+00,1.888454519212245941e-02
1.816523522138595581e-01,3.411352157592773438e+00,1.130538582801818848e-01
1.661998331546783447e-01,4.145788669586181641e+00,3.234644234180450439e-02
1.432241871953010559e-02,3.948451995849609375e+00,2.774757891893386841e-02
7.677385210990905762e-02,3.149105548858642578e+00,3.779871389269828796e-02
1.952015608549118042e-01,4.661342144012451172e+00,4.192554205656051636e-02
1.105215251445770264e-01,3.456327915191650391e+00,9.534183889627456665e-02
5.126759037375450134e-02,7.114508748054504395e-01,3.412920609116554260e-02
7.433959096670150757e-02,4.834677278995513916e-01,4.501457884907722473e-02
6.813251972198486328e-02,1.869332551956176758e+00,1.272884458303451538e-01
3.357034921646118164e-02,4.646311759948730469e+00,4.147339612245559692e-02
7.069364190101623535e-02,6.835027933120727539e-01,4.933553189039230347e-02
8.101771026849746704e-02,3.895622491836547852e+00,3.877649456262588501e-02
2.795613706111907959e-01,7.205139994621276855e-01,8.333482593297958374e-02
3.695384040474891663e-02,3.271165132522583008e+00,9.779854118824005127e-02
6.029061600565910339e-02,2.944962978363037109e+00,1.966765969991683960e-01
2.098885327577590942e-01,2.880568981170654297e+00,5.218483880162239075e-02
5.944310128688812256e-02,3.195879459381103516e+00,2.335933968424797058e-02
3.029372170567512512e-02,3.170434474945068359e+00,4.771660268306732178e-02
6.008006632328033447e-02,6.484676599502563477e-01,3.454542905092239380e-02
3.156392276287078857e-02,8.139961957931518555e-01,3.809583932161331177e-02
2.801755666732788086e-01,4.132197380065917969e+00,2.708306014537811279e-01
1.076734513044357300e-01,3.542423963546752930e+00,2.538496069610118866e-02
5.972680449485778809e-02,1.083243608474731445e+00,4.733912274241447449e-02
1.644293032586574554e-02,2.734152555465698242e+00,6.549530476331710815e-02
2.592696547508239746e-01,4.424090385437011719e+00,1.041364520788192749e-01
4.842898622155189514e-02,4.368894100189208984e+00,6.822684407234191895e-02
2.656697928905487061e-01,2.774790763854980469e+00,2.677317894995212555e-02
1.881802678108215332e-01,4.501873970031738281e+00,2.942144498229026794e-02
1.450399607419967651e-01,4.331154346466064453e+00,3.766060248017311096e-02
6.431556493043899536e-02,1.107522726058959961e+00,3.546632826328277588e-02
7.267637550830841064e-02,2.816322326660156250e+00,2.919949591159820557e-02
1.271416395902633667e-01,4.194390773773193359e+00,2.544071711599826813e-02
6.536934524774551392e-02,5.242300033569335938e-01,3.971420601010322571e-02
1.503015402704477310e-02,2.608014047145843506e-01,5.700154975056648254e-02
6.080213561654090881e-02,6.165378093719482422e-01,3.217389434576034546e-02
1.754924282431602478e-02,4.229894638061523438e+00,1.366449445486068726e-01
4.257275536656379700e-02,2.176494359970092773e+00,5.101452395319938660e-02
3.512929379940032959e-02,1.342593789100646973e+00,3.613427653908729553e-02
5.889348685741424561e-02,3.085154771804809570e+00,5.651055648922920227e-02
7.391003519296646118e-02,4.968022823333740234e+00,3.908745944499969482e-02
6.426741927862167358e-02,4.218831539154052734e+00,3.088924661278724670e-02
7.238479703664779663e-02,4.514689445495605469e+00,2.928128466010093689e-02
7.520979642868041992e-02,3.940853357315063477e+00,3.850883617997169495e-02
7.673219591379165649e-02,1.392725944519042969e+00,5.910450220108032227e-02
5.583328008651733398e-02,4.594159603118896484e+00,3.929834067821502686e-02
8.466003090143203735e-02,1.394755125045776367e+00,3.007970564067363739e-02
2.082126736640930176e-01,4.026372909545898438e+00,3.378267586231231689e-02
1.089084967970848083e-01,1.400130271911621094e+00,4.157347977161407471e-02
9.269718080759048462e-02,4.539162635803222656e+00,3.793292492628097534e-02
8.026579394936561584e-03,4.739413738250732422e+00,3.786963596940040588e-02
9.464755654335021973e-02,1.928714752197265625e+00,7.316977530717849731e-02
5.965123325586318970e-02,3.357088804244995117e+00,6.262359768152236938e-02
4.913198947906494141e-02,6.179550290107727051e-01,6.916634738445281982e-02
3.305254504084587097e-02,2.602885246276855469e+00,1.123739704489707947e-01
8.994108438491821289e-02,5.699207782745361328e-01,9.285555779933929443e-02
6.064892187714576721e-02,3.205479860305786133e+00,1.373888850212097168e-01
1.596403568983078003e-01,4.816647052764892578e+00,3.610875457525253296e-02
2.047702902927994728e-03,1.789740085601806641e+00,8.428002148866653442e-02
7.455355674028396606e-02,2.168711662292480469e+00,2.723808586597442627e-02
9.065838903188705444e-02,4.158332347869873047e+00,3.707008808851242065e-02
3.048247657716274261e-02,3.926085710525512695e+00,3.199970722198486328e-02
2.369686961174011230e-01,2.667456150054931641e+00,3.395773470401763916e-02
1.613132096827030182e-02,5.131520628929138184e-01,2.924495190382003784e-02
6.009139493107795715e-02,3.301956653594970703e+00,3.926174715161323547e-02
1.570013165473937988e-01,3.335184574127197266e+00,4.957767203450202942e-02
1.504267454147338867e-01,4.772970378398895264e-01,4.645332694053649902e-02
8.228096365928649902e-02,1.401824951171875000e+00,3.419044613838195801e-02
3.016445040702819824e-01,3.215534210205078125e+00,2.129810303449630737e-02
8.234931528568267822e-02,3.074554204940795898e+00,8.208851516246795654e-02
7.921709120273590088e-02,3.316463470458984375e+00,3.084635362029075623e-02
1.123617514967918396e-01,1.679132580757141113e-01,2.772682532668113708e-02
7.235533744096755981e-02,1.025274991989135742e-01,7.448942214250564575e-02
3.040416836738586426e-01,2.496392726898193359e+00,4.489112645387649536e-02
5.058019980788230896e-02,5.870368480682373047e-01,7.422268390655517578e-02
1.986531913280487061e-01,4.552768230438232422e+00,2.193878777325153351e-02
1.485993713140487671e-01,3.264630556106567383e+00,3.758962452411651611e-02
1.107401251792907715e-01,4.861755847930908203e+00,1.199528723955154419e-01
1.203303411602973938e-01,3.456979036331176758e+00,2.058054879307746887e-02
2.635845243930816650e-01,3.246805667877197266e+00,5.141988024115562439e-02
1.133907362818717957e-01,2.898450136184692383e+00,2.777571417391300201e-02
1.578618139028549194e-01,4.150498390197753906e+00,2.184761874377727509e-02
6.313951313495635986e-02,4.366421699523925781e+00,3.826418519020080566e-02
2.168420404195785522e-01,3.010241746902465820e+00,4.980756342411041260e-02
2.185261696577072144e-01,4.599556446075439453e+00,2.512729354202747345e-02
7.959066331386566162e-02,1.967725515365600586e+00,1.883510351181030273e-01
2.818197906017303467e-01,4.112915992736816406e+00,1.065602600574493408e-01
7.055928558111190796e-02,3.634079217910766602e+00,1.244049146771430969e-01
6.075682118535041809e-02,4.215163707733154297e+00,1.021959558129310608e-01
9.020710736513137817e-02,2.950918436050415039e+00,3.124781884253025055e-02
6.865899264812469482e-02,4.241534709930419922e+00,1.853247135877609253e-01
1.329890638589859009e-01,2.951813220977783203e+00,6.678353250026702881e-02
7.519488036632537842e-02,3.179216384887695312e+00,3.100373223423957825e-02
4.508593678474426270e-02,4.161190032958984375e+00,4.668834432959556580e-02
3.187079429626464844e-01,3.156597375869750977e+00,1.370736658573150635e-01
1.158324927091598511e-01,3.339101314544677734e+00,6.713826209306716919e-02
6.128619983792304993e-02,4.443590641021728516e+00,2.824477292597293854e-02
1.413170546293258667e-01,3.273372650146484375e+00,2.594908326864242554e-02
9.568268060684204102e-02,1.390970826148986816e+00,4.629174619913101196e-02
8.235715329647064209e-02,4.472058773040771484e+00,4.213939607143402100e-02
4.338990896940231323e-02,3.157260179519653320e+00,3.857550770044326782e-02
3.222993910312652588e-01,3.058121681213378906e+00,4.215107858180999756e-02
1.421515494585037231e-01,9.826014637947082520e-01,5.417171865701675415e-02
7.360111922025680542e-02,3.167319059371948242e+00,6.794600933790206909e-02
6.643901020288467407e-02,2.429188728332519531e+00,3.705707192420959473e-02
6.646950542926788330e-02,2.013750791549682617e+00,2.262861654162406921e-02
2.152079045772552490e-01,3.050615787506103516e+00,3.113912418484687805e-02
1.077563464641571045e-01,2.326947689056396484e+00,2.300384268164634705e-02
1.214592135511338711e-03,9.725091457366943359e-01,4.727665334939956665e-02
2.070222645998001099e-01,1.347885966300964355e+00,1.998926699161529541e-02
1.085205525159835815e-01,3.428089141845703125e+00,4.447813332080841064e-02
1.048513576388359070e-01,2.795394182205200195e+00,2.112565748393535614e-02
6.207706779241561890e-02,1.672865390777587891e+00,3.995767608284950256e-02
4.641271010041236877e-02,3.409437656402587891e+00,7.187651842832565308e-02
5.816503763198852539e-01,9.721634387969970703e-01,2.045069076120853424e-02
6.730271875858306885e-02,3.172758817672729492e+00,1.880373060703277588e-01
1.145307570695877075e-01,3.023976802825927734e+00,2.708424441516399384e-02
1.624360680580139160e-02,3.076502561569213867e+00,3.402737900614738464e-02
5.343628302216529846e-02,2.600522756576538086e+00,4.575007036328315735e-02
2.417436987161636353e-01,2.783141851425170898e+00,1.187776327133178711e-01
6.324575841426849365e-02,1.810871362686157227e+00,3.100280836224555969e-02
6.284213811159133911e-02,2.096131086349487305e+00,2.630745060741901398e-02
6.498741358518600464e-02,6.328428983688354492e-01,2.954674139618873596e-02
2.399660460650920868e-02,3.900313854217529297e+00,2.648850344121456146e-02
4.113183170557022095e-02,3.492086887359619141e+00,4.610295221209526062e-02
6.533884257078170776e-02,4.341033458709716797e+00,7.882938534021377563e-02
5.656422302126884460e-02,5.757775902748107910e-01,3.332755714654922485e-02
2.500106990337371826e-01,2.933992147445678711e+00,9.146575629711151123e-02
2.016369253396987915e-02,1.315256953239440918e+00,3.501474484801292419e-02
1.310212817043066025e-02,3.046671152114868164e-01,9.823834151029586792e-02
1.236615777015686035e-01,3.325038671493530273e+00,2.747592143714427948e-02
2.954904735088348389e-01,7.383808493614196777e-01,3.456172719597816467e-02
2.990161478519439697e-01,2.836957693099975586e+00,1.892385259270668030e-02
1.411405354738235474e-01,3.365210056304931641e+00,2.554233931005001068e-02
2.693881094455718994e-01,3.650254011154174805e+00,1.075965166091918945e-01
7.071930170059204102e-02,5.645441412925720215e-01,2.622212469577789307e-02
3.046763241291046143e-01,3.918064832687377930e+00,2.051039226353168488e-02
1.509732455015182495e-01,4.841156482696533203e+00,3.605479374527931213e-02
8.410402387380599976e-02,1.126317605376243591e-01,8.943808078765869141e-02
8.418557047843933105e-02,7.874955534934997559e-01,3.526164963841438293e-02
3.688683733344078064e-02,4.594655513763427734e+00,3.272305056452751160e-02
1.061281561851501465e-01,3.060707807540893555e+00,2.689729630947113037e-02
1.383668184280395508e-01,3.146973848342895508e+00,2.921727858483791351e-02
1.756585575640201569e-02,3.683707952499389648e+00,1.210712790489196777e-01
1.076217815279960632e-01,3.209761619567871094e+00,2.019451409578323364e-01
1.041532605886459351e-01,4.767077445983886719e+00,2.605562470853328705e-02
2.931713759899139404e-01,1.686838269233703613e+00,4.835160076618194580e-02
2.136916369199752808e-01,6.445494890213012695e-01,3.154069185256958008e-02
7.042561471462249756e-02,3.464547634124755859e+00,6.924300640821456909e-02
1.915650628507137299e-02,4.543967723846435547e+00,4.284854233264923096e-02
1.278123855590820312e-01,2.671163320541381836e+00,3.545433655381202698e-02
2.866697683930397034e-02,8.177444934844970703e-01,3.191668912768363953e-02
2.077764421701431274e-01,4.062409877777099609e+00,3.014391846954822540e-02
3.282251581549644470e-02,3.331988334655761719e+00,6.447257101535797119e-02
8.760143071413040161e-02,2.313763856887817383e+00,2.297601662576198578e-02
6.452663242816925049e-02,3.293751716613769531e+00,4.979905858635902405e-02
4.003401473164558411e-02,8.505882322788238525e-02,3.468148782849311829e-02
5.432396754622459412e-02,3.200979471206665039e+00,2.721748501062393188e-02
1.226751133799552917e-01,3.040417432785034180e+00,1.115435734391212463e-01
4.385784268379211426e-02,1.644186735153198242e+00,8.824065327644348145e-02
9.196447581052780151e-02,1.638158321380615234e+00,2.360752783715724945e-02
2.788842916488647461e-01,8.680483698844909668e-01,1.685118675231933594e-02
7.601358741521835327e-02,2.960838079452514648e+00,4.615081846714019775e-02
5.834431946277618408e-02,8.549786806106567383e-01,2.937260642647743225e-02
3.018960654735565186e-01,4.768272876739501953e+00,8.442565798759460449e-02
3.571731597185134888e-02,1.746322751045227051e+00,2.990910597145557404e-02
5.661413073539733887e-02,3.294553160667419434e-01,5.526977777481079102e-02
1.532166451215744019e-01,2.897170484066009521e-01,2.415950410068035126e-02
1.019984483718872070e-01,4.285320281982421875e+00,6.780370324850082397e-02
1.076319348067045212e-02,2.580321311950683594e+00,2.722091972827911377e-02
1.038375031203031540e-02,4.442287921905517578e+00,3.982494771480560303e-02
1.621899753808975220e-01,4.353974819183349609e+00,3.962570056319236755e-02
2.685770392417907715e-01,4.329789161682128906e+00,2.335764840245246887e-02
1.317468434572219849e-01,3.484362602233886719e+00,3.289575129747390747e-02
1.582883000373840332e-01,1.609021902084350586e+00,3.133365511894226074e-02
7.020391523838043213e-02,8.808964490890502930e-01,4.252907261252403259e-02
1.231711953878402710e-01,3.611703872680664062e+00,4.565387964248657227e-02
5.993334576487541199e-02,2.611954689025878906e+00,3.165831267833709717e-01
3.028346896171569824e-01,4.978792071342468262e-01,3.287397325038909912e-02
6.651941686868667603e-02,2.988785028457641602e+00,5.658865720033645630e-02
1.469235718250274658e-01,2.845599412918090820e+00,2.984965965151786804e-02
8.020891249179840088e-02,3.079380273818969727e+00,6.145143881440162659e-02
1.253706216812133789e-01,6.323428750038146973e-01,3.098856285214424133e-02
5.305086448788642883e-02,2.991172075271606445e+00,2.881012484431266785e-02
8.674206584692001343e-02,1.039253950119018555e+00,3.533472865819931030e-02
1.312260981649160385e-02,3.647699117660522461e+00,3.373245522379875183e-02
1.638712584972381592e-01,2.537830352783203125e+00,6.620767712593078613e-02
9.371210634708404541e-02,4.649015903472900391e+00,6.817846745252609253e-02
6.926269829273223877e-02,3.584780454635620117e+00,4.652957990765571594e-02
7.953505963087081909e-02,3.432709693908691406e+00,6.687372922897338867e-02
1.818916052579879761e-01,3.114825010299682617e+00,3.035674430429935455e-02
1.957183629274368286e-01,2.767508327960968018e-01,3.095561079680919647e-02
7.383708655834197998e-02,4.871707916259765625e+00,4.512050747871398926e-02
8.467640727758407593e-02,1.376583576202392578e+00,2.620700746774673462e-02
2.598973549902439117e-02,3.538336515426635742e+00,3.911133855581283569e-02
1.575635075569152832e-01,4.064688205718994141e+00,5.568559095263481140e-02
6.043063849210739136e-02,2.238825082778930664e+00,3.667487576603889465e-02
3.926611319184303284e-02,1.438464522361755371e+00,5.160523951053619385e-02
1.993459016084671021e-01,3.062860250473022461e+00,2.538444846868515015e-02
6.734254211187362671e-02,2.396691799163818359e+00,4.806461930274963379e-02
6.677991151809692383e-02,3.571475028991699219e+00,5.232628062367439270e-02
9.440053254365921021e-02,4.973237991333007812e+00,3.783653303980827332e-02
2.233083099126815796e-01,3.393995046615600586e+00,3.399391472339630127e-02
1.292470991611480713e-01,3.741714715957641602e+00,2.317229099571704865e-02
2.977149374783039093e-02,3.372991323471069336e+00,1.296958029270172119e-01
2.005486190319061279e-02,4.503423213958740234e+00,4.151152074337005615e-02
2.889257967472076416e-01,4.018395900726318359e+00,4.703830555081367493e-02
6.633104383945465088e-02,1.270292252302169800e-01,5.052373558282852173e-02
2.024693228304386139e-02,4.497846603393554688e+00,2.986590564250946045e-02
5.962298065423965454e-02,3.234935045242309570e+00,2.818978577852249146e-02
5.410106182098388672e-01,9.474567174911499023e-01,2.488505095243453979e-02
1.628863066434860229e-01,1.905707120895385742e+00,5.156188458204269409e-02
2.658228389918804169e-02,1.209987848997116089e-01,4.583826661109924316e-02
8.946624398231506348e-02,2.360567569732666016e+00,3.173748031258583069e-02
1.836602091789245605e-01,3.053295612335205078e+00,4.203408211469650269e-02
7.521214336156845093e-02,5.378935337066650391e-01,7.193832099437713623e-02
1.029974520206451416e-01,4.492354869842529297e+00,3.543957695364952087e-02
2.163743041455745697e-02,4.644179821014404297e+00,3.524494543671607971e-02
1.990223079919815063e-01,3.472880363464355469e+00,1.869180798530578613e-02
3.701003640890121460e-02,2.973266839981079102e+00,8.370129019021987915e-02
5.082926154136657715e-02,3.319016933441162109e+00,2.580502815544605255e-02
3.510964810848236084e-01,4.133088588714599609e+00,3.004598617553710938e-02
1.843981593847274780e-01,4.622178077697753906e+00,4.634330049157142639e-02
8.007383346557617188e-02,2.952370882034301758e+00,2.922910451889038086e-01
1.159866750240325928e-01,3.104525327682495117e+00,4.831019043922424316e-02
5.309027433395385742e-02,2.425731122493743896e-01,3.965742141008377075e-02
2.744903601706027985e-02,4.495549201965332031e+00,4.698741808533668518e-02
8.212865144014358521e-02,3.196721553802490234e+00,2.510300278663635254e-02
2.657978236675262451e-01,4.306464672088623047e+00,2.165349759161472321e-02
3.887689439579844475e-03,2.812417030334472656e+00,1.667140871286392212e-01
1.962790936231613159e-01,4.549948692321777344e+00,5.051717534661293030e-02
9.736237674951553345e-02,1.935751795768737793e+00,4.758505523204803467e-02
6.602375209331512451e-02,3.339570522308349609e+00,3.472530469298362732e-02
6.418935954570770264e-02,3.068210363388061523e+00,2.684338577091693878e-02
1.179600507020950317e-01,2.678117036819458008e+00,4.683721438050270081e-02
7.288899272680282593e-02,2.850430011749267578e+00,2.994631044566631317e-02
5.311869829893112183e-02,2.733067512512207031e+00,1.751422435045242310e-01
1.567267924547195435e-01,1.247985839843750000e+00,2.068642526865005493e-02
8.992547541856765747e-02,9.279157221317291260e-02,8.755482733249664307e-02
5.564189702272415161e-02,4.325671195983886719e+00,1.078508049249649048e-01
5.994954705238342285e-02,2.813955307006835938e+00,7.466273754835128784e-02
9.106878191232681274e-02,1.882081627845764160e+00,5.222901329398155212e-02
2.789575457572937012e-01,2.708990335464477539e+00,4.479724541306495667e-02
2.504358291625976562e-01,2.951087474822998047e+00,4.292372241616249084e-02
8.003735542297363281e-02,2.653560638427734375e+00,3.374511376023292542e-02
7.650338113307952881e-02,4.471236705780029297e+00,4.184498265385627747e-02
7.235115766525268555e-02,3.046205043792724609e+00,3.161126002669334412e-02
2.629016339778900146e-01,1.033667325973510742e+00,3.237022086977958679e-02
6.709884107112884521e-02,2.993614912033081055e+00,6.018021702766418457e-02
6.081008166074752808e-02,4.555622339248657227e-01,2.590224333107471466e-02
1.971011608839035034e-01,4.827826023101806641e+00,9.502723067998886108e-02
2.322880551218986511e-02,3.834308624267578125e+00,5.387013033032417297e-02
8.104944974184036255e-02,3.165102243423461914e+00,5.320177599787712097e-02
4.567662775516510010e-01,9.475629329681396484e-01,1.628860272467136383e-02
1.069845110177993774e-01,3.205861568450927734e+00,2.175635397434234619e-01
1.356734484434127808e-01,4.366537094116210938e+00,3.154781460762023926e-02
1.879699975252151489e-01,3.204740047454833984e+00,2.503376826643943787e-02
7.265634089708328247e-02,1.039664506912231445e+00,2.712201327085494995e-02
9.820812940597534180e-02,4.407986164093017578e+00,3.846594318747520447e-02
3.132959604263305664e-01,1.964635014533996582e+00,1.033889204263687134e-01
4.012723267078399658e-02,1.266813039779663086e+00,4.067133367061614990e-02
8.539273589849472046e-02,3.595535516738891602e+00,3.902575746178627014e-02
8.815328776836395264e-02,3.039868593215942383e+00,4.105071350932121277e-02
8.195862770080566406e-01,3.468525886535644531e+00,9.196494705975055695e-03
1.776120811700820923e-01,3.464234590530395508e+00,2.728190273046493530e-02
7.452340424060821533e-02,3.266243457794189453e+00,1.726490408182144165e-01
4.324360191822052002e-02,4.631280899047851562e+00,4.240705445408821106e-02
5.689102783799171448e-02,4.431702613830566406e+00,1.631033048033714294e-02
4.572476819157600403e-02,3.030895233154296875e+00,5.628579109907150269e-02
8.342775702476501465e-02,4.257285594940185547e+00,6.755428016185760498e-02
2.500025331974029541e-01,2.509433925151824951e-01,5.965945124626159668e-02
5.764318257570266724e-02,2.757319450378417969e+00,3.985093161463737488e-02
1.691484749317169189e-01,4.176941871643066406e+00,1.121994256973266602e-01
1.159842908382415771e-01,2.633556365966796875e+00,2.780564129352569580e-02
5.282898992300033569e-02,4.625844955444335938e+00,3.653420507907867432e-02
1.937816590070724487e-01,4.091299533843994141e+00,2.925089560449123383e-02
3.147660791873931885e-01,3.990499973297119141e+00,2.151010930538177490e-02
7.040610164403915405e-02,3.072654247283935547e+00,4.865138977766036987e-02
1.166247427463531494e-01,2.697732686996459961e+00,3.099747933447360992e-02
6.876087933778762817e-02,5.565680861473083496e-01,2.874422073364257812e-02
3.884107619524002075e-02,3.346859216690063477e+00,2.968982234597206116e-02
8.125733584165573120e-02,2.982615232467651367e+00,2.627757377922534943e-02
5.236095190048217773e-02,6.119132637977600098e-01,6.066511198878288269e-02
7.871124148368835449e-02,8.211565017700195312e-01,3.191146254539489746e-02
1.899986267089843750e-01,3.429619312286376953e+00,2.999540604650974274e-02
1.301669329404830933e-01,3.028742074966430664e+00,5.438352003693580627e-02
3.123573400080204010e-02,2.917790412902832031e+00,5.185716971755027771e-02
3.637490328401327133e-03,1.797183007001876831e-01,4.797586053609848022e-02
7.546576112508773804e-02,1.867565155029296875e+00,2.870512008666992188e-02
8.536548912525177002e-02,3.096212148666381836e+00,3.442545980215072632e-02
2.727241218090057373e-01,4.103392601013183594e+00,3.452482819557189941e-02
7.774207741022109985e-02,2.783105373382568359e+00,1.167589351534843445e-01
9.286569803953170776e-02,2.958841800689697266e+00,5.684904009103775024e-02
2.565250694751739502e-01,3.445954561233520508e+00,2.858638204634189606e-02
7.989699393510818481e-02,3.890348434448242188e+00,3.771523013710975647e-02
8.345445245504379272e-02,4.881943225860595703e+00,4.138356745243072510e-01
7.813648320734500885e-03,4.495809555053710938e+00,4.410690069198608398e-02
5.423081666231155396e-02,4.244897365570068359e+00,4.768560081720352173e-02
3.886549547314643860e-02,8.622081875801086426e-01,3.278531506657600403e-02
3.322116332128643990e-03,3.771045207977294922e+00,2.674350701272487640e-02
1.007361933588981628e-01,1.814474225044250488e+00,1.375059336423873901e-01
7.925795391201972961e-03,3.422399997711181641e+00,4.538985714316368103e-02
5.119512975215911865e-02,2.030011177062988281e+00,2.177046835422515869e-01
9.935367852449417114e-03,4.438828945159912109e+00,3.588511422276496887e-02
2.337224185466766357e-01,1.442292690277099609e+00,3.599790856242179871e-02
2.873242832720279694e-02,1.472449451684951782e-01,3.880355507135391235e-02
1.975395977497100830e-01,3.390472650527954102e+00,3.541897609829902649e-02
5.980555340647697449e-02,2.416842937469482422e+00,2.389460988342761993e-02
2.311006337404251099e-01,4.698069095611572266e+00,3.903708234429359436e-02
9.995965659618377686e-02,3.441016674041748047e+00,2.865920402109622955e-02
5.868231505155563354e-02,1.648672223091125488e+00,4.921869188547134399e-02
7.986963726580142975e-03,2.124812155961990356e-01,4.632428660988807678e-02
7.414596527814865112e-02,1.735752344131469727e+00,3.490103036165237427e-02
4.668646678328514099e-02,4.650228023529052734e-01,5.869724601507186890e-02
1.078746467828750610e-01,2.089392662048339844e+00,2.854881808161735535e-02
5.469349771738052368e-02,1.200431704521179199e+00,4.845194146037101746e-02
6.806226819753646851e-02,7.944526076316833496e-01,4.379593953490257263e-02
2.587029635906219482e-01,2.995897293090820312e+00,3.621796146035194397e-02
2.542358934879302979e-01,4.561580181121826172e+00,4.090917110443115234e-02
1.220976263284683228e-01,3.671619415283203125e+00,1.146365106105804443e-01
3.399655967950820923e-02,1.269810944795608521e-01,3.505722805857658386e-02
2.548046037554740906e-02,1.267197966575622559e+00,7.786974310874938965e-02
6.858179718255996704e-02,1.833143115043640137e+00,3.543250635266304016e-02
6.019004061818122864e-02,1.756326556205749512e-01,6.095194071531295776e-02
3.411350771784782410e-02,4.361220836639404297e+00,8.186871558427810669e-02
1.106647960841655731e-02,5.709319710731506348e-01,3.883916884660720825e-02
7.564909756183624268e-02,3.169406652450561523e+00,6.929297745227813721e-02
2.502137050032615662e-02,4.614985942840576172e+00,3.071962110698223114e-02
8.608145713806152344e-01,4.124340057373046875e+00,8.127492666244506836e-02
6.932652741670608521e-02,3.132909536361694336e+00,5.409659072756767273e-02
7.744362950325012207e-02,2.361662149429321289e+00,3.263700753450393677e-02
6.752829253673553467e-02,1.562978386878967285e+00,4.391826316714286804e-02
6.821540743112564087e-02,1.089293122291564941e+00,6.616032868623733521e-02
1.820061355829238892e-01,2.125808715820312500e+00,3.256946802139282227e-02
1.038127020001411438e-01,1.565570950508117676e+00,6.643275171518325806e-02
7.902765274047851562e-02,2.852495193481445312e+00,5.538046732544898987e-02
2.120422124862670898e-01,2.619846761226654053e-01,3.051120229065418243e-02
2.092941850423812866e-01,4.630646705627441406e+00,5.093990638852119446e-02
8.284035325050354004e-02,3.513865709304809570e+00,3.662040084600448608e-02
6.001534312963485718e-02,3.587933301925659180e+00,4.208215326070785522e-02
7.104407250881195068e-02,3.388161659240722656e+00,4.218823090195655823e-02
9.493736922740936279e-02,4.060450077056884766e+00,3.985057026147842407e-02
1.413917690515518188e-01,7.129441499710083008e-01,3.123121522367000580e-02
4.722658544778823853e-02,2.590258836746215820e+00,2.988522499799728394e-02
3.056919574737548828e-01,4.363636016845703125e+00,4.080554842948913574e-02
1.314570605754852295e-01,4.945956766605377197e-01,5.391927808523178101e-02
7.364149391651153564e-02,3.168375730514526367e+00,2.845129556953907013e-02
2.664303183555603027e-01,4.281291484832763672e+00,9.310702234506607056e-02
1.412394940853118896e-01,3.995194911956787109e+00,4.508709535002708435e-02
8.007421344518661499e-02,1.476682066917419434e+00,5.425109714269638062e-02
6.992224603891372681e-02,1.856761813163757324e+00,6.113852560520172119e-02
2.494197636842727661e-01,4.047576427459716797e+00,1.486869007349014282e-01
1.562190800905227661e-02,3.020082473754882812e+00,4.328516498208045959e-02
1.312699913978576660e-01,3.277666807174682617e+00,6.825502961874008179e-02
5.931738018989562988e-02,3.296030998229980469e+00,1.339394301176071167e-01
1.642234772443771362e-01,2.969530344009399414e+00,4.877110198140144348e-02
5.436402559280395508e-01,1.142200231552124023e-01,2.665592543780803680e-02
2.918654493987560272e-02,4.652094841003417969e+00,5.749746412038803101e-02
1.258041858673095703e-01,1.250789403915405273e+00,3.393784910440444946e-02
4.157182201743125916e-02,3.579161167144775391e+00,2.536789700388908386e-02
6.164350360631942749e-02,1.452475547790527344e+00,4.570399969816207886e-02
9.601452946662902832e-02,7.937220931053161621e-01,3.976048156619071960e-02
8.241687715053558350e-02,2.357120275497436523e+00,8.752151578664779663e-02
1.260457932949066162e-01,4.552634716033935547e+00,2.057203203439712524e-01
9.203524328768253326e-03,4.616278171539306641e+00,8.241208642721176147e-02
1.082912534475326538e-01,2.721381902694702148e+00,2.501993253827095032e-02
6.718484312295913696e-02,3.111052036285400391e+00,4.850913211703300476e-02
5.386159569025039673e-02,6.664099693298339844e-01,4.074390232563018799e-02
2.119823396205902100e-01,1.651480913162231445e+00,3.919046372175216675e-02
3.915216773748397827e-02,7.501483708620071411e-02,3.373501822352409363e-02
1.266623437404632568e-01,3.999098300933837891e+00,2.535534091293811798e-02
4.567503184080123901e-02,3.855009317398071289e+00,2.687644027173519135e-02
1.017329171299934387e-01,3.167773723602294922e+00,2.291226573288440704e-02
5.625030025839805603e-02,1.829596877098083496e+00,1.299676746129989624e-01
1.835197955369949341e-01,1.304536581039428711e+00,2.782388590276241302e-02
2.742831222712993622e-02,2.998336076736450195e+00,2.935928292572498322e-02
5.266506597399711609e-02,3.213929891586303711e+00,2.583546936511993408e-02
2.940757274627685547e-01,3.275858402252197266e+00,2.489852905273437500e-02
9.539511054754257202e-02,4.880121231079101562e+00,8.290220797061920166e-02
4.063488543033599854e-02,1.863503336906433105e+00,3.038411028683185577e-02
5.844355002045631409e-02,1.057887896895408630e-01,3.885582461953163147e-02
6.061086058616638184e-02,2.952808141708374023e+00,4.038717225193977356e-02
8.155464380979537964e-02,3.341586589813232422e+00,2.601872757077217102e-02
4.307336057536303997e-04,3.931153774261474609e+00,2.772026509046554565e-02
4.796626791357994080e-02,1.802548021078109741e-01,3.103043138980865479e-02
8.009672909975051880e-02,3.326201200485229492e+00,2.715639956295490265e-02
9.335711598396301270e-02,4.740386009216308594e+00,5.458578839898109436e-02
2.823893725872039795e-02,2.766273021697998047e+00,3.090759366750717163e-02
8.231259882450103760e-02,2.594861030578613281e+00,2.753085829317569733e-02
4.026963934302330017e-02,4.367940902709960938e+00,8.772040158510208130e-02
2.275537252426147461e-01,3.289814233779907227e+00,3.461281955242156982e-02
5.454111099243164062e-02,1.898542493581771851e-01,3.337552398443222046e-02
4.921311885118484497e-02,8.889942616224288940e-02,8.720732480287551880e-02
9.936013072729110718e-02,2.907732248306274414e+00,3.449274972081184387e-02
1.860707700252532959e-01,3.430884122848510742e+00,1.484812945127487183e-01
3.020588159561157227e-01,1.054291844367980957e+00,2.552937343716621399e-02
1.512460112571716309e-01,4.956445217132568359e+00,9.471088647842407227e-02
3.665754795074462891e-01,2.261237382888793945e+00,1.896479725837707520e-02
2.344968318939208984e-01,2.345997095108032227e+00,2.931198105216026306e-02
1.857922412455081940e-02,3.306269168853759766e+00,8.313988894224166870e-02
5.917383730411529541e-02,2.732517004013061523e+00,4.137059301137924194e-02
2.300289124250411987e-01,4.048581600189208984e+00,6.148782372474670410e-02
3.010932505130767822e-01,2.240932703018188477e+00,2.235111594200134277e-02
7.502453029155731201e-02,1.163043022155761719e+00,1.033594012260437012e-01
8.446989953517913818e-02,1.420776724815368652e+00,3.925718739628791809e-02
9.761215746402740479e-02,2.979365587234497070e+00,7.940309494733810425e-02
6.118430942296981812e-02,2.568137049674987793e-01,1.222770512104034424e-01
6.651409715414047241e-02,2.903930902481079102e+00,1.353476792573928833e-01
2.540564835071563721e-01,1.820343494415283203e+00,3.109577111899852753e-02
3.456095755100250244e-01,4.001204013824462891e+00,1.883181370794773102e-02
6.221352890133857727e-02,3.094568252563476562e+00,1.119413524866104126e-01
1.285525113344192505e-01,3.416368484497070312e+00,2.559819817543029785e-02
1.322009265422821045e-01,3.138636827468872070e+00,1.097804382443428040e-01
6.001520529389381409e-02,3.354679822921752930e+00,2.866207249462604523e-02
1.370470672845840454e-01,4.316767692565917969e+00,4.625612869858741760e-02
2.334399372339248657e-01,2.861923933029174805e+00,2.667791023850440979e-02
3.022723793983459473e-01,3.353063583374023438e+00,5.232320353388786316e-02
2.562207579612731934e-01,4.960376739501953125e+00,7.612787932157516479e-02
8.316685259342193604e-02,3.869281291961669922e+00,4.121839255094528198e-02
3.815834969282150269e-02,4.265309333801269531e+00,4.018813371658325195e-02
1.475119739770889282e-01,4.405879497528076172e+00,2.336328662931919098e-02
4.379197582602500916e-02,2.429909229278564453e+00,2.648180723190307617e-01
6.623826920986175537e-02,1.380186378955841064e-01,6.258547306060791016e-02
3.983292728662490845e-03,3.891983985900878906e+00,3.119713626801967621e-02
1.223196387290954590e-01,3.328030824661254883e+00,2.465848997235298157e-02
1.943144649267196655e-01,2.810395240783691406e+00,6.983557343482971191e-02
8.390715718269348145e-02,2.412483453750610352e+00,8.593353629112243652e-02
5.342409387230873108e-02,2.864268064498901367e+00,4.454259946942329407e-02
9.511479735374450684e-02,3.864848136901855469e+00,5.586116015911102295e-02
3.331217169761657715e-02,3.683959484100341797e+00,3.107727132737636566e-02
7.545765023678541183e-03,4.434225082397460938e+00,2.919908612966537476e-02
9.998224675655364990e-02,2.446401596069335938e+00,1.328156888484954834e-01
6.973712146282196045e-02,4.896700382232666016e+00,3.511478006839752197e-02
7.409247010946273804e-02,3.394756078720092773e+00,3.287648409605026245e-02
1.752762496471405029e-01,2.016850948333740234e+00,3.036986291408538818e-02
4.857539664953947067e-03,3.991793870925903320e+00,4.169344902038574219e-02
1.190286129713058472e-01,2.964656829833984375e+00,2.759768255054950714e-02
2.863141000270843506e-01,3.953459978103637695e+00,1.256240606307983398e-01
3.930300101637840271e-02,3.573809862136840820e+00,2.792940288782119751e-02
6.007609516382217407e-02,1.594221234321594238e+00,3.679064288735389709e-02
5.581638962030410767e-02,4.102869033813476562e+00,5.070381611585617065e-02
3.896703943610191345e-02,2.438404798507690430e+00,7.982259988784790039e-02
3.625294566154479980e-02,3.211921691894531250e+00,2.489576116204261780e-02
5.336938425898551941e-02,7.482585310935974121e-01,2.881499379873275757e-02
1.082221716642379761e-01,3.187407016754150391e+00,2.975480258464813232e-02
8.205559849739074707e-02,3.151026964187622070e+00,6.396846473217010498e-02
5.955984443426132202e-02,4.613479137420654297e+00,3.635084256529808044e-02
8.409121632575988770e-02,2.960607290267944336e+00,2.439879328012466431e-01
1.936510801315307617e-01,2.873764991760253906e+00,4.871411621570587158e-02
1.872142078354954720e-03,3.345320463180541992e+00,2.623934298753738403e-02
9.284618496894836426e-02,4.573586940765380859e+00,3.029832430183887482e-02
9.526714682579040527e-02,2.987444400787353516e+00,3.728066012263298035e-02
2.708165943622589111e-01,2.631418704986572266e+00,2.488930523395538330e-02
1.730725020170211792e-01,2.503219604492187500e+00,1.882684230804443359e-02
9.614999592304229736e-02,3.340061187744140625e+00,2.338134497404098511e-01
1.819826513528823853e-01,5.400780439376831055e-01,2.935369685292243958e-02
8.266703784465789795e-02,3.460435390472412109e+00,9.086806327104568481e-02
2.640106678009033203e-01,4.387331008911132812e+00,5.443953350186347961e-02
1.237933784723281860e-01,2.706109285354614258e+00,3.137967735528945923e-02
6.792690604925155640e-02,4.210276603698730469e+00,5.520863831043243408e-02
8.101815730333328247e-02,5.508784055709838867e-01,4.846177995204925537e-02
9.940762817859649658e-02,1.162238955497741699e+00,4.198078811168670654e-02
5.641308054327964783e-02,3.098682165145874023e+00,1.483750641345977783e-01
6.223767250776290894e-02,2.749121189117431641e+00,3.172092512249946594e-02
2.297729849815368652e-01,1.314643502235412598e+00,3.513768687844276428e-02
4.326014593243598938e-02,5.003622174263000488e-01,1.030628904700279236e-01
5.937706306576728821e-02,4.638814926147460938e+00,3.853630274534225464e-02
7.719888538122177124e-02,2.144846677780151367e+00,4.333107918500900269e-02
8.210726827383041382e-02,4.557458877563476562e+00,3.492993116378784180e-02
3.561919322237372398e-03,1.846121549606323242e+00,5.116564780473709106e-02
1.506740748882293701e-01,4.132577419281005859e+00,4.319988936185836792e-02
1.370440572500228882e-01,2.670885562896728516e+00,1.217671483755111694e-01
1.029393598437309265e-01,4.239503860473632812e+00,2.863460592925548553e-02
9.542340040206909180e-02,2.808314085006713867e+00,1.076121479272842407e-01
1.904052495956420898e-01,4.506864547729492188e+00,4.211110621690750122e-02
1.564871668815612793e-01,3.067241907119750977e+00,2.955022640526294708e-02
5.930108018219470978e-03,2.276783466339111328e+00,5.900298431515693665e-02
1.549817621707916260e-01,4.235292911529541016e+00,4.674676433205604553e-02
3.136815503239631653e-02,2.556393861770629883e+00,3.948564454913139343e-02
2.095205187797546387e-01,4.036926746368408203e+00,4.055787622928619385e-02
1.577380858361721039e-02,7.903078943490982056e-02,3.512825444340705872e-02
7.504256069660186768e-02,5.459029674530029297e-01,2.967111766338348389e-02
5.361661314964294434e-02,1.047607183456420898e+00,3.664910048246383667e-02
8.972121030092239380e-02,3.500696897506713867e+00,3.158435598015785217e-02
8.679736405611038208e-02,5.468980669975280762e-01,3.611008822917938232e-02
2.190344780683517456e-02,3.488320589065551758e+00,6.109629943966865540e-02
1.832528561353683472e-01,3.429274559020996094e+00,1.046229377388954163e-01
2.922398503869771957e-03,6.421955823898315430e-01,3.198064491152763367e-02
3.149087131023406982e-01,2.942344427108764648e+00,2.647492289543151855e-02
2.807601988315582275e-01,4.346319675445556641e+00,2.076437138020992279e-02
6.426637992262840271e-03,3.626183271408081055e+00,3.930827975273132324e-02
3.120409511029720306e-02,3.155756473541259766e+00,2.989393658936023712e-02
1.921492218971252441e-01,4.069906234741210938e+00,1.247461661696434021e-01
3.962428122758865356e-02,6.430096626281738281e-01,1.114618852734565735e-01
2.099435217678546906e-02,2.442021608352661133e+00,2.830652520060539246e-02
7.806391268968582153e-02,4.436256408691406250e+00,3.348795697093009949e-02
1.923418790102005005e-01,3.312144517898559570e+00,7.107553631067276001e-02
1.809626817703247070e-02,4.480689048767089844e+00,5.216239392757415771e-02
2.720075547695159912e-01,4.566101074218750000e+00,3.182008862495422363e-02
1.750433593988418579e-01,2.885887145996093750e+00,7.208114117383956909e-02
8.192411065101623535e-02,2.572900772094726562e+00,2.416860461235046387e-01
5.318632815033197403e-03,1.898681074380874634e-01,5.282229557633399963e-02
6.234578043222427368e-02,3.044210433959960938e+00,4.896835237741470337e-02
2.362345755100250244e-01,3.135291814804077148e+00,3.020566888153553009e-02
5.085461307317018509e-03,2.668303489685058594e+00,2.154828310012817383e-01
7.863867096602916718e-03,4.524444103240966797e+00,2.845906615257263184e-01
3.555281087756156921e-02,8.801191449165344238e-01,4.454521462321281433e-02
4.379795119166374207e-02,3.761541366577148438e+00,3.716586902737617493e-02
2.139956131577491760e-02,3.681306600570678711e+00,3.842320293188095093e-02
1.857097074389457703e-02,3.413656234741210938e+00,4.357716813683509827e-02
1.016456708312034607e-01,4.187962532043457031e+00,3.605438396334648132e-02
1.016206666827201843e-01,2.885729312896728516e+00,1.890228241682052612e-01
6.915645301342010498e-02,2.136402130126953125e+00,2.126652002334594727e-01
1.477946788072586060e-01,3.172198772430419922e+00,3.031897544860839844e-02
2.339624986052513123e-02,3.503283977508544922e+00,7.129179686307907104e-02
5.962947383522987366e-02,1.308196485042572021e-01,7.759993523359298706e-02
1.010851785540580750e-01,3.069479703903198242e+00,4.404499754309654236e-02
1.831244677305221558e-02,6.561969518661499023e-01,2.795097604393959045e-02
8.149092644453048706e-02,1.149322152137756348e+00,2.689847536385059357e-02
1.042603999376296997e-01,3.400579214096069336e+00,2.840507216751575470e-02
6.135648488998413086e-02,2.303003787994384766e+00,4.531975463032722473e-02
4.755743220448493958e-02,2.098298817873001099e-01,4.588751494884490967e-02
1.402354091405868530e-01,3.144555091857910156e+00,3.018969595432281494e-01
2.697557769715785980e-02,3.543094158172607422e+00,4.560745134949684143e-02
2.481190711259841919e-01,2.709730863571166992e+00,2.586006745696067810e-02
4.153158143162727356e-02,2.986737251281738281e+00,4.011981934309005737e-02
5.452168583869934082e-01,2.990701913833618164e+00,3.672658279538154602e-02
6.117253005504608154e-02,1.074412822723388672e+00,2.349237538874149323e-02
7.626019418239593506e-02,2.981845617294311523e+00,6.200603023171424866e-02
8.393143862485885620e-02,3.077797174453735352e+00,5.000891163945198059e-02
1.267126053571701050e-01,3.510388374328613281e+00,4.648597165942192078e-02
1.533684134483337402e-01,9.265276193618774414e-01,4.063167050480842590e-02
3.012472987174987793e-01,1.210456848144531250e+00,2.209037356078624725e-02
1.097546964883804321e-01,4.660878181457519531e+00,8.891501277685165405e-02
1.400025486946105957e-01,2.348350584506988525e-01,4.904706776142120361e-02
1.818742007017135620e-01,3.048675298690795898e+00,1.823500096797943115e-01
7.795369625091552734e-02,3.346577644348144531e+00,6.295542418956756592e-02
6.086009368300437927e-02,9.668828845024108887e-01,3.653973713517189026e-02
6.147851049900054932e-02,5.295342206954956055e-01,3.415011242032051086e-02
3.134647309780120850e-01,1.217768430709838867e+00,9.632474184036254883e-02
1.112646609544754028e-01,3.155215740203857422e+00,5.090511217713356018e-02
5.684885755181312561e-02,2.968137741088867188e+00,2.573313005268573761e-02
8.616502396762371063e-03,4.654996871948242188e+00,8.876296132802963257e-02
9.496220201253890991e-02,2.956903696060180664e+00,8.685705065727233887e-02
5.271003767848014832e-02,1.538550853729248047e+00,3.480740264058113098e-02
1.331468969583511353e-01,3.028311967849731445e+00,3.198925405740737915e-02
1.176550686359405518e-01,3.147465705871582031e+00,2.984730340540409088e-02
8.331622928380966187e-02,3.159731149673461914e+00,3.080207668244838715e-02
8.638054877519607544e-02,1.884725093841552734e+00,5.678902938961982727e-02
9.310056269168853760e-02,2.245682001113891602e+00,2.151719182729721069e-01
8.230289816856384277e-02,3.901059865951538086e+00,3.683133050799369812e-02
2.843630313873291016e-01,3.099564313888549805e+00,2.004005201160907745e-02
7.158791646361351013e-03,1.123848333954811096e-01,4.215845838189125061e-02
5.594984814524650574e-02,4.099920094013214111e-01,2.848527207970619202e-02
6.824642419815063477e-02,2.733500003814697266e+00,6.080931797623634338e-02
8.379714936017990112e-02,3.587738871574401855e-01,1.245821267366409302e-01
1.192110776901245117e-02,3.233702898025512695e+00,1.019527912139892578e-01
7.614227384328842163e-02,4.192769527435302734e+00,5.918987840414047241e-02
3.832665458321571350e-02,2.697206974029541016e+00,2.859186567366123199e-02
7.891857624053955078e-02,7.878899574279785156e-02,3.361853212118148804e-02
2.089757025241851807e-01,4.366571903228759766e+00,2.985114604234695435e-02
7.925070077180862427e-02,2.675819396972656250e+00,2.602436393499374390e-02
1.199049642309546471e-03,2.088380336761474609e+00,4.611561074852943420e-02
1.103086993098258972e-01,4.572175025939941406e+00,2.838949300348758698e-02
1.319925189018249512e-01,3.103995561599731445e+00,3.032363951206207275e-02
1.860774308443069458e-01,1.768917560577392578e+00,2.597896009683609009e-02
9.964991360902786255e-02,3.042541980743408203e+00,4.304435476660728455e-02
8.268392831087112427e-02,1.428029656410217285e+00,3.434044495224952698e-02
2.729713357985019684e-02,3.330986738204956055e+00,3.199812024831771851e-02
1.173186954110860825e-02,2.670720577239990234e+00,3.131705150008201599e-02
7.642065733671188354e-02,8.492912650108337402e-01,4.105260968208312988e-02
1.024537384510040283e-01,3.033030748367309570e+00,2.933125011622905731e-02
4.274006001651287079e-03,3.524365663528442383e+00,2.404052913188934326e-01
1.226340159773826599e-01,4.603122234344482422e+00,2.587863802909851074e-01
7.126107811927795410e-02,4.644227981567382812e+00,2.310454696416854858e-01
7.504452764987945557e-02,2.744082450866699219e+00,2.273520827293395996e-02
3.422064706683158875e-02,3.548128128051757812e+00,5.104383453726768494e-02
3.353166626766324043e-03,3.491642713546752930e+00,4.223532974720001221e-02
7.768902927637100220e-02,2.089132785797119141e+00,8.247373253107070923e-02
1.930716447532176971e-02,4.379465103149414062e+00,8.927690982818603516e-02
1.341972351074218750e-01,4.164051532745361328e+00,2.957333810627460480e-02
1.024996116757392883e-01,3.161867856979370117e+00,3.989817947149276733e-02
1.785408332943916321e-02,3.423620939254760742e+00,3.546556085348129272e-02
7.152222841978073120e-02,5.780530571937561035e-01,5.325527489185333252e-02
2.736344933509826660e-01,3.985348224639892578e+00,4.772931337356567383e-02
2.158277630805969238e-01,3.632229328155517578e+00,4.520598426461219788e-02
2.009780406951904297e-01,3.151570796966552734e+00,6.072629988193511963e-02
6.669093668460845947e-02,1.582014799118041992e+00,3.355339914560317993e-02
2.236741483211517334e-01,3.204535245895385742e+00,9.141881018877029419e-02
3.961360827088356018e-02,3.421195268630981445e+00,2.679331786930561066e-02
6.401141732931137085e-02,3.077656745910644531e+00,4.002050310373306274e-02
7.586164772510528564e-02,4.375343322753906250e+00,3.027193062007427216e-02
3.240480273962020874e-02,5.738987326622009277e-01,5.698581784963607788e-02
3.876674920320510864e-02,4.557292938232421875e+00,5.411088839173316956e-02
8.546192198991775513e-02,3.069500923156738281e+00,4.166992381215095520e-02
1.496117711067199707e-01,3.153455734252929688e+00,5.866798385977745056e-02
7.758837938308715820e-02,6.322435736656188965e-01,2.923039719462394714e-02
5.667163990437984467e-03,6.429300308227539062e-01,9.105045348405838013e-02
7.548216730356216431e-02,2.938848495483398438e+00,2.577489614486694336e-02
1.781387999653816223e-02,4.820827007293701172e+00,2.318537831306457520e-01
9.499301016330718994e-02,5.818547606468200684e-01,2.768505923449993134e-02
3.044472448527812958e-02,3.338111937046051025e-01,7.660210877656936646e-02
8.262579888105392456e-02,4.556784152984619141e+00,8.195732533931732178e-02
8.868919312953948975e-02,2.973800420761108398e+00,2.782209217548370361e-02
3.488658964633941650e-01,2.792140245437622070e+00,3.740242123603820801e-02
2.655137144029140472e-02,6.894499659538269043e-01,2.912493236362934113e-02
6.335462629795074463e-02,3.439722955226898193e-01,3.540273383259773254e-02
8.554284274578094482e-02,3.033590555191040039e+00,2.502736262977123260e-02
1.462450623512268066e-01,4.298891067504882812e+00,3.238303214311599731e-02
5.139431357383728027e-02,2.639310121536254883e+00,3.488785773515701294e-02
1.500666439533233643e-01,4.442605018615722656e+00,2.322485446929931641e-01
6.941791623830795288e-02,3.054974555969238281e+00,8.832552284002304077e-02
7.077819108963012695e-02,3.498522758483886719e+00,1.173039898276329041e-01
9.177623689174652100e-02,3.610137224197387695e+00,3.435566276311874390e-02
2.460987493395805359e-02,1.915891885757446289e+00,9.278535097837448120e-02
1.639917343854904175e-01,4.403433799743652344e+00,6.000141799449920654e-02
4.853930324316024780e-02,2.861161470413208008e+00,5.049821361899375916e-02
7.608449459075927734e-02,1.616277813911437988e+00,4.354739189147949219e-02
1.130316331982612610e-01,6.154584884643554688e-01,2.835121192038059235e-02
5.802573263645172119e-02,5.620414614677429199e-01,2.842372655868530273e-02
2.773018088191747665e-03,3.624581098556518555e+00,9.896030277013778687e-02
3.124569356441497803e-01,2.664207220077514648e+00,5.097516626119613647e-02
2.275761514902114868e-01,2.412691593170166016e+00,3.154038637876510620e-02
1.475064903497695923e-01,3.029699563980102539e+00,5.330974981188774109e-02
2.813760191202163696e-02,1.652800887823104858e-01,3.458750247955322266e-02
3.204977884888648987e-02,3.367158174514770508e+00,2.260043025016784668e-01
1.286020427942276001e-01,4.312707424163818359e+00,2.844437770545482635e-02
1.100478619337081909e-01,2.675252676010131836e+00,3.170514106750488281e-02
1.096220687031745911e-01,2.483184337615966797e-01,2.322184666991233826e-02
5.472157895565032959e-02,2.812857389450073242e+00,7.092953473329544067e-02
4.628512542694807053e-03,4.414359092712402344e+00,4.259343817830085754e-02
8.737402409315109253e-02,4.566707134246826172e+00,4.431214556097984314e-02
4.987301677465438843e-02,4.126908779144287109e+00,3.123782575130462646e-02
1.207069586962461472e-02,1.903603672981262207e+00,1.238735392689704895e-01
2.030183821916580200e-01,2.654173612594604492e+00,2.690242230892181396e-02
1.092171296477317810e-01,2.692078351974487305e+00,7.246672362089157104e-02
6.154541391879320145e-03,4.597257614135742188e+00,1.072604954242706299e-01
3.012318909168243408e-01,4.897031188011169434e-01,3.271234035491943359e-02
7.912214845418930054e-02,2.789563417434692383e+00,1.842209696769714355e-01
2.749073803424835205e-01,2.298999547958374023e+00,2.614105306565761566e-02
7.761003822088241577e-02,7.643680572509765625e-01,6.297489255666732788e-02
6.193145364522933960e-02,2.978971719741821289e+00,1.039816364645957947e-01
7.273985445499420166e-02,3.051262378692626953e+00,8.645717799663543701e-02
3.487902507185935974e-02,1.217888832092285156e+00,4.783441871404647827e-02
5.780734494328498840e-02,2.905180931091308594e+00,3.581808507442474365e-02
6.426430493593215942e-02,6.743158698081970215e-01,1.403418034315109253e-01
5.643867328763008118e-02,7.907815575599670410e-01,5.057175084948539734e-02
2.553335130214691162e-01,2.833348274230957031e+00,3.861414641141891479e-02
3.260188270360231400e-03,4.171721637248992920e-01,3.664735704660415649e-02
1.123747378587722778e-01,5.785114765167236328e-01,3.410921990871429443e-02
1.088238731026649475e-01,2.068595647811889648e+00,2.034850418567657471e-02
1.307795103639364243e-02,3.111702919006347656e+00,3.114921972155570984e-02
2.107842564582824707e-01,1.361846685409545898e+00,5.505146458745002747e-02
5.440509691834449768e-02,1.705844879150390625e+00,4.221272841095924377e-02
4.214723780751228333e-02,4.229088783264160156e+00,5.511127039790153503e-02
5.201082825660705566e-01,4.868453502655029297e+00,9.292448312044143677e-02
1.414830833673477173e-01,1.946712493896484375e+00,2.970499172806739807e-02
2.141686826944351196e-01,4.639913082122802734e+00,3.200642019510269165e-02
1.126162335276603699e-01,7.514052838087081909e-02,4.004710167646408081e-02
1.109664514660835266e-01,1.023769974708557129e+00,3.120866604149341583e-02
9.893070906400680542e-02,2.909117460250854492e+00,9.788330644369125366e-02
1.874292790889739990e-01,3.433661162853240967e-01,7.232892513275146484e-02
2.295972257852554321e-01,4.190187931060791016e+00,2.455748431384563446e-02
3.184109553694725037e-02,4.497403621673583984e+00,5.043292418122291565e-02
5.896007642149925232e-02,3.888744592666625977e+00,2.811276167631149292e-02
1.426616609096527100e-01,3.021054744720458984e+00,5.449385195970535278e-02
7.537212967872619629e-02,3.049187183380126953e+00,5.152473226189613342e-02
8.122321218252182007e-02,8.238331675529479980e-01,9.400737285614013672e-02
7.301533967256546021e-02,6.170340776443481445e-01,5.297300964593887329e-02
1.742151752114295959e-02,3.382759571075439453e+00,6.570525467395782471e-02
6.786629557609558105e-02,3.114475011825561523e+00,3.190505504608154297e-02
6.833674758672714233e-02,3.093167304992675781e+00,7.406443357467651367e-02
8.925293385982513428e-02,1.745530009269714355e+00,6.830924749374389648e-02
1.311310082674026489e-01,2.481680870056152344e+00,1.424093544483184814e-01
2.202359437942504883e-01,3.039206981658935547e+00,3.331095352768898010e-02
1.059944555163383484e-01,4.580119609832763672e+00,3.319574892520904541e-02
1.362538039684295654e-01,4.116238117218017578e+00,3.676798939704895020e-02
4.820016399025917053e-02,4.580815792083740234e+00,2.938244491815567017e-02
9.701470844447612762e-03,4.831510066986083984e+00,4.850503057241439819e-02
1.786375418305397034e-02,4.246393203735351562e+00,4.733507335186004639e-02
1.363312453031539917e-01,1.146326541900634766e+00,6.530005484819412231e-02
5.694863852113485336e-03,4.412037372589111328e+00,6.293097883462905884e-02
3.186195716261863708e-02,3.484786748886108398e-01,4.820606112480163574e-02
7.580780237913131714e-02,2.679562091827392578e+00,5.458891391754150391e-02
2.597699128091335297e-02,3.630226135253906250e+00,3.157149255275726318e-02
1.887553371489048004e-02,3.188009500503540039e+00,2.242276966571807861e-01
5.067932605743408203e-01,1.920632570981979370e-01,6.811512261629104614e-02
1.424473375082015991e-01,1.819566249847412109e+00,6.579350680112838745e-02
8.129975199699401855e-02,1.918034851551055908e-01,4.486043006181716919e-02
7.856088876724243164e-02,6.942767500877380371e-01,2.908378094434738159e-02
6.654532253742218018e-02,7.414530515670776367e-01,3.298692032694816589e-02
8.114004135131835938e-02,2.722557544708251953e+00,3.134329244494438171e-02
1.880472600460052490e-01,4.331157207489013672e+00,4.558044299483299255e-02
2.694860994815826416e-01,9.063961505889892578e-01,3.175992518663406372e-02
1.028031334280967712e-01,3.018169403076171875e+00,2.500337921082973480e-02
9.558956325054168701e-02,3.624038696289062500e-01,8.650340139865875244e-02
1.220837086439132690e-01,1.343674212694168091e-01,4.585174471139907837e-02
7.695055752992630005e-02,4.151189804077148438e+00,5.326204001903533936e-02
8.648668974637985229e-02,1.566604495048522949e+00,3.822472319006919861e-02
3.007048070430755615e-01,4.437034606933593750e+00,1.857215166091918945e-01
6.595812737941741943e-02,4.343019962310791016e+00,1.969673186540603638e-01
6.255111098289489746e-02,2.071781635284423828e+00,3.875015303492546082e-02
2.353412844240665436e-02,4.601461887359619141e+00,2.503233402967453003e-02
1.223437488079071045e-02,3.701296567916870117e+00,3.658611699938774109e-02
1.117389462888240814e-02,3.926653623580932617e+00,2.987359277904033661e-02
8.039137721061706543e-02,5.888237953186035156e-01,7.073341310024261475e-02
1.750814169645309448e-02,3.826669454574584961e+00,1.012122780084609985e-01
5.120801180601119995e-02,4.402568817138671875e+00,3.147853165864944458e-02
7.939486950635910034e-02,3.001568078994750977e+00,2.759471163153648376e-02
7.527265697717666626e-02,3.288000345230102539e+00,2.323962748050689697e-02
1.611362248659133911e-01,3.282312154769897461e+00,3.112974762916564941e-02
7.433009147644042969e-02,4.034173488616943359e+00,2.580912783741950989e-02
5.558197572827339172e-02,2.655587434768676758e+00,2.979769557714462280e-02
1.520376056432723999e-01,2.208606719970703125e+00,2.041225507855415344e-02
1.127473115921020508e-01,7.709006071090698242e-01,9.741199016571044922e-02
2.965376675128936768e-01,3.812759876251220703e+00,1.647371053695678711e-01
2.029554247856140137e-01,3.482302427291870117e+00,4.575416818261146545e-02
1.476175338029861450e-02,4.385925769805908203e+00,3.493280336260795593e-02
9.041658043861389160e-02,3.519115686416625977e+00,4.329659044742584229e-02
1.552439033985137939e-01,3.028289318084716797e+00,4.176406562328338623e-02
2.538887262344360352e-01,4.354878902435302734e+00,2.471798844635486603e-02
5.721113458275794983e-02,9.183117747306823730e-01,5.517799407243728638e-02
1.530848592519760132e-01,4.530359745025634766e+00,3.528020158410072327e-02
6.667324900627136230e-02,2.963754653930664062e+00,8.056961745023727417e-02
4.387231171131134033e-02,3.758713722229003906e+00,3.855936229228973389e-02
1.550865471363067627e-01,4.390316963195800781e+00,8.950593322515487671e-02
8.947672247886657715e-01,3.641964912414550781e+00,3.210799070075154305e-03
5.136806517839431763e-02,9.828408360481262207e-01,3.833495453000068665e-02
8.739357441663742065e-02,8.391531109809875488e-01,2.605659887194633484e-02
5.829758942127227783e-02,4.113759517669677734e+00,2.222150862216949463e-01
1.756775230169296265e-01,4.645120143890380859e+00,6.142899394035339355e-02
3.876357153058052063e-02,4.602544307708740234e+00,3.071880154311656952e-02
9.699032455682754517e-02,2.799850940704345703e+00,5.906750261783599854e-02
1.713261157274246216e-01,1.302934885025024414e+00,3.232773765921592712e-02
3.179712593555450439e-01,5.621250271797180176e-01,4.534737393260002136e-02
4.710511118173599243e-02,4.336676597595214844e+00,3.289324045181274414e-02
1.209389492869377136e-01,3.469203948974609375e+00,2.530112117528915405e-02
1.279853191226720810e-02,3.248649597167968750e+00,5.284663662314414978e-02
4.466193914413452148e-02,1.191216945648193359e+00,7.253564894199371338e-02
1.133336797356605530e-01,1.812637090682983398e+00,6.031602248549461365e-02
1.999521395191550255e-03,1.159677028656005859e+00,3.698886185884475708e-02
4.000441357493400574e-02,1.235046148300170898e+00,3.344752267003059387e-02
1.100974604487419128e-01,2.736558198928833008e+00,2.502592839300632477e-02
9.911584109067916870e-02,8.648326396942138672e-01,7.162202894687652588e-02
7.683989405632019043e-02,2.652089834213256836e+00,2.460401505231857300e-02
8.015927672386169434e-02,4.606994152069091797e+00,3.519687429070472717e-02
4.772062972187995911e-02,1.981699585914611816e+00,6.296787410974502563e-02
1.844805628061294556e-01,4.600741863250732422e+00,4.740184918045997620e-02
8.671993017196655273e-02,4.548889636993408203e+00,3.654471039772033691e-02
5.721545219421386719e-02,3.258393526077270508e+00,1.029045432806015015e-01
7.960727810859680176e-02,2.735732078552246094e+00,4.332811012864112854e-02
8.823737502098083496e-01,5.267864465713500977e-01,1.850425004959106445e-01
2.471919953823089600e-01,4.055996894836425781e+00,3.266007080674171448e-02
2.842861413955688477e-01,4.965830326080322266e+00,3.378488123416900635e-02
4.155517369508743286e-02,6.184007525444030762e-01,7.479474693536758423e-02
2.310447990894317627e-01,3.575611710548400879e-01,2.662912383675575256e-02
1.834021694958209991e-02,4.319063186645507812e+00,1.969884783029556274e-01
2.396480143070220947e-01,1.842920780181884766e+00,2.045171521604061127e-02
1.406589597463607788e-01,4.409700870513916016e+00,4.093351215124130249e-02
7.600899040699005127e-02,5.690774321556091309e-01,3.151081502437591553e-02
5.227678269147872925e-02,4.191266536712646484e+00,5.248657986521720886e-02
1.037232503294944763e-01,3.435470819473266602e+00,3.621217235922813416e-02
2.848245501518249512e-01,4.104341030120849609e+00,3.792503476142883301e-02
6.631135195493698120e-02,2.772486925125122070e+00,1.970582306385040283e-01
8.137808740139007568e-02,3.643308162689208984e+00,3.188117593526840210e-02
1.913559734821319580e-01,1.822253346443176270e+00,2.567102015018463135e-02
8.140163868665695190e-02,4.646974503993988037e-01,7.989259809255599976e-02
2.704621553421020508e-01,2.955594658851623535e-01,2.836735546588897705e-02
9.907767176628112793e-02,7.510970532894134521e-02,3.054804727435112000e-02
1.360056847333908081e-01,3.199386358261108398e+00,2.840435504913330078e-02
4.536031559109687805e-02,2.835892677307128906e+00,7.559691369533538818e-02
1.412869095802307129e-01,4.116137027740478516e+00,3.720092028379440308e-02
2.034699022769927979e-01,1.648250967264175415e-01,2.537327632308006287e-02
9.227815270423889160e-02,4.130560398101806641e+00,3.511119261384010315e-02
1.735054850578308105e-01,2.950299501419067383e+00,9.283787757158279419e-02
2.453913912177085876e-03,3.579358100891113281e+00,1.065575480461120605e-01
4.404044896364212036e-02,1.107303261756896973e+00,3.337946906685829163e-02
8.166551589965820312e-02,2.661841630935668945e+00,7.030294090509414673e-02
1.572182774543762207e-02,1.243853688240051270e+00,4.411448538303375244e-02
2.729626931250095367e-02,3.170686721801757812e+00,2.669425308704376221e-01
2.278469949960708618e-01,2.600037813186645508e+00,9.016486257314682007e-02
8.530570194125175476e-03,2.963623762130737305e+00,3.052037395536899567e-02
5.584844201803207397e-02,2.824670791625976562e+00,1.893893927335739136e-01
1.352692097425460815e-01,4.222827911376953125e+00,4.146555438637733459e-02
1.035575643181800842e-01,3.362100362777709961e+00,3.051771037280559540e-02
6.597221642732620239e-02,2.249231338500976562e+00,3.477803617715835571e-02
6.337420642375946045e-02,8.301537036895751953e-01,3.861680999398231506e-02
6.471946090459823608e-02,1.027490794658660889e-01,3.066186606884002686e-02
5.785628780722618103e-02,4.043824672698974609e-01,4.174100235104560852e-02
2.131932079792022705e-01,1.562716245651245117e+00,9.104374051094055176e-02
7.137736678123474121e-02,3.358685016632080078e+00,3.432599082589149475e-02
8.548354357481002808e-02,2.070769309997558594e+00,2.099287882447242737e-02
6.530112773180007935e-02,4.349506378173828125e+00,2.474694140255451202e-02
9.422010183334350586e-02,3.309373140335083008e+00,2.701131999492645264e-02
5.031646043062210083e-02,4.347787857055664062e+00,3.929295763373374939e-02
3.459100797772407532e-02,3.472161293029785156e+00,2.793719060719013214e-02
4.765338078141212463e-02,4.491988182067871094e+00,4.150860011577606201e-02
5.108066648244857788e-02,4.351454734802246094e+00,2.661743946373462677e-02
1.542486343532800674e-02,1.901126503944396973e+00,1.268768459558486938e-01
1.178776025772094727e-01,3.969645500183105469e+00,9.874562919139862061e-02
2.989265695214271545e-02,4.295589447021484375e+00,3.882538527250289917e-02
1.108253300189971924e-01,4.246453762054443359e+00,3.313845768570899963e-02
1.030750274658203125e-01,3.975013494491577148e+00,9.353831410408020020e-02
7.656824588775634766e-02,2.961202383041381836e+00,2.768946625292301178e-02
7.203664630651473999e-02,3.622457265853881836e+00,2.147751674056053162e-02
5.975063517689704895e-02,6.408583521842956543e-01,5.235733464360237122e-02
3.496409952640533447e-01,3.448612451553344727e+00,1.573201455175876617e-02
3.122191429138183594e-01,3.886281251907348633e+00,7.482585310935974121e-02
3.339065611362457275e-01,2.703746080398559570e+00,1.981461793184280396e-02
1.176170781254768372e-01,8.283614516258239746e-01,3.321245685219764709e-02
1.571714878082275391e-01,1.170430302619934082e+00,2.679054997861385345e-02
2.500890195369720459e-02,3.474605798721313477e+00,2.912595681846141815e-02
1.940881274640560150e-02,4.313256263732910156e+00,4.112860932946205139e-02
6.811856478452682495e-02,7.212873548269271851e-02,4.068460687994956970e-02
6.586576998233795166e-02,9.194214344024658203e-01,2.792648039758205414e-02
6.936734914779663086e-02,1.036279320716857910e+00,8.909226953983306885e-02
1.286771334707736969e-02,4.033588409423828125e+00,4.214057326316833496e-02
1.835245043039321899e-01,4.505301952362060547e+00,3.241654857993125916e-02
3.278953209519386292e-02,1.151409626007080078e+00,4.693263396620750427e-02
2.207974791526794434e-01,2.071414470672607422e+00,2.239303663372993469e-02
8.922381699085235596e-02,3.281082630157470703e+00,2.291826605796813965e-01
6.885918229818344116e-02,4.893252849578857422e+00,3.561069071292877197e-02
1.502726376056671143e-01,2.345036745071411133e+00,2.068196609616279602e-02
3.466112166643142700e-02,4.361102581024169922e+00,3.362022340297698975e-02
9.999685734510421753e-02,3.983371555805206299e-01,6.758616119623184204e-02
1.114310696721076965e-01,3.334455251693725586e+00,1.003276631236076355e-01
1.949812620878219604e-01,3.532246351242065430e-01,2.365851774811744690e-02
2.384727746248245239e-01,4.488253116607666016e+00,3.408108651638031006e-02
1.310260891914367676e-01,2.844154238700866699e-01,2.305816486477851868e-02
5.739854276180267334e-02,9.422349184751510620e-02,5.494979396462440491e-02
5.683200433850288391e-02,2.862121582031250000e+00,4.060569033026695251e-02
1.822281926870346069e-01,7.587659358978271484e-01,3.635089471936225891e-02
4.653408005833625793e-02,2.538864374160766602e+00,2.865208126604557037e-02
2.728005647659301758e-01,4.175601959228515625e+00,3.989003226161003113e-02
5.701864883303642273e-02,2.901775598526000977e+00,6.564765423536300659e-02
6.328872591257095337e-02,3.195690393447875977e+00,3.638466820120811462e-02
6.730072200298309326e-02,2.040066570043563843e-01,3.872478753328323364e-02
8.447594195604324341e-02,4.113977432250976562e+00,6.418359279632568359e-02
7.712670415639877319e-02,3.564590930938720703e+00,4.347534105181694031e-02
1.145517900586128235e-01,1.646357655525207520e+00,2.623457647860050201e-02
1.297217905521392822e-01,3.388956785202026367e+00,2.396968565881252289e-02
3.919617086648941040e-02,1.357203483581542969e+00,4.474748298525810242e-02
8.807875216007232666e-02,3.399193286895751953e+00,3.504549339413642883e-02
8.310830593109130859e-02,3.473809719085693359e+00,5.641390755772590637e-02
2.244083732366561890e-01,2.718708992004394531e+00,2.636976540088653564e-02
2.901010811328887939e-01,4.785691797733306885e-01,2.331270650029182434e-02
2.932103909552097321e-02,2.551838636398315430e+00,3.343476355075836182e-02
6.366436928510665894e-02,1.988085508346557617e+00,3.085624426603317261e-02
7.304794341325759888e-02,3.353515386581420898e+00,2.341776192188262939e-01
1.074732691049575806e-01,3.637311935424804688e+00,1.227131634950637817e-01
2.656579613685607910e-01,2.936102628707885742e+00,4.763286560773849487e-02
9.937985241413116455e-02,1.172331333160400391e+00,2.928994596004486084e-02
1.969845592975616455e-02,3.928532838821411133e+00,3.649320825934410095e-02
1.931389980018138885e-02,2.802625417709350586e+00,3.336184099316596985e-02
6.066823005676269531e-02,2.561996221542358398e+00,3.383664041757583618e-02
1.647996604442596436e-01,2.889092445373535156e+00,2.406987361609935760e-02
6.733771562576293945e-01,1.780035734176635742e+00,1.165427267551422119e-01
8.180173486471176147e-02,3.960128545761108398e+00,2.586729265749454498e-02
8.719898015260696411e-02,4.446071147918701172e+00,6.233559548854827881e-02
2.680697143077850342e-01,4.262817382812500000e+00,3.681221604347229004e-02
1.974950358271598816e-02,1.589644789695739746e+00,8.660784363746643066e-02
4.604428634047508240e-02,6.328026652336120605e-01,5.610037967562675476e-02
9.083170443773269653e-02,3.245542526245117188e+00,3.293208777904510498e-02
8.120904862880706787e-02,2.189306765794754028e-01,3.975801914930343628e-02
1.018955931067466736e-01,3.043107271194458008e+00,2.454277686774730682e-02
8.386470377445220947e-02,3.772680997848510742e+00,5.258328095078468323e-02
1.258976906538009644e-01,2.695985317230224609e+00,2.041528001427650452e-02
1.191945001482963562e-01,3.310949087142944336e+00,5.879732966423034668e-02
1.032871603965759277e-01,1.458719968795776367e+00,2.483785338699817657e-02
7.102610915899276733e-02,1.538030147552490234e+00,1.245897039771080017e-01
1.219030376523733139e-02,2.130521774291992188e+00,8.267446607351303101e-02
6.402128934860229492e-02,1.672143936157226562e+00,2.156473882496356964e-02
1.293385494500398636e-02,4.460501670837402344e+00,1.076564267277717590e-01
7.592889666557312012e-02,8.810084462165832520e-01,3.236535191535949707e-02
7.398802042007446289e-02,2.424148917198181152e-01,5.639930069446563721e-02
3.981448337435722351e-02,4.593257904052734375e+00,3.769499063491821289e-02
2.023791708052158356e-02,4.450218677520751953e+00,8.539252728223800659e-02
2.360451966524124146e-02,4.362435817718505859e+00,4.785666242241859436e-02
4.417034983634948730e-02,5.609191656112670898e-01,6.231258437037467957e-02
2.571374773979187012e-01,1.824632763862609863e+00,6.782773137092590332e-02
9.823468327522277832e-02,2.812474250793457031e+00,3.845953568816184998e-02
2.699750363826751709e-01,1.702511787414550781e+00,2.508568204939365387e-02
5.451773107051849365e-02,3.206140995025634766e+00,2.528308331966400146e-02
1.414112895727157593e-01,3.038630008697509766e+00,2.413024194538593292e-02
5.376215651631355286e-02,4.477555274963378906e+00,4.728762060403823853e-02
7.074081897735595703e-02,8.831658959388732910e-01,3.449033945798873901e-02
7.730361074209213257e-02,5.426132678985595703e-01,2.468431927263736725e-02
1.826078742742538452e-01,4.247655868530273438e+00,2.069370076060295105e-02
2.190724462270736694e-01,5.536752939224243164e-01,3.739048168063163757e-02
8.798097819089889526e-02,3.919878602027893066e-01,9.042647480964660645e-02
2.689869329333305359e-02,4.151154518127441406e+00,1.354877948760986328e-01
1.244274713099002838e-02,4.428162097930908203e+00,3.777493536472320557e-02
3.332867622375488281e-01,3.683339834213256836e+00,1.433079093694686890e-01
6.179329752922058105e-02,1.258899927139282227e+00,8.971916884183883667e-02
1.904635280370712280e-01,4.864517688751220703e+00,4.053040593862533569e-02
9.356503933668136597e-02,4.088056087493896484e+00,2.040633708238601685e-01
6.307493150234222412e-02,2.285202980041503906e+00,4.838962480425834656e-02
1.835438758134841919e-01,3.258321523666381836e+00,2.812593244016170502e-02
1.940850615501403809e-01,2.520278692245483398e+00,2.671173401176929474e-02
2.779670245945453644e-02,3.085367918014526367e+00,6.852637976408004761e-02
8.719925582408905029e-02,3.215343713760375977e+00,1.919141560792922974e-01
6.219708919525146484e-02,2.884328365325927734e+00,5.727643519639968872e-02
1.285890582948923111e-02,2.935225486755371094e+00,3.612858802080154419e-02
3.261649906635284424e-01,2.487895011901855469e+00,2.467836886644363403e-01
5.735146626830101013e-02,3.252012729644775391e+00,7.038217037916183472e-02
2.185607850551605225e-01,4.408387184143066406e+00,8.244001120328903198e-02
5.628435686230659485e-02,3.041689872741699219e+00,4.232019186019897461e-02
1.911928355693817139e-01,3.322672367095947266e+00,8.331258594989776611e-02
5.760045722126960754e-02,3.655902862548828125e+00,2.566172778606414795e-01
1.568300724029541016e-01,2.992534875869750977e+00,6.496008485555648804e-02
3.464184701442718506e-02,4.685686111450195312e+00,6.146066263318061829e-02
1.437111850827932358e-02,3.650567233562469482e-01,5.462673678994178772e-02
1.234878152608871460e-01,4.466118812561035156e+00,2.588810026645660400e-02
1.580799520015716553e-01,3.156898498535156250e+00,2.233051061630249023e-01
4.720734804868698120e-02,1.172962039709091187e-01,1.042195260524749756e-01
4.976657032966613770e-02,5.456608533859252930e-01,2.679777704179286957e-02
6.517298817634582520e-01,2.204459190368652344e+00,7.657746225595474243e-02
9.251187741756439209e-02,3.625368833541870117e+00,2.916311100125312805e-02
3.539997339248657227e-02,4.269301891326904297e+00,5.550151318311691284e-02
8.168838173151016235e-02,4.496607303619384766e+00,3.495068848133087158e-02
6.627408415079116821e-02,2.628540754318237305e+00,2.622771076858043671e-02
1.297172755002975464e-01,3.402250528335571289e+00,3.461778908967971802e-02
1.168475151062011719e-01,4.509441852569580078e+00,2.739725820720195770e-02
7.069474551826715469e-03,1.500680685043334961e+00,8.326835930347442627e-02
6.137351319193840027e-02,2.055912494659423828e+00,3.503831848502159119e-02
5.126513913273811340e-02,2.538897037506103516e+00,3.489072993397712708e-02
1.864140927791595459e-01,2.256592988967895508e+00,2.082601934671401978e-02
1.409839391708374023e-01,5.630632638931274414e-01,8.810137212276458740e-02
6.166864559054374695e-02,3.790260553359985352e+00,2.949385531246662140e-02
4.128127917647361755e-02,1.605437248945236206e-01,2.745485864579677582e-02
1.343719214200973511e-01,3.356895923614501953e+00,4.887508228421211243e-02
1.557837873697280884e-01,4.651210784912109375e+00,2.398188225924968719e-02
5.527077987790107727e-02,3.582257509231567383e+00,3.599375858902931213e-02
8.998578041791915894e-02,4.359063148498535156e+00,2.733144760131835938e-01
4.517343044281005859e-01,2.803807497024536133e+00,2.256281487643718719e-02
5.688291415572166443e-02,7.136105895042419434e-01,4.051349684596061707e-02
4.840252920985221863e-02,3.536316871643066406e+00,2.999227866530418396e-02
1.358451843261718750e-01,1.724251151084899902e+00,5.779525637626647949e-02
7.519677281379699707e-02,2.585280656814575195e+00,1.194439455866813660e-01
1.752331852912902832e-01,4.673916816711425781e+00,3.393887728452682495e-02
1.403578184545040131e-02,2.650804758071899414e+00,3.084404766559600830e-02
1.125817000865936279e-01,3.207659244537353516e+00,9.688558429479598999e-02
8.450889028608798981e-03,6.902092695236206055e-01,4.605514183640480042e-02
1.604344993829727173e-01,4.610854625701904297e+00,4.056914895772933960e-02
1.166503727436065674e-01,4.634281158447265625e+00,3.218327090144157410e-02
1.741730421781539917e-01,1.585246443748474121e+00,1.913599222898483276e-01
2.048483937978744507e-01,2.836879730224609375e+00,5.971556529402732849e-02
8.049319684505462646e-02,1.058536916971206665e-01,8.504026383161544800e-02
3.428578674793243408e-01,6.851158738136291504e-01,2.624400705099105835e-02
3.152931481599807739e-02,6.918150186538696289e-02,5.611380562186241150e-02
8.518111705780029297e-02,4.352405548095703125e+00,3.378488123416900635e-02
1.378694027662277222e-01,4.430430889129638672e+00,3.294043987989425659e-02
1.747944355010986328e-01,1.967308521270751953e+00,5.184876546263694763e-02
6.679082289338111877e-03,4.334945201873779297e+00,4.543685168027877808e-02
5.264341086149215698e-02,1.994850754737854004e+00,3.207565471529960632e-02
2.030184864997863770e-02,4.877607345581054688e+00,7.232184708118438721e-02
1.845383197069168091e-01,4.050620079040527344e+00,6.381728500127792358e-02
8.035290241241455078e-02,3.359917402267456055e+00,3.035028651356697083e-02
8.548337221145629883e-02,2.604160547256469727e+00,4.772224277257919312e-02
2.690919500309973955e-04,4.268415927886962891e+00,2.599287927150726318e-01
1.125975847244262695e-01,3.151209115982055664e+00,3.500137105584144592e-02
1.620979234576225281e-02,4.593388080596923828e+00,4.524810984730720520e-02
5.406302586197853088e-02,4.893030166625976562e+00,3.609486669301986694e-02
7.328999042510986328e-02,4.107199668884277344e+00,3.661794215440750122e-02
5.411100015044212341e-02,6.135765314102172852e-01,2.813843637704849243e-02
1.578993499279022217e-01,3.062576055526733398e+00,3.299552947282791138e-02
2.663481794297695160e-02,3.554924964904785156e+00,5.023265257477760315e-02
1.340697109699249268e-01,2.430465221405029297e+00,2.699691988527774811e-02
5.752350389957427979e-02,2.716366946697235107e-01,3.832450136542320251e-02
1.003804132342338562e-01,4.351130008697509766e+00,2.979252114892005920e-02
1.289018094539642334e-01,2.967325448989868164e+00,4.191631823778152466e-02
8.717325329780578613e-02,2.355664730072021484e+00,6.550052762031555176e-02
2.029527574777603149e-01,4.157802104949951172e+00,2.604983374476432800e-02
2.152871638536453247e-01,2.712383747100830078e+00,3.269045799970626831e-02
7.290913164615631104e-02,2.818479776382446289e+00,6.569634377956390381e-02
1.029612571001052856e-01,2.823240995407104492e+00,2.218953073024749756e-01
6.920526176691055298e-02,2.820126771926879883e+00,4.702293127775192261e-02
8.628805726766586304e-02,2.344096899032592773e+00,5.839663371443748474e-02
8.326297253370285034e-02,2.718584775924682617e+00,3.101700544357299805e-02
6.515941768884658813e-02,4.624204635620117188e+00,1.104798987507820129e-01
1.951657682657241821e-01,2.838547468185424805e+00,4.137833416461944580e-02
4.755870997905731201e-02,5.494992136955261230e-01,1.072462499141693115e-01
8.108036220073699951e-02,2.894088506698608398e+00,3.287110477685928345e-02
3.208335116505622864e-02,3.808981418609619141e+00,3.841413185000419617e-02
1.624118834733963013e-01,2.613916635513305664e+00,8.759305626153945923e-02
9.254144877195358276e-02,1.065069198608398438e+00,2.678793668746948242e-02
9.865108877420425415e-02,4.401258468627929688e+00,4.039393737912178040e-02
5.309113860130310059e-02,1.387646913528442383e+00,6.049881875514984131e-02
5.314695090055465698e-02,1.679624021053314209e-01,7.317828387022018433e-02
1.933249980211257935e-01,4.409947872161865234e+00,7.667934149503707886e-02
1.681401431560516357e-01,3.270340442657470703e+00,2.949554659426212311e-02
8.306934684514999390e-02,3.471582174301147461e+00,2.294342406094074249e-02
1.499330103397369385e-01,2.730603456497192383e+00,1.752962917089462280e-01
1.537692360579967499e-02,3.287942171096801758e+00,5.586290359497070312e-02
1.301256939768791199e-02,4.419240951538085938e+00,4.602459818124771118e-02
2.554696500301361084e-01,3.377566099166870117e+00,5.277832597494125366e-02
6.564676016569137573e-02,2.186060100793838501e-01,4.397186636924743652e-02
6.903038918972015381e-02,3.122823476791381836e+00,2.525761350989341736e-02
1.515859365463256836e-01,3.661244869232177734e+00,4.942085966467857361e-02
2.934208810329437256e-01,1.401200652122497559e+00,7.014586776494979858e-02
9.762369841337203979e-02,3.527522325515747070e+00,3.125914558768272400e-02
7.354450970888137817e-02,3.365063905715942383e+00,2.657680213451385498e-02
1.348823774605989456e-02,7.585570216178894043e-01,3.294115886092185974e-02
6.310784071683883667e-02,3.073038101196289062e+00,2.837227471172809601e-02
7.184354215860366821e-02,4.181550979614257812e+00,1.307548731565475464e-01
5.977495014667510986e-02,4.332855224609375000e+00,4.895677044987678528e-02
6.676074117422103882e-02,1.107929587364196777e+00,2.800411917269229889e-02
6.651734560728073120e-02,4.294677257537841797e+00,5.660669505596160889e-02
4.862409457564353943e-02,1.983831167221069336e+00,7.159650325775146484e-02
8.911046385765075684e-02,4.261088967323303223e-01,3.358465805649757385e-02
2.635520398616790771e-01,3.384989500045776367e+00,3.745530918240547180e-02
1.459955819882452488e-03,4.635851383209228516e+00,4.286888986825942993e-02
9.173306822776794434e-02,3.293710231781005859e+00,2.831974625587463379e-02
4.524695873260498047e-02,1.423900961875915527e+00,9.398128837347030640e-02
2.064966112375259399e-01,3.100377082824707031e+00,1.620256453752517700e-01
2.621430456638336182e-01,2.084567070007324219e+00,2.867058105766773224e-02
1.437158137559890747e-01,1.577027082443237305e+00,2.851125411689281464e-02
1.643779426813125610e-01,4.386419773101806641e+00,2.310654148459434509e-02
7.092899084091186523e-02,1.557614564895629883e+00,2.901608496904373169e-02
5.260669812560081482e-02,4.396090507507324219e+00,4.718840494751930237e-02
1.020669415593147278e-01,1.377560496330261230e+00,7.309741526842117310e-02
2.736876718699932098e-02,1.456551551818847656e+00,2.948099188506603241e-02
4.802108183503150940e-02,4.250730991363525391e+00,1.259600371122360229e-01
7.241273671388626099e-02,4.462986946105957031e+00,3.633916005492210388e-02
4.995304346084594727e-02,1.060497611761093140e-01,4.108689352869987488e-02
2.147552669048309326e-01,3.071587324142456055e+00,2.048271894454956055e-02
1.865981370210647583e-01,3.215332031250000000e+00,2.734098955988883972e-02
6.053463369607925415e-02,2.590751886367797852e+00,4.904014617204666138e-02
2.119733691215515137e-01,4.047978878021240234e+00,2.830770425498485565e-02
1.393845118582248688e-02,4.995090007781982422e+00,4.771352931857109070e-02
6.183042749762535095e-02,2.980823278427124023e+00,4.130458831787109375e-02
2.599633298814296722e-03,3.327405214309692383e+00,3.623666614294052124e-02
1.453156173229217529e-01,1.551813602447509766e+00,2.037602476775646210e-02
7.325804233551025391e-02,4.423782348632812500e+00,4.171840474009513855e-02
4.448254592716693878e-03,1.041938304901123047e+00,8.871033042669296265e-02
3.282342851161956787e-01,3.868532896041870117e+00,1.377629302442073822e-02
2.894589304924011230e-01,2.434467315673828125e+00,2.458351664245128632e-02
3.331694602966308594e-01,4.056521415710449219e+00,3.766331821680068970e-02
2.230419218540191650e-01,1.425234317779541016e+00,2.116562984883785248e-02
4.493033885955810547e-02,2.558687925338745117e-01,3.162812069058418274e-02
6.379682570695877075e-02,8.217494934797286987e-02,1.545923352241516113e-01
2.364506758749485016e-02,3.571539402008056641e+00,4.327865689992904663e-02
5.370844900608062744e-02,4.427128791809082031e+00,3.778041526675224304e-02
1.385967880487442017e-01,5.958333611488342285e-01,2.746157161891460419e-02
2.197991684079170227e-02,3.649596452713012695e+00,3.037975355982780457e-02
1.105920895934104919e-01,3.194161891937255859e+00,5.193983018398284912e-02
4.076451063156127930e-02,3.393838644027709961e+00,3.193652257323265076e-02
2.095258086919784546e-01,4.009234428405761719e+00,2.956503629684448242e-02
1.542805135250091553e-01,2.223590373992919922e+00,3.215595707297325134e-02
1.725896447896957397e-01,4.100761413574218750e+00,7.042762637138366699e-02
8.483676612377166748e-02,3.588402509689331055e+00,2.941980399191379547e-02
2.105716019868850708e-01,3.324574232101440430e+00,2.749996781349182129e-01
6.358285993337631226e-02,3.860661983489990234e+00,3.634792193770408630e-02
2.845791578292846680e-01,2.559257507324218750e+00,2.942723594605922699e-02
6.047436222434043884e-02,2.029142379760742188e+00,4.227109625935554504e-02
7.735072076320648193e-02,3.127018451690673828e+00,1.542891710996627808e-01
1.238588988780975342e-01,4.331111907958984375e+00,1.212842538952827454e-01
1.795500516891479492e-02,4.567970752716064453e+00,5.117477104067802429e-02
1.040168330073356628e-01,1.378735303878784180e+00,4.872964322566986084e-02
1.410441007465124130e-02,7.231788635253906250e-01,3.452631458640098572e-02
5.982589721679687500e-02,3.292428493499755859e+00,3.096411749720573425e-02
3.165958821773529053e-01,4.183733463287353516e+00,4.285459220409393311e-02
2.440912574529647827e-01,4.593927860260009766e+00,3.041803464293479919e-02
8.169231563806533813e-02,4.169807910919189453e+00,2.763073742389678955e-01
1.738072745501995087e-02,3.569594860076904297e+00,3.766039758920669556e-02
1.685200817883014679e-02,3.912028074264526367e+00,4.427411779761314392e-02
6.164056807756423950e-02,3.116690874099731445e+00,7.508859783411026001e-02
9.101372212171554565e-02,4.504092216491699219e+00,5.541439354419708252e-02
1.081504374742507935e-01,3.374879837036132812e+00,2.980533242225646973e-02
1.061670780181884766e-01,4.204635620117187500e+00,2.891350984573364258e-01
7.797075808048248291e-02,1.576853275299072266e+00,2.296510152518749237e-02
7.161562144756317139e-02,1.649820208549499512e+00,2.346142381429672241e-02
1.382571011781692505e-01,3.328341722488403320e+00,8.504523336887359619e-02
5.288383737206459045e-02,5.897864699363708496e-01,4.526927694678306580e-02
2.252117544412612915e-02,3.919291257858276367e+00,3.204024210572242737e-02
1.060347929596900940e-01,4.232561111450195312e+00,4.254839196801185608e-02
4.891473799943923950e-02,2.245660781860351562e+00,1.164831221103668213e-01
2.029029875993728638e-01,4.019074440002441406e+00,3.055619634687900543e-02
7.144437730312347412e-02,2.651896953582763672e+00,1.220141574740409851e-01
5.837882310152053833e-02,3.223939418792724609e+00,4.367345944046974182e-02
2.187672257423400879e-01,2.552116632461547852e+00,2.232021465897560120e-02
4.247028008103370667e-02,2.777076482772827148e+00,3.252262622117996216e-02
5.673505365848541260e-02,2.057940483093261719e+00,2.728835865855216980e-02
1.369053125381469727e-01,3.649468898773193359e+00,4.445922002196311951e-02
3.327207267284393311e-02,3.897608995437622070e+00,4.002701491117477417e-02
2.998729236423969269e-02,4.179670333862304688e+00,5.310333147644996643e-02
6.016966328024864197e-02,2.994578361511230469e+00,4.450513795018196106e-02
8.581332117319107056e-02,3.417056083679199219e+00,3.706727176904678345e-02
9.811075776815414429e-02,1.202351927757263184e+00,2.748160995543003082e-02
5.537653714418411255e-02,2.746205925941467285e-01,2.947694435715675354e-02
2.911855280399322510e-01,3.429991722106933594e+00,2.862666174769401550e-02
4.285910129547119141e-01,3.947001934051513672e+00,9.429599344730377197e-02
3.213167190551757812e-02,3.115326166152954102e+00,1.383592337369918823e-01
2.540696859359741211e-01,4.877480030059814453e+00,2.437448315322399139e-02
8.444032818078994751e-02,3.356559753417968750e+00,2.843423187732696533e-02
6.205534189939498901e-02,2.861975193023681641e+00,1.542483270168304443e-01
8.181583136320114136e-02,1.371120691299438477e+00,3.523920476436614990e-02
5.565934255719184875e-02,9.714478254318237305e-01,4.557608813047409058e-02
6.168190762400627136e-02,1.905046224594116211e+00,1.361932456493377686e-01
7.949627190828323364e-02,3.213938474655151367e+00,3.386092931032180786e-02
1.500304136425256729e-02,3.074738979339599609e+00,6.821972131729125977e-02
1.171344667673110962e-01,4.286749362945556641e+00,3.453804925084114075e-02
7.718569785356521606e-02,2.577109575271606445e+00,5.550771579146385193e-02
7.354164123535156250e-02,6.663016080856323242e-01,6.851162016391754150e-02
6.631135195493698120e-02,5.603275299072265625e-01,2.313088253140449524e-02
4.884535074234008789e-02,3.478709459304809570e+00,3.913598880171775818e-02
5.223540589213371277e-02,2.542038679122924805e+00,2.785294130444526672e-02
7.333150506019592285e-02,1.943519592285156250e+00,1.038996428251266479e-01
7.133025676012039185e-02,1.477013081312179565e-01,5.823387578129768372e-02
6.769055873155593872e-02,5.557563900947570801e-01,7.139659672975540161e-02
8.981616050004959106e-02,6.197318434715270996e-01,6.723163276910781860e-02
3.296010792255401611e-01,2.624727010726928711e+00,3.577601164579391479e-02
9.629052877426147461e-02,4.635114669799804688e+00,2.980435825884342194e-02
1.284348815679550171e-01,4.547678470611572266e+00,5.514340102672576904e-02
1.880822777748107910e-01,5.778127908706665039e-01,2.813582308590412140e-02
8.353257924318313599e-02,3.396425008773803711e+00,2.861743792891502380e-02
5.218508094549179077e-02,3.012872219085693359e+00,2.201383709907531738e-01
2.926856875419616699e-01,3.782534122467041016e+00,1.718624681234359741e-01
8.885857462882995605e-02,2.559549510478973389e-01,2.722214907407760620e-02
4.810069128870964050e-02,2.304702758789062500e+00,3.035315684974193573e-02
1.008784919977188110e-01,3.531800508499145508e+00,3.312790021300315857e-02
4.216834157705307007e-02,1.696203649044036865e-01,3.319549560546875000e-02
4.536597803235054016e-02,5.519086122512817383e-01,5.694789439439773560e-02
2.376761585474014282e-01,3.854669809341430664e+00,6.586212664842605591e-02
5.080777779221534729e-02,1.951315551996231079e-01,7.123450189828872681e-02
6.258917506784200668e-03,2.780009031295776367e+00,3.033204376697540283e-02
2.263285368680953979e-01,3.756988644599914551e-01,8.880759775638580322e-02
7.309342920780181885e-02,2.568855047225952148e+00,1.187036335468292236e-01
4.229388758540153503e-02,1.108362436294555664e+00,2.769633196294307709e-02
1.318922191858291626e-01,2.808259248733520508e+00,1.223733946681022644e-01
4.149811342358589172e-02,3.270916461944580078e+00,3.442069515585899353e-02
1.409974098205566406e-01,2.570864439010620117e+00,3.611808270215988159e-02
4.565689712762832642e-02,3.338872194290161133e+00,5.350848659873008728e-02
8.287326991558074951e-02,2.594438552856445312e+00,1.000916212797164917e-01
3.142201602458953857e-01,3.710065364837646484e+00,8.539114892482757568e-02
2.193933352828025818e-02,1.229766234755516052e-01,6.475458294153213501e-02
2.161009758710861206e-01,1.105599045753479004e+00,9.288953244686126709e-02
5.672607198357582092e-02,1.098557710647583008e-01,5.376692116260528564e-02
1.518848687410354614e-01,4.461024284362792969e+00,4.478668794035911560e-02
7.460177689790725708e-02,8.861167430877685547e-01,4.875706136226654053e-02
4.601282253861427307e-02,5.663396045565605164e-02,7.159142941236495972e-02
5.685939267277717590e-02,7.545331716537475586e-01,7.447291910648345947e-02
1.973658613860607147e-02,6.375592350959777832e-01,5.518773198127746582e-02
2.931253015995025635e-01,3.928881406784057617e+00,1.752423197031021118e-01
9.652988612651824951e-02,2.422070741653442383e+00,2.305780537426471710e-02
2.523122914135456085e-02,3.315382242202758789e+00,1.118924096226692200e-01
2.044101208448410034e-01,4.427494049072265625e+00,3.192514553666114807e-02
7.812777161598205566e-02,1.541744023561477661e-01,3.354084491729736328e-02
5.451054498553276062e-02,2.302050113677978516e+00,1.756519377231597900e-01
4.155475646257400513e-02,3.883008003234863281e+00,8.615107834339141846e-02
7.124394923448562622e-02,4.377948284149169922e+00,3.337270393967628479e-02
1.258777230978012085e-01,2.086873531341552734e+00,8.652717620134353638e-02
1.309304405003786087e-02,2.945201396942138672e+00,1.536506265401840210e-01
1.431253403425216675e-01,3.182854056358337402e-01,1.898811571300029755e-02
1.428370084613561630e-02,1.734236329793930054e-01,8.761406689882278442e-02
8.331248164176940918e-01,4.762497246265411377e-01,5.354799702763557434e-02
1.166775152087211609e-01,3.174413442611694336e+00,3.537464886903762817e-02
1.011097654700279236e-01,4.621583938598632812e+00,7.329179346561431885e-02
7.427179068326950073e-02,1.023096203804016113e+00,4.531206563115119934e-02
5.052006989717483521e-02,5.373895764350891113e-01,3.853348642587661743e-02
9.013219177722930908e-02,2.304434031248092651e-01,7.477978616952896118e-02
5.836024135351181030e-02,8.640392869710922241e-02,4.241581633687019348e-02
8.399578183889389038e-02,3.132057428359985352e+00,2.413244545459747314e-02
1.490719914436340332e-01,2.798711776733398438e+00,1.551469266414642334e-01
3.210431709885597229e-02,2.599549293518066406e+00,2.901803143322467804e-02
6.159110739827156067e-02,3.567864656448364258e+00,5.071795731782913208e-02
2.823372781276702881e-01,3.662218570709228516e+00,2.281607687473297119e-02
2.056329995393753052e-01,2.933823585510253906e+00,2.601109072566032410e-02
4.767448455095291138e-02,3.643387079238891602e+00,3.007196821272373199e-02
3.626728057861328125e-02,1.291947841644287109e+00,5.842164158821105957e-02
1.466151028871536255e-01,2.515327930450439453e+00,2.311099879443645477e-02
8.311200141906738281e-02,2.654829263687133789e+00,7.980168610811233521e-02
2.606283128261566162e-01,4.328498840332031250e+00,3.765219822525978088e-02
1.288685053586959839e-01,4.278659820556640625e+00,3.601753711700439453e-02
1.444002687931060791e-01,2.907691478729248047e+00,6.626307964324951172e-02
9.757371991872787476e-02,2.822118759155273438e+00,3.065305203199386597e-02
1.888489425182342529e-01,2.980457782745361328e+00,4.290004819631576538e-02
5.298434570431709290e-02,3.312901258468627930e+00,4.799415543675422668e-02
1.042654365301132202e-02,6.031602621078491211e-01,5.893472209572792053e-02
4.022536054253578186e-02,1.737813949584960938e+00,2.844304591417312622e-02
8.492232114076614380e-02,2.495783567428588867e+00,4.386773332953453064e-02
5.815684422850608826e-02,2.907239198684692383e+00,3.538202866911888123e-02
1.266475915908813477e-01,3.137706041336059570e+00,1.030814945697784424e-01
7.489124685525894165e-02,3.447785377502441406e+00,2.615837380290031433e-02
3.177426382899284363e-02,4.418284893035888672e+00,4.872902855277061462e-02
1.939558424055576324e-02,2.781714200973510742e+00,6.473828852176666260e-02
7.874519377946853638e-02,1.704495102167129517e-01,3.302525356411933899e-02
6.918045878410339355e-02,1.778054237365722656e+00,5.205559358000755310e-02
5.397726595401763916e-02,3.582391977310180664e+00,4.958397522568702698e-02
3.821055889129638672e-01,1.870885252952575684e+00,1.490776520222425461e-02
4.727189894765615463e-03,4.703346252441406250e+00,5.952415987849235535e-02
2.783950269222259521e-01,2.832474946975708008e+00,1.766149699687957764e-02
1.326108276844024658e-01,3.161707878112792969e+00,1.884805783629417419e-02
1.765482872724533081e-01,4.578809261322021484e+00,1.920051127672195435e-01
2.792467176914215088e-01,8.978003263473510742e-01,1.954793184995651245e-02
7.372179627418518066e-02,4.250974178314208984e+00,4.307720437645912170e-02
9.738316386938095093e-02,4.144134998321533203e+00,4.108084738254547119e-02
2.311272174119949341e-02,4.617472648620605469e+00,3.156759589910507202e-02
1.013475283980369568e-01,2.822829723358154297e+00,2.439831197261810303e-02
1.456658393144607544e-01,2.350497990846633911e-01,6.650675088167190552e-02
8.681114763021469116e-02,2.923768997192382812e+00,3.320328518748283386e-02
9.724466502666473389e-02,3.043655872344970703e+00,4.004602506756782532e-02
2.322048991918563843e-01,6.903678178787231445e-01,6.777879595756530762e-02
2.147208601236343384e-01,3.026218414306640625e+00,3.132453560829162598e-02
3.190360069274902344e-01,2.313575267791748047e+00,3.360772132873535156e-02
2.966444492340087891e-01,2.666527032852172852e+00,2.316598780453205109e-02
8.032061159610748291e-02,2.599189758300781250e+00,3.883799165487289429e-02
1.070482376962900162e-02,3.074720144271850586e+00,3.563964366912841797e-02
5.990409106016159058e-02,1.938784122467041016e-01,3.757937625050544739e-02
9.783617407083511353e-02,3.276556491851806641e+00,5.365561321377754211e-02
1.404660940170288086e-01,4.440216064453125000e+00,4.272345080971717834e-02
1.077247783541679382e-01,3.012007713317871094e+00,1.726724207401275635e-01
2.629346549510955811e-01,4.564413070678710938e+00,1.261587738990783691e-01
6.713417172431945801e-02,1.566548585891723633e+00,5.016316473484039307e-02
1.147193014621734619e-01,2.249210476875305176e-01,3.427115827798843384e-02
8.587531745433807373e-02,7.068154215812683105e-01,4.258006438612937927e-02
6.847231090068817139e-02,3.183719873428344727e+00,3.039435856044292450e-02
5.157115310430526733e-02,3.182714700698852539e+00,6.273106485605239868e-02
8.511421829462051392e-02,1.013010263442993164e+00,1.049636229872703552e-01
9.392600506544113159e-02,3.358124732971191406e+00,4.682947695255279541e-02
7.774791866540908813e-02,3.514469623565673828e+00,2.338547632098197937e-02
8.824844658374786377e-02,3.298759222030639648e+00,5.995662882924079895e-02
3.084276020526885986e-01,1.948777914047241211e+00,2.390701137483119965e-02
7.678746432065963745e-02,8.341758251190185547e-01,3.653440997004508972e-02
7.356896251440048218e-02,3.073596715927124023e+00,4.511348530650138855e-02
2.946087718009948730e-01,4.131108760833740234e+00,5.735981464385986328e-02
2.637138962745666504e-02,4.831179618835449219e+00,1.203927174210548401e-01
7.704391330480575562e-02,4.389050483703613281e+00,4.149210080504417419e-02
6.111194938421249390e-02,4.239553511142730713e-01,8.731027692556381226e-02
5.532763153314590454e-02,1.929933905601501465e+00,2.942759357392787933e-02
1.250981092453002930e-01,2.647062778472900391e+00,3.125048428773880005e-02
1.342416107654571533e-01,1.210443377494812012e-01,6.533541530370712280e-02
6.776011735200881958e-02,3.255079746246337891e+00,2.771232090890407562e-02
1.914400421082973480e-02,3.940884828567504883e+00,3.152716532349586487e-02
1.481406241655349731e-01,3.360923528671264648e+00,2.300886623561382294e-02
9.240439534187316895e-02,2.328446626663208008e+00,1.020185872912406921e-01
1.070412546396255493e-01,2.587300777435302734e+00,6.613526493310928345e-02
2.574879527091979980e-01,4.142345905303955078e+00,4.570984095335006714e-02
2.484884262084960938e-01,4.160483837127685547e+00,2.129702642560005188e-02
2.252231836318969727e-01,3.814105987548828125e+00,2.526524849236011505e-02
1.661640107631683350e-01,2.383490085601806641e+00,2.784018218517303467e-02
1.029765903949737549e-01,3.233417510986328125e+00,4.067784547805786133e-02
8.147589862346649170e-02,4.404858112335205078e+00,7.232768833637237549e-02
1.863029003143310547e-01,4.031862735748291016e+00,2.058869786560535431e-02
2.948945164680480957e-01,2.939620494842529297e+00,6.058086454868316650e-02
8.947467803955078125e-02,2.741457462310791016e+00,1.680827736854553223e-01
8.488260209560394287e-02,3.646355867385864258e+00,2.990813180804252625e-02
4.403032734990119934e-02,3.138151168823242188e+00,4.399989917874336243e-02
1.187194213271141052e-01,3.628815174102783203e+00,3.586492314934730530e-02
6.721782684326171875e-02,1.851735115051269531e+00,3.924468532204627991e-02
8.327537029981613159e-02,1.612285971641540527e+00,2.713344059884548187e-02
2.965768277645111084e-01,4.025864124298095703e+00,2.459596544504165649e-01
6.801463663578033447e-02,2.702215611934661865e-01,2.764718793332576752e-02
1.224131733179092407e-01,3.256946563720703125e+00,1.617151498794555664e-01
2.748152315616607666e-01,2.764385223388671875e+00,1.756325736641883850e-02
1.028758063912391663e-01,2.857273817062377930e+00,6.138717383146286011e-02
3.245885670185089111e-02,1.951083660125732422e+00,5.151386931538581848e-02
9.812702983617782593e-02,2.421920299530029297e+00,3.556718304753303528e-02
4.870871547609567642e-03,1.540038436651229858e-01,4.021098837256431580e-02
1.531486809253692627e-01,4.708879470825195312e+00,1.346190124750137329e-01
9.966127574443817139e-02,1.849775433540344238e+00,2.534611709415912628e-02
8.360967040061950684e-02,1.683450341224670410e+00,2.477661333978176117e-02
2.319575287401676178e-02,3.370983362197875977e+00,3.158850595355033875e-02
1.499816477298736572e-01,3.247306346893310547e+00,2.078492008149623871e-02
4.288595169782638550e-02,3.482021570205688477e+00,3.113379515707492828e-02
3.481333330273628235e-02,4.254042148590087891e+00,4.257155582308769226e-02
8.127329871058464050e-03,5.948470234870910645e-01,9.141681343317031860e-02
3.890189900994300842e-02,3.070797204971313477e+00,1.756173968315124512e-01
2.621913850307464600e-01,4.000987529754638672e+00,5.343120545148849487e-02
1.494739502668380737e-01,7.098630070686340332e-01,3.194041550159454346e-02
3.346072509884834290e-02,3.859048604965209961e+00,3.464807569980621338e-02
9.255909174680709839e-02,2.356094121932983398e+00,1.385642290115356445e-01
7.541609555482864380e-02,4.570189952850341797e+00,3.077260963618755341e-02
1.500757932662963867e-01,3.957715988159179688e+00,4.978865385055541992e-02
2.564960420131683350e-01,4.898580551147460938e+00,5.189949646592140198e-02
1.008800119161605835e-01,4.478594303131103516e+00,4.372675344347953796e-02
4.515028372406959534e-02,3.726804018020629883e+00,2.649321779608726501e-02
7.188961654901504517e-02,3.561722517013549805e+00,5.054423213005065918e-02
9.376836568117141724e-02,4.433869361877441406e+00,6.294988840818405151e-02
6.214465945959091187e-02,6.375123262405395508e-01,3.648644313216209412e-02
4.793494194746017456e-02,3.394366204738616943e-01,4.445829987525939941e-02
2.474744431674480438e-02,4.996149063110351562e+00,4.152935743331909180e-02
7.311947643756866455e-02,4.471414089202880859e+00,3.698584064841270447e-02
6.307858973741531372e-02,4.991054832935333252e-01,5.069715157151222229e-02
7.075384259223937988e-02,4.191957116127014160e-01,2.683902904391288757e-02
7.946570217609405518e-02,7.352350950241088867e-01,3.728891164064407349e-02
1.368351280689239502e-01,3.947016239166259766e+00,1.258522123098373413e-01
7.902499288320541382e-02,9.415174126625061035e-01,2.525136247277259827e-02
2.368980646133422852e-01,4.769649505615234375e+00,2.463836073875427246e-01
8.647774159908294678e-02,3.527489900588989258e+00,3.591458126902580261e-02
1.143437623977661133e-01,4.601536750793457031e+00,9.708954393863677979e-02
8.613411337137222290e-02,2.155261516571044922e+00,1.193791702389717102e-01
4.139007627964019775e-02,4.191215991973876953e+00,3.640142455697059631e-02
1.282490193843841553e-01,4.105522155761718750e+00,5.102461948990821838e-02
6.100519001483917236e-02,5.250358581542968750e-01,3.983970731496810913e-02
5.776209756731987000e-02,4.508654117584228516e+00,2.451305277645587921e-02
6.158578768372535706e-02,1.129843518137931824e-01,5.726439505815505981e-02
2.580567896366119385e-01,3.070921659469604492e+00,1.433502435684204102e-01
9.854857623577117920e-02,2.123327016830444336e+00,4.537217691540718079e-02
6.103582680225372314e-02,3.180272579193115234e+00,2.129343897104263306e-02
6.349561363458633423e-02,1.572928428649902344e+00,4.418761655688285828e-02
3.412127867341041565e-02,1.555762648582458496e+00,4.396100342273712158e-02
8.136734366416931152e-02,1.949255585670471191e+00,2.995000034570693970e-02
9.948872029781341553e-02,2.771370887756347656e+00,2.392054162919521332e-02
1.291296631097793579e-01,3.075882196426391602e+00,2.128918655216693878e-02
2.460801042616367340e-02,3.126248717308044434e-01,3.875481709837913513e-02
2.583517134189605713e-01,2.831058263778686523e+00,2.455203682184219360e-01
1.059661339968442917e-02,3.807909727096557617e+00,5.889295786619186401e-02
6.234256923198699951e-02,9.261074066162109375e-01,3.388906270265579224e-02
7.501804083585739136e-02,6.118721961975097656e-01,1.156209558248519897e-01
2.505546063184738159e-02,4.276018619537353516e+00,3.783730044960975647e-02
8.510054089128971100e-03,4.814945161342620850e-01,2.612516656517982483e-02
5.036771669983863831e-02,3.439053535461425781e+00,9.578531980514526367e-02
6.638917326927185059e-02,3.645826339721679688e+00,2.429097145795822144e-01
5.866138637065887451e-02,7.913815975189208984e-02,3.378800675272941589e-02
2.551500797271728516e-01,3.212186813354492188e+00,4.435088485479354858e-02
3.495791181921958923e-02,4.198178768157958984e+00,2.962392009794712067e-02
5.155885592103004456e-02,1.657800674438476562e+00,7.727969437837600708e-02
5.966857075691223145e-02,7.552585601806640625e-01,1.328654587268829346e-01
8.310661651194095612e-03,3.111004114151000977e+00,4.741829633712768555e-02
2.147098779678344727e-01,2.850209712982177734e+00,2.903637848794460297e-02
9.013167023658752441e-02,5.305131673812866211e-01,2.934744395315647125e-02
5.216964334249496460e-02,7.749549150466918945e-01,7.179877907037734985e-02
8.216014504432678223e-02,2.746498107910156250e+00,3.448547050356864929e-02
1.095769554376602173e-01,3.260150432586669922e+00,2.156555838882923126e-02
7.485159486532211304e-02,4.430207729339599609e+00,3.219639137387275696e-02
6.533311307430267334e-02,5.195436477661132812e-01,2.884128317236900330e-02
1.845340011641383171e-03,3.030534982681274414e-01,7.622524350881576538e-02
2.744295299053192139e-01,3.409294843673706055e+00,3.576863184571266174e-02
4.323175549507141113e-02,2.669724225997924805e+00,3.435171768069267273e-02
1.031916309148073196e-02,2.949263811111450195e+00,7.286024838685989380e-02
9.276891499757766724e-02,2.561137676239013672e+00,2.812992967665195465e-02
6.567317992448806763e-02,1.513555884361267090e+00,4.561083391308784485e-02
3.067338466644287109e-01,3.013136625289916992e+00,3.114214912056922913e-02
6.027659401297569275e-02,2.728334665298461914e+00,1.217308714985847473e-01
2.577628567814826965e-02,3.283279418945312500e+00,1.248339489102363586e-01
7.944218069314956665e-02,2.671455144882202148e+00,4.634499177336692810e-02
2.719888985157012939e-01,3.340323925018310547e+00,2.415407076478004456e-02
2.780942618846893311e-01,3.115996122360229492e+00,2.348023094236850739e-02
5.359864979982376099e-02,3.316150188446044922e+00,3.189900889992713928e-02
6.988895591348409653e-03,4.323446273803710938e+00,1.240057051181793213e-01
3.973466530442237854e-02,3.200123071670532227e+00,4.837035387754440308e-02
1.211282610893249512e-01,4.214084148406982422e+00,2.525930479168891907e-02
9.460099786520004272e-02,1.739158511161804199e+00,2.830621786415576935e-02
1.803575009107589722e-01,3.294973134994506836e+00,4.595787450671195984e-02
5.733329802751541138e-02,3.555841445922851562e+00,4.153314977884292603e-02
1.519495248794555664e-01,3.210943937301635742e+00,1.824432238936424255e-02
1.008918285369873047e-01,1.242255330085754395e+00,9.595597535371780396e-02
4.585922881960868835e-02,1.650276184082031250e+00,1.218319311738014221e-01
6.099389493465423584e-02,1.959600090980529785e+00,2.316788397729396820e-02
1.648949533700942993e-01,4.373209953308105469e+00,2.619691193103790283e-02
3.039715886116027832e-01,9.013031125068664551e-01,4.336649179458618164e-02
4.902885481715202332e-02,2.485417276620864868e-01,4.587736725807189941e-02
5.727613717317581177e-02,6.494414806365966797e-01,5.823208019137382507e-02
1.289397627115249634e-01,3.270095109939575195e+00,4.027791693806648254e-02
7.358606159687042236e-02,1.402091503143310547e+00,6.345251202583312988e-02
1.805016025900840759e-02,3.606431007385253906e+00,4.414753988385200500e-02
2.086828500032424927e-01,2.130359649658203125e+00,2.165836654603481293e-02
7.203633338212966919e-02,1.591342240571975708e-01,3.871469199657440186e-02
7.653204351663589478e-02,4.310954570770263672e+00,4.478966072201728821e-02
9.569663554430007935e-02,6.021746397018432617e-01,7.732529938220977783e-02
9.997212886810302734e-02,4.489061355590820312e+00,3.033629618585109711e-02
1.234123762696981430e-02,2.666367053985595703e+00,1.066442504525184631e-01
1.068698018789291382e-01,3.803071498870849609e+00,1.572986133396625519e-02
7.111700177192687988e-01,4.615003764629364014e-01,1.592290773987770081e-02
7.854507118463516235e-02,1.608314394950866699e+00,2.194842137396335602e-02
1.021607816219329834e-01,4.053932666778564453e+00,2.104113698005676270e-01
9.365573525428771973e-02,3.192910432815551758e+00,6.141802668571472168e-02
4.705499485135078430e-02,2.522232532501220703e-01,4.223225265741348267e-02
1.027643829584121704e-01,1.560785651206970215e+00,2.835341542959213257e-02
3.988831043243408203e-01,1.934699058532714844e+00,2.504540234804153442e-02
6.955002248287200928e-02,1.009393215179443359e+00,4.037615656852722168e-02
7.877772301435470581e-02,2.003689527511596680e+00,2.797480672597885132e-02
2.531888894736766815e-02,2.886649370193481445e-01,7.621207833290100098e-02
1.622431576251983643e-01,1.708890080451965332e+00,5.032797157764434814e-02
2.373321168124675751e-02,3.829425096511840820e+00,7.378939539194107056e-02
1.112093329429626465e-01,4.163866519927978516e+00,3.592816367745399475e-02
1.547942757606506348e-01,2.941144704818725586e+00,3.435868769884109497e-02
5.075593292713165283e-02,4.800271391868591309e-01,3.683179244399070740e-02
7.010551542043685913e-02,3.216507911682128906e+00,3.117638081312179565e-02
6.845276057720184326e-02,3.745253801345825195e+00,2.715450339019298553e-02
9.123946726322174072e-02,4.162240028381347656e+00,3.193247318267822266e-02
1.402538865804672241e-01,2.513067960739135742e+00,3.972706571221351624e-02
7.763645797967910767e-02,4.335287570953369141e+00,8.247229456901550293e-02
6.937294453382492065e-02,8.865734338760375977e-01,2.847548574209213257e-02
6.869629770517349243e-02,2.562150955200195312e+00,3.508510813117027283e-02
1.159678865224123001e-02,1.879417538642883301e+00,2.691907621920108795e-02
1.562536135315895081e-02,2.916161298751831055e+00,5.462007224559783936e-02
5.776617303490638733e-02,5.174998641014099121e-01,8.147534728050231934e-02
1.369158774614334106e-01,3.503078222274780273e+00,1.801731586456298828e-01
1.037084013223648071e-01,2.291031599044799805e+00,3.478946536779403687e-02
5.897572264075279236e-03,5.999890565872192383e-01,2.774629741907119751e-02
2.320122420787811279e-01,4.454607963562011719e+00,2.103156968951225281e-02
2.736973389983177185e-02,2.980407476425170898e+00,1.170430928468704224e-01
7.639976590871810913e-02,3.159863948822021484e+00,2.593001909554004669e-02
3.810294717550277710e-02,3.743186235427856445e+00,3.322475403547286987e-02
1.457195132970809937e-01,1.045212745666503906e+00,4.980751127004623413e-02
8.114170283079147339e-03,3.102071046829223633e+00,2.879808098077774048e-02
2.895781099796295166e-01,4.134782314300537109e+00,1.411434113979339600e-01
1.599591076374053955e-01,2.688764810562133789e+00,9.591610729694366455e-02
1.110991910099983215e-01,1.992780685424804688e+00,1.695099472999572754e-01
8.332272619009017944e-02,1.284716248512268066e+00,1.056485325098037720e-01
8.201584219932556152e-02,4.081146717071533203e+00,4.872411116957664490e-02
1.841138303279876709e-01,1.791677355766296387e+00,4.004551470279693604e-02
1.812951862812042236e-01,4.753450453281402588e-01,4.390642419457435608e-02
6.548231840133666992e-02,1.357294678688049316e+00,5.367006361484527588e-02
1.237761080265045166e-01,2.963510513305664062e+00,3.570026904344558716e-02
1.375170946121215820e-01,4.804004669189453125e+00,3.894273936748504639e-02
1.000842750072479248e-01,2.977090597152709961e+00,2.727493271231651306e-02
2.003253549337387085e-01,4.547060012817382812e+00,3.373004496097564697e-02
9.232730418443679810e-02,2.522444009780883789e+00,6.013035401701927185e-02
1.018198132514953613e-01,1.810930609703063965e+00,8.205837756395339966e-02
1.033042967319488525e-01,2.918873727321624756e-01,3.777293488383293152e-02
1.005987301468849182e-01,6.338688135147094727e-01,3.857453167438507080e-02
9.073164314031600952e-02,1.468170523643493652e+00,1.052614673972129822e-01
1.200051233172416687e-01,3.509526729583740234e+00,3.321640193462371826e-02
2.499010562896728516e-01,3.696692466735839844e+00,2.166630886495113373e-02
9.073706716299057007e-02,2.457297325134277344e+00,1.116752773523330688e-01
1.082104966044425964e-01,6.325269937515258789e-01,4.610223695635795593e-02
1.007580235600471497e-01,3.297011852264404297e+00,4.040121659636497498e-02
5.363484844565391541e-02,4.684652805328369141e+00,3.660738468170166016e-02
7.002890855073928833e-02,4.268877983093261719e+00,3.658652678132057190e-02
9.352000057697296143e-02,3.633704185485839844e+00,3.093618899583816528e-02
7.570836693048477173e-02,5.579486489295959473e-01,7.497651875019073486e-02
1.090833991765975952e-01,4.588953971862792969e+00,5.103158578276634216e-02
1.460335799492895603e-03,3.767633676528930664e+00,4.953790456056594849e-02
8.229467272758483887e-02,3.715858221054077148e+00,3.299906477332115173e-02
7.459417730569839478e-02,1.873996496200561523e+00,2.573641017079353333e-02
1.586903259158134460e-02,4.664618968963623047e+00,2.201740890741348267e-01
1.264566630125045776e-01,6.078466176986694336e-01,7.481304556131362915e-02
1.177014932036399841e-01,2.571028709411621094e+00,5.207142978906631470e-02
6.076276302337646484e-02,1.917644381523132324e+00,2.725812420248985291e-02
7.782046794891357422e-01,1.748825430870056152e+00,4.357655346393585205e-02
7.089928537607192993e-02,2.338116645812988281e+00,3.462686017155647278e-02
7.260456681251525879e-02,2.510397911071777344e+00,4.686252772808074951e-02
2.097611501812934875e-02,2.911404132843017578e+00,3.786394745111465454e-02
9.659305959939956665e-02,4.189447879791259766e+00,4.444061964750289917e-02
5.170039832592010498e-02,3.012911081314086914e+00,9.469679743051528931e-02
9.516950696706771851e-02,1.783437132835388184e+00,4.447428882122039795e-02
1.396102905273437500e-01,4.372017383575439453e+00,1.573603749275207520e-01
5.919891223311424255e-02,7.126122713088989258e-02,3.801861032843589783e-02
1.692187972366809845e-02,3.529033899307250977e+00,4.029062390327453613e-02
2.756409049034118652e-01,3.949204921722412109e+00,2.842270024120807648e-02
1.400249302387237549e-01,3.293868541717529297e+00,3.757040947675704956e-02
2.287284843623638153e-02,3.193609237670898438e+00,3.378436714410781860e-02
9.170857816934585571e-02,3.103322684764862061e-01,3.646758571267127991e-02
1.051818951964378357e-01,3.584404706954956055e+00,1.032824292778968811e-01
2.838296443223953247e-02,2.023305445909500122e-01,4.591134190559387207e-02
1.590981632471084595e-01,1.787558555603027344e+00,4.410895332694053650e-02
1.948333382606506348e-01,4.470003128051757812e+00,1.169482395052909851e-01
6.096768006682395935e-02,3.699191570281982422e+00,5.203038081526756287e-02
2.870374917984008789e-01,2.872679710388183594e+00,6.823329627513885498e-02
1.360103785991668701e-01,2.554826259613037109e+00,7.746049016714096069e-02
2.737553603947162628e-02,4.481590747833251953e+00,3.347043320536613464e-02
8.506020158529281616e-02,9.745839238166809082e-01,6.809524446725845337e-02
8.751183748245239258e-02,2.908561468124389648e+00,2.901270240545272827e-02
2.024767100811004639e-01,4.920705318450927734e+00,4.549718499183654785e-01
1.397575289011001587e-01,1.231410130858421326e-01,4.618289694190025330e-02
1.640845686197280884e-01,3.639571905136108398e+00,1.702014543116092682e-02
8.169325441122055054e-02,2.475229263305664062e+00,2.819624170660972595e-02
1.034735366702079773e-01,3.829538822174072266e+00,2.498303540050983429e-02
6.908333301544189453e-02,4.329971313476562500e+00,3.262624889612197876e-02
6.775245070457458496e-02,4.346978664398193359e+00,3.197921067476272583e-02
7.496754080057144165e-02,6.188057661056518555e-01,2.774353139102458954e-02
5.487189069390296936e-02,3.286199331283569336e+00,3.204362466931343079e-02
6.854228675365447998e-02,3.023401737213134766e+00,2.916884981095790863e-02
1.167890802025794983e-01,5.566192865371704102e-01,4.061973094940185547e-02
5.288034677505493164e-02,1.214366480708122253e-01,6.499180197715759277e-02
8.603757619857788086e-02,2.372922658920288086e+00,5.288850516080856323e-02
1.708417832851409912e-01,1.613817930221557617e+00,6.866648793220520020e-02
2.068219007924199104e-03,5.550140738487243652e-01,3.970190510153770447e-02
8.113928139209747314e-02,2.046149075031280518e-01,9.126543253660202026e-02
1.162762120366096497e-01,4.741281032562255859e+00,4.876659438014030457e-02
1.447000652551651001e-01,3.095494985580444336e+00,2.956570312380790710e-02
9.213644266128540039e-02,2.368839263916015625e+00,2.777453511953353882e-02
3.758990764617919922e-02,4.458397865295410156e+00,3.511949256062507629e-02
6.168584525585174561e-02,4.234627246856689453e+00,2.443671673536300659e-01
6.482383701950311661e-03,3.229235887527465820e+00,4.492105543613433838e-02
5.428894236683845520e-02,5.646958947181701660e-01,6.280219554901123047e-02
2.302515357732772827e-01,2.037555456161499023e+00,7.832307368516921997e-02
1.018246486783027649e-01,2.386288642883300781e+00,8.193092793226242065e-02
2.838735096156597137e-02,3.264733791351318359e+00,4.897363111376762390e-02
1.296878457069396973e-01,4.447506427764892578e+00,4.406267777085304260e-02
6.672613322734832764e-02,3.924856185913085938e+00,3.121609799563884735e-02
7.853750884532928467e-02,2.396281957626342773e+00,3.853169083595275879e-02
8.636055141687393188e-02,8.175693154335021973e-01,3.462849929928779602e-02
6.921973079442977905e-02,2.534853219985961914e+00,2.390895970165729523e-02
9.097286313772201538e-02,4.667645454406738281e+00,4.560806602239608765e-02
9.467884898185729980e-02,4.238444805145263672e+00,3.351476043462753296e-02
4.910459741950035095e-02,1.328534603118896484e+00,4.021560028195381165e-02
1.197210401296615601e-01,4.322904586791992188e+00,2.790208719670772552e-02
4.453400615602731705e-03,2.658772706985473633e+00,1.194281056523323059e-01
1.591269671916961670e-01,4.447699546813964844e+00,5.645925924181938171e-02
6.676733493804931641e-02,4.629980564117431641e+00,4.344541206955909729e-02
9.999215602874755859e-02,4.200441837310791016e+00,4.335568100214004517e-02
8.598314225673675537e-02,5.915453433990478516e-01,5.085945129394531250e-02
6.493308395147323608e-02,4.769563674926757812e+00,4.696958512067794800e-02
6.258440762758255005e-02,3.374465227127075195e+00,5.224028602242469788e-02
3.503655642271041870e-02,4.413838386535644531e+00,3.893228620290756226e-02
1.236353293061256409e-01,3.462502479553222656e+00,2.709685079753398895e-02
8.102993667125701904e-02,1.981993436813354492e+00,3.179718181490898132e-02
9.072238951921463013e-02,3.665729999542236328e+00,5.177538096904754639e-02
1.867627911269664764e-02,2.514756441116333008e+00,2.778114564716815948e-02
2.005379050970077515e-01,4.206116199493408203e+00,4.246414452791213989e-02
2.139046192169189453e-01,3.452100038528442383e+00,2.647989429533481598e-02
6.111726909875869751e-02,2.794462442398071289e+00,9.664400666952133179e-02
1.325292885303497314e-01,4.088853836059570312e+00,3.928460553288459778e-02
1.137241348624229431e-01,4.588697433471679688e+00,3.045231848955154419e-02
2.277716398239135742e-01,5.904199481010437012e-01,3.592949360609054565e-02
1.353135257959365845e-01,2.832263231277465820e+00,4.091265425086021423e-02
4.694447219371795654e-01,4.404847145080566406e+00,1.349602639675140381e-02
9.940668940544128418e-02,4.283760070800781250e+00,2.829745411872863770e-02
8.142115175724029541e-02,3.502869367599487305e+00,7.837877422571182251e-02
2.513382434844970703e-01,2.885096311569213867e+00,3.028920106589794159e-02
5.154607892036437988e-01,4.337080478668212891e+00,1.271692477166652679e-02
8.593161404132843018e-02,4.450707733631134033e-01,3.068180195987224579e-02
3.967031836509704590e-02,4.611160755157470703e+00,4.886760190129280090e-02
4.757826030254364014e-02,2.822054862976074219e+00,2.725945599377155304e-02
2.860258221626281738e-01,1.806469082832336426e+00,2.096910029649734497e-02
5.213679745793342590e-02,3.390255451202392578e+00,5.985388159751892090e-02
1.051699444651603699e-01,1.779330372810363770e+00,3.994860500097274780e-02
1.305026113986968994e-01,1.905169963836669922e+00,9.291700273752212524e-02
1.277959793806076050e-01,3.274348020553588867e+00,3.337132185697555542e-02
4.541861638426780701e-02,3.081108808517456055e+00,1.023918688297271729e-01
2.347582764923572540e-02,4.610072135925292969e+00,5.114320293068885803e-02
1.521929949522018433e-01,3.730572700500488281e+00,1.303578168153762817e-01
8.073766529560089111e-02,1.555128574371337891e+00,3.021074272692203522e-02
2.292112112045288086e-01,4.295809745788574219e+00,4.211223497986793518e-02
7.988268882036209106e-02,1.640999674797058105e+00,3.577288612723350525e-02
6.745244562625885010e-02,1.737240076065063477e+00,3.092107176780700684e-02
2.423368394374847412e-01,2.723507165908813477e+00,5.624530464410781860e-02
8.200530707836151123e-02,3.617588281631469727e+00,2.883262187242507935e-02
1.767986826598644257e-02,1.249606236815452576e-01,4.185892269015312195e-02
7.186381518840789795e-02,8.000857830047607422e-01,2.264491282403469086e-02
5.252983570098876953e-01,3.695394515991210938e+00,2.369836717844009399e-01
1.876970566809177399e-02,3.413140296936035156e+00,3.223882243037223816e-02
1.985842585563659668e-01,4.234569072723388672e+00,3.599693626165390015e-02
8.744157850742340088e-02,4.541806697845458984e+00,2.580152451992034912e-01
3.989392518997192383e-01,6.376325488090515137e-01,2.032006345689296722e-02
8.552022278308868408e-02,3.472276210784912109e+00,4.329915344715118408e-02
1.051205173134803772e-01,4.101954460144042969e+00,1.996272057294845581e-01
9.071896970272064209e-02,7.340584993362426758e-01,4.571957886219024658e-02
7.346507161855697632e-02,4.192207813262939453e+00,2.981978282332420349e-02
7.715198397636413574e-02,3.754106044769287109e+00,6.995579600334167480e-02
1.325192600488662720e-01,3.325083017349243164e+00,6.184824183583259583e-02
1.077779382467269897e-01,2.018073558807373047e+00,2.513622045516967773e-01
2.250310629606246948e-01,3.481789112091064453e+00,4.628277942538261414e-02
1.302337944507598877e-01,2.563795566558837891e+00,3.642786666750907898e-02
6.953272223472595215e-02,2.947117805480957031e+00,3.363170474767684937e-02
7.677730917930603027e-02,3.113371849060058594e+00,2.667150460183620453e-02
6.918387860059738159e-02,3.143758296966552734e+00,5.009136721491813660e-02
1.294043511152267456e-01,2.685765504837036133e+00,2.055907621979713440e-02
2.307801246643066406e-01,3.890110254287719727e+00,1.337793320417404175e-01
1.593904383480548859e-02,1.245260164141654968e-01,3.651847317814826965e-02
4.017824679613113403e-02,3.198381900787353516e+00,4.927388206124305725e-02
6.406339257955551147e-02,3.886359691619873047e+00,2.731341868638992310e-02
9.354838728904724121e-02,7.393190860748291016e-01,3.130700811743736267e-02
5.610326677560806274e-02,2.935839176177978516e+00,2.670686505734920502e-02
6.548884510993957520e-02,4.345613956451416016e+00,1.381990909576416016e-01
3.772405907511711121e-02,3.130383729934692383e+00,2.799658663570880890e-02
1.723316758871078491e-01,5.308786034584045410e-01,2.077308297157287598e-02
5.920630320906639099e-02,2.569861650466918945e+00,4.313352704048156738e-02
1.604317687451839447e-02,3.259587764739990234e+00,4.064140841364860535e-02
1.413397584110498428e-02,3.139942884445190430e+00,1.099054813385009766e-01
6.765618920326232910e-02,4.426296710968017578e+00,3.549185022711753845e-02
4.232120886445045471e-02,1.987403631210327148e+00,3.523843735456466675e-02
2.730689644813537598e-01,3.276522874832153320e+00,4.163123294711112976e-02
1.875059604644775391e-01,2.068142652511596680e+00,7.697318494319915771e-02
1.417192965745925903e-01,4.933758258819580078e+00,5.664159357547760010e-02
6.805687397718429565e-02,4.493646621704101562e+00,3.944879770278930664e-02
2.157119214534759521e-01,3.834565401077270508e+00,1.480403244495391846e-01
1.711464375257492065e-01,3.040761947631835938e+00,2.352214977145195007e-02
7.175421118736267090e-01,6.634749174118041992e-01,5.032617971301078796e-02
1.587883830070495605e-01,1.027458310127258301e-01,2.444233372807502747e-02
2.796456217765808105e-02,5.560280084609985352e-01,4.139826819300651550e-02
8.254615217447280884e-02,4.110295772552490234e+00,5.439674109220504761e-02
1.242440044879913330e-01,3.047172069549560547e+00,1.985079795122146606e-02
5.370327085256576538e-02,1.731032967567443848e+00,2.834567800164222717e-02
4.385545849800109863e-02,8.760604262351989746e-02,8.415190130472183228e-02
1.645222119987010956e-02,4.834360480308532715e-01,3.408195450901985168e-02
6.297932565212249756e-02,2.908026456832885742e+00,5.574913695454597473e-02
1.409852504730224609e-01,2.830031871795654297e+00,4.128060489892959595e-02
4.346641246229410172e-03,3.324210882186889648e+00,3.049646914005279541e-01
6.459891796112060547e-02,2.447119951248168945e+00,3.008570149540901184e-02
1.517362799495458603e-02,1.327296793460845947e-01,4.994172602891921997e-02
4.584600031375885010e-02,3.544604539871215820e+00,2.806751057505607605e-02
1.300724595785140991e-01,2.624730587005615234e+00,3.436242789030075073e-02
4.632622469216585159e-03,2.829030275344848633e+00,3.799093887209892273e-02
1.951325871050357819e-02,2.263398885726928711e+00,1.103551685810089111e-01
7.034023851156234741e-02,2.750524997711181641e+00,4.168417304754257202e-02
1.152925118803977966e-01,1.358792781829833984e+00,2.147864364087581635e-02
6.406767666339874268e-02,4.625437259674072266e+00,2.731167711317539215e-02
7.304836064577102661e-02,1.597909212112426758e+00,3.790084645152091980e-02
3.467807918787002563e-02,1.613982170820236206e-01,4.902374744415283203e-02
8.667413145303726196e-02,2.419817924499511719e+00,1.601353734731674194e-01
4.766712710261344910e-02,2.395878314971923828e+00,6.802062690258026123e-02
6.936565786600112915e-02,4.347380995750427246e-01,4.962579160928726196e-02
4.285559430718421936e-02,9.433503746986389160e-01,3.826346620917320251e-02
1.024237647652626038e-01,3.287172079086303711e+00,4.139488562941551208e-02
6.710819900035858154e-02,2.877753496170043945e+00,6.346650421619415283e-02
2.218497358262538910e-02,4.229952335357666016e+00,4.670054093003273010e-02
1.042573228478431702e-01,4.218671321868896484e+00,8.989586681127548218e-02
1.521911323070526123e-01,4.205791950225830078e+00,4.025382921099662781e-02
1.432377249002456665e-01,3.403008222579956055e+00,4.199277982115745544e-02
6.653972715139389038e-02,1.775364756584167480e+00,1.835843324661254883e-01
1.891134977340698242e-01,4.556894302368164062e+00,3.105359524488449097e-02
5.785746127367019653e-02,3.050664424896240234e+00,4.020632430911064148e-02
6.314407289028167725e-02,2.468322217464447021e-01,3.174306452274322510e-02
7.047548890113830566e-02,6.895388364791870117e-01,1.143589541316032410e-01
2.985098361968994141e-01,4.241975784301757812e+00,4.243928939104080200e-02
1.494487747550010681e-02,3.001425027847290039e+00,5.187254399061203003e-02
4.509650543332099915e-02,3.118415355682373047e+00,1.519104987382888794e-01
2.592525482177734375e-01,4.317068099975585938e+00,1.863302849233150482e-02
3.470672965049743652e-01,2.632039308547973633e+00,1.038254424929618835e-02
1.522291544824838638e-02,1.589578509330749512e+00,2.807268686592578888e-02
9.344463795423507690e-02,3.510277748107910156e+00,3.027638979256153107e-02
6.881638616323471069e-02,2.825159311294555664e+00,4.398806020617485046e-02
6.489450484514236450e-02,3.155213117599487305e+00,8.742199093103408813e-02
4.444634914398193359e-02,3.225255250930786133e+00,2.121387869119644165e-01
9.243015944957733154e-02,3.927916288375854492e+00,1.776791512966156006e-01
2.950449287891387939e-01,4.098525524139404297e+00,2.608211897313594818e-02
5.529022589325904846e-02,3.156073093414306641e+00,4.626284167170524597e-02
5.828812345862388611e-02,5.496487021446228027e-01,1.139838844537734985e-01
1.354094445705413818e-01,4.272835254669189453e+00,2.997111529111862183e-02
9.333135187625885010e-02,3.348793506622314453e+00,2.901013940572738647e-02
1.009309962391853333e-01,3.370567083358764648e+00,3.955395519733428955e-02
1.028705537319183350e-01,4.425064086914062500e+00,2.905190549790859222e-02
9.873750619590282440e-03,4.455534934997558594e+00,3.335148841142654419e-02
2.833029627799987793e-01,3.288670778274536133e+00,6.287619471549987793e-02
7.645381987094879150e-02,2.746037483215332031e+00,4.009486362338066101e-02
1.434398591518402100e-01,4.969619274139404297e+00,5.836716666817665100e-02
2.197903394699096680e-01,4.591426372528076172e+00,3.323572129011154175e-02
9.850630164146423340e-02,2.406503915786743164e+00,5.363081023097038269e-02
1.310705393552780151e-01,2.758607625961303711e+00,3.061584755778312683e-02
3.881265176460146904e-03,3.551614522933959961e+00,4.954892396926879883e-02
2.231583446264266968e-01,3.544957637786865234e-01,3.434100747108459473e-02
2.538372576236724854e-01,4.307387351989746094e+00,2.558974176645278931e-02
1.305160820484161377e-01,1.814436674118041992e+00,1.053883582353591919e-01
1.328853424638509750e-02,3.340204000473022461e+00,1.675903499126434326e-01
7.324156910181045532e-02,3.631078243255615234e+00,1.130882948637008667e-01
4.698153212666511536e-02,2.787214517593383789e+00,3.180486708879470825e-02
3.081764094531536102e-02,3.198124408721923828e+00,3.244483470916748047e-02
1.254474818706512451e-01,4.483716011047363281e+00,3.091681748628616333e-02
2.988260388374328613e-01,1.351700186729431152e+00,2.686880342662334442e-02
4.839213192462921143e-02,1.161856770515441895e+00,3.187215328216552734e-02
6.639080643653869629e-01,2.883695125579833984e+00,4.253850132226943970e-02
1.091997921466827393e-01,3.673656940460205078e+00,2.712503634393215179e-02
5.892191082239151001e-02,2.922356367111206055e+00,4.405345022678375244e-02
1.529486924409866333e-01,4.445559501647949219e+00,6.875222176313400269e-02
5.401166528463363647e-02,3.268175125122070312e+00,4.714597389101982117e-02
1.338655203580856323e-01,3.041481018066406250e+00,3.255655243992805481e-02
9.364420175552368164e-02,3.174719810485839844e+00,4.724118858575820923e-02
3.754017129540443420e-02,2.685247421264648438e+00,3.057848848402500153e-02
1.722686439752578735e-01,2.588312864303588867e+00,3.189992904663085938e-02
2.901655137538909912e-01,1.532661676406860352e+00,7.674591243267059326e-02
6.228951737284660339e-02,4.602818012237548828e+00,4.337043687701225281e-02
1.255650818347930908e-01,4.634741783142089844e+00,3.128994256258010864e-02
1.350084394216537476e-01,4.369371891021728516e+00,4.251108691096305847e-02
1.053359359502792358e-01,2.737085342407226562e+00,3.548918664455413818e-02
3.443782776594161987e-02,4.108645915985107422e+00,2.435040175914764404e-01
1.060559302568435669e-01,3.126044750213623047e+00,3.985856473445892334e-02
5.859931930899620056e-02,1.646109223365783691e+00,2.223299257457256317e-02
5.906559526920318604e-02,4.589950561523437500e+00,4.934982955455780029e-02
7.493907958269119263e-02,4.322334289550781250e+00,4.138356074690818787e-02
7.273094356060028076e-02,3.153531789779663086e+00,3.886376693844795227e-02
6.015677750110626221e-02,4.953628063201904297e+00,1.067468523979187012e-01
3.209754452109336853e-02,1.588978528976440430e+00,2.126554548740386963e-01
8.684730529785156250e-02,4.602665901184082031e+00,6.303172558546066284e-02
1.114019900560379028e-01,6.027443408966064453e-01,3.922346606850624084e-02
1.037147566676139832e-01,4.419897079467773438e+00,1.119545176625251770e-01
1.141928955912590027e-01,4.508220195770263672e+00,3.398525342345237732e-02
2.412129007279872894e-02,2.288064002990722656e+00,4.883577674627304077e-02
1.612037234008312225e-02,4.534299850463867188e+00,2.847164273262023926e-01
2.653025388717651367e-01,9.102454781532287598e-01,6.926135718822479248e-02
2.550261318683624268e-01,4.016221046447753906e+00,1.786998212337493896e-01
4.436621814966201782e-02,3.607491254806518555e+00,2.169419676065444946e-01
3.577443063259124756e-01,2.957278251647949219e+00,2.295884862542152405e-02
1.408376991748809814e-01,3.354620933532714844e+00,2.356724739074707031e-01
2.661426663398742676e-01,4.399448394775390625e+00,1.836156547069549561e-01
6.302348971366882324e-01,3.831708192825317383e+00,6.944774091243743896e-02
5.434924736618995667e-02,3.253138065338134766e+00,3.962928801774978638e-02
6.268104910850524902e-02,4.906846880912780762e-01,6.655748933553695679e-02
1.476475782692432404e-02,3.869163036346435547e+00,4.234627634286880493e-02
6.165876984596252441e-02,3.716737031936645508e+00,3.428724780678749084e-02
4.186992347240447998e-02,4.359061717987060547e+00,3.319985046982765198e-02
3.002835996448993683e-02,4.131545066833496094e+00,8.742455393075942993e-02
1.970681101083755493e-01,1.923757195472717285e+00,3.229447826743125916e-02
6.484514474868774414e-02,4.198144435882568359e+00,8.904205262660980225e-02
2.783431112766265869e-01,4.124496459960937500e+00,4.361775517463684082e-02
6.542778015136718750e-02,2.500202894210815430e+00,5.148435011506080627e-02
7.502222061157226562e-02,3.406600713729858398e+00,2.445860356092453003e-01
2.509247660636901855e-01,1.410507321357727051e+00,3.433245047926902771e-02
6.188406422734260559e-02,3.598724365234375000e+00,2.198331989347934723e-02
2.550170198082923889e-02,6.353781223297119141e-01,5.977434664964675903e-02
3.209906443953514099e-02,5.781843662261962891e-01,3.423205763101577759e-02
1.807834953069686890e-01,2.260155439376831055e+00,4.799733310937881470e-02
8.666345477104187012e-02,9.181094169616699219e-01,8.090225607156753540e-02
6.794915348291397095e-02,3.056374549865722656e+00,2.354999780654907227e-01
8.572731912136077881e-02,3.387278556823730469e+00,2.917264215648174286e-02
3.006415367126464844e-01,1.555929303169250488e+00,7.772051542997360229e-02
5.998705327510833740e-02,3.623913526535034180e+00,3.242694959044456482e-02
7.646197080612182617e-02,4.147356033325195312e+00,1.675308048725128174e-01
2.017558515071868896e-01,3.510402917861938477e+00,3.174854815006256104e-02
3.041707277297973633e-01,5.449894070625305176e-01,1.990681141614913940e-02
7.863970845937728882e-02,2.351304054260253906e+00,3.004439733922481537e-02
5.788332968950271606e-02,1.480514407157897949e+00,4.659046232700347900e-02
7.823940366506576538e-02,2.604675292968750000e+00,3.296596184372901917e-02
8.718549013137817383e-01,1.649874091148376465e+00,1.820071251131594181e-03
2.006587237119674683e-01,2.792905092239379883e+00,2.866996452212333679e-02
6.770392507314682007e-02,5.503545999526977539e-01,4.000077396631240845e-02
1.183670535683631897e-01,2.956449747085571289e+00,2.420449815690517426e-02
1.784068183042109013e-03,1.759422570466995239e-01,1.107332631945610046e-01
7.496532797813415527e-02,4.312017917633056641e+00,4.370082542300224304e-02
7.182537019252777100e-02,1.271271824836730957e+00,3.083215840160846710e-02
3.370605409145355225e-02,3.731045722961425781e+00,5.183861777186393738e-02
5.275576561689376831e-02,4.101778507232666016e+00,3.113927878439426422e-02
2.271836400032043457e-01,4.863681316375732422e+00,4.288497939705848694e-02
5.744541063904762268e-02,2.981136560440063477e+00,2.512170746922492981e-02
2.569690048694610596e-01,2.842160224914550781e+00,2.801944129168987274e-02
3.040919601917266846e-01,1.592406034469604492e+00,1.045638024806976318e-01
1.089107766747474670e-01,3.205214262008666992e+00,8.949629962444305420e-02
1.408365964889526367e-01,4.025778770446777344e+00,5.116518586874008179e-02
1.140311509370803833e-01,3.059546947479248047e+00,5.427241697907447815e-02
5.275248363614082336e-02,4.411637306213378906e+00,4.941388964653015137e-02
5.121782049536705017e-02,1.127437576651573181e-01,4.862740635871887207e-02
6.331134587526321411e-02,2.062030553817749023e+00,9.099879860877990723e-02
8.251413702964782715e-02,3.175717830657958984e+00,6.099965050816535950e-02
1.090818829834461212e-02,2.393018007278442383e+00,4.949655011296272278e-02
6.620970368385314941e-02,3.279409170150756836e+00,4.175509512424468994e-02
2.952602505683898926e-01,4.172169208526611328e+00,3.455501422286033630e-02
5.262648686766624451e-02,7.710934281349182129e-01,7.274391502141952515e-02
2.686850726604461670e-02,3.464787960052490234e+00,4.497747868299484253e-02
8.706276118755340576e-02,3.100633382797241211e+00,3.548185899853706360e-02
2.664360105991363525e-01,1.750463366508483887e+00,1.838268898427486420e-02
3.454351425170898438e-02,4.569000244140625000e+00,3.007401712238788605e-02
1.052535995841026306e-01,1.307647705078125000e+00,9.601147472858428955e-02
4.781364277005195618e-02,2.193176895380020142e-01,6.765836477279663086e-02
4.017023369669914246e-02,3.459233283996582031e+00,5.431828275322914124e-02
9.730193018913269043e-02,3.677960395812988281e+00,4.053045809268951416e-02
1.353701651096343994e-01,2.033882379531860352e+00,4.178333282470703125e-02
1.185492426156997681e-01,4.229985713958740234e+00,4.209322109818458557e-02
4.977630823850631714e-02,5.633208155632019043e-01,2.945383265614509583e-02
6.934482604265213013e-02,8.031556010246276855e-01,4.622958227992057800e-02
9.228268265724182129e-02,3.460385560989379883e+00,6.141879409551620483e-02
1.315777748823165894e-01,3.055342435836791992e+00,9.140410274267196655e-02
5.788153409957885742e-02,4.337219238281250000e+00,2.842239290475845337e-02
7.090698927640914917e-02,2.602931022644042969e+00,3.171820938587188721e-02
1.501862555742263794e-01,3.354650974273681641e+00,2.136369794607162476e-02
1.723255962133407593e-01,2.805854797363281250e+00,2.596978656947612762e-02
6.682436168193817139e-02,1.412541389465332031e+00,5.688086524605751038e-02
5.601968616247177124e-02,3.470381021499633789e+00,9.189448505640029907e-02
6.895951181650161743e-02,3.575928688049316406e+00,6.163807958364486694e-02
5.985981225967407227e-02,3.026654720306396484e-01,2.898979559540748596e-02
5.711387470364570618e-02,3.122541189193725586e+00,5.796175450086593628e-02
5.816861987113952637e-02,1.887934684753417969e+00,2.910356223583221436e-02
6.245364621281623840e-02,4.567745685577392578e+00,3.721798583865165710e-02
6.613499671220779419e-02,8.663530945777893066e-01,4.297937452793121338e-02
1.102212443947792053e-01,1.956961870193481445e+00,2.536707557737827301e-02
8.589009940624237061e-02,4.231449604034423828e+00,2.074448764324188232e-02
5.331895500421524048e-02,3.313905477523803711e+00,3.712461516261100769e-02
7.585588097572326660e-02,3.361688375473022461e+00,1.750567704439163208e-01
7.816898077726364136e-02,3.177029609680175781e+00,7.287454605102539062e-02
1.278707832098007202e-01,4.204158306121826172e+00,2.759922109544277191e-02
1.245507076382637024e-01,2.821762323379516602e+00,3.602266311645507812e-02
3.126820623874664307e-01,3.704751431941986084e-01,7.147561758756637573e-02
3.523802384734153748e-02,8.736578822135925293e-01,9.665620326995849609e-02
9.314919263124465942e-02,3.440496921539306641e+00,2.781466245651245117e-01
7.934385538101196289e-02,3.117668628692626953e+00,4.596346244215965271e-02
5.529820173978805542e-02,3.862303018569946289e+00,2.625148929655551910e-02
7.437209039926528931e-02,2.720314264297485352e-01,2.839343994855880737e-02
6.774768233299255371e-02,2.450753927230834961e+00,3.984867408871650696e-02
8.360801637172698975e-02,1.223799586296081543e+00,3.371784836053848267e-02
8.084978163242340088e-02,3.380477666854858398e+00,1.201603189110755920e-01
1.723058819770812988e-01,2.955625772476196289e+00,2.128431759774684906e-02
1.312244385480880737e-01,1.601185917854309082e+00,1.259147822856903076e-01
4.857694730162620544e-02,2.685812234878540039e+00,1.804234534502029419e-01
1.801525801420211792e-01,3.035310268402099609e+00,3.476404771208763123e-02
2.962554693222045898e-01,2.639898777008056641e+00,8.287586271762847900e-02
6.167192757129669189e-02,3.502481222152709961e+00,1.383217275142669678e-01
1.237804591655731201e-01,2.983104944229125977e+00,3.861127793788909912e-02
2.476606052368879318e-03,2.742322206497192383e+00,7.399130612611770630e-02
1.140909418463706970e-01,3.020730018615722656e+00,1.222908943891525269e-01
7.606905698776245117e-02,2.861011266708374023e+00,1.001839637756347656e-01
1.684886813163757324e-01,4.896041870117187500e+00,3.684173524379730225e-02
7.116384804248809814e-02,3.810714960098266602e+00,4.491623863577842712e-02
8.954195678234100342e-02,2.955416202545166016e+00,9.584645926952362061e-02
6.624369323253631592e-02,7.261320948600769043e-01,1.528525650501251221e-01
2.871321141719818115e-01,1.955127358436584473e+00,6.474382430315017700e-02
7.873226888477802277e-03,4.618654251098632812e+00,4.814727976918220520e-02
1.560947392135858536e-03,1.690938025712966919e-01,8.173695951700210571e-02
7.572819292545318604e-02,3.375643014907836914e+00,3.816297277808189392e-02
8.467315882444381714e-02,4.215418338775634766e+00,3.638646006584167480e-02
2.344837039709091187e-02,3.166740655899047852e+00,3.617153316736221313e-02
6.037765368819236755e-02,1.197043731808662415e-01,4.985184222459793091e-02
4.800892248749732971e-02,1.874900341033935547e+00,7.686054706573486328e-02
1.086946949362754822e-01,8.074427843093872070e-01,2.383946813642978668e-02
5.923435091972351074e-02,3.359641313552856445e+00,8.040198683738708496e-02
1.521490234881639481e-02,2.573228120803833008e+00,3.670465201139450073e-02
7.305775582790374756e-02,1.230744048953056335e-01,5.727074667811393738e-02
2.974390387535095215e-01,4.266508102416992188e+00,4.824746772646903992e-02
9.198357164859771729e-02,4.963527619838714600e-01,2.578053250908851624e-02
4.633568972349166870e-02,2.626221418380737305e+00,1.062059924006462097e-01
6.004511564970016479e-02,1.953933477401733398e+00,2.648563310503959656e-02
8.462487161159515381e-02,3.810153961181640625e+00,6.344851851463317871e-02
6.577403098344802856e-02,3.020714521408081055e+00,4.364471137523651123e-02
3.674439713358879089e-02,2.930764198303222656e+00,4.213831946253776550e-02
1.182316988706588745e-01,4.881650507450103760e-01,4.928546398878097534e-02
6.650822609663009644e-02,4.475126743316650391e+00,6.823252886533737183e-02
6.548559758812189102e-05,3.383989810943603516e+00,3.297108411788940430e-02
9.061621874570846558e-02,3.141147375106811523e+00,8.222339302301406860e-02
2.302544862031936646e-01,2.527406454086303711e+00,3.524771332740783691e-02
5.621493235230445862e-02,4.339764118194580078e-01,6.582440435886383057e-02
1.095038726925849915e-01,1.675841689109802246e+00,4.311707615852355957e-02
9.318580478429794312e-02,3.387570858001708984e+00,3.777600824832916260e-02
5.435035377740859985e-02,2.375465393066406250e+00,2.435664832592010498e-02
1.067460849881172180e-01,3.110785245895385742e+00,1.993202418088912964e-02
1.468839216977357864e-02,3.370249986648559570e+00,6.183947622776031494e-02
2.046949267387390137e-01,3.270965337753295898e+00,2.648496814072132111e-02
8.339131623506546021e-02,4.335501670837402344e+00,3.607862442731857300e-02
8.017392456531524658e-02,4.361942768096923828e+00,5.623413249850273132e-02
7.386419922113418579e-02,2.861746549606323242e+00,3.667805343866348267e-02
1.160036325454711914e-01,2.121894210577011108e-01,7.156365364789962769e-02
2.813783586025238037e-01,2.571657419204711914e+00,2.715319097042083740e-01
9.524877369403839111e-02,3.476711511611938477e+00,4.437702149152755737e-02
2.753586508333683014e-02,3.231314182281494141e+00,3.733913227915763855e-02
2.980365157127380371e-01,2.669683218002319336e+00,2.576290443539619446e-02
6.617102026939392090e-02,4.226682662963867188e+00,4.528521373867988586e-02
6.841829419136047363e-02,3.446866512298583984e+00,5.669714510440826416e-02
1.097280979156494141e-01,3.550395250320434570e+00,4.338181391358375549e-02
2.160206586122512817e-01,3.756992340087890625e+00,2.085958607494831085e-02
7.190902531147003174e-02,2.298913151025772095e-01,5.733106657862663269e-02
8.368192613124847412e-02,9.942541122436523438e-01,3.139515221118927002e-02
1.019106507301330566e-01,3.617574691772460938e+00,3.425604104995727539e-02
6.415916979312896729e-02,1.391432404518127441e+00,2.583116479218006134e-02
9.370201826095581055e-02,4.192109107971191406e+00,7.616456598043441772e-02
1.143514662981033325e-01,3.058968544006347656e+00,4.127071425318717957e-02
5.414167046546936035e-02,2.011981487274169922e+00,3.409123048186302185e-02
1.036297529935836792e-01,3.000765085220336914e+00,3.897502645850181580e-02
8.275386691093444824e-02,3.331497430801391602e+00,2.759517170488834381e-02
1.359434053301811218e-02,4.458805084228515625e+00,4.179430007934570312e-02
7.698751240968704224e-02,1.233095884323120117e+00,3.618495911359786987e-02
2.461889013648033142e-02,3.695005416870117188e+00,2.784704975783824921e-02
1.273796856403350830e-01,4.410906314849853516e+00,4.629343748092651367e-02
1.643515937030315399e-02,6.061429530382156372e-02,3.490046411752700806e-02
7.591877877712249756e-02,3.558305263519287109e+00,7.980814576148986816e-02
3.145964816212654114e-02,3.946389436721801758e+00,3.127344325184822083e-02
8.299902826547622681e-02,3.014248132705688477e+00,3.911200538277626038e-02
7.212292402982711792e-02,2.477494955062866211e+00,3.125986084342002869e-02
9.069956094026565552e-02,2.790607452392578125e+00,6.638601422309875488e-02
8.343369513750076294e-02,3.080613374710083008e+00,8.671884238719940186e-02
2.047357521951198578e-02,3.682318449020385742e+00,3.415974974632263184e-02
7.475294917821884155e-02,3.512352705001831055e+00,1.880870014429092407e-02
2.088824510574340820e-01,4.168241977691650391e+00,5.899396166205406189e-02
6.230816617608070374e-02,9.542293548583984375e-01,4.691059887409210205e-02
1.523998379707336426e-01,3.396764278411865234e+00,3.099604509770870209e-02
6.856014579534530640e-02,4.946623325347900391e+00,7.226547598838806152e-02
5.605194345116615295e-02,3.324755668640136719e+00,2.657618559896945953e-02
5.933624133467674255e-02,1.220198750495910645e+00,4.741148278117179871e-02
1.004079356789588928e-01,2.513294219970703125e+00,1.111932545900344849e-01
7.341388612985610962e-02,3.694032192230224609e+00,3.316187486052513123e-02
1.065260767936706543e-01,4.279551982879638672e+00,7.948042452335357666e-02
2.052331864833831787e-01,2.949659109115600586e+00,1.785859093070030212e-02
6.298070400953292847e-02,4.234396934509277344e+00,3.577073290944099426e-02
7.413287460803985596e-02,6.059537529945373535e-01,6.759896874427795410e-02
6.373859196901321411e-02,6.472785472869873047e-01,2.493978291749954224e-02
7.327818125486373901e-02,4.168858528137207031e+00,4.736182466149330139e-02
6.462439298629760742e-01,1.954970240592956543e+00,3.934845700860023499e-02
2.135960310697555542e-01,4.301970958709716797e+00,2.678060904145240784e-02
1.304566413164138794e-01,9.466700553894042969e-01,4.975770041346549988e-02
3.006172366440296173e-02,2.874299764633178711e+00,4.113342612981796265e-02
8.085150271654129028e-02,4.931821823120117188e+00,1.060442626476287842e-01
8.179482817649841309e-02,4.084561824798583984e+00,1.097749546170234680e-01
3.404356539249420166e-02,3.763164758682250977e+00,3.499424830079078674e-02
6.705997586250305176e-01,2.188053369522094727e+00,2.227522060275077820e-02
7.878615520894527435e-03,3.788959741592407227e+00,2.762146107852458954e-02
2.277261763811111450e-02,6.654679775238037109e-01,5.217007920145988464e-02
1.704804301261901855e-01,4.419811725616455078e+00,4.760078713297843933e-02
2.864822745323181152e-01,3.111465454101562500e+00,4.772613570094108582e-02
1.496516168117523193e-01,4.673569202423095703e+00,3.559900820255279541e-02
8.701094985008239746e-02,1.710850238800048828e+00,2.325879409909248352e-02
1.432686448097229004e-01,4.478292465209960938e+00,3.800795227289199829e-02
1.010000035166740417e-01,1.791095018386840820e+00,8.727322518825531006e-02
5.117630586028099060e-02,2.280098944902420044e-01,3.486336395144462585e-02
8.994088321924209595e-02,5.404189825057983398e-01,3.286782279610633850e-02
1.465424448251724243e-01,3.135154962539672852e+00,2.217257395386695862e-02
7.866899669170379639e-02,2.719507217407226562e+00,6.079046055674552917e-02
3.717088326811790466e-02,5.779740810394287109e-01,3.498291969299316406e-02
1.296069920063018799e-01,3.313493251800537109e+00,7.504560053348541260e-02
1.611722558736801147e-01,9.169826507568359375e-01,9.429179131984710693e-02
2.078146189451217651e-01,4.639396190643310547e+00,1.339201629161834717e-01
3.703438490629196167e-02,9.261245280504226685e-02,4.222338646650314331e-02
1.833760589361190796e-01,1.732785999774932861e-01,6.077980250120162964e-02
1.976240128278732300e-01,2.806749343872070312e+00,2.587154693901538849e-02
9.032592177391052246e-02,3.440345287322998047e+00,3.275231271982192993e-02
2.487791627645492554e-01,5.508636832237243652e-01,3.092117421329021454e-02
2.190444990992546082e-02,3.642833471298217773e+00,3.724740073084831238e-02
1.231142058968544006e-01,1.943659186363220215e+00,2.705534175038337708e-02
8.620747178792953491e-02,3.294696569442749023e+00,2.590256631374359131e-01
7.434625625610351562e-01,4.639657497406005859e+00,4.237666726112365723e-02
7.433948665857315063e-02,1.036035791039466858e-01,6.196667253971099854e-02
7.406859844923019409e-02,1.830572247505187988e+00,3.067339584231376648e-02
4.978321492671966553e-03,1.696847200393676758e+00,5.091110616922378540e-02
9.082925319671630859e-02,2.767309904098510742e+00,3.181844949722290039e-02
1.813428252935409546e-01,1.747297644615173340e+00,2.113088592886924744e-02
1.249815821647644043e-01,3.977090358734130859e+00,5.962142720818519592e-02
4.497285932302474976e-02,8.842719197273254395e-01,6.230925396084785461e-02
5.049388855695724487e-02,4.282621860504150391e+00,7.241301983594894409e-02
3.413063287734985352e-01,3.835935831069946289e+00,1.896367035806179047e-02
3.065601587295532227e-01,2.546498298645019531e+00,3.228002786636352539e-02
7.172172516584396362e-02,3.091230869293212891e+00,4.542588442564010620e-02
2.957904525101184845e-02,3.112747907638549805e+00,3.162740170955657959e-02
6.637922674417495728e-02,4.496395111083984375e+00,4.281784594058990479e-02
1.080748662352561951e-01,2.336055755615234375e+00,5.121223255991935730e-02
2.477844953536987305e-01,2.168561220169067383e+00,4.689619690179824829e-02
1.140721514821052551e-01,4.172428131103515625e+00,1.946209371089935303e-02
5.947615578770637512e-02,8.104132860898971558e-02,5.235220864415168762e-02
2.892257571220397949e-01,2.157863378524780273e+00,2.580390125513076782e-02
1.766029149293899536e-01,4.436616420745849609e+00,3.891865164041519165e-02
6.148051470518112183e-02,2.835469245910644531e+00,3.689790144562721252e-02
4.688654839992523193e-02,3.189009189605712891e+00,2.522086910903453827e-02
5.420594662427902222e-02,5.558719635009765625e-01,7.891855388879776001e-02
2.964218147099018097e-02,2.899555683135986328e+00,1.931176185607910156e-01
1.133033186197280884e-01,2.868595361709594727e+00,3.471602872014045715e-02
8.580927550792694092e-02,5.380959510803222656e-01,4.407379776239395142e-02
4.873340949416160583e-02,3.812502145767211914e+00,3.701392188668251038e-02
1.114102080464363098e-01,4.346011638641357422e+00,3.407923877239227295e-02
7.787480950355529785e-02,3.042481184005737305e+00,3.937085345387458801e-02
8.065394312143325806e-02,5.671401619911193848e-01,4.667963087558746338e-02
7.156253606081008911e-02,4.692208290100097656e+00,2.672418579459190369e-02
1.587672531604766846e-01,2.043119668960571289e+00,2.069436758756637573e-02
1.197200790047645569e-01,2.823822975158691406e+00,3.715356811881065369e-02
4.924931749701499939e-02,4.571706771850585938e+00,1.930146664381027222e-01
1.020585149526596069e-01,2.773937463760375977e+00,1.132180020213127136e-01
1.266901791095733643e-01,3.574132680892944336e+00,3.775033354759216309e-02
6.570643931627273560e-02,6.819720566272735596e-02,5.114094913005828857e-02
7.317125052213668823e-02,2.769939899444580078e-01,3.622421249747276306e-02
4.663714393973350525e-02,1.148416757583618164e+00,8.541189879179000854e-02
3.676919639110565186e-02,7.259584665298461914e-01,3.261784464120864868e-02
8.945325762033462524e-02,3.114948511123657227e+00,8.749297261238098145e-02
1.009438466280698776e-02,2.249576896429061890e-01,6.786376237869262695e-02
1.752532869577407837e-01,3.982836246490478516e+00,2.616333365440368652e-01
6.007060408592224121e-02,2.107193171977996826e-01,5.839663371443748474e-02
1.067954748868942261e-01,3.124709844589233398e+00,5.279564484953880310e-02
2.083905190229415894e-01,2.848623037338256836e+00,2.014519423246383667e-01
8.487914502620697021e-02,2.896516084671020508e+00,2.314436063170433044e-02
1.882144622504711151e-02,7.732303142547607422e-01,2.995220385491847992e-02
2.306574434041976929e-01,2.655299425125122070e+00,5.572817474603652954e-02
2.573974430561065674e-02,2.691927671432495117e+00,3.035366907715797424e-02
7.939051091670989990e-02,6.712692975997924805e-01,3.714829310774803162e-02
5.864024907350540161e-02,2.727254152297973633e+00,1.174085810780525208e-01
1.001774966716766357e-01,3.072107315063476562e+00,2.572441846132278442e-02
8.520284295082092285e-02,2.056486368179321289e+00,2.122572809457778931e-01
2.394558042287826538e-01,3.207081079483032227e+00,3.071162663400173187e-02
8.872297406196594238e-02,2.559494495391845703e+00,8.086710423231124878e-02
7.153230905532836914e-02,4.356387615203857422e+00,9.042227268218994141e-02
5.585652310401201248e-03,4.136599540710449219e+00,4.023681581020355225e-02
2.936736047267913818e-01,1.609637379646301270e+00,2.303453907370567322e-02
6.660752743482589722e-02,9.208874702453613281e-01,2.107595950365066528e-01
1.207077130675315857e-01,4.527460098266601562e+00,4.080570489168167114e-02
1.175328344106674194e-02,3.275375843048095703e+00,3.504149615764617920e-02
7.977309823036193848e-02,4.303421020507812500e+00,3.533841669559478760e-02
8.958174288272857666e-02,3.778731822967529297e+00,8.561673015356063843e-02
3.216327354311943054e-02,4.053143978118896484e+00,2.929809316992759705e-02
7.040938735008239746e-02,1.936854273080825806e-01,3.721757605671882629e-02
1.022623926401138306e-01,4.315343856811523438e+00,3.338449075818061829e-02
1.410707384347915649e-01,4.329382419586181641e+00,3.757425397634506226e-02
1.125570386648178101e-01,4.034780979156494141e+00,3.441044688224792480e-02
1.054428666830062866e-01,2.302841663360595703e+00,1.804479509592056274e-01
1.411833316087722778e-01,1.563868641853332520e+00,2.826819196343421936e-02
7.221500575542449951e-02,3.234758138656616211e+00,3.937162086367607117e-02
8.226662874221801758e-02,8.812901377677917480e-01,4.519640281796455383e-02
8.323233574628829956e-02,2.206766366958618164e+00,2.525648176670074463e-01
9.126931428909301758e-02,2.606618404388427734e+00,2.315694242715835571e-01
9.260306134819984436e-03,1.688453674316406250e+00,3.564456477761268616e-02
8.356680721044540405e-02,3.509167909622192383e+00,4.067487269639968872e-02
2.071703225374221802e-01,4.216682434082031250e+00,4.477453976869583130e-02
1.874217242002487183e-01,3.306721687316894531e+00,8.066186308860778809e-02
2.987214028835296631e-01,2.108437776565551758e+00,3.334667161107063293e-02
7.688935101032257080e-02,3.617162942886352539e+00,5.677683278918266296e-02
5.633972119539976120e-03,3.964277744293212891e+00,3.902555257081985474e-02
3.611451387405395508e-02,1.015121221542358398e+00,5.095415189862251282e-02
1.848634034395217896e-01,2.047569274902343750e+00,1.641108691692352295e-01
8.606527745723724365e-02,3.403934478759765625e+00,4.234350845217704773e-02
1.345253139734268188e-01,3.383723020553588867e+00,3.021417744457721710e-02
7.884359359741210938e-02,4.298591613769531250e+00,5.796754732728004456e-02
7.505240291357040405e-02,2.920121908187866211e+00,4.054993391036987305e-02
7.843510061502456665e-02,3.456534862518310547e+00,4.867014661431312561e-02
6.536951661109924316e-02,2.064720094203948975e-01,6.110127270221710205e-02
9.206253103911876678e-03,3.600606918334960938e+00,7.270286977291107178e-02
2.981246411800384521e-01,2.790965557098388672e+00,3.505461663007736206e-02
1.176647748798131943e-02,1.418418884277343750e+00,5.903742089867591858e-02
1.625859551131725311e-02,3.094455718994140625e+00,9.124810993671417236e-02
1.690094918012619019e-01,3.711025714874267578e+00,2.463753148913383484e-02
8.120739459991455078e-02,9.585427045822143555e-01,3.052964992821216583e-02
1.013804823160171509e-01,4.567326545715332031e+00,3.288196772336959839e-02
2.602044641971588135e-01,1.577537059783935547e+00,8.176504820585250854e-02
1.772239655256271362e-01,1.889317512512207031e+00,1.854959279298782349e-01
3.292181342840194702e-02,3.491003513336181641e+00,3.599534556269645691e-02
3.608014807105064392e-02,2.672196149826049805e+00,2.682467103004455566e-01
7.038299739360809326e-02,4.448279857635498047e+00,3.521978110074996948e-02
7.821619510650634766e-02,6.936135292053222656e-01,4.403003305196762085e-02
2.470137178897857666e-01,4.400510311126708984e+00,2.755038253962993622e-02
2.173440158367156982e-01,3.388627767562866211e+00,4.969887062907218933e-02
2.582584880292415619e-02,2.531789541244506836e+00,3.257459029555320740e-02
2.416532672941684723e-02,3.730006217956542969e-01,5.711567774415016174e-02
1.362345740199089050e-02,2.089423179626464844e+00,4.875086247920989990e-02
1.113765314221382141e-01,3.257895946502685547e+00,8.241474628448486328e-02
1.449918840080499649e-02,3.041439533233642578e+00,4.704425111413002014e-02
8.533243089914321899e-02,2.126073598861694336e+00,3.199837356805801392e-02
2.008331120014190674e-01,3.004026412963867188e+00,3.457909822463989258e-02
8.335494436323642731e-03,3.289261817932128906e+00,3.217194601893424988e-02
1.161299720406532288e-01,2.744070053100585938e+00,2.221992611885070801e-02
5.235953629016876221e-02,4.440765678882598877e-01,3.285957127809524536e-02
1.043346226215362549e-01,1.721342444419860840e+00,3.719143941998481750e-02
2.017481438815593719e-02,4.331636428833007812e+00,1.740312725305557251e-01
4.841361567378044128e-02,4.601315975189208984e+00,6.014588102698326111e-02
6.483848392963409424e-02,1.035565733909606934e+00,6.362311542034149170e-02
4.359310120344161987e-02,3.353434562683105469e+00,6.330533325672149658e-02
7.207180559635162354e-02,2.780744314193725586e+00,3.149846568703651428e-02
3.369310125708580017e-02,1.066101074218750000e+00,4.691075161099433899e-02
1.817007735371589661e-02,5.335982888936996460e-02,4.727214202284812927e-02
6.526590138673782349e-02,1.552896022796630859e+00,9.948208928108215332e-02
7.028400897979736328e-02,6.936654448509216309e-01,3.682139143347740173e-02
1.263905167579650879e-01,4.578894138336181641e+00,4.479299113154411316e-02
1.649551242589950562e-01,1.679292559623718262e+00,9.049181640148162842e-02
5.252363160252571106e-02,3.598513364791870117e+00,2.925822325050830841e-02
7.341053336858749390e-02,4.154097557067871094e+00,8.653727173805236816e-02
1.614897046238183975e-03,3.381971597671508789e+00,3.255286440253257751e-02
1.691977307200431824e-02,2.225189208984375000e+00,2.490380257368087769e-01
1.176325827836990356e-01,1.000170946121215820e+00,2.147064916789531708e-02
8.456332236528396606e-02,4.301257133483886719e+00,7.714594155550003052e-02
1.546732187271118164e-01,2.736417651176452637e-01,2.580431103706359863e-02
2.185742706060409546e-01,8.088859915733337402e-01,3.564241155982017517e-02
8.949622511863708496e-02,1.903780341148376465e+00,3.568335995078086853e-02
3.448279574513435364e-02,4.441087245941162109e+00,4.073329269886016846e-02
1.041905581951141357e-01,3.121160984039306641e+00,2.143129333853721619e-02
6.961140036582946777e-02,2.120059967041015625e+00,3.809604421257972717e-02
5.869768559932708740e-02,1.200441122055053711e-01,3.103027679026126862e-02
1.215066686272621155e-01,1.107263088226318359e+00,3.159434720873832703e-02
4.031115397810935974e-02,4.932129383087158203e+00,2.326647192239761353e-01
3.163304626941680908e-01,1.720140457153320312e+00,2.850213274359703064e-02
8.895165473222732544e-02,2.378366231918334961e+00,2.901393175125122070e-02
3.897795453667640686e-02,4.130187511444091797e+00,2.066716104745864868e-01
6.157255917787551880e-02,1.233708187937736511e-01,5.393675342202186584e-02
9.368032962083816528e-02,4.902297496795654297e+00,6.232560053467750549e-02
2.210800945758819580e-01,1.112849354743957520e+00,3.480458259582519531e-02
8.052860200405120850e-02,3.311426877975463867e+00,2.842577546834945679e-02
5.948562175035476685e-02,2.954323291778564453e+00,2.681719884276390076e-02
1.320934295654296875e-01,1.038892269134521484e+00,6.761050224304199219e-02
3.026391379535198212e-02,3.403121232986450195e+00,5.425945296883583069e-02
2.247050590813159943e-02,4.192234516143798828e+00,4.666912555694580078e-02
8.294576406478881836e-02,3.250670909881591797e+00,3.473283722996711731e-02
7.932136952877044678e-02,3.443789720535278320e+00,3.445016220211982727e-02
1.012584939599037170e-02,1.547264456748962402e+00,3.190367296338081360e-02
7.392826676368713379e-02,1.526933312416076660e+00,5.499212443828582764e-02
1.149790361523628235e-01,4.104162216186523438e+00,2.489396929740905762e-02
1.502573043107986450e-01,4.514204263687133789e-01,6.924987584352493286e-02
3.277146723121404648e-03,4.210306167602539062e+00,9.117016196250915527e-02
6.553582102060317993e-02,5.299148559570312500e-01,4.790298640727996826e-02
3.584231436252593994e-02,3.823279380798339844e+00,1.071844473481178284e-01
1.999193578958511353e-01,2.955774366855621338e-01,5.703111737966537476e-02
8.164568990468978882e-02,4.331530570983886719e+00,4.017429426312446594e-02
8.904653042554855347e-02,2.886441230773925781e+00,5.074132606387138367e-02
7.583987116813659668e-01,4.408411026000976562e+00,2.211097441613674164e-02
8.179558813571929932e-02,3.205459833145141602e+00,4.391933977603912354e-02
6.756345741450786591e-03,3.614837169647216797e+00,3.715157136321067810e-02
1.253895163536071777e-01,2.864042758941650391e+00,3.519569709897041321e-02
2.895760834217071533e-01,5.697963237762451172e-01,1.152176931500434875e-01
6.058298796415328979e-02,4.638928413391113281e+00,2.879936248064041138e-02
3.242808207869529724e-02,4.362728595733642578e+00,2.866924740374088287e-02
9.685133397579193115e-02,3.244981527328491211e+00,6.676098704338073730e-02
8.223015815019607544e-02,2.306795597076416016e+00,2.227824367582798004e-02
9.819911420345306396e-02,3.291640758514404297e+00,1.066024377942085266e-01
2.869001589715480804e-03,8.836857676506042480e-01,1.032866835594177246e-01
1.388821452856063843e-01,3.796401262283325195e+00,2.789117209613323212e-02
6.913007050752639771e-02,7.897227406501770020e-01,2.421351708471775055e-02
9.351067245006561279e-02,2.964823484420776367e+00,5.397877469658851624e-02
2.191991209983825684e-01,2.773947477340698242e+00,9.398303180932998657e-02
2.040159702301025391e-02,2.970480918884277344e+00,1.683461815118789673e-01
9.251561015844345093e-02,4.680359363555908203e+00,3.672068938612937927e-02
1.448827423155307770e-02,2.465251684188842773e+00,7.043526321649551392e-02
6.765884906053543091e-02,2.920401573181152344e+00,2.599341049790382385e-02
1.272747516632080078e-01,4.682834148406982422e+00,2.411676384508609772e-02
2.685130573809146881e-02,2.011520862579345703e+00,3.360526263713836670e-02
7.514852285385131836e-02,2.903855085372924805e+00,6.667453795671463013e-02
9.168698638677597046e-02,3.372135162353515625e+00,3.097047284245491028e-02
7.993412017822265625e-02,3.213461160659790039e+00,2.307082153856754303e-02
9.196329861879348755e-02,1.618029713630676270e+00,1.192332133650779724e-01
7.721906155347824097e-02,3.738643646240234375e+00,2.949242107570171356e-02
6.137696653604507446e-02,5.746769905090332031e-01,3.195235505700111389e-02
1.076509337872266769e-02,3.539895772933959961e+00,2.927283011376857758e-02
6.325636059045791626e-02,3.653980493545532227e+00,2.615720629692077637e-01
2.107320353388786316e-02,2.249279499053955078e+00,3.708612918853759766e-02
1.062420308589935303e-01,2.021641492843627930e+00,6.807745993137359619e-02
7.633624970912933350e-02,3.164963960647583008e+00,5.600500851869583130e-02
1.744902878999710083e-01,4.682932853698730469e+00,2.972390130162239075e-02
1.141600534319877625e-01,7.106655836105346680e-01,3.741036728024482727e-02
7.401914149522781372e-02,2.392937898635864258e+00,4.489333182573318481e-02
8.004163950681686401e-02,2.557757139205932617e+00,1.300199925899505615e-01
2.472053840756416321e-02,3.750904560089111328e+00,3.099332936108112335e-02
1.598792225122451782e-01,1.883646845817565918e+00,4.014805704355239868e-02
4.029858112335205078e-02,3.616350173950195312e+00,2.995753474533557892e-02
1.872384995222091675e-01,3.476915597915649414e+00,9.833181649446487427e-02
5.902362987399101257e-02,9.767063260078430176e-01,6.654457002878189087e-02
6.872817128896713257e-02,1.744108438491821289e+00,4.469336569309234619e-02
3.858120739459991455e-01,4.962912559509277344e+00,1.452003419399261475e-02
2.585379034280776978e-02,3.341507196426391602e+00,4.788991808891296387e-02
7.350461930036544800e-02,3.417309284210205078e+00,2.803927473723888397e-02
1.219640970230102539e-01,2.736592531204223633e+00,2.647835314273834229e-01
2.280192375183105469e-01,4.230444908142089844e+00,2.876472100615501404e-02
6.459498405456542969e-02,5.798572301864624023e-01,5.673947557806968689e-02
1.245711892843246460e-01,3.298237562179565430e+00,3.120661713182926178e-02
4.778538644313812256e-02,6.096465513110160828e-02,3.581250086426734924e-02
7.023772597312927246e-02,7.171888351440429688e-01,2.879080548882484436e-02
3.819855162873864174e-03,5.569494366645812988e-01,3.279628232121467590e-02
8.091402053833007812e-02,1.973229348659515381e-01,9.160652756690979004e-02
8.071307092905044556e-02,4.470515251159667969e+00,6.862892210483551025e-02
1.369637250900268555e-01,2.927785396575927734e+00,3.714234754443168640e-02
3.343765065073966980e-02,3.449152469635009766e+00,4.499003291130065918e-02
9.916409105062484741e-02,2.796944856643676758e+00,3.124874085187911987e-02
1.496598422527313232e-01,4.064406394958496094e+00,1.258144974708557129e-01
2.306643128395080566e-01,4.858401775360107422e+00,2.167886495590209961e-02
1.177676692605018616e-01,4.384882926940917969e+00,3.762252628803253174e-02
2.655299566686153412e-02,5.396172404289245605e-01,6.036040186882019043e-02
1.136903241276741028e-01,1.704149603843688965e+00,2.113349922001361847e-02
2.091113030910491943e-01,8.695936203002929688e-01,2.245786227285861969e-02
8.509363234043121338e-02,3.626360595226287842e-01,3.301162272691726685e-02
2.946554422378540039e-01,4.592255592346191406e+00,5.084664002060890198e-02
1.571077257394790649e-01,6.249373555183410645e-01,3.720368817448616028e-02
3.285788372159004211e-02,2.042824983596801758e+00,3.437544405460357666e-02
8.861555717885494232e-03,2.780952930450439453e+00,3.142902627587318420e-02
8.976970613002777100e-02,7.347846031188964844e-02,2.737086638808250427e-02
5.055101588368415833e-03,4.958047866821289062e-01,6.379698961973190308e-02
7.276231050491333008e-02,1.506966501474380493e-01,2.978022024035453796e-02
1.144754607230424881e-02,4.508088588714599609e+00,8.916745334863662720e-02
1.732464432716369629e-01,4.230391025543212891e+00,7.861512899398803711e-02
5.973229557275772095e-02,9.063526391983032227e-01,1.309762597084045410e-01
8.690270781517028809e-02,3.311527967453002930e+00,4.533184692263603210e-02
6.016454845666885376e-02,1.521022021770477295e-01,3.019813634455204010e-02
6.745959818363189697e-02,3.385708808898925781e+00,2.564385905861854553e-02
1.315662711858749390e-01,2.577397823333740234e+00,2.920395322144031525e-02
1.034817541949450970e-03,1.318064928054809570e+00,2.895161695778369904e-02
2.850388549268245697e-02,4.602145671844482422e+00,3.945838287472724915e-02
4.208061099052429199e-02,1.611221730709075928e-01,3.745751455426216125e-02
9.203545004129409790e-02,2.614934921264648438e+00,3.164021298289299011e-02
2.197736129164695740e-02,4.563245773315429688e+00,4.808527231216430664e-02
2.612700462341308594e-01,2.829510927200317383e+00,5.900651961565017700e-02
7.839897274971008301e-02,4.722188711166381836e-01,3.572712466120719910e-02
1.195186153054237366e-01,3.172722101211547852e+00,2.970606833696365356e-02
2.481255978345870972e-01,3.544622659683227539e+00,5.675433576107025146e-02
6.463939789682626724e-03,4.568915843963623047e+00,7.781096547842025757e-02
5.508983135223388672e-02,4.542784392833709717e-01,4.302298650145530701e-02
2.566092014312744141e-01,5.346337556838989258e-01,4.160012677311897278e-02
1.020253226161003113e-01,3.340498208999633789e+00,1.165489777922630310e-01
4.674704745411872864e-02,1.652191281318664551e-01,4.485453665256500244e-02
6.064084172248840332e-02,6.867527365684509277e-01,3.019285760819911957e-02
5.778858810663223267e-02,3.112717270851135254e-01,3.449654206633567810e-02
2.091929167509078979e-01,4.578097820281982422e+00,2.364247664809226990e-02
7.066138088703155518e-02,2.262829303741455078e+00,3.921337053179740906e-02
6.458641588687896729e-02,3.629964590072631836e+00,3.677439689636230469e-02
1.155099645256996155e-01,2.146404266357421875e+00,1.303729861974716187e-01
6.096837297081947327e-02,1.625598073005676270e+00,9.587971866130828857e-02
1.171384006738662720e-01,3.651887178421020508e+00,1.978689432144165039e-02
6.727053225040435791e-02,1.293062329292297363e+00,9.568826109170913696e-02
9.746561199426651001e-02,1.045366674661636353e-01,4.627314209938049316e-02
6.345026195049285889e-02,2.919113636016845703e+00,4.302657395601272583e-02
7.485176622867584229e-02,1.507297009229660034e-01,4.722976312041282654e-02
1.526979804039001465e-01,4.345664978027343750e+00,2.741549313068389893e-01
8.476454764604568481e-02,3.280253410339355469e+00,2.556724473834037781e-02
8.309584110975265503e-02,3.495141744613647461e+00,4.513531550765037537e-02
7.428429275751113892e-02,4.594416618347167969e+00,5.076367035508155823e-02
5.746471881866455078e-02,2.477115631103515625e+00,2.742175385355949402e-02
6.756469011306762695e-01,2.047468900680541992e+00,2.075805217027664185e-01
2.072349190711975098e-01,4.568975448608398438e+00,1.497968882322311401e-01
1.157797127962112427e-01,3.173222064971923828e+00,2.967598661780357361e-02
6.939566880464553833e-02,9.836694598197937012e-01,3.798145800828933716e-02
2.482097297906875610e-01,3.065726041793823242e+00,3.148221969604492188e-02
1.890174448490142822e-01,3.103359699249267578e+00,1.298829615116119385e-01
3.324503079056739807e-02,3.533887624740600586e+00,6.010129675269126892e-02
6.613382697105407715e-02,9.008097648620605469e-01,4.152787104249000549e-02
9.263604879379272461e-02,4.332386493682861328e+00,2.435603365302085876e-02
2.719870209693908691e-01,3.291730403900146484e+00,2.900639921426773071e-02
1.772643029689788818e-01,4.114428043365478516e+00,2.488084882497787476e-02
2.076681703329086304e-01,3.550690174102783203e+00,1.133534982800483704e-01
4.314623773097991943e-02,7.256153225898742676e-01,3.475446254014968872e-02
8.686157315969467163e-02,2.952288389205932617e+00,4.727045074105262756e-02
9.937792271375656128e-02,3.404582262039184570e+00,3.415774926543235779e-02
2.725710570812225342e-01,2.125675439834594727e+00,5.267711356282234192e-02
6.877318024635314941e-02,3.585331916809082031e+00,2.830970287322998047e-02
6.939604878425598145e-02,2.823816776275634766e+00,4.951341077685356140e-02
9.388749301433563232e-02,1.077632009983062744e-01,6.407275050878524780e-02
1.172755211591720581e-01,2.953134298324584961e+00,9.920331090688705444e-02
5.507311224937438965e-02,1.299664616584777832e+00,3.396239876747131348e-02
1.577021032571792603e-01,4.467128753662109375e+00,2.339429035782814026e-02
7.967946678400039673e-02,3.482481718063354492e+00,2.055408060550689697e-01
7.901155203580856323e-02,8.749909996986389160e-01,1.257487535476684570e-01
2.581009268760681152e-01,2.434472799301147461e+00,2.279706299304962158e-01
7.317000627517700195e-02,2.191799402236938477e+00,2.945593371987342834e-02
2.446916401386260986e-01,3.921325206756591797e+00,1.328040063381195068e-01
7.072576135396957397e-02,2.902742624282836914e+00,4.073498398065567017e-02
4.344596713781356812e-02,3.939681529998779297e+00,5.003345757722854614e-02
4.257116466760635376e-02,4.224058091640472412e-01,3.106702119112014771e-02
2.811022996902465820e-01,2.756127834320068359e+00,3.197505697607994080e-02
6.179091334342956543e-02,3.087802648544311523e+00,3.262153267860412598e-02
1.440758556127548218e-01,1.924379318952560425e-01,2.404558286070823669e-02
1.050688140094280243e-02,3.060851812362670898e+00,2.338388748466968536e-02
1.869085431098937988e-02,3.255191564559936523e+00,6.937640160322189331e-02
1.171805411577224731e-01,3.109673500061035156e+00,2.743528224527835846e-02
1.652975380420684814e-01,4.539171695709228516e+00,2.326571345329284668e-01
5.426352471113204956e-02,3.574971437454223633e+00,3.988752141594886780e-02
1.829715967178344727e-01,2.786543130874633789e+00,1.899749226868152618e-02
1.183134466409683228e-01,4.483951091766357422e+00,5.279093235731124878e-02
7.355041452683508396e-04,9.649711251258850098e-01,5.611693114042282104e-02
6.094650924205780029e-02,8.793697953224182129e-01,6.011554598808288574e-02
1.028196811676025391e-01,1.476561307907104492e+00,2.227604016661643982e-02
2.316517829895019531e-01,3.012494087219238281e+00,3.187118098139762878e-02
1.727501153945922852e-01,1.154482126235961914e+00,7.599714398384094238e-02
6.488935649394989014e-02,3.080874204635620117e+00,3.382807970046997070e-02
6.979773938655853271e-02,1.475933194160461426e+00,3.349169716238975525e-02
1.848018467426300049e-01,3.158600330352783203e+00,3.034772537648677826e-02
3.798088803887367249e-02,3.902842044830322266e+00,4.203408211469650269e-02
6.824176013469696045e-02,2.872235298156738281e+00,5.711142346262931824e-02
5.838856566697359085e-03,3.065549135208129883e+00,3.862788155674934387e-02
2.234819084405899048e-01,4.116146087646484375e+00,2.691964060068130493e-02
7.237736880779266357e-02,5.733398199081420898e-01,3.911959007382392883e-02
5.372119322419166565e-02,4.304229259490966797e+00,1.192777529358863831e-01
7.495258748531341553e-02,5.483692288398742676e-01,3.501397743821144104e-02
9.082065522670745850e-02,8.516535162925720215e-01,3.044227510690689087e-02
4.657000303268432617e-02,3.092514753341674805e+00,6.532931327819824219e-02
8.429523557424545288e-02,5.308332443237304688e-01,1.981630921363830566e-02
6.747517734766006470e-02,5.608234405517578125e-01,4.407697543501853943e-02
7.123120129108428955e-02,7.101102471351623535e-01,8.611756563186645508e-02
6.048154830932617188e-02,2.506454229354858398e+00,4.919685795903205872e-02
4.502640664577484131e-01,4.733910083770751953e+00,3.181363269686698914e-02
3.193020522594451904e-01,2.984615564346313477e+00,2.008099853992462158e-02
6.432536989450454712e-02,6.198251247406005859e-01,3.254271671175956726e-02
3.149085044860839844e-01,2.806059598922729492e+00,5.546851083636283875e-02
1.425430476665496826e-01,3.517771959304809570e+00,2.212209627032279968e-02
2.014153599739074707e-01,4.333762645721435547e+00,3.736557811498641968e-02
2.689263522624969482e-01,4.248744964599609375e+00,3.619356825947761536e-02
3.891170769929885864e-02,2.640655040740966797e+00,2.385714948177337646e-01
9.496127068996429443e-02,4.337960720062255859e+00,4.413949325680732727e-02
6.711113452911376953e-02,1.310828477144241333e-01,4.721505567431449890e-02
3.819437325000762939e-02,2.611651659011840820e+00,1.738962382078170776e-01
1.640352047979831696e-02,8.953998684883117676e-01,7.196670770645141602e-02
1.818531006574630737e-01,2.446069419384002686e-01,7.400734722614288330e-02
1.229212358593940735e-01,4.662963390350341797e+00,1.966076195240020752e-01
8.198973536491394043e-02,2.602431535720825195e+00,3.639942780137062073e-02
8.005027472972869873e-02,2.665846586227416992e+00,3.038682602345943451e-02
8.436983823776245117e-02,2.377355337142944336e+00,3.132361173629760742e-02
2.913400530815124512e-01,2.181676387786865234e+00,9.723575413227081299e-02
9.922760538756847382e-03,2.199386060237884521e-01,4.427514597773551941e-02
1.251539587974548340e-01,4.552392482757568359e+00,4.224557802081108093e-02
5.496541857719421387e-01,7.377939820289611816e-01,4.324939474463462830e-02
1.865075528621673584e-02,1.048745289444923401e-01,9.620749205350875854e-02
5.836638808250427246e-02,1.298644661903381348e+00,1.068300232291221619e-01
1.987921446561813354e-01,4.310401916503906250e+00,1.951724588871002197e-01
1.881322562694549561e-01,4.657561779022216797e+00,3.860328346490859985e-02
2.399881370365619659e-02,3.202870130538940430e+00,3.633941709995269775e-02
7.749640196561813354e-02,1.578910589218139648e+00,2.628136612474918365e-02
6.559167057275772095e-02,1.454419851303100586e+00,3.128087148070335388e-02
5.480903014540672302e-02,4.966621875762939453e+00,2.752716839313507080e-02
1.893562376499176025e-01,2.508635282516479492e+00,3.612910211086273193e-02
2.352542616426944733e-02,4.523927211761474609e+00,4.067174717783927917e-02
7.609585672616958618e-02,3.600301027297973633e+00,2.193323224782943726e-01
1.527171861380338669e-02,1.046946525573730469e+00,6.102450564503669739e-02
1.715484447777271271e-02,3.825018405914306641e+00,4.334168881177902222e-02
3.185463324189186096e-02,2.948424100875854492e+00,3.372481837868690491e-02
3.678149357438087463e-02,2.709333658218383789e+00,3.153131529688835144e-02
6.342587620019912720e-02,7.450561523437500000e-01,6.958589702844619751e-02
6.588141433894634247e-03,3.286115646362304688e+00,1.123904734849929810e-01
7.392916828393936157e-02,2.628770828247070312e+00,2.628992311656475067e-02
9.716381132602691650e-02,2.917511701583862305e+00,3.664397448301315308e-02
5.716975778341293335e-02,1.972046017646789551e+00,8.918964117765426636e-02
3.358067572116851807e-02,3.235875606536865234e+00,3.362857922911643982e-02
6.731760501861572266e-02,3.844150066375732422e+00,3.372968733310699463e-02
7.769811153411865234e-02,4.488626480102539062e+00,4.863678663969039917e-02
4.396688342094421387e-01,1.765764236450195312e+00,2.760716341435909271e-02
1.243813633918762207e-01,3.508912086486816406e+00,2.967378124594688416e-02
2.487190216779708862e-01,2.152764320373535156e+00,5.399163812398910522e-02
3.231736719608306885e-01,2.596049070358276367e+00,2.879229001700878143e-02
7.157012820243835449e-02,3.074510812759399414e+00,3.193231672048568726e-02
2.331719174981117249e-02,4.629941940307617188e+00,3.547924384474754333e-02
6.700371950864791870e-02,3.447569608688354492e+00,2.185479365289211273e-02
2.940291762351989746e-01,2.605457544326782227e+00,9.089537709951400757e-02
8.936332166194915771e-02,1.934325695037841797e+00,3.646107390522956848e-02
9.916184842586517334e-02,4.908113479614257812e+00,9.694984555244445801e-02
2.299916446208953857e-01,6.450753808021545410e-01,6.428634375333786011e-02
4.435889422893524170e-02,3.637591361999511719e+00,6.234927847981452942e-02
7.741997390985488892e-02,4.655251026153564453e+00,6.093415617942810059e-02
8.673077449202537537e-03,4.578708171844482422e+00,5.423920974135398865e-02
6.506733596324920654e-02,9.480228275060653687e-02,3.818085789680480957e-02
1.998047828674316406e-01,4.090133190155029297e+00,2.375458925962448120e-01
6.700129806995391846e-02,7.468115687370300293e-01,1.019950136542320251e-01
1.356165707111358643e-01,2.913482189178466797e+00,2.895515225827693939e-02
5.632559582591056824e-02,4.259830474853515625e+00,2.901931293308734894e-02
9.918695688247680664e-02,1.596810102462768555e+00,2.813474647700786591e-02
2.192696789279580116e-03,3.662917137145996094e+00,5.031634122133255005e-02
9.244708716869354248e-02,4.218440532684326172e+00,1.723571419715881348e-01
1.409303247928619385e-01,3.405031919479370117e+00,2.678973041474819183e-02
7.175819575786590576e-02,6.479176282882690430e-01,5.703619122505187988e-02
2.626726925373077393e-01,3.276543617248535156e+00,1.951897703111171722e-02
6.763101369142532349e-02,1.185302495956420898e+00,3.921782970428466797e-02
9.919956326484680176e-02,4.601012706756591797e+00,7.515588402748107910e-02
8.304814249277114868e-02,8.355990052223205566e-01,3.305164352059364319e-02
1.190018057823181152e-01,2.989896297454833984e+00,2.561982348561286926e-02
5.001507699489593506e-02,1.908522397279739380e-01,4.034520313143730164e-02
1.845396310091018677e-01,4.261526107788085938e+00,4.158244654536247253e-02
1.132973376661539078e-02,3.393827915191650391e+00,4.202121868729591370e-02
9.838894009590148926e-02,8.511483669281005859e-01,4.357414320111274719e-02
4.152284562587738037e-02,3.633915901184082031e+00,1.227553412318229675e-01
1.518519818782806396e-01,4.403502941131591797e+00,2.374630235135555267e-02
8.999720960855484009e-02,2.980357170104980469e+00,1.349649727344512939e-01
3.060525953769683838e-01,3.137547731399536133e+00,1.419082656502723694e-02
7.590285688638687134e-02,4.117835521697998047e+00,3.090303204953670502e-02
4.846576973795890808e-02,2.761969089508056641e+00,2.509642243385314941e-01
6.537790596485137939e-02,4.322837829589843750e+00,4.131888598203659058e-02
5.954098701477050781e-02,3.366054534912109375e+00,4.528321325778961182e-02
6.757060438394546509e-02,3.344501972198486328e+00,4.547082632780075073e-02
7.345801591873168945e-01,2.796872854232788086e-01,2.058254741132259369e-02
7.513187825679779053e-02,4.703413963317871094e+00,4.631465300917625427e-02
7.601994276046752930e-02,2.537553548812866211e+00,2.962048538029193878e-02
3.903922624886035919e-04,3.605468273162841797e+00,2.798638865351676941e-02
1.535402387380599976e-01,2.725996255874633789e+00,5.555839836597442627e-02
1.076499670743942261e-01,1.880033969879150391e+00,2.550836279988288879e-02
7.076326757669448853e-02,4.530844211578369141e+00,3.430052101612091064e-02
6.238145753741264343e-02,6.709364056587219238e-01,3.544085845351219177e-02
8.187568932771682739e-02,3.648921728134155273e+00,1.170481666922569275e-01
3.007626533508300781e-02,6.949305534362792969e-01,1.080304235219955444e-01
5.385382473468780518e-02,3.199971199035644531e+00,2.496515028178691864e-02
1.054712608456611633e-01,3.064271926879882812e+00,4.637496918439865112e-02
4.648962989449501038e-02,2.326376199722290039e+00,4.382489249110221863e-02
1.515081226825714111e-01,2.525349378585815430e+00,2.874386310577392578e-02
7.713623344898223877e-03,5.300719141960144043e-01,2.919662557542324066e-02
1.035270020365715027e-01,4.480649948120117188e+00,3.431543335318565369e-02
2.997734583914279938e-02,4.609908580780029297e+00,5.499104782938957214e-02
2.142788376659154892e-03,2.129580497741699219e+00,1.016354188323020935e-01
8.107141405344009399e-02,7.084679007530212402e-01,7.471746951341629028e-02
3.098504990339279175e-02,1.012717843055725098e+00,3.568740561604499817e-02
6.290692836046218872e-02,2.561023950576782227e+00,2.635259740054607391e-02
9.281840920448303223e-02,1.646609783172607422e+00,9.314843267202377319e-02
1.917892321944236755e-02,4.011620044708251953e+00,3.598371520638465881e-02
5.046059191226959229e-02,3.883982896804809570e+00,2.852898649871349335e-02
2.718757987022399902e-01,2.059089690446853638e-01,3.219885006546974182e-02
2.001752108335494995e-01,3.103675842285156250e+00,2.571524493396282196e-02
7.531344890594482422e-02,3.690291881561279297e+00,2.654431201517581940e-02
7.710128277540206909e-02,4.981630325317382812e+00,4.068060964345932007e-02
2.833633422851562500e-01,6.622777581214904785e-01,7.139080017805099487e-02
8.917184174060821533e-02,2.786066293716430664e+00,4.729674011468887329e-02
6.726797670125961304e-02,4.259923934936523438e+00,3.609082102775573730e-02
7.491884380578994751e-02,2.074358701705932617e+00,3.008969873189926147e-02
1.330026388168334961e-01,8.378568291664123535e-01,7.737208902835845947e-02
1.240199506282806396e-01,4.180655002593994141e+00,7.848157733678817749e-02
6.350842863321304321e-02,2.488673448562622070e+00,7.863952219486236572e-02
4.142938181757926941e-02,5.439056158065795898e-01,4.146934673190116882e-02
2.656954228878021240e-01,2.741135835647583008e+00,3.765834867954254150e-02
7.623739540576934814e-02,4.448872566223144531e+00,5.129017680883407593e-02
1.275601089000701904e-01,4.464958190917968750e+00,3.102453798055648804e-02
6.907204538583755493e-02,3.312361001968383789e+00,3.772829845547676086e-02
5.041089281439781189e-02,3.125510513782501221e-01,2.743456512689590454e-02
1.445242017507553101e-01,4.453223228454589844e+00,3.680037707090377808e-02
5.844223871827125549e-02,1.889443993568420410e+00,5.053321644663810730e-02
6.194312497973442078e-02,3.022402048110961914e+00,2.766512334346771240e-02
8.015140146017074585e-02,1.720086693763732910e+00,2.314881980419158936e-02
7.527307420969009399e-02,3.710170030593872070e+00,8.201471716165542603e-02
6.510532647371292114e-02,7.456459403038024902e-01,3.654634952545166016e-02
5.270817130804061890e-02,3.704619884490966797e+00,3.021018020808696747e-02
1.792971491813659668e-01,3.757352113723754883e+00,3.820950537919998169e-02
6.278777122497558594e-02,4.200434207916259766e+00,4.936484619975090027e-02
1.208732575178146362e-01,1.683482766151428223e+00,3.983832523226737976e-02
9.645017236471176147e-02,1.743753314018249512e+00,2.688392251729965210e-02
1.751947030425071716e-02,5.800928473472595215e-01,4.126600176095962524e-02
2.351161986589431763e-01,4.461110591888427734e+00,4.227765649557113647e-02
3.499873727560043335e-02,4.272316455841064453e+00,3.486710414290428162e-02
5.456207692623138428e-02,3.058666944503784180e+00,2.872310765087604523e-02
2.284723222255706787e-01,2.832122802734375000e+00,9.035754948854446411e-02
8.709149807691574097e-02,3.156023740768432617e+00,5.996400862932205200e-02
2.143223583698272705e-02,3.249482393264770508e+00,1.152169257402420044e-01
7.123675942420959473e-02,3.233680248260498047e+00,3.289723768830299377e-02
7.805828005075454712e-02,1.675251126289367676e+00,3.299327567219734192e-02
4.890171810984611511e-02,5.386420488357543945e-01,4.075102508068084717e-02
9.150300174951553345e-03,1.228242218494415283e-01,5.295410007238388062e-02
4.013773426413536072e-02,4.497283935546875000e+00,3.395768254995346069e-02
5.590221658349037170e-02,3.479021787643432617e+00,6.206322088837623596e-02
6.541776657104492188e-02,3.192127227783203125e+00,2.152276784181594849e-01
4.681857675313949585e-02,2.821924924850463867e+00,4.573474824428558350e-02
1.510326862335205078e-01,1.879412412643432617e+00,3.470552340149879456e-02
3.872533887624740601e-02,2.646757364273071289e+00,4.254593327641487122e-02
8.567909896373748779e-02,2.832004547119140625e+00,5.237901210784912109e-02
6.226002052426338196e-02,1.455852389335632324e+00,3.442033752799034119e-02
7.654669135808944702e-02,3.059268951416015625e+00,5.666542425751686096e-02
1.998409070074558258e-02,3.855901479721069336e+00,3.363160043954849243e-02
7.184527069330215454e-02,3.399167299270629883e+00,5.490633472800254822e-02
1.044823452830314636e-01,1.508113861083984375e+00,4.873697459697723389e-02
1.572924107313156128e-01,3.500009775161743164e+00,5.738507956266403198e-02
1.846313625574111938e-01,3.651901245117187500e+00,3.517150878906250000e-02
8.281178772449493408e-02,2.956760883331298828e+00,2.456050738692283630e-02
2.243631929159164429e-01,2.690903663635253906e+00,2.144107073545455933e-01
2.004746943712234497e-01,3.177122116088867188e+00,3.140263631939888000e-02
1.618430614471435547e-01,4.261019706726074219e+00,3.343076631426811218e-02
1.996219307184219360e-01,2.715014219284057617e+00,2.601519040763378143e-02
3.729763999581336975e-02,2.095524072647094727e+00,3.050003014504909515e-02
4.089130088686943054e-02,4.500811398029327393e-01,9.081313014030456543e-02
3.000539168715476990e-02,3.551341772079467773e+00,4.310657083988189697e-02
3.857108578085899353e-02,4.045153141021728516e+00,3.276835381984710693e-02
1.425115913152694702e-01,1.492756962776184082e+00,3.266017138957977295e-02
7.658077776432037354e-02,6.931664347648620605e-01,3.097969666123390198e-02
7.722724229097366333e-02,3.994427442550659180e+00,2.810451202094554901e-02
8.023222535848617554e-02,4.183042049407958984e+00,3.036274015903472900e-02
5.083956718444824219e-01,1.873298764228820801e+00,4.587070271372795105e-02
7.134521752595901489e-02,4.323939800262451172e+00,4.187311604619026184e-02
4.360211640596389771e-02,4.782861173152923584e-01,1.695409417152404785e-01
1.134416088461875916e-01,2.859261035919189453e-01,5.606460943818092346e-02
7.507941126823425293e-02,2.637785911560058594e+00,5.333942174911499023e-02
1.018819883465766907e-01,3.053585767745971680e+00,2.320596016943454742e-02
1.904554069042205811e-01,8.226495385169982910e-01,2.818373776972293854e-02
4.507336392998695374e-02,1.566055059432983398e+00,3.162401914596557617e-02
6.111899390816688538e-02,4.381490230560302734e+00,4.316581040620803833e-02
1.064855977892875671e-01,3.244884014129638672e+00,5.610965564846992493e-02
4.730470944195985794e-03,2.840124607086181641e+00,4.554057493805885315e-02
5.912734940648078918e-02,2.132514715194702148e+00,4.230558872222900391e-02
6.060274317860603333e-02,4.134757220745086670e-01,3.280099853873252869e-02
1.814853996038436890e-01,4.909430027008056641e+00,5.181909352540969849e-02
2.332917600870132446e-02,4.007495403289794922e+00,2.363719977438449860e-02
2.510542869567871094e-01,1.038879275321960449e+00,8.110325038433074951e-02
2.614674903452396393e-02,1.950619339942932129e+00,7.921819388866424561e-02
1.247949674725532532e-01,4.759115695953369141e+00,7.503801584243774414e-02
7.708283513784408569e-02,1.224658846855163574e+00,2.863983251154422760e-02
6.735076755285263062e-02,2.039319992065429688e+00,3.681195899844169617e-02
4.573775455355644226e-02,2.334329605102539062e+00,1.759957522153854370e-01
1.010842099785804749e-01,4.956047534942626953e+00,5.838904902338981628e-02
9.030478447675704956e-02,2.983804225921630859e+00,5.236368998885154724e-02
1.586066484451293945e-01,4.036062717437744141e+00,2.331224456429481506e-02
3.252068161964416504e-02,3.760867357254028320e+00,3.987122327089309692e-02
8.103604614734649658e-02,3.516808032989501953e+00,3.711011260747909546e-02
1.025358065962791443e-01,2.263464629650115967e-01,3.300178050994873047e-02
2.207666076719760895e-02,2.874495506286621094e+00,2.968874573707580566e-02
7.327662408351898193e-02,5.324384570121765137e-01,2.445427328348159790e-02
2.098962664604187012e-01,2.402899503707885742e+00,1.919418275356292725e-01
5.120794475078582764e-02,4.280653953552246094e+00,8.989448100328445435e-02
2.621205449104309082e-01,4.891862392425537109e+00,3.111837059259414673e-02
8.834712207317352295e-02,3.258318901062011719e+00,3.400406241416931152e-02
1.098131686449050903e-01,3.051286458969116211e+00,2.535072900354862213e-02
9.814633429050445557e-02,3.189468145370483398e+00,3.380604460835456848e-02
7.403174787759780884e-02,3.206632375717163086e+00,5.686502903699874878e-02
1.084522679448127747e-01,6.358278393745422363e-01,3.364877030253410339e-02
7.278375327587127686e-02,3.011091947555541992e+00,3.325944766402244568e-02
3.445417582988739014e-01,2.499512672424316406e+00,3.845046460628509521e-02
4.743923991918563843e-02,2.847729206085205078e+00,3.386323526501655579e-02
5.272258520126342773e-01,4.299713134765625000e+00,1.197828873991966248e-01
9.777096658945083618e-02,2.851220130920410156e+00,3.662501275539398193e-02
1.553912460803985596e-01,1.993469357490539551e+00,2.693639881908893585e-02
7.364477217197418213e-02,1.384716391563415527e+00,8.591724187135696411e-02
8.083403110504150391e-02,3.373185157775878906e+00,4.086402058601379395e-02
2.485644817352294922e-01,4.465005397796630859e+00,2.461313754320144653e-01
1.080804243683815002e-01,2.886801481246948242e+00,1.747972518205642700e-02
2.173737287521362305e-01,6.499596834182739258e-01,2.907384000718593597e-02
6.137181818485260010e-02,6.867946982383728027e-01,3.537096083164215088e-02
5.136143416166305542e-02,1.596057295799255371e+00,2.526335418224334717e-02
2.736715972423553467e-01,2.867702484130859375e+00,1.954029686748981476e-02
2.474070899188518524e-02,4.714659690856933594e+00,4.150727018713951111e-02
8.590139448642730713e-02,4.214303970336914062e+00,1.713220775127410889e-01
6.905087083578109741e-02,4.339384078979492188e+00,3.624588996171951294e-02
3.673512637615203857e-01,2.304789781570434570e+00,2.065567672252655029e-02
2.636389434337615967e-02,1.410270035266876221e-01,1.285800188779830933e-01
2.764424979686737061e-01,5.696565508842468262e-01,5.973934382200241089e-02
1.183788627386093140e-01,9.546284675598144531e-01,6.904765963554382324e-02
1.124913468956947327e-01,4.384369373321533203e+00,2.620649337768554688e-01
2.486632578074932098e-02,3.455888509750366211e+00,4.495272412896156311e-02
5.569651126861572266e-01,2.674385607242584229e-01,2.448056265711784363e-02
2.292769588530063629e-02,3.195552110671997070e+00,4.677976667881011963e-02
4.677543789148330688e-02,6.046677231788635254e-01,6.688136607408523560e-02
6.509461998939514160e-02,3.741493463516235352e+00,3.159460425376892090e-02
3.285954240709543228e-03,3.558136463165283203e+00,5.586592853069305420e-02
2.088586539030075073e-01,4.652655601501464844e+00,3.843611478805541992e-02
1.245462894439697266e-02,1.465445041656494141e+00,4.542009532451629639e-02
1.271587759256362915e-01,3.289772033691406250e+00,4.358623549342155457e-02
2.561146579682826996e-02,3.004118204116821289e+00,5.970362573862075806e-02
2.382912188768386841e-01,2.684219598770141602e+00,5.624305084347724915e-02
7.098539173603057861e-02,1.214743375778198242e+00,2.635669708251953125e-02
6.197921931743621826e-03,5.241968035697937012e-01,3.610767796635627747e-02
7.265741378068923950e-02,2.793575525283813477e+00,5.908313393592834473e-02
9.283126145601272583e-02,3.195744514465332031e+00,2.258644066751003265e-02
2.604176402091979980e-01,1.954181313514709473e+00,2.738367766141891479e-02
1.940883994102478027e-01,4.180392265319824219e+00,1.800751313567161560e-02
2.090600878000259399e-01,2.452929258346557617e+00,1.952394843101501465e-02
1.157616525888442993e-01,2.327505350112915039e-01,3.089232183992862701e-02
9.496545046567916870e-02,1.775923848152160645e+00,3.226808458566665649e-02
7.532619684934616089e-02,2.546123027801513672e+00,4.031266272068023682e-02
6.149180606007575989e-02,1.035158276557922363e+00,9.175780415534973145e-02
2.472245246171951294e-01,4.556583404541015625e+00,5.043584480881690979e-02
1.971372170373797417e-03,5.834519267082214355e-01,3.332381695508956909e-02
7.948342710733413696e-02,4.595227718353271484e+00,3.113051503896713257e-02
2.188842371106147766e-02,4.859488487243652344e+00,4.783088341355323792e-02
1.129636615514755249e-01,2.629914045333862305e+00,5.053582787513732910e-02
1.533417850732803345e-01,3.145740985870361328e+00,2.298191003501415253e-02
7.507772184908390045e-03,1.220005393028259277e+00,3.760054334998130798e-02
6.457149237394332886e-02,7.353086024522781372e-02,3.473852574825286865e-02
2.614779174327850342e-01,3.312660932540893555e+00,3.247056156396865845e-02
7.847633957862854004e-02,3.381552219390869141e+00,8.343245089054107666e-02
7.329569011926651001e-02,4.578988075256347656e+00,1.882542818784713745e-01
5.655766278505325317e-02,1.221623659133911133e+00,1.218836382031440735e-01
2.898181974887847900e-01,4.597483158111572266e+00,4.556645452976226807e-02
1.421639919281005859e-01,1.172035634517669678e-01,2.486045286059379578e-02
4.520354419946670532e-02,3.630236625671386719e+00,3.463582694530487061e-02
1.939036883413791656e-02,1.878094434738159180e+00,5.729104205965995789e-02
1.340937465429306030e-01,3.207804441452026367e+00,3.693310543894767761e-02
1.073801517486572266e-01,4.100105285644531250e+00,6.801196932792663574e-02
6.211986020207405090e-02,4.094430923461914062e+00,3.592288494110107422e-02
1.648712307214736938e-01,4.833420753479003906e+00,2.910397201776504517e-02
5.363018438220024109e-02,1.593286275863647461e+00,2.898108214139938354e-02
7.831539027392864227e-03,5.914798974990844727e-01,9.348814934492111206e-02
1.221173107624053955e-01,2.598838806152343750e+00,2.373829782009124756e-01
8.678762614727020264e-02,4.016783237457275391e+00,3.075892664492130280e-02
1.069287285208702087e-01,7.810903191566467285e-01,4.387157782912254333e-02
2.304026633501052856e-01,2.932142734527587891e+00,2.954341098666191101e-02
1.148509681224822998e-01,4.192960739135742188e+00,3.492280840873718262e-02
2.347672544419765472e-02,3.884421348571777344e+00,3.572712466120719910e-02
2.565142884850502014e-02,3.267659425735473633e+00,3.858288750052452087e-02
1.448146998882293701e-01,4.665388107299804688e+00,3.284558281302452087e-02
7.408583164215087891e-02,2.282382249832153320e+00,5.325629934668540955e-02
1.336904428899288177e-02,9.319371581077575684e-01,9.849856793880462646e-02
5.846734717488288879e-02,1.438414216041564941e+00,4.384861886501312256e-02
1.020222827792167664e-01,4.397336483001708984e+00,3.177160769701004028e-02
2.496318370103836060e-01,4.188663005828857422e+00,2.447054386138916016e-01
1.048981919884681702e-01,3.736698389053344727e+00,1.656640470027923584e-01
9.828531742095947266e-02,2.994074583053588867e+00,1.923425123095512390e-02
2.439784854650497437e-01,3.399962186813354492e+00,1.773385703563690186e-02
7.884286344051361084e-02,3.357524156570434570e+00,6.413506716489791870e-02
1.264718268066644669e-02,3.801278591156005859e+00,3.491916880011558533e-02
7.690133899450302124e-02,3.186676263809204102e+00,1.071966439485549927e-01
6.171423941850662231e-02,9.050173312425613403e-02,7.512488216161727905e-02
4.213722050189971924e-02,3.051343202590942383e+00,4.109252989292144775e-02
8.950106054544448853e-02,4.601408004760742188e+00,1.344229876995086670e-01
4.163544252514839172e-02,4.522496223449707031e+00,3.332017734646797180e-02
5.352556705474853516e-02,4.455322265625000000e+00,3.703882917761802673e-02
7.050962001085281372e-02,3.169746637344360352e+00,1.972968727350234985e-01
2.531975135207176208e-02,1.108505964279174805e+00,9.232177585363388062e-02
6.114482879638671875e-02,3.406360387802124023e+00,6.296931207180023193e-02
1.943057179450988770e-01,7.750639915466308594e-01,5.658537521958351135e-02
5.940224230289459229e-02,4.120992183685302734e+00,5.707155168056488037e-02
1.335500478744506836e-01,1.548813462257385254e+00,6.255805492401123047e-02
4.551062732934951782e-02,2.100136280059814453e-01,2.923413738608360291e-02
2.566518485546112061e-01,4.315387248992919922e+00,5.263437330722808838e-02
2.672700211405754089e-02,2.904932498931884766e+00,4.064750671386718750e-02
6.924238987267017365e-03,3.051060914993286133e+00,3.424737975001335144e-02
7.113832980394363403e-02,1.811508893966674805e+00,4.087980464100837708e-02
1.375869661569595337e-01,4.353433609008789062e+00,3.554207086563110352e-02
2.197477221488952637e-01,3.654829978942871094e+00,6.576619297266006470e-02
2.072770595550537109e-01,4.400721073150634766e+00,3.104006499052047729e-02
1.842735111713409424e-01,3.078553199768066406e+00,3.494761139154434204e-02
2.159940004348754883e-01,2.866741180419921875e+00,4.220668226480484009e-02
2.461453825235366821e-01,3.164537429809570312e+00,2.216821722686290741e-02
1.068975776433944702e-01,3.306773662567138672e+00,3.613289445638656616e-02
4.210178274661302567e-03,3.099013805389404297e+00,1.066674664616584778e-01
7.308497279882431030e-02,3.798771858215332031e+00,3.775925189256668091e-02
2.817547917366027832e-01,2.923865556716918945e+00,4.611428081989288330e-02
1.863847225904464722e-01,3.358263492584228516e+00,1.028624176979064941e-01
9.745341539382934570e-02,3.127010583877563477e+00,2.571750059723854065e-02
9.912713617086410522e-02,3.065307617187500000e+00,6.239970400929450989e-02
3.484017029404640198e-02,5.221740603446960449e-01,7.623723894357681274e-02
1.535007655620574951e-01,4.059812068939208984e+00,4.421119019389152527e-02
3.026738166809082031e-01,2.271570444107055664e+00,2.941380813717842102e-02
3.009932339191436768e-01,2.100866556167602539e+00,2.380697801709175110e-02
8.902318030595779419e-02,3.605440855026245117e+00,5.667751654982566833e-02
6.362053751945495605e-02,4.741769313812255859e+00,3.361530601978302002e-02
9.148096293210983276e-02,2.998209714889526367e+00,7.484174519777297974e-02
1.074000075459480286e-01,4.430998802185058594e+00,3.883563354611396790e-02
9.510982036590576172e-02,1.522229671478271484e+00,3.835924714803695679e-02
7.302694767713546753e-02,6.981610059738159180e-01,4.619806632399559021e-02
1.179759670048952103e-02,1.046716123819351196e-01,5.908518284559249878e-02
9.227097034454345703e-02,3.687898635864257812e+00,2.866801805794239044e-02
7.715046405792236328e-02,9.240643382072448730e-01,9.130109846591949463e-02
5.821804702281951904e-02,2.801853418350219727e+00,3.202994167804718018e-02
3.874077647924423218e-02,4.420199394226074219e+00,3.366824239492416382e-02
2.979674935340881348e-01,2.859183073043823242e+00,1.768594048917293549e-02
4.865227639675140381e-02,2.964460134506225586e+00,2.607848122715950012e-02
8.630625903606414795e-02,3.089533329010009766e+00,6.586729735136032104e-02
8.049416542053222656e-02,3.451935291290283203e+00,3.310991078615188599e-02
8.680838346481323242e-02,9.309346675872802734e-01,1.079102978110313416e-01
1.919916272163391113e-02,3.963369846343994141e+00,3.668783977627754211e-02
2.040424197912216187e-01,4.171148300170898438e+00,3.709099814295768738e-02
6.484048068523406982e-02,3.159943819046020508e-01,2.525694668292999268e-02
5.599125847220420837e-02,4.247103691101074219e+00,5.053613707423210144e-02
6.675904616713523865e-03,4.071920216083526611e-01,5.168344452977180481e-02
2.769949436187744141e-01,3.130271673202514648e+00,1.586084812879562378e-02
6.457180529832839966e-02,5.843470096588134766e-01,2.361859567463397980e-02
1.624882817268371582e-01,2.363031148910522461e+00,5.741838738322257996e-02
6.452611088752746582e-02,2.147043466567993164e+00,3.643816709518432617e-02
7.375095039606094360e-02,4.280342102050781250e+00,5.316764488816261292e-02
2.865332663059234619e-01,4.419583320617675781e+00,4.198375716805458069e-02
6.911362707614898682e-02,1.136676311492919922e+00,3.297682479023933411e-02
2.415689826011657715e-02,4.581184387207031250e+00,2.000470757484436035e-01
1.465706620365381241e-02,7.298744320869445801e-01,3.800000995397567749e-02
1.464221440255641937e-02,4.388044357299804688e+00,6.730901449918746948e-02
1.652385443449020386e-01,2.701339960098266602e+00,1.170695871114730835e-01
1.066643670201301575e-01,3.517851591110229492e+00,2.615273743867874146e-02
2.449437789618968964e-02,8.491551280021667480e-01,4.229871928691864014e-02
1.531482338905334473e-01,4.245289325714111328e+00,2.092087268829345703e-01
2.374868467450141907e-02,4.686016082763671875e+00,3.805402293801307678e-02
9.916508942842483521e-02,2.790040731430053711e+00,3.055045567452907562e-02
4.514541476964950562e-02,7.291439175605773926e-02,3.721060603857040405e-02
1.091841831803321838e-01,4.166840553283691406e+00,2.691956460475921631e-01
9.618290513753890991e-02,2.953215122222900391e+00,5.840473249554634094e-02
4.759483970701694489e-03,4.040939807891845703e+00,3.052744641900062561e-02
8.482147008180618286e-02,3.839262247085571289e+00,3.456966951489448547e-02
1.257875412702560425e-01,4.447937965393066406e+00,3.366106748580932617e-02
2.181181684136390686e-02,1.311102151870727539e+00,2.050304859876632690e-01
1.156869083642959595e-01,3.990775823593139648e+00,4.454403370618820190e-02
8.805533871054649353e-03,6.160658597946166992e-01,6.022874638438224792e-02
8.129588514566421509e-02,5.347419977188110352e-01,2.494869939982891083e-02
5.888937786221504211e-02,3.417078733444213867e+00,3.726416081190109253e-02
1.680491715669631958e-01,2.323624849319458008e+00,5.203822255134582520e-02
5.689379200339317322e-02,3.072603225708007812e+00,3.485557436943054199e-02
3.703974187374114990e-02,3.341814041137695312e+00,1.525891125202178955e-01
4.421314224600791931e-02,4.279640674591064453e+00,4.618971422314643860e-02
5.338620394468307495e-02,3.001452445983886719e+00,3.028146363794803619e-02
8.726754039525985718e-02,2.417618989944458008e+00,1.244996190071105957e-01
7.222805917263031006e-02,2.378438949584960938e+00,5.176144093275070190e-02
1.093274503946304321e-01,4.021621704101562500e+00,4.982047900557518005e-02
4.380540922284126282e-02,3.101141214370727539e+00,3.483292087912559509e-02
2.962719090282917023e-02,3.734974622726440430e+00,4.361698403954505920e-02
1.041444838047027588e-01,7.666490077972412109e-01,6.373380124568939209e-02
2.510564588010311127e-02,5.317228436470031738e-01,4.859363660216331482e-02
6.838865578174591064e-02,1.175641298294067383e+00,3.072638623416423798e-02
3.997882083058357239e-02,4.459462642669677734e+00,3.913173824548721313e-02
1.012241244316101074e-01,7.356656193733215332e-01,6.687485426664352417e-02
1.075386852025985718e-01,2.800652980804443359e+00,3.362032771110534668e-02
2.817995250225067139e-01,4.233127117156982422e+00,3.842253610491752625e-02
6.355501711368560791e-02,1.934289097785949707e+00,4.731570184230804443e-02
2.220877707004547119e-01,2.525405406951904297e+00,5.670806020498275757e-02
1.018173992633819580e-01,2.766528367996215820e+00,4.415579140186309814e-02
8.618578314781188965e-02,3.205076456069946289e+00,3.788931667804718018e-02
6.864431500434875488e-02,1.634823441505432129e+00,5.107073858380317688e-02
2.309296429157257080e-01,3.261016607284545898e+00,4.591595381498336792e-02
9.725855290889739990e-02,3.456154584884643555e+00,5.522109195590019226e-02
3.352465331554412842e-01,1.508703589439392090e+00,3.919461742043495178e-02
2.030616626143455505e-02,1.993580698966979980e+00,3.124061226844787598e-01
6.752514839172363281e-02,4.718323707580566406e+00,3.648208826780319214e-02
6.523111462593078613e-02,2.039405822753906250e+00,4.191452637314796448e-02
2.266055643558502197e-01,4.299898147583007812e+00,3.384181484580039978e-02
7.573081552982330322e-02,3.477375984191894531e+00,2.756785787642002106e-02
7.715240120887756348e-02,3.282581329345703125e+00,3.983775898814201355e-02
9.924515336751937866e-02,3.103157043457031250e+00,2.105934545397758484e-02
7.097775489091873169e-02,1.577464580535888672e+00,8.718764036893844604e-02
9.803256951272487640e-03,1.275191456079483032e-01,3.556072711944580078e-02
6.148945912718772888e-02,3.225910663604736328e+00,5.783179402351379395e-02
5.774703994393348694e-02,1.375879645347595215e-01,4.206288233399391174e-02
7.837904244661331177e-02,2.950337886810302734e+00,5.483833327889442444e-02
2.248788923025131226e-01,3.042742013931274414e+00,3.727297484874725342e-02
9.289042651653289795e-02,2.772070407867431641e+00,3.032625280320644379e-02
8.365550637245178223e-02,4.440235614776611328e+00,3.230098634958267212e-02
1.352883130311965942e-01,4.036975860595703125e+00,2.718796767294406891e-02
2.773916115984320641e-03,4.613499164581298828e+00,1.249762102961540222e-01
4.948006942868232727e-02,2.141429662704467773e+00,3.166117146611213684e-02
8.509570360183715820e-02,2.024526834487915039e+00,2.455138601362705231e-02
2.370755523443222046e-01,3.992534160614013672e+00,2.944998815655708313e-02
6.370699405670166016e-01,2.570546388626098633e+00,5.225227773189544678e-02
5.540054291486740112e-02,1.088132485747337341e-01,3.284727409482002258e-02
2.050390094518661499e-01,3.475553691387176514e-01,9.585665911436080933e-02
1.590201817452907562e-02,3.344233274459838867e+00,4.201317578554153442e-02
1.118955835700035095e-01,3.306205034255981445e+00,2.881176397204399109e-02
2.458633035421371460e-01,4.273633956909179688e+00,1.730164326727390289e-02
2.321989238262176514e-01,2.058105170726776123e-01,9.170851111412048340e-02
1.540172249078750610e-01,7.515348792076110840e-01,4.277582466602325439e-02
9.852598607540130615e-02,5.396896600723266602e-01,2.530009672045707703e-02
7.722230255603790283e-02,1.353175640106201172e+00,6.622510403394699097e-02
3.191115856170654297e-01,1.674096345901489258e+00,6.275894492864608765e-02
4.106389358639717102e-03,6.316043138504028320e-01,4.519143328070640564e-02
2.916895151138305664e-01,2.765509605407714844e+00,2.394314110279083252e-02
8.255299180746078491e-02,1.178786635398864746e+00,4.391641914844512939e-02
6.267165392637252808e-02,5.909213051199913025e-02,3.760951012372970581e-02
6.691947579383850098e-02,3.030678749084472656e+00,2.336251735687255859e-02
6.312487274408340454e-02,3.000179767608642578e+00,2.555643208324909210e-02
1.636763513088226318e-01,3.352147340774536133e+00,6.863671541213989258e-02
6.172035261988639832e-02,3.989913463592529297e+00,8.032409846782684326e-02
7.149283587932586670e-02,9.050114750862121582e-01,1.140521392226219177e-01
5.019353702664375305e-02,4.372376918792724609e+00,2.879101037979125977e-02
1.463690251111984253e-01,3.935138225555419922e+00,5.569661036133766174e-02
5.544927716255187988e-02,3.751249074935913086e+00,3.799621760845184326e-02
7.152885664254426956e-03,3.222504854202270508e+00,3.947047516703605652e-02
2.745335698127746582e-01,4.679942607879638672e+00,5.043794587254524231e-02
2.167531549930572510e-01,4.818158626556396484e+00,4.796965792775154114e-02
8.800097554922103882e-02,2.053045272827148438e+00,5.237926915287971497e-02
1.266279369592666626e-01,2.597052097320556641e+00,2.258854657411575317e-01
1.437740474939346313e-01,4.764931678771972656e+00,3.358855471014976501e-02
1.545240432024002075e-01,3.528172254562377930e+00,4.914515092968940735e-02
2.179517894983291626e-01,4.122829914093017578e+00,3.138720989227294922e-02
6.873418390750885010e-02,3.091099262237548828e+00,3.367034345865249634e-02
6.393446028232574463e-02,2.879663467407226562e+00,3.006955981254577637e-02
1.152489259839057922e-01,3.320281744003295898e+00,4.783903062343597412e-02
8.947391808032989502e-02,2.873174905776977539e+00,2.723742090165615082e-02
2.548263967037200928e-01,4.263645648956298828e+00,2.791346423327922821e-02
9.981214255094528198e-02,2.732400417327880859e+00,2.839804589748382568e-01
7.048250734806060791e-02,4.562054157257080078e+00,4.095170646905899048e-02
3.232511579990386963e-01,2.234321117401123047e+00,6.456830352544784546e-02
2.622821629047393799e-01,3.449782848358154297e+00,3.793061897158622742e-02
1.009784489870071411e-01,2.361383736133575439e-01,3.536578267812728882e-02
9.350918978452682495e-02,1.259532213211059570e+00,7.185161113739013672e-02
5.383130535483360291e-02,6.943851709365844727e-01,4.009978473186492920e-02
6.686663627624511719e-02,4.088906764984130859e+00,1.190483197569847107e-01
9.280262887477874756e-02,2.787897586822509766e+00,3.505656123161315918e-02
4.810556396842002869e-02,4.272841215133666992e-01,4.373193159699440002e-02
1.666342169046401978e-01,2.769069910049438477e+00,2.600396797060966492e-02
1.023365855216979980e-01,3.089045763015747070e+00,1.187250539660453796e-01
2.907343022525310516e-02,4.703918457031250000e+00,4.924247041344642639e-02
4.544379562139511108e-02,3.542702436447143555e+00,3.393913060426712036e-02
1.254216432571411133e-01,4.309728145599365234e+00,1.775008141994476318e-01
4.154315218329429626e-02,3.317373037338256836e+00,9.235683083534240723e-02
1.834775209426879883e-01,4.980036258697509766e+00,4.360227659344673157e-02
9.535021334886550903e-02,3.356046676635742188e+00,3.023810870945453644e-02
2.170989289879798889e-02,3.288525581359863281e+00,3.276466578245162964e-02
1.375901103019714355e-01,4.130380630493164062e+00,4.171333089470863342e-02
4.407994747161865234e-01,4.078428745269775391e+00,1.170045044273138046e-02
7.540214061737060547e-02,2.399757146835327148e+00,3.378206118941307068e-02
9.142743051052093506e-02,4.415311813354492188e+00,5.779366567730903625e-02
1.043320968747138977e-01,3.215355873107910156e+00,3.709068894386291504e-02
1.453544050455093384e-01,4.601548671722412109e+00,2.706855833530426025e-01
7.445143163204193115e-02,3.302000522613525391e+00,6.178951263427734375e-02
8.663582801818847656e-02,2.804892063140869141e+00,1.274614036083221436e-01
6.978533416986465454e-02,1.653326600790023804e-01,3.139217942953109741e-02
2.609307505190372467e-02,2.199303865432739258e+00,3.370934352278709412e-02
6.226706504821777344e-02,2.533897876739501953e+00,4.741840064525604248e-02
2.239020355045795441e-02,1.733778595924377441e+00,4.924861714243888855e-02
5.808082222938537598e-02,3.232193231582641602e+00,4.037615656852722168e-02
7.831870764493942261e-02,2.607551336288452148e+00,1.121398806571960449e-01
1.661476045846939087e-01,4.107642650604248047e+00,3.490958735346794128e-02
1.142575517296791077e-01,3.315617322921752930e+00,1.868924498558044434e-02
1.759376674890518188e-01,7.601642608642578125e-01,4.780849069356918335e-02
1.812590286135673523e-02,2.756720542907714844e+00,4.068722203373908997e-02
1.189570799469947815e-01,1.164912343025207520e+00,2.782378345727920532e-02
8.375445753335952759e-02,3.273442268371582031e+00,3.677449747920036316e-02
6.744395196437835693e-02,3.306601762771606445e+00,3.309264034032821655e-02
1.005487889051437378e-01,2.711976528167724609e+00,1.017590239644050598e-01
6.043516099452972412e-02,2.336338758468627930e+00,3.765747696161270142e-02
5.646195262670516968e-02,3.070870935916900635e-01,4.803546145558357239e-02
1.522949188947677612e-01,3.487601757049560547e+00,9.297009557485580444e-02
6.260582059621810913e-02,2.772680044174194336e+00,2.097807377576828003e-01
1.168969050049781799e-01,1.839067578315734863e+00,2.144638448953628540e-01
1.034459695219993591e-01,2.598263740539550781e+00,2.312258072197437286e-02
2.146789282560348511e-01,1.780871152877807617e+00,7.924192398786544800e-02
1.463455706834793091e-01,2.614887475967407227e+00,5.159765481948852539e-02
1.015244424343109131e-02,2.184155941009521484e+00,1.020839810371398926e-01
1.752260923385620117e-01,3.295575857162475586e+00,4.828805476427078247e-02
6.739252060651779175e-02,3.453377723693847656e+00,5.316995084285736084e-02
9.029303491115570068e-02,4.507833957672119141e+00,3.141918778419494629e-02
1.747463829815387726e-02,4.446606636047363281e+00,3.311929106712341309e-02
7.144969701766967773e-02,4.536117553710937500e+00,3.611229360103607178e-02
2.166000306606292725e-01,4.001070499420166016e+00,3.453615307807922363e-02
1.949347108602523804e-01,1.944383680820465088e-01,8.074247092008590698e-02
7.778991758823394775e-02,5.103202462196350098e-01,6.667765974998474121e-02
8.784616738557815552e-02,3.325067043304443359e+00,3.614498674869537354e-02
1.328501105308532715e-02,2.465029358863830566e-01,9.758843481540679932e-02
7.096663117408752441e-02,3.197636842727661133e+00,4.315064102411270142e-02
9.368468075990676880e-02,4.471454620361328125e+00,2.326717823743820190e-01
1.019312366843223572e-01,3.134007453918457031e+00,3.432809188961982727e-02
1.831213571131229401e-02,4.208329200744628906e+00,2.737475037574768066e-01
2.811664342880249023e-01,4.403285980224609375e+00,7.049383223056793213e-02
4.911779239773750305e-02,2.449727207422256470e-01,4.966555908322334290e-02
1.352070420980453491e-01,2.549084424972534180e+00,3.490640968084335327e-02
1.911486983299255371e-01,4.421848297119140625e+00,1.201782524585723877e-01
7.160650193691253662e-02,4.257686138153076172e+00,3.587020188570022583e-02
2.937060222029685974e-02,2.437381267547607422e+00,2.809287793934345245e-02
2.929316647350788116e-02,4.312995910644531250e+00,4.441361129283905029e-02
7.020612061023712158e-02,1.182623028755187988e+00,3.334426134824752808e-02
8.400414139032363892e-02,3.362464666366577148e+00,9.449882805347442627e-02
2.776689641177654266e-02,2.084414243698120117e+00,3.887612000107765198e-02
6.231576576828956604e-02,2.367588281631469727e+00,3.763953968882560730e-02
7.140631228685379028e-02,2.735945940017700195e+00,3.331402689218521118e-02
1.551178097724914551e-01,2.433243751525878906e+00,3.953217715024948120e-02
2.347794175148010254e-01,4.519858360290527344e+00,3.550748154520988464e-02
5.908887460827827454e-02,6.049170494079589844e-01,3.125289082527160645e-02
9.170025587081909180e-02,3.070240020751953125e+00,4.917625710368156433e-02
1.321512162685394287e-01,4.702867031097412109e+00,3.532463312149047852e-02
4.407305270433425903e-02,1.464897692203521729e-01,6.794852018356323242e-02
4.868709295988082886e-02,1.708789914846420288e-01,2.898969314992427826e-02
8.109424263238906860e-02,3.337193012237548828e+00,3.640516474843025208e-02
1.378892213106155396e-01,3.016084671020507812e+00,3.971881791949272156e-02
5.821359157562255859e-02,3.347622871398925781e+00,3.267734125256538391e-02
1.669512540102005005e-01,4.196347713470458984e+00,1.267332434654235840e-01
6.941981613636016846e-02,1.740855574607849121e+00,3.138485178351402283e-02
5.029238760471343994e-02,1.065170764923095703e-01,5.314991250634193420e-02
1.348816156387329102e-01,2.084967851638793945e+00,8.188547194004058838e-02
6.355412304401397705e-02,3.032632350921630859e+00,7.557400315999984741e-02
5.469111353158950806e-02,3.156430959701538086e+00,3.865939751267433167e-02
7.710822671651840210e-02,4.625489711761474609e+00,3.146531060338020325e-02
6.562382727861404419e-02,5.267847776412963867e-01,4.604540392756462097e-02
1.529622077941894531e-01,4.221640586853027344e+00,5.640068277716636658e-02
1.973855793476104736e-01,4.074860095977783203e+00,3.076907433569431305e-02
8.070785403251647949e-01,1.022945046424865723e+00,1.022470463067293167e-02
8.814848959445953369e-02,3.082931041717529297e+00,3.074601292610168457e-02
9.360110014677047729e-02,2.887670993804931641e+00,1.948132663965225220e-01
9.648132324218750000e-02,3.936935663223266602e+00,1.110326945781707764e-01
2.247289009392261505e-02,3.904095292091369629e-01,2.837575972080230713e-02
5.637874826788902283e-02,3.098393201828002930e+00,1.267341673374176025e-01
5.070194974541664124e-02,3.123018980026245117e+00,2.271768264472484589e-02
1.309470981359481812e-01,2.602858781814575195e+00,2.460975572466850281e-02
5.641750246286392212e-02,3.547552585601806641e+00,6.064553558826446533e-02
7.400079816579818726e-02,3.158827543258666992e+00,6.437730789184570312e-02
9.074297547340393066e-02,3.321307897567749023e+00,7.493547350168228149e-02
1.143251135945320129e-01,4.896160125732421875e+00,3.154284507036209106e-02
6.383789330720901489e-02,3.400900840759277344e+00,4.353545233607292175e-02
3.001879341900348663e-02,2.896758079528808594e+00,4.199590533971786499e-02
1.267819851636886597e-01,3.024996995925903320e+00,2.489560842514038086e-02
3.048627637326717377e-02,5.265215635299682617e-01,3.602250665426254272e-02
4.585041850805282593e-02,3.549498558044433594e+00,2.614458836615085602e-02
1.106495633721351624e-01,2.589070558547973633e+00,2.842403389513492584e-02
1.507379710674285889e-01,4.605078220367431641e+00,4.622333124279975891e-02
1.551588773727416992e-01,4.305880069732666016e+00,3.844626247882843018e-02
6.683955341577529907e-02,2.149826288223266602e+00,3.795752674341201782e-02
8.970680832862854004e-02,4.518554210662841797e+00,7.182296365499496460e-02
1.636586338281631470e-01,2.809821367263793945e+00,1.213468313217163086e-01
1.073831245303153992e-01,4.278360366821289062e+00,2.908101305365562439e-02
6.797232478857040405e-02,4.616595745086669922e+00,7.253503799438476562e-02
8.031940460205078125e-02,8.171604275703430176e-01,5.247002467513084412e-02
7.514645159244537354e-02,3.355668544769287109e+00,4.624664783477783203e-02
6.535780429840087891e-02,3.437309980392456055e+00,4.042027890682220459e-02
4.553021118044853210e-02,9.292801618576049805e-01,8.595664799213409424e-02
1.171262785792350769e-01,4.373096466064453125e+00,9.440294653177261353e-02
1.162036806344985962e-01,4.601720333099365234e+00,1.710262298583984375e-01
4.547487944364547729e-02,6.945839524269104004e-01,3.082247264683246613e-02
2.295619063079357147e-02,4.427166461944580078e+00,4.436728358268737793e-02
6.067009270191192627e-02,2.343881607055664062e+00,8.655003458261489868e-02
8.140011876821517944e-02,2.758484125137329102e+00,2.301588654518127441e-02
2.558350861072540283e-01,4.636966228485107422e+00,3.556292876601219177e-02
2.482115179300308228e-01,3.236559867858886719e+00,2.157237380743026733e-02
1.301002651453018188e-01,3.399213075637817383e+00,5.241826549172401428e-02
1.281483471393585205e-02,3.069095134735107422e+00,3.666980192065238953e-02
1.348522901535034180e-01,2.671094894409179688e+00,5.403570830821990967e-02
4.122577607631683350e-02,3.087305307388305664e+00,4.494708776473999023e-02
3.511568531394004822e-02,3.305927038192749023e+00,5.688609182834625244e-02
3.100991845130920410e-01,1.022580623626708984e+00,6.665311008691787720e-02
7.056404650211334229e-02,1.968192219734191895e+00,7.516193389892578125e-02
5.201067924499511719e-01,1.909335374832153320e+00,1.537246815860271454e-02
1.100547015666961670e-01,3.431921958923339844e+00,3.202512487769126892e-02
2.321604341268539429e-01,4.431699752807617188e+00,2.414213120937347412e-02
2.964567542076110840e-01,4.476392745971679688e+00,2.114164642989635468e-02
3.612449625506997108e-03,1.333870649337768555e+00,5.525973066687583923e-02
5.999876186251640320e-02,4.404857158660888672e+00,3.231164440512657166e-02
4.166182875633239746e-02,2.497768998146057129e-01,3.172748535871505737e-02
3.897840529680252075e-02,1.929191589355468750e+00,3.052437119185924530e-02
2.785792648792266846e-01,1.920047640800476074e+00,2.596742846071720123e-02
1.585636436939239502e-01,4.934567928314208984e+00,9.238096326589584351e-02
9.548117965459823608e-02,4.295898914337158203e+00,3.113902173936367035e-02
1.159655377268791199e-01,2.942897081375122070e+00,4.040869697928428650e-02
4.115283116698265076e-02,3.370294809341430664e+00,1.818358600139617920e-01
1.154494588263332844e-03,3.734911918640136719e+00,3.349282592535018921e-02
6.515948474407196045e-02,3.370106220245361328e+00,3.575300425291061401e-02
5.459861829876899719e-02,4.327961921691894531e+00,2.928241156041622162e-02
8.204817026853561401e-02,4.231102466583251953e+00,5.738748610019683838e-02
8.382216095924377441e-01,3.432700634002685547e+00,1.495409198105335236e-02
1.180081963539123535e-01,4.323069095611572266e+00,3.147376328706741333e-02
1.509312242269515991e-01,4.998718261718750000e+00,9.315042942762374878e-02
1.441813260316848755e-01,2.180518627166748047e+00,3.202573955059051514e-02
3.450041264295578003e-02,3.821712493896484375e+00,4.110267758369445801e-02
5.950299277901649475e-02,3.528898954391479492e+00,3.720722347497940063e-02
1.082945317029953003e-01,3.182120561599731445e+00,2.466877549886703491e-01
1.350595615804195404e-02,4.483541488647460938e+00,7.457736134529113770e-02
5.477003380656242371e-02,3.306859254837036133e+00,5.715457350015640259e-02
1.184037327766418457e-01,6.464040279388427734e-01,2.693101763725280762e-02
7.695687562227249146e-02,3.062671184539794922e+00,4.919496178627014160e-02
2.455210685729980469e-01,2.702098608016967773e+00,4.490906372666358948e-02
9.741956740617752075e-02,4.625740051269531250e+00,2.738687694072723389e-01
3.051950223743915558e-02,1.654104828834533691e+00,3.501254320144653320e-02
9.538771957159042358e-02,2.950823068618774414e+00,3.718129545450210571e-02
1.067462936043739319e-01,2.834767103195190430e+00,3.329035267233848572e-02
8.230213820934295654e-02,2.530904054641723633e+00,2.731864526867866516e-02
1.994830928742885590e-02,3.250817537307739258e+00,7.832624763250350952e-02
6.759805977344512939e-02,3.103071451187133789e+00,4.662812873721122742e-02
2.619521021842956543e-01,4.535717010498046875e+00,2.774580717086791992e-01
1.021242439746856689e-01,4.384847640991210938e+00,4.133128747344017029e-02
1.244051977992057800e-01,3.503010034561157227e+00,1.005466878414154053e-01
1.051153689622879028e-01,1.466660141944885254e+00,4.543659463524818420e-02
6.224679201841354370e-02,2.815630435943603516e-01,9.705531597137451172e-02
7.955554127693176270e-02,4.671880245208740234e+00,4.675921797752380371e-02
1.101674363017082214e-01,3.166417837142944336e+00,4.261977970600128174e-02
6.379889696836471558e-02,3.510089874267578125e+00,3.721322119235992432e-02
1.360481679439544678e-01,2.784944534301757812e+00,4.909621179103851318e-02
3.850304707884788513e-02,4.565043449401855469e+00,3.883583843708038330e-02
5.991352349519729614e-02,2.777534246444702148e+00,2.945357561111450195e-02
1.539654191583395004e-02,4.589406549930572510e-01,4.714940860867500305e-02
7.173291593790054321e-02,2.767200946807861328e+00,1.275311559438705444e-01
1.017533615231513977e-01,4.516619205474853516e+00,2.571647427976131439e-02
7.394961267709732056e-02,2.993861198425292969e+00,3.323018923401832581e-02
5.245030298829078674e-02,1.496818423271179199e+00,5.564361810684204102e-02
4.505409300327301025e-02,7.621592283248901367e-01,8.650370687246322632e-02
2.780820429325103760e-02,2.835355043411254883e+00,3.361058980226516724e-02
2.467540949583053589e-01,1.462623238563537598e+00,3.415815904736518860e-02
5.455216392874717712e-02,1.104189276695251465e+00,7.028362154960632324e-02
7.270760089159011841e-02,1.790424227714538574e+00,2.827475219964981079e-02
6.089787930250167847e-02,4.814792573451995850e-01,7.667498290538787842e-02
2.764801979064941406e-01,4.642210483551025391e+00,2.177239023149013519e-02
8.742710947990417480e-02,7.506374120712280273e-01,2.389717288315296173e-02
5.577722191810607910e-02,2.625581502914428711e+00,3.101797774434089661e-02
8.344122767448425293e-02,2.428031921386718750e+00,2.204276621341705322e-02
4.770681262016296387e-02,2.858108758926391602e+00,4.868341982364654541e-02
7.647695392370223999e-02,4.015864372253417969e+00,4.223517328500747681e-02
8.151447772979736328e-02,3.929247856140136719e+00,4.804483801126480103e-02
3.548487275838851929e-02,6.592894345521926880e-02,7.660288363695144653e-02
7.634823024272918701e-02,4.147726058959960938e+00,5.516226217150688171e-02
8.243079483509063721e-02,2.135390281677246094e+00,1.206715553998947144e-01
3.498122468590736389e-02,4.388747692108154297e+00,4.687211290001869202e-02
6.814208626747131348e-02,3.350136280059814453e+00,2.850961498916149139e-02
3.592109084129333496e-01,2.195459604263305664e+00,5.355645343661308289e-02
5.699509382247924805e-02,2.838731050491333008e+00,3.749845921993255615e-02
2.844893336296081543e-01,2.555516481399536133e+00,1.118223592638969421e-01
2.222711890935897827e-01,4.657719135284423828e+00,3.830984607338905334e-02
3.032625019550323486e-01,2.391623735427856445e+00,2.148120664060115814e-02
6.294637173414230347e-02,4.147773265838623047e+00,2.728558182716369629e-01
1.035668551921844482e-01,4.618320465087890625e+00,5.944534391164779663e-02
1.896871981443837285e-04,4.473700523376464844e+00,2.844359278678894043e-01
5.837409198284149170e-02,9.497722387313842773e-01,6.631463021039962769e-02
1.983707398176193237e-01,3.802804946899414062e+00,8.445891737937927246e-02
5.224853008985519409e-02,7.528786063194274902e-01,2.493686228990554810e-02
1.525579988956451416e-01,4.638593196868896484e+00,3.911190479993820190e-02
2.576582133769989014e-02,3.623771190643310547e+00,9.526342898607254028e-02
1.040012910962104797e-01,2.650541782379150391e+00,4.303077608346939087e-02
1.951406002044677734e-01,4.155627727508544922e+00,3.529619053006172180e-02
8.179030567407608032e-02,2.485890865325927734e+00,2.838359959423542023e-02
4.397344309836626053e-03,3.167157888412475586e+00,3.015903569757938385e-02
2.783376350998878479e-02,3.571373462677001953e+00,5.357889831066131592e-02
4.156522452831268311e-02,1.491895437240600586e+00,1.884653568267822266e-01
8.401405066251754761e-02,3.524278879165649414e+00,2.694106101989746094e-02
7.599586993455886841e-02,4.710397720336914062e+00,3.887986019253730774e-02
4.535603150725364685e-02,3.251780271530151367e+00,6.358380615711212158e-02
1.395900174975395203e-02,5.750381946563720703e-01,4.636948555707931519e-02
8.511573821306228638e-02,3.669807910919189453e-01,3.631420433521270752e-02
1.627890467643737793e-01,3.122406005859375000e+00,3.433670103549957275e-02
7.605548202991485596e-02,4.438162744045257568e-01,3.171385452151298523e-02
3.035606443881988525e-02,4.283595561981201172e+00,4.171932488679885864e-02
8.658494800329208374e-02,9.586073160171508789e-01,2.842367440462112427e-02
7.021724432706832886e-02,9.314038604497909546e-02,6.198501586914062500e-02
9.791389107704162598e-02,2.556250810623168945e+00,4.498219117522239685e-02
2.351249456405639648e-01,2.933379173278808594e+00,2.566087245941162109e-02
7.160967588424682617e-02,4.243682384490966797e+00,5.878436565399169922e-02
1.788290143013000488e-01,7.155135869979858398e-01,3.803788125514984131e-02
1.894012093544006348e-02,1.629022210836410522e-01,4.843687266111373901e-02
2.799063920974731445e-02,4.213239669799804688e+00,2.455440908670425415e-01
3.266052901744842529e-02,4.599274635314941406e+00,5.541982501745223999e-02
1.186535879969596863e-01,3.287476062774658203e+00,4.397207126021385193e-02
3.836937993764877319e-02,2.934419631958007812e+00,1.651134043931961060e-01
1.684185303747653961e-02,3.120891809463500977e+00,4.830501601099967957e-02
5.278243124485015869e-02,3.606314182281494141e+00,3.824066370725631714e-02
8.306305855512619019e-02,3.039348721504211426e-01,7.361377775669097900e-02
3.444414734840393066e-01,8.231428861618041992e-01,2.676979638636112213e-02
1.154640316963195801e-01,4.085907459259033203e+00,2.969755977392196655e-02
1.813976615667343140e-01,3.977288246154785156e+00,3.452406078577041626e-02
3.784615173935890198e-02,4.476448059082031250e+00,1.038435325026512146e-01
1.080680936574935913e-01,1.657977104187011719e+00,2.641885913908481598e-02
1.106393709778785706e-01,8.143980801105499268e-02,3.620412573218345642e-02
6.709704548120498657e-02,2.957941770553588867e+00,7.780487090349197388e-02
1.662402004003524780e-01,4.465172767639160156e+00,3.111550025641918182e-02
9.662614762783050537e-02,4.144771099090576172e+00,5.243148654699325562e-02
1.367433965206146240e-01,4.250027179718017578e+00,1.642942726612091064e-01
6.222807243466377258e-02,9.816704392433166504e-01,3.665120154619216919e-02
3.077875077724456787e-02,6.508210301399230957e-01,4.243969917297363281e-02
2.849191725254058838e-01,4.115923881530761719e+00,3.697815164923667908e-02
4.887332767248153687e-02,1.251167178153991699e+00,3.844529017806053162e-02
8.713833056390285492e-03,3.818887710571289062e+00,1.684824973344802856e-01
1.175438538193702698e-01,1.923403739929199219e+00,2.078886702656745911e-02
9.260682761669158936e-02,3.518719673156738281e+00,3.064941242337226868e-02
4.463721066713333130e-02,2.211685657501220703e+00,4.180547222495079041e-02
1.416264218278229237e-03,3.082596063613891602e+00,3.134185448288917542e-02
8.955528587102890015e-02,3.409507751464843750e+00,3.617117553949356079e-02
1.114884018898010254e-01,2.276167154312133789e+00,3.572384268045425415e-02
6.666523963212966919e-02,1.246016740798950195e+00,3.517478704452514648e-02
2.705716192722320557e-01,1.729776024818420410e+00,4.580669850111007690e-02
1.631776839494705200e-01,3.461128234863281250e+00,6.981866061687469482e-02
9.635114669799804688e-02,3.924933910369873047e+00,4.258380457758903503e-02
7.175681181252002716e-03,3.064298868179321289e+00,3.111831843852996826e-02
1.007186174392700195e-01,3.414135694503784180e+00,1.293606609106063843e-01
2.027130275964736938e-01,3.179489374160766602e+00,2.693655155599117279e-02
2.577020525932312012e-01,8.807476162910461426e-01,2.301875501871109009e-02
7.824620604515075684e-02,9.274872541427612305e-01,9.469510614871978760e-02
6.752964109182357788e-02,6.695656180381774902e-01,4.620647057890892029e-02
3.187069669365882874e-02,6.840574145317077637e-01,6.126346811652183533e-02
2.047013193368911743e-01,4.777868270874023438e+00,4.250073432922363281e-02
5.349327251315116882e-02,3.263424873352050781e+00,2.467786148190498352e-02
5.258807912468910217e-02,2.431108236312866211e+00,5.592547729611396790e-02
5.557337403297424316e-02,5.590214729309082031e-01,2.589179016649723053e-02
4.056266322731971741e-02,1.587521553039550781e+00,2.685076557099819183e-02
6.118489429354667664e-02,1.567800283432006836e+00,3.634023666381835938e-02
8.682306110858917236e-02,1.689700126647949219e+00,4.862172156572341919e-02
2.432925403118133545e-01,3.316993713378906250e+00,2.057434804737567902e-02
1.256722584366798401e-02,3.617810964584350586e+00,2.609744109213352203e-02
3.427977859973907471e-02,4.206025123596191406e+00,3.412121161818504333e-02
5.141279473900794983e-02,5.643900632858276367e-01,2.755330316722393036e-02
1.072146072983741760e-01,4.514317035675048828e+00,1.319312900304794312e-01
6.930279731750488281e-02,1.221972227096557617e+00,3.406811878085136414e-02
4.197930917143821716e-02,4.572354793548583984e+00,8.495975285768508911e-02
3.326281532645225525e-02,3.274956941604614258e+00,2.581415139138698578e-02
5.808123573660850525e-02,2.104277610778808594e+00,1.089461967349052429e-01
1.388222165405750275e-02,1.196353912353515625e+00,1.198643147945404053e-01
1.447318047285079956e-01,3.352317333221435547e+00,8.931913971900939941e-02
7.203789055347442627e-02,1.335508584976196289e+00,1.766666173934936523e-01
5.678064376115798950e-02,4.745918273925781250e+00,2.879054844379425049e-02
8.782690018415451050e-02,3.252031564712524414e+00,4.588064551353454590e-02
2.914009056985378265e-02,6.317517757415771484e-01,4.058923944830894470e-02
9.228661656379699707e-02,3.909949302673339844e+00,8.519307523965835571e-02
5.011482536792755127e-02,2.687310457229614258e+00,4.245743155479431152e-02
5.835782364010810852e-02,7.774618864059448242e-01,2.060059159994125366e-01
2.120707556605339050e-02,2.693698108196258545e-01,5.093729496002197266e-02
8.985950797796249390e-02,2.807904005050659180e+00,5.830264836549758911e-02
5.495885759592056274e-02,6.149879097938537598e-01,3.155888617038726807e-02
6.872630864381790161e-02,3.024001121520996094e+00,4.309995844960212708e-02
2.687738277018070221e-02,4.643582344055175781e+00,3.559957072138786316e-02
9.895972162485122681e-02,3.435021638870239258e+00,4.839162155985832214e-02
9.158496558666229248e-02,6.875897645950317383e-01,3.632937371730804443e-02
1.564199477434158325e-01,4.857427120208740234e+00,2.680536173284053802e-02
6.205707043409347534e-02,3.805630445480346680e+00,5.686262249946594238e-02
8.002523332834243774e-02,3.561800956726074219e+00,8.840008825063705444e-02
7.633900642395019531e-02,3.030062437057495117e+00,3.574229031801223755e-02
2.446242980659008026e-02,3.088609695434570312e+00,2.801457419991493225e-02
2.161542885005474091e-02,2.476830482482910156e+00,2.688791975378990173e-02
1.677682995796203613e-01,4.114914417266845703e+00,4.234448447823524475e-02
5.754270590841770172e-03,4.617604732513427734e+00,5.710230022668838501e-02
9.764496982097625732e-02,2.659375190734863281e+00,4.218484833836555481e-02
2.502199262380599976e-03,5.820119976997375488e-01,7.219306379556655884e-02
2.421623170375823975e-01,4.504725456237792969e+00,2.488961257040500641e-02
2.109497338533401489e-01,3.192311048507690430e+00,3.670880198478698730e-02
8.696639537811279297e-02,4.632221221923828125e+00,3.457197546958923340e-02
8.518308401107788086e-03,3.990560173988342285e-01,2.099334076046943665e-02
1.550839245319366455e-01,4.315936565399169922e+00,3.201754018664360046e-02
5.498089641332626343e-02,6.552125215530395508e-01,9.978137165307998657e-02
3.263417631387710571e-02,2.804445981979370117e+00,3.708228468894958496e-02
1.638217642903327942e-02,1.128672838211059570e+00,4.138068854808807373e-02
1.264249235391616821e-01,4.929291248321533203e+00,4.676849395036697388e-02
6.028515845537185669e-02,1.505224585533142090e+00,4.344064742326736450e-02
6.728113442659378052e-02,1.030558943748474121e+00,2.487920969724655151e-02
5.235256161540746689e-03,1.144864782691001892e-01,4.834509268403053284e-02
9.533774107694625854e-02,2.943259000778198242e+00,2.341822162270545959e-02
2.929293513298034668e-01,2.937465429306030273e+00,1.436634548008441925e-02
6.189611926674842834e-02,3.201983213424682617e+00,4.278120398521423340e-02
1.315293461084365845e-02,2.456542253494262695e+00,3.347560763359069824e-02
2.844134271144866943e-01,1.623397350311279297e+00,2.084457129240036011e-02
1.359543204307556152e-01,1.274529457092285156e+00,4.138381406664848328e-02
6.024651229381561279e-02,1.087065458297729492e+00,3.034418821334838867e-02
9.167027473449707031e-02,1.305317878723144531e+00,1.921229809522628784e-01
2.952182292938232422e-01,3.204548120498657227e+00,1.171490177512168884e-01
3.570996224880218506e-02,3.712613582611083984e+00,2.609680593013763428e-01
1.822720468044281006e-02,4.808689594268798828e+00,3.498881310224533081e-02
5.195871368050575256e-02,6.838851571083068848e-01,6.769813597202301025e-02
4.573402553796768188e-02,3.237705230712890625e+00,5.856764316558837891e-02
1.224329993128776550e-01,7.744944095611572266e-01,3.947339579463005066e-02
6.455063074827194214e-02,3.413201808929443359e+00,2.896914258599281311e-02
9.118787199258804321e-02,7.105296254158020020e-01,3.448803350329399109e-02
8.389589935541152954e-02,3.130211591720581055e+00,4.070889949798583984e-02
5.661592632532119751e-02,7.333434224128723145e-01,5.621629953384399414e-02
9.802341461181640625e-02,2.890974044799804688e+00,3.774116188287734985e-02
3.412518277764320374e-02,2.796567678451538086e+00,2.666885554790496826e-01
6.867125630378723145e-02,1.179542064666748047e+00,9.530698508024215698e-02
5.672406777739524841e-02,3.713988304138183594e+00,6.186679005622863770e-02
5.854422971606254578e-02,6.086035370826721191e-01,4.322423040866851807e-02
9.258848428726196289e-02,4.251779556274414062e+00,3.248075768351554871e-02
4.371550679206848145e-02,8.915691971778869629e-01,2.953854203224182129e-02
2.318656891584396362e-01,4.185689449310302734e+00,5.836183577775955200e-02
9.809280186891555786e-02,4.564006805419921875e+00,6.034804880619049072e-02
6.568685919046401978e-02,2.907836914062500000e+00,2.941631898283958435e-02
2.491793930530548096e-01,3.439630270004272461e+00,3.027459606528282166e-02
3.604391589760780334e-02,7.123154997825622559e-01,3.762518987059593201e-02
3.925716504454612732e-03,3.286968469619750977e+00,6.840584427118301392e-02
1.754444278776645660e-02,4.202934265136718750e+00,3.556052222847938538e-02
8.529944717884063721e-02,2.187127590179443359e+00,8.569078147411346436e-02
4.765186086297035217e-02,4.906903505325317383e-01,2.705831453204154968e-02
4.778088331222534180e-01,2.021984100341796875e+00,9.354703128337860107e-02
1.518984138965606689e-01,3.388634443283081055e+00,1.248378455638885498e-01
1.275309622287750244e-01,2.957641363143920898e+00,4.310426488518714905e-02
2.377928607165813446e-02,2.896719455718994141e+00,4.715268686413764954e-02
4.586820676922798157e-02,2.031047344207763672e+00,2.993293665349483490e-02
5.756678059697151184e-02,4.367256164550781250e+00,3.025947883725166321e-02
2.278090864419937134e-01,4.519504070281982422e+00,3.238851577043533325e-02
1.068373396992683411e-01,3.024736166000366211e+00,7.766389101743698120e-02
2.153957188129425049e-01,3.274458408355712891e+00,3.711088001728057861e-02
7.556744664907455444e-02,8.190205693244934082e-01,3.634997457265853882e-02
2.704016491770744324e-02,3.067204236984252930e+00,3.022657893598079681e-02
5.515918601304292679e-03,2.775897979736328125e+00,3.662844747304916382e-02
1.100312098860740662e-01,3.802376985549926758e+00,3.169899433851242065e-02
7.848835736513137817e-02,2.914400100708007812e+00,9.203879535198211670e-02
1.088073626160621643e-01,2.662142753601074219e+00,2.301071025431156158e-02
1.305874716490507126e-02,1.118539869785308838e-01,4.311210289597511292e-02
1.715378314256668091e-01,4.571290493011474609e+00,7.957395166158676147e-02
7.650752365589141846e-02,2.847816228866577148e+00,6.441354006528854370e-02
2.317772358655929565e-01,3.403721570968627930e+00,1.160771995782852173e-01
6.711997836828231812e-02,3.626158535480499268e-01,4.183211922645568848e-02
5.751963704824447632e-02,7.211568355560302734e-01,2.927713468670845032e-02
4.888141062110662460e-03,2.981970548629760742e+00,3.960561379790306091e-02
2.806817740201950073e-02,5.266801118850708008e-01,3.667841106653213501e-02
7.199105620384216309e-02,3.581705331802368164e+00,4.573628306388854980e-02
8.801823854446411133e-02,4.512402057647705078e+00,4.480616003274917603e-02
3.009586632251739502e-01,3.987089157104492188e+00,4.590016975998878479e-02
2.331121116876602173e-01,4.488522529602050781e+00,4.043298959732055664e-02
8.808179199695587158e-02,4.351746559143066406e+00,3.966444358229637146e-02
7.502957433462142944e-02,1.785452246665954590e+00,3.175685182213783264e-02
4.440165311098098755e-02,4.357542395591735840e-01,3.903359919786453247e-02
5.444796010851860046e-02,7.053512930870056152e-01,4.577789828181266785e-02
8.347603082656860352e-01,4.058195590972900391e+00,1.583850383758544922e-02
1.880098879337310791e-01,4.245590686798095703e+00,3.170330822467803955e-01
7.338352501392364502e-02,2.671646118164062500e+00,1.631512194871902466e-01
1.925970800220966339e-02,5.128376483917236328e-01,4.302887991070747375e-02
7.170438021421432495e-02,1.106800436973571777e+00,6.479886174201965332e-02
1.492370963096618652e-01,2.508155584335327148e+00,3.752690181136131287e-02
8.172330260276794434e-02,3.051167964935302734e+00,1.184425875544548035e-01
1.016627997159957886e-01,3.973881959915161133e+00,7.906132936477661133e-02
1.237140744924545288e-01,3.589299917221069336e+00,1.311347074806690216e-02
7.038713991641998291e-02,4.139372348785400391e+00,5.503583699464797974e-02
4.898181259632110596e-01,9.752857089042663574e-01,9.585732221603393555e-02
1.411033719778060913e-01,3.146031856536865234e+00,2.551820129156112671e-02
1.008170843124389648e-01,2.863584995269775391e+00,4.144592583179473877e-02
9.742482006549835205e-02,2.638385772705078125e+00,3.478823602199554443e-02
5.221001803874969482e-02,1.185249090194702148e+00,4.020125046372413635e-02
2.115452289581298828e-01,3.208328008651733398e+00,2.152205072343349457e-02
5.903989821672439575e-02,5.905581116676330566e-01,3.676404431462287903e-02
9.276156127452850342e-02,1.077670335769653320e+00,8.841402083635330200e-02
9.286352246999740601e-02,3.198024034500122070e+00,4.827016964554786682e-02
2.652912773191928864e-02,2.315362453460693359e+00,4.009583592414855957e-02
6.197990849614143372e-02,3.348295450210571289e+00,5.786515772342681885e-02
6.511174887418746948e-02,1.391013026237487793e+00,5.665522441267967224e-02
1.290854811668395996e-01,4.184033870697021484e+00,4.633956030011177063e-02
3.120020329952239990e-01,3.242969512939453125e+00,3.120466880500316620e-02
5.861883237957954407e-02,3.703145980834960938e+00,4.132324084639549255e-02
4.208558425307273865e-02,4.118258476257324219e+00,4.689332842826843262e-02
1.349600870162248611e-02,2.260288000106811523e-01,6.977633386850357056e-02
5.173359066247940063e-02,3.188880920410156250e+00,8.704548329114913940e-02
5.828567221760749817e-02,3.411093950271606445e+00,8.370748907327651978e-02
3.990010544657707214e-02,2.932764053344726562e+00,4.786650091409683228e-02
1.018141135573387146e-01,2.949340820312500000e+00,1.253429353237152100e-01
7.228522002696990967e-02,3.492605447769165039e+00,4.872446879744529724e-02
1.558379083871841431e-01,3.690325498580932617e+00,4.154898226261138916e-02
5.374554544687271118e-02,1.233781874179840088e-01,7.642136514186859131e-02
7.256457209587097168e-02,7.304345369338989258e-01,3.407473117113113403e-02
7.322102040052413940e-02,3.221450150012969971e-01,4.423855245113372803e-02
5.182405114173889160e-01,1.880584359169006348e+00,6.001653522253036499e-02
9.447634220123291016e-02,4.013772964477539062e+00,4.026786983013153076e-02
7.530979067087173462e-02,5.013761520385742188e-01,3.010030649602413177e-02
4.251946136355400085e-02,7.865400314331054688e-01,3.449213504791259766e-02
5.972449108958244324e-02,4.342033863067626953e+00,1.821134090423583984e-01
1.755166053771972656e-02,2.235637903213500977e+00,6.242911890149116516e-02
1.233752518892288208e-01,3.691205263137817383e+00,7.151851058006286621e-02
1.952520161867141724e-01,4.252323627471923828e+00,3.958808630704879761e-02
7.068821787834167480e-02,1.011388540267944336e+00,2.696202136576175690e-02
