omega,lambda_p,pi_bar
1.242561787366867065e-01,2.931341171264648438e+00,6.654351353645324707e-01
4.938653409481048584e-01,2.513406515121459961e+00,7.482592463493347168e-01
7.829011976718902588e-02,2.944643020629882812e+00,6.637520790100097656e-01
8.700601458549499512e-01,2.737988531589508057e-01,6.191054359078407288e-02
9.541806578636169434e-01,4.192427635192871094e+00,2.465868592262268066e-01
3.417007625102996826e-01,7.760607600212097168e-01,5.698486566543579102e-01
3.252000510692596436e-01,3.320701360702514648e+00,6.937927603721618652e-01
5.804105103015899658e-02,3.865970969200134277e-01,4.565596282482147217e-01
3.859478235244750977e-01,4.608893394470214844e+00,5.127226710319519043e-01
4.542728066444396973e-01,1.586752533912658691e+00,5.896087363362312317e-02
8.238459229469299316e-01,2.347737312316894531e+00,5.830431580543518066e-01
3.705750405788421631e-01,7.711268663406372070e-01,6.024140715599060059e-01
9.573390483856201172e-01,2.681719303131103516e+00,5.469255447387695312e-01
1.822020560503005981e-01,6.827001571655273438e-01,2.064639776945114136e-01
4.127486646175384521e-01,2.007442712783813477e+00,5.076050758361816406e-01
2.118360102176666260e-01,1.661819696426391602e+00,5.237672924995422363e-01
9.187178611755371094e-01,2.375816822052001953e+00,8.213405013084411621e-01
4.516541957855224609e-01,1.793586254119873047e+00,9.608336687088012695e-01
6.686469316482543945e-01,4.953247070312500000e+00,6.915605664253234863e-01
2.832417935132980347e-02,8.085506558418273926e-01,1.268980354070663452e-01
7.587900757789611816e-01,1.081837058067321777e+00,3.526512682437896729e-01
7.490496039390563965e-01,2.358116865158081055e+00,2.752284705638885498e-01
7.924901843070983887e-01,3.339401245117187500e+00,9.597310423851013184e-02
8.289945721626281738e-01,3.589387178421020508e+00,7.455766797065734863e-01
1.707855612039566040e-02,2.398749351501464844e+00,4.928668141365051270e-01
9.559873342514038086e-01,4.181929111480712891e+00,8.473497629165649414e-01
2.538517117500305176e-01,2.512958526611328125e+00,1.065272539854049683e-01
4.113396704196929932e-01,4.491867542266845703e+00,8.476244658231735229e-02
5.151615142822265625e-01,1.854346156120300293e+00,6.471295952796936035e-01
6.747290492057800293e-01,1.999028205871582031e+00,8.062787652015686035e-01
5.266633629798889160e-01,1.228082299232482910e+00,3.198645412921905518e-01
6.834405660629272461e-01,3.009407520294189453e+00,6.126232743263244629e-01
5.838403701782226562e-01,1.957131266593933105e+00,2.415179312229156494e-01
4.249483942985534668e-01,3.063382148742675781e+00,1.070889830589294434e-01
7.064691931009292603e-02,2.668465614318847656e+00,5.330014824867248535e-01
7.572831511497497559e-01,3.547862291336059570e+00,5.268207192420959473e-01
4.398047327995300293e-01,2.532642781734466553e-01,3.433618247509002686e-01
8.426187038421630859e-01,3.393783867359161377e-01,8.749644160270690918e-01
7.740377634763717651e-02,4.946207046508789062e+00,2.602047920227050781e-01
4.037788212299346924e-01,2.496833562850952148e+00,7.820358872413635254e-01
5.526999831199645996e-01,1.136510014533996582e+00,6.621293425559997559e-01
3.530908748507499695e-02,1.270818591117858887e+00,2.721349000930786133e-01
3.233303427696228027e-01,2.143679141998291016e+00,1.514180153608322144e-01
3.357133269309997559e-01,1.984937310218811035e+00,9.474310278892517090e-01
5.276745557785034180e-01,2.757842779159545898e+00,7.966042160987854004e-01
6.533830165863037109e-01,1.053483605384826660e+00,5.068405270576477051e-01
6.528681516647338867e-01,1.251888751983642578e+00,8.744523674249649048e-02
3.117064572870731354e-02,3.387996852397918701e-01,8.826763629913330078e-01
4.956178367137908936e-01,9.436414837837219238e-01,8.416472077369689941e-01
1.378452479839324951e-01,4.537814140319824219e+00,4.133547842502593994e-01
2.622019648551940918e-01,4.499338150024414062e+00,2.101639062166213989e-01
4.600042700767517090e-01,3.698717117309570312e+00,6.320209503173828125e-01
7.021409869194030762e-01,3.115852832794189453e+00,8.603740334510803223e-01
1.325947642326354980e-01,1.559110522270202637e+00,1.212132629007101059e-02
9.448479413986206055e-01,4.404913902282714844e+00,2.630836367607116699e-01
3.868661820888519287e-01,1.284508585929870605e+00,1.081273108720779419e-01
6.569116711616516113e-01,5.092900991439819336e-01,6.888018250465393066e-01
6.926085352897644043e-01,2.312934398651123047e+00,2.676289975643157959e-01
9.195375442504882812e-02,3.406798124313354492e+00,8.732537627220153809e-01
1.842950582504272461e-01,1.812365293502807617e+00,1.402789801359176636e-01
1.869547814130783081e-01,2.177019119262695312e+00,8.803558945655822754e-01
3.005367517471313477e-01,1.771740078926086426e+00,1.095782592892646790e-01
1.708642393350601196e-01,3.327954530715942383e+00,2.824752926826477051e-01
9.797828197479248047e-01,4.107557296752929688e+00,8.470692634582519531e-01
1.245856657624244690e-01,4.334403514862060547e+00,2.178279012441635132e-01
1.158003881573677063e-01,1.728849530220031738e+00,9.248974323272705078e-01
9.299793839454650879e-01,1.396698355674743652e+00,5.772550702095031738e-01
9.816145896911621094e-01,2.388920783996582031e+00,6.976922154426574707e-01
7.341238111257553101e-02,4.117646217346191406e+00,9.374920725822448730e-01
7.119428515434265137e-01,8.065525889396667480e-01,2.897089719772338867e-01
7.655595541000366211e-01,1.103303909301757812e+00,4.014559388160705566e-01
4.771710932254791260e-01,1.230330705642700195e+00,8.162667751312255859e-01
7.675024215131998062e-03,1.660307794809341431e-01,6.883931756019592285e-01
8.663044869899749756e-02,2.427702426910400391e+00,6.671055555343627930e-01
6.507273912429809570e-01,1.193323373794555664e+00,8.052167892456054688e-01
5.232300758361816406e-01,2.415216684341430664e+00,8.831700682640075684e-01
1.586139649152755737e-01,4.465829849243164062e+00,3.731202706694602966e-02
1.797545105218887329e-01,1.444516420364379883e+00,2.320606410503387451e-01
2.659364640712738037e-01,1.163549780845642090e+00,2.092266082763671875e-01
6.237278580665588379e-01,1.669679164886474609e+00,9.201949238777160645e-01
7.891008853912353516e-01,3.479471206665039062e+00,8.787885308265686035e-01
5.741280689835548401e-02,3.233497858047485352e+00,1.978226304054260254e-01
1.823201924562454224e-01,2.235575914382934570e+00,1.037081107497215271e-01
4.182711243629455566e-01,4.112176895141601562e+00,4.203264415264129639e-01
4.266676306724548340e-01,4.323757648468017578e+00,8.603026866912841797e-01
6.956765055656433105e-01,3.928073883056640625e+00,4.972072541713714600e-01
5.793926715850830078e-01,3.839051246643066406e+00,9.074248671531677246e-01
9.691791534423828125e-01,8.049560189247131348e-01,1.928901374340057373e-01
3.426805436611175537e-01,2.080679416656494141e+00,8.520367145538330078e-01
7.654799818992614746e-01,4.971780776977539062e+00,2.470565885305404663e-01
4.128942787647247314e-01,7.945639491081237793e-01,1.156948879361152649e-01
5.407391786575317383e-01,3.742563486099243164e+00,1.541521698236465454e-01
9.866981208324432373e-02,3.101671934127807617e+00,7.834859490394592285e-01
6.815096139907836914e-01,2.541307449340820312e+00,7.210819125175476074e-01
8.790807127952575684e-01,1.523534417152404785e+00,8.466292917728424072e-02
9.681186079978942871e-01,3.119888305664062500e+00,5.158836841583251953e-01
3.746640980243682861e-01,3.431372642517089844e+00,9.442505836486816406e-01
8.183310627937316895e-01,1.336544871330261230e+00,5.950375199317932129e-01
6.707059741020202637e-01,4.875690937042236328e+00,4.673963487148284912e-01
8.646943420171737671e-02,8.881934285163879395e-01,4.928949475288391113e-02
7.657586336135864258e-01,9.744933247566223145e-01,3.093811273574829102e-01
7.468001246452331543e-01,2.602782964706420898e+00,4.315350651741027832e-01
8.905582427978515625e-01,4.642416000366210938e+00,2.446434050798416138e-01
6.254805922508239746e-01,4.358432292938232422e+00,9.176959991455078125e-01
8.409779667854309082e-01,3.504016637802124023e+00,7.607859373092651367e-01
9.629848599433898926e-01,4.673337936401367188e-01,4.444569349288940430e-01
5.710986852645874023e-01,8.829584121704101562e-01,5.814143419265747070e-01
5.190235972404479980e-01,2.278695821762084961e+00,7.067837715148925781e-01
1.012050658464431763e-01,1.976593881845474243e-01,1.127533018589019775e-01
8.421705961227416992e-01,2.903299093246459961e+00,5.989243984222412109e-01
8.612287640571594238e-01,2.378052949905395508e+00,5.933899879455566406e-01
9.130907803773880005e-02,4.122470855712890625e+00,4.054657220840454102e-01
2.016323059797286987e-01,2.370384335517883301e-01,8.971322774887084961e-01
1.770000755786895752e-01,3.973580121994018555e+00,1.360414624214172363e-01
9.687887430191040039e-01,3.452958166599273682e-01,9.436684846878051758e-01
2.925516366958618164e-01,1.949930071830749512e+00,6.426442861557006836e-01
1.094618588685989380e-01,1.949652910232543945e+00,9.020021557807922363e-01
7.432239651679992676e-01,4.793070793151855469e+00,4.293217509984970093e-02
4.391339421272277832e-01,1.482919096946716309e+00,6.668578088283538818e-02
7.265371680259704590e-01,1.788091182708740234e+00,7.265846729278564453e-01
6.621711254119873047e-01,8.988375663757324219e-01,6.756438612937927246e-01
8.658093214035034180e-01,1.354325771331787109e+00,5.125917792320251465e-01
6.453217267990112305e-01,1.826832532882690430e+00,4.717902541160583496e-01
7.814461588859558105e-01,6.558258086442947388e-02,4.975976347923278809e-01
6.649779081344604492e-01,3.697205185890197754e-01,4.944032132625579834e-01
6.005195975303649902e-01,3.956706225872039795e-01,4.157668650150299072e-01
2.873980402946472168e-01,1.383772611618041992e+00,7.248734235763549805e-01
9.407337903976440430e-01,7.308003902435302734e-01,9.551604986190795898e-01
1.692826151847839355e-01,2.928436756134033203e+00,7.763535976409912109e-01
2.563842535018920898e-01,2.023342847824096680e+00,6.132125258445739746e-01
7.758897542953491211e-01,1.343613028526306152e+00,5.835095643997192383e-01
6.696909070014953613e-01,3.226838588714599609e+00,7.931186556816101074e-01
6.559339761734008789e-01,4.333764553070068359e+00,5.450734496116638184e-01
4.937324821949005127e-01,1.361654043197631836e+00,7.575859874486923218e-02
5.976822972297668457e-01,2.955735683441162109e+00,9.984250068664550781e-01
8.389119505882263184e-01,3.233970642089843750e+00,5.366517901420593262e-01
3.867608308792114258e-01,2.706923007965087891e+00,9.030486941337585449e-01
2.891272604465484619e-01,2.771352291107177734e+00,3.635118007659912109e-01
2.981176786124706268e-02,1.243821501731872559e+00,6.980160474777221680e-01
3.201151788234710693e-01,1.931028842926025391e+00,8.353454470634460449e-01
7.191383838653564453e-01,2.600379705429077148e+00,4.473829865455627441e-01
7.854995131492614746e-01,2.425600051879882812e+00,5.930529832839965820e-01
9.277719855308532715e-01,1.154844880104064941e+00,5.343284457921981812e-02
1.877337396144866943e-01,8.313035964965820312e-01,7.663731575012207031e-01
7.160881161689758301e-01,2.665409326553344727e+00,3.699575066566467285e-01
6.443820595741271973e-01,7.240784764289855957e-01,9.409071207046508789e-01
9.239886999130249023e-01,3.784146785736083984e+00,3.821805715560913086e-01
6.756395101547241211e-02,8.496090769767761230e-01,8.029198050498962402e-01
2.774885296821594238e-01,1.359158277511596680e+00,3.683273792266845703e-01
6.354379653930664062e-01,4.885924816131591797e+00,3.994506597518920898e-01
1.590561866760253906e-01,4.126928806304931641e+00,1.763777136802673340e-01
8.335996270179748535e-01,1.581272333860397339e-01,6.608356535434722900e-02
1.083292886614799500e-01,2.055809795856475830e-01,3.007373213768005371e-01
3.422015160322189331e-02,2.078006982803344727e+00,7.118997573852539062e-01
1.984933465719223022e-01,1.997293710708618164e+00,8.833508491516113281e-01
7.192844748497009277e-01,3.457408905029296875e+00,5.614621043205261230e-01
9.468189477920532227e-01,2.745504379272460938e+00,7.538022398948669434e-01
7.471103072166442871e-01,2.504719495773315430e+00,9.327057003974914551e-01
6.611432433128356934e-01,2.520497083663940430e+00,4.948402941226959229e-01
8.633964061737060547e-01,3.499269247055053711e+00,2.501533031463623047e-01
9.147724509239196777e-01,2.346371412277221680e+00,9.258099794387817383e-01
9.283053278923034668e-01,1.803388833999633789e+00,7.138459682464599609e-01
1.740447133779525757e-01,2.250563144683837891e+00,8.984487056732177734e-01
1.090684458613395691e-01,2.850856542587280273e+00,4.810633063316345215e-01
7.594119906425476074e-01,6.604524850845336914e-01,4.078403487801551819e-02
8.224846720695495605e-01,1.721767544746398926e+00,2.823155224323272705e-01
1.052829995751380920e-01,2.593726217746734619e-01,7.454704493284225464e-02
4.136821627616882324e-01,1.753255367279052734e+00,3.150105476379394531e-02
6.539731621742248535e-01,3.506722211837768555e+00,5.717262029647827148e-01
5.488104224205017090e-01,4.625297546386718750e+00,3.907800316810607910e-01
6.805877089500427246e-01,1.913522958755493164e+00,8.316865563392639160e-01
7.784624099731445312e-01,4.972868442535400391e+00,7.980665564537048340e-01
9.385920763015747070e-01,2.679270982742309570e+00,5.191403031349182129e-01
8.183088302612304688e-01,3.370108008384704590e-01,7.843492031097412109e-01
2.438075393438339233e-01,4.088816642761230469e+00,5.370715260505676270e-01
6.248393654823303223e-01,4.356299877166748047e+00,9.153499007225036621e-01
5.671256780624389648e-01,1.225273728370666504e+00,5.319432616233825684e-01
1.202911734580993652e-01,4.952620983123779297e+00,3.550842702388763428e-01
3.774318993091583252e-01,4.819410800933837891e+00,7.190181016921997070e-01
8.082821965217590332e-01,1.332346677780151367e+00,2.665123641490936279e-01
2.207949012517929077e-01,8.919270336627960205e-02,8.526526689529418945e-01
2.038883119821548462e-01,3.696919083595275879e-01,4.244110882282257080e-01
9.728130698204040527e-01,2.341576576232910156e+00,7.732104063034057617e-01
1.419277042150497437e-01,4.651231765747070312e+00,3.663897216320037842e-01
8.141139149665832520e-01,4.329066753387451172e+00,6.565918326377868652e-01
7.361871600151062012e-01,1.039422869682312012e+00,5.751649737358093262e-01
2.804694883525371552e-02,3.444228172302246094e+00,9.050159156322479248e-02
1.807756274938583374e-01,5.070406794548034668e-01,1.649812161922454834e-01
6.884530186653137207e-01,7.661511898040771484e-01,4.704529345035552979e-01
5.054838657379150391e-01,4.782216072082519531e+00,2.707622572779655457e-02
2.187075912952423096e-01,1.679058551788330078e+00,8.328787088394165039e-01
8.067661523818969727e-01,3.691959619522094727e+00,8.009296655654907227e-01
6.862824559211730957e-01,2.624507248401641846e-01,7.012067735195159912e-02
7.197173833847045898e-01,1.031767964363098145e+00,4.097734689712524414e-01
3.441860675811767578e-01,1.399583816528320312e+00,7.862424850463867188e-01
3.114111348986625671e-02,3.681533634662628174e-01,1.290034800767898560e-01
6.175453066825866699e-01,4.583314418792724609e+00,3.249098062515258789e-01
5.217410922050476074e-01,1.829289197921752930e+00,4.516492784023284912e-01
8.692515492439270020e-01,3.140569686889648438e+00,5.789057612419128418e-01
7.990851402282714844e-01,4.464555740356445312e+00,9.110005199909210205e-02
6.487631797790527344e-01,5.623282790184020996e-01,2.823011279106140137e-01
2.641633450984954834e-01,2.306436061859130859e+00,1.029618009924888611e-01
2.687715888023376465e-01,1.631418466567993164e+00,8.314287066459655762e-01
7.659657001495361328e-01,2.806465864181518555e+00,2.091588079929351807e-01
7.959496378898620605e-01,2.063948661088943481e-02,2.734141349792480469e-01
9.631927609443664551e-01,1.782547593116760254e+00,7.059716582298278809e-01
6.276053190231323242e-01,1.933057069778442383e+00,1.680637896060943604e-01
5.908461213111877441e-01,9.227639436721801758e-01,4.615900218486785889e-01
6.011152863502502441e-01,2.596512794494628906e+00,1.049020290374755859e-01
9.746348857879638672e-01,2.661728143692016602e+00,5.765988230705261230e-01
3.033063709735870361e-01,3.381650924682617188e+00,8.680254817008972168e-01
3.778213262557983398e-01,3.422259330749511719e+00,9.486045241355895996e-01
1.347361952066421509e-01,2.576651573181152344e+00,4.893488585948944092e-01
6.012748479843139648e-01,2.254388809204101562e+00,1.195401847362518311e-01
6.898204684257507324e-01,7.012798190116882324e-01,5.822076797485351562e-01
9.895073622465133667e-02,4.774637222290039062e-01,6.062453389167785645e-01
6.289284676313400269e-02,4.319347381591796875e+00,6.724302172660827637e-01
6.253762543201446533e-02,3.812486648559570312e+00,6.964905261993408203e-01
6.324486136436462402e-01,4.849995613098144531e+00,5.680274963378906250e-01
4.306901618838310242e-02,4.132239341735839844e+00,4.605638980865478516e-01
2.309913486242294312e-01,1.087435007095336914e+00,3.865878283977508545e-01
2.628318369388580322e-01,2.016946315765380859e+00,4.338105618953704834e-01
6.611050963401794434e-01,3.343346118927001953e-01,6.518456339836120605e-02
2.446558177471160889e-01,1.634701013565063477e+00,9.247807860374450684e-01
6.837732791900634766e-01,3.005239009857177734e+00,5.955261588096618652e-01
1.708319038152694702e-01,6.815441250801086426e-01,8.764598965644836426e-01
5.368091464042663574e-01,2.586533069610595703e+00,8.863199949264526367e-01
5.542876198887825012e-02,2.646908044815063477e+00,6.863936781883239746e-01
3.652251064777374268e-01,2.583900451660156250e+00,2.305056303739547729e-01
3.318549394607543945e-01,8.662472367286682129e-01,5.725297927856445312e-01
6.451019644737243652e-01,2.695561408996582031e+00,9.261630177497863770e-01
2.772650122642517090e-01,4.025746822357177734e+00,9.782319664955139160e-01
8.950870037078857422e-01,3.455250561237335205e-01,2.390144616365432739e-01
5.687566101551055908e-02,1.381944537162780762e+00,5.690677165985107422e-01
7.434288859367370605e-01,4.418825149536132812e+00,1.926921904087066650e-01
8.117067217826843262e-01,2.451326847076416016e+00,2.751403748989105225e-01
8.977978229522705078e-01,1.345381617546081543e+00,1.768698245286941528e-01
2.731378972530364990e-01,4.338248372077941895e-01,2.362414151430130005e-01
8.131221532821655273e-01,3.898203372955322266e+00,1.827320605516433716e-01
6.201162934303283691e-01,4.348848342895507812e+00,5.710666775703430176e-01
9.184287190437316895e-01,2.018407344818115234e+00,8.828452229499816895e-01
8.882225155830383301e-01,3.764843225479125977e+00,8.382832407951354980e-01
5.362592339515686035e-01,1.887587904930114746e+00,9.047858715057373047e-01
8.165589570999145508e-01,3.519693374633789062e+00,7.480968236923217773e-01
6.750353574752807617e-01,2.428465336561203003e-01,8.679150342941284180e-01
3.904898092150688171e-02,4.259921610355377197e-01,6.001635193824768066e-01
8.908100724220275879e-01,2.741719961166381836e+00,4.191782325506210327e-03
2.161825895309448242e-01,1.655379086732864380e-01,2.713032066822052002e-01
5.527045205235481262e-02,2.467413663864135742e+00,3.724968731403350830e-01
4.853615164756774902e-02,3.341686248779296875e+00,2.322756350040435791e-01
1.344794631004333496e-01,2.592581748962402344e+00,4.730519652366638184e-02
2.324661761522293091e-01,1.805838465690612793e+00,6.526978611946105957e-01
1.292872279882431030e-01,4.890022277832031250e+00,3.482372462749481201e-01
2.445329725742340088e-01,3.626499414443969727e+00,2.784161269664764404e-01
7.738969326019287109e-01,3.672372579574584961e+00,6.254487633705139160e-01
3.147450089454650879e-02,3.804414987564086914e+00,7.104337811470031738e-01
3.547194898128509521e-01,2.807742595672607422e+00,4.862070549279451370e-03
8.327428251504898071e-03,1.246546864509582520e+00,1.587762385606765747e-01
6.919769644737243652e-01,2.299926757812500000e+00,7.660473585128784180e-01
2.950080037117004395e-01,4.568769454956054688e+00,7.188681960105895996e-01
3.327446579933166504e-01,3.951888799667358398e+00,2.471242994070053101e-01
4.355174899101257324e-01,2.816978931427001953e+00,8.366674184799194336e-01
5.979754328727722168e-01,4.943048954010009766e-01,5.629892945289611816e-01
9.266563504934310913e-02,1.038208842277526855e+00,7.199042439460754395e-01
4.404461085796356201e-01,4.662395000457763672e+00,9.238213300704956055e-01
1.115859746932983398e-01,4.540731906890869141e+00,6.234616041183471680e-01
9.481113553047180176e-01,3.445077419281005859e+00,8.994035124778747559e-01
4.589886665344238281e-01,4.198837280273437500e+00,8.817084878683090210e-02
2.139901071786880493e-01,4.728297710418701172e+00,1.769987493753433228e-01
7.636041641235351562e-01,4.562505722045898438e+00,9.314305782318115234e-01
9.892830252647399902e-01,3.010735988616943359e+00,5.915770530700683594e-01
8.043421804904937744e-02,9.053710103034973145e-02,2.564199268817901611e-01
8.483830094337463379e-01,2.499392986297607422e+00,7.847153544425964355e-01
3.309024274349212646e-01,3.082416772842407227e+00,2.882104218006134033e-01
8.721389174461364746e-01,8.810680508613586426e-01,6.841021180152893066e-01
4.344746470451354980e-01,4.943898677825927734e+00,7.607269883155822754e-01
4.803562164306640625e-01,2.815801143646240234e+00,9.446395635604858398e-01
4.495734274387359619e-01,1.987442374229431152e-01,2.191084809601306915e-02
5.786586403846740723e-01,1.147456049919128418e+00,1.143961250782012939e-01
8.032659888267517090e-01,3.312886953353881836e-01,4.072243720293045044e-02
4.852894842624664307e-01,4.431109905242919922e+00,6.970379352569580078e-01
6.482011079788208008e-01,2.867519140243530273e+00,6.398980617523193359e-01
6.235250830650329590e-01,4.856913566589355469e+00,3.065518848598003387e-02
8.820436000823974609e-01,1.646845817565917969e+00,6.220719814300537109e-01
5.286287665367126465e-01,2.362673044204711914e+00,9.600529670715332031e-01
3.768479228019714355e-01,2.075635671615600586e+00,2.613447904586791992e-01
4.719974398612976074e-01,3.790563046932220459e-01,6.319587230682373047e-01
5.454093217849731445e-01,3.061698675155639648e+00,3.055741190910339355e-01
9.899905920028686523e-01,3.307570695877075195e+00,3.582118749618530273e-01
3.374515771865844727e-01,1.814491868019104004e+00,6.759980916976928711e-01
3.467896282672882080e-01,2.212179899215698242e+00,3.245336711406707764e-01
2.354274690151214600e-01,3.868847846984863281e+00,5.813417211174964905e-02
2.328659594058990479e-01,4.922636985778808594e+00,8.503744602203369141e-01
5.981431603431701660e-01,4.734159111976623535e-01,5.575696229934692383e-01
9.965380430221557617e-01,1.951050639152526855e+00,9.953058958053588867e-01
9.653777480125427246e-01,2.210270404815673828e+00,7.966464161872863770e-01
6.984599828720092773e-01,2.933899164199829102e+00,8.415322899818420410e-01
4.712018966674804688e-01,1.779528737068176270e+00,7.250900864601135254e-01
5.079590678215026855e-01,1.223410010337829590e+00,7.543437480926513672e-01
6.979842670261859894e-03,3.587526082992553711e+00,8.127691149711608887e-01
3.756292462348937988e-01,4.497573375701904297e+00,3.691093921661376953e-01
5.311393737792968750e-01,2.499247550964355469e+00,8.808472752571105957e-01
9.643485397100448608e-02,5.828114748001098633e-01,9.166659414768218994e-02
4.946521222591400146e-01,1.726423025131225586e+00,4.507520049810409546e-02
7.507583498954772949e-02,1.458168625831604004e+00,9.917122125625610352e-01
4.741352498531341553e-01,4.938485622406005859e+00,8.329613208770751953e-01
7.661796212196350098e-01,1.445680975914001465e+00,1.925356090068817139e-01
6.518747806549072266e-01,2.658240795135498047e+00,8.311502933502197266e-01
5.015665292739868164e-01,1.752740979194641113e+00,6.846956908702850342e-02
3.740344047546386719e-01,4.593350410461425781e+00,2.437679171562194824e-01
5.057224631309509277e-02,4.618642330169677734e+00,8.325088024139404297e-01
1.369061321020126343e-01,1.027998089790344238e+00,8.115958571434020996e-01
6.042510271072387695e-01,4.365978717803955078e+00,6.098797321319580078e-01
4.619435593485832214e-02,1.046010926365852356e-01,6.117566227912902832e-01
4.911563694477081299e-01,1.027631044387817383e+00,7.105050683021545410e-01
6.055964827537536621e-01,1.451305866241455078e+00,2.369031757116317749e-01
6.890984773635864258e-01,4.150672435760498047e+00,5.471096038818359375e-01
5.485931411385536194e-02,1.840716719627380371e+00,2.200095355510711670e-01
7.973465323448181152e-01,4.897838115692138672e+00,4.950201809406280518e-01
2.376587130129337311e-02,4.078562736511230469e+00,6.996814012527465820e-01
1.661110371351242065e-01,1.605084180831909180e+00,9.436323642730712891e-01
5.756112188100814819e-02,2.693113088607788086e+00,6.139693260192871094e-01
8.462131619453430176e-01,1.747858762741088867e+00,8.700116872787475586e-01
3.477147817611694336e-01,4.341536521911621094e+00,3.150132670998573303e-02
3.993501886725425720e-02,1.609372794628143311e-01,5.836622714996337891e-01
1.403346750885248184e-02,3.123620748519897461e+00,8.969795107841491699e-01
6.676305532455444336e-01,5.568830966949462891e-01,4.656289219856262207e-01
1.266695745289325714e-02,1.655858635902404785e+00,1.913546025753021240e-01
4.498273134231567383e-02,1.400461435317993164e+00,1.392049435526132584e-02
2.011083662509918213e-01,8.660799860954284668e-01,2.640698552131652832e-01
9.519514441490173340e-01,3.504629611968994141e+00,8.110077977180480957e-01
8.184751123189926147e-02,3.494955778121948242e+00,2.250642478466033936e-01
4.135002493858337402e-01,1.215962097048759460e-01,8.863700926303863525e-02
9.603852033615112305e-01,4.249654769897460938e+00,7.271957397460937500e-01
7.832632660865783691e-01,4.903569698333740234e+00,4.297909736633300781e-01
1.996856629848480225e-01,6.583614945411682129e-01,7.949815392494201660e-01
2.154187858104705811e-01,2.999505996704101562e+00,2.432533949613571167e-01
9.056441783905029297e-01,1.676732003688812256e-01,1.592014729976654053e-01
9.075273275375366211e-01,2.150860786437988281e+00,5.864755511283874512e-01
7.022616267204284668e-01,6.919266581535339355e-01,1.929756402969360352e-01
1.208994984626770020e-01,4.690633296966552734e+00,2.377350926399230957e-01
6.385897397994995117e-01,3.022919893264770508e-01,2.186457663774490356e-01
8.504071831703186035e-01,1.939165890216827393e-01,7.469209283590316772e-02
4.156297147274017334e-01,1.878925800323486328e+00,3.264060318470001221e-01
7.172938585281372070e-01,7.596307396888732910e-01,7.966926097869873047e-01
6.508478522300720215e-01,5.410721302032470703e-01,2.307591140270233154e-01
6.485105752944946289e-01,1.206441402435302734e+00,5.458481311798095703e-01
7.610873579978942871e-01,1.946006059646606445e+00,4.304221570491790771e-01
7.694240808486938477e-01,2.227536439895629883e+00,3.895449042320251465e-01
7.848306000232696533e-02,3.216078281402587891e+00,2.003527283668518066e-01
7.574715018272399902e-01,3.898114681243896484e+00,2.396017462015151978e-01
2.767389714717864990e-01,1.947022914886474609e+00,7.257792949676513672e-01
1.850548237562179565e-01,4.312759399414062500e+00,4.665513336658477783e-02
8.055488020181655884e-02,4.093882560729980469e+00,1.383584588766098022e-01
8.833363056182861328e-01,2.932064533233642578e+00,4.235750138759613037e-01
2.270666956901550293e-01,1.615682959556579590e+00,5.039582848548889160e-01
4.938841164112091064e-01,4.127934873104095459e-01,6.758266091346740723e-01
3.696398735046386719e-01,3.755646467208862305e+00,8.190043568611145020e-01
9.699458628892898560e-02,2.199201822280883789e+00,1.656088978052139282e-02
8.011133670806884766e-01,4.211034774780273438e+00,1.643831580877304077e-01
8.452028632164001465e-01,3.201351165771484375e+00,2.728614509105682373e-01
3.328044712543487549e-01,1.515345335006713867e+00,5.798906087875366211e-01
6.883422136306762695e-01,2.426825046539306641e+00,7.080624103546142578e-01
4.905938208103179932e-01,2.966088294982910156e+00,2.317456752061843872e-01
5.705791115760803223e-01,3.710671186447143555e+00,9.417035579681396484e-01
7.000826001167297363e-01,3.677270889282226562e+00,9.515252113342285156e-01
9.858546853065490723e-01,4.226393699645996094e+00,2.756695151329040527e-01
6.552438139915466309e-01,3.595045089721679688e+00,3.446755111217498779e-01
8.349072933197021484e-01,1.950834035873413086e+00,5.495461821556091309e-01
3.453945219516754150e-01,1.995450615882873535e+00,4.301242828369140625e-01
6.860667467117309570e-01,3.245071649551391602e+00,8.116824179887771606e-02
9.642691016197204590e-01,1.998504042625427246e+00,9.617803096771240234e-01
5.748184323310852051e-01,3.300614595413208008e+00,3.771572709083557129e-01
8.506756424903869629e-01,4.946236610412597656e+00,4.187618196010589600e-01
3.416875004768371582e-01,2.461369514465332031e+00,2.118121534585952759e-01
6.115590929985046387e-01,7.520560622215270996e-01,2.401243895292282104e-01
1.351473331451416016e-01,4.597444534301757812e+00,7.559519410133361816e-01
9.957391023635864258e-01,2.471851825714111328e+00,1.181789711117744446e-01
3.400312960147857666e-01,2.600828170776367188e+00,7.147673964500427246e-01
7.041335701942443848e-01,1.851321458816528320e+00,8.015748858451843262e-01
7.951115369796752930e-01,4.011905670166015625e+00,9.231616854667663574e-01
1.335303932428359985e-01,4.521142959594726562e+00,9.286102056503295898e-01
5.448126420378684998e-02,1.209303975105285645e+00,6.211758852005004883e-01
9.423326253890991211e-01,2.199014902114868164e+00,9.511597156524658203e-01
4.701659679412841797e-01,1.201531887054443359e+00,3.868819773197174072e-01
9.912890195846557617e-01,4.774208545684814453e+00,1.014241874217987061e-01
4.388091564178466797e-01,4.269112586975097656e+00,3.548022210597991943e-01
9.550275863148272038e-04,4.832226276397705078e+00,9.198800921440124512e-01
6.830590367317199707e-01,2.780082702636718750e+00,4.018242061138153076e-01
5.506103038787841797e-01,1.108790397644042969e+00,9.999071061611175537e-02
2.393609099090099335e-02,8.859164714813232422e-01,1.506483703851699829e-01
4.079470410943031311e-02,2.044670343399047852e+00,3.959186375141143799e-01
1.004249826073646545e-01,1.228124618530273438e+00,5.470761656761169434e-01
4.294494390487670898e-01,2.298213988542556763e-01,3.511496484279632568e-01
7.208957672119140625e-01,2.598695516586303711e+00,9.816870689392089844e-01
2.065953612327575684e-01,1.492733001708984375e+00,2.305592745542526245e-01
4.501710534095764160e-01,1.764105558395385742e-01,3.679533600807189941e-01
8.205218315124511719e-01,1.306910514831542969e+00,5.902181267738342285e-01
7.136349678039550781e-01,5.920232534408569336e-01,6.479032635688781738e-01
5.608442425727844238e-01,3.397283554077148438e+00,3.929049670696258545e-01
8.365762233734130859e-01,1.471443414688110352e+00,4.895957112312316895e-01
8.577961325645446777e-01,1.157781362533569336e+00,8.671191334724426270e-01
3.728010654449462891e-01,3.026059389114379883e+00,6.021806001663208008e-01
7.810694575309753418e-01,3.598117351531982422e+00,6.717397570610046387e-01
7.112210988998413086e-01,2.336906671524047852e+00,7.176960110664367676e-01
6.641477942466735840e-01,2.614452838897705078e+00,5.394049286842346191e-01
7.804344296455383301e-01,2.919900417327880859e+00,2.035218477249145508e-01
5.783086419105529785e-01,4.072943687438964844e+00,9.392530322074890137e-01
7.413687109947204590e-01,2.791992425918579102e+00,2.399679869413375854e-01
3.325171768665313721e-01,2.120571374893188477e+00,1.741863638162612915e-01
4.418238531798124313e-03,9.692169427871704102e-01,6.550211906433105469e-01
1.486553251743316650e-01,1.451840281486511230e+00,3.034381270408630371e-01
6.508235335350036621e-01,3.568758964538574219e+00,9.597733020782470703e-01
3.741815984249114990e-01,2.673832178115844727e+00,8.308905363082885742e-01
6.839265227317810059e-01,1.223683714866638184e+00,8.587827682495117188e-01
2.309686690568923950e-01,1.724742174148559570e+00,6.086021661758422852e-01
4.542802646756172180e-02,2.767694950103759766e+00,6.710531711578369141e-01
5.692568421363830566e-01,1.221792817115783691e+00,7.100760936737060547e-02
1.603519618511199951e-01,4.498881816864013672e+00,6.798309087753295898e-01
2.027420103549957275e-01,2.380590677261352539e+00,6.797161698341369629e-01
6.609214544296264648e-01,3.828352093696594238e-01,7.574261426925659180e-01
2.151537872850894928e-02,2.337104797363281250e+00,4.975453317165374756e-01
1.769359111785888672e-01,2.677849292755126953e+00,6.835385560989379883e-01
2.321186512708663940e-01,5.833366513252258301e-01,8.468118309974670410e-01
8.990279436111450195e-01,3.809653043746948242e+00,1.977935731410980225e-01
6.831013560295104980e-01,4.337200164794921875e+00,9.009009003639221191e-01
6.273267269134521484e-01,6.557515859603881836e-01,2.631816864013671875e-01
8.616296052932739258e-01,3.970921754837036133e+00,2.195909619331359863e-01
5.610533356666564941e-01,7.351582050323486328e-01,4.560697376728057861e-01
8.862473964691162109e-01,2.835819005966186523e+00,4.627875983715057373e-01
1.495399624109268188e-01,2.311003684997558594e+00,3.910096585750579834e-01
7.392084598541259766e-01,2.382932901382446289e+00,9.751107692718505859e-01
9.888937473297119141e-01,3.809941053390502930e+00,3.420777320861816406e-01
7.435770034790039062e-01,2.039104700088500977e+00,7.617690563201904297e-01
1.029403880238533020e-01,2.219773530960083008e+00,4.993028193712234497e-02
1.204638928174972534e-01,3.869270563125610352e+00,8.402734398841857910e-01
7.463449239730834961e-01,4.905797958374023438e+00,1.552420556545257568e-01
2.636914849281311035e-01,2.475121259689331055e+00,7.243261933326721191e-01
1.328402757644653320e-01,1.975568681955337524e-01,5.478017330169677734e-01
2.372955828905105591e-01,3.687462568283081055e+00,1.360463723540306091e-02
2.330114692449569702e-01,1.584459781646728516e+00,4.789500236511230469e-01
4.491116702556610107e-01,4.497161865234375000e+00,2.031979709863662720e-02
4.046518206596374512e-01,1.331585407257080078e+00,7.922269701957702637e-01
4.749992489814758301e-01,1.211457133293151855e+00,8.474946022033691406e-01
7.141457200050354004e-01,3.134953022003173828e+00,3.190688416361808777e-02
1.326054781675338745e-01,4.445596218109130859e+00,1.995431631803512573e-02
5.880582332611083984e-01,4.791279315948486328e+00,8.020448088645935059e-01
5.548470020294189453e-01,3.413074254989624023e+00,8.316615819931030273e-01
6.651688218116760254e-01,4.878642559051513672e+00,4.970164299011230469e-01
6.221304535865783691e-01,2.829392671585083008e+00,4.569838345050811768e-01
3.233509063720703125e-01,3.312148332595825195e+00,8.575578331947326660e-01
4.845144450664520264e-01,3.969768881797790527e-01,6.952883005142211914e-01
3.894633650779724121e-01,2.604018688201904297e+00,7.138515710830688477e-01
1.690188050270080566e-01,1.345662951469421387e+00,6.726723909378051758e-01
7.371155023574829102e-01,1.380011081695556641e+00,3.875744938850402832e-01
2.128003537654876709e-01,4.001320838928222656e+00,8.784370124340057373e-02
9.362949728965759277e-01,3.619102716445922852e+00,3.868655264377593994e-01
1.306929290294647217e-01,3.745972394943237305e+00,7.111284732818603516e-01
6.517865657806396484e-01,3.645436286926269531e+00,9.489954710006713867e-01
9.899696707725524902e-01,3.409856319427490234e+00,5.005695819854736328e-01
5.815853476524353027e-01,3.717368125915527344e+00,2.401194870471954346e-01
9.562664031982421875e-01,2.354423761367797852e+00,6.302906274795532227e-01
7.618924975395202637e-01,4.543223381042480469e+00,9.110886454582214355e-01
6.572657227516174316e-01,3.513225793838500977e+00,4.789637625217437744e-01
1.386407911777496338e-01,4.452149391174316406e+00,1.509919166564941406e-01
4.950631558895111084e-01,1.258108496665954590e+00,8.222932815551757812e-01
4.844551682472229004e-01,3.791982412338256836e+00,2.074637264013290405e-01
6.047391891479492188e-01,1.901702046394348145e+00,3.546448647975921631e-01
6.433584094047546387e-01,1.102114558219909668e+00,8.008099794387817383e-01
8.174709975719451904e-02,4.216054379940032959e-01,5.848598480224609375e-01
3.525912165641784668e-01,4.373940944671630859e+00,5.182966589927673340e-01
3.486340939998626709e-01,3.585972547531127930e+00,8.559834957122802734e-01
2.517583966255187988e-01,1.675207614898681641e+00,5.554550290107727051e-01
5.405086874961853027e-01,4.149751663208007812e+00,7.587406039237976074e-01
9.854469895362854004e-01,1.199631571769714355e+00,2.094660401344299316e-01
8.952789306640625000e-01,3.459979057312011719e+00,5.580875277519226074e-01
7.075189948081970215e-01,3.130248188972473145e-01,8.121725320816040039e-01
7.574371695518493652e-01,3.343095630407333374e-02,2.679089605808258057e-01
1.188730597496032715e-01,2.139639377593994141e+00,8.372649550437927246e-01
2.871074974536895752e-01,1.343878507614135742e-01,6.434996724128723145e-01
7.879797816276550293e-01,7.898551821708679199e-01,6.255035400390625000e-01
8.507844209671020508e-01,1.605659484863281250e+00,6.619523465633392334e-02
7.448998689651489258e-01,4.268952369689941406e+00,5.820136070251464844e-01
4.382990896701812744e-01,3.226109504699707031e+00,5.918407440185546875e-01
2.427374273538589478e-01,3.456353664398193359e+00,4.406052231788635254e-01
3.457458913326263428e-01,4.057400226593017578e+00,1.822517514228820801e-01
4.804534316062927246e-01,2.835467815399169922e+00,9.029272198677062988e-01
8.156802654266357422e-01,2.172467470169067383e+00,2.013448774814605713e-01
2.811719179153442383e-01,2.549196481704711914e+00,6.075314879417419434e-01
1.202463135123252869e-01,3.514821290969848633e+00,7.045111656188964844e-01
7.065569758415222168e-01,2.720080912113189697e-01,9.399884194135665894e-02
2.231504917144775391e-01,4.146890640258789062e+00,3.293968439102172852e-01
3.946038186550140381e-01,4.796347916126251221e-01,7.250817865133285522e-02
4.170108735561370850e-01,2.084778070449829102e+00,7.031143903732299805e-01
3.522531986236572266e-01,1.316593527793884277e+00,4.720790982246398926e-01
6.281469464302062988e-01,7.644568681716918945e-01,1.738667786121368408e-01
5.346423983573913574e-01,2.679246902465820312e+00,8.828237652778625488e-01
2.085217982530593872e-01,3.007739305496215820e+00,5.021570324897766113e-01
5.440459847450256348e-01,3.922055721282958984e+00,7.001221179962158203e-01
6.794469356536865234e-01,5.465864539146423340e-01,5.940196514129638672e-01
5.299332141876220703e-01,1.639829158782958984e+00,1.175937503576278687e-01
6.345940232276916504e-01,2.654278516769409180e+00,5.409907102584838867e-01
2.089670896530151367e-01,4.768995195627212524e-02,5.929987430572509766e-01
6.207440495491027832e-01,1.856114506721496582e+00,4.843855202198028564e-01
8.008751869201660156e-01,2.786951541900634766e+00,4.988997280597686768e-01
6.526042222976684570e-01,2.823988676071166992e+00,7.109375000000000000e-01
3.512921333312988281e-01,6.804662942886352539e-01,4.285131022334098816e-02
7.266821265220642090e-01,4.503449916839599609e+00,6.525759696960449219e-01
2.145804762840270996e-01,7.006922960281372070e-01,1.367539614439010620e-01
1.818492263555526733e-01,1.450130105018615723e+00,7.455943822860717773e-01
7.604850530624389648e-01,3.628598928451538086e+00,9.432785958051681519e-02
5.260671377182006836e-01,6.771575808525085449e-01,4.469111561775207520e-01
7.239090204238891602e-01,4.226222038269042969e+00,8.893857896327972412e-02
4.167001247406005859e-01,2.963867902755737305e+00,2.642776444554328918e-02
4.032107889652252197e-01,4.584403514862060547e+00,4.888080060482025146e-01
3.109400868415832520e-01,3.093517303466796875e+00,7.511098384857177734e-01
6.106729507446289062e-01,6.853944063186645508e-01,3.275586366653442383e-01
1.787348836660385132e-01,3.427157640457153320e+00,8.098672032356262207e-01
7.352676987648010254e-01,1.708138704299926758e+00,2.304238826036453247e-01
2.004059031605720520e-02,3.961949586868286133e+00,8.345500826835632324e-01
1.859664171934127808e-01,3.019029855728149414e+00,3.154812753200531006e-01
4.487626999616622925e-02,1.512322902679443359e+00,8.492132425308227539e-01
8.527793288230895996e-01,3.206162691116333008e+00,3.659199774265289307e-01
8.023245334625244141e-01,2.544476509094238281e+00,8.252508640289306641e-01
9.824741482734680176e-01,1.041136145591735840e+00,9.724567532539367676e-01
2.138664871454238892e-01,4.671630859375000000e+00,6.419283151626586914e-01
8.081533908843994141e-01,3.520586490631103516e+00,2.248792648315429688e-01
2.506621181964874268e-01,4.154588222503662109e+00,5.095795989036560059e-01
6.778159737586975098e-01,4.132232189178466797e+00,1.238311454653739929e-01
7.418361902236938477e-01,2.536795139312744141e+00,8.475940823554992676e-01
6.395348906517028809e-01,3.694634437561035156e+00,8.062090724706649780e-02
6.181140244007110596e-02,2.267149686813354492e+00,7.585799694061279297e-01
9.638006985187530518e-02,3.040341138839721680e+00,8.448384404182434082e-01
8.616150617599487305e-01,7.690903544425964355e-01,4.469636976718902588e-01
9.107205271720886230e-01,3.389265298843383789e+00,7.203993797302246094e-01
6.985653638839721680e-01,4.650631427764892578e+00,8.442357182502746582e-01
2.966984808444976807e-01,4.032435894012451172e+00,1.614305824041366577e-01
8.200784921646118164e-01,7.553890943527221680e-01,1.092690154910087585e-01
8.369737267494201660e-01,1.098282575607299805e+00,5.823697447776794434e-01
8.756719827651977539e-01,1.213478922843933105e+00,9.663915038108825684e-01
9.029529690742492676e-01,4.405813217163085938e+00,2.737170457839965820e-01
3.470294475555419922e-01,4.507428646087646484e+00,2.768478170037269592e-02
2.823239862918853760e-01,3.890627622604370117e-02,3.171398639678955078e-01
4.892419278621673584e-01,2.120929956436157227e+00,3.654154539108276367e-01
5.419283509254455566e-01,3.683625221252441406e+00,8.409497141838073730e-01
6.354334354400634766e-01,1.313260197639465332e+00,1.021217629313468933e-01
4.799702391028404236e-02,3.239156246185302734e+00,8.187763094902038574e-01
3.402756452560424805e-01,4.814518451690673828e+00,6.460187435150146484e-01
6.613095998764038086e-01,2.774548530578613281e+00,6.971321702003479004e-01
3.528447151184082031e-01,2.490655183792114258e+00,6.806210875511169434e-01
1.767907440662384033e-01,3.398836776614189148e-02,2.855585515499114990e-01
7.747811079025268555e-01,4.337868690490722656e+00,6.879608035087585449e-01
7.023119330406188965e-01,4.292365550994873047e+00,9.091002941131591797e-01
9.093011617660522461e-01,8.131342530250549316e-01,6.747514605522155762e-01
2.749149501323699951e-01,2.081512928009033203e+00,2.249539792537689209e-01
7.330349087715148926e-01,3.659524679183959961e+00,6.224024891853332520e-01
5.987229198217391968e-02,2.711247205734252930e+00,8.012413382530212402e-01
6.285025477409362793e-01,1.000034570693969727e+00,6.098217964172363281e-01
8.768818974494934082e-01,4.605858325958251953e+00,2.242450118064880371e-01
4.808523952960968018e-01,4.642063081264495850e-01,6.824875473976135254e-01
1.651668250560760498e-01,4.557993412017822266e+00,6.602537631988525391e-01
4.850179255008697510e-01,2.589708864688873291e-01,3.343234956264495850e-01
8.819288015365600586e-02,1.695845365524291992e+00,3.248637616634368896e-01
3.496673405170440674e-01,2.623859405517578125e+00,1.634439826011657715e-01
2.989376196637749672e-03,9.585188627243041992e-01,6.022078916430473328e-02
9.497200250625610352e-01,4.120326995849609375e+00,5.131920576095581055e-01
3.053945861756801605e-02,1.171225786209106445e+00,7.393481135368347168e-01
5.777347087860107422e-01,9.700548648834228516e-01,1.146050244569778442e-01
8.876908421516418457e-01,1.535918354988098145e+00,3.077555000782012939e-01
4.727093279361724854e-01,3.058676958084106445e+00,6.933408975601196289e-02
9.865318536758422852e-01,2.204489707946777344e+00,2.456104904413223267e-01
2.571442723274230957e-01,1.418654084205627441e+00,9.017035961151123047e-01
1.185604780912399292e-01,3.530164480209350586e+00,2.252732515335083008e-01
3.624545633792877197e-01,1.815592050552368164e+00,4.544817507266998291e-01
7.494261860847473145e-01,3.714936017990112305e+00,7.115242481231689453e-01
1.421139985322952271e-01,2.857196092605590820e+00,4.018271565437316895e-01
8.649635910987854004e-01,3.548345565795898438e+00,5.723429918289184570e-01
5.186494067311286926e-02,1.618763506412506104e-01,5.107040405273437500e-01
7.126855254173278809e-01,4.489407062530517578e+00,9.332041740417480469e-01
6.926758885383605957e-01,3.184730052947998047e+00,7.995174080133438110e-02
8.080356121063232422e-01,2.184030771255493164e+00,5.249988436698913574e-01
1.801213771104812622e-01,2.683381795883178711e+00,3.281661272048950195e-01
5.863127484917640686e-02,5.808222889900207520e-01,4.387673735618591309e-01
2.716000378131866455e-01,2.592571258544921875e+00,1.119515001773834229e-01
4.176154732704162598e-01,2.909751653671264648e+00,8.515215516090393066e-01
8.873639106750488281e-01,2.161644697189331055e+00,6.624963283538818359e-01
7.042868137359619141e-01,4.876500129699707031e+00,2.445673756301403046e-02
5.779920220375061035e-01,3.647073268890380859e+00,7.889578491449356079e-02
3.776928782463073730e-01,1.063400506973266602e+00,8.110262751579284668e-01
4.815987646579742432e-01,1.533911108970642090e+00,7.466365694999694824e-01
2.336667776107788086e-01,2.704546689987182617e+00,5.787882208824157715e-01
7.210629582405090332e-01,2.841447114944458008e+00,4.879649877548217773e-01
6.957502365112304688e-01,3.157539606094360352e+00,7.775226235389709473e-01
8.745681643486022949e-01,1.857316255569458008e+00,7.551019787788391113e-01
6.897116303443908691e-01,1.540339112281799316e+00,4.876439273357391357e-01
4.942223131656646729e-01,3.843459606170654297e+00,6.756872534751892090e-01
3.774694204330444336e-01,4.761081218719482422e+00,7.034202218055725098e-01
4.912776648998260498e-01,3.262670636177062988e-01,8.965715765953063965e-01
9.086285233497619629e-01,1.484185338020324707e+00,5.137332081794738770e-01
4.051505029201507568e-01,1.244471788406372070e+00,6.276084184646606445e-01
7.845451235771179199e-01,2.401936054229736328e+00,1.189008704386651516e-03
2.445604354143142700e-01,1.714137911796569824e+00,5.101855993270874023e-01
3.034316375851631165e-02,3.557249546051025391e+00,1.973616629838943481e-01
4.214649796485900879e-01,2.153390169143676758e+00,1.979820877313613892e-01
1.239960268139839172e-01,3.775578975677490234e+00,2.378402054309844971e-01
5.992529392242431641e-01,2.818763494491577148e+00,1.345836520195007324e-01
2.760303020477294922e-01,1.616070508956909180e+00,4.479016065597534180e-01
4.809322655200958252e-01,2.287564754486083984e+00,5.527296662330627441e-01
7.121167182922363281e-01,2.743122100830078125e+00,6.634907126426696777e-01
2.549256682395935059e-01,2.537299633026123047e+00,3.644602298736572266e-01
4.136808961629867554e-02,1.910191774368286133e-01,6.444947123527526855e-01
1.530732214450836182e-01,4.347227573394775391e+00,2.244232594966888428e-02
6.159219741821289062e-01,3.459331274032592773e+00,2.929345965385437012e-01
1.322426646947860718e-01,1.965876221656799316e+00,3.575934469699859619e-02
8.031345009803771973e-01,1.525038242340087891e+00,2.596949934959411621e-01
2.372674196958541870e-01,3.842247486114501953e+00,1.942634582519531250e-01
3.497633039951324463e-01,4.766270160675048828e+00,1.417269855737686157e-01
8.240144252777099609e-01,2.641553401947021484e+00,6.104423403739929199e-01
5.623043775558471680e-01,1.237498998641967773e+00,5.439957976341247559e-01
6.411444544792175293e-01,1.039770722389221191e+00,6.194567084312438965e-01
8.102275133132934570e-01,1.017079710960388184e+00,6.030165553092956543e-01
5.526466965675354004e-01,3.211791038513183594e+00,1.683835089206695557e-01
7.737333774566650391e-01,1.953009009361267090e+00,4.959610849618911743e-02
4.217390418052673340e-01,4.251175880432128906e+00,2.089231014251708984e-01
9.434447288513183594e-01,2.762987911701202393e-01,1.938457638025283813e-01
6.705294251441955566e-01,1.637896180152893066e+00,9.874318838119506836e-01
5.963461995124816895e-01,9.178865551948547363e-01,8.829396963119506836e-01
8.461666703224182129e-01,4.441298007965087891e+00,1.108119077980518341e-02
4.800823330879211426e-01,3.225295543670654297e+00,1.806949675083160400e-01
9.212377667427062988e-01,3.495751857757568359e+00,5.703995227813720703e-01
6.615642905235290527e-01,1.709548115730285645e+00,8.399746417999267578e-01
7.659199833869934082e-01,2.768661260604858398e+00,8.448027968406677246e-01
5.397760868072509766e-01,1.174364209175109863e+00,9.214695096015930176e-01
6.293811202049255371e-01,3.606337308883666992e+00,2.435429990291595459e-01
6.501593161374330521e-03,3.426568031311035156e+00,8.022325038909912109e-01
5.789649859070777893e-02,2.339046001434326172e+00,5.664563179016113281e-01
6.345223635435104370e-02,3.275202274322509766e+00,2.224948853254318237e-01
1.609060168266296387e-01,2.331516742706298828e+00,6.189227104187011719e-01
8.438643217086791992e-01,3.724943399429321289e+00,7.129171490669250488e-01
8.451216220855712891e-01,4.777578637003898621e-03,3.018632233142852783e-01
8.229754567146301270e-01,2.449377298355102539e+00,1.200499013066291809e-01
9.199299216270446777e-01,4.010996818542480469e+00,6.112542003393173218e-02
1.511403769254684448e-01,1.940956950187683105e+00,6.481597572565078735e-02
3.486465811729431152e-01,1.657853007316589355e+00,5.301521420478820801e-01
1.867911666631698608e-01,6.982948780059814453e-01,1.980515271425247192e-01
2.758202850818634033e-01,1.306026458740234375e+00,2.556151747703552246e-01
4.675956964492797852e-01,3.634999990463256836e+00,3.370228707790374756e-01
1.371476948261260986e-01,6.853191256523132324e-01,2.472226619720458984e-01
5.528496578335762024e-03,4.033993721008300781e+00,6.557486057281494141e-01
7.678297162055969238e-01,3.526747703552246094e+00,6.688486337661743164e-01
5.754182338714599609e-01,3.151160240173339844e+00,4.905937910079956055e-01
9.491819143295288086e-01,4.322682380676269531e+00,1.108202338218688965e-01
8.752774447202682495e-02,3.728784561157226562e+00,3.340328037738800049e-01
2.628458738327026367e-01,3.887036800384521484e+00,2.519192695617675781e-01
4.569430835545063019e-03,8.389554023742675781e-01,3.811338841915130615e-01
5.388088226318359375e-01,4.301354885101318359e+00,2.938500940799713135e-01
4.132468402385711670e-01,1.068411350250244141e+00,8.365408182144165039e-01
4.061654582619667053e-02,4.237518787384033203e+00,1.237800903618335724e-02
4.315325021743774414e-01,3.991459608078002930e+00,4.166213870048522949e-01
2.467166781425476074e-01,4.164757728576660156e+00,4.823410511016845703e-01
2.971701323986053467e-01,2.050560235977172852e+00,3.368306457996368408e-01
2.011589854955673218e-01,2.470463275909423828e+00,8.685194253921508789e-01
9.327774047851562500e-01,8.663679361343383789e-01,6.651573181152343750e-01
3.038013279438018799e-01,2.701950073242187500e+00,8.079921603202819824e-01
7.720121741294860840e-02,3.175803661346435547e+00,8.353447914123535156e-01
4.829531610012054443e-01,1.304625272750854492e+00,7.270360738039016724e-02
2.038451135158538818e-01,1.951004505157470703e+00,1.269170045852661133e-01
4.783985912799835205e-01,4.037351012229919434e-01,8.918445706367492676e-01
7.387595176696777344e-01,3.798913478851318359e+00,5.286362171173095703e-01
6.786157488822937012e-01,1.118412733078002930e+00,7.909630537033081055e-01
3.722218796610832214e-02,3.450973749160766602e+00,6.872880458831787109e-02
3.364805281162261963e-01,3.691398143768310547e+00,7.705498337745666504e-01
4.375641047954559326e-01,2.216882228851318359e+00,9.048000574111938477e-01
4.156007170677185059e-01,2.339017391204833984e+00,3.813464939594268799e-01
4.955699443817138672e-01,1.588772177696228027e+00,8.715840429067611694e-02
7.912910580635070801e-01,1.866876721382141113e+00,6.883890032768249512e-01
8.144382238388061523e-01,4.062039852142333984e+00,5.361657738685607910e-01
4.475560039281845093e-03,4.855853557586669922e+00,9.473198652267456055e-01
1.544918119907379150e-01,1.386897206306457520e+00,9.614079594612121582e-01
4.485487937927246094e-02,3.794082403182983398e+00,8.381947278976440430e-01
1.377928107976913452e-01,2.832772493362426758e+00,3.818637132644653320e-01
4.586493968963623047e-01,4.141477644443511963e-01,9.230397343635559082e-01
5.376542210578918457e-01,1.929164290428161621e+00,8.170239329338073730e-01
3.698248565196990967e-01,4.706726551055908203e+00,2.129104137420654297e-01
2.116847224533557892e-02,3.537629604339599609e+00,4.359268844127655029e-01
2.198233455419540405e-01,3.663242340087890625e+00,5.999416708946228027e-01
8.507959842681884766e-01,8.793045282363891602e-01,6.889091730117797852e-01
9.190488457679748535e-01,2.848774194717407227e+00,7.515878677368164062e-01
5.034827589988708496e-01,3.786778211593627930e+00,6.305785775184631348e-01
6.078264117240905762e-01,1.624500632286071777e+00,4.575271904468536377e-01
5.988187193870544434e-01,4.626151323318481445e-01,3.945038616657257080e-01
1.423550993204116821e-01,1.760310053825378418e+00,3.862555697560310364e-02
7.514734268188476562e-01,4.878569602966308594e+00,5.588921308517456055e-01
8.190081715583801270e-01,1.700865983963012695e+00,9.066659212112426758e-01
2.148169577121734619e-01,1.266870021820068359e+00,4.953713715076446533e-02
4.327944815158843994e-01,3.911854982376098633e+00,8.444222211837768555e-01
3.544609844684600830e-01,1.557654261589050293e+00,5.946891307830810547e-01
5.627850294113159180e-01,3.818488836288452148e+00,1.301205605268478394e-01
2.364989519119262695e-01,1.265781521797180176e-01,8.658826351165771484e-01
9.913622140884399414e-01,2.318295717239379883e+00,6.110628601163625717e-03
3.335051238536834717e-01,2.383027553558349609e+00,1.841615140438079834e-01
9.041182994842529297e-01,3.405128479003906250e+00,6.274751424789428711e-01
6.818747520446777344e-01,6.244232133030891418e-02,3.489128649234771729e-01
6.329852342605590820e-01,2.786166191101074219e+00,4.445805847644805908e-01
1.081360056996345520e-01,1.152381420135498047e+00,4.308419227600097656e-01
3.321069180965423584e-01,3.689148902893066406e+00,4.115331768989562988e-01
8.122322559356689453e-01,1.127950191497802734e+00,3.775718212127685547e-01
8.000979572534561157e-02,1.054710075259208679e-01,2.793474197387695312e-01
2.429298758506774902e-01,2.015115737915039062e+00,2.258720993995666504e-01
6.729482859373092651e-02,3.245294809341430664e+00,8.363588899374008179e-02
6.401198506355285645e-01,3.349987983703613281e+00,5.589447617530822754e-01
1.534648891538381577e-02,3.815239429473876953e+00,5.056577920913696289e-02
7.113751173019409180e-01,1.043668746948242188e+00,8.670675158500671387e-01
2.582807242870330811e-01,2.475290536880493164e+00,1.116085276007652283e-01
3.436577022075653076e-01,2.187521696090698242e+00,5.886942744255065918e-01
2.623577415943145752e-01,3.664334058761596680e+00,9.983060956001281738e-01
9.263936877250671387e-01,4.704647064208984375e+00,9.326915144920349121e-01
5.720463991165161133e-01,2.016498088836669922e+00,4.947624504566192627e-01
7.449617385864257812e-01,1.503152132034301758e+00,9.640105366706848145e-01
1.389117389917373657e-01,3.276190519332885742e+00,9.050972461700439453e-01
4.791507720947265625e-01,1.129301667213439941e+00,7.312518358230590820e-01
2.591867148876190186e-01,4.425454884767532349e-02,8.430994153022766113e-01
8.967225551605224609e-01,7.146701216697692871e-01,8.725243210792541504e-01
9.647109508514404297e-01,3.752705574035644531e+00,5.018191337585449219e-01
3.355382680892944336e-01,3.307384729385375977e+00,9.343328475952148438e-01
3.003015816211700439e-01,1.196098923683166504e+00,9.372372627258300781e-01
2.526554763317108154e-01,1.793787717819213867e+00,2.978294193744659424e-01
6.964164972305297852e-01,2.512997388839721680e+00,4.885939061641693115e-01
9.147713780403137207e-01,2.536162853240966797e+00,1.068819239735603333e-01
5.607452392578125000e-01,1.206340193748474121e+00,5.889406800270080566e-01
6.365390419960021973e-01,3.695592880249023438e+00,6.207876801490783691e-01
1.782777160406112671e-01,1.224635004997253418e+00,8.050420284271240234e-01
3.222870528697967529e-01,8.910288810729980469e-01,6.865680813789367676e-01
1.855106949806213379e-01,1.471158981323242188e+00,2.144033014774322510e-01
2.666470110416412354e-01,2.905768156051635742e+00,4.126288369297981262e-02
2.325826287269592285e-01,4.557209014892578125e+00,2.060781717300415039e-01
3.684773296117782593e-02,3.271810770034790039e+00,4.017875343561172485e-02
9.011402726173400879e-01,4.405803382396697998e-01,3.958396315574645996e-01
3.175270259380340576e-01,4.688649654388427734e+00,2.167957872152328491e-01
5.150132179260253906e-01,4.530134677886962891e+00,7.665382027626037598e-01
5.210418105125427246e-01,4.876936912536621094e+00,9.385015368461608887e-01
1.277966350317001343e-01,3.147252798080444336e+00,6.365852952003479004e-01
3.438117802143096924e-01,1.353884577751159668e+00,1.489264219999313354e-01
7.703874707221984863e-01,3.484313011169433594e+00,9.807585179805755615e-02
7.893432974815368652e-01,2.104203701019287109e-01,4.904567077755928040e-02
1.222645714879035950e-01,4.622155189514160156e+00,5.596684217453002930e-01
3.061242103576660156e-01,3.445295989513397217e-02,3.870547413825988770e-01
9.208331257104873657e-02,3.885414361953735352e+00,7.831956148147583008e-01
7.999429702758789062e-01,3.522090911865234375e+00,7.091785073280334473e-01
9.749705195426940918e-01,3.310221731662750244e-01,5.202509760856628418e-01
7.854459881782531738e-01,4.936128616333007812e+00,6.533884406089782715e-01
2.993815243244171143e-01,1.691741824150085449e+00,6.615825891494750977e-01
1.833085864782333374e-01,1.938894391059875488e+00,6.111263111233711243e-02
7.814392447471618652e-01,4.440010547637939453e+00,6.416839957237243652e-01
8.937382698059082031e-01,2.328354120254516602e+00,5.599551200866699219e-01
4.319198429584503174e-01,4.671217918395996094e+00,3.128603696823120117e-01
4.923383295536041260e-01,1.039841651916503906e+00,5.776867270469665527e-01
3.479968905448913574e-01,3.168768882751464844e+00,7.311158776283264160e-01
7.657536771148443222e-03,2.163272142410278320e+00,9.841367602348327637e-02
3.292218446731567383e-01,1.426482915878295898e+00,7.279366850852966309e-01
4.803233779966831207e-03,1.733243107795715332e+00,2.459189891815185547e-01
8.613689541816711426e-01,2.892088174819946289e+00,4.151113629341125488e-01
2.031027078628540039e-01,1.835445046424865723e+00,1.685528457164764404e-01
1.651666611433029175e-01,3.196654319763183594e+00,2.340007722377777100e-01
1.465394254773855209e-02,4.360309839248657227e-01,9.658610224723815918e-01
9.211395978927612305e-01,4.373655021190643311e-01,5.153654217720031738e-01
8.685007095336914062e-01,4.129990577697753906e+00,9.015705585479736328e-01
7.497859001159667969e-01,6.765319108963012695e-01,4.977288842201232910e-01
1.379179656505584717e-01,1.562793970108032227e+00,5.899850726127624512e-01
5.264013260602951050e-02,3.826461076736450195e+00,7.035593390464782715e-01
3.290073275566101074e-01,3.214475393295288086e+00,9.085605740547180176e-01
6.231756806373596191e-01,3.002655267715454102e+00,7.723788022994995117e-01
4.839488267898559570e-01,2.116414606571197510e-01,8.764428086578845978e-03
3.385816812515258789e-01,3.173571348190307617e+00,8.997256159782409668e-01
1.968925148248672485e-01,3.175204515457153320e+00,6.657934188842773438e-01
2.408599853515625000e-01,2.131943464279174805e+00,7.120079994201660156e-01
9.859813451766967773e-01,3.535021781921386719e+00,3.344033658504486084e-01
5.133046582341194153e-02,2.807460069656372070e+00,4.199145138263702393e-01
7.662605643272399902e-01,4.209986686706542969e+00,6.486120223999023438e-01
9.694385528564453125e-01,1.377505302429199219e+00,3.841354548931121826e-01
2.274517156183719635e-02,7.147971391677856445e-01,6.584738492965698242e-01
5.959427356719970703e-01,6.637283563613891602e-01,3.132765293121337891e-01
1.783226132392883301e-01,1.864883422851562500e+00,5.856103897094726562e-01
8.813723921775817871e-01,2.536535978317260742e+00,2.624048590660095215e-01
1.525034606456756592e-01,1.782578706741333008e+00,2.047237157821655273e-01
1.889795213937759399e-01,3.044703006744384766e+00,3.805086016654968262e-01
2.262069880962371826e-01,2.498074293136596680e+00,7.048997879028320312e-01
1.578493118286132812e-01,1.670656323432922363e+00,4.987234771251678467e-01
1.582580655813217163e-01,6.585842370986938477e-01,7.845486402511596680e-01
5.190426111221313477e-01,5.848627686500549316e-01,6.481662392616271973e-01
4.290280640125274658e-01,1.326444298028945923e-01,8.330251574516296387e-01
9.807983040809631348e-02,1.966307461261749268e-01,6.202218532562255859e-01
6.652985215187072754e-01,3.813792705535888672e+00,1.939276754856109619e-01
8.641663193702697754e-02,3.177783012390136719e+00,1.849815398454666138e-01
2.083887457847595215e-01,4.963715076446533203e+00,4.979162812232971191e-01
5.094813704490661621e-01,1.220084428787231445e+00,8.567022085189819336e-01
7.745993137359619141e-02,2.101617336273193359e+00,8.855282664299011230e-01
8.851822614669799805e-01,4.688623428344726562e+00,1.467818915843963623e-01
8.576907515525817871e-01,3.702350616455078125e+00,5.904608368873596191e-01
3.357259631156921387e-01,4.016372859477996826e-01,3.981112241744995117e-01
4.374821484088897705e-02,3.824740648269653320e+00,7.022311687469482422e-01
7.297548055648803711e-01,4.049217998981475830e-01,4.122303724288940430e-01
9.771876931190490723e-01,4.045556545257568359e+00,8.124397397041320801e-01
1.178460270166397095e-01,2.931757450103759766e+00,3.854781687259674072e-01
3.501701951026916504e-01,1.689318299293518066e+00,7.081880569458007812e-01
6.452374458312988281e-01,3.521850347518920898e+00,1.294947415590286255e-01
9.700833559036254883e-01,4.058157205581665039e-01,4.249677062034606934e-01
8.862386345863342285e-01,9.113209247589111328e-01,4.726841151714324951e-01
9.911626577377319336e-01,1.134166836738586426e+00,1.816173344850540161e-01
6.597868800163269043e-01,2.723882675170898438e+00,5.968176126480102539e-01
6.028306484222412109e-01,1.273975014686584473e+00,5.919152498245239258e-01
5.935325026512145996e-01,2.363706588745117188e+00,9.780118465423583984e-01
7.866882681846618652e-01,4.970165729522705078e+00,8.146964907646179199e-01
8.371309041976928711e-01,1.626796007156372070e+00,2.388031929731369019e-01
7.600080966949462891e-01,3.981877565383911133e+00,2.604751288890838623e-01
7.884203195571899414e-01,2.572481632232666016e+00,1.150837019085884094e-01
1.779689639806747437e-01,6.830028295516967773e-01,5.999425053596496582e-01
7.290523052215576172e-01,2.387796640396118164e+00,1.259276121854782104e-01
9.949558973312377930e-01,1.715496778488159180e+00,8.600332140922546387e-01
9.732190966606140137e-01,4.023072719573974609e-01,4.059853851795196533e-01
4.920452237129211426e-01,2.506528377532958984e+00,1.381064802408218384e-01
7.729739546775817871e-01,2.591859102249145508e+00,2.947615981101989746e-01
3.152289241552352905e-02,4.178530693054199219e+00,7.144488096237182617e-01
3.665742278099060059e-01,3.084107160568237305e+00,2.985018789768218994e-01
4.728615283966064453e-01,1.723150489851832390e-03,3.649118244647979736e-01
8.047999739646911621e-01,1.783553481101989746e+00,8.248994946479797363e-01
3.727352246642112732e-02,1.550150156021118164e+00,1.227045208215713501e-01
6.938677430152893066e-01,1.887396097183227539e+00,8.303235173225402832e-01
2.810065448284149170e-01,2.141172409057617188e+00,6.647698879241943359e-01
4.841645061969757080e-01,1.642560243606567383e+00,9.675245285034179688e-01
9.900760650634765625e-01,2.080475568771362305e+00,9.580095410346984863e-01
9.580608606338500977e-01,1.746478825807571411e-01,1.886455267667770386e-01
2.875241637229919434e-01,1.358981132507324219e+00,8.363144397735595703e-01
7.636342644691467285e-01,2.228919029235839844e+00,3.007059693336486816e-01
6.087999343872070312e-01,4.120504260063171387e-01,6.578972339630126953e-01
7.770797014236450195e-01,4.231001853942871094e+00,7.206698060035705566e-01
2.605253458023071289e-01,1.805944085121154785e+00,7.334761619567871094e-01
4.196179807186126709e-01,2.536143541336059570e+00,1.958659291267395020e-01
6.030719280242919922e-01,3.104364395141601562e+00,1.985422372817993164e-01
6.876578330993652344e-01,9.117100834846496582e-01,4.202086031436920166e-01
3.598967790603637695e-01,2.075634002685546875e+00,9.881590008735656738e-01
9.210515618324279785e-01,3.931513309478759766e+00,2.614637017250061035e-01
5.858688354492187500e-01,1.656673401594161987e-01,6.417989134788513184e-01
4.243798851966857910e-01,3.213676214218139648e+00,5.087953805923461914e-01
8.312883786857128143e-03,1.338946700096130371e+00,3.723902404308319092e-01
5.623574256896972656e-01,2.380974292755126953e+00,8.775100708007812500e-01
4.020397067070007324e-01,2.837820768356323242e+00,8.266420960426330566e-01
5.950194001197814941e-01,4.812467098236083984e+00,7.896596789360046387e-01
5.344266891479492188e-01,4.272123813629150391e+00,4.906232953071594238e-01
1.990660130977630615e-01,3.563049316406250000e+00,7.050349712371826172e-01
6.234615445137023926e-01,4.776668071746826172e+00,1.018213927745819092e-01
7.272348403930664062e-01,3.620523214340209961e-02,5.282464027404785156e-01
4.956335723400115967e-01,2.786667585372924805e+00,3.125379383563995361e-01
1.522560715675354004e-01,1.258540511131286621e+00,6.975398063659667969e-01
5.941256284713745117e-01,3.412261724472045898e+00,1.285311132669448853e-01
5.263445377349853516e-01,5.604510307312011719e-01,5.659149289131164551e-01
3.271914124488830566e-01,2.777096509933471680e+00,4.097922239452600479e-03
9.523054957389831543e-01,1.500409722328186035e+00,8.636565804481506348e-01
1.241482421755790710e-01,2.214849948883056641e+00,4.758705794811248779e-01
6.844490170478820801e-01,4.227223396301269531e+00,3.542261570692062378e-02
4.515327215194702148e-01,3.657280445098876953e+00,8.789502382278442383e-01
7.467429041862487793e-01,2.827479131519794464e-02,5.859652161598205566e-01
3.770420551300048828e-01,1.369196295738220215e+00,2.775251567363739014e-01
2.991727367043495178e-02,4.482619762420654297e-01,1.167619004845619202e-01
5.171569809317588806e-02,2.370943546295166016e+00,7.348365187644958496e-01
1.869100928306579590e-01,4.324236392974853516e+00,3.131215274333953857e-01
7.228543758392333984e-01,4.659399986267089844e+00,6.768731474876403809e-01
1.601661294698715210e-01,1.211631774902343750e+00,9.945548772811889648e-01
4.153173565864562988e-01,6.384848356246948242e-01,2.148685902357101440e-01
3.848639726638793945e-01,9.042486548423767090e-02,9.002867341041564941e-01
3.941277861595153809e-01,3.916325271129608154e-01,8.698101639747619629e-01
1.617050915956497192e-01,4.944954872131347656e+00,7.011706829071044922e-01
2.641435563564300537e-01,1.384125828742980957e+00,7.147058844566345215e-01
8.851364254951477051e-01,2.515924215316772461e+00,2.838836312294006348e-01
4.575166106224060059e-02,4.881973266601562500e+00,6.942936182022094727e-01
8.919403553009033203e-01,1.010310769081115723e+00,8.947892189025878906e-01
6.173872947692871094e-01,4.991287887096405029e-01,3.131065368652343750e-01
2.032166421413421631e-01,1.898033022880554199e+00,4.206244051456451416e-01
9.919742345809936523e-01,3.500475645065307617e+00,2.160152345895767212e-01
1.588403135538101196e-01,3.062842607498168945e+00,4.481862783432006836e-01
2.805164158344268799e-01,1.690575957298278809e+00,5.423156619071960449e-01
4.946795701980590820e-01,4.537375926971435547e+00,2.395000457763671875e-01
4.744177311658859253e-02,3.817694485187530518e-01,6.692278385162353516e-01
4.007637798786163330e-01,2.526385307312011719e+00,1.823904514312744141e-01
5.463446974754333496e-01,1.294835329055786133e+00,8.575536012649536133e-01
1.243587434291839600e-01,4.546558380126953125e+00,9.133963584899902344e-01
5.385552644729614258e-01,5.440339446067810059e-01,4.751209318637847900e-01
7.355359792709350586e-01,2.989433050155639648e+00,3.304003477096557617e-01
7.398987412452697754e-01,1.636834859848022461e+00,5.655704736709594727e-01
7.806637287139892578e-01,1.943432927131652832e+00,5.627675056457519531e-01
7.148590404540300369e-03,1.783659577369689941e+00,3.379590809345245361e-01
1.029886379837989807e-01,1.178684949874877930e+00,2.877587974071502686e-01
9.590954184532165527e-01,1.768031001091003418e+00,8.284274935722351074e-01
8.687050342559814453e-01,2.964472293853759766e+00,5.334189534187316895e-01
5.794873237609863281e-01,3.370984792709350586e+00,3.707884252071380615e-01
7.202207446098327637e-01,1.634413480758666992e+00,9.689588546752929688e-01
8.875716328620910645e-01,1.483384966850280762e+00,9.597491025924682617e-01
5.466198921203613281e-02,1.148432254791259766e+00,3.652652502059936523e-01
6.814622282981872559e-01,4.159863665699958801e-02,3.071050345897674561e-01
1.835509836673736572e-01,2.538719654083251953e+00,7.287064790725708008e-01
4.343614727258682251e-02,1.935971498489379883e+00,3.185706436634063721e-01
8.722221851348876953e-01,2.952383041381835938e+00,5.077061653137207031e-01
9.195039272308349609e-01,8.743799924850463867e-01,9.783859848976135254e-01
4.280611574649810791e-01,1.028770208358764648e+00,4.119624197483062744e-01
3.951969146728515625e-01,3.191123008728027344e+00,4.700355529785156250e-01
7.591899484395980835e-03,3.539566755294799805e+00,7.780255675315856934e-01
4.583691656589508057e-01,3.754851341247558594e+00,2.123156636953353882e-01
6.398221254348754883e-01,4.038681983947753906e+00,4.026798307895660400e-01
9.922438859939575195e-01,1.448774814605712891e+00,6.037849783897399902e-01
5.557160377502441406e-01,4.137070655822753906e+00,8.424955010414123535e-01
8.544666767120361328e-01,1.560250401496887207e+00,9.176524877548217773e-01
4.289075434207916260e-01,2.816463470458984375e+00,8.869857192039489746e-01
4.868416190147399902e-01,2.256015300750732422e+00,3.004543483257293701e-01
6.749585866928100586e-01,4.342480659484863281e+00,8.768408894538879395e-01
6.268485188484191895e-01,3.713041067123413086e+00,2.264998108148574829e-01
9.935187101364135742e-01,3.612260103225708008e+00,6.150158047676086426e-01
4.713070094585418701e-01,9.573032259941101074e-01,6.712010502815246582e-01
7.230983376502990723e-01,4.304656982421875000e+00,7.399663925170898438e-01
3.631541132926940918e-01,4.428756237030029297e+00,3.090315163135528564e-01
6.789615154266357422e-01,8.244383931159973145e-01,9.069925546646118164e-01
1.949314326047897339e-01,2.592916965484619141e+00,5.562779903411865234e-01
1.766908168792724609e-01,2.728895902633666992e+00,2.164639681577682495e-01
1.519811749458312988e-01,1.705216646194458008e+00,1.164492815732955933e-01
9.183400869369506836e-01,2.307065725326538086e+00,4.633924067020416260e-01
8.027030825614929199e-01,1.824362948536872864e-02,3.252115547657012939e-01
1.307818293571472168e-01,7.685291767120361328e-01,4.793970286846160889e-01
4.253851771354675293e-01,4.314894676208496094e+00,3.203458786010742188e-01
9.032170176506042480e-01,4.670465469360351562e+00,6.024965643882751465e-01
8.947882056236267090e-01,9.843811392784118652e-01,9.685074687004089355e-01
7.739451527595520020e-01,1.009971022605895996e+00,3.321235179901123047e-01
3.123059868812561035e-01,2.316298723220825195e+00,7.420004606246948242e-01
6.652815937995910645e-01,2.812184333801269531e+00,1.420856863260269165e-01
1.013157740235328674e-01,3.654531717300415039e+00,7.376124262809753418e-01
1.027935072779655457e-01,4.639078617095947266e+00,1.439946293830871582e-01
4.947490394115447998e-01,4.339953064918518066e-01,8.867245912551879883e-01
9.091156125068664551e-01,8.613913059234619141e-01,6.149567365646362305e-01
9.431406259536743164e-01,1.466916084289550781e+00,8.599541187286376953e-01
5.242715477943420410e-01,4.380881309509277344e+00,4.765640199184417725e-01
8.065771460533142090e-01,2.154150962829589844e+00,7.184320688247680664e-01
2.662380039691925049e-01,3.536667346954345703e+00,4.641136229038238525e-01
2.607775628566741943e-01,1.482166171073913574e+00,6.987519860267639160e-01
6.940602660179138184e-01,4.970574855804443359e+00,7.988247275352478027e-01
8.821839094161987305e-01,3.122909307479858398e+00,1.502562910318374634e-01
3.676297664642333984e-01,4.746952056884765625e+00,6.918300390243530273e-01
8.440020680427551270e-01,3.320009231567382812e+00,1.598735749721527100e-01
2.192570865154266357e-01,1.895247697830200195e+00,7.281665205955505371e-01
4.093874990940093994e-01,3.119454145431518555e+00,2.851357758045196533e-01
5.714797973632812500e-01,9.329012036323547363e-01,9.402506351470947266e-01
1.227702721953392029e-01,4.026895523071289062e+00,7.670724391937255859e-01
4.979848265647888184e-01,4.805304408073425293e-01,4.700803160667419434e-01
9.351650476455688477e-01,2.610402345657348633e+00,8.434296846389770508e-01
4.109077453613281250e-01,2.653688430786132812e+00,3.438710570335388184e-01
7.617812156677246094e-01,4.507530331611633301e-01,5.460504889488220215e-01
3.546422123908996582e-01,2.722278833389282227e+00,5.338615179061889648e-01
3.995896577835083008e-01,4.780841469764709473e-01,6.563217192888259888e-02
9.265245497226715088e-02,1.817698925733566284e-01,5.191900730133056641e-01
8.610194325447082520e-01,4.533579349517822266e+00,1.309687495231628418e-01
1.128936558961868286e-01,2.436278909444808960e-01,8.096169680356979370e-02
3.171405568718910217e-02,3.129893839359283447e-01,1.761442869901657104e-01
5.313469171524047852e-01,1.215609550476074219e+00,8.200085163116455078e-01
7.186285406351089478e-02,2.251858949661254883e+00,6.209061741828918457e-01
8.206937313079833984e-01,3.319777250289916992e+00,7.255325317382812500e-01
1.384628117084503174e-01,4.620245456695556641e+00,1.922729909420013428e-01
3.396184146404266357e-01,2.996898174285888672e+00,5.275440216064453125e-01
7.709630727767944336e-01,4.676988124847412109e+00,9.350249171257019043e-01
8.083295822143554688e-01,2.205337285995483398e+00,9.316658973693847656e-01
4.860109090805053711e-01,4.128074347972869873e-01,7.076483964920043945e-01
5.820798501372337341e-02,2.102428674697875977e+00,4.331373572349548340e-01
2.984587848186492920e-01,1.069773077964782715e+00,8.892757296562194824e-01
8.321603536605834961e-01,4.182469844818115234e+00,1.972900032997131348e-01
4.175041615962982178e-01,4.110186100006103516e+00,1.483938843011856079e-01
2.621015906333923340e-01,9.309787750244140625e-01,1.411759704351425171e-01
8.840399384498596191e-01,4.270333766937255859e+00,9.324595928192138672e-01
3.192911148071289062e-01,3.970817923545837402e-01,4.854626655578613281e-01
5.429822802543640137e-01,3.885934829711914062e+00,6.525660157203674316e-01
2.645460665225982666e-01,1.068551898002624512e+00,2.504861354827880859e-01
1.614947617053985596e-01,2.891332626342773438e+00,4.409660100936889648e-01
9.079492688179016113e-01,3.670725345611572266e+00,1.431118696928024292e-01
4.952335953712463379e-01,2.412285566329956055e+00,3.064790368080139160e-01
9.728149771690368652e-01,3.007621049880981445e+00,9.882783889770507812e-01
2.440597265958786011e-01,2.014401674270629883e+00,7.032757997512817383e-01
2.574038207530975342e-01,3.413616657257080078e+00,8.268262147903442383e-01
7.517495155334472656e-01,4.473233222961425781e+00,7.065647244453430176e-01
4.187827408313751221e-01,2.339041709899902344e+00,2.094333916902542114e-01
3.164637684822082520e-01,2.656482458114624023e+00,9.086503386497497559e-01
9.426995515823364258e-01,4.735258102416992188e+00,5.206840038299560547e-01
8.040822148323059082e-01,4.033322334289550781e+00,6.838180869817733765e-02
6.787000298500061035e-01,3.207575559616088867e+00,3.986156545579433441e-03
1.282990723848342896e-01,4.945181369781494141e+00,3.661349117755889893e-01
4.486004114151000977e-01,1.797645330429077148e+00,2.666803598403930664e-01
5.854358077049255371e-01,3.801189899444580078e+00,9.923153519630432129e-01
8.528987169265747070e-01,1.145524859428405762e+00,4.423953592777252197e-01
1.126164570450782776e-01,4.880406856536865234e+00,3.942236304283142090e-01
8.934063315391540527e-01,3.647454023361206055e+00,5.639287233352661133e-01
6.875388026237487793e-01,1.811738610267639160e+00,8.814252018928527832e-01
5.712808966636657715e-01,1.118685126304626465e+00,3.699187040328979492e-01
9.907720088958740234e-01,3.488531589508056641e+00,3.602175712585449219e-01
6.518834829330444336e-01,2.845434904098510742e+00,6.730859875679016113e-01
9.574534893035888672e-01,1.787505626678466797e+00,8.980969786643981934e-01
6.899129748344421387e-01,4.280060768127441406e+00,1.066543385386466980e-01
1.713822931051254272e-01,4.939303874969482422e+00,3.800680935382843018e-01
6.939801573753356934e-01,1.243755966424942017e-01,7.912459373474121094e-01
1.347973197698593140e-01,3.324273347854614258e+00,4.739058017730712891e-01
4.021075069904327393e-01,1.690450072288513184e+00,7.911826968193054199e-01
1.457632482051849365e-01,4.695773124694824219e+00,8.086596727371215820e-01
8.328022360801696777e-01,3.542365074157714844e+00,8.972105979919433594e-01
4.955592751502990723e-01,9.795454740524291992e-01,5.967977643013000488e-01
4.738558828830718994e-01,2.513643264770507812e+00,2.103307247161865234e-01
2.750132381916046143e-01,7.844287157058715820e-01,4.713384211063385010e-01
5.636174082756042480e-01,2.483550786972045898e+00,8.458926081657409668e-01
4.653551876544952393e-01,1.850426912307739258e+00,1.811966001987457275e-01
9.353577494621276855e-01,7.835209965705871582e-01,9.620596170425415039e-01
7.401636242866516113e-01,3.047670364379882812e+00,1.551477909088134766e-01
2.773517072200775146e-01,3.453851938247680664e+00,8.459489345550537109e-01
2.270037531852722168e-01,2.842316031455993652e-01,2.165354192256927490e-01
7.383657097816467285e-01,3.816952228546142578e+00,8.859399557113647461e-01
9.249198436737060547e-01,2.453026533126831055e+00,4.012891650199890137e-01
1.696374267339706421e-02,3.563014566898345947e-01,7.326068282127380371e-01
9.397110342979431152e-01,6.803537011146545410e-01,2.374994605779647827e-01
8.996339440345764160e-01,4.379590511322021484e+00,2.673307061195373535e-01
1.064379215240478516e-01,3.244231700897216797e+00,9.352484941482543945e-01
7.250022292137145996e-01,2.321190834045410156e+00,7.195841073989868164e-01
8.091742545366287231e-02,2.691513061523437500e+00,4.563795030117034912e-01
4.113072901964187622e-02,3.011917352676391602e+00,8.846859931945800781e-01
3.930937647819519043e-01,3.729730606079101562e+00,9.944722056388854980e-01
4.869976639747619629e-02,2.933169364929199219e+00,8.764255046844482422e-01
3.107913136482238770e-01,3.692037343978881836e+00,3.900101184844970703e-01
3.005104660987854004e-01,3.037477016448974609e+00,5.511721968650817871e-01
1.634501293301582336e-02,4.017289638519287109e+00,7.459455132484436035e-01
5.866590142250061035e-01,5.295419692993164062e-01,2.861649394035339355e-01
5.012336969375610352e-01,4.696143150329589844e+00,1.085236221551895142e-01
6.067468523979187012e-01,4.676823616027832031e+00,2.125900238752365112e-01
9.599890708923339844e-01,2.539157867431640625e+00,5.802996158599853516e-01
2.809529602527618408e-01,4.255732059478759766e+00,2.097903564572334290e-02
8.363772183656692505e-02,3.236726760864257812e+00,6.605421304702758789e-01
8.421455025672912598e-01,3.707653284072875977e+00,8.699793219566345215e-01
6.030242443084716797e-01,3.752050399780273438e-01,3.508910238742828369e-01
5.069358348846435547e-01,3.939836502075195312e+00,9.358795881271362305e-01
2.318836450576782227e-01,3.665908813476562500e+00,1.327551249414682388e-02
2.402787283062934875e-02,3.787969350814819336e-01,6.807966828346252441e-01
4.500395059585571289e-01,3.784697771072387695e+00,7.105261087417602539e-01
1.373340338468551636e-01,4.430922031402587891e+00,4.728622138500213623e-01
8.609867691993713379e-01,1.065039169043302536e-02,2.272515445947647095e-01
9.584268927574157715e-01,7.795847654342651367e-01,7.063676118850708008e-01
8.935137987136840820e-01,4.882614612579345703e+00,6.384108066558837891e-01
5.187209248542785645e-01,1.181408762931823730e+00,5.938147902488708496e-01
2.993896976113319397e-02,4.412207007408142090e-01,2.375284433364868164e-01
4.766517281532287598e-01,4.425048828125000000e+00,2.909863889217376709e-01
6.458856463432312012e-01,1.063885450363159180e+00,7.645747661590576172e-01
3.939369022846221924e-01,4.387693405151367188e+00,5.234014391899108887e-01
6.946948170661926270e-01,4.286839962005615234e+00,4.015649259090423584e-01
8.194094896316528320e-01,7.961810231208801270e-01,6.454713344573974609e-01
9.163970351219177246e-01,2.226376533508300781e+00,5.498576164245605469e-01
4.368138611316680908e-01,4.428894042968750000e+00,6.038056015968322754e-01
5.792529582977294922e-01,1.135985016822814941e+00,3.030273616313934326e-01
7.415102124214172363e-01,4.609016418457031250e+00,3.127864301204681396e-01
1.706795543432235718e-01,2.600879430770874023e+00,6.947605013847351074e-01
1.869367063045501709e-01,4.174437046051025391e+00,3.190241754055023193e-01
4.095464348793029785e-01,1.903589367866516113e+00,2.218740284442901611e-01
9.577431082725524902e-01,6.601459383964538574e-01,6.735907793045043945e-01
1.804894953966140747e-01,2.400941848754882812e+00,7.826703786849975586e-01
9.265834689140319824e-01,2.298477888107299805e+00,1.246690005064010620e-01
5.371840596199035645e-01,3.230170726776123047e+00,9.307529330253601074e-01
1.981414109468460083e-01,3.042032003402709961e+00,1.913889199495315552e-01
4.723263382911682129e-01,2.981451272964477539e+00,7.615344524383544922e-01
6.423699259757995605e-01,1.318615794181823730e+00,3.626759946346282959e-01
5.694679021835327148e-01,2.344926118850708008e+00,7.565027475357055664e-02
5.297216773033142090e-01,2.046626567840576172e+00,6.299109458923339844e-01
5.574910044670104980e-01,4.651551246643066406e+00,3.034219741821289062e-01
8.059204220771789551e-01,3.388364076614379883e+00,9.033596515655517578e-01
3.735533952713012695e-01,2.008441448211669922e+00,3.625458776950836182e-01
7.946969866752624512e-01,2.347532510757446289e+00,7.543711662292480469e-01
5.747270584106445312e-01,4.257186353206634521e-01,2.626847326755523682e-01
6.787071470171213150e-03,3.341798067092895508e+00,6.844725608825683594e-01
3.923718333244323730e-01,1.642330169677734375e+00,5.031808614730834961e-01
3.102979660034179688e-01,1.151685833930969238e+00,6.219140291213989258e-01
8.942937850952148438e-01,7.505774497985839844e-01,6.338440626859664917e-02
6.333464980125427246e-01,4.921023368835449219e+00,4.473268389701843262e-01
4.156982898712158203e-02,4.305467903614044189e-01,7.178214192390441895e-01
9.560685157775878906e-01,4.600665092468261719e+00,3.659760653972625732e-01
2.948956191539764404e-01,4.009313106536865234e+00,3.965471386909484863e-01
5.177154541015625000e-01,4.670525074005126953e+00,1.128429621458053589e-01
6.933656930923461914e-01,2.644273757934570312e+00,3.421082347631454468e-02
8.154137134552001953e-01,4.204222679138183594e+00,4.724425971508026123e-01
3.054503723978996277e-02,3.766673326492309570e+00,6.969841122627258301e-01
3.765525817871093750e-01,3.217727899551391602e+00,9.975151419639587402e-01
5.112248063087463379e-01,3.754471778869628906e+00,2.945109903812408447e-01
5.143868327140808105e-01,1.337648749351501465e+00,7.510556280612945557e-02
2.850309014320373535e-01,3.973476648330688477e+00,1.407533586025238037e-01
7.072338461875915527e-01,2.382725477218627930e+00,8.038409352302551270e-01
7.183020114898681641e-01,3.514927864074707031e+00,9.774764776229858398e-01
9.389095306396484375e-01,4.407008647918701172e+00,2.805102467536926270e-01
9.781363010406494141e-01,4.069535732269287109e+00,8.335129618644714355e-01
1.199198663234710693e-01,3.339054107666015625e+00,7.063999772071838379e-01
9.166362881660461426e-01,3.075472116470336914e+00,4.083263874053955078e-01
1.603569537401199341e-01,4.931193828582763672e+00,8.401485681533813477e-01
4.775188565254211426e-01,2.108970403671264648e+00,7.307487130165100098e-01
7.817624807357788086e-01,2.559273481369018555e+00,4.366853833198547363e-01
6.523571014404296875e-01,2.833289802074432373e-01,2.483981400728225708e-01
7.077223062515258789e-01,1.642040729522705078e+00,2.935445904731750488e-01
2.384227812290191650e-01,4.093024730682373047e+00,1.025865599513053894e-01
9.527308940887451172e-01,4.374045372009277344e+00,2.849725782871246338e-01
6.856845617294311523e-01,2.846957445144653320e+00,8.072601556777954102e-01
3.981747627258300781e-01,1.576695919036865234e+00,1.147376671433448792e-01
4.817481040954589844e-01,1.434708595275878906e+00,9.237920492887496948e-02
9.184766411781311035e-01,3.249601423740386963e-01,4.877039492130279541e-01
5.138147473335266113e-01,4.551884174346923828e+00,9.244523197412490845e-02
8.581663966178894043e-01,1.536579132080078125e-01,3.459770381450653076e-01
7.971172779798507690e-02,4.261641502380371094e-01,5.822376608848571777e-01
5.549150109291076660e-01,3.165912151336669922e+00,3.148425519466400146e-01
2.516691386699676514e-01,8.963199257850646973e-01,6.397686600685119629e-01
2.170692831277847290e-01,3.953865051269531250e+00,5.522426962852478027e-01
7.385185956954956055e-01,1.659931421279907227e+00,7.231804132461547852e-01
3.180177211761474609e-01,2.303831100463867188e+00,7.483236789703369141e-01
7.978667020797729492e-01,3.803181171417236328e+00,7.022827267646789551e-01
4.842108488082885742e-01,2.083646059036254883e+00,5.390812754631042480e-01
6.543765068054199219e-01,5.519049167633056641e-01,4.615111052989959717e-01
1.459651142358779907e-01,4.579312801361083984e+00,3.077011406421661377e-01
1.595301926136016846e-01,5.078821778297424316e-01,5.639334917068481445e-01
5.526898056268692017e-02,3.225503683090209961e+00,2.075720131397247314e-01
8.976184725761413574e-01,4.366543769836425781e+00,7.538431286811828613e-01
6.850501149892807007e-02,9.025762677192687988e-01,3.028083145618438721e-01
7.636269927024841309e-01,2.300367116928100586e+00,8.969868421554565430e-01
4.922979325056076050e-02,1.831899642944335938e+00,1.896242350339889526e-01
1.615937650203704834e-01,6.564986705780029297e-01,7.333095185458660126e-03
7.884843945503234863e-01,2.225524187088012695e+00,3.406296074390411377e-01
6.394591927528381348e-01,2.404772043228149414e+00,7.904088497161865234e-01
1.392717808485031128e-01,4.578573703765869141e+00,9.309781789779663086e-01
6.361074447631835938e-01,4.280294895172119141e+00,6.215710639953613281e-01
8.956151008605957031e-01,4.548601627349853516e+00,6.532579064369201660e-01
1.223238781094551086e-01,3.860169649124145508e+00,7.732865810394287109e-01
5.746077299118041992e-01,1.122037410736083984e+00,7.378290891647338867e-01
6.968851089477539062e-01,4.888162136077880859e+00,4.388945400714874268e-01
2.390445917844772339e-01,3.786193132400512695e+00,1.466100662946701050e-02
7.579303979873657227e-01,4.526764869689941406e+00,8.208358883857727051e-01
9.241919517517089844e-01,3.517724514007568359e+00,6.621404290199279785e-01
2.132732272148132324e-01,4.076148509979248047e+00,6.159026026725769043e-01
2.098205834627151489e-01,4.097577095031738281e+00,8.377910256385803223e-01
9.870365262031555176e-01,3.034111261367797852e+00,4.759572744369506836e-01
4.090887606143951416e-01,2.896984815597534180e+00,9.088240265846252441e-01
9.734278917312622070e-01,1.303662538528442383e+00,2.866218090057373047e-01
7.592453956604003906e-01,4.182334899902343750e+00,2.448123246431350708e-01
4.689251780509948730e-01,3.725061178207397461e+00,3.438424766063690186e-01
5.153471231460571289e-01,1.226972699165344238e+00,8.955553770065307617e-01
6.614254713058471680e-01,4.476710319519042969e+00,2.673655450344085693e-01
1.594968289136886597e-01,3.521649599075317383e+00,8.796602487564086914e-01
7.960761189460754395e-01,1.732056379318237305e+00,9.367941617965698242e-01
6.233518719673156738e-01,1.225775241851806641e+00,2.449639141559600830e-01
1.431615352630615234e-01,1.874726057052612305e+00,1.936222314834594727e-01
4.368569552898406982e-01,4.466835975646972656e+00,3.099298775196075439e-01
9.585013389587402344e-01,3.472892999649047852e+00,3.293359279632568359e-01
5.983657240867614746e-01,4.022093415260314941e-01,5.386734604835510254e-01
9.907560944557189941e-01,1.680594205856323242e+00,4.883511662483215332e-01
2.979557961225509644e-02,2.227885484695434570e+00,9.254705309867858887e-01
3.271325528621673584e-01,3.519153118133544922e+00,4.922897517681121826e-01
4.092367887496948242e-01,2.127811431884765625e+00,6.791387796401977539e-01
5.243474245071411133e-01,2.101645231246948242e+00,6.816444993019104004e-01
2.105701155960559845e-02,1.953834056854248047e+00,7.147800326347351074e-01
3.306002318859100342e-01,4.682662010192871094e+00,6.609997153282165527e-01
9.422448873519897461e-01,4.244305610656738281e+00,7.284187674522399902e-01
2.803049385547637939e-01,3.292623996734619141e+00,9.245303273200988770e-01
2.326722443103790283e-01,7.189154624938964844e-01,1.449832040816545486e-02
4.933068454265594482e-01,1.384912490844726562e+00,8.982000946998596191e-01
9.639772772789001465e-02,2.793520927429199219e+00,3.796380162239074707e-01
7.938602566719055176e-01,2.077969551086425781e+00,5.761459469795227051e-01
2.557829618453979492e-01,2.005107879638671875e+00,3.495904803276062012e-01
5.957340076565742493e-02,2.342791408300399780e-01,5.957082845270633698e-03
3.253777921199798584e-01,3.778618335723876953e+00,8.664847612380981445e-01
4.075718224048614502e-01,3.634223461151123047e+00,2.028632462024688721e-01
2.902662456035614014e-01,4.624670982360839844e+00,1.966586560010910034e-01
9.524602442979812622e-02,2.570475101470947266e+00,6.328907012939453125e-01
5.816631317138671875e-01,1.207441210746765137e+00,8.370584249496459961e-02
5.292231440544128418e-01,2.148706436157226562e+00,7.105422019958496094e-01
6.388375163078308105e-01,1.337099313735961914e+00,2.685718834400177002e-01
2.210035771131515503e-01,2.079943418502807617e+00,8.831180334091186523e-01
8.510350584983825684e-01,3.555624723434448242e+00,2.794694006443023682e-01
5.382954478263854980e-01,4.203545093536376953e+00,2.799251079559326172e-01
3.299166262149810791e-01,3.763105869293212891e+00,5.156869292259216309e-01
2.505391538143157959e-01,9.723890423774719238e-01,4.848788380622863770e-01
8.675730824470520020e-01,3.707075357437133789e+00,5.297663211822509766e-01
5.397984385490417480e-01,1.219965100288391113e+00,3.198418021202087402e-01
1.725137382745742798e-01,3.153000593185424805e+00,2.768409252166748047e-01
3.137084245681762695e-01,5.352665856480598450e-02,5.970233082771301270e-01
8.842684626579284668e-01,1.442504405975341797e+00,5.187811702489852905e-02
3.898376822471618652e-01,4.508319854736328125e+00,3.036785125732421875e-01
6.366369128227233887e-01,4.051387310028076172e+00,5.423675775527954102e-01
8.134505152702331543e-01,3.970469713211059570e+00,2.390215098857879639e-01
1.100083142518997192e-01,3.157554864883422852e+00,1.891716420650482178e-01
7.797693610191345215e-01,1.954241245985031128e-01,6.815872341394424438e-02
8.341418504714965820e-01,1.062735557556152344e+00,8.753579854965209961e-01
1.854956299066543579e-01,1.626323580741882324e+00,8.143287301063537598e-01
9.677005410194396973e-01,2.552382946014404297e-01,7.513206005096435547e-01
4.256927594542503357e-02,2.983114421367645264e-01,6.610769629478454590e-01
1.851126253604888916e-01,4.169541835784912109e+00,4.035484194755554199e-01
3.589164614677429199e-01,2.830223798751831055e+00,5.284460186958312988e-01
4.913167953491210938e-01,4.201472699642181396e-01,9.146472811698913574e-01
9.554164409637451172e-01,3.595539554953575134e-02,5.800598859786987305e-01
9.203001856803894043e-01,2.577081680297851562e+00,9.163227677345275879e-01
6.535925865173339844e-01,2.464653968811035156e+00,8.133944869041442871e-01
2.711135745048522949e-01,3.457577466964721680e+00,8.141847699880599976e-02
7.730528712272644043e-02,2.651626110076904297e+00,4.079099893569946289e-01
5.251007676124572754e-01,1.166121244430541992e+00,8.893064260482788086e-01
6.599614769220352173e-02,5.708677768707275391e-01,1.687081158161163330e-02
5.529255867004394531e-01,1.195725798606872559e+00,8.887692093849182129e-01
6.686727404594421387e-01,1.000183105468750000e+00,8.386252522468566895e-01
4.729956388473510742e-01,3.227905273437500000e+00,8.870767354965209961e-01
7.453460097312927246e-01,1.903483510017395020e+00,4.688186943531036377e-01
2.082689702510833740e-01,3.341312408447265625e+00,8.453173041343688965e-01
3.929770588874816895e-01,2.331406354904174805e+00,4.067657887935638428e-01
2.988653481006622314e-01,3.293383494019508362e-02,3.546937406063079834e-01
8.363869190216064453e-01,1.222407102584838867e+00,1.382377892732620239e-01
3.499267250299453735e-02,1.333409667015075684e+00,2.747197151184082031e-01
3.927941024303436279e-01,4.205033302307128906e+00,7.259699050337076187e-03
4.930619001388549805e-01,2.655848979949951172e+00,8.839936852455139160e-01
5.730328559875488281e-01,7.140706181526184082e-01,1.951758265495300293e-01
3.363472521305084229e-01,1.534910440444946289e+00,4.931534230709075928e-01
5.081997513771057129e-01,5.500112771987915039e-01,1.900664158165454865e-02
2.111021876335144043e-01,2.080952644348144531e+00,3.701790273189544678e-01
6.212384104728698730e-01,3.565385341644287109e-01,2.651936709880828857e-01
4.483376443386077881e-01,1.495542168617248535e+00,8.335067033767700195e-01
6.951452046632766724e-02,2.875977516174316406e+00,5.092738270759582520e-01
6.788039803504943848e-01,6.348602175712585449e-01,1.957877576351165771e-01
1.798531413078308105e-01,1.511333107948303223e+00,9.381930828094482422e-01
4.878658056259155273e-01,3.679336309432983398e+00,2.596249878406524658e-01
7.823619246482849121e-01,3.269653320312500000e-01,2.450506240129470825e-01
6.633272171020507812e-01,4.740018844604492188e+00,1.170036792755126953e-01
4.223379790782928467e-01,3.858860969543457031e+00,6.666492223739624023e-01
9.963836073875427246e-01,3.813296079635620117e+00,1.685124635696411133e-01
8.498489111661911011e-02,5.592183396220207214e-02,5.881921648979187012e-01
9.983119964599609375e-01,3.943452835083007812e+00,1.794131249189376831e-01
4.101133942604064941e-01,4.440142631530761719e+00,3.053983449935913086e-01
8.931534886360168457e-01,3.883558988571166992e+00,1.279190480709075928e-01
8.251360654830932617e-01,1.014711022377014160e+00,4.534061625599861145e-02
4.878377318382263184e-01,5.947406589984893799e-02,7.487937062978744507e-02
7.227720618247985840e-01,1.802801251411437988e+00,8.087380528450012207e-01
8.208574056625366211e-01,1.738416433334350586e+00,4.419186711311340332e-01
5.145985484123229980e-01,4.641443729400634766e+00,1.204201951622962952e-01
1.301389485597610474e-01,4.658901214599609375e+00,5.569459199905395508e-01
3.730876743793487549e-01,3.026334047317504883e+00,5.991962552070617676e-01
9.006929397583007812e-02,1.291104078292846680e+00,3.034284412860870361e-01
7.103629708290100098e-01,3.470813274383544922e+00,5.676735043525695801e-01
8.920691609382629395e-01,2.249454259872436523e+00,2.625169456005096436e-01
4.821016192436218262e-01,4.302432060241699219e+00,6.565064191818237305e-01
7.447899580001831055e-01,1.250193357467651367e+00,5.832243561744689941e-01
6.913921236991882324e-02,3.235748767852783203e+00,2.124107182025909424e-01
9.596483111381530762e-01,3.751028537750244141e+00,4.399720132350921631e-01
7.618146538734436035e-01,4.279840946197509766e+00,6.892334222793579102e-01
2.218367010354995728e-01,1.732536673545837402e+00,4.614577591419219971e-01
8.189284801483154297e-01,2.874807357788085938e+00,5.374783277511596680e-01
6.722026467323303223e-01,2.756869792938232422e+00,6.498926877975463867e-02
3.454707860946655273e-01,2.232842683792114258e+00,1.178705170750617981e-01
2.953107953071594238e-01,3.966067552566528320e+00,7.347713708877563477e-01
4.974607229232788086e-01,3.173869371414184570e+00,8.752725720405578613e-01
5.734929442405700684e-01,8.400211930274963379e-01,1.662473566830158234e-02
1.102564577013254166e-02,2.195934295654296875e+00,4.083898067474365234e-01
4.851759672164916992e-01,3.820182085037231445e+00,2.551005780696868896e-01
1.827735006809234619e-01,1.459073185920715332e+00,7.997702956199645996e-01
1.512241512537002563e-01,4.690051555633544922e+00,1.904736459255218506e-01
3.439131379127502441e-01,3.068903446197509766e+00,4.628030359745025635e-01
2.973086535930633545e-01,2.691774129867553711e+00,2.726605832576751709e-01
2.675120234489440918e-01,1.555395007133483887e+00,8.768265247344970703e-01
5.306431055068969727e-01,1.049744725227355957e+00,8.568156957626342773e-01
7.915285825729370117e-01,1.646433353424072266e+00,8.586640954017639160e-01
1.225460842251777649e-01,2.440691232681274414e+00,4.646993279457092285e-01
5.260452032089233398e-01,1.761350154876708984e+00,6.392021179199218750e-01
9.038389921188354492e-01,3.925982475280761719e+00,5.867717787623405457e-02
2.736164331436157227e-01,3.944253623485565186e-01,5.321531742811203003e-02
2.813521623611450195e-01,6.570664644241333008e-01,4.918699264526367188e-01
6.505692601203918457e-01,3.797613382339477539e+00,2.760274410247802734e-01
9.618262052536010742e-01,1.401414036750793457e+00,3.286561071872711182e-01
3.142449557781219482e-01,3.766883909702301025e-02,5.771661996841430664e-01
3.746959269046783447e-01,2.855226516723632812e+00,2.998392283916473389e-01
4.122879505157470703e-01,2.253194093704223633e+00,1.401471942663192749e-01
4.525311887264251709e-01,3.732043504714965820e+00,6.942109465599060059e-01
9.616906046867370605e-01,4.535267829895019531e+00,6.939029693603515625e-01
2.408799976110458374e-01,3.446443319320678711e+00,7.671779394149780273e-02
7.831900715827941895e-01,3.195679560303688049e-02,6.486996412277221680e-01
9.043437242507934570e-02,2.654907226562500000e+00,3.419738635420799255e-02
1.437372118234634399e-01,4.197377204895019531e+00,3.185189366340637207e-01
2.822870202362537384e-02,2.413566589355468750e+00,5.711321830749511719e-01
4.968179389834403992e-02,2.200580835342407227e+00,5.027770400047302246e-01
8.388676047325134277e-01,1.405149221420288086e+00,4.767985939979553223e-01
4.275879561901092529e-01,2.134605646133422852e+00,5.682651400566101074e-01
4.223339259624481201e-01,4.285599231719970703e+00,8.219850063323974609e-01
2.431770116090774536e-01,4.121855735778808594e+00,3.953895568847656250e-01
8.530804514884948730e-01,2.796205282211303711e+00,6.183596849441528320e-01
9.966740012168884277e-01,2.521908521652221680e+00,4.453485831618309021e-02
1.989030539989471436e-01,6.251035928726196289e-01,3.546280562877655029e-01
4.131018742918968201e-02,2.976550102233886719e+00,2.794255316257476807e-01
2.015296667814254761e-01,4.067567825317382812e+00,8.404381275177001953e-01
1.973991990089416504e-01,4.182973384857177734e+00,3.922562599182128906e-01
1.885520517826080322e-01,1.969421982765197754e+00,5.145932435989379883e-01
6.709654927253723145e-01,2.417824268341064453e+00,4.261811971664428711e-01
6.960263252258300781e-01,4.134255409240722656e+00,5.484262108802795410e-01
2.789770811796188354e-02,3.382877111434936523e+00,2.741319835186004639e-01
9.046484231948852539e-01,4.265554904937744141e+00,2.540782690048217773e-01
9.772840142250061035e-01,4.378287792205810547e+00,7.759009003639221191e-01
6.109778881072998047e-01,1.199309110641479492e+00,5.466039776802062988e-01
4.831715226173400879e-01,1.631345987319946289e+00,6.682828664779663086e-01
5.073546171188354492e-01,2.853219747543334961e+00,1.497734785079956055e-01
6.507944315671920776e-02,2.605849981307983398e+00,5.036833882331848145e-01
1.093009836040437222e-03,1.692211389541625977e+00,2.812724709510803223e-01
2.167813712731003761e-03,5.083915591239929199e-01,3.914650380611419678e-01
2.518941164016723633e-01,3.495105981826782227e+00,5.498849600553512573e-02
4.339807927608489990e-01,6.283681392669677734e-01,5.930215120315551758e-01
1.474440395832061768e-01,3.292127370834350586e+00,3.137606978416442871e-01
1.520908921957015991e-01,4.941185474395751953e+00,7.562711238861083984e-01
4.239078462123870850e-01,1.997557163238525391e+00,7.071990966796875000e-01
8.649933934211730957e-01,3.569979667663574219e+00,5.126254558563232422e-01
5.383712053298950195e-01,2.119465589523315430e+00,7.838234901428222656e-01
3.653093278408050537e-01,1.068253517150878906e+00,2.252039015293121338e-01
3.073985576629638672e-01,2.318571329116821289e+00,9.537871479988098145e-01
1.334782689809799194e-01,1.270699948072433472e-01,2.520997226238250732e-01
7.790806293487548828e-01,3.456067562103271484e+00,1.070469990372657776e-01
2.206948995590209961e-01,4.203882694244384766e+00,9.841983914375305176e-01
3.682381808757781982e-01,1.630883336067199707e+00,4.512938857078552246e-01
7.481463551521301270e-01,3.840144395828247070e+00,6.080003976821899414e-01
7.523999810218811035e-01,1.969371438026428223e+00,6.409068107604980469e-01
9.083290696144104004e-01,8.217961192131042480e-01,4.365264475345611572e-01
3.453433215618133545e-01,3.900068759918212891e+00,9.915513992309570312e-01
2.197611927986145020e-01,3.610974788665771484e+00,3.930938616394996643e-02
3.665253818035125732e-01,9.236466288566589355e-01,9.260655045509338379e-01
6.992036700248718262e-01,3.919683933258056641e+00,2.609062194824218750e-01
9.125426411628723145e-01,3.667180240154266357e-01,2.834666371345520020e-01
5.147471427917480469e-01,4.829535961151123047e+00,9.616967439651489258e-01
5.579399466514587402e-01,1.230567097663879395e+00,5.879998207092285156e-01
9.310057759284973145e-01,4.307111263275146484e+00,1.456879079341888428e-01
2.287847101688385010e-01,1.296429514884948730e+00,7.467312812805175781e-01
8.745050430297851562e-02,3.025777637958526611e-01,2.128230631351470947e-01
1.648538708686828613e-01,2.566617131233215332e-01,6.297313570976257324e-01
3.377660810947418213e-01,3.743603080511093140e-02,3.614597916603088379e-01
6.319295763969421387e-01,3.593200683593750000e+00,9.491665363311767578e-01
7.973634600639343262e-01,3.475042104721069336e+00,1.082360446453094482e-01
4.621306657791137695e-01,3.778912305831909180e+00,2.219161391258239746e-01
4.321644902229309082e-01,3.179215669631958008e+00,8.564013838768005371e-01
3.413410484790802002e-01,2.615610659122467041e-01,2.997368574142456055e-01
3.832278847694396973e-01,2.615876674652099609e+00,8.846234083175659180e-01
1.634552627801895142e-01,7.502029538154602051e-01,1.311410516500473022e-01
7.582563757896423340e-01,8.279298543930053711e-01,5.980001091957092285e-01
9.375702738761901855e-01,4.424708843231201172e+00,5.589264631271362305e-01
4.498499929904937744e-01,4.572852551937103271e-01,4.619303941726684570e-01
2.641490399837493896e-01,1.659801959991455078e+00,6.328541040420532227e-01
2.726566195487976074e-01,4.953406810760498047e+00,5.402333736419677734e-01
4.969435632228851318e-01,4.784153997898101807e-01,8.845936655998229980e-01
7.415241003036499023e-01,5.545553937554359436e-02,3.627427816390991211e-01
2.227086126804351807e-01,2.835954189300537109e+00,6.919326186180114746e-01
3.613776266574859619e-01,3.111309528350830078e+00,2.500155568122863770e-01
4.975255727767944336e-01,4.507182121276855469e+00,1.801245510578155518e-01
8.478671312332153320e-01,1.585727572441101074e+00,8.296049833297729492e-01
4.073541462421417236e-01,3.619562983512878418e-01,1.986785233020782471e-01
6.722144484519958496e-01,4.379632472991943359e+00,8.873620033264160156e-01
8.248581290245056152e-01,7.700296044349670410e-01,2.632780969142913818e-01
4.225206971168518066e-01,1.905964761972427368e-01,5.715773105621337891e-01
1.964303106069564819e-01,4.675722599029541016e+00,6.990552544593811035e-01
2.867734804749488831e-02,1.287098765373229980e+00,2.268188297748565674e-01
5.199354514479637146e-02,3.807063102722167969e+00,7.203276753425598145e-01
5.455556511878967285e-01,3.531604290008544922e+00,9.226458668708801270e-01
5.832796692848205566e-01,2.133227825164794922e+00,2.116793543100357056e-01
4.597562253475189209e-01,1.076934576034545898e+00,7.309499382972717285e-01
9.714931845664978027e-01,6.800221204757690430e-01,6.996799111366271973e-01
5.612085461616516113e-01,1.219780802726745605e+00,4.310009777545928955e-01
2.182581126689910889e-01,1.812887787818908691e+00,3.754667043685913086e-01
9.674952179193496704e-02,7.092795521020889282e-02,2.464241683483123779e-01
5.464212298393249512e-01,3.968389987945556641e+00,7.058344483375549316e-01
6.494155526161193848e-01,1.754948198795318604e-01,6.123947501182556152e-01
6.504667997360229492e-01,2.770173072814941406e+00,6.465148925781250000e-01
9.151858091354370117e-01,3.417996168136596680e+00,7.699050307273864746e-01
2.684412151575088501e-02,4.280550479888916016e-01,2.748621627688407898e-02
6.096386313438415527e-01,1.667172074317932129e+00,1.795251965522766113e-01
3.739451169967651367e-01,3.087005138397216797e+00,9.187958203256130219e-03
8.765956759452819824e-01,4.842386722564697266e+00,5.403772592544555664e-01
3.496112227439880371e-01,1.293096065521240234e+00,7.394607067108154297e-01
2.358583956956863403e-01,3.984738588333129883e+00,8.410445451736450195e-01
9.628356099128723145e-01,4.578521251678466797e+00,6.275294423103332520e-01
3.645983040332794189e-01,4.599253177642822266e+00,4.359561502933502197e-01
3.953683972358703613e-01,1.505415916442871094e+00,9.536272287368774414e-01
1.502600610256195068e-01,4.710262775421142578e+00,2.218298017978668213e-01
8.983717113733291626e-02,2.283848524093627930e+00,7.990090847015380859e-01
1.325981505215167999e-02,2.283002138137817383e+00,9.602755904197692871e-01
2.480352967977523804e-01,4.168715953826904297e+00,4.012103080749511719e-01
6.475636363029479980e-01,5.344910025596618652e-01,1.881987303495407104e-01
3.632692694664001465e-01,1.951628446578979492e+00,7.000420242547988892e-02
1.074661463499069214e-01,9.853786230087280273e-01,9.158942103385925293e-01
2.331499457359313965e-01,1.811321377754211426e+00,6.045728176832199097e-02
7.623680233955383301e-01,3.605770826339721680e+00,9.507965445518493652e-01
7.572343945503234863e-01,2.714588403701782227e+00,4.526716172695159912e-01
6.832859516143798828e-01,2.335895061492919922e+00,6.614326238632202148e-01
7.531275749206542969e-01,4.627473831176757812e+00,1.562695801258087158e-01
4.226957559585571289e-01,1.913325071334838867e+00,3.235530853271484375e-01
1.006431430578231812e-01,3.008569955825805664e+00,2.843191921710968018e-01
1.429891586303710938e-01,1.966936230659484863e+00,4.969682395458221436e-01
6.164494529366493225e-02,3.218871593475341797e+00,1.924158930778503418e-01
2.366417497396469116e-01,3.840308666229248047e+00,2.147476747632026672e-02
8.302928805351257324e-01,8.719340562820434570e-01,5.685760378837585449e-01
2.374830543994903564e-01,2.852849721908569336e+00,7.821253538131713867e-01
3.564072549343109131e-01,3.253622770309448242e+00,7.355877757072448730e-01
1.446808427572250366e-01,4.136278629302978516e+00,1.496203094720840454e-01
7.294887304306030273e-01,2.450065374374389648e+00,4.284659028053283691e-01
6.581836193799972534e-02,2.829960823059082031e+00,5.671585798263549805e-01
7.248130440711975098e-01,1.169996857643127441e+00,4.968293905258178711e-01
6.113952398300170898e-01,3.350996017456054688e+00,9.160140156745910645e-01
6.261183023452758789e-01,4.097046852111816406e+00,1.114520803093910217e-01
1.274514645338058472e-01,3.002795457839965820e+00,1.309498250484466553e-01
2.315782308578491211e-01,4.234910964965820312e+00,3.937654197216033936e-02
4.346186220645904541e-01,4.685991764068603516e+00,6.371742486953735352e-01
2.655768990516662598e-01,1.825378894805908203e+00,1.495031565427780151e-01
9.265447854995727539e-01,2.429808616638183594e+00,9.430627822875976562e-01
1.635740138590335846e-02,2.157265186309814453e+00,3.845669701695442200e-02
3.850934803485870361e-01,3.634112179279327393e-01,4.647979438304901123e-01
9.233741760253906250e-01,1.848633766174316406e+00,7.088585495948791504e-01
3.370976746082305908e-01,2.752262353897094727e+00,4.864430800080299377e-02
6.023032665252685547e-01,3.732005357742309570e+00,2.204303741455078125e-01
3.197157680988311768e-01,1.692272067070007324e+00,5.101496577262878418e-01
5.527938008308410645e-01,1.246937513351440430e+00,3.260063827037811279e-01
3.239725828170776367e-01,2.589239597320556641e+00,1.032918095588684082e-01
5.315006375312805176e-01,1.024197697639465332e+00,9.340224862098693848e-01
2.595272362232208252e-01,8.974352478981018066e-01,2.296855300664901733e-01
5.421151518821716309e-01,2.090433120727539062e+00,1.894056499004364014e-01
2.712421715259552002e-01,3.055752754211425781e+00,5.616036057472229004e-01
5.410783886909484863e-01,4.045903682708740234e-01,2.311666458845138550e-01
3.733520209789276123e-01,9.975293874740600586e-01,4.330816566944122314e-01
9.400271773338317871e-01,3.073642015457153320e+00,7.672467231750488281e-01
7.907184958457946777e-02,1.280605673789978027e+00,7.291170358657836914e-01
6.968393325805664062e-01,5.836491584777832031e-01,1.980612128973007202e-01
2.197197377681732178e-01,2.939035177230834961e+00,9.068762660026550293e-01
4.550873339176177979e-01,2.055314302444458008e+00,5.542945265769958496e-01
3.747676312923431396e-01,2.578779935836791992e+00,8.049841523170471191e-01
5.180313587188720703e-01,3.636123657226562500e+00,6.202778220176696777e-01
7.854964137077331543e-01,1.313545227050781250e+00,4.603851735591888428e-01
6.636714339256286621e-01,2.835147857666015625e+00,9.973060488700866699e-01
1.245893985033035278e-01,4.884649440646171570e-02,8.273530006408691406e-01
3.811709880828857422e-01,4.433909893035888672e+00,2.509292662143707275e-01
4.377349913120269775e-01,3.910616874694824219e+00,6.359496712684631348e-01
2.438513636589050293e-01,2.103332996368408203e+00,2.208311259746551514e-01
6.243174150586128235e-02,2.961294412612915039e+00,3.543277382850646973e-01
4.383660256862640381e-01,1.349750280380249023e+00,7.823550701141357422e-01
9.338445663452148438e-01,2.375375986099243164e+00,9.948741793632507324e-01
3.632150888442993164e-01,1.124426126480102539e+00,7.598299980163574219e-01
3.786721527576446533e-01,2.449134588241577148e+00,2.441895753145217896e-01
5.586274862289428711e-01,1.924175381660461426e+00,2.486221492290496826e-01
8.779674768447875977e-01,2.136646956205368042e-01,8.424287438392639160e-01
3.958030790090560913e-02,1.100871443748474121e+00,3.455626964569091797e-01
2.555703520774841309e-01,2.304337978363037109e+00,8.187383413314819336e-01
2.342392690479755402e-02,4.855865955352783203e+00,8.468154668807983398e-01
8.867481350898742676e-01,2.232433319091796875e+00,2.286269366741180420e-01
7.776085138320922852e-01,3.357256650924682617e+00,8.843166828155517578e-01
8.425120711326599121e-01,2.378201723098754883e+00,1.337906271219253540e-01
5.976512432098388672e-01,4.398699283599853516e+00,8.365456461906433105e-01
6.838395595550537109e-01,2.963207960128784180e+00,1.801107972860336304e-01
2.536516785621643066e-01,9.769050478935241699e-01,4.528549313545227051e-01
6.898816823959350586e-01,3.157386183738708496e-01,3.117017149925231934e-01
7.648030519485473633e-01,8.048464655876159668e-01,8.635702133178710938e-01
9.226154088973999023e-01,3.932001113891601562e+00,6.309818625450134277e-01
9.957049489021301270e-01,2.729397058486938477e+00,6.035931110382080078e-01
2.477973103523254395e-01,1.937756299972534180e+00,3.919183611869812012e-01
4.798252582550048828e-01,3.217944383621215820e+00,5.561321377754211426e-01
1.337426602840423584e-01,1.682530522346496582e+00,2.156791090965270996e-02
8.610374927520751953e-01,1.151892066001892090e+00,3.730398416519165039e-01
8.856690526008605957e-01,1.808656096458435059e+00,9.337017536163330078e-01
7.934776544570922852e-01,4.223782539367675781e+00,6.347475200891494751e-02
7.912679910659790039e-01,3.313737869262695312e+00,9.158343821763992310e-02
6.174393296241760254e-01,2.828231573104858398e+00,6.741384267807006836e-01
6.740358471870422363e-01,2.376612901687622070e+00,8.544991612434387207e-01
6.763584017753601074e-01,1.104248285293579102e+00,1.333618722856044769e-02
4.176950454711914062e-01,4.505961894989013672e+00,5.798727869987487793e-01
8.230517506599426270e-01,2.234534740447998047e+00,7.296921610832214355e-01
4.309642612934112549e-01,1.448452591896057129e+00,7.245337218046188354e-02
3.011082410812377930e-01,1.583341956138610840e+00,7.635951042175292969e-01
4.808403551578521729e-01,1.354282736778259277e+00,8.205902576446533203e-02
1.720506101846694946e-01,2.150163650512695312e+00,7.819060236215591431e-02
2.237797249108552933e-03,9.160239100456237793e-01,3.583503961563110352e-01
9.321083426475524902e-01,4.250247955322265625e+00,2.606084942817687988e-01
2.356305271387100220e-01,2.868919849395751953e+00,8.899677991867065430e-01
6.706587672233581543e-01,1.036388516426086426e+00,8.881769776344299316e-01
4.987288117408752441e-01,4.434040188789367676e-01,8.177275657653808594e-01
2.654248178005218506e-01,9.994175434112548828e-01,5.456980690360069275e-02
6.042243242263793945e-01,1.823076844215393066e+00,2.748136818408966064e-01
5.033926367759704590e-01,4.058278560638427734e+00,6.187708377838134766e-01
4.914201200008392334e-01,2.637414693832397461e+00,6.827766299247741699e-01
7.288460135459899902e-01,3.660497903823852539e+00,1.292320340871810913e-01
9.824220836162567139e-02,4.977994441986083984e+00,2.074850499629974365e-01
3.343839645385742188e-01,2.505688905715942383e+00,7.047921419143676758e-01
6.715068966150283813e-02,3.698037862777709961e-01,7.100675702095031738e-01
6.609991788864135742e-01,2.641675770282745361e-01,2.296528220176696777e-01
7.787836790084838867e-01,2.284259796142578125e+00,7.257949113845825195e-01
3.752992153167724609e-01,4.279498100280761719e+00,4.684295356273651123e-01
1.342469900846481323e-01,2.033828973770141602e+00,4.729751348495483398e-01
8.692143559455871582e-01,1.012630224227905273e+00,4.230810999870300293e-01
2.644801735877990723e-01,3.616677284240722656e+00,6.997081041336059570e-01
8.973454833030700684e-01,3.510101318359375000e+00,4.586973786354064941e-01
9.636147618293762207e-01,2.352983951568603516e+00,5.402556657791137695e-01
8.645359426736831665e-02,1.054159641265869141e+00,5.624355673789978027e-01
5.655817389488220215e-01,4.509074985980987549e-02,2.475707232952117920e-01
8.424023985862731934e-01,1.591279149055480957e+00,4.907107055187225342e-01
7.125501632690429688e-01,1.532970070838928223e+00,9.889677762985229492e-01
7.925607562065124512e-01,9.664862751960754395e-01,9.154138565063476562e-01
6.215493679046630859e-01,1.820402741432189941e+00,2.524437606334686279e-01
5.664824247360229492e-01,1.253694653511047363e+00,5.773113369941711426e-01
4.255049526691436768e-01,3.803839921951293945e+00,2.021630257368087769e-01
2.171310186386108398e-01,1.517717123031616211e+00,6.056997776031494141e-01
3.501792550086975098e-01,6.920920014381408691e-01,5.236133337020874023e-01
3.471767008304595947e-01,1.798400640487670898e+00,1.748188287019729614e-01
2.920014262199401855e-01,4.315554141998291016e+00,8.776870369911193848e-01
1.555932760238647461e-01,1.287814617156982422e+00,4.393932521343231201e-01
6.285655498504638672e-01,3.078002452850341797e+00,3.826546072959899902e-01
3.621546328067779541e-01,3.262842893600463867e+00,7.927665114402770996e-01
3.292388617992401123e-01,3.834263563156127930e+00,3.694776296615600586e-01
4.002862870693206787e-01,3.163926601409912109e+00,5.800334364175796509e-02
9.282878637313842773e-01,1.484220385551452637e+00,5.707024335861206055e-01
3.942323029041290283e-01,3.455004453659057617e+00,9.631214141845703125e-01
3.222738802433013916e-01,8.527815341949462891e-01,2.980447933077812195e-02
2.522997856140136719e-01,1.299867033958435059e+00,6.016026735305786133e-01
9.575006365776062012e-01,4.535899758338928223e-01,4.652433991432189941e-01
5.272404477000236511e-02,1.965200185775756836e+00,9.434960484504699707e-01
9.744804501533508301e-01,4.299006760120391846e-01,3.773786425590515137e-01
4.143105149269104004e-01,9.952751994132995605e-01,8.457815051078796387e-01
6.916068196296691895e-01,1.067143559455871582e+00,3.253515660762786865e-01
6.009982228279113770e-01,3.218215227127075195e+00,5.415197014808654785e-01
6.743251085281372070e-01,3.380195200443267822e-01,8.648893982172012329e-02
1.975192576646804810e-01,7.849008440971374512e-01,6.595012545585632324e-01
8.391669392585754395e-01,3.194859981536865234e+00,6.189598143100738525e-02
2.683213055133819580e-01,3.364225149154663086e+00,8.396484255790710449e-01
9.047645330429077148e-01,1.539420843124389648e+00,9.756352305412292480e-01
2.040362805128097534e-01,1.902931571006774902e+00,3.737159073352813721e-01
1.455596238374710083e-01,4.154951572418212891e+00,4.909873008728027344e-01
7.670991420745849609e-01,1.679741263389587402e+00,9.401858448982238770e-01
7.914108633995056152e-01,2.457425832748413086e+00,7.686780095100402832e-01
6.505066901445388794e-02,1.967146515846252441e+00,7.383151650428771973e-01
5.608207583427429199e-01,4.221747875213623047e+00,5.210704803466796875e-01
4.942838549613952637e-01,1.739608794450759888e-01,8.369990624487400055e-03
8.010679483413696289e-01,2.991625547409057617e+00,1.644183546304702759e-01
8.146789073944091797e-01,2.235343456268310547e+00,7.015064358711242676e-01
6.986955404281616211e-01,1.901146531105041504e+00,8.401470780372619629e-01
7.813239097595214844e-01,4.380947589874267578e+00,6.083130240440368652e-01
5.747564435005187988e-01,3.168986082077026367e+00,4.453149139881134033e-01
7.077141404151916504e-01,1.188984990119934082e+00,3.463660553097724915e-02
3.756795823574066162e-01,2.973814964294433594e+00,7.996389269828796387e-01
9.132678508758544922e-01,1.464231371879577637e+00,1.837088316679000854e-01
1.828751415014266968e-01,4.719715595245361328e+00,2.195310294628143311e-01
1.515183895826339722e-01,3.552916765213012695e+00,7.034874558448791504e-01
7.397057414054870605e-01,4.504245281219482422e+00,9.393944740295410156e-01
1.180282235145568848e-02,5.194210410118103027e-01,4.179202616214752197e-01
5.851413011550903320e-01,3.453063726425170898e+00,8.686046600341796875e-01
2.154671251773834229e-01,4.181841373443603516e+00,1.323959883302450180e-02
8.632111549377441406e-01,4.103794574737548828e+00,1.435715556144714355e-01
3.572221994400024414e-01,2.519740104675292969e+00,3.613645732402801514e-01
1.465504765510559082e-01,4.748307704925537109e+00,4.383305609226226807e-01
9.812078475952148438e-01,2.998291015625000000e+00,4.192159175872802734e-01
2.418299019336700439e-01,6.989538073539733887e-01,1.214387081563472748e-02
5.867803692817687988e-01,2.647421836853027344e+00,6.730672717094421387e-01
7.868271321058273315e-02,3.527815580368041992e+00,2.463361322879791260e-01
5.634873509407043457e-01,5.166447162628173828e-01,5.822648406028747559e-01
8.594693541526794434e-01,1.158665418624877930e+00,4.901786446571350098e-01
8.149591684341430664e-01,3.960488080978393555e+00,2.353076487779617310e-01
5.541242957115173340e-01,2.068058490753173828e+00,7.783955335617065430e-01
2.568773031234741211e-01,1.344967365264892578e+00,5.283712148666381836e-01
4.422119557857513428e-01,1.695499539375305176e+00,6.563039869070053101e-02
4.310409426689147949e-01,2.861703634262084961e+00,1.516041010618209839e-01
1.536455899477005005e-01,4.258530139923095703e+00,2.223939262330532074e-02
6.849784851074218750e-01,6.282327771186828613e-01,6.439647078514099121e-01
4.125517904758453369e-01,3.530745744705200195e+00,4.881345927715301514e-01
1.401522010564804077e-01,2.653932809829711914e+00,3.167830407619476318e-02
3.436182439327239990e-01,1.630658745765686035e+00,8.615155220031738281e-01
1.763022541999816895e-01,1.837910413742065430e+00,6.132920980453491211e-01
9.727724790573120117e-01,2.015774965286254883e+00,6.939209997653961182e-02
6.799058318138122559e-01,2.020136594772338867e+00,3.605037927627563477e-01
8.984616994857788086e-01,2.997914314270019531e+00,1.384427696466445923e-01
7.744846940040588379e-01,2.618312597274780273e+00,1.163930371403694153e-01
7.946491986513137817e-02,8.061554431915283203e-01,2.736904621124267578e-01
3.561011850833892822e-01,4.489934921264648438e+00,3.002407252788543701e-01
5.313250422477722168e-01,9.924205541610717773e-01,8.486468791961669922e-01
5.192676782608032227e-01,4.925224304199218750e+00,1.208668425679206848e-01
6.876831650733947754e-01,3.633447170257568359e+00,8.483321964740753174e-02
2.474857717752456665e-01,3.606826305389404297e+00,4.054228961467742920e-02
7.736155390739440918e-01,3.289428472518920898e+00,8.440514802932739258e-01
4.064465165138244629e-01,2.799848079681396484e+00,5.911784172058105469e-01
1.305684596300125122e-01,2.660050153732299805e+00,2.757087051868438721e-01
2.103432863950729370e-01,1.912420034408569336e+00,2.165078669786453247e-01
5.790478587150573730e-01,4.633517742156982422e+00,2.800460159778594971e-01
4.623185098171234131e-01,3.046893775463104248e-01,6.656412035226821899e-02
1.300074905157089233e-01,1.605380535125732422e+00,9.044776558876037598e-01
3.761391937732696533e-01,2.456061363220214844e+00,2.919418215751647949e-01
6.717165112495422363e-01,4.952556610107421875e+00,6.835601329803466797e-01
7.210443615913391113e-01,1.044728532433509827e-01,7.985279560089111328e-01
2.862736284732818604e-01,3.984721660614013672e+00,4.050734639167785645e-01
4.126658439636230469e-01,4.288468837738037109e+00,8.125588893890380859e-01
5.134739875793457031e-01,2.715276479721069336e+00,1.444864422082901001e-01
2.237018346786499023e-01,4.088729858398437500e+00,1.573524810373783112e-02
9.481755495071411133e-01,3.616776227951049805e+00,5.640744566917419434e-01
4.460926055908203125e-01,2.012766748666763306e-01,5.263881683349609375e-01
9.236061573028564453e-01,2.907215118408203125e+00,3.844603002071380615e-01
8.813878893852233887e-01,3.587821006774902344e+00,3.580782413482666016e-01
5.567808747291564941e-01,3.896292209625244141e+00,1.205458715558052063e-01
6.874303817749023438e-01,2.487837791442871094e+00,3.848630785942077637e-01
5.043839812278747559e-01,1.372844457626342773e+00,9.065467715263366699e-01
4.592737853527069092e-01,1.892648458480834961e+00,3.158079683780670166e-01
6.272140741348266602e-01,3.868959844112396240e-01,2.697463929653167725e-01
7.999293208122253418e-01,2.223796129226684570e+00,6.103007197380065918e-01
7.740049362182617188e-01,4.263054370880126953e+00,5.817677974700927734e-01
2.081895023584365845e-01,3.275843620300292969e+00,3.799060359597206116e-02
7.916895747184753418e-01,2.841647863388061523e+00,5.160121321678161621e-01
6.144424080848693848e-01,2.803783893585205078e+00,6.525738835334777832e-01
4.499379396438598633e-01,4.691568374633789062e+00,6.651205420494079590e-01
6.125090122222900391e-01,5.059303045272827148e-01,2.393054813146591187e-01
6.989517807960510254e-01,4.681200981140136719e-01,6.596630811691284180e-01
5.955535769462585449e-01,1.283107399940490723e+00,5.887292623519897461e-01
3.571856617927551270e-01,1.658328771591186523e+00,1.099497377872467041e-01
5.469807982444763184e-01,3.976986885070800781e+00,6.418739557266235352e-01
6.578191369771957397e-02,4.108774662017822266e+00,4.329477846622467041e-01
5.048817992210388184e-01,2.346084594726562500e+00,6.714329123497009277e-01
7.160338163375854492e-01,1.974589347839355469e+00,3.406342267990112305e-01
7.721254229545593262e-01,1.508161664009094238e+00,5.461111664772033691e-01
8.997553586959838867e-01,1.329491853713989258e+00,3.681074976921081543e-01
6.716599464416503906e-01,3.312311410903930664e+00,3.958356380462646484e-02
1.248256955295801163e-02,4.484643042087554932e-01,4.829927682876586914e-01
4.893800616264343262e-01,2.751483917236328125e+00,9.536769986152648926e-01
2.854554057121276855e-01,3.464443922042846680e+00,3.193703293800354004e-02
7.150209546089172363e-01,2.336105346679687500e+00,3.685275465250015259e-02
4.436351656913757324e-01,1.557582914829254150e-01,8.464769124984741211e-01
3.690811693668365479e-01,9.992809891700744629e-01,7.175125479698181152e-01
7.283235192298889160e-01,3.049633741378784180e+00,7.888644337654113770e-01
3.327268958091735840e-01,2.255490779876708984e+00,4.808096587657928467e-01
1.518099308013916016e-01,2.765954256057739258e+00,2.093126922845840454e-01
2.617759108543395996e-01,3.068613767623901367e+00,4.195190966129302979e-01
1.342835128307342529e-01,1.574957132339477539e+00,1.781284511089324951e-01
9.221502542495727539e-01,2.785294771194458008e+00,7.763653993606567383e-01
3.180226981639862061e-01,4.714593887329101562e+00,1.841787844896316528e-01
3.190593123435974121e-01,3.188041448593139648e+00,6.904742121696472168e-01
8.605327010154724121e-01,8.886326551437377930e-01,6.918790340423583984e-01
9.687477946281433105e-01,3.914524912834167480e-01,2.503228187561035156e-01
9.814551472663879395e-01,1.569492936134338379e+00,6.039582490921020508e-01
6.988745927810668945e-01,1.440659046173095703e+00,8.758429884910583496e-01
6.230666041374206543e-01,3.525644779205322266e+00,1.257235258817672729e-01
9.830285310745239258e-01,2.460734367370605469e+00,9.858272671699523926e-01
7.594541460275650024e-02,6.001533269882202148e-01,3.565572202205657959e-01
9.565557241439819336e-01,3.937788009643554688e+00,9.323834776878356934e-01
7.505759000778198242e-01,2.252086877822875977e+00,8.069500923156738281e-01
6.621432304382324219e-01,3.176614761352539062e+00,8.426138758659362793e-01
8.150355219841003418e-01,8.712283372879028320e-01,8.963112831115722656e-01
5.046715140342712402e-01,2.338821627199649811e-02,3.152633607387542725e-01
4.087050557136535645e-01,2.154412984848022461e+00,6.927348971366882324e-01
7.189425826072692871e-01,4.985398769378662109e+00,9.027883410453796387e-01
7.120056748390197754e-01,2.165032386779785156e+00,5.859225988388061523e-01
9.334196448326110840e-01,3.552565336227416992e+00,9.881404638290405273e-01
5.247645378112792969e-01,1.089764952659606934e+00,1.233953088521957397e-01
4.126454293727874756e-01,1.975983500480651855e+00,5.207851529121398926e-01
5.377429723739624023e-01,4.027418613433837891e+00,6.044153571128845215e-01
1.665886044502258301e-01,4.995096206665039062e+00,4.730208516120910645e-01
4.369098246097564697e-01,2.609178066253662109e+00,8.903238773345947266e-01
5.774440169334411621e-01,1.639773726463317871e+00,4.932139813899993896e-01
3.887131512165069580e-01,2.518973588943481445e+00,9.953675270080566406e-01
9.436232447624206543e-01,3.678390741348266602e+00,4.945071041584014893e-01
9.384721517562866211e-01,3.412578701972961426e-01,3.189574778079986572e-01
3.409493565559387207e-01,2.760524511337280273e+00,6.746829152107238770e-01
7.191840410232543945e-01,4.200103282928466797e+00,2.824173495173454285e-02
1.751284897327423096e-01,9.707527756690979004e-01,1.665751263499259949e-02
5.195887684822082520e-01,1.094519138336181641e+00,7.415492534637451172e-01
7.180343866348266602e-01,9.281834214925765991e-02,8.176877498626708984e-01
6.676935553550720215e-01,1.210500717163085938e+00,3.923461735248565674e-01
4.217780232429504395e-01,1.127653241157531738e+00,7.991888523101806641e-01
2.057343274354934692e-01,4.045562267303466797e+00,7.870572805404663086e-01
5.978288650512695312e-01,1.271472692489624023e+00,5.710412859916687012e-01
2.557682096958160400e-01,6.443775296211242676e-01,6.133641004562377930e-01
6.379230022430419922e-01,4.882551670074462891e+00,4.013026654720306396e-01
9.992993474006652832e-01,2.828672647476196289e+00,1.531508117914199829e-01
7.629580497741699219e-01,4.659910202026367188e+00,1.388038843870162964e-01
7.687843441963195801e-01,2.398906230926513672e+00,9.193584322929382324e-01
4.352083504199981689e-01,1.714223027229309082e+00,5.535575002431869507e-02
3.880724906921386719e-01,4.398864269256591797e+00,1.621781662106513977e-02
1.177523937076330185e-02,4.852715015411376953e+00,8.945059776306152344e-01
4.677243232727050781e-01,1.618852019309997559e-01,9.745464473962783813e-02
8.607414364814758301e-01,3.616427898406982422e+00,8.097775578498840332e-01
2.592988312244415283e-01,4.059369862079620361e-01,5.911353230476379395e-01
7.813988327980041504e-01,3.289617538452148438e+00,5.290938541293144226e-02
1.511223763227462769e-01,1.005476832389831543e+00,4.215458780527114868e-02
4.810009598731994629e-01,2.463690519332885742e+00,6.340391635894775391e-01
6.725280880928039551e-01,2.816300868988037109e+00,3.919290006160736084e-01
7.251766920089721680e-01,1.756952166557312012e+00,8.762230277061462402e-01
5.902330875396728516e-01,4.259648799896240234e+00,6.621890664100646973e-01
8.678939342498779297e-01,2.566596269607543945e+00,5.767747163772583008e-01
9.235217571258544922e-01,3.762792825698852539e+00,5.876148939132690430e-01
1.073979120701551437e-02,3.694285154342651367e+00,4.025371745228767395e-02
5.939286351203918457e-01,1.177630066871643066e+00,5.896133780479431152e-01
4.893278330564498901e-02,1.853294491767883301e+00,9.559056758880615234e-01
3.504413068294525146e-01,2.853080749511718750e+00,6.460470557212829590e-01
1.908765286207199097e-01,3.268821954727172852e+00,8.369653224945068359e-01
2.011325359344482422e-01,3.880623817443847656e+00,2.770720720291137695e-01
3.869893252849578857e-01,4.284223556518554688e+00,8.267382532358169556e-02
7.079619914293289185e-02,3.177533447742462158e-01,1.245297119021415710e-01
4.311631619930267334e-01,4.279953479766845703e+00,8.810876607894897461e-01
6.463117599487304688e-01,4.448801994323730469e+00,3.442049324512481689e-01
9.141014814376831055e-01,4.606516838073730469e+00,7.865362614393234253e-02
7.503051161766052246e-01,4.633835315704345703e+00,8.251111507415771484e-01
2.718725204467773438e-01,9.370024800300598145e-01,1.476176977157592773e-01
6.871749758720397949e-01,1.172347784042358398e+00,7.196252942085266113e-01
9.648903273046016693e-03,2.076524734497070312e+00,9.155995249748229980e-01
7.647712230682373047e-01,2.293380498886108398e+00,8.858545422554016113e-01
3.485691547393798828e-02,3.850412845611572266e+00,6.958754062652587891e-01
6.896976828575134277e-01,1.457093477249145508e+00,2.676064968109130859e-01
4.952574372291564941e-01,3.661082744598388672e+00,7.002898454666137695e-01
2.009760402143001556e-02,7.632493972778320312e-02,4.696865975856781006e-01
7.714707851409912109e-01,3.644961118698120117e+00,6.013767719268798828e-01
5.309277176856994629e-01,5.152458548545837402e-01,8.873959779739379883e-01
8.762380480766296387e-01,1.671896696090698242e+00,8.901311159133911133e-01
6.736572384834289551e-01,3.563986778259277344e+00,6.156668663024902344e-01
4.368643462657928467e-01,1.272909283638000488e+00,8.248147368431091309e-01
1.255707144737243652e-01,2.727621555328369141e+00,6.897675991058349609e-01
4.481130838394165039e-01,2.619755268096923828e+00,5.997391343116760254e-01
8.478565216064453125e-01,3.587846279144287109e+00,5.015142560005187988e-01
5.004406571388244629e-01,2.995571851730346680e+00,2.609479129314422607e-01
1.983481347560882568e-01,9.468947052955627441e-01,6.012734174728393555e-01
5.081530213356018066e-01,2.656090497970581055e+00,9.036286473274230957e-01
6.773394346237182617e-01,6.640471220016479492e-01,7.572938203811645508e-01
8.943251967430114746e-01,3.075491487979888916e-01,2.297657132148742676e-01
8.439429402351379395e-01,4.808036804199218750e+00,6.933742165565490723e-01
4.343901276588439941e-01,1.572259187698364258e+00,9.129814058542251587e-02
6.552031636238098145e-01,7.828593850135803223e-01,1.917841732501983643e-01
3.581960918381810188e-03,3.909763395786285400e-01,6.765646338462829590e-01
7.183684110641479492e-01,1.547318935394287109e+00,9.780765771865844727e-01
7.387899607419967651e-02,2.829405784606933594e+00,5.220845341682434082e-01
7.361291050910949707e-01,1.543867707252502441e+00,9.612421989440917969e-01
6.620087623596191406e-01,4.057221889495849609e+00,1.081463769078254700e-01
7.218832373619079590e-01,2.126434087753295898e+00,3.523625135421752930e-01
6.537183653563261032e-03,7.676197290420532227e-01,3.949890136718750000e-01
5.954051390290260315e-02,4.688434123992919922e+00,6.900758743286132812e-01
8.168752193450927734e-01,2.127523720264434814e-02,4.637736678123474121e-01
3.293297290802001953e-01,4.749233722686767578e+00,5.425217151641845703e-01
1.453886479139328003e-01,1.994069457054138184e+00,4.819743931293487549e-01
2.512160837650299072e-01,2.946137666702270508e+00,2.236094176769256592e-01
7.182435393333435059e-01,4.633246898651123047e+00,8.097963929176330566e-01
8.789907097816467285e-01,4.910655319690704346e-02,8.745893836021423340e-01
3.585114777088165283e-01,2.917527437210083008e+00,6.882336139678955078e-01
5.077935755252838135e-02,2.727494716644287109e+00,7.213985919952392578e-01
5.266582369804382324e-01,4.673571288585662842e-01,1.066489443182945251e-01
2.880938053131103516e-01,2.166566371917724609e+00,2.656569778919219971e-01
6.857680678367614746e-01,2.713630676269531250e+00,9.241740703582763672e-01
6.089536547660827637e-01,1.183686256408691406e+00,4.555817246437072754e-01
8.516769409179687500e-01,2.833894968032836914e+00,2.248669713735580444e-01
7.807022929191589355e-01,1.820430278778076172e+00,7.618407011032104492e-01
7.509478330612182617e-01,2.729029893875122070e+00,1.826746910810470581e-01
2.037491649389266968e-01,1.533746600151062012e+00,7.765173316001892090e-01
7.973404228687286377e-02,1.430870890617370605e+00,5.957590341567993164e-01
8.424116373062133789e-01,9.742828607559204102e-01,8.755896091461181641e-01
1.604643017053604126e-01,9.039034247398376465e-01,2.888549566268920898e-01
6.826689243316650391e-01,1.706040263175964355e+00,5.668287277221679688e-01
2.511891424655914307e-01,1.904626727104187012e+00,3.150484859943389893e-01
8.578782081604003906e-01,3.098384618759155273e+00,4.643968641757965088e-01
7.915336489677429199e-01,9.236658811569213867e-01,3.271830379962921143e-01
9.343525022268295288e-02,1.474767088890075684e+00,2.790974378585815430e-01
5.031914114952087402e-01,2.334997892379760742e+00,5.923417806625366211e-01
9.921619296073913574e-01,2.747048377990722656e+00,9.876216650009155273e-01
1.607025265693664551e-01,2.724485099315643311e-01,4.113714694976806641e-01
4.769286811351776123e-01,3.841395139694213867e+00,8.028591871261596680e-01
5.168267711997032166e-02,2.772760629653930664e+00,6.518531441688537598e-01
4.500547945499420166e-01,4.145108222961425781e+00,8.498378396034240723e-01
5.283715128898620605e-01,3.927557468414306641e+00,9.550305008888244629e-01
7.529923319816589355e-01,4.400059700012207031e+00,6.763513088226318359e-01
2.293770015239715576e-01,1.949124097824096680e+00,6.619413495063781738e-01
8.074156045913696289e-01,2.445309162139892578e+00,5.204789042472839355e-01
2.803497910499572754e-01,3.331544399261474609e+00,8.972914814949035645e-01
8.522547036409378052e-02,1.099861487746238708e-01,2.715461254119873047e-01
3.541962504386901855e-01,7.467837333679199219e-01,2.579724416136741638e-02
7.236790060997009277e-01,1.539929389953613281e+00,6.886868476867675781e-01
3.109194338321685791e-01,7.023762464523315430e-01,8.141834139823913574e-01
1.386406570672988892e-01,4.958303451538085938e+00,3.224331736564636230e-01
7.546873092651367188e-01,1.634720683097839355e+00,2.695891857147216797e-01
9.650261700153350830e-02,2.935230731964111328e+00,2.945420444011688232e-01
7.626381516456604004e-01,2.863583900034427643e-02,2.451974004507064819e-01
7.650005221366882324e-01,1.402307748794555664e+00,3.030346632003784180e-01
8.333975076675415039e-02,3.160626173019409180e+00,1.756883263587951660e-01
1.931208670139312744e-01,4.309476912021636963e-02,8.633287549018859863e-01
5.637822151184082031e-01,4.164690017700195312e+00,6.050330400466918945e-01
9.667732119560241699e-01,3.724359989166259766e+00,4.605734944343566895e-01
1.551550328731536865e-01,3.180701494216918945e+00,1.129282265901565552e-01
3.487742841243743896e-01,1.312260508537292480e+00,4.449113011360168457e-01
9.782634377479553223e-01,1.625437498092651367e+00,9.845660328865051270e-01
4.189563393592834473e-01,2.398897409439086914e+00,1.556964218616485596e-01
3.989632725715637207e-01,2.372312307357788086e+00,6.070381999015808105e-01
4.136295616626739502e-01,2.618248701095581055e+00,5.827667117118835449e-01
7.950420379638671875e-01,1.497004628181457520e+00,9.025470018386840820e-01
6.743167042732238770e-01,4.315793991088867188e+00,7.418227940797805786e-02
6.076408028602600098e-01,1.067894577980041504e+00,8.033094406127929688e-01
7.864273786544799805e-01,2.924879789352416992e+00,5.642822384834289551e-01
3.860376775264739990e-01,2.887013673782348633e+00,4.440450966358184814e-01
6.775333080440759659e-03,2.190357923507690430e+00,3.980090022087097168e-01
9.464522004127502441e-01,2.788787603378295898e+00,6.970440745353698730e-01
4.010372161865234375e-01,2.070999383926391602e+00,7.733690142631530762e-01
3.370765447616577148e-01,4.170953750610351562e+00,8.514487743377685547e-01
7.881018519401550293e-01,4.099581718444824219e+00,9.874761104583740234e-01
3.919952809810638428e-01,3.761875867843627930e+00,5.953602790832519531e-01
6.921747922897338867e-01,5.452890992164611816e-01,6.489450931549072266e-01
7.457761168479919434e-01,3.026859045028686523e+00,2.679527997970581055e-01
6.414611935615539551e-01,1.550712823867797852e+00,5.030269026756286621e-01
7.218956351280212402e-01,2.878962755203247070e+00,2.490146160125732422e-01
6.027341485023498535e-01,2.145997524261474609e+00,2.424363493919372559e-01
7.487637996673583984e-01,3.405999839305877686e-01,2.223586887121200562e-01
7.072835564613342285e-01,2.966252803802490234e+00,6.650660634040832520e-01
1.631303876638412476e-01,2.129852771759033203e+00,3.772433698177337646e-01
2.055954933166503906e-01,2.265151977539062500e+00,9.133569151163101196e-02
7.974159121513366699e-01,4.240324020385742188e+00,6.491248011589050293e-01
7.906566858291625977e-01,1.460349798202514648e+00,6.054890155792236328e-01
4.319800436496734619e-01,7.731518149375915527e-01,1.880538091063499451e-02
6.895115375518798828e-01,2.252746820449829102e+00,7.774516344070434570e-01
6.887827068567276001e-02,2.211228847503662109e+00,8.547496199607849121e-01
5.223242044448852539e-01,1.909090638160705566e+00,3.598118722438812256e-01
9.109835624694824219e-01,3.805018901824951172e+00,1.305820196866989136e-01
8.542810678482055664e-01,3.014832019805908203e+00,7.578318472951650620e-03
9.407617449760437012e-01,2.162071228027343750e+00,6.131866574287414551e-01
9.058727025985717773e-01,1.189292550086975098e+00,2.940658032894134521e-01
7.355881333351135254e-01,2.438279628753662109e+00,7.670124173164367676e-01
4.469377696514129639e-01,4.509569644927978516e+00,5.205804109573364258e-01
5.593336820602416992e-01,3.628555059432983398e+00,1.651521772146224976e-01
7.158448696136474609e-01,4.152059078216552734e+00,1.090448349714279175e-01
3.852209150791168213e-01,2.475648164749145508e+00,9.994871616363525391e-01
5.390730500221252441e-01,1.031596541404724121e+00,7.841156721115112305e-01
7.896475791931152344e-01,1.119746342301368713e-01,7.484881877899169922e-01
3.245529532432556152e-01,3.195820331573486328e+00,5.736958980560302734e-01
4.376165568828582764e-01,3.735488414764404297e+00,8.704173564910888672e-01
5.130408406257629395e-01,1.136437177658081055e+00,8.701479434967041016e-01
1.377063095569610596e-01,1.816526174545288086e+00,7.377305030822753906e-01
4.661113619804382324e-01,1.085595011711120605e+00,5.834172368049621582e-01
3.578691482543945312e-01,2.862495481967926025e-01,3.688356578350067139e-01
2.471033781766891479e-01,3.677020788192749023e+00,4.567858576774597168e-01
9.362414479255676270e-01,1.231338143348693848e+00,5.733702182769775391e-01
9.723817706108093262e-01,4.036165773868560791e-01,9.408742785453796387e-01
5.034236907958984375e-01,1.077086806297302246e+00,7.880246639251708984e-01
4.335133731365203857e-01,1.968567252159118652e+00,9.261215925216674805e-01
4.286970198154449463e-01,2.999383687973022461e+00,7.196432352066040039e-02
5.522370710968971252e-02,1.310009598731994629e+00,4.531594216823577881e-01
4.544958770275115967e-01,7.267345190048217773e-01,6.176528334617614746e-01
5.856493711471557617e-01,2.106860637664794922e+00,2.061288207769393921e-01
8.982937335968017578e-01,3.595425128936767578e+00,7.802056074142456055e-01
4.040190577507019043e-02,3.451794385910034180e+00,3.217832148075103760e-01
5.438416004180908203e-01,3.661134004592895508e+00,2.446388602256774902e-01
9.228163957595825195e-01,4.232632637023925781e+00,2.534152567386627197e-01
7.676476240158081055e-01,4.272534847259521484e+00,1.709974259138107300e-01
7.035920619964599609e-01,1.922769069671630859e+00,3.243829905986785889e-01
5.985659360885620117e-01,4.238733947277069092e-01,4.737166166305541992e-01
8.216696381568908691e-01,1.334377884864807129e+00,5.036516785621643066e-01
3.402915894985198975e-01,8.144240975379943848e-01,1.940196566283702850e-02
4.942862987518310547e-01,4.897425770759582520e-01,9.168176651000976562e-01
2.232710570096969604e-01,4.441990852355957031e+00,9.576590657234191895e-01
4.591704905033111572e-01,1.786685109138488770e+00,4.422234296798706055e-01
6.121060252189636230e-01,5.555683374404907227e-01,4.125154912471771240e-01
3.010357022285461426e-01,9.311788678169250488e-01,1.532756984233856201e-01
7.741933465003967285e-01,4.320446014404296875e+00,2.090321630239486694e-01
5.666403174400329590e-01,1.260267972946166992e+00,5.765295624732971191e-01
6.850264072418212891e-01,4.534320354461669922e+00,6.708762049674987793e-01
5.537759065628051758e-01,1.237876057624816895e+00,7.644553184509277344e-01
4.754776954650878906e-01,5.134872794151306152e-01,6.512612700462341309e-01
5.570956468582153320e-01,1.573436617851257324e+00,8.774282336235046387e-01
7.997593283653259277e-01,3.013684272766113281e+00,2.422981709241867065e-01
5.777780413627624512e-01,1.219899892807006836e+00,3.986599743366241455e-01
3.096317946910858154e-01,4.570117950439453125e+00,7.704209089279174805e-01
4.341748356819152832e-01,2.186213493347167969e+00,3.929313719272613525e-01
8.563282489776611328e-01,2.553663551807403564e-01,8.180193305015563965e-01
2.486020028591156006e-01,3.954344511032104492e+00,3.545819520950317383e-01
9.763801097869873047e-01,4.087608337402343750e+00,8.093828558921813965e-01
8.129810690879821777e-01,1.943276762962341309e+00,6.825216412544250488e-01
6.644102931022644043e-02,2.020139247179031372e-01,1.138593629002571106e-01
2.656498551368713379e-01,2.852582693099975586e+00,7.225517630577087402e-01
2.797933220863342285e-01,3.738000243902206421e-02,4.306962192058563232e-01
8.213717341423034668e-01,2.173897027969360352e+00,9.398540854454040527e-01
7.354359030723571777e-01,3.757566213607788086e+00,3.125467300415039062e-01
4.453490078449249268e-01,4.436887264251708984e+00,3.572084009647369385e-01
4.213284552097320557e-01,4.470808506011962891e+00,3.778609633445739746e-01
5.648449659347534180e-01,6.905713677406311035e-01,9.667834043502807617e-01
7.694762945175170898e-01,4.893709659576416016e+00,1.522393822669982910e-01
6.759005188941955566e-01,3.333341360092163086e+00,6.133702397346496582e-01
8.940254449844360352e-01,2.624348998069763184e-01,7.387002110481262207e-01
8.636641502380371094e-01,8.934497833251953125e-01,5.763137340545654297e-01
6.641824245452880859e-01,2.524721860885620117e+00,5.352278947830200195e-01
5.495927333831787109e-01,2.662124156951904297e+00,8.045018911361694336e-01
4.982807636260986328e-01,2.463733196258544922e+00,6.140801906585693359e-01
8.753069639205932617e-01,1.434960961341857910e+00,5.676588416099548340e-01
7.924329042434692383e-01,1.853019714355468750e+00,3.946919441223144531e-01
3.405589163303375244e-01,1.375815749168395996e+00,8.111032247543334961e-01
7.463163733482360840e-01,4.808773517608642578e+00,3.992128372192382812e-02
7.202230691909790039e-01,6.096696481108665466e-02,5.579853653907775879e-01
3.197585642337799072e-01,3.830744266510009766e+00,3.071114718914031982e-01
9.275587201118469238e-01,4.638027667999267578e+00,5.872723460197448730e-01
3.431599140167236328e-01,4.770188927650451660e-01,8.589903712272644043e-01
2.974259853363037109e-01,2.774296998977661133e+00,6.371957659721374512e-01
7.823582887649536133e-01,2.408762454986572266e+00,5.670596361160278320e-01
9.821942448616027832e-01,2.712574005126953125e+00,5.570662617683410645e-01
9.542073607444763184e-01,3.558487653732299805e+00,6.225942373275756836e-01
9.426528215408325195e-01,2.773434221744537354e-01,2.075344324111938477e-01
6.074775382876396179e-02,1.648766100406646729e-01,4.777269363403320312e-01
8.681106567382812500e-01,1.460549682378768921e-01,6.764566153287887573e-02
2.550087869167327881e-01,2.706424951553344727e+00,7.164117097854614258e-01
4.018654525279998779e-01,2.002084255218505859e+00,2.524897456169128418e-01
3.869613111019134521e-01,2.699515342712402344e+00,5.885059833526611328e-01
8.243112564086914062e-01,1.456308722496032715e+00,6.167716979980468750e-01
8.922149538993835449e-01,2.549499511718750000e+00,9.631153345108032227e-01
8.880863785743713379e-01,1.860210895538330078e+00,2.553896009922027588e-01
1.745005548000335693e-01,3.456079959869384766e-01,1.163896266371011734e-02
3.335166871547698975e-01,3.199074268341064453e+00,5.311698317527770996e-01
1.522127166390419006e-02,1.594975471496582031e+00,3.642025291919708252e-01
7.599797248840332031e-01,2.201392412185668945e+00,6.973049044609069824e-01
3.474377095699310303e-01,2.837559700012207031e+00,7.597783803939819336e-01
1.796986348927021027e-02,4.201509952545166016e+00,5.105990171432495117e-01
4.959607124328613281e-01,2.077125787734985352e+00,5.569067001342773438e-01
6.756315231323242188e-01,1.396223306655883789e+00,9.710373282432556152e-01
5.582141876220703125e-01,3.327301263809204102e+00,5.939435958862304688e-01
9.764037728309631348e-01,4.158008098602294922e+00,7.600434422492980957e-01
5.652837827801704407e-02,2.505898714065551758e+00,9.999967217445373535e-01
4.897751286625862122e-02,3.306590557098388672e+00,7.131628394126892090e-01
7.626482844352722168e-01,3.946649789810180664e+00,7.602370977401733398e-01
8.820616602897644043e-01,8.153037428855895996e-01,4.681142866611480713e-01
3.108151555061340332e-01,1.608829975128173828e+00,5.123603940010070801e-01
5.278160572052001953e-01,2.093658685684204102e+00,5.970667004585266113e-01
3.057891726493835449e-01,2.310279846191406250e+00,7.858221530914306641e-01
1.278901547193527222e-01,3.178169965744018555e+00,2.239957451820373535e-01
6.191501021385192871e-01,3.553770065307617188e+00,2.583075165748596191e-01
9.591140747070312500e-01,2.253557443618774414e+00,1.061698943376541138e-01
9.844601154327392578e-01,1.083050608634948730e+00,2.459812313318252563e-01
9.760538935661315918e-01,4.049754142761230469e+00,8.280248045921325684e-01
7.858623750507831573e-03,4.022624492645263672e+00,7.646970152854919434e-01
6.129326224327087402e-01,3.604157447814941406e+00,3.465425670146942139e-01
2.138164937496185303e-01,4.178210735321044922e+00,5.278219580650329590e-01
6.203421950340270996e-01,2.216165781021118164e+00,4.388956129550933838e-01
8.353976011276245117e-01,3.179578781127929688e-01,4.868175834417343140e-03
6.740911602973937988e-01,3.940117597579956055e+00,1.768274307250976562e-01
4.385217428207397461e-01,2.133166313171386719e+00,8.027260899543762207e-01
2.040725946426391602e-01,3.056787490844726562e+00,9.930288195610046387e-01
9.044421911239624023e-01,4.193977832794189453e+00,1.536522358655929565e-01
5.566311534494161606e-03,3.552007675170898438e+00,9.705620408058166504e-01
3.999636471271514893e-01,4.476464271545410156e+00,9.226614236831665039e-01
1.260810196399688721e-01,2.022694587707519531e+00,2.025018930435180664e-01
9.828670620918273926e-01,3.465867340564727783e-01,4.523843228816986084e-01
1.440323442220687866e-01,4.067611217498779297e+00,1.650805957615375519e-02
3.954017162322998047e-01,4.443156719207763672e+00,1.652287840843200684e-01
2.191290408372879028e-01,4.189106941223144531e+00,3.307411372661590576e-01
7.610290646553039551e-01,4.338732242584228516e+00,4.582256376743316650e-01
8.417816162109375000e-01,2.579369068145751953e+00,5.926090478897094727e-01
9.075604081153869629e-01,2.614783763885498047e+00,3.051503598690032959e-01
1.601215153932571411e-01,4.503774642944335938e+00,4.422391206026077271e-02
9.410176277160644531e-01,1.293660163879394531e+00,9.774713963270187378e-02
8.795217275619506836e-01,1.749917984008789062e+00,4.392720758914947510e-01
4.043365716934204102e-01,7.029568552970886230e-01,5.777308344841003418e-01
2.819452881813049316e-01,4.666806221008300781e+00,7.002446055412292480e-01
7.754689455032348633e-01,1.827777385711669922e+00,2.690237164497375488e-01
9.652643799781799316e-01,4.130797863006591797e+00,6.802013516426086426e-01
2.925172150135040283e-01,1.208505392074584961e+00,9.223218560218811035e-01
2.162420004606246948e-01,3.405450820922851562e+00,3.601610958576202393e-01
1.367444694042205811e-01,4.670920848846435547e+00,8.165639638900756836e-01
3.847460448741912842e-01,1.574524044990539551e+00,8.252753019332885742e-01
9.894195199012756348e-01,3.382297039031982422e+00,3.459160029888153076e-01
4.278948903083801270e-01,2.522958040237426758e+00,1.745495945215225220e-01
8.089915513992309570e-01,2.300662994384765625e-01,7.567208409309387207e-01
7.131626009941101074e-01,6.675161123275756836e-01,6.222360134124755859e-01
7.083303332328796387e-01,8.947991132736206055e-01,9.908756613731384277e-01
9.484298825263977051e-01,1.616762042045593262e+00,9.778003096580505371e-01
2.657746374607086182e-01,7.700411975383758545e-02,1.804774701595306396e-01
9.306137450039386749e-03,3.952524662017822266e+00,9.662102460861206055e-01
6.266255378723144531e-01,3.863337934017181396e-01,4.523064494132995605e-01
4.207862615585327148e-01,1.642497658729553223e+00,5.845063924789428711e-01
8.470905423164367676e-01,1.534222126007080078e+00,9.295361638069152832e-01
5.584672689437866211e-01,2.409423589706420898e+00,1.425315439701080322e-01
7.188138365745544434e-01,4.951445579528808594e+00,6.936185956001281738e-01
9.184466600418090820e-01,2.323292016983032227e+00,9.589944034814834595e-02
9.115289151668548584e-02,6.771664619445800781e-01,7.146385312080383301e-01
8.104218840599060059e-01,4.186141014099121094e+00,5.760011076927185059e-01
7.033336758613586426e-01,3.447213649749755859e+00,9.226900935173034668e-01
4.148560166358947754e-01,1.806605935096740723e+00,5.476547405123710632e-02
7.764701843261718750e-01,2.457728981971740723e-02,2.479227185249328613e-01
7.870221138000488281e-01,2.185677528381347656e+00,7.870278358459472656e-01
7.833630442619323730e-01,3.431602478027343750e+00,7.664248943328857422e-01
8.810173273086547852e-01,4.577611088752746582e-01,1.845460981130599976e-01
1.539119929075241089e-01,3.943968772888183594e+00,8.685656636953353882e-02
3.047603964805603027e-01,1.976508736610412598e+00,6.693508028984069824e-01
9.112012386322021484e-01,4.246356487274169922e+00,5.451447367668151855e-01
4.309823513031005859e-01,5.325613021850585938e-01,2.309168428182601929e-01
5.003642439842224121e-01,3.993845224380493164e+00,1.004882156848907471e-01
9.095368385314941406e-01,4.787894725799560547e+00,3.606376945972442627e-01
3.278940916061401367e-01,1.563036203384399414e+00,5.820092558860778809e-01
2.997021377086639404e-02,4.643733978271484375e+00,7.524438500404357910e-01
9.905436038970947266e-01,2.425980329513549805e+00,6.113522052764892578e-01
6.038345694541931152e-01,1.336163043975830078e+00,5.923271775245666504e-01
7.584913969039916992e-01,1.865419983863830566e+00,8.441178202629089355e-01
6.590522527694702148e-01,3.381808280944824219e+00,5.792888998985290527e-01
4.684394001960754395e-01,7.568600177764892578e-01,5.511283874511718750e-01
7.151519507169723511e-02,4.492423057556152344e+00,5.314674377441406250e-01
2.336202412843704224e-01,1.065470099449157715e+00,4.338622391223907471e-01
3.693915903568267822e-01,9.897295832633972168e-01,3.705655634403228760e-01
7.282160520553588867e-01,2.682787552475929260e-02,2.312685549259185791e-01
5.822268724441528320e-01,2.510221242904663086e+00,9.921622276306152344e-01
8.823039531707763672e-01,2.139138221740722656e+00,5.727453231811523438e-01
4.863462448120117188e-01,2.270442247390747070e-01,6.056194305419921875e-01
7.071257233619689941e-01,4.144987106323242188e+00,2.378945052623748779e-01
7.428008913993835449e-01,1.950133204460144043e+00,6.837445497512817383e-01
6.376515626907348633e-01,3.713429689407348633e+00,2.837969362735748291e-01
9.210940599441528320e-01,4.593189716339111328e+00,3.790267929434776306e-02
5.417073965072631836e-01,1.754439949989318848e+00,3.232060670852661133e-01
7.778721451759338379e-01,1.485977649688720703e+00,4.295777082443237305e-01
7.613093852996826172e-01,3.819876194000244141e+00,9.912911057472229004e-01
8.924068808555603027e-01,1.396605253219604492e+00,3.179492056369781494e-01
2.404505312442779541e-01,3.455701828002929688e+00,9.491271525621414185e-02
2.354015111923217773e-01,1.732389688491821289e+00,2.867849469184875488e-01
8.930261731147766113e-01,4.580076217651367188e+00,9.304361343383789062e-01
9.654123783111572266e-01,5.952570438385009766e-01,4.816114604473114014e-01
9.034159183502197266e-01,3.234032154083251953e+00,1.276542395353317261e-01
6.450726985931396484e-01,1.972147226333618164e-01,2.130769491195678711e-01
2.725051939487457275e-01,8.819694519042968750e-01,2.268325164914131165e-02
4.311684370040893555e-01,4.623385906219482422e+00,9.367958903312683105e-01
6.393795013427734375e-01,4.394307136535644531e+00,5.258630514144897461e-01
3.215741217136383057e-01,4.716078758239746094e+00,6.417199969291687012e-01
3.409796059131622314e-01,3.834215879440307617e+00,4.521450996398925781e-01
3.826188445091247559e-01,7.377691268920898438e-01,5.995131134986877441e-01
4.983781874179840088e-01,1.132994443178176880e-01,6.004477739334106445e-01
2.343788929283618927e-02,4.470174312591552734e+00,7.174846529960632324e-01
4.778487086296081543e-01,2.208600938320159912e-01,8.805799297988414764e-03
9.162659645080566406e-01,2.181009769439697266e+00,6.520855426788330078e-01
7.376486659049987793e-01,1.849550127983093262e+00,8.646361231803894043e-01
6.875450015068054199e-01,4.830036163330078125e-01,6.854251027107238770e-01
4.796392321586608887e-01,4.935737133026123047e+00,6.422283649444580078e-01
9.463944435119628906e-01,1.032033801078796387e+00,2.256979793310165405e-01
4.303421676158905029e-01,2.669694900512695312e+00,6.104165315628051758e-01
4.337719678878784180e-01,4.037154674530029297e+00,1.570587307214736938e-01
2.423435449600219727e-01,3.712233304977416992e+00,5.806223750114440918e-01
8.543292880058288574e-01,1.675796955823898315e-01,1.230795159935951233e-01
2.105051875114440918e-01,3.663674116134643555e+00,1.268822848796844482e-01
4.361352324485778809e-01,3.765698194503784180e+00,6.339470744132995605e-01
2.779457569122314453e-01,1.382775306701660156e+00,4.311380386352539062e-01
5.609434843063354492e-01,3.976932525634765625e+00,4.730886816978454590e-01
4.278445541858673096e-01,1.047950685024261475e-01,8.833032250404357910e-01
3.013872206211090088e-01,1.414199590682983398e+00,6.867327690124511719e-01
4.730888307094573975e-01,3.858666718006134033e-01,7.708157896995544434e-01
5.505303740501403809e-01,2.179891347885131836e+00,8.207019567489624023e-01
2.517289221286773682e-01,1.273457407951354980e+00,2.552453279495239258e-01
5.586158633232116699e-01,1.354679703712463379e+00,2.985361218452453613e-01
6.340078711509704590e-01,4.842026710510253906e+00,5.179295539855957031e-01
6.092945933341979980e-01,1.600916147232055664e+00,1.565964221954345703e-01
1.839904934167861938e-01,3.883189201354980469e+00,9.670069068670272827e-02
3.409031927585601807e-01,1.083965182304382324e+00,6.771379113197326660e-01
4.203604757785797119e-01,2.507877111434936523e+00,1.815085113048553467e-01
3.204954266548156738e-01,2.258406400680541992e+00,3.304316475987434387e-02
9.923161864280700684e-01,1.220017313957214355e+00,3.679657876491546631e-01
8.726755380630493164e-01,3.263951539993286133e-01,5.839314460754394531e-01
8.747025728225708008e-01,2.690776824951171875e+00,3.633955121040344238e-01
5.016317367553710938e-01,3.320351839065551758e+00,1.238618791103363037e-01
6.665995717048645020e-01,2.424747467041015625e+00,6.311839818954467773e-01
3.654963076114654541e-01,8.298440575599670410e-01,1.067365631461143494e-01
4.817374348640441895e-01,1.110994368791580200e-01,6.118743419647216797e-01
9.552487730979919434e-01,1.366496831178665161e-02,7.123202085494995117e-01
5.304354056715965271e-02,4.165951728820800781e+00,4.918325245380401611e-01
4.327991306781768799e-01,4.758415818214416504e-01,7.065688371658325195e-01
6.106665134429931641e-01,6.814734935760498047e-01,2.807205319404602051e-01
2.062622644007205963e-02,2.710416316986083984e-01,6.244158148765563965e-01
6.487299203872680664e-01,1.759096980094909668e+00,2.479860335588455200e-01
1.189490631222724915e-01,6.239696741104125977e-01,1.840680688619613647e-01
3.422905504703521729e-01,4.766459465026855469e+00,1.502980738878250122e-01
4.976498484611511230e-01,1.603932261466979980e+00,9.365518093109130859e-01
9.932500123977661133e-01,4.456398963928222656e+00,6.151125431060791016e-01
8.901078104972839355e-01,1.866315126419067383e+00,8.045215606689453125e-01
5.963180661201477051e-01,5.681393146514892578e-01,2.485578507184982300e-01
8.827846646308898926e-01,2.861458778381347656e+00,1.517004370689392090e-01
7.346060872077941895e-01,1.086027741432189941e+00,5.069570541381835938e-01
7.565943002700805664e-01,8.277956247329711914e-01,5.230727791786193848e-01
6.069033145904541016e-01,4.936229705810546875e+00,6.704857945442199707e-01
1.730880141258239746e-02,3.525451421737670898e+00,4.248355925083160400e-01
4.143820106983184814e-01,3.453501462936401367e+00,1.171228066086769104e-01
6.736535429954528809e-01,4.727384090423583984e+00,4.752119481563568115e-01
2.140749096870422363e-01,2.058039426803588867e+00,1.639302968978881836e-01
1.499469876289367676e-01,4.309087097644805908e-01,7.309929132461547852e-01
6.316825747489929199e-01,4.503263950347900391e+00,9.326847791671752930e-01
1.906417310237884521e-02,3.644309520721435547e+00,3.021371662616729736e-01
6.470471024513244629e-01,4.927533626556396484e+00,6.198693513870239258e-01
7.680673599243164062e-01,4.939913749694824219e+00,3.870549499988555908e-01
8.886285424232482910e-01,1.035838723182678223e+00,9.348282217979431152e-01
8.087372779846191406e-02,4.274449825286865234e+00,6.933225989341735840e-01
7.256014347076416016e-01,2.367681026458740234e+00,9.714156389236450195e-01
5.879302620887756348e-01,3.911323547363281250e+00,1.040799319744110107e-01
4.090426564216613770e-01,5.375653505325317383e-01,9.365510940551757812e-01
8.486329913139343262e-01,1.335403203964233398e+00,5.511046051979064941e-01
5.892102792859077454e-02,4.392928481101989746e-01,4.457626640796661377e-01
9.934690594673156738e-01,3.695198535919189453e+00,4.716884791851043701e-01
2.171634137630462646e-01,1.960650444030761719e+00,3.207635879516601562e-01
2.212886810302734375e-01,3.704424619674682617e+00,7.970737218856811523e-01
8.585568666458129883e-01,4.953337013721466064e-01,5.992980599403381348e-01
9.950791001319885254e-01,1.722518324851989746e+00,8.060059547424316406e-01
8.292059898376464844e-01,2.672087669372558594e+00,2.284768521785736084e-01
9.773881174623966217e-03,2.173431158065795898e+00,2.167472243309020996e-01
7.924997806549072266e-01,3.491496562957763672e+00,8.724374771118164062e-01
7.883145809173583984e-01,3.973695278167724609e+00,5.426988005638122559e-01
2.758247852325439453e-01,2.672757148742675781e+00,6.786755919456481934e-01
4.262233376502990723e-01,6.624231338500976562e-01,1.106028351932764053e-02
7.511824369430541992e-01,2.313297033309936523e+00,9.032602310180664062e-01
2.613844871520996094e-01,3.622917413711547852e+00,8.309850692749023438e-01
5.618355795741081238e-02,3.423264980316162109e+00,6.871524453163146973e-01
4.914688169956207275e-01,1.586333751678466797e+00,7.875502109527587891e-01
5.048652887344360352e-01,3.442640900611877441e-01,4.566953331232070923e-02
4.712751805782318115e-01,1.609399676322937012e+00,9.195949435234069824e-01
9.748511314392089844e-01,1.684263706207275391e+00,4.440235495567321777e-01
9.095762372016906738e-01,4.665850639343261719e+00,2.019817382097244263e-02
8.412277698516845703e-02,4.662706375122070312e+00,7.459514737129211426e-01
8.513156771659851074e-01,2.929491758346557617e+00,5.530414581298828125e-01
4.890607595443725586e-01,1.987800359725952148e+00,7.183841466903686523e-01
4.387603402137756348e-01,1.307164788246154785e+00,5.927736163139343262e-01
3.731827735900878906e-01,2.867826223373413086e+00,3.544099926948547363e-01
6.846982240676879883e-01,1.809489846229553223e+00,3.090506792068481445e-01
5.981155633926391602e-01,2.833586454391479492e+00,6.064745187759399414e-01
2.078986167907714844e-01,2.875283718109130859e+00,5.965764522552490234e-01
3.530516326427459717e-01,4.791029930114746094e+00,6.265497803688049316e-01
8.444103002548217773e-01,3.006655573844909668e-01,9.489208459854125977e-01
7.597790956497192383e-01,2.537207126617431641e+00,8.111071586608886719e-01
3.792276382446289062e-01,2.659440755844116211e+00,5.833308696746826172e-01
4.075198471546173096e-01,3.149210929870605469e+00,1.333969682455062866e-01
8.146066665649414062e-01,3.621770143508911133e-01,8.313426971435546875e-01
9.584578275680541992e-01,3.656527280807495117e+00,7.859581112861633301e-01
4.417308866977691650e-01,2.693464517593383789e+00,8.659790754318237305e-01
7.606604695320129395e-01,1.813924312591552734e+00,9.503215551376342773e-01
1.350648608058691025e-02,2.768075942993164062e+00,4.352381452918052673e-02
2.934546768665313721e-01,3.785572052001953125e+00,5.393831729888916016e-01
1.642397642135620117e-01,1.040966749191284180e+00,9.131932854652404785e-01
7.889341711997985840e-01,2.619770765304565430e+00,5.176351964473724365e-02
5.001348257064819336e-01,2.482599258422851562e+00,9.049573540687561035e-01
8.627041578292846680e-01,1.502958416938781738e+00,9.737628102302551270e-01
8.471260666847229004e-01,1.528823733329772949e+00,3.031827509403228760e-01
3.435314893722534180e-01,4.104622364044189453e+00,4.665881767868995667e-02
3.584319055080413818e-01,1.016207575798034668e+00,7.747838497161865234e-01
6.587239503860473633e-01,1.646086573600769043e+00,9.616118669509887695e-01
9.868884682655334473e-01,3.230198621749877930e+00,3.500230312347412109e-01
7.847177982330322266e-01,2.641608476638793945e+00,4.566305279731750488e-01
6.915481388568878174e-02,5.786244869232177734e-01,4.536268413066864014e-01
9.308344125747680664e-01,1.163570165634155273e+00,5.324153304100036621e-01
8.375314623117446899e-02,4.161984443664550781e+00,2.262800931930541992e-01
2.054785937070846558e-02,1.646679520606994629e+00,1.016054674983024597e-01
8.582794666290283203e-01,1.919734716415405273e+00,4.154669344425201416e-01
9.135892391204833984e-01,3.626114845275878906e+00,7.967733144760131836e-01
4.513387680053710938e-01,1.117172241210937500e+00,9.266716241836547852e-01
8.967129588127136230e-01,3.745174407958984375e+00,3.506720066070556641e-01
8.019885420799255371e-01,2.285957187414169312e-01,6.696691364049911499e-02
2.031635940074920654e-01,1.684576630592346191e+00,9.459812045097351074e-01
6.252164393663406372e-02,1.856521129608154297e+00,6.944710016250610352e-01
9.404792785644531250e-01,4.712153434753417969e+00,4.440417587757110596e-01
2.526144683361053467e-01,2.024825334548950195e+00,6.488067507743835449e-01
7.923071980476379395e-01,3.666784763336181641e+00,4.424567222595214844e-01
4.454048350453376770e-02,9.758399426937103271e-02,7.906916141510009766e-01
5.950938463211059570e-01,3.499826192855834961e+00,9.476585388183593750e-01
6.063477396965026855e-01,3.965295076370239258e+00,9.206372499465942383e-02
3.164936900138854980e-01,1.783950686454772949e+00,7.876342535018920898e-01
3.259244561195373535e-01,2.550834894180297852e+00,1.474657934159040451e-02
9.504836201667785645e-01,2.294645786285400391e+00,1.350934803485870361e-01
5.981917977333068848e-01,4.969182312488555908e-01,4.985247850418090820e-01
8.275898694992065430e-01,3.183921813964843750e+00,3.328429758548736572e-01
4.443451762199401855e-01,2.179419100284576416e-01,2.665021717548370361e-01
3.128720521926879883e-01,1.960248351097106934e+00,7.334477901458740234e-01
3.411104381084442139e-01,3.325819253921508789e+00,6.753801107406616211e-01
5.962190628051757812e-01,3.787031650543212891e+00,9.933764338493347168e-01
4.923326671123504639e-01,4.798957347869873047e+00,2.884643711149692535e-02
9.564036726951599121e-01,2.672261476516723633e+00,5.237938761711120605e-01
3.650618493556976318e-01,2.439179271459579468e-01,2.454684078693389893e-01
4.957735165953636169e-02,7.780930399894714355e-01,6.644298434257507324e-01
1.861576139926910400e-01,1.787678360939025879e+00,2.016391456127166748e-01
4.766832292079925537e-02,1.994191408157348633e+00,4.731477200984954834e-01
8.159802556037902832e-01,1.432383179664611816e+00,4.142002165317535400e-01
6.775571107864379883e-01,8.244569897651672363e-01,4.966644942760467529e-01
8.869610726833343506e-02,5.082886815071105957e-01,6.946450471878051758e-01
2.918515801429748535e-01,4.410731315612792969e+00,8.618224859237670898e-01
6.342504620552062988e-01,3.084027171134948730e-01,4.612149298191070557e-01
7.872541546821594238e-01,8.970382809638977051e-01,2.821724712848663330e-01
1.845819056034088135e-01,3.075612068176269531e+00,8.105333447456359863e-01
2.278685569763183594e-01,4.144929885864257812e+00,4.802324771881103516e-01
9.112716317176818848e-01,2.893210887908935547e+00,4.997421205043792725e-01
3.143544793128967285e-01,2.159292936325073242e+00,1.124693974852561951e-01
8.102805018424987793e-01,2.781368255615234375e+00,4.996537268161773682e-01
1.599138230085372925e-01,3.443548202514648438e+00,7.322669029235839844e-01
9.493280053138732910e-01,2.550409317016601562e+00,8.743087649345397949e-01
6.106511950492858887e-01,1.116076231002807617e+00,3.985593616962432861e-01
4.927721619606018066e-01,4.421824216842651367e-01,9.683204889297485352e-01
3.427011966705322266e-01,4.320062160491943359e+00,1.542248427867889404e-01
5.411409139633178711e-01,2.766575813293457031e+00,5.946270823478698730e-01
9.782874584197998047e-01,4.002584457397460938e+00,8.519085049629211426e-01
3.851635754108428955e-01,9.735595583915710449e-01,7.485094070434570312e-01
4.943470954895019531e-01,3.560782670974731445e+00,7.530622482299804688e-01
9.919292479753494263e-02,2.318003475666046143e-01,7.509424351155757904e-03
3.411109745502471924e-01,4.758183479309082031e+00,1.755369305610656738e-01
1.590451300144195557e-01,2.884990453720092773e+00,8.279301524162292480e-01
3.779226839542388916e-01,1.120424628257751465e+00,6.201304197311401367e-01
2.378918975591659546e-01,4.442389488220214844e+00,9.390488862991333008e-01
7.875339388847351074e-01,7.794198989868164062e-01,6.946176886558532715e-01
5.079054832458496094e-02,1.424898147583007812e+00,8.410502672195434570e-01
4.683969616889953613e-01,2.836880683898925781e+00,9.383097290992736816e-01
5.822451114654541016e-01,4.695406913757324219e+00,2.050613611936569214e-01
6.198616027832031250e-01,1.118753075599670410e+00,5.643344521522521973e-01
6.754494905471801758e-01,7.607860565185546875e-01,2.005872875452041626e-01
6.782577633857727051e-01,2.973441362380981445e+00,6.572693586349487305e-01
2.292876541614532471e-01,4.078106880187988281e+00,5.111406445503234863e-01
7.074988484382629395e-01,1.454279065132141113e+00,9.901262521743774414e-01
8.595016598701477051e-01,1.022173278033733368e-02,2.016164660453796387e-01
7.357651591300964355e-01,2.665082693099975586e+00,3.554839491844177246e-01
2.522082030773162842e-01,5.012829899787902832e-01,3.769798576831817627e-01
9.361314177513122559e-01,1.592062950134277344e+00,9.852942228317260742e-01
8.087246417999267578e-01,3.022943735122680664e+00,1.493532210588455200e-01
1.249232329428195953e-02,2.339345455169677734e+00,8.290082961320877075e-02
9.858251214027404785e-01,1.343534350395202637e+00,2.872906327247619629e-01
9.541404247283935547e-01,9.027858972549438477e-01,6.603759527206420898e-01
9.685213565826416016e-01,1.316429257392883301e+00,4.251610040664672852e-01
9.481544494628906250e-01,1.442193984985351562e+00,5.644983649253845215e-01
4.744276404380798340e-01,2.740371227264404297e+00,1.563063412904739380e-01
2.407484650611877441e-01,1.350272536277770996e+00,8.912472128868103027e-01
8.489538431167602539e-01,2.734414339065551758e+00,1.264295578002929688e-01
6.262637376785278320e-01,2.050661802291870117e+00,1.513586044311523438e-01
5.333180427551269531e-01,4.703878879547119141e+00,1.453112661838531494e-01
4.774209260940551758e-01,3.557686090469360352e+00,7.030352950096130371e-01
9.712143540382385254e-01,7.879806160926818848e-01,9.628802537918090820e-01
4.827038943767547607e-01,1.846825957298278809e+00,9.856563210487365723e-01
8.325283527374267578e-01,2.350289106369018555e+00,7.586013078689575195e-01
1.147676780819892883e-01,2.269245386123657227e+00,6.250975281000137329e-02
5.239240527153015137e-01,2.164598226547241211e+00,3.515238463878631592e-01
1.792423874139785767e-01,4.140348911285400391e+00,1.337803527712821960e-02
4.590398371219635010e-01,4.382568359375000000e+00,4.986057877540588379e-01
2.292361855506896973e-01,1.571742057800292969e+00,9.264885783195495605e-01
2.597723901271820068e-01,3.249953985214233398e+00,6.241629123687744141e-01
6.333858966827392578e-01,8.510488271713256836e-01,9.698426723480224609e-01
7.277131676673889160e-01,2.264490842819213867e+00,7.193484902381896973e-01
8.580564260482788086e-01,1.836451411247253418e+00,6.597889661788940430e-01
2.337497323751449585e-01,9.476966261863708496e-01,6.874429434537887573e-02
7.483382821083068848e-01,4.454740047454833984e+00,6.980621814727783203e-01
1.477485150098800659e-01,3.648817300796508789e+00,3.235408067703247070e-01
1.611846499145030975e-02,1.686789274215698242e+00,7.576879113912582397e-02
8.749386668205261230e-01,3.268184185028076172e+00,6.423001289367675781e-01
5.166341066360473633e-01,2.062086343765258789e+00,5.196582674980163574e-01
2.114728540182113647e-01,7.703393697738647461e-01,7.228953242301940918e-01
8.935238122940063477e-01,7.761391401290893555e-01,6.758338809013366699e-01
2.761220335960388184e-01,5.247818827629089355e-01,4.250906109809875488e-01
9.169908761978149414e-01,3.874033093452453613e-01,1.298435777425765991e-01
5.077842473983764648e-01,3.978925466537475586e+00,9.194603562355041504e-01
4.617286324501037598e-01,6.015162467956542969e-01,9.122115969657897949e-01
2.207157611846923828e-01,3.343091726303100586e+00,3.580433130264282227e-02
6.574329137802124023e-01,2.751176118850708008e+00,4.815162420272827148e-01
8.478079438209533691e-01,5.792955160140991211e-01,6.389548536390066147e-03
4.565958082675933838e-01,3.535469770431518555e+00,5.252388119697570801e-01
5.348159074783325195e-01,1.234768152236938477e+00,6.023954749107360840e-01
8.461948633193969727e-01,1.790649294853210449e+00,7.356251478195190430e-01
8.963021636009216309e-01,8.855950832366943359e-01,4.626297652721405029e-01
2.879654467105865479e-01,1.229539155960083008e+00,7.759141325950622559e-01
5.903154015541076660e-01,4.790240824222564697e-01,4.727580547332763672e-01
4.402405023574829102e-01,2.002490758895874023e+00,2.608627676963806152e-01
6.764762997627258301e-01,1.114840745925903320e+00,5.794453620910644531e-01
8.309641480445861816e-01,1.319739818572998047e+00,8.579400777816772461e-01
9.214738011360168457e-01,4.585930347442626953e+00,5.711217522621154785e-01
8.999862074851989746e-01,4.262566268444061279e-01,5.499480962753295898e-01
1.585385799407958984e-01,1.706757903099060059e+00,5.349605679512023926e-01
3.695750236511230469e-01,2.184968471527099609e+00,1.060690060257911682e-01
2.072242796421051025e-01,2.036007642745971680e+00,5.094761848449707031e-01
1.732266396284103394e-01,1.612996935844421387e+00,2.306728623807430267e-02
8.066112995147705078e-01,1.947440028190612793e+00,3.853225409984588623e-01
7.266805768013000488e-01,3.374159634113311768e-01,9.067478775978088379e-02
5.384756922721862793e-01,1.453514695167541504e+00,3.737961649894714355e-01
9.793427586555480957e-01,3.737162828445434570e+00,5.176994800567626953e-01
7.945136427879333496e-01,2.641162633895874023e+00,5.600680410861968994e-02
6.563153862953186035e-01,2.677045583724975586e+00,9.203330874443054199e-01
1.732834130525588989e-01,1.561500310897827148e+00,8.117884993553161621e-01
7.893124818801879883e-01,2.669613122940063477e+00,8.219460844993591309e-01
8.311688899993896484e-01,2.423009872436523438e+00,1.218008100986480713e-01
4.629492759704589844e-01,3.833843469619750977e+00,1.443271785974502563e-01
3.996313214302062988e-01,3.433058738708496094e+00,1.390098500996828079e-02
7.817746996879577637e-01,1.025616884231567383e+00,8.746443390846252441e-01
2.032386064529418945e-01,4.282642364501953125e+00,4.914114475250244141e-01
8.445834517478942871e-01,4.154045581817626953e+00,5.270814299583435059e-01
8.242862224578857422e-01,3.523825883865356445e+00,2.268804460763931274e-01
4.077885150909423828e-01,4.530049324035644531e+00,3.637722134590148926e-01
2.243778258562088013e-01,3.891690492630004883e+00,3.860996961593627930e-01
6.905285716056823730e-01,2.648129940032958984e+00,9.261298775672912598e-01
5.132861733436584473e-01,1.217690110206604004e+00,4.588273167610168457e-02
5.731417983770370483e-02,3.206851005554199219e+00,2.032329589128494263e-01
8.216527700424194336e-01,2.891350746154785156e+00,1.504737883806228638e-01
9.008867144584655762e-01,3.492856979370117188e+00,3.241064548492431641e-01
9.882669448852539062e-01,2.787828207015991211e+00,5.820394754409790039e-01
5.107690691947937012e-01,2.065503597259521484e+00,9.118615984916687012e-01
3.837542980909347534e-02,3.247111663222312927e-02,4.281928539276123047e-01
2.228078395128250122e-01,3.817160844802856445e+00,5.215513110160827637e-01
1.419132202863693237e-01,2.178150892257690430e+00,2.908579111099243164e-01
8.599669337272644043e-01,3.922858715057373047e+00,8.481377363204956055e-01
2.104973495006561279e-01,1.883059144020080566e+00,2.950776815414428711e-01
2.360661327838897705e-01,4.131180763244628906e+00,1.233506575226783752e-01
9.323810935020446777e-01,1.878344178199768066e+00,5.113149285316467285e-01
9.649421572685241699e-01,2.025940179824829102e+00,9.550575613975524902e-01
5.716907978057861328e-02,4.315516948699951172e+00,4.338709115982055664e-01
5.309191346168518066e-01,1.599796891212463379e+00,6.312301754951477051e-01
1.025897450745105743e-02,3.551604747772216797e+00,7.871270775794982910e-01
6.750785112380981445e-01,2.992684602737426758e+00,8.006634712219238281e-01
7.678903937339782715e-01,1.199609160423278809e+00,3.551160395145416260e-01
9.322474598884582520e-01,3.743189275264739990e-01,3.904989361763000488e-01
9.038631319999694824e-01,4.128586292266845703e+00,2.137577533721923828e-01
3.718333840370178223e-01,1.759244084358215332e+00,5.815414786338806152e-01
7.558878511190414429e-02,2.243542194366455078e+00,7.041255235671997070e-01
4.462400376796722412e-01,4.183797359466552734e+00,2.077713012695312500e-01
4.139117896556854248e-01,2.348727941513061523e+00,2.306837141513824463e-01
7.525184005498886108e-02,3.347976803779602051e-01,1.475541293621063232e-01
5.379774570465087891e-01,3.110970258712768555e+00,9.286569803953170776e-02
1.712883561849594116e-01,4.322700023651123047e+00,2.776295319199562073e-02
4.941267967224121094e-01,1.565960884094238281e+00,3.340509906411170959e-02
4.443772435188293457e-01,3.042371034622192383e+00,5.926346406340599060e-02
1.829550117254257202e-01,4.154754638671875000e+00,1.792465895414352417e-02
8.154307007789611816e-01,3.501541614532470703e+00,5.711764693260192871e-01
2.864145338535308838e-01,7.290672063827514648e-01,4.632732570171356201e-01
7.997474074363708496e-01,1.218878388404846191e+00,2.600834071636199951e-01
3.636846542358398438e-01,2.842322111129760742e+00,9.001849293708801270e-01
6.081638336181640625e-01,3.057529926300048828e+00,4.424432814121246338e-01
9.068790674209594727e-01,2.749041616916656494e-01,9.801789522171020508e-01
7.202086448669433594e-01,4.286396026611328125e+00,7.346972227096557617e-01
1.792176812887191772e-01,2.326474666595458984e+00,6.572793126106262207e-01
5.942665338516235352e-01,3.754855632781982422e+00,8.947687149047851562e-01
3.062228858470916748e-01,6.124388054013252258e-02,5.952253341674804688e-01
5.478272587060928345e-02,4.295785903930664062e+00,5.040798187255859375e-01
8.314228057861328125e-01,1.012011095881462097e-01,6.822381615638732910e-01
3.459710776805877686e-01,2.509829521179199219e+00,2.099011987447738647e-01
3.847555518150329590e-01,2.783874988555908203e+00,5.599040985107421875e-01
8.350277543067932129e-01,1.982161253690719604e-01,6.276109218597412109e-01
7.080136537551879883e-01,2.302150011062622070e+00,2.360095828771591187e-01
8.589344024658203125e-01,9.670481085777282715e-01,7.564687728881835938e-01
3.079105867072939873e-03,3.137799501419067383e+00,9.144476652145385742e-01
4.531018137931823730e-01,4.459248065948486328e+00,6.078634858131408691e-01
6.366321444511413574e-02,3.182314872741699219e+00,6.700484752655029297e-01
5.229488015174865723e-01,1.036339998245239258e+00,3.326956629753112793e-01
7.194741815328598022e-02,2.851468324661254883e-01,6.852338910102844238e-01
2.701917886734008789e-01,5.774348974227905273e-01,8.645418882369995117e-01
2.371686995029449463e-01,2.914883196353912354e-01,4.755908548831939697e-01
4.377956986427307129e-01,3.944387197494506836e+00,2.389479577541351318e-01
5.659987926483154297e-01,2.524247407913208008e+00,3.596284389495849609e-01
4.864163696765899658e-01,1.594361066818237305e+00,6.752861738204956055e-01
1.791519075632095337e-01,2.258167982101440430e+00,8.803882449865341187e-02
8.921422362327575684e-01,2.311342239379882812e+00,2.835765779018402100e-01
1.538732647895812988e-01,4.702776908874511719e+00,8.330156207084655762e-01
6.459436416625976562e-01,2.831053972244262695e+00,4.695039093494415283e-01
7.023305892944335938e-01,6.648969650268554688e-01,5.017221570014953613e-01
5.441945195198059082e-01,6.348704099655151367e-01,6.222866773605346680e-01
9.821461439132690430e-01,5.112821459770202637e-01,4.280025660991668701e-01
6.018748879432678223e-01,3.907597303390502930e+00,9.931656122207641602e-01
9.715699553489685059e-01,4.963966369628906250e+00,3.782187700271606445e-01
5.032929182052612305e-01,1.969735503196716309e+00,7.689260244369506836e-01
2.652734220027923584e-01,1.329875469207763672e+00,7.290808558464050293e-01
6.340033411979675293e-01,3.119665384292602539e-01,4.053086340427398682e-01
4.382876753807067871e-01,4.282001972198486328e+00,8.567562103271484375e-01
7.149090170860290527e-01,2.070105552673339844e+00,2.790453732013702393e-01
5.624511837959289551e-01,1.387847661972045898e+00,8.417593240737915039e-01
1.813890486955642700e-01,2.481979608535766602e+00,7.075327634811401367e-02
1.791983842849731445e-01,2.348993062973022461e+00,3.608717918395996094e-01
8.588160872459411621e-01,4.163396358489990234e+00,1.829075366258621216e-01
3.844359219074249268e-01,1.766169905662536621e+00,2.515878379344940186e-01
5.765895843505859375e-01,3.338133096694946289e+00,4.009624421596527100e-01
7.061405181884765625e-01,2.007381767034530640e-01,6.673195958137512207e-01
5.424565076828002930e-01,9.873628616333007812e-02,3.789890408515930176e-01
6.686106920242309570e-01,2.978066444396972656e+00,5.148226022720336914e-01
1.798685491085052490e-01,2.356236457824707031e+00,7.439731806516647339e-02
3.451165044680237770e-03,1.067276954650878906e+00,9.978013485670089722e-02
9.880048036575317383e-01,1.961764097213745117e+00,5.614566802978515625e-01
1.913494430482387543e-02,3.589983463287353516e+00,4.764378368854522705e-01
2.888576686382293701e-01,1.808705091476440430e+00,3.911915123462677002e-01
4.219834804534912109e-01,3.888622045516967773e+00,7.836683392524719238e-01
9.105690717697143555e-01,4.013169288635253906e+00,1.689684540033340454e-01
4.517528414726257324e-01,4.936408042907714844e+00,3.689358532428741455e-01
9.156404733657836914e-01,1.103884577751159668e+00,5.192025899887084961e-01
8.716935515403747559e-01,2.208275794982910156e+00,6.065135598182678223e-01
5.878916382789611816e-01,9.519028663635253906e-01,5.611591339111328125e-01
1.615283042192459106e-01,2.637477874755859375e+00,5.002903342247009277e-01
7.079195231199264526e-02,3.014789819717407227e+00,3.676722943782806396e-01
9.178386330604553223e-01,2.621303081512451172e+00,7.339855432510375977e-01
9.144529700279235840e-01,4.266200542449951172e+00,2.603008151054382324e-01
1.081195101141929626e-01,2.845119476318359375e+00,1.953023672103881836e-01
9.503966569900512695e-02,2.050285041332244873e-01,2.781305015087127686e-01
6.906344294548034668e-01,7.248845100402832031e-01,5.745249334722757339e-03
9.207007884979248047e-01,3.068745374679565430e+00,4.713942110538482666e-01
7.281085848808288574e-01,4.232664108276367188e+00,9.086822271347045898e-01
1.545203626155853271e-01,1.408047914505004883e+00,6.016188859939575195e-01
8.122603893280029297e-01,2.297418355941772461e+00,5.845531821250915527e-01
4.943619370460510254e-01,2.470261752605438232e-01,8.373364210128784180e-01
5.034272074699401855e-01,4.379177093505859375e+00,5.963572859764099121e-01
7.340790331363677979e-02,4.942709445953369141e+00,1.995013356208801270e-01
5.848496556282043457e-01,4.131775200366973877e-01,4.575948119163513184e-01
5.374422073364257812e-01,1.908503770828247070e+00,6.790331602096557617e-01
3.225358724594116211e-01,3.564332485198974609e+00,4.087067544460296631e-01
9.284973144531250000e-01,3.119444847106933594e+00,4.064657986164093018e-01
3.918378949165344238e-01,2.380382061004638672e+00,1.650248616933822632e-01
7.112417817115783691e-01,2.460570573806762695e+00,5.600012540817260742e-01
4.645027518272399902e-01,2.589107513427734375e+00,3.067583739757537842e-01
5.228241086006164551e-01,2.774300098419189453e+00,5.988349914550781250e-01
7.646343708038330078e-01,3.892836332321166992e+00,2.110919058322906494e-01
7.526935935020446777e-01,4.764096260070800781e+00,6.199440360069274902e-01
3.749307990074157715e-01,1.106815099716186523e+00,7.910120487213134766e-01
6.519931554794311523e-01,4.171536922454833984e+00,1.336561143398284912e-01
1.439066082239151001e-01,2.298818349838256836e+00,5.459108948707580566e-02
4.209403693675994873e-01,8.100595474243164062e-01,1.868256554007530212e-02
8.674871325492858887e-01,4.565529346466064453e+00,7.822900414466857910e-01
6.483067274093627930e-01,1.016132235527038574e+00,6.519928574562072754e-01
2.179156690835952759e-01,3.924272060394287109e+00,3.849154114723205566e-01
4.662854671478271484e-01,4.285932540893554688e+00,2.979922592639923096e-01
3.099802732467651367e-01,1.514796733856201172e+00,5.599445104598999023e-01
8.948280215263366699e-01,4.838891029357910156e+00,6.825318932533264160e-01
1.095080226659774780e-01,1.069761157035827637e+00,7.070940136909484863e-01
5.106308460235595703e-01,2.229456186294555664e+00,1.402195692062377930e-01
6.445643901824951172e-01,3.048231363296508789e+00,5.241050124168395996e-01
3.357484340667724609e-01,3.238625288009643555e+00,6.796467900276184082e-01
5.302192568778991699e-01,4.928112030029296875e+00,6.591148376464843750e-01
8.700816631317138672e-01,2.636740505695343018e-01,5.456980690360069275e-02
3.599823117256164551e-01,3.757148981094360352e+00,7.097546458244323730e-01
9.411550164222717285e-01,3.456124067306518555e+00,6.681765317916870117e-01
8.859627842903137207e-01,6.624490022659301758e-01,4.140377938747406006e-01
2.740522027015686035e-01,1.812617033720016479e-01,5.802952647209167480e-01
2.599355280399322510e-01,1.464321494102478027e+00,1.664792932569980621e-02
2.221689373254776001e-01,8.568560481071472168e-01,3.130671754479408264e-02
2.009081095457077026e-01,2.583599328994750977e+00,7.071122527122497559e-01
8.923476934432983398e-01,4.767723560333251953e+00,6.679717898368835449e-01
4.549067914485931396e-01,3.865554094314575195e+00,8.617803454399108887e-01
4.622306823730468750e-01,4.910649776458740234e+00,5.648398026823997498e-02
9.353436231613159180e-01,4.628613948822021484e+00,3.248887136578559875e-02
1.098429188132286072e-01,1.148148298263549805e+00,6.378310918807983398e-01
9.672182798385620117e-01,4.268595695495605469e+00,2.546606659889221191e-01
3.045715391635894775e-01,1.108185052871704102e+00,4.506815969944000244e-01
9.259858727455139160e-01,1.602783322334289551e+00,7.352213859558105469e-01
2.398005574941635132e-01,4.910576939582824707e-01,6.666281819343566895e-01
2.983348965644836426e-01,3.490095615386962891e+00,9.245592355728149414e-01
5.610508322715759277e-01,1.379157423973083496e+00,2.808000147342681885e-01
6.032420396804809570e-01,2.132161855697631836e+00,3.762259185314178467e-01
8.272508978843688965e-01,1.322174668312072754e+00,5.763612985610961914e-01
4.815825521945953369e-01,2.459370851516723633e+00,5.101416110992431641e-01
3.890794813632965088e-01,2.670779228210449219e+00,2.804074883460998535e-01
5.694549083709716797e-01,2.221370220184326172e+00,2.911631166934967041e-01
3.890114724636077881e-01,4.405462741851806641e+00,2.949927747249603271e-01
7.701345682144165039e-01,9.676142334938049316e-01,2.777061760425567627e-01
8.259761333465576172e-02,1.905071735382080078e+00,8.682567477226257324e-01
7.776275277137756348e-01,3.070968151092529297e+00,1.842404752969741821e-01
4.063483774662017822e-01,2.402786970138549805e+00,1.458594650030136108e-01
4.849002137780189514e-02,3.221476316452026367e+00,6.915610432624816895e-01
3.537839949131011963e-01,1.546665668487548828e+00,7.049227952957153320e-01
9.594567418098449707e-01,3.782117664813995361e-01,4.712704718112945557e-01
9.613017737865447998e-02,9.284984320402145386e-02,5.807949900627136230e-01
9.882994890213012695e-01,2.255615711212158203e+00,2.559087276458740234e-01
6.920566558837890625e-01,4.913506209850311279e-01,6.612145900726318359e-01
5.052738785743713379e-01,1.545804619789123535e+00,6.888791173696517944e-02
4.156491458415985107e-01,2.740418672561645508e+00,6.265271306037902832e-01
9.421236515045166016e-01,3.653571367263793945e+00,7.053540945053100586e-01
6.626257300376892090e-01,1.182983279228210449e+00,1.406195908784866333e-01
9.732942581176757812e-01,1.889398932456970215e+00,7.218413800001144409e-02
6.676453948020935059e-01,2.688580751419067383e+00,5.018131732940673828e-01
7.274460196495056152e-01,3.288900613784790039e+00,1.784905493259429932e-01
9.012497216463088989e-02,3.282714128494262695e+00,9.665555357933044434e-01
2.474460154771804810e-01,2.767518520355224609e+00,7.473374009132385254e-01
8.614410758018493652e-01,2.398112297058105469e+00,9.888396412134170532e-02
4.347278475761413574e-01,4.358937263488769531e+00,9.197143912315368652e-01
1.325337141752243042e-01,2.825453281402587891e+00,2.089752405881881714e-01
9.546363353729248047e-01,3.728451728820800781e+00,3.742886781692504883e-01
4.392223954200744629e-01,5.134266018867492676e-01,6.216004490852355957e-01
6.359755992889404297e-01,3.177175045013427734e+00,8.021892309188842773e-01
1.827572435140609741e-01,7.420485615730285645e-01,5.816580653190612793e-01
4.995531439781188965e-01,4.842864990234375000e+00,9.604998826980590820e-01
5.993940234184265137e-01,1.828030347824096680e+00,8.942952156066894531e-01
2.323413267731666565e-02,4.510825634002685547e+00,8.720296025276184082e-01
6.010890007019042969e-01,4.195138931274414062e+00,6.698753833770751953e-01
5.618527531623840332e-01,1.251452445983886719e+00,5.026224255561828613e-01
9.247022867202758789e-01,3.928297281265258789e+00,6.552263498306274414e-01
7.489440441131591797e-01,4.809493541717529297e+00,2.104690670967102051e-02
1.856508292257785797e-02,3.849778473377227783e-01,4.701384603977203369e-01
3.661758303642272949e-01,3.574472665786743164e+00,7.124158143997192383e-01
2.542360872030258179e-02,4.561312198638916016e+00,8.364346623420715332e-01
3.421939676627516747e-03,3.295434713363647461e+00,9.960969090461730957e-01
4.002108871936798096e-01,3.272575139999389648e+00,5.725660324096679688e-01
4.210467636585235596e-01,3.616364479064941406e+00,2.321943044662475586e-01
9.502047300338745117e-01,1.774506092071533203e+00,9.835694432258605957e-01
3.430094420909881592e-01,3.287634849548339844e+00,8.706363439559936523e-01
9.166843295097351074e-01,4.596543312072753906e+00,7.238453626632690430e-01
8.148676753044128418e-01,3.351600408554077148e+00,9.251274466514587402e-01
9.757964611053466797e-01,2.661496102809906006e-01,4.816907048225402832e-01
3.895792663097381592e-01,2.929229736328125000e+00,8.629336357116699219e-01
8.231503367424011230e-01,3.085825204849243164e+00,1.837248653173446655e-01
7.249935865402221680e-01,4.424746513366699219e+00,9.282217025756835938e-01
9.852888584136962891e-01,1.096175551414489746e+00,3.073417767882347107e-02
5.010979175567626953e-01,3.761786937713623047e+00,2.204545885324478149e-01
9.377170205116271973e-01,2.543587923049926758e+00,7.802236676216125488e-01
8.514320850372314453e-01,1.350597381591796875e+00,3.300281763076782227e-01
6.938894391059875488e-01,2.385696411132812500e+00,9.533448219299316406e-01
7.249986529350280762e-01,9.734795093536376953e-01,2.700599730014801025e-01
2.988236583769321442e-02,3.914348602294921875e+00,8.106938004493713379e-01
5.949601531028747559e-01,5.194302201271057129e-01,3.303222954273223877e-01
9.734431505203247070e-01,2.435626029968261719e+00,8.240966796875000000e-01
6.757923960685729980e-01,4.274153232574462891e+00,8.566457033157348633e-01
7.180784344673156738e-01,2.056226253509521484e+00,3.297055363655090332e-01
3.308295905590057373e-01,3.333549737930297852e+00,6.864898204803466797e-01
7.746747732162475586e-01,4.196953296661376953e+00,6.538510918617248535e-01
9.011135697364807129e-01,3.665395498275756836e+00,5.652192234992980957e-01
4.912336543202400208e-02,3.128011703491210938e+00,4.724404588341712952e-02
7.719969153404235840e-01,1.123332619667053223e+00,5.895016193389892578e-01
6.887121796607971191e-01,1.891580700874328613e+00,8.076820969581604004e-01
7.932122945785522461e-01,2.235875844955444336e+00,5.515341758728027344e-01
7.005728036165237427e-02,9.456148147583007812e-01,4.097851514816284180e-01
8.687316179275512695e-01,4.444282531738281250e+00,5.891847014427185059e-01
7.416053861379623413e-02,2.909534215927124023e+00,5.263911485671997070e-01
2.358053326606750488e-01,3.485035181045532227e+00,3.779192864894866943e-01
9.790900349617004395e-01,1.052464008331298828e+00,2.493201345205307007e-01
1.450951248407363892e-01,8.968686461448669434e-01,3.462882936000823975e-01
9.872506856918334961e-01,2.198244333267211914e+00,2.028747051954269409e-01
7.916405200958251953e-01,2.294480949640274048e-01,5.089797452092170715e-02
3.583560287952423096e-01,9.130244702100753784e-02,5.956870317459106445e-01
3.413494527339935303e-01,2.248152971267700195e+00,7.121965885162353516e-01
1.304211616516113281e-01,3.728570222854614258e+00,7.522516250610351562e-01
7.278835773468017578e-01,4.851059913635253906e+00,3.680715337395668030e-02
4.094362258911132812e-01,3.088038206100463867e+00,6.317445635795593262e-01
2.926141321659088135e-01,7.570298314094543457e-01,4.970937073230743408e-01
8.943215012550354004e-03,3.625445067882537842e-01,1.869816184043884277e-01
4.149546027183532715e-01,4.432601928710937500e+00,3.807030990719795227e-02
8.378624320030212402e-01,1.913789391517639160e+00,3.684493005275726318e-01
9.231824278831481934e-01,4.643088340759277344e+00,3.516091778874397278e-02
4.575075209140777588e-01,7.076545357704162598e-01,3.931815922260284424e-01
7.462599873542785645e-01,4.446286678314208984e+00,7.069712877273559570e-01
4.852956831455230713e-01,2.620619237422943115e-01,5.725050568580627441e-01
6.443310379981994629e-01,8.313131332397460938e-01,3.685426712036132812e-01
1.477652192115783691e-01,2.249797105789184570e+00,6.229946017265319824e-01
8.555614352226257324e-01,3.735408782958984375e+00,1.897030472755432129e-01
7.338589522987604141e-03,7.704170346260070801e-01,4.964043796062469482e-01
3.277776241302490234e-01,1.441954016685485840e+00,2.286486774682998657e-01
7.718896493315696716e-03,1.042174220085144043e+00,6.742632389068603516e-01
6.168226003646850586e-01,4.041372776031494141e+00,5.878214240074157715e-01
4.026208221912384033e-01,8.689211606979370117e-01,2.647657133638858795e-02
8.105738162994384766e-01,8.473591208457946777e-01,5.971549749374389648e-01
1.002736166119575500e-01,1.915305018424987793e+00,5.319434218108654022e-03
9.505169987678527832e-01,2.227687358856201172e+00,9.493298530578613281e-01
3.230810910463333130e-02,4.635118484497070312e+00,6.952704191207885742e-01
3.140725567936897278e-02,9.430291056632995605e-01,1.151690036058425903e-01
8.056492209434509277e-01,3.902912855148315430e+00,8.521087765693664551e-01
4.991568922996520996e-01,3.837152004241943359e+00,2.587841451168060303e-01
3.171004652976989746e-01,2.979359388351440430e+00,6.176773905754089355e-01
9.083417654037475586e-01,1.991114139556884766e+00,3.026612699031829834e-01
1.679328382015228271e-01,1.647562742233276367e+00,4.828600287437438965e-01
3.433769643306732178e-01,2.742678880691528320e+00,8.375863730907440186e-02
4.419810771942138672e-01,3.007763624191284180e+00,8.153333067893981934e-01
8.707277178764343262e-01,2.409379482269287109e+00,9.901060163974761963e-02
1.885420978069305420e-01,1.862050533294677734e+00,3.886606097221374512e-01
1.460839062929153442e-01,2.417686939239501953e+00,4.776754230260848999e-02
4.616917967796325684e-01,1.892714500427246094e+00,4.534104466438293457e-01
8.151355981826782227e-01,2.376197338104248047e+00,4.267774820327758789e-01
6.393601894378662109e-01,4.955140590667724609e+00,5.767831206321716309e-02
7.150542140007019043e-01,2.262099981307983398e+00,3.137475252151489258e-01
4.217659831047058105e-01,2.660214662551879883e+00,9.968729019165039062e-01
5.157036781311035156e-01,2.532827138900756836e+00,1.776854842901229858e-01
3.919868767261505127e-01,2.641076803207397461e+00,6.767118573188781738e-01
7.639143466949462891e-01,4.704217910766601562e+00,2.199921160936355591e-01
7.766222357749938965e-01,4.876399517059326172e+00,5.628848671913146973e-01
3.270539045333862305e-01,1.760730028152465820e+00,8.127782344818115234e-01
7.791227698326110840e-01,3.948044478893280029e-01,4.895522072911262512e-02
1.384346485137939453e-01,4.669476985931396484e+00,1.958941668272018433e-01
3.849595189094543457e-01,3.823062479496002197e-01,6.275958418846130371e-01
7.008612155914306641e-01,2.901509106159210205e-01,1.891356259584426880e-01
8.862258195877075195e-01,1.047938466072082520e+00,4.343305900692939758e-02
2.500572800636291504e-01,9.955304861068725586e-01,1.774996705353260040e-02
7.305113673210144043e-01,5.305625796318054199e-01,9.758709669113159180e-01
4.114939868450164795e-01,6.844432353973388672e-01,5.958948731422424316e-01
9.717452526092529297e-01,2.259944677352905273e+00,5.624591112136840820e-01
4.236600995063781738e-01,1.547869086265563965e+00,6.930864602327346802e-02
1.981310695409774780e-01,1.631104826927185059e+00,9.378629326820373535e-01
8.691288828849792480e-01,1.132567882537841797e+00,6.090806126594543457e-01
9.654598832130432129e-01,1.889060020446777344e+00,4.113657474517822266e-01
5.100952982902526855e-01,4.280898571014404297e+00,7.143612504005432129e-01
3.009790480136871338e-01,2.542865753173828125e+00,8.095212578773498535e-01
2.534414827823638916e-01,2.340613365173339844e+00,3.105842508375644684e-03
5.413411855697631836e-01,3.109744548797607422e+00,6.441083271056413651e-03
6.337739061564207077e-03,3.498036384582519531e+00,8.664285540580749512e-01
8.986543416976928711e-01,4.331502437591552734e+00,5.302200317382812500e-01
7.326911687850952148e-01,2.442957401275634766e+00,5.241916179656982422e-01
2.493015527725219727e-01,4.243916273117065430e-01,6.395007371902465820e-01
3.201729953289031982e-01,2.766164302825927734e+00,2.790338993072509766e-01
2.472534775733947754e-01,3.004861593246459961e+00,6.131216287612915039e-01
4.308944568037986755e-02,5.311826709657907486e-03,6.092571616172790527e-01
8.607550263404846191e-01,3.127701878547668457e-01,2.270852774381637573e-01
5.087322592735290527e-01,8.665365576744079590e-01,8.978499174118041992e-01
4.467296302318572998e-01,4.254750728607177734e+00,9.406862258911132812e-01
4.746866524219512939e-01,6.620753407478332520e-01,4.209173917770385742e-01
4.623470306396484375e-01,1.511678457260131836e+00,6.414327025413513184e-02
7.725498676300048828e-01,4.535947799682617188e+00,8.072168827056884766e-01
8.261024355888366699e-01,3.938324928283691406e+00,5.641336441040039062e-01
7.334402203559875488e-01,4.932418346405029297e+00,6.189935654401779175e-02
9.952507615089416504e-01,2.843601942062377930e+00,7.691312432289123535e-01
1.354163140058517456e-02,3.665189981460571289e+00,7.444890141487121582e-01
2.210125327110290527e-01,1.591376304626464844e+00,6.484961509704589844e-01
9.405225515365600586e-01,4.748115688562393188e-02,2.625705003738403320e-01
1.350597292184829712e-02,2.262795686721801758e+00,3.973973691463470459e-01
5.431214570999145508e-01,3.439277887344360352e+00,2.366948723793029785e-01
4.452984929084777832e-01,1.655928373336791992e+00,9.648244827985763550e-02
1.575169563293457031e-01,1.634942770004272461e+00,9.832121431827545166e-03
9.915956258773803711e-01,3.379364490509033203e+00,8.119678497314453125e-01
9.129592776298522949e-01,2.713188886642456055e+00,9.683377295732498169e-02
6.618507504463195801e-01,3.437829256057739258e+00,6.239778548479080200e-02
6.177965998649597168e-01,2.754405498504638672e+00,6.291407346725463867e-01
8.585109114646911621e-01,2.807212769985198975e-01,3.133301436901092529e-02
8.343333005905151367e-01,3.452344655990600586e+00,1.186626330018043518e-01
4.302983283996582031e-01,2.883262634277343750e-01,9.721995890140533447e-02
6.003735661506652832e-01,4.789506912231445312e+00,9.160963296890258789e-01
3.017188012599945068e-01,1.603051424026489258e+00,5.684449672698974609e-01
7.784449458122253418e-01,1.551800370216369629e+00,4.906248450279235840e-01
6.290298104286193848e-01,2.941385746002197266e+00,5.354805588722229004e-01
2.969082817435264587e-02,9.948804378509521484e-01,2.512249648571014404e-01
7.402867078781127930e-01,4.188298702239990234e+00,6.552914977073669434e-01
3.270421028137207031e-01,7.556838989257812500e-01,3.424649685621261597e-02
1.760482341051101685e-01,2.590091705322265625e+00,4.102999567985534668e-01
8.216378688812255859e-01,1.189042568206787109e+00,1.448014825582504272e-01
6.457067281007766724e-02,1.329712748527526855e+00,6.088705658912658691e-01
7.409815192222595215e-01,1.696483731269836426e+00,1.702000647783279419e-01
6.888778209686279297e-01,4.212572097778320312e+00,3.376797437667846680e-01
6.651957035064697266e-01,2.329689979553222656e+00,8.358424305915832520e-01
5.913024544715881348e-01,5.397869944572448730e-01,5.929860472679138184e-01
7.117379307746887207e-01,7.659364342689514160e-01,9.241936206817626953e-01
3.578824996948242188e-01,3.326818704605102539e+00,7.740548253059387207e-01
8.431406617164611816e-01,2.424613475799560547e+00,5.243462920188903809e-01
5.035199522972106934e-01,1.532981276512145996e+00,9.396924376487731934e-01
2.746630012989044189e-01,3.032120704650878906e+00,5.673928260803222656e-01
2.002658694982528687e-01,1.896622896194458008e+00,2.148429006338119507e-01
2.512846291065216064e-01,2.913820505142211914e+00,7.884632945060729980e-01
8.481448292732238770e-01,1.203153967857360840e+00,3.437460660934448242e-01
4.956925511360168457e-01,4.931521415710449219e+00,7.901636958122253418e-01
4.704219996929168701e-01,4.187547206878662109e+00,8.638353943824768066e-01
3.324292004108428955e-01,4.080639839172363281e+00,1.288540661334991455e-02
2.137032896280288696e-01,9.740779995918273926e-01,5.772422552108764648e-01
5.367324352264404297e-01,3.909332036972045898e+00,1.080787107348442078e-01
5.055889487266540527e-01,1.882921695709228516e+00,5.354688763618469238e-01
7.429386973381042480e-01,3.773084402084350586e+00,8.651748299598693848e-01
9.465847611427307129e-01,2.612674474716186523e+00,5.765007138252258301e-01
1.121660321950912476e-02,2.741086959838867188e+00,3.337931632995605469e-02
2.828622460365295410e-01,4.512607097625732422e+00,7.283153533935546875e-01
3.322840109467506409e-02,2.018404960632324219e+00,4.725588113069534302e-02
3.865014612674713135e-01,5.518496036529541016e-01,6.722114235162734985e-02
9.380027055740356445e-01,3.717324882745742798e-02,1.963059008121490479e-01
1.908903568983078003e-01,3.086416423320770264e-01,8.408997952938079834e-02
3.199962079524993896e-01,1.383573412895202637e+00,8.765879869461059570e-01
7.504366040229797363e-01,9.613083004951477051e-01,2.978301346302032471e-01
9.189891219139099121e-01,1.513561487197875977e+00,9.732735753059387207e-01
7.713173627853393555e-01,3.431370496749877930e+00,8.102648854255676270e-01
1.851742565631866455e-01,1.256466984748840332e+00,5.861033797264099121e-01
1.472213715314865112e-01,1.292565822601318359e+00,6.112567186355590820e-01
6.366429328918457031e-01,2.709598302841186523e+00,6.883332133293151855e-01
5.992317944765090942e-02,1.264590382575988770e+00,2.250470221042633057e-01
5.569986999034881592e-02,3.228775501251220703e+00,9.411589056253433228e-02
2.046713680028915405e-01,4.189012527465820312e+00,5.022161602973937988e-01
5.578083992004394531e-01,2.207743883132934570e+00,4.524081051349639893e-01
3.077398240566253662e-01,4.699013710021972656e+00,3.612216413021087646e-01
7.738861441612243652e-01,1.511682197451591492e-02,1.584814935922622681e-01
7.718900442123413086e-01,4.100682258605957031e+00,3.112013041973114014e-01
9.246368408203125000e-01,1.944402813911437988e+00,4.928192198276519775e-01
2.694062292575836182e-01,2.733267784118652344e+00,5.771238207817077637e-01
6.505329608917236328e-01,3.718965291976928711e+00,9.599708914756774902e-01
8.002121448516845703e-01,4.370377540588378906e+00,7.051305174827575684e-01
8.564566969871520996e-01,3.826411724090576172e+00,7.495407462120056152e-01
8.548685908317565918e-01,1.116789460182189941e+00,9.144893288612365723e-01
7.179026603698730469e-01,3.184792041778564453e+00,8.277520537376403809e-01
8.475340604782104492e-01,1.312290072441101074e+00,4.196850657463073730e-01
9.021738767623901367e-01,4.129232406616210938e+00,5.456865429878234863e-01
5.079116821289062500e-01,2.197802066802978516e+00,1.103185638785362244e-01
9.300778061151504517e-02,2.696774721145629883e+00,5.020938515663146973e-01
9.045471549034118652e-01,1.323915719985961914e+00,9.670275449752807617e-01
3.115086629986763000e-02,4.751600742340087891e+00,7.594408392906188965e-01
3.719705939292907715e-01,3.036928176879882812e+00,9.176952838897705078e-01
5.643564462661743164e-01,1.953109502792358398e+00,3.367409706115722656e-01
1.406568735837936401e-01,2.843331098556518555e-01,2.199192345142364502e-01
8.092370629310607910e-01,1.120989799499511719e+00,5.652318000793457031e-01
4.156342148780822754e-01,2.619155406951904297e+00,8.001462817192077637e-01
8.557375669479370117e-01,2.882570743560791016e+00,7.614471018314361572e-03
2.188552021980285645e-01,3.695019006729125977e+00,3.246722221374511719e-01
3.076497316360473633e-01,1.735838890075683594e+00,3.333236575126647949e-01
6.913755536079406738e-01,1.868818163871765137e+00,8.124685287475585938e-01
9.943633675575256348e-01,3.453530371189117432e-01,5.059497952461242676e-01
5.099364519119262695e-01,1.835648059844970703e+00,8.763872087001800537e-02
6.998202204704284668e-01,3.377580642700195312e+00,9.190712571144104004e-01
7.395885586738586426e-01,6.955229640007019043e-01,4.481762051582336426e-01
7.176314592361450195e-01,3.633020401000976562e+00,9.325969815254211426e-01
7.362412810325622559e-01,1.031373500823974609e+00,9.902240633964538574e-01
8.994397521018981934e-01,2.472576141357421875e+00,3.267629146575927734e-01
8.891810178756713867e-01,8.614422082901000977e-01,4.749448597431182861e-01
2.506435811519622803e-01,1.879905939102172852e+00,6.198213435709476471e-03
2.725881040096282959e-01,6.459521651268005371e-01,7.649421095848083496e-01
3.142721354961395264e-01,3.731225967407226562e+00,1.931044310331344604e-01
1.761981248855590820e-01,1.477822542190551758e+00,3.998601436614990234e-01
8.454117178916931152e-01,4.946170747280120850e-01,2.193017750978469849e-01
3.969987630844116211e-01,2.786086201667785645e-01,2.863002121448516846e-01
8.489763140678405762e-01,2.855947315692901611e-01,2.581203579902648926e-01
3.011618852615356445e-01,1.649318575859069824e+00,8.136089444160461426e-01
1.775374561548233032e-01,3.238902568817138672e+00,1.833543628454208374e-01
1.832644790410995483e-01,1.586953163146972656e+00,9.503092765808105469e-01
1.885420531034469604e-01,1.198689103126525879e+00,5.064519047737121582e-01
6.908598542213439941e-01,2.730046033859252930e+00,4.182280600070953369e-01
7.533316016197204590e-01,6.436160802841186523e-01,2.084325551986694336e-01
5.713701844215393066e-01,4.129453182220458984e+00,5.799962282180786133e-01
2.205234169960021973e-01,8.942670375108718872e-02,8.532649874687194824e-01
9.307976365089416504e-01,1.819243073463439941e+00,4.505898058414459229e-01
4.547677338123321533e-01,1.932916045188903809e+00,9.029869437217712402e-01
2.116242051124572754e-01,1.519515037536621094e+00,4.990168511867523193e-01
5.222023129463195801e-01,4.335392951965332031e+00,3.101315200328826904e-01
9.552528858184814453e-01,2.248646974563598633e+00,9.501092433929443359e-01
6.160599589347839355e-01,2.513903856277465820e+00,9.974148869514465332e-01
2.520223855972290039e-01,1.279662966728210449e+00,1.249052211642265320e-01
1.419879347085952759e-01,3.137965202331542969e+00,3.420788347721099854e-01
9.803861975669860840e-01,2.285993337631225586e+00,8.608060479164123535e-01
4.526617825031280518e-01,1.205633997917175293e+00,8.103580474853515625e-01
6.730217933654785156e-01,9.818435907363891602e-01,3.562521934509277344e-01
9.332664608955383301e-01,4.737888336181640625e+00,3.579792678356170654e-01
2.926081418991088867e-01,3.885513544082641602e+00,8.161522746086120605e-01
9.389178752899169922e-01,2.829866647720336914e+00,8.307896852493286133e-01
2.670055031776428223e-01,2.289830207824707031e+00,6.808876991271972656e-01
6.608468294143676758e-01,3.231717824935913086e+00,8.334963321685791016e-01
4.322075545787811279e-01,3.655985832214355469e+00,6.240247488021850586e-01
5.633322596549987793e-01,4.179099559783935547e+00,5.900261998176574707e-01
6.243560835719108582e-02,2.294050455093383789e+00,7.523262500762939453e-01
8.461197018623352051e-01,6.289547085762023926e-01,1.071607768535614014e-01
7.391892671585083008e-01,2.230558156967163086e+00,3.709768354892730713e-01
2.858172953128814697e-01,1.290216684341430664e+00,6.209729313850402832e-01
6.640173792839050293e-01,6.122345924377441406e-01,7.722033262252807617e-01
5.907571408897638321e-03,1.177599310874938965e+00,5.355849117040634155e-02
2.025682628154754639e-01,4.550271511077880859e+00,2.671031653881072998e-01
6.669787168502807617e-01,1.669476985931396484e+00,9.822123050689697266e-01
5.615305900573730469e-01,2.184779882431030273e+00,1.418756246566772461e-01
7.542733550071716309e-01,2.291063308715820312e+00,7.978687882423400879e-01
4.073792099952697754e-01,5.064536333084106445e-01,8.447462320327758789e-01
8.944351673126220703e-01,1.381319284439086914e+00,9.004842638969421387e-01
2.036365419626235962e-01,7.734096050262451172e-01,2.606978714466094971e-01
5.594218373298645020e-01,1.256200075149536133e+00,4.085868597030639648e-01
5.574023127555847168e-01,1.269167065620422363e+00,5.534700155258178711e-01
3.797389268875122070e-01,2.762408494949340820e+00,8.786227703094482422e-01
8.850771784782409668e-01,2.685881614685058594e+00,3.381022512912750244e-01
4.403938055038452148e-01,3.082453250885009766e+00,6.815700531005859375e-01
9.862673282623291016e-01,1.310560107231140137e+00,7.463739067316055298e-02
5.091761425137519836e-02,1.904747188091278076e-01,6.550114750862121582e-01
4.260211288928985596e-01,4.529415130615234375e+00,6.255860328674316406e-01
5.025439858436584473e-01,2.286103010177612305e+00,1.284331530332565308e-01
7.587448358535766602e-01,2.984062671661376953e+00,4.533072710037231445e-01
9.396955370903015137e-01,3.222114801406860352e+00,3.416907191276550293e-01
7.966750860214233398e-02,4.706544056534767151e-02,5.765322446823120117e-01
6.006705015897750854e-02,3.271146774291992188e+00,2.128366827964782715e-01
9.203723669052124023e-01,3.665128469467163086e+00,1.458428502082824707e-01
7.719914913177490234e-01,4.883924961090087891e+00,4.649008512496948242e-01
3.792533576488494873e-01,4.617739200592041016e+00,5.094725489616394043e-01
4.307192564010620117e-02,2.618363857269287109e+00,1.580412536859512329e-01
1.581609398126602173e-01,6.558706164360046387e-01,2.805711887776851654e-02
6.377474665641784668e-01,1.401526927947998047e+00,4.759555459022521973e-01
5.094201117753982544e-02,2.828162014484405518e-01,2.036182284355163574e-01
6.398445963859558105e-01,4.948190689086914062e+00,7.514164447784423828e-01
5.360194444656372070e-01,3.266896724700927734e+00,3.520138859748840332e-01
8.438867330551147461e-01,2.225072979927062988e-01,2.197590023279190063e-01
5.323463082313537598e-01,1.994158148765563965e+00,3.434795141220092773e-01
3.101130723953247070e-01,2.381889343261718750e+00,6.869737505912780762e-01
6.774969696998596191e-01,6.004617214202880859e-01,5.463624596595764160e-01
1.127599477767944336e-01,1.030661821365356445e+00,9.198202490806579590e-01
3.695888221263885498e-01,2.962505102157592773e+00,4.599670767784118652e-01
4.589642211794853210e-02,1.201448917388916016e+00,5.743816494941711426e-01
6.798000931739807129e-01,8.895342946052551270e-01,8.608224987983703613e-01
3.183821439743041992e-01,1.912105977535247803e-01,5.212031602859497070e-01
3.651386499404907227e-02,8.663907647132873535e-01,4.540721774101257324e-01
3.322703242301940918e-01,2.129576683044433594e+00,9.004758000373840332e-01
8.243836760520935059e-01,3.923920154571533203e+00,1.239722818136215210e-01
3.910579085350036621e-01,8.112104535102844238e-01,5.867076516151428223e-01
4.184997975826263428e-01,2.027268648147583008e+00,2.274693399667739868e-01
7.984232306480407715e-01,1.621365308761596680e+00,2.897883653640747070e-01
2.284521311521530151e-01,4.172382354736328125e+00,9.359768629074096680e-01
2.949612438678741455e-01,3.857044219970703125e+00,7.331343889236450195e-01
5.420479774475097656e-01,2.111267805099487305e+00,2.530072331428527832e-01
8.287733793258666992e-01,2.368720293045043945e+00,5.719871520996093750e-01
2.459820061922073364e-01,1.940283030271530151e-01,3.394022285938262939e-01
3.856192827224731445e-01,2.742224216461181641e+00,9.071333408355712891e-01
9.719160795211791992e-01,1.168051242828369141e+00,2.628009617328643799e-01
8.936832547187805176e-01,2.340504229068756104e-01,7.799587845802307129e-01
7.894992232322692871e-01,2.180359125137329102e+00,7.350476384162902832e-01
7.709147930145263672e-01,3.419513940811157227e+00,7.405046820640563965e-01
4.457317888736724854e-01,2.937035560607910156e+00,5.456798076629638672e-01
5.724556446075439453e-01,9.467943906784057617e-01,1.496564000844955444e-01
4.879403114318847656e-01,1.381685256958007812e+00,5.779023766517639160e-01
9.971323013305664062e-01,3.033034086227416992e+00,4.104158282279968262e-01
1.408784240484237671e-01,4.303333282470703125e+00,2.249562591314315796e-01
3.880607709288597107e-02,4.570054054260253906e+00,9.229259490966796875e-01
1.090242639183998108e-01,4.302411556243896484e+00,1.809945553541183472e-01
8.392129540443420410e-01,2.770120620727539062e+00,4.429604485630989075e-02
4.283686578273773193e-01,1.912281990051269531e+00,7.491460442543029785e-01
4.201032221317291260e-01,3.686795711517333984e+00,2.590386867523193359e-01
2.893933653831481934e-01,3.725158691406250000e+00,3.139651417732238770e-01
4.075062870979309082e-01,1.891403675079345703e+00,1.362034976482391357e-01
3.896662294864654541e-01,1.132631540298461914e+00,7.256054878234863281e-01
7.401771545410156250e-01,4.939416408538818359e+00,7.170404791831970215e-01
1.504674702882766724e-01,2.929575204849243164e+00,8.605239391326904297e-01
7.028713822364807129e-01,4.037957191467285156e+00,6.643900275230407715e-01
2.462983876466751099e-01,3.503044605255126953e+00,7.369179129600524902e-01
3.277487456798553467e-01,6.793969273567199707e-01,6.836808323860168457e-01
9.458349347114562988e-01,1.192827820777893066e-01,3.425702452659606934e-01
5.341367125511169434e-01,2.727830171585083008e+00,7.869473099708557129e-01
6.639094352722167969e-01,6.125087738037109375e-01,6.371327638626098633e-01
6.016004085540771484e-01,1.225230097770690918e+00,9.002779424190521240e-02
2.579348385334014893e-01,4.546389579772949219e+00,9.298745989799499512e-01
9.358168244361877441e-01,2.605488777160644531e+00,5.680731534957885742e-01
6.522638201713562012e-01,8.157781958580017090e-01,1.895437091588973999e-01
2.006409615278244019e-01,4.104613304138183594e+00,6.425489485263824463e-02
6.679857969284057617e-01,2.417351484298706055e+00,9.604570269584655762e-01
5.368994474411010742e-01,3.684743940830230713e-01,1.088654398918151855e-01
6.422165036201477051e-01,8.921004533767700195e-01,5.606003403663635254e-01
5.352556109428405762e-01,1.004141688346862793e+00,8.322576284408569336e-01
9.373087286949157715e-01,3.882075071334838867e+00,4.539254605770111084e-01
2.737002372741699219e-01,1.725357294082641602e+00,4.463838934898376465e-01
9.002023339271545410e-01,1.870231389999389648e+00,7.095451951026916504e-01
4.060933887958526611e-01,2.202918291091918945e+00,1.813850700855255127e-01
2.118646949529647827e-01,4.191903114318847656e+00,5.400951504707336426e-01
5.251694321632385254e-01,2.233258008956909180e+00,1.737428754568099976e-01
2.287925630807876587e-01,2.784623146057128906e+00,7.668842077255249023e-01
4.003717303276062012e-01,1.664546966552734375e+00,5.277280807495117188e-01
1.430180016905069351e-02,2.779836654663085938e+00,3.941371664404869080e-02
4.220305979251861572e-01,4.343400001525878906e+00,3.455151617527008057e-01
5.054171085357666016e-01,2.864058017730712891e+00,1.734683513641357422e-01
3.841840326786041260e-01,2.570091962814331055e+00,3.757281005382537842e-01
4.940884187817573547e-02,1.660030961036682129e+00,1.063092797994613647e-01
6.018969416618347168e-01,4.219503402709960938e+00,1.784051507711410522e-01
1.005285680294036865e-01,3.277264833450317383e+00,9.151373058557510376e-02
1.256316304206848145e-01,4.612604141235351562e+00,4.300483167171478271e-01
8.268147706985473633e-01,2.255388975143432617e+00,2.980891168117523193e-01
6.836847066879272461e-01,8.536269068717956543e-01,5.873337984085083008e-01
9.240048527717590332e-01,2.698916435241699219e+00,8.479958176612854004e-01
1.893431544303894043e-01,1.390732169151306152e+00,6.859929561614990234e-01
4.724848866462707520e-01,4.091673851013183594e+00,1.357992291450500488e-01
8.297073654830455780e-03,9.607125520706176758e-01,4.262875914573669434e-01
4.295555949211120605e-01,1.846586465835571289e+00,3.929639458656311035e-01
1.751701384782791138e-01,4.948608875274658203e+00,6.757396459579467773e-01
2.185833603143692017e-01,2.592427492141723633e+00,2.551039755344390869e-01
4.127345979213714600e-01,2.544786930084228516e+00,3.305363655090332031e-01
5.724024772644042969e-01,3.639755725860595703e+00,2.084333300590515137e-01
7.112058997154235840e-01,1.832017898559570312e+00,3.083648979663848877e-01
8.081566095352172852e-01,4.975916862487792969e+00,7.647904157638549805e-01
3.933788537979125977e-01,2.924820899963378906e+00,9.298499226570129395e-01
5.116902589797973633e-01,2.577734470367431641e+00,3.875500261783599854e-01
5.127378702163696289e-01,4.478845894336700439e-01,5.430101156234741211e-01
9.254982471466064453e-01,9.713142514228820801e-01,2.035582959651947021e-01
6.737349629402160645e-01,2.366221904754638672e+00,4.071836471557617188e-01
6.348178386688232422e-01,7.926031947135925293e-02,4.614225924015045166e-01
7.663856744766235352e-01,3.919410467147827148e+00,5.698049813508987427e-02
2.313119769096374512e-01,2.531936883926391602e+00,8.119179606437683105e-01
4.358786344528198242e-01,2.835850715637207031e+00,9.972156882286071777e-01
7.185956239700317383e-01,4.154965877532958984e+00,5.180611014366149902e-01
8.220323920249938965e-01,2.752246379852294922e+00,4.922337532043457031e-01
5.672878120094537735e-03,6.364791393280029297e-01,7.194035649299621582e-01
8.060046434402465820e-01,2.225732058286666870e-01,5.264352634549140930e-02
2.429323345422744751e-01,4.085081577301025391e+00,2.734186351299285889e-01
8.661730885505676270e-01,4.435170888900756836e-01,6.477821469306945801e-01
3.402915000915527344e-01,8.720813989639282227e-01,2.504029311239719391e-02
2.485290914773941040e-01,2.130174160003662109e+00,3.867894113063812256e-01
5.702641010284423828e-01,4.168910980224609375e+00,5.973719954490661621e-01
9.008519649505615234e-01,2.142017602920532227e+00,2.802712619304656982e-01
4.297567307949066162e-01,3.705999612808227539e+00,6.038290262222290039e-01
3.875756561756134033e-01,4.265367031097412109e+00,8.562896251678466797e-01
7.482414245605468750e-01,2.642917871475219727e+00,4.587067067623138428e-01
9.959285259246826172e-01,2.267606496810913086e+00,6.546266376972198486e-03
4.529223144054412842e-01,4.552345275878906250e+00,7.728968858718872070e-01
1.476103663444519043e-01,4.392265796661376953e+00,4.239735752344131470e-02
2.877361476421356201e-01,4.560728669166564941e-01,1.193859577178955078e-01
5.641043186187744141e-01,3.945147275924682617e+00,7.171331048011779785e-01
5.475561618804931641e-01,2.605792522430419922e+00,2.065935730934143066e-01
4.089021682739257812e-01,1.663895606994628906e+00,5.298041105270385742e-01
3.234764337539672852e-01,3.496015787124633789e+00,8.033676147460937500e-01
1.944094598293304443e-01,1.480555772781372070e+00,9.441676735877990723e-01
5.155674815177917480e-01,1.764393806457519531e+00,1.114267036318778992e-01
7.927091121673583984e-01,4.089023470878601074e-01,2.359178811311721802e-01
6.894907951354980469e-01,7.172563672065734863e-01,2.132948189973831177e-01
7.765615582466125488e-01,3.664295375347137451e-01,7.764475345611572266e-01
5.163921415805816650e-02,2.982314586639404297e+00,2.255197018384933472e-01
1.480492949485778809e-02,6.649118065834045410e-01,9.957345724105834961e-01
1.084752455353736877e-01,2.786537408828735352e+00,2.434477359056472778e-01
3.195763826370239258e-01,4.902867317199707031e+00,8.139693737030029297e-01
5.923632979393005371e-01,1.435489535331726074e+00,4.920450747013092041e-01
9.768913388252258301e-01,4.195063591003417969e+00,7.613918185234069824e-01
2.744096815586090088e-01,4.958100795745849609e+00,4.948616921901702881e-01
3.632529675960540771e-01,6.221104413270950317e-02,3.264584839344024658e-01
5.736287832260131836e-01,7.981679439544677734e-01,1.971270702779293060e-02
9.936121106147766113e-01,2.726133346557617188e+00,9.121044874191284180e-01
9.849835634231567383e-01,1.871146082878112793e+00,3.070887923240661621e-01
1.429782807826995850e-01,4.898590087890625000e+00,7.925373315811157227e-01
3.418502509593963623e-01,5.154713392257690430e-01,9.529534578323364258e-01
2.196902176365256310e-03,2.998871326446533203e+00,7.103887200355529785e-01
2.148231118917465210e-01,1.374747037887573242e+00,4.422608315944671631e-01
7.243354320526123047e-01,7.762743532657623291e-02,9.932718873023986816e-01
2.754667699337005615e-01,2.762415170669555664e+00,7.575852423906326294e-02
8.009022474288940430e-01,8.569337129592895508e-01,5.762603878974914551e-01
5.282000303268432617e-01,2.552137851715087891e+00,9.255686998367309570e-01
5.452193021774291992e-01,4.213365554809570312e+00,5.144970417022705078e-01
3.765557333827018738e-02,1.340539813041687012e+00,8.916814811527729034e-03
4.226215779781341553e-01,2.088738679885864258e+00,6.627892702817916870e-02
4.962721467018127441e-01,4.416714906692504883e-01,4.405322968959808350e-01
6.227019429206848145e-01,1.213522434234619141e+00,4.549316465854644775e-01
7.724413275718688965e-01,1.991169095039367676e+00,7.107035517692565918e-01
5.829846486449241638e-02,3.546789407730102539e+00,2.190564721822738647e-01
4.515930414199829102e-01,7.168530821800231934e-01,5.258112549781799316e-01
8.890453577041625977e-01,9.082462191581726074e-01,4.794006347656250000e-01
8.740474581718444824e-01,3.180188894271850586e+00,3.803625106811523438e-01
4.202323257923126221e-01,4.177530765533447266e+00,5.196607112884521484e-01
8.593546748161315918e-01,1.363972902297973633e+00,8.684055805206298828e-01
2.717650532722473145e-01,9.766601324081420898e-01,5.145025625824928284e-02
5.651940703392028809e-01,5.923160314559936523e-01,5.737503767013549805e-01
1.215075179934501648e-01,3.813491582870483398e+00,2.587967216968536377e-01
6.990351676940917969e-01,2.733250856399536133e-01,4.001657068729400635e-01
6.687755882740020752e-02,1.096952199935913086e+00,5.316675305366516113e-01
7.021835446357727051e-01,4.839954853057861328e+00,9.884627908468246460e-02
4.736285805702209473e-01,1.321849226951599121e+00,7.621677964925765991e-02
4.748103320598602295e-01,4.051454067230224609e-01,2.985310852527618408e-01
6.750974059104919434e-01,4.177102088928222656e+00,5.174762010574340820e-01
1.955888420343399048e-01,2.834680080413818359e+00,6.294774264097213745e-02
9.430710077285766602e-01,1.689542055130004883e+00,8.949587494134902954e-02
5.139279365539550781e-01,1.823496341705322266e+00,2.392299622297286987e-01
9.072693437337875366e-02,2.783978223800659180e+00,2.979584969580173492e-02
1.639199256896972656e-01,3.329522848129272461e+00,8.625968098640441895e-01
5.174663066864013672e-01,2.689814805984497070e+00,8.727697134017944336e-01
2.911004722118377686e-01,1.369301676750183105e-01,1.989148557186126709e-01
5.482881069183349609e-01,4.079853534698486328e+00,6.102441549301147461e-01
6.556149721145629883e-01,3.816144466400146484e+00,9.161620140075683594e-01
6.643589735031127930e-01,1.087126493453979492e+00,5.737023949623107910e-01
8.900644779205322266e-01,4.121455669403076172e+00,5.396410226821899414e-01
9.599075652658939362e-03,1.052993535995483398e+00,6.830483675003051758e-01
4.507119581103324890e-02,2.416740655899047852e+00,6.622135043144226074e-01
5.955808758735656738e-01,4.070205688476562500e+00,5.691462755203247070e-01
8.556492328643798828e-01,2.925627708435058594e+00,7.395772337913513184e-01
6.646249294281005859e-01,4.716227650642395020e-01,7.157697677612304688e-01
9.712878465652465820e-01,5.390800833702087402e-01,6.607960462570190430e-01
2.747506834566593170e-02,1.881916284561157227e+00,3.734972476959228516e-01
4.110525548458099365e-01,1.750639438629150391e+00,7.484577596187591553e-02
1.016713753342628479e-01,2.735517263412475586e+00,6.748110651969909668e-01
3.726250231266021729e-01,4.412885665893554688e+00,5.427565574645996094e-01
8.535456061363220215e-01,9.545906186103820801e-01,8.890104889869689941e-01
7.824943065643310547e-01,3.633279323577880859e+00,1.143188402056694031e-01
8.599141240119934082e-01,3.073690891265869141e+00,5.600088238716125488e-01
8.986956477165222168e-01,8.205777406692504883e-01,6.707227826118469238e-01
4.264145493507385254e-01,4.572249650955200195e-01,8.137517571449279785e-01
6.117897629737854004e-01,1.594688773155212402e+00,5.023835897445678711e-01
4.395056366920471191e-01,3.851249694824218750e+00,7.732238769531250000e-01
5.405151247978210449e-01,9.677947163581848145e-01,1.061382442712783813e-01
7.440293431282043457e-01,4.790622711181640625e+00,1.977958902716636658e-02
2.360347807407379150e-01,1.594837188720703125e+00,4.164073467254638672e-01
3.528277873992919922e-01,3.453317657113075256e-02,4.887608885765075684e-01
9.713646173477172852e-01,3.536977767944335938e+00,5.696508288383483887e-01
6.302601695060729980e-01,4.893992424011230469e+00,5.962064862251281738e-01
3.698740303516387939e-01,1.139015197753906250e+00,7.228658199310302734e-01
6.174576282501220703e-01,2.842606782913208008e+00,7.123576998710632324e-01
5.783993005752563477e-02,4.543376266956329346e-01,1.434099227190017700e-01
8.200999349355697632e-02,1.053480505943298340e-01,2.887541353702545166e-01
5.119493007659912109e-01,4.158825397491455078e+00,8.966766297817230225e-02
4.998649358749389648e-01,4.932901382446289062e+00,8.261842727661132812e-01
7.376369237899780273e-01,4.923729419708251953e+00,6.760534048080444336e-01
4.208505749702453613e-01,3.005663871765136719e+00,8.101350665092468262e-01
3.783407434821128845e-02,3.938500583171844482e-01,1.489492356777191162e-01
9.786083698272705078e-01,5.806715488433837891e-01,6.721928119659423828e-01
6.879357695579528809e-01,1.853193998336791992e+00,8.238713145256042480e-01
4.366851225495338440e-02,4.568864345550537109e+00,3.338848352432250977e-01
1.279702037572860718e-01,3.097295761108398438e+00,8.389208316802978516e-01
4.439474046230316162e-01,1.179795026779174805e+00,6.198862791061401367e-01
5.964717864990234375e-01,1.991203665733337402e+00,2.613448798656463623e-01
3.169078230857849121e-01,3.670449495315551758e+00,7.642909288406372070e-01
8.099129199981689453e-01,3.567729949951171875e+00,6.211552023887634277e-01
9.753147959709167480e-01,4.112068653106689453e+00,7.390057444572448730e-01
5.731755495071411133e-01,4.631619453430175781e+00,5.667846798896789551e-01
8.669652789831161499e-02,4.522132873535156250e+00,5.346902608871459961e-01
6.532544493675231934e-01,8.169950246810913086e-01,7.249004840850830078e-01
6.880284547805786133e-01,3.949232578277587891e+00,1.067853718996047974e-01
7.548071742057800293e-01,4.445272922515869141e+00,7.129881978034973145e-01
8.345771580934524536e-02,1.269577622413635254e+00,2.400447279214859009e-01
8.972172141075134277e-01,2.506107568740844727e+00,9.127548336982727051e-01
5.862415432929992676e-01,6.048257946968078613e-01,4.729840755462646484e-01
8.940392732620239258e-01,3.802001476287841797e+00,1.012348011136054993e-01
6.386588215827941895e-01,2.270946502685546875e+00,9.507477283477783203e-01
5.781133770942687988e-01,3.726588249206542969e+00,7.470488548278808594e-01
7.851226925849914551e-01,4.578269004821777344e+00,8.168591260910034180e-01
4.190600514411926270e-01,4.645516872406005859e-01,7.605088353157043457e-01
4.149827361106872559e-01,1.675980925559997559e+00,2.842080891132354736e-01
9.550247788429260254e-01,5.210801586508750916e-02,2.194973677396774292e-01
7.773305177688598633e-01,1.803101420402526855e+00,7.865663766860961914e-01
6.554462015628814697e-02,4.392925262451171875e+00,7.251625657081604004e-01
8.196024894714355469e-01,5.389923453330993652e-01,1.120918467640876770e-01
6.535667181015014648e-01,3.170692205429077148e+00,2.715909481048583984e-01
1.608962863683700562e-01,1.013942003250122070e+00,1.356234848499298096e-01
6.921872496604919434e-01,2.591344356536865234e+00,9.361659884452819824e-01
3.070755004882812500e-01,2.775735378265380859e+00,6.010345220565795898e-01
5.802501440048217773e-01,1.042933225631713867e+00,3.132536709308624268e-01
7.779713273048400879e-01,1.414211630821228027e+00,8.213543891906738281e-01
2.709382474422454834e-01,1.181130170822143555e+00,5.058804750442504883e-01
8.678706288337707520e-01,2.919531822204589844e+00,1.587392389774322510e-02
9.122033715248107910e-01,4.114471912384033203e+00,6.576969027519226074e-01
7.189965844154357910e-01,4.468765258789062500e+00,3.507484495639801025e-01
9.062622189521789551e-01,4.790600776672363281e+00,3.556530177593231201e-01
5.932672619819641113e-01,5.565862655639648438e-01,5.814505815505981445e-01
1.835459172725677490e-01,6.791305541992187500e-01,6.442204713821411133e-01
3.873560130596160889e-01,2.354119062423706055e+00,1.841597855091094971e-01
1.691682040691375732e-01,1.955973982810974121e+00,9.855017066001892090e-02
6.721765547990798950e-02,4.509290695190429688e+00,3.339101374149322510e-01
3.300903439521789551e-01,3.269775629043579102e+00,6.769308447837829590e-01
8.711149096488952637e-01,3.733195304870605469e+00,1.872610151767730713e-01
7.763120532035827637e-01,3.402702808380126953e+00,3.876645117998123169e-02
9.807368516921997070e-01,1.186131954193115234e+00,2.399722784757614136e-01
4.158560037612915039e-01,1.209681391716003418e+00,8.607048988342285156e-01
3.096452914178371429e-02,4.467558860778808594e+00,5.276065468788146973e-01
7.126085162162780762e-01,2.230439662933349609e+00,8.748230338096618652e-01
4.906741082668304443e-01,3.609563589096069336e+00,3.380315005779266357e-01
7.260142564773559570e-01,3.016232728958129883e+00,4.108584821224212646e-01
4.260016977787017822e-01,2.945667982101440430e+00,9.084266424179077148e-01
9.052724838256835938e-01,4.372573375701904297e+00,5.067232251167297363e-01
3.852443099021911621e-01,8.406950831413269043e-01,4.977570474147796631e-01
1.011122912168502808e-01,3.200553894042968750e+00,2.392929941415786743e-01
2.338390499353408813e-01,1.622784733772277832e+00,7.075431346893310547e-01
4.096251726150512695e-01,2.937838315963745117e+00,8.095489740371704102e-01
4.613271057605743408e-01,6.193273067474365234e-01,4.350011348724365234e-01
4.082264900207519531e-01,2.821736812591552734e+00,9.255105257034301758e-01
9.302007555961608887e-01,1.918773174285888672e+00,9.588807821273803711e-01
6.583428382873535156e-01,4.292829513549804688e+00,6.117871999740600586e-01
6.261814832687377930e-01,5.195124745368957520e-01,5.909115076065063477e-01
8.746351599693298340e-01,1.542475104331970215e+00,9.861523509025573730e-01
5.919795036315917969e-01,4.621368885040283203e+00,3.645179867744445801e-01
2.407032251358032227e-01,3.788337230682373047e+00,6.810444593429565430e-01
5.828603506088256836e-01,1.956616044044494629e+00,2.602210044860839844e-01
2.705603837966918945e-01,3.688265800476074219e+00,7.081949710845947266e-01
5.805038809776306152e-01,1.694839239120483398e+00,4.336370825767517090e-01
7.866764068603515625e-01,4.336640834808349609e+00,4.262601137161254883e-01
7.064307332038879395e-01,1.199999094009399414e+00,2.333626449108123779e-01
7.861437201499938965e-01,3.904155254364013672e+00,6.715980172157287598e-01
7.828499078750610352e-01,4.600680351257324219e+00,9.896296262741088867e-01
1.382124423980712891e-01,2.447275638580322266e+00,3.077285550534725189e-02
1.676337122917175293e-01,4.569286823272705078e+00,3.931983709335327148e-01
3.712395727634429932e-01,1.852056145668029785e+00,9.111452698707580566e-01
7.837035655975341797e-01,2.432789564132690430e+00,3.245261609554290771e-01
9.509451985359191895e-01,2.205317258834838867e+00,7.184501886367797852e-01
7.954814434051513672e-01,1.549038529396057129e+00,3.396424353122711182e-01
4.664679989218711853e-02,2.275238037109375000e+00,6.137201189994812012e-01
9.936668276786804199e-01,4.549412727355957031e+00,5.954290628433227539e-01
5.670012235641479492e-01,5.715454220771789551e-01,2.618362903594970703e-01
9.399609565734863281e-01,2.906485080718994141e+00,8.929033875465393066e-01
6.657772660255432129e-01,6.528766155242919922e-01,7.933512330055236816e-01
8.980742096900939941e-01,3.508749246597290039e+00,1.628435701131820679e-01
6.306656002998352051e-01,4.073781073093414307e-01,4.619721770286560059e-01
5.958181619644165039e-02,2.975478172302246094e+00,2.750261425971984863e-01
7.570956349372863770e-01,2.311627388000488281e+00,5.595101714134216309e-01
4.091176688671112061e-01,4.615306854248046875e+00,5.524011850357055664e-01
8.332031965255737305e-01,1.883951127529144287e-01,9.348266720771789551e-01
2.341702878475189209e-01,2.017812967300415039e+00,7.858098745346069336e-01
6.037218570709228516e-01,4.666663169860839844e+00,2.286656647920608521e-01
1.716308742761611938e-01,2.887215316295623779e-01,1.872922629117965698e-01
4.504071772098541260e-01,5.905990004539489746e-01,1.747333258390426636e-02
5.652618594467639923e-03,9.118534922599792480e-01,3.180668056011199951e-01
6.541692018508911133e-01,3.767292499542236328e+00,2.802978456020355225e-01
6.260018050670623779e-02,2.273692369461059570e+00,6.860634684562683105e-01
7.680553197860717773e-01,3.459377050399780273e+00,7.076933383941650391e-01
9.394043684005737305e-01,4.614433288574218750e+00,5.521069765090942383e-01
6.109673380851745605e-01,3.486161470413208008e+00,8.803518414497375488e-01
4.464352726936340332e-01,2.742627382278442383e+00,3.635603189468383789e-01
9.656241536140441895e-01,2.590645551681518555e+00,6.541101932525634766e-01
7.639330625534057617e-01,4.763094902038574219e+00,1.845775842666625977e-01
6.454498171806335449e-01,2.934452056884765625e+00,4.338294267654418945e-01
5.186937451362609863e-01,3.170077323913574219e+00,5.067251324653625488e-01
2.668323814868927002e-01,8.779293298721313477e-01,1.446102559566497803e-01
3.555799424648284912e-01,1.891978025436401367e+00,1.215003356337547302e-01
9.290271997451782227e-01,3.353777229785919189e-01,2.418551295995712280e-01
4.398173987865447998e-01,4.455797195434570312e+00,2.959985435009002686e-01
7.077921926975250244e-02,3.954915285110473633e+00,3.591637313365936279e-01
9.866270422935485840e-01,4.231351852416992188e+00,2.837476730346679688e-01
2.080534398555755615e-01,4.041775465011596680e-01,5.482683330774307251e-02
7.400802373886108398e-01,4.121822834014892578e+00,6.553121209144592285e-01
8.636061549186706543e-01,2.503561019897460938e+00,3.056383430957794189e-01
6.384658813476562500e-01,8.882752060890197754e-01,4.925732910633087158e-01
9.906154870986938477e-01,1.479454755783081055e+00,1.326140314340591431e-01
5.220264196395874023e-01,2.494432449340820312e+00,6.062120199203491211e-01
6.606311537325382233e-03,1.973767876625061035e+00,3.843875229358673096e-01
4.732318818569183350e-01,3.070327043533325195e+00,2.691850066184997559e-01
2.797735631465911865e-01,1.507881283760070801e+00,9.152078628540039062e-01
2.662735879421234131e-01,1.134648099541664124e-01,6.928598284721374512e-01
8.404973745346069336e-01,1.220136322081089020e-02,2.083418667316436768e-01
3.226352334022521973e-01,4.671385288238525391e+00,5.667606592178344727e-01
1.490232497453689575e-01,4.648742675781250000e+00,2.085752189159393311e-01
1.770433634519577026e-01,4.191186904907226562e+00,4.303825795650482178e-01
8.057132363319396973e-01,3.814840793609619141e+00,1.840724349021911621e-01
7.981309294700622559e-02,3.766843080520629883e-01,7.782465815544128418e-01
2.034656703472137451e-02,3.859645843505859375e+00,8.484253287315368652e-01
4.479972720146179199e-01,2.246839761734008789e+00,5.766828656196594238e-01
3.560141623020172119e-01,2.927584171295166016e+00,4.667715430259704590e-01
1.871774643659591675e-01,4.143009662628173828e+00,5.586128830909729004e-01
6.068533286452293396e-02,2.853999614715576172e+00,4.935291707515716553e-01
8.108335137367248535e-01,2.436838150024414062e+00,7.353289127349853516e-01
2.906114757061004639e-01,4.794564723968505859e+00,6.358585357666015625e-01
5.277278423309326172e-01,1.196576476097106934e+00,8.725529313087463379e-01
7.731224298477172852e-01,4.791977882385253906e+00,9.512522220611572266e-01
5.522463098168373108e-02,2.740942716598510742e+00,4.351241588592529297e-01
2.684366405010223389e-01,4.636575222015380859e+00,1.865401118993759155e-01
3.030824959278106689e-01,4.395910263061523438e+00,4.791334643959999084e-02
9.920724630355834961e-01,8.458545207977294922e-01,4.444090127944946289e-01
8.534252643585205078e-01,2.366549968719482422e+00,1.437536478042602539e-01
8.055526614189147949e-01,2.347175359725952148e+00,5.940228700637817383e-01
5.831242725253105164e-02,3.488577127456665039e+00,1.109235361218452454e-01
9.066376090049743652e-02,1.173200085759162903e-01,2.414306253194808960e-01
7.926219701766967773e-01,7.326906323432922363e-01,6.045315861701965332e-01
9.947673082351684570e-01,2.559267997741699219e+00,1.559264063835144043e-01
8.210774660110473633e-01,3.637488842010498047e+00,1.810486912727355957e-01
8.930409550666809082e-01,4.677871704101562500e+00,2.102030254900455475e-02
9.160365462303161621e-01,4.679610252380371094e+00,6.765401363372802734e-01
3.171483874320983887e-01,2.925739049911499023e+00,5.982756614685058594e-01
3.714036345481872559e-01,4.915486872196197510e-01,8.634168505668640137e-01
7.873781323432922363e-01,4.367942810058593750e+00,7.349815368652343750e-01
7.086521983146667480e-01,7.456260323524475098e-01,3.937746882438659668e-01
8.742973804473876953e-01,2.941489458084106445e+00,4.174810945987701416e-01
1.189976260066032410e-01,4.032372951507568359e+00,7.657863497734069824e-01
7.549341917037963867e-01,1.508919894695281982e-01,8.078501820564270020e-01
5.548123121261596680e-01,8.976913690567016602e-01,9.373580217361450195e-01
6.649877429008483887e-01,5.808554887771606445e-01,2.009563148021697998e-01
8.663019537925720215e-01,3.825479149818420410e-01,6.355650722980499268e-02
7.399942278861999512e-01,2.299603462219238281e+00,8.767274022102355957e-01
9.548427462577819824e-01,3.341306924819946289e+00,5.504751801490783691e-01
6.868587732315063477e-01,8.368327617645263672e-01,3.935708105564117432e-01
5.807805657386779785e-01,1.454821467399597168e+00,8.261089920997619629e-01
5.766636133193969727e-01,2.215718507766723633e+00,9.113643765449523926e-01
5.209871530532836914e-01,4.292169094085693359e+00,2.878170311450958252e-01
6.850622892379760742e-01,4.565836906433105469e+00,5.608822703361511230e-01
2.878709733486175537e-01,1.099779367446899414e+00,5.381225347518920898e-01
4.866811260581016541e-02,4.603526592254638672e+00,8.401362895965576172e-01
4.715711772441864014e-01,2.767381429672241211e+00,9.421256780624389648e-01
7.473579049110412598e-01,4.358193397521972656e+00,4.280996024608612061e-01
8.325502276420593262e-01,2.953284740447998047e+00,1.375024914741516113e-01
7.145979255437850952e-02,2.701952219009399414e+00,3.982554972171783447e-01
5.922654271125793457e-01,4.123793601989746094e+00,2.913756668567657471e-01
2.371252924203872681e-01,1.318163037300109863e+00,7.439495921134948730e-01
3.039764463901519775e-01,3.823148965835571289e+00,8.047299385070800781e-01
5.747251510620117188e-01,1.673883795738220215e+00,9.882934093475341797e-01
7.920129895210266113e-01,2.914098024368286133e+00,7.622001171112060547e-01
8.832145929336547852e-01,1.116370558738708496e+00,8.792870044708251953e-01
5.466168522834777832e-01,9.899105876684188843e-02,4.240464866161346436e-01
7.314934134483337402e-01,3.828933715820312500e+00,9.296784400939941406e-01
4.987390637397766113e-01,4.377548217773437500e+00,5.698894262313842773e-01
7.628787159919738770e-01,3.064787387847900391e+00,4.183077216148376465e-01
9.811006188392639160e-01,2.380511045455932617e+00,9.497134685516357422e-01
6.630915999412536621e-01,1.218171000480651855e+00,7.904051542282104492e-01
1.827717525884509087e-03,1.767287373542785645e+00,3.407868444919586182e-01
1.258403714746236801e-02,4.064975738525390625e+00,7.087601423263549805e-01
6.060775518417358398e-01,3.335745334625244141e+00,9.197609424591064453e-01
8.337320089340209961e-01,2.350338220596313477e+00,5.762186646461486816e-01
1.743746101856231689e-01,4.274781227111816406e+00,3.127391934394836426e-01
4.070244356989860535e-02,1.665701985359191895e+00,7.378193140029907227e-01
8.858076930046081543e-01,2.078237384557723999e-02,2.660304903984069824e-01
7.626802325248718262e-01,4.596815109252929688e+00,1.501672416925430298e-01
5.288073420524597168e-01,1.041783809661865234e+00,8.796349167823791504e-01
9.421048164367675781e-01,4.620590209960937500e+00,6.583276987075805664e-01
5.851599574089050293e-01,1.244020581245422363e+00,2.222264111042022705e-01
3.483059704303741455e-01,4.625206470489501953e+00,5.315335392951965332e-01
7.881221771240234375e-01,2.096254110336303711e+00,4.090878963470458984e-01
4.100508093833923340e-01,2.400799274444580078e+00,3.269095420837402344e-01
7.113552689552307129e-01,1.251527547836303711e+00,5.591372251510620117e-01
1.689680516719818115e-01,1.543776869773864746e+00,8.367211818695068359e-01
5.437570214271545410e-01,1.172759532928466797e+00,8.689338564872741699e-01
6.798156499862670898e-01,2.671739578247070312e+00,1.816899515688419342e-02
6.381338238716125488e-01,6.086879968643188477e-01,6.086994409561157227e-01
2.548249363899230957e-01,2.708884000778198242e+00,9.320916533470153809e-01
3.284455835819244385e-01,2.949085712432861328e+00,5.004320144653320312e-01
2.763337828218936920e-02,4.241130053997039795e-01,3.990767598152160645e-01
1.200878992676734924e-01,3.275820016860961914e+00,2.439784854650497437e-01
2.458963394165039062e-01,1.643887281417846680e+00,5.978501439094543457e-01
9.468184411525726318e-02,2.893112421035766602e+00,4.944122135639190674e-01
6.835648417472839355e-01,1.130523324012756348e+00,3.635977804660797119e-01
3.872502148151397705e-01,1.050457954406738281e+00,4.626972079277038574e-01
7.853437662124633789e-01,1.748269200325012207e+00,5.950382947921752930e-01
2.347023934125900269e-01,3.449680805206298828e+00,7.813698649406433105e-01
1.605542749166488647e-02,2.364752769470214844e+00,4.551650881767272949e-01
7.679553031921386719e-01,2.785204887390136719e+00,5.053696632385253906e-01
4.138323366641998291e-01,4.994925856590270996e-01,7.103040814399719238e-01
2.995163202285766602e-01,3.730952739715576172e+00,3.682879209518432617e-01
5.077148079872131348e-01,2.653467178344726562e+00,9.763385057449340820e-01
8.773264884948730469e-01,3.413854241371154785e-01,1.577521711587905884e-01
7.660601735115051270e-01,3.705354928970336914e+00,9.162744283676147461e-01
6.614871025085449219e-01,3.419582128524780273e+00,2.824100255966186523e-01
8.095237016677856445e-01,4.949288845062255859e+00,8.099519014358520508e-01
2.474345564842224121e-01,2.599467754364013672e+00,6.845354437828063965e-01
1.498564481735229492e-01,4.377794742584228516e+00,9.626055359840393066e-01
9.100610613822937012e-01,3.928615570068359375e+00,2.208862751722335815e-01
2.753286063671112061e-01,3.771601915359497070e+00,1.763534992933273315e-01
9.081033468246459961e-01,3.584597826004028320e+00,1.511688679456710815e-01
8.711128830909729004e-01,1.231110930442810059e+00,1.084710657596588135e-01
1.408965885639190674e-01,2.200412988662719727e+00,4.888648390769958496e-01
4.115777313709259033e-01,3.468792200088500977e+00,9.908226132392883301e-02
6.018912196159362793e-01,2.731641769409179688e+00,9.020743966102600098e-01
5.568976402282714844e-01,1.990272521972656250e+00,2.147777527570724487e-01
3.487035632133483887e-01,3.363724946975708008e+00,9.115032553672790527e-01
3.478500247001647949e-01,9.922834634780883789e-01,5.076777935028076172e-01
4.797806218266487122e-02,1.763641715049743652e+00,7.770361304283142090e-01
9.210990667343139648e-01,4.423455715179443359e+00,2.610101103782653809e-01
2.759108543395996094e-01,3.562117218971252441e-01,3.819396495819091797e-01
1.679048091173171997e-01,1.628746032714843750e+00,9.598625302314758301e-01
2.300675064325332642e-01,4.276593685150146484e+00,5.965484976768493652e-01
3.756634891033172607e-01,3.257227897644042969e+00,3.092716336250305176e-01
1.494564563035964966e-01,4.085249900817871094e+00,3.968926668167114258e-01
4.695981740951538086e-01,2.545090436935424805e+00,6.644246578216552734e-01
5.750293135643005371e-01,3.596805572509765625e+00,9.154111742973327637e-01
6.670098006725311279e-02,2.760559320449829102e+00,6.568626761436462402e-01
5.279206633567810059e-01,4.244543075561523438e+00,4.939715266227722168e-01
4.734523594379425049e-02,3.784131288528442383e+00,8.180259466171264648e-01
9.593404531478881836e-01,3.430898427963256836e+00,3.364844024181365967e-01
8.553400039672851562e-01,3.877796888351440430e+00,8.316955566406250000e-01
2.459885030984878540e-01,2.795229434967041016e+00,8.063568472862243652e-01
4.049054682254791260e-01,4.425315260887145996e-01,8.774500489234924316e-01
5.045562982559204102e-01,1.383903741836547852e+00,8.744635581970214844e-01
2.650282718241214752e-02,9.682000279426574707e-01,4.090542495250701904e-01
8.272622823715209961e-01,7.912218570709228516e-01,1.091598719358444214e-01
1.412214338779449463e-01,2.651052236557006836e+00,3.541748523712158203e-01
7.633423805236816406e-02,1.988215595483779907e-01,6.428657174110412598e-01
4.280019104480743408e-01,1.191066876053810120e-01,6.006158590316772461e-01
2.195266447961330414e-02,4.848645329475402832e-01,3.897727727890014648e-01
9.169799089431762695e-01,1.338019847869873047e+00,9.441981315612792969e-01
9.714256525039672852e-01,1.020016193389892578e+00,1.899252533912658691e-01
3.097607493400573730e-01,4.754929065704345703e+00,6.985166072845458984e-01
3.048682510852813721e-01,4.637149870395660400e-01,6.248683333396911621e-01
5.554160475730895996e-01,2.953859567642211914e+00,1.591006964445114136e-01
7.953076362609863281e-01,4.339833736419677734e+00,7.748958468437194824e-01
9.866855740547180176e-01,2.300281286239624023e+00,7.617363333702087402e-01
4.925823509693145752e-01,2.523253440856933594e+00,2.012924551963806152e-01
2.169546335935592651e-01,4.649561643600463867e-01,7.591154575347900391e-01
6.304013729095458984e-02,2.090915203094482422e+00,1.596743315458297729e-01
1.914901286363601685e-01,3.509421110153198242e+00,7.749231457710266113e-01
1.627795100212097168e-01,4.160493373870849609e+00,3.321536779403686523e-01
2.615855336189270020e-01,2.367821931838989258e+00,2.005870044231414795e-01
5.333027243614196777e-01,1.708036541938781738e+00,7.064626216888427734e-01
5.324527025222778320e-01,2.571781873703002930e+00,1.370434910058975220e-01
8.126742243766784668e-01,4.159274578094482422e+00,1.942287981510162354e-01
2.116319388151168823e-01,3.697905778884887695e+00,7.458791136741638184e-01
1.673907637596130371e-01,1.050521254539489746e+00,9.055168032646179199e-01
5.922618508338928223e-01,1.373454332351684570e+00,9.741858243942260742e-01
6.045632362365722656e-01,2.246199607849121094e+00,1.132774800062179565e-01
3.663997352123260498e-01,7.520507574081420898e-01,4.579245746135711670e-01
9.305208921432495117e-01,1.819930553436279297e+00,7.298713922500610352e-01
6.136932373046875000e-01,4.145627021789550781e+00,7.660723328590393066e-01
2.134400904178619385e-01,2.388562917709350586e+00,8.494403958320617676e-01
1.537153273820877075e-01,1.946469545364379883e+00,7.412918806076049805e-01
2.726207375526428223e-01,1.143041610717773438e+00,1.857859343290328979e-01
2.131358534097671509e-01,1.470938444137573242e+00,8.974710702896118164e-01
5.968542098999023438e-01,1.076204061508178711e+00,5.894919633865356445e-01
7.549661993980407715e-01,1.512270569801330566e+00,9.587869644165039062e-01
5.239355564117431641e-01,1.822398662567138672e+00,1.997630000114440918e-01
8.623170256614685059e-01,3.544752359390258789e+00,2.385356128215789795e-01
1.264493465423583984e-01,4.893888950347900391e+00,3.810560107231140137e-01
2.929729819297790527e-01,2.076052665710449219e+00,3.550819456577301025e-01
8.478277921676635742e-01,4.587058544158935547e+00,7.453353404998779297e-01
2.591739892959594727e-01,1.139444351196289062e+00,5.008807778358459473e-01
5.316931009292602539e-01,1.165834784507751465e+00,8.433398008346557617e-01
1.674944907426834106e-01,3.992691755294799805e+00,9.296596795320510864e-02
7.109090089797973633e-01,4.463507652282714844e+00,2.925792932510375977e-01
8.272286653518676758e-01,2.911649465560913086e+00,7.344482541084289551e-01
1.552587933838367462e-02,3.594322204589843750e+00,4.825553297996520996e-01
5.450415611267089844e-01,4.327069759368896484e+00,5.444666743278503418e-01
8.242423534393310547e-01,4.292427539825439453e+00,1.886020451784133911e-01
4.514964520931243896e-01,5.283468961715698242e-01,3.871563076972961426e-01
2.752794623374938965e-01,3.878120481967926025e-01,2.258112877607345581e-01
3.758424520492553711e-01,4.370743274688720703e+00,7.493146657943725586e-01
1.696556955575942993e-01,2.164262056350708008e+00,4.823121428489685059e-01
3.679875731468200684e-01,4.714054584503173828e+00,6.471141576766967773e-01
9.055140614509582520e-01,4.176167488098144531e+00,1.555705368518829346e-01
6.300738453865051270e-02,3.324337005615234375e+00,6.632081270217895508e-01
1.009663715958595276e-01,1.665800064802169800e-01,6.347499489784240723e-01
7.612004280090332031e-01,2.232675552368164062e+00,3.446928262710571289e-01
4.729790985584259033e-01,3.387598276138305664e+00,5.805828571319580078e-01
6.218151450157165527e-01,1.034731864929199219e+00,8.129413723945617676e-01
7.208256125450134277e-01,1.761831641197204590e+00,9.031947255134582520e-01
4.988012313842773438e-01,4.932117938995361328e+00,7.709270715713500977e-01
3.616827130317687988e-01,1.120688438415527344e+00,9.074003100395202637e-01
1.531251370906829834e-01,2.400807738304138184e-01,6.711280345916748047e-01
3.897725418210029602e-02,1.809915661811828613e+00,9.570521712303161621e-01
6.841735243797302246e-01,1.473458856344223022e-01,7.923814058303833008e-01
3.185801208019256592e-01,2.025918006896972656e+00,9.139543175697326660e-01
9.237325787544250488e-01,3.410876035690307617e+00,7.789424657821655273e-01
3.743284344673156738e-01,3.060906529426574707e-01,9.194605350494384766e-01
6.521719694137573242e-01,3.335917472839355469e+00,5.101092457771301270e-01
9.112125635147094727e-01,8.158310055732727051e-01,5.376597046852111816e-01
8.390888571739196777e-01,1.298943161964416504e+00,1.995886862277984619e-01
8.238188028335571289e-01,1.271087408065795898e+00,6.892754137516021729e-02
6.458120346069335938e-01,3.750691115856170654e-01,8.083376288414001465e-01
1.428285241127014160e-01,4.227859973907470703e+00,1.868270151317119598e-02
4.762123227119445801e-01,4.919416427612304688e+00,5.349361300468444824e-01
9.928601235151290894e-02,2.821126461029052734e+00,3.019618690013885498e-01
8.999881148338317871e-01,1.238106846809387207e+00,3.328001201152801514e-01
3.418668210506439209e-01,4.343899190425872803e-01,8.816094994544982910e-01
2.413037419319152832e-01,1.540623545646667480e+00,9.827156066894531250e-01
1.380068063735961914e-01,3.969442367553710938e+00,8.222387433052062988e-01
5.705313086509704590e-01,3.639546155929565430e+00,1.876843422651290894e-01
2.319833338260650635e-01,3.515782058238983154e-01,2.303261160850524902e-01
1.675259023904800415e-01,1.908114433288574219e+00,6.642829775810241699e-01
2.289298623800277710e-01,4.067203044891357422e+00,2.004503756761550903e-01
7.232115864753723145e-01,3.644931316375732422e+00,9.064098596572875977e-01
4.827555716037750244e-01,4.823337793350219727e-01,9.324422478675842285e-01
2.594778239727020264e-01,4.949295818805694580e-01,2.232092320919036865e-01
7.814460396766662598e-01,3.320382833480834961e+00,8.070946931838989258e-01
7.252494245767593384e-02,1.959029793739318848e+00,9.704253822565078735e-02
9.642723798751831055e-01,4.524536609649658203e+00,5.231397747993469238e-01
5.999433994293212891e-01,4.230742931365966797e+00,6.684349775314331055e-01
2.326149046421051025e-01,1.832708835601806641e+00,6.093734502792358398e-01
5.423309206962585449e-01,3.481311559677124023e+00,3.054276108741760254e-01
6.069375872611999512e-01,4.237559795379638672e+00,6.715068221092224121e-01
3.413084745407104492e-01,3.254903078079223633e+00,7.741432785987854004e-01
2.319504469633102417e-01,4.113973617553710938e+00,1.161761581897735596e-01
4.911394715309143066e-01,8.200420141220092773e-01,5.826963782310485840e-01
4.987714290618896484e-01,1.701954305171966553e-01,2.845486700534820557e-01
4.479332268238067627e-01,4.179630756378173828e+00,8.666490316390991211e-01
9.127365946769714355e-01,4.492494583129882812e+00,5.397363901138305664e-01
5.558823794126510620e-02,3.781436204910278320e+00,8.063652515411376953e-01
3.308259248733520508e-01,7.554711699485778809e-01,5.717065334320068359e-01
4.811943173408508301e-01,2.010684251785278320e+00,7.144994139671325684e-01
1.779514402151107788e-01,1.580598354339599609e+00,5.316405296325683594e-01
8.053315877914428711e-01,1.335901856422424316e+00,8.330450654029846191e-01
2.114886641502380371e-01,1.453366518020629883e+00,9.246648550033569336e-01
2.555105090141296387e-01,1.261020421981811523e+00,2.206231951713562012e-01
1.829530894756317139e-01,8.206438422203063965e-01,1.138904690742492676e-01
1.756080985069274902e-02,2.316673517227172852e+00,7.530645281076431274e-02
4.592443704605102539e-01,3.115166425704956055e+00,1.235008984804153442e-01
1.990159749984741211e-01,2.350798606872558594e+00,6.880506277084350586e-01
6.190355420112609863e-01,4.324915409088134766e+00,5.880496501922607422e-01
4.579026401042938232e-01,5.140146613121032715e-01,8.986516594886779785e-01
1.102178916335105896e-01,2.842912912368774414e+00,6.231170892715454102e-01
5.220582485198974609e-01,2.229660034179687500e+00,9.313759207725524902e-02
7.969058156013488770e-01,8.230945467948913574e-01,6.964744329452514648e-01
5.738568902015686035e-01,4.356828212738037109e+00,2.742988467216491699e-01
5.678784251213073730e-01,4.626758575439453125e+00,3.535599112510681152e-01
9.764319658279418945e-02,1.659192293882369995e-01,6.286596059799194336e-01
6.503482162952423096e-02,3.009826421737670898e+00,6.506156921386718750e-01
4.600937366485595703e-01,2.755815267562866211e+00,8.055021762847900391e-01
6.460048556327819824e-01,3.346085071563720703e+00,5.332667827606201172e-01
7.943243980407714844e-01,3.495672702789306641e+00,8.666810989379882812e-01
4.032722413539886475e-01,3.005662918090820312e+00,5.749249458312988281e-01
4.620920866727828979e-02,4.300858020782470703e+00,4.958636164665222168e-01
9.549546241760253906e-01,2.254929542541503906e+00,6.971197724342346191e-01
2.298035472631454468e-01,2.828971385955810547e+00,9.448445439338684082e-01
5.181630253791809082e-01,1.350019693374633789e+00,8.352984189987182617e-01
3.118822872638702393e-01,9.638603329658508301e-01,2.406103312969207764e-01
5.745988488197326660e-01,2.062205076217651367e+00,1.637036204338073730e-01
1.380306184291839600e-01,2.343491315841674805e+00,2.749610692262649536e-02
2.580843567848205566e-01,3.911316394805908203e-01,4.546987637877464294e-02
7.636857628822326660e-01,1.993244737386703491e-01,7.545641809701919556e-02
5.599206089973449707e-01,1.821113586425781250e+00,7.553340792655944824e-01
5.069532394409179688e-01,2.705727577209472656e+00,9.535364508628845215e-01
8.019077777862548828e-01,2.010059118270874023e+00,3.002472519874572754e-01
5.235081911087036133e-01,2.680025577545166016e+00,1.005962640047073364e-01
9.901614189147949219e-01,4.501648426055908203e+00,6.169328093528747559e-01
5.943523049354553223e-01,5.384589433670043945e-01,1.615837216377258301e-01
1.569644808769226074e-01,4.485313892364501953e+00,4.077984020113945007e-02
1.334532201290130615e-01,4.185461521148681641e+00,5.203673243522644043e-01
5.939283967018127441e-01,2.985698223114013672e+00,9.967280030250549316e-01
7.817208766937255859e-01,3.993398189544677734e+00,8.731403946876525879e-01
6.055445075035095215e-01,3.059251070022583008e+00,5.920013189315795898e-01
7.623946666717529297e-01,2.057594776153564453e+00,3.426326811313629150e-01
1.331982016563415527e-01,4.961212635040283203e+00,2.215862274169921875e-01
7.481538653373718262e-01,8.083641529083251953e-01,6.122918725013732910e-01
6.561912596225738525e-02,3.722845554351806641e+00,7.338159680366516113e-01
7.137947082519531250e-01,2.148190021514892578e+00,5.518336296081542969e-01
4.915046393871307373e-01,7.351881265640258789e-01,7.159802913665771484e-01
4.097983837127685547e-01,3.949393510818481445e+00,1.582398861646652222e-01
8.024944663047790527e-01,1.607699513435363770e+00,9.851183891296386719e-01
1.559829264879226685e-01,2.157616615295410156e-01,4.726229310035705566e-01
4.373148083686828613e-02,1.869192361831665039e+00,2.063915729522705078e-01
6.235059499740600586e-01,2.861381530761718750e+00,6.979652047157287598e-01
3.205931931734085083e-02,3.260443210601806641e-01,6.907978653907775879e-01
1.129227429628372192e-01,5.516140460968017578e-01,3.783483505249023438e-01
4.454969763755798340e-01,4.915894508361816406e+00,3.673031181097030640e-02
2.498178482055664062e-01,3.158622264862060547e+00,8.953114151954650879e-01
8.714625835418701172e-01,4.358418464660644531e+00,7.785338759422302246e-01
3.725575208663940430e-01,3.970665216445922852e+00,1.870271116495132446e-01
5.629268884658813477e-01,9.897965192794799805e-01,8.208004236221313477e-01
3.877253830432891846e-02,4.594970703125000000e+00,8.117094635963439941e-01
2.110540717840194702e-01,4.199366092681884766e+00,8.356339931488037109e-01
1.212091743946075439e-01,3.638622045516967773e+00,7.349243760108947754e-01
8.217836022377014160e-01,2.131785869598388672e+00,5.053440928459167480e-01
8.298773169517517090e-01,8.598125576972961426e-01,7.008084654808044434e-01
6.079869270324707031e-01,2.964362144470214844e+00,1.460773646831512451e-01
5.739140510559082031e-01,3.401037454605102539e+00,4.060875475406646729e-01
2.222970277070999146e-01,1.239392876625061035e+00,5.594704747200012207e-01
6.252872347831726074e-01,4.648725509643554688e+00,2.238883674144744873e-01
4.966392219066619873e-01,4.472252368927001953e+00,5.806664228439331055e-01
9.525606036186218262e-01,1.825929731130599976e-01,8.654909133911132812e-01
1.379323005676269531e-02,2.576165676116943359e+00,8.911629319190979004e-01
7.997423410415649414e-01,7.573264837265014648e-01,5.551134347915649414e-01
1.591877341270446777e-01,1.518166780471801758e+00,7.678616046905517578e-01
6.891019344329833984e-01,4.631694853305816650e-01,7.142494320869445801e-01
3.914355039596557617e-01,1.959115743637084961e+00,6.967941522598266602e-01
1.193107217550277710e-01,3.611064910888671875e+00,2.320898026227951050e-01
9.234500527381896973e-01,1.859368562698364258e+00,9.712535738945007324e-01
4.961650073528289795e-02,3.302653431892395020e-01,5.013873577117919922e-01
8.151911944150924683e-02,1.287833809852600098e+00,7.684617489576339722e-02
8.072619885206222534e-02,4.472442269325256348e-01,7.688120603561401367e-01
7.530286908149719238e-01,6.546744108200073242e-01,6.071308255195617676e-01
1.884269714355468750e-01,3.858595132827758789e+00,1.301775127649307251e-01
6.286019086837768555e-01,3.543427467346191406e+00,3.442042171955108643e-01
4.487726092338562012e-02,3.654969930648803711e+00,4.911908507347106934e-01
7.814615368843078613e-01,2.646425664424896240e-01,6.182268634438514709e-02
9.539300948381423950e-02,3.539318084716796875e+00,2.574128210544586182e-01
5.062408447265625000e-01,1.101930737495422363e+00,8.768804669380187988e-01
7.739294767379760742e-01,2.805593013763427734e+00,2.221125811338424683e-01
7.273677587509155273e-01,2.612306594848632812e+00,9.014243483543395996e-01
7.678833007812500000e-01,1.376106500625610352e+00,6.969728507101535797e-03
6.058075278997421265e-02,4.460263252258300781e+00,2.812706828117370605e-01
1.107177697122097015e-02,3.295785188674926758e+00,5.773637294769287109e-01
8.916757702827453613e-01,4.894171357154846191e-01,4.177499413490295410e-01
7.638333439826965332e-01,8.837203979492187500e-01,5.801097154617309570e-01
6.416869759559631348e-01,7.999142408370971680e-01,2.177438735961914062e-01
7.476366162300109863e-01,3.314714431762695312e+00,7.722070813179016113e-01
4.518183469772338867e-01,1.299634695053100586e+00,1.234175413846969604e-01
2.966441512107849121e-01,1.472419947385787964e-01,1.330146342515945435e-01
4.235565960407257080e-01,2.834311485290527344e+00,6.897125840187072754e-01
1.154218614101409912e-01,1.840259909629821777e+00,3.785407636314630508e-03
7.510287314653396606e-02,2.180076539516448975e-01,2.636225819587707520e-01
3.478228151798248291e-01,2.606434822082519531e+00,6.976523995399475098e-01
2.138088941574096680e-01,6.280803084373474121e-01,8.207699060440063477e-01
2.327808439731597900e-01,2.049291849136352539e+00,2.871407866477966309e-01
7.698351144790649414e-01,1.888832569122314453e+00,5.147560834884643555e-01
1.538406498730182648e-02,1.995334267616271973e+00,3.220223486423492432e-01
5.257841944694519043e-01,2.275979518890380859e+00,1.142758354544639587e-01
3.171284198760986328e-01,1.527348607778549194e-01,6.100512742996215820e-01
6.846442222595214844e-01,6.324647068977355957e-01,6.234833002090454102e-01
7.595461010932922363e-01,4.407015323638916016e+00,6.980953216552734375e-01
2.330677211284637451e-01,1.609526753425598145e+00,5.581909418106079102e-01
5.228300690650939941e-01,3.765526533126831055e+00,1.557517796754837036e-01
7.540633082389831543e-01,1.156631112098693848e-01,5.781940221786499023e-01
8.684590458869934082e-01,3.231634378433227539e+00,3.189371824264526367e-01
1.744867265224456787e-01,1.160323739051818848e+00,4.942581653594970703e-01
6.568676233291625977e-01,3.761229038238525391e+00,8.986322283744812012e-01
9.064305424690246582e-01,3.844061136245727539e+00,1.356187164783477783e-01
9.076127409934997559e-01,4.685424327850341797e+00,3.827207386493682861e-01
4.786730706691741943e-01,9.673706889152526855e-01,9.915152192115783691e-01
5.238661170005798340e-01,1.484865188598632812e+00,4.762294888496398926e-01
9.869230389595031738e-01,2.169157981872558594e+00,9.985844790935516357e-02
6.276652812957763672e-01,1.009007334709167480e+00,8.326680064201354980e-01
8.177394270896911621e-01,3.075263202190399170e-01,8.743601441383361816e-01
9.026383161544799805e-01,4.441332817077636719e+00,1.146814599633216858e-01
6.337919831275939941e-01,8.152821063995361328e-01,9.647130966186523438e-01
4.963340461254119873e-01,2.802229166030883789e+00,1.124868616461753845e-01
1.002130433917045593e-01,7.847093939781188965e-01,3.344782888889312744e-01
6.849758625030517578e-01,4.966958999633789062e+00,8.204805850982666016e-01
5.835568308830261230e-01,1.162087321281433105e+00,1.579617559909820557e-01
8.026929497718811035e-01,2.186896800994873047e+00,9.341869950294494629e-01
6.089980006217956543e-01,4.933616161346435547e+00,8.098695278167724609e-01
7.300869822502136230e-01,2.678317129611968994e-01,6.671103239059448242e-01
8.489466905593872070e-01,2.424238443374633789e+00,9.829868078231811523e-01
9.647629857063293457e-01,3.209731280803680420e-01,3.250237703323364258e-01
6.161007657647132874e-02,4.161971092224121094e+00,1.997359544038772583e-01
1.498676687479019165e-01,2.701536417007446289e+00,3.584284484386444092e-01
7.632591724395751953e-01,1.170279741287231445e+00,5.628407597541809082e-01
2.048526406288146973e-01,2.062614679336547852e+00,6.369729042053222656e-01
7.377313971519470215e-01,3.879927873611450195e+00,8.571874499320983887e-01
5.562849640846252441e-01,2.959544181823730469e+00,1.665689796209335327e-02
1.219528466463088989e-01,2.334010362625122070e+00,7.810086756944656372e-02
3.324584066867828369e-01,4.651050567626953125e+00,6.472502946853637695e-01
7.098662853240966797e-01,1.156097054481506348e+00,8.730403184890747070e-01
1.463175714015960693e-01,3.156066656112670898e+00,7.978209257125854492e-01
1.710735708475112915e-01,2.029565572738647461e+00,1.374445110559463501e-01
8.017784357070922852e-01,4.229434013366699219e+00,6.484574675559997559e-01
1.751981973648071289e-01,2.819307565689086914e+00,2.489670664072036743e-01
1.534980535507202148e-01,4.517778396606445312e+00,6.280845999717712402e-01
9.068152904510498047e-01,4.165057659149169922e+00,1.771524697542190552e-01
8.636420369148254395e-01,3.123348951339721680e+00,2.070839852094650269e-01
5.871210694313049316e-01,3.316083669662475586e+00,3.157156407833099365e-01
2.829174101352691650e-01,1.487632989883422852e+00,8.583071827888488770e-01
1.599660664796829224e-01,1.902474641799926758e+00,5.164497494697570801e-01
4.254180788993835449e-01,1.547235131263732910e+00,1.231921315193176270e-01
2.310440540313720703e-01,4.047157764434814453e+00,4.014979600906372070e-01
1.399612128734588623e-01,1.404543399810791016e+00,9.133465290069580078e-01
4.558134675025939941e-01,3.626143336296081543e-01,7.301034331321716309e-01
4.829460978507995605e-01,3.614008188247680664e+00,7.055809497833251953e-01
3.998873531818389893e-01,2.598307847976684570e+00,5.797613263130187988e-01
5.217344164848327637e-01,4.219535827636718750e+00,4.426327645778656006e-01
5.270997807383537292e-02,1.229720354080200195e+00,2.318187057971954346e-01
1.111835613846778870e-01,9.404779076576232910e-01,4.656633734703063965e-01
5.011858344078063965e-01,2.823923587799072266e+00,3.404419422149658203e-01
8.627814650535583496e-01,3.127649128437042236e-01,5.055694654583930969e-02
7.631715536117553711e-01,3.968220710754394531e+00,5.482682585716247559e-01
6.265661120414733887e-02,4.330025911331176758e-01,4.956701099872589111e-01
8.991812467575073242e-01,8.550910353660583496e-01,4.492163360118865967e-01
9.139432311058044434e-01,4.127628803253173828e+00,2.641142904758453369e-02
2.668193876743316650e-01,1.809670925140380859e+00,5.835669040679931641e-01
8.608713746070861816e-01,1.039663627743721008e-01,7.077731490135192871e-01
3.625877499580383301e-01,3.108606338500976562e+00,6.321077942848205566e-01
6.023547649383544922e-01,2.430939435958862305e+00,8.488778471946716309e-01
2.856239676475524902e-01,1.573328137397766113e+00,5.105992555618286133e-01
7.675539255142211914e-01,2.219051361083984375e+00,7.293605804443359375e-01
7.198261022567749023e-01,4.531958580017089844e+00,2.609685063362121582e-01
4.550653100013732910e-01,8.462266325950622559e-01,5.589060783386230469e-01
7.414781302213668823e-02,4.440888166427612305e-01,3.975300192832946777e-01
2.827177047729492188e-01,3.252547740936279297e+00,3.902614116668701172e-01
1.656579524278640747e-01,3.926189661026000977e+00,1.229046881198883057e-01
6.980959773063659668e-01,2.390309333801269531e+00,8.077134490013122559e-01
3.979386985301971436e-01,3.491146087646484375e+00,2.775967121124267578e-01
1.035151034593582153e-01,4.620190858840942383e-01,8.822892904281616211e-01
7.856761813163757324e-01,1.620003581047058105e+00,1.730274707078933716e-01
1.165911480784416199e-01,4.856434345245361328e+00,6.766518950462341309e-01
1.745661497116088867e-01,2.633502244949340820e+00,6.488711833953857422e-01
5.307058691978454590e-01,3.159402370452880859e+00,1.160467937588691711e-01
9.614481329917907715e-01,3.208862841129302979e-01,2.916477620601654053e-01
5.822820067405700684e-01,3.713447093963623047e+00,6.416479349136352539e-01
8.683488368988037109e-01,1.682471513748168945e+00,8.101018667221069336e-01
7.697671651840209961e-01,2.687894105911254883e+00,1.520709395408630371e-01
4.828278720378875732e-01,2.674614191055297852e+00,5.794797539710998535e-01
1.161972880363464355e-01,4.108081817626953125e+00,7.996982336044311523e-01
2.268380969762802124e-01,1.874100565910339355e+00,7.066181898117065430e-01
5.997588634490966797e-01,6.087658405303955078e-01,2.393708229064941406e-01
7.209736108779907227e-01,7.983028292655944824e-01,4.330271780490875244e-01
9.301601052284240723e-01,1.857209086418151855e+00,9.394284486770629883e-01
2.329733222723007202e-01,3.506785631179809570e+00,8.392562270164489746e-01
3.491698801517486572e-01,1.645847082138061523e+00,8.965040445327758789e-01
8.505043387413024902e-01,2.883309364318847656e+00,4.204401671886444092e-01
2.115334272384643555e-01,1.991115450859069824e+00,2.762007415294647217e-01
5.050945878028869629e-01,9.935154318809509277e-01,7.906125783920288086e-01
5.432519316673278809e-01,4.304949760437011719e+00,5.560591220855712891e-01
9.792581796646118164e-01,9.196400046348571777e-01,4.023199081420898438e-01
9.541397094726562500e-01,4.584842205047607422e+00,6.162999272346496582e-01
9.089820981025695801e-01,8.512005805969238281e-01,6.043467521667480469e-01
7.985644340515136719e-01,3.233259677886962891e+00,2.645730040967464447e-02
4.663433730602264404e-01,5.373889207839965820e-01,6.873409152030944824e-01
2.116008102893829346e-01,1.734185099601745605e+00,7.591798901557922363e-01
3.685643374919891357e-01,2.852095603942871094e+00,7.846665382385253906e-01
6.474508643150329590e-01,4.118274211883544922e+00,1.070787161588668823e-01
3.649658337235450745e-02,1.902786731719970703e+00,7.830896377563476562e-01
4.789566099643707275e-01,1.476551532745361328e+00,7.189444899559020996e-01
6.228116154670715332e-01,2.465685367584228516e+00,6.289304047822952271e-02
9.095302224159240723e-01,2.257250547409057617e+00,7.541683912277221680e-01
7.932289838790893555e-01,1.402628064155578613e+00,9.127315878868103027e-01
3.433189690113067627e-01,4.600111484527587891e+00,4.997531771659851074e-01
9.515657275915145874e-02,1.618087291717529297e-01,4.816632270812988281e-01
3.634483814239501953e-01,8.764168620109558105e-01,1.581727415323257446e-01
8.376415371894836426e-01,1.310173749923706055e+00,5.777543783187866211e-01
1.239560246467590332e-01,4.875284671783447266e+00,6.823104619979858398e-01
3.193659707903862000e-02,4.106209754943847656e+00,5.876438617706298828e-01
3.605761528015136719e-01,2.930830240249633789e+00,6.291425321251153946e-03
2.854043841361999512e-01,1.281724572181701660e+00,3.034494519233703613e-01
2.604170739650726318e-01,2.887866020202636719e+00,8.107798695564270020e-01
3.854412138462066650e-01,2.577008485794067383e+00,6.315633654594421387e-01
6.404923200607299805e-01,2.545303106307983398e+00,6.304536014795303345e-02
5.703934282064437866e-02,1.706478714942932129e+00,8.726117014884948730e-01
8.080834150314331055e-01,2.809039354324340820e+00,5.120697431266307831e-03
4.389456212520599365e-01,4.244410037994384766e+00,9.071757197380065918e-01
2.925876379013061523e-01,1.387808918952941895e+00,4.599887430667877197e-01
9.598668813705444336e-01,2.453284740447998047e+00,5.974910259246826172e-01
7.419325709342956543e-01,2.291627645492553711e+00,7.938565611839294434e-01
7.348036170005798340e-01,3.517834186553955078e+00,5.647042393684387207e-01
7.093057632446289062e-01,1.136175155639648438e+00,5.566516518592834473e-01
6.289410591125488281e-01,4.624528884887695312e+00,3.019520938396453857e-01
9.327512383460998535e-01,4.676816463470458984e+00,6.469691395759582520e-01
2.180226296186447144e-01,2.819178581237792969e+00,2.469598054885864258e-01
8.938730955123901367e-01,5.139930844306945801e-01,3.681919276714324951e-01
4.372168481349945068e-01,2.325864791870117188e+00,3.780118525028228760e-01
4.750646948814392090e-01,1.470693707466125488e+00,6.238335743546485901e-02
1.339617222547531128e-01,1.346028923988342285e+00,5.970452446490526199e-03
7.005769014358520508e-01,2.481330871582031250e+00,1.219481453299522400e-01
9.294757843017578125e-01,2.085662841796875000e+00,5.654758214950561523e-01
2.934997081756591797e-01,2.039556026458740234e+00,1.220599487423896790e-01
6.942478418350219727e-01,3.114545583724975586e+00,7.013260126113891602e-01
9.483090043067932129e-01,4.691761493682861328e+00,5.177717208862304688e-01
2.473758906126022339e-01,3.826038122177124023e+00,2.147906571626663208e-01
3.697575926780700684e-01,4.316325187683105469e+00,8.678364157676696777e-01
1.574055999517440796e-01,4.791045665740966797e+00,1.925102919340133667e-01
1.710052639245986938e-01,4.331959247589111328e+00,2.337901666760444641e-02
9.896185398101806641e-01,1.435968756675720215e+00,5.588381886482238770e-01
9.067943692207336426e-01,1.926672577857971191e+00,7.238615155220031738e-01
7.513817548751831055e-01,1.760165333747863770e+00,6.865333020687103271e-02
7.869140058755874634e-02,2.586881160736083984e+00,4.830506443977355957e-01
7.426919937133789062e-01,4.446026325225830078e+00,7.596082091331481934e-01
7.138694524765014648e-01,6.009120345115661621e-01,5.958532169461250305e-02
8.308350443840026855e-01,2.993743121623992920e-01,5.952666401863098145e-01
4.199505448341369629e-01,3.603317737579345703e+00,2.229081094264984131e-01
5.916301608085632324e-01,3.804409027099609375e+00,6.322187185287475586e-01
3.756271004676818848e-01,7.546057105064392090e-01,4.012230783700942993e-02
2.628180086612701416e-01,1.433084487915039062e+00,2.233001142740249634e-01
8.756452202796936035e-01,2.914419651031494141e+00,3.838490843772888184e-01
4.656490981578826904e-01,4.678176403045654297e+00,1.981028169393539429e-01
5.103598833084106445e-01,1.043515563011169434e+00,8.375391960144042969e-01
6.167421936988830566e-01,4.814792633056640625e+00,1.717010438442230225e-01
5.055273771286010742e-01,1.290705800056457520e+00,9.235315322875976562e-01
5.546009540557861328e-01,2.270812273025512695e+00,1.720413565635681152e-01
9.161709547042846680e-01,2.570386409759521484e+00,2.622798383235931396e-01
2.307240106165409088e-02,9.335146546363830566e-01,5.714469552040100098e-01
4.293038249015808105e-01,3.617023944854736328e+00,3.683362603187561035e-01
6.717501282691955566e-01,7.763339579105377197e-02,4.583553075790405273e-01
3.983759284019470215e-01,8.556828498840332031e-01,8.214730620384216309e-01
8.288107514381408691e-01,2.788753032684326172e+00,5.435264706611633301e-01
6.544413566589355469e-01,2.484858632087707520e-01,7.717645168304443359e-01
4.385994970798492432e-01,3.001308202743530273e+00,6.856761574745178223e-01
6.242902278900146484e-01,4.875172138214111328e+00,5.863657593727111816e-01
5.015940666198730469e-01,4.064722061157226562e+00,4.198650717735290527e-01
2.278243750333786011e-01,2.161234855651855469e+00,1.300713866949081421e-01
5.140110850334167480e-01,2.645827054977416992e+00,9.143212437629699707e-01
4.533124715089797974e-02,1.683188319206237793e+00,9.543221592903137207e-01
3.345477879047393799e-01,2.784305572509765625e+00,4.258596338331699371e-03
5.310609936714172363e-01,4.595356464385986328e+00,5.410890579223632812e-01
1.669070422649383545e-01,4.123264312744140625e+00,2.098137736320495605e-01
6.211923360824584961e-01,4.873448371887207031e+00,6.667213439941406250e-01
4.300289154052734375e-01,4.507043361663818359e+00,4.291830658912658691e-01
5.468078255653381348e-01,4.159893035888671875e+00,5.572192668914794922e-01
6.435250490903854370e-02,3.236670494079589844e+00,1.902393102645874023e-01
4.844582080841064453e-01,2.983802080154418945e+00,1.766552031040191650e-01
6.127346754074096680e-01,4.199747085571289062e+00,1.334551125764846802e-01
4.175388813018798828e-01,3.146131753921508789e+00,9.133698344230651855e-01
5.215460062026977539e-01,3.330650329589843750e+00,6.010059118270874023e-01
7.099815607070922852e-01,4.507816314697265625e+00,3.410516977310180664e-01
4.457984119653701782e-02,3.014581680297851562e+00,9.104542732238769531e-01
6.298740506172180176e-01,2.537394762039184570e+00,5.357366800308227539e-01
6.264896392822265625e-01,2.541679143905639648e+00,5.406073927879333496e-01
6.624618768692016602e-01,6.114067435264587402e-01,8.949494957923889160e-01
5.872722864151000977e-01,2.406660318374633789e+00,8.553870320320129395e-01
2.971950471401214600e-01,2.186542272567749023e+00,1.642851084470748901e-01
2.510776221752166748e-01,1.267728328704833984e+00,4.748332202434539795e-01
1.955436021089553833e-01,1.006077051162719727e+00,6.191486120223999023e-01
3.534712493419647217e-01,2.504328966140747070e+00,2.958912551403045654e-01
6.352801322937011719e-01,3.507598876953125000e+00,6.355310082435607910e-01
7.403040528297424316e-01,4.702048003673553467e-02,4.696897268295288086e-01
7.250854372978210449e-01,3.760068178176879883e+00,8.533098697662353516e-01
7.295008897781372070e-01,2.743756532669067383e+00,4.018351435661315918e-01
9.525769948959350586e-01,1.471970558166503906e+00,2.967551052570343018e-01
4.235078394412994385e-01,2.057842254638671875e+00,3.012582659721374512e-02
5.829749703407287598e-01,4.661500453948974609e+00,5.339260101318359375e-01
5.720781683921813965e-01,3.570774316787719727e+00,1.738941371440887451e-01
5.115687847137451172e-01,4.568953037261962891e+00,5.272012948989868164e-02
7.271821498870849609e-01,1.301905512809753418e+00,1.004208922386169434e-01
8.253270387649536133e-01,2.017820596694946289e+00,8.549966216087341309e-01
3.351491987705230713e-01,2.841584205627441406e+00,5.410852283239364624e-02
2.094571888446807861e-01,2.665750265121459961e+00,7.157780528068542480e-01
9.764691591262817383e-01,4.788550376892089844e+00,1.085834801197052002e-01
9.070534259080886841e-02,2.468810677528381348e-01,6.499356776475906372e-02
2.910746634006500244e-01,9.628657698631286621e-01,5.479313433170318604e-02
8.075857758522033691e-01,7.535123229026794434e-01,4.120504111051559448e-02
4.614209234714508057e-01,2.816635847091674805e+00,3.078249990940093994e-01
1.598592400550842285e-01,2.226781606674194336e+00,2.134517729282379150e-01
9.811320900917053223e-01,8.201220035552978516e-01,6.845812201499938965e-01
6.874399781227111816e-01,3.100670337677001953e+00,5.853233337402343750e-01
9.695195555686950684e-01,4.025312066078186035e-01,4.556517004966735840e-01
5.734473466873168945e-01,2.735456228256225586e-01,8.917755633592605591e-02
7.173480391502380371e-01,1.509807467460632324e+00,4.755721390247344971e-01
5.394312143325805664e-01,4.455890178680419922e+00,3.681138157844543457e-02
7.669435441493988037e-02,8.691880702972412109e-01,2.930595874786376953e-01
4.169574975967407227e-01,2.700572490692138672e+00,2.877125144004821777e-01
4.683298170566558838e-01,1.320962429046630859e+00,1.033004745841026306e-01
8.155155181884765625e-01,1.136782526969909668e+00,8.570233583450317383e-01
7.166540026664733887e-01,4.872840881347656250e+00,1.982709951698780060e-02
8.012638688087463379e-01,3.088386915624141693e-02,4.098032116889953613e-01
5.181947350502014160e-01,4.393857955932617188e+00,6.209067106246948242e-01
6.226025223731994629e-01,2.295599222183227539e+00,8.419599533081054688e-01
1.758161038160324097e-01,1.328472375869750977e+00,6.951745748519897461e-01
6.667289733886718750e-01,8.253549933433532715e-01,6.052587628364562988e-01
7.242051959037780762e-01,7.840891480445861816e-01,2.004583179950714111e-01
1.451398879289627075e-01,3.641696453094482422e+00,6.968897581100463867e-01
2.672348916530609131e-02,5.522310733795166016e-01,8.914294838905334473e-01
2.657239139080047607e-01,4.678755283355712891e+00,3.084054887294769287e-01
9.704151749610900879e-01,2.954804599285125732e-01,2.405264377593994141e-01
8.034682273864746094e-01,4.336346626281738281e+00,7.432892322540283203e-01
9.741423726081848145e-01,4.110376834869384766e+00,7.020868062973022461e-01
2.249177694320678711e-01,3.259463310241699219e+00,1.946276128292083740e-01
7.314770221710205078e-01,4.200483798980712891e+00,5.627885460853576660e-01
8.589820265769958496e-01,2.481707930564880371e-01,9.117228984832763672e-01
2.513757646083831787e-01,3.583536446094512939e-01,2.662984728813171387e-01
2.347974926233291626e-01,4.534280300140380859e+00,3.266198933124542236e-01
4.473438486456871033e-02,1.058197140693664551e+00,1.074149683117866516e-01
6.039590835571289062e-01,4.415092468261718750e+00,4.430454671382904053e-01
5.122137069702148438e-01,2.612474679946899414e+00,5.561112165451049805e-01
5.940476059913635254e-01,2.109172105789184570e+00,7.528987526893615723e-01
3.593959808349609375e-01,5.035596489906311035e-01,2.388579249382019043e-01
7.172115445137023926e-01,1.972665071487426758e+00,5.263542532920837402e-01
4.431919157505035400e-01,1.290060520172119141e+00,6.641682982444763184e-01
7.005354762077331543e-02,3.256975650787353516e+00,7.062104344367980957e-01
9.175792932510375977e-01,4.077797412872314453e+00,4.346187785267829895e-02
9.497632384300231934e-01,4.813126087188720703e+00,5.692464709281921387e-01
4.446271657943725586e-01,3.736638307571411133e+00,8.550031781196594238e-01
8.751158714294433594e-01,2.926799356937408447e-01,2.237472683191299438e-01
5.424020811915397644e-02,2.755508661270141602e+00,7.729851007461547852e-01
3.911902010440826416e-01,2.451160907745361328e+00,1.926730126142501831e-01
7.302509546279907227e-01,3.874304056167602539e+00,5.813432335853576660e-01
4.507517516613006592e-01,3.736961841583251953e+00,8.912060260772705078e-01
5.980345010757446289e-01,3.379575312137603760e-01,4.682934880256652832e-01
9.552446603775024414e-01,2.329864740371704102e+00,8.850269317626953125e-01
1.574384868144989014e-01,2.529821157455444336e+00,4.696361124515533447e-01
5.752638578414916992e-01,2.234369516372680664e+00,9.115287661552429199e-01
1.387989073991775513e-01,1.657944917678833008e+00,3.033312410116195679e-02
3.954433500766754150e-01,2.590153217315673828e+00,1.788252294063568115e-01
9.343107938766479492e-01,4.498390197753906250e+00,7.894677519798278809e-01
6.114640831947326660e-01,1.582378983497619629e+00,9.891678094863891602e-01
2.165676206350326538e-01,2.832601964473724365e-01,1.815753877162933350e-01
5.897681713104248047e-01,3.942286968231201172e+00,7.064555883407592773e-01
2.601839900016784668e-01,1.849170327186584473e+00,9.281674027442932129e-01
4.709393084049224854e-01,4.262465000152587891e+00,4.658958315849304199e-01
5.142155289649963379e-01,1.246059894561767578e+00,8.893010020256042480e-01
7.158309221267700195e-03,1.102307796478271484e+00,6.900125741958618164e-01
3.255310356616973877e-01,3.755649805068969727e+00,5.823217034339904785e-01
5.579138398170471191e-01,3.315611839294433594e+00,1.038276180624961853e-01
4.038044214248657227e-01,1.081295609474182129e+00,7.418640255928039551e-01
6.744681596755981445e-01,4.953178882598876953e+00,6.537187695503234863e-01
1.472781747579574585e-01,3.120508909225463867e+00,2.438954114913940430e-01
8.491805195808410645e-01,1.266397833824157715e+00,2.692246437072753906e-01
7.158848643302917480e-01,2.918508768081665039e+00,1.236791014671325684e-01
5.840794369578361511e-02,1.688286900520324707e+00,7.061088681221008301e-01
5.329279899597167969e-01,2.643444061279296875e+00,9.537792205810546875e-01
8.191311955451965332e-01,4.498883783817291260e-01,5.881118774414062500e-01
6.716057062149047852e-01,2.470845222473144531e+00,9.053951501846313477e-01
1.432750821113586426e-01,2.626223862171173096e-01,1.544964611530303955e-01
4.007931649684906006e-01,4.490925312042236328e+00,4.578733816742897034e-02
8.255230188369750977e-01,3.479927301406860352e+00,6.592413187026977539e-01
8.442645072937011719e-01,4.617609083652496338e-01,9.495738893747329712e-02
6.950749158859252930e-01,6.712137460708618164e-01,5.451635122299194336e-01
8.235635757446289062e-01,1.574390381574630737e-01,5.789794921875000000e-01
5.419074892997741699e-01,3.496183454990386963e-02,3.652175366878509521e-01
4.598204195499420166e-01,3.567055702209472656e+00,5.126654505729675293e-01
9.568498730659484863e-01,2.311098575592041016e+00,9.439683556556701660e-01
8.334081172943115234e-01,9.023947119712829590e-01,5.059391856193542480e-01
2.252582758665084839e-01,4.134993553161621094e+00,4.623858332633972168e-01
6.321183443069458008e-01,1.124151229858398438e+00,9.654939919710159302e-02
9.401069879531860352e-01,4.327820777893066406e+00,2.899758517742156982e-01
5.637219175696372986e-02,4.672686100006103516e+00,2.657971978187561035e-01
2.485153377056121826e-01,2.619068384170532227e+00,2.789714038372039795e-01
1.838270425796508789e-01,3.736449718475341797e+00,1.838098913431167603e-01
1.469788402318954468e-01,2.241580009460449219e+00,9.192977547645568848e-01
8.277006149291992188e-01,3.436937630176544189e-01,3.809208571910858154e-01
2.421614080667495728e-01,3.614955425262451172e+00,3.722550570964813232e-01
3.748801350593566895e-01,4.570363998413085938e+00,8.829011768102645874e-02
4.108586311340332031e-01,3.804004430770874023e+00,5.881948471069335938e-01
8.476544618606567383e-01,3.541171312332153320e+00,3.165616393089294434e-01
7.530330419540405273e-01,3.645821571350097656e+00,5.601059794425964355e-01
8.436841368675231934e-01,2.371524572372436523e+00,2.078478634357452393e-01
6.641647219657897949e-01,3.941839218139648438e+00,1.886536031961441040e-01
1.548757553100585938e-01,4.690138816833496094e+00,8.300944566726684570e-01
7.806893587112426758e-01,4.364171504974365234e+00,6.727638840675354004e-01
2.493585944175720215e-01,5.491505861282348633e-01,1.779520511627197266e-01
4.145350158214569092e-01,8.427180051803588867e-01,1.854470744729042053e-02
7.737842798233032227e-01,9.274575710296630859e-01,6.304393410682678223e-01
3.784837946295738220e-02,4.520021438598632812e+00,8.445687294006347656e-01
8.698885142803192139e-02,3.773844480514526367e+00,7.561523914337158203e-01
7.442653775215148926e-01,3.801084041595458984e+00,8.652569651603698730e-01
9.569154977798461914e-01,4.386178970336914062e+00,6.844571232795715332e-01
7.924917340278625488e-01,2.467440366744995117e+00,2.653894722461700439e-01
7.876529097557067871e-01,1.082290768623352051e+00,8.447554707527160645e-01
1.728918850421905518e-01,4.429972648620605469e+00,4.174644127488136292e-02
7.064191699028015137e-01,3.770801544189453125e+00,9.589630961418151855e-01
1.137296259403228760e-01,2.622414231300354004e-01,6.696084886789321899e-02
8.919864892959594727e-01,3.624937057495117188e+00,2.028538733720779419e-01
7.658457756042480469e-01,1.315132975578308105e+00,3.202751651406288147e-02
1.751519180834293365e-02,5.467084050178527832e-01,1.490969806909561157e-01
3.741955459117889404e-01,3.242483139038085938e+00,9.239050745964050293e-01
7.535804510116577148e-01,2.489313840866088867e+00,9.629001021385192871e-01
1.735352911055088043e-03,4.505628585815429688e+00,5.063058137893676758e-01
2.270876616239547729e-01,1.972948312759399414e+00,2.982845008373260498e-01
1.908787935972213745e-01,3.384978055953979492e+00,9.089270234107971191e-01
1.441841423511505127e-01,3.186425447463989258e+00,8.537579178810119629e-01
2.569030039012432098e-03,3.245025873184204102e+00,9.780845046043395996e-01
5.930523276329040527e-01,2.031951665878295898e+00,3.255155980587005615e-01
2.910460811108350754e-03,4.520478725433349609e+00,4.879983142018318176e-02
4.245495796203613281e-01,2.985714673995971680e+00,8.961047530174255371e-01
6.830310225486755371e-01,3.071127891540527344e+00,6.775313615798950195e-01
3.164570033550262451e-01,8.022586703300476074e-01,7.993476390838623047e-01
1.537501364946365356e-01,8.919495344161987305e-01,7.198886275291442871e-01
4.506157040596008301e-01,4.942892074584960938e+00,7.965995669364929199e-01
6.446059346199035645e-01,4.956768989562988281e+00,4.753725603222846985e-02
9.666649699211120605e-01,4.922199249267578125e+00,2.617666125297546387e-01
5.425598025321960449e-01,1.779667973518371582e+00,4.537454843521118164e-01
2.121246308088302612e-01,7.954892516136169434e-01,1.008445546030998230e-01
2.691868245601654053e-01,1.055865287780761719e+00,6.434272527694702148e-01
4.057786762714385986e-01,1.024610638618469238e+00,2.106885612010955811e-01
5.123522505164146423e-02,4.634067118167877197e-01,1.493155360221862793e-01
8.756172060966491699e-01,1.253788352012634277e+00,3.803598284721374512e-01
7.826424390077590942e-02,3.224421739578247070e-01,6.983493566513061523e-01
4.964720606803894043e-01,1.158230781555175781e+00,1.681249141693115234e-01
1.907257139682769775e-01,4.223566055297851562e+00,2.201695367693901062e-02
5.909042805433273315e-02,6.159976720809936523e-01,9.990373626351356506e-03
2.217718511819839478e-01,2.460686683654785156e+00,8.462067842483520508e-01
2.865883409976959229e-01,1.345693707466125488e+00,7.074845433235168457e-01
3.653506040573120117e-01,3.000695943832397461e+00,1.174314022064208984e-01
3.487324416637420654e-01,5.656645894050598145e-01,9.882552623748779297e-01
2.890160977840423584e-01,6.238758563995361328e-01,1.827415376901626587e-01
3.595490157604217529e-01,3.083121061325073242e+00,1.481041908264160156e-01
6.537935733795166016e-01,4.885315895080566406e+00,9.991522431373596191e-01
9.795368313789367676e-01,4.391932964324951172e+00,8.489853143692016602e-01
6.424945592880249023e-01,4.262681961059570312e+00,2.438683211803436279e-01
6.447916626930236816e-01,2.435700178146362305e+00,7.810170054435729980e-01
1.581019461154937744e-01,2.812052011489868164e+00,2.406649142503738403e-01
9.143879413604736328e-01,1.701808810234069824e+00,9.694432020187377930e-01
7.776088267564773560e-02,2.145893096923828125e+00,9.591618180274963379e-01
3.249715268611907959e-01,1.125464677810668945e+00,5.783835053443908691e-01
1.692396998405456543e-01,1.839634299278259277e+00,3.432593941688537598e-01
9.077122211456298828e-01,4.388054847717285156e+00,2.490718364715576172e-01
4.097988903522491455e-01,2.283381223678588867e+00,5.887746810913085938e-01
1.689293794333934784e-02,4.892858266830444336e-01,1.591146737337112427e-01
7.215319573879241943e-02,1.248208165168762207e+00,2.992371330037713051e-03
9.175715446472167969e-01,3.631767988204956055e+00,1.577584743499755859e-01
4.156924784183502197e-01,1.689108729362487793e+00,1.994954049587249756e-01
7.950094342231750488e-01,2.179636240005493164e+00,3.334588110446929932e-01
6.269712746143341064e-02,1.900101542472839355e+00,7.634977102279663086e-01
2.699161171913146973e-01,6.387681961059570312e-01,4.321162402629852295e-01
7.879906892776489258e-02,4.966471672058105469e+00,5.002452731132507324e-01
5.341925024986267090e-01,2.289840698242187500e+00,2.407665401697158813e-01
9.569371119141578674e-03,3.095198154449462891e+00,9.065870642662048340e-01
1.173940971493721008e-01,2.363662481307983398e+00,3.965879678726196289e-01
2.398300170898437500e-01,1.792196035385131836e+00,5.972157716751098633e-01
7.597578763961791992e-01,3.968095541000366211e+00,4.936653971672058105e-01
9.421271681785583496e-01,2.787607669830322266e+00,8.670750856399536133e-01
8.445816636085510254e-01,4.690171718597412109e+00,1.643064171075820923e-01
5.757297277450561523e-01,2.717194080352783203e+00,8.771402239799499512e-01
9.848418831825256348e-01,1.682880401611328125e+00,1.549074053764343262e-01
8.590883016586303711e-01,2.967807352542877197e-01,7.831350564956665039e-01
7.560967803001403809e-01,3.576680898666381836e+00,4.014072120189666748e-01
6.946577429771423340e-01,4.803649425506591797e+00,5.679484605789184570e-01
4.785416424274444580e-01,2.189811468124389648e+00,5.396963953971862793e-01
4.248972535133361816e-01,2.093628168106079102e+00,1.483721286058425903e-01
7.928484678268432617e-01,4.511489868164062500e-01,2.593441903591156006e-01
4.420101344585418701e-01,2.419238090515136719e+00,1.663584113121032715e-01
4.789597690105438232e-01,1.547842621803283691e+00,3.625329136848449707e-01
6.896789073944091797e-01,3.770081520080566406e+00,8.182573914527893066e-01
5.249658823013305664e-01,4.902051925659179688e+00,5.249927639961242676e-01
7.953149676322937012e-01,4.536000251770019531e+00,8.031261563301086426e-01
6.498145461082458496e-01,4.461181163787841797e+00,9.177015423774719238e-01
2.542762756347656250e-01,1.111224412918090820e+00,1.954630762338638306e-01
7.398674488067626953e-01,3.328782081604003906e+00,6.901212334632873535e-01
5.530486702919006348e-01,2.182709217071533203e+00,9.658875465393066406e-01
6.930115818977355957e-01,8.468270897865295410e-01,4.362697601318359375e-01
2.847357392311096191e-01,2.231236934661865234e+00,1.590794473886489868e-01
6.906538605690002441e-01,4.098770022392272949e-01,2.121623009443283081e-01
1.353081017732620239e-01,2.169429779052734375e+00,9.696348905563354492e-01
7.211506366729736328e-01,4.452685356140136719e+00,9.334751963615417480e-01
3.865860104560852051e-01,3.061175823211669922e+00,5.232726931571960449e-01
9.759247899055480957e-01,4.125657558441162109e+00,8.189491033554077148e-01
9.067921042442321777e-01,3.538492441177368164e+00,1.561673879623413086e-01
1.884623914957046509e-01,3.250226259231567383e+00,3.192628324031829834e-01
1.179584488272666931e-01,3.983269214630126953e+00,6.864838302135467529e-02
6.058227419853210449e-01,3.450471401214599609e+00,3.620693981647491455e-01
2.210725396871566772e-01,3.847001075744628906e+00,2.143095880746841431e-01
2.639845609664916992e-01,1.116357088088989258e+00,5.343482270836830139e-02
3.066645562648773193e-02,3.815060615539550781e+00,9.571080803871154785e-01
8.564884066581726074e-01,3.491909027099609375e+00,2.576649785041809082e-01
1.473617404699325562e-01,3.748093843460083008e+00,3.350576162338256836e-01
3.049936592578887939e-01,3.270454406738281250e+00,6.559706926345825195e-01
4.216525256633758545e-01,1.558857083320617676e+00,7.992967218160629272e-02
4.278606772422790527e-01,2.885303974151611328e+00,9.505043625831604004e-01
8.990961313247680664e-01,3.876923322677612305e-01,3.966524302959442139e-01
6.802348047494888306e-02,4.476257801055908203e+00,9.183201193809509277e-01
3.256001174449920654e-01,3.806709051132202148e+00,2.120832055807113647e-01
2.639475762844085693e-01,2.381944417953491211e+00,8.117944598197937012e-01
5.855810046195983887e-01,1.817813992500305176e+00,3.154104351997375488e-01
4.981901943683624268e-01,3.801118373870849609e+00,2.002066969871520996e-01
3.086377978324890137e-01,4.774030685424804688e+00,6.976265907287597656e-01
4.004807472229003906e-01,4.440834045410156250e+00,1.699554920196533203e-01
4.723975360393524170e-01,1.968110322952270508e+00,7.517556548118591309e-01
4.681865870952606201e-01,4.465464949607849121e-01,8.747324943542480469e-01
9.308018088340759277e-01,4.097359180450439453e+00,7.321855425834655762e-01
7.067384719848632812e-01,4.907561779022216797e+00,4.027382731437683105e-01
7.965873479843139648e-01,3.467633962631225586e+00,6.638441085815429688e-01
9.282003045082092285e-01,4.006647586822509766e+00,6.493119150400161743e-02
7.753480970859527588e-02,1.458027482032775879e+00,5.930335521697998047e-01
7.265185117721557617e-01,1.901592254638671875e+00,9.916942119598388672e-01
6.914476156234741211e-01,3.503636598587036133e+00,4.022530615329742432e-01
8.926156163215637207e-01,3.632549047470092773e+00,2.107840031385421753e-01
6.645982265472412109e-01,5.886789560317993164e-01,5.930157899856567383e-01
6.475718617439270020e-01,3.087333917617797852e+00,9.049772620201110840e-01
1.575304716825485229e-01,1.055528879165649414e+00,3.133973777294158936e-01
8.338740468025207520e-01,1.570552706718444824e+00,1.538139283657073975e-01
6.929900646209716797e-01,4.213766574859619141e+00,8.975927233695983887e-01
5.134850144386291504e-01,3.775182247161865234e+00,2.161632478237152100e-01
1.912992447614669800e-01,4.172461986541748047e+00,1.074848510324954987e-02
8.623099327087402344e-01,4.490443706512451172e+00,7.593103647232055664e-01
3.896302282810211182e-01,3.001206159591674805e+00,6.413273215293884277e-01
4.038332104682922363e-01,2.888180732727050781e+00,8.777796626091003418e-01
8.987235426902770996e-01,2.024228811264038086e+00,4.174297451972961426e-01
4.241021573543548584e-01,2.868408918380737305e+00,6.917495727539062500e-01
4.212455451488494873e-01,2.116985797882080078e+00,3.329108655452728271e-01
5.043386220932006836e-01,4.541136264801025391e+00,1.492919027805328369e-01
8.041149973869323730e-01,2.751487970352172852e+00,3.265885636210441589e-02
3.046064972877502441e-01,3.581316947937011719e+00,5.799284577369689941e-01
8.295655250549316406e-01,3.228778362274169922e+00,1.812459826469421387e-01
5.061081647872924805e-01,1.307396054267883301e+00,8.059095144271850586e-01
8.402855992317199707e-01,4.348505973815917969e+00,7.938500046730041504e-01
7.722609043121337891e-01,3.093431293964385986e-01,7.116115838289260864e-02
8.755229711532592773e-01,2.232597827911376953e+00,7.820545434951782227e-01
1.967729479074478149e-01,1.496870666742324829e-01,7.757298350334167480e-01
4.033406078815460205e-01,5.055254697799682617e-01,5.088253021240234375e-01
5.444348603487014771e-02,3.785031557083129883e+00,7.124561071395874023e-01
5.013267993927001953e-01,2.152527570724487305e+00,7.196338176727294922e-01
9.901714324951171875e-01,1.673528909683227539e+00,4.989953041076660156e-01
7.953364849090576172e-01,1.160319447517395020e+00,3.341028466820716858e-02
9.016528129577636719e-01,5.187960267066955566e-01,4.167296886444091797e-01
2.533029317855834961e-01,3.312689542770385742e+00,3.346878588199615479e-01
3.940979540348052979e-01,3.556731939315795898e-01,1.047693192958831787e-02
4.700063169002532959e-01,2.709880352020263672e+00,8.673749566078186035e-01
9.727035164833068848e-01,3.802952766418457031e+00,8.032364249229431152e-01
9.519662261009216309e-01,2.518289327621459961e+00,5.828798413276672363e-01
6.860460042953491211e-01,3.570693731307983398e+00,5.755490660667419434e-01
6.874709725379943848e-01,2.670773267745971680e+00,9.484550952911376953e-01
8.461179733276367188e-01,4.117476940155029297e+00,5.505403876304626465e-01
2.977265417575836182e-01,6.226779222488403320e-01,8.480367660522460938e-01
9.204993247985839844e-01,1.724646091461181641e+00,8.411765694618225098e-01
3.186999261379241943e-01,3.467352628707885742e+00,3.810861110687255859e-01
3.344035446643829346e-01,9.862510561943054199e-01,1.939508318901062012e-01
5.646976828575134277e-01,3.147121906280517578e+00,8.551671504974365234e-01
1.257870644330978394e-01,4.607511684298515320e-02,8.397037386894226074e-01
3.868039250373840332e-01,2.581413269042968750e+00,1.647836267948150635e-01
1.266522258520126343e-01,2.864101529121398926e-01,6.896751523017883301e-01
9.485687017440795898e-01,4.536611735820770264e-01,4.666599333286285400e-01
3.831250071525573730e-01,1.206200718879699707e+00,7.610123157501220703e-01
1.319725066423416138e-01,2.336207479238510132e-01,5.232595205307006836e-01
8.211995363235473633e-01,4.000113964080810547e+00,2.563803493976593018e-01
5.378023255616426468e-03,4.074763298034667969e+00,8.596676588058471680e-01
7.935838103294372559e-01,1.569310665130615234e+00,4.127585887908935547e-01
6.574839353561401367e-01,1.324039578437805176e+00,2.110052704811096191e-01
4.209718108177185059e-01,3.859297275543212891e+00,7.016831040382385254e-01
3.467213809490203857e-01,4.794833660125732422e+00,7.213376164436340332e-01
4.235486984252929688e-01,3.365791797637939453e+00,6.509582996368408203e-01
9.308677911758422852e-01,2.724995851516723633e+00,9.462263584136962891e-01
7.580590248107910156e-01,3.580080986022949219e+00,8.780636787414550781e-01
6.960290074348449707e-01,4.066323339939117432e-01,1.161854341626167297e-01
9.971164464950561523e-01,2.707111358642578125e+00,2.820406556129455566e-01
4.183019995689392090e-01,2.090199232101440430e+00,2.160747200250625610e-01
8.820163607597351074e-01,1.584371566772460938e+00,5.459840893745422363e-01
8.616349101066589355e-01,4.240960597991943359e+00,2.639059424400329590e-01
9.291840791702270508e-01,5.749784037470817566e-02,6.722688674926757812e-01
6.835014820098876953e-01,4.689329624176025391e+00,8.110546469688415527e-01
2.383843064308166504e-01,3.910881996154785156e+00,5.857260897755622864e-02
1.074499264359474182e-01,3.833159923553466797e+00,7.471373081207275391e-01
6.694503426551818848e-01,3.202687263488769531e+00,2.197384238243103027e-01
4.713373184204101562e-01,3.901410102844238281e+00,9.481356143951416016e-01
1.726357042789459229e-01,4.175950527191162109e+00,8.108285665512084961e-01
3.020556271076202393e-01,9.334376454353332520e-01,3.030300885438919067e-02
4.951592981815338135e-01,1.211781740188598633e+00,8.164873719215393066e-01
8.493533134460449219e-01,3.735740184783935547e-01,3.287824690341949463e-01
9.454861879348754883e-01,3.654243230819702148e+00,7.301244139671325684e-01
7.937294840812683105e-01,1.662329316139221191e+00,7.516120672225952148e-01
8.488002419471740723e-01,1.676169514656066895e+00,9.865572452545166016e-01
9.711346626281738281e-01,5.420609116554260254e-01,5.589873790740966797e-01
7.829158753156661987e-02,4.866273403167724609e+00,7.681096792221069336e-01
9.490380287170410156e-01,4.052616596221923828e+00,8.193136453628540039e-01
1.534183770418167114e-01,4.130806028842926025e-01,5.995368957519531250e-01
3.777818977832794189e-01,8.925669193267822266e-01,5.924069285392761230e-01
2.919905781745910645e-01,3.833083391189575195e+00,2.222208082675933838e-01
9.037396311759948730e-01,9.266750216484069824e-01,8.909821510314941406e-01
3.117316365242004395e-01,1.820257306098937988e+00,6.974217295646667480e-01
4.947678744792938232e-01,1.994248986244201660e+00,1.166743114590644836e-01
9.225105643272399902e-01,3.765419244766235352e+00,5.907968282699584961e-01
5.903762578964233398e-01,4.059230089187622070e-01,4.599544107913970947e-01
5.911424756050109863e-01,2.446242332458496094e+00,8.891442418098449707e-01
8.629501461982727051e-01,1.604389309883117676e+00,9.744359254837036133e-01
9.890227913856506348e-01,2.121913433074951172e+00,5.275433883070945740e-02
2.113960832357406616e-01,3.280393362045288086e+00,8.255990147590637207e-01
2.123582661151885986e-01,3.312386274337768555e+00,6.668601036071777344e-01
3.453548252582550049e-01,3.874028444290161133e+00,2.448620498180389404e-01
6.600789427757263184e-01,7.049044370651245117e-01,5.696637928485870361e-02
6.299277395009994507e-02,3.345213651657104492e+00,6.907519698143005371e-01
3.919745385646820068e-01,3.219332218170166016e+00,7.447401285171508789e-01
3.338231444358825684e-01,3.572480201721191406e+00,2.525783181190490723e-01
5.141046643257141113e-01,4.915017604827880859e+00,5.466257929801940918e-01
3.253411352634429932e-01,1.764211773872375488e+00,4.236055612564086914e-01
2.179109752178192139e-01,2.936239480972290039e+00,5.887044668197631836e-01
7.253830432891845703e-01,4.163491353392601013e-02,6.179869771003723145e-01
4.573937952518463135e-01,4.154924750328063965e-01,6.431463360786437988e-01
7.667408585548400879e-01,2.488942623138427734e+00,5.134919658303260803e-03
8.907385170459747314e-02,3.846490144729614258e+00,4.235292673110961914e-01
1.321531385183334351e-01,3.942986965179443359e+00,7.705195546150207520e-01
6.201378703117370605e-01,2.672091960906982422e+00,4.977506399154663086e-01
6.617253422737121582e-01,7.483325004577636719e-01,3.049781322479248047e-01
6.609959602355957031e-01,7.399924844503402710e-02,4.432772397994995117e-01
7.343543767929077148e-01,1.023878574371337891e+00,6.317270994186401367e-01
6.757003813982009888e-02,2.278371334075927734e+00,9.719421267509460449e-01
7.248735427856445312e-01,4.411052703857421875e+00,8.978703618049621582e-01
5.062304139137268066e-01,2.547871351242065430e+00,2.499650418758392334e-01
4.397897422313690186e-01,1.974360704421997070e+00,6.811455488204956055e-01
1.661262707784771919e-03,2.940134286880493164e+00,6.682527661323547363e-01
4.684941172599792480e-01,2.282029837369918823e-01,4.350867271423339844e-01
9.694290757179260254e-01,6.872592568397521973e-01,2.661111652851104736e-01
2.783508300781250000e-01,7.630503177642822266e-01,2.148233912885189056e-02
3.999353051185607910e-01,2.547741889953613281e+00,5.770585536956787109e-01
1.496065258979797363e-01,3.113160610198974609e+00,7.537807822227478027e-01
1.308627724647521973e-01,4.086193561553955078e+00,6.699009537696838379e-01
3.009492456912994385e-01,9.184592962265014648e-01,1.269288063049316406e-01
7.837677597999572754e-01,4.759525299072265625e+00,1.309859305620193481e-01
7.890255004167556763e-02,4.944125652313232422e+00,8.300800323486328125e-01
5.067909955978393555e-01,4.967453479766845703e+00,3.708752691745758057e-01
6.721384525299072266e-01,4.054646968841552734e+00,1.064028367400169373e-01
9.358740448951721191e-01,4.833879768848419189e-01,4.466078877449035645e-01
6.576849222183227539e-01,1.604906320571899414e+00,4.830928444862365723e-01
2.169477492570877075e-01,2.246197223663330078e+00,6.135580539703369141e-01
6.063970327377319336e-01,3.528052330017089844e+00,3.206922709941864014e-01
1.228336170315742493e-01,6.619918942451477051e-01,8.059936761856079102e-01
9.444066882133483887e-01,4.277875423431396484e+00,7.390930652618408203e-01
2.734226286411285400e-01,3.621050596237182617e+00,2.921429872512817383e-01
6.042757034301757812e-01,4.460231304168701172e+00,8.979001641273498535e-01
6.918316483497619629e-01,7.861977219581604004e-01,9.269787073135375977e-01
6.036000847816467285e-01,4.744516849517822266e+00,1.286654919385910034e-01
4.951879382133483887e-01,1.378436446189880371e+00,8.885863423347473145e-01
3.131653666496276855e-01,5.014558508992195129e-02,3.030233085155487061e-01
8.101946711540222168e-01,1.192504882812500000e+00,9.211169481277465820e-01
1.917826533317565918e-01,2.190144062042236328e+00,7.713353037834167480e-01
1.572407484054565430e-01,1.353632330894470215e+00,4.431668817996978760e-01
1.510872691869735718e-01,2.845119237899780273e+00,4.896430075168609619e-01
9.945828914642333984e-01,4.587158203125000000e+00,5.868062973022460938e-01
7.472941875457763672e-01,2.456366457045078278e-02,2.464465796947479248e-01
3.753151893615722656e-01,1.691283106803894043e+00,9.670291095972061157e-02
6.174682453274726868e-02,7.845360040664672852e-01,3.137956932187080383e-02
8.710001707077026367e-01,3.434843540191650391e+00,5.662157535552978516e-01
5.211029648780822754e-01,3.101480722427368164e+00,8.815447688102722168e-01
6.458318829536437988e-01,2.863438367843627930e+00,6.388048529624938965e-01
6.173067092895507812e-01,3.173325538635253906e+00,2.166047543287277222e-01
2.395102530717849731e-01,3.643356263637542725e-01,6.663006544113159180e-01
5.986879467964172363e-01,6.065608859062194824e-01,7.127394676208496094e-01
7.374755144119262695e-01,3.927457809448242188e+00,7.211761474609375000e-01
3.755227923393249512e-01,4.050448417663574219e+00,1.842408478260040283e-01
5.768395066261291504e-01,3.144215106964111328e+00,9.410199522972106934e-01
9.815391898155212402e-01,2.457712650299072266e+00,7.808817625045776367e-01
6.850607991218566895e-01,4.910559177398681641e+00,5.326318740844726562e-01
2.556946873664855957e-01,2.491868287324905396e-01,2.773205339908599854e-01
7.127431631088256836e-01,1.924637913703918457e+00,7.078493237495422363e-01
2.020824551582336426e-01,2.131128072738647461e+00,3.259125649929046631e-01
1.867245733737945557e-01,1.645953774452209473e+00,9.468968510627746582e-01
6.096694469451904297e-01,3.615847349166870117e+00,1.812908984720706940e-02
1.625725030899047852e-01,3.257190287113189697e-01,6.024626642465591431e-02
4.330148696899414062e-01,1.903700590133666992e+00,5.398482084274291992e-01
4.302808940410614014e-01,1.979704499244689941e+00,7.051769495010375977e-01
1.598994135856628418e-01,5.962941646575927734e-01,8.808160424232482910e-01
6.911567449569702148e-01,6.845989078283309937e-02,3.606854975223541260e-01
8.633216023445129395e-01,1.593885540962219238e+00,4.830011427402496338e-01
