omega,lambda_p,pi_bar
3.312705159187316895e-01,3.346017599105834961e+00,9.274134412407875061e-03
3.333936631679534912e-01,5.447751656174659729e-02,2.038465812802314758e-02
1.734656095504760742e-01,7.424985617399215698e-02,9.013354778289794922e-03
3.011923432350158691e-01,4.965830326080322266e+00,1.220951322466135025e-02
1.261852234601974487e-01,4.983586311340332031e+00,6.128151435405015945e-03
3.602425456047058105e-01,2.847427606582641602e+00,3.302358789369463921e-03
8.914136886596679688e-02,2.702598333358764648e+00,9.930574335157871246e-03
1.250916570425033569e-01,9.918834269046783447e-02,2.270556427538394928e-02
1.102401167154312134e-01,1.275071650743484497e-01,2.166685648262500763e-03
3.425456881523132324e-01,4.315171718597412109e+00,6.119070574641227722e-03
1.819156259298324585e-01,1.716535985469818115e-01,8.177401614375412464e-04
3.539948165416717529e-01,1.758839964866638184e+00,1.258896011859178543e-02
1.577549278736114502e-01,2.333020210266113281e+00,2.095280215144157410e-02
1.835342496633529663e-01,4.930562019348144531e+00,1.197484694421291351e-02
3.654223382472991943e-01,4.278953552246093750e+00,8.046165108680725098e-03
1.329319477081298828e-01,3.176451921463012695e+00,2.428368665277957916e-02
3.592863380908966064e-01,4.971317768096923828e+00,9.142333641648292542e-03
9.137019515037536621e-02,3.238756656646728516e+00,6.030673161149024963e-03
3.291578590869903564e-01,2.814957201480865479e-01,7.454369217157363892e-03
3.460701406002044678e-01,3.085076332092285156e+00,1.917130872607231140e-02
9.749000072479248047e-01,3.943132877349853516e+00,7.623570971190929413e-03
1.627229154109954834e-01,3.249399423599243164e+00,1.280628610402345657e-02
9.595306515693664551e-01,4.463677883148193359e+00,2.216655993834137917e-03
1.351034343242645264e-01,3.351953029632568359e+00,1.911651715636253357e-02
1.534413546323776245e-01,4.236662864685058594e+00,2.203799225389957428e-02
1.047001555562019348e-01,3.133538007736206055e+00,1.340172369964420795e-03
6.221731305122375488e-01,7.211981713771820068e-02,1.298225950449705124e-02
1.129357516765594482e-01,3.447668075561523438e+00,1.138802850618958473e-03
1.138343438506126404e-01,1.829893946647644043e+00,8.217418566346168518e-03
2.319010049104690552e-01,1.517939120531082153e-01,1.157575100660324097e-02
1.476681530475616455e-01,4.004666507244110107e-01,6.923728156834840775e-03
3.489901721477508545e-01,3.093090534210205078e+00,4.872887860983610153e-03
1.673796176910400391e-01,3.431375026702880859e+00,8.705221116542816162e-03
2.330549955368041992e-01,4.987176418304443359e+00,6.339781917631626129e-03
2.299908697605133057e-01,7.903278619050979614e-02,9.600276127457618713e-03
1.011585742235183716e-01,3.205351114273071289e+00,1.770815998315811157e-02
3.717777729034423828e-01,4.931844234466552734e+00,2.543905936181545258e-02
2.982248961925506592e-01,2.846477508544921875e+00,1.142353098839521408e-02
1.728205829858779907e-01,3.153792381286621094e+00,1.313894335180521011e-02
1.386218369007110596e-01,4.080588817596435547e+00,1.675200089812278748e-02
2.821025848388671875e-01,3.056244373321533203e+00,1.704561524093151093e-02
3.134440779685974121e-01,4.825174212455749512e-01,7.984189316630363464e-03
3.278377056121826172e-01,7.539401203393936157e-02,1.807785965502262115e-02
5.400481224060058594e-01,2.965729236602783203e+00,1.018134970217943192e-02
1.735704839229583740e-01,6.102881580591201782e-02,8.734771981835365295e-03
3.388309180736541748e-01,2.207282543182373047e+00,6.642067339271306992e-03
3.415043652057647705e-01,1.536866426467895508e+00,1.165609341114759445e-02
3.628398776054382324e-01,4.678890109062194824e-02,1.778173074126243591e-02
2.240829765796661377e-01,3.019732952117919922e+00,4.059816244989633560e-03
3.465498983860015869e-01,3.398839235305786133e+00,4.877966828644275665e-03
2.896915972232818604e-01,2.407431602478027344e+00,1.392020564526319504e-02
4.835465848445892334e-01,5.642318129539489746e-01,1.145210769027471542e-02
1.335190236568450928e-01,2.059024810791015625e+00,6.540587171912193298e-03
1.428689360618591309e-01,3.507817506790161133e+00,2.116202190518379211e-02
4.680098593235015869e-01,5.567893385887145996e-02,9.517778642475605011e-03
3.666514754295349121e-01,4.761869907379150391e+00,9.840277954936027527e-03
1.321821808815002441e-01,4.924080848693847656e+00,6.201054900884628296e-03
1.267428249120712280e-01,4.304274559020996094e+00,1.345046330243349075e-02
2.857999503612518311e-01,1.211616545915603638e-01,2.312184777110815048e-03
3.514972627162933350e-01,4.109259128570556641e+00,1.908953115344047546e-02
1.464066952466964722e-01,3.171724796295166016e+00,7.841357728466391563e-04
3.043375611305236816e-01,1.377968788146972656e-01,8.958663791418075562e-03
3.314691185951232910e-01,3.843946933746337891e+00,1.351962145417928696e-02
3.069286644458770752e-01,4.920807838439941406e+00,3.417690983042120934e-03
1.710897535085678101e-01,9.228870272636413574e-02,1.060450822114944458e-02
1.511455476284027100e-01,4.772617816925048828e+00,1.136288861744105816e-03
2.272018790245056152e-01,4.849119186401367188e+00,2.557865902781486511e-02
3.375950455665588379e-01,2.519534230232238770e-01,2.839957736432552338e-02
3.049916326999664307e-01,4.328274726867675781e+00,1.795344636775553226e-03
8.361919969320297241e-02,2.579951524734497070e+00,1.937847584486007690e-02
2.837788760662078857e-01,3.064896821975708008e+00,3.021323867142200470e-02
3.762497603893280029e-01,4.900729179382324219e+00,5.678058601915836334e-03
1.370463669300079346e-01,3.002839088439941406e+00,1.083522383123636246e-02
3.441810607910156250e-01,4.897407054901123047e+00,8.900280110538005829e-03
7.610152959823608398e-01,4.815079212188720703e+00,9.719148278236389160e-03
1.300490498542785645e-01,4.880099296569824219e+00,8.655045181512832642e-03
3.277044892311096191e-01,3.654191195964813232e-01,5.832382012158632278e-03
2.593976557254791260e-01,1.960642635822296143e-01,3.958028741180896759e-03
9.610842466354370117e-01,2.564443349838256836e+00,1.025517657399177551e-02
3.164284825325012207e-01,3.076494693756103516e+00,8.414940908551216125e-03
3.537807166576385498e-01,4.837542057037353516e+00,7.516293320804834366e-03
1.155921518802642822e-01,2.965453863143920898e+00,1.144697703421115875e-02
1.288370937108993530e-01,4.766596794128417969e+00,5.268752109259366989e-03
1.650733053684234619e-01,4.099977970123291016e+00,6.287964526563882828e-03
1.992615759372711182e-01,4.972451210021972656e+00,2.808626182377338409e-02
1.393078118562698364e-01,2.951641082763671875e+00,4.576913081109523773e-03
3.429869115352630615e-01,4.412667751312255859e-01,7.418610039167106152e-04
2.211902737617492676e-01,6.587601453065872192e-02,1.702689006924629211e-02
1.698044240474700928e-01,1.335638016462326050e-01,2.560087479650974274e-03
6.312753558158874512e-01,3.999697923660278320e+00,1.085446309298276901e-02
2.867994904518127441e-01,3.193827629089355469e+00,1.933158375322818756e-02
8.786725997924804688e-01,4.286276817321777344e+00,7.417378481477499008e-03
1.900253444910049438e-01,4.142303943634033203e+00,5.503520835191011429e-03
6.870575249195098877e-02,2.993128776550292969e+00,7.752088276902213693e-05
1.063264086842536926e-01,3.243148326873779297e+00,6.656842771917581558e-03
1.389483213424682617e-01,4.866827964782714844e+00,1.580312661826610565e-02
3.480634689331054688e-01,1.797064393758773804e-02,4.494672175496816635e-03
1.668045073747634888e-01,1.876903176307678223e+00,1.070131920278072357e-02
1.368245482444763184e-01,3.807811021804809570e+00,1.735010766424238682e-03
2.943423688411712646e-01,2.157399415969848633e+00,2.081417711451649666e-03
1.871004998683929443e-01,7.151663303375244141e-02,1.702637644484639168e-03
1.703377664089202881e-01,3.036177396774291992e+00,1.973596587777137756e-02
3.482239544391632080e-01,3.180850744247436523e+00,9.896302595734596252e-03
1.519041955471038818e-01,2.394802808761596680e+00,6.771559361368417740e-03
8.265134692192077637e-02,4.832028388977050781e+00,2.207708545029163361e-02
7.650297135114669800e-02,2.235470771789550781e+00,2.638069912791252136e-03
1.296391338109970093e-01,4.952137947082519531e+00,1.197253819555044174e-02
1.111525967717170715e-01,4.335601806640625000e+00,1.817590184509754181e-02
1.664153337478637695e-01,4.774555563926696777e-02,3.268703073263168335e-02
1.422313004732131958e-01,2.899215221405029297e+00,4.292635712772607803e-03
3.330818414688110352e-01,4.080556333065032959e-01,3.399118781089782715e-03
3.014985918998718262e-01,4.539577484130859375e+00,1.676113344728946686e-03
1.202568709850311279e-01,2.967783927917480469e+00,1.177922356873750687e-02
2.999487817287445068e-01,4.384699344635009766e+00,2.773103071376681328e-03
8.672699928283691406e-01,4.716438770294189453e+00,2.156865969300270081e-02
2.649421989917755127e-01,4.891031265258789062e+00,6.805522833019495010e-03
5.594413280487060547e-01,2.353284358978271484e+00,1.640154048800468445e-02
3.593109250068664551e-01,2.018410682678222656e+00,8.454034104943275452e-03
3.171252310276031494e-01,5.448006391525268555e-01,9.745467454195022583e-03
1.234058812260627747e-01,3.290203809738159180e+00,5.468018352985382080e-04
1.436298340559005737e-01,3.536706447601318359e+00,1.049343403428792953e-02
7.239085435867309570e-01,1.448410153388977051e+00,8.005531853996217251e-04
2.526161074638366699e-01,4.065774917602539062e+00,3.290045773610472679e-03
1.556816846132278442e-01,3.442401409149169922e+00,5.345144309103488922e-03
8.081654459238052368e-02,4.965525627136230469e+00,6.716356147080659866e-03
2.250065803527832031e-01,4.359892368316650391e+00,1.110108289867639542e-02
1.039075478911399841e-01,6.590978503227233887e-01,1.357549149543046951e-02
1.414379775524139404e-01,4.166624546051025391e+00,1.897024735808372498e-02
1.654282957315444946e-01,4.999750137329101562e+00,1.391681958921253681e-03
2.978265881538391113e-01,2.758098602294921875e+00,1.360047701746225357e-02
6.376289129257202148e-01,6.370119005441665649e-02,9.953250177204608917e-03
3.727250099182128906e-01,3.095132112503051758e+00,1.317218877375125885e-02
1.412765830755233765e-01,2.385363355278968811e-02,1.809756085276603699e-02
9.964438676834106445e-01,2.814717531204223633e+00,7.556208409368991852e-03
3.142257332801818848e-01,5.787700042128562927e-02,7.479354273527860641e-03
1.502796411514282227e-01,4.852588653564453125e+00,1.211501075886189938e-03
7.602556049823760986e-02,2.976708173751831055e+00,3.926676511764526367e-02
1.801231354475021362e-01,6.456329226493835449e-01,1.332056056708097458e-02
1.601380258798599243e-01,4.908545017242431641e+00,1.836080336943268776e-03
3.260360062122344971e-01,4.142295837402343750e+00,6.181661970913410187e-03
3.290441334247589111e-01,2.694537401199340820e+00,5.026185419410467148e-03
2.847861647605895996e-01,1.972026079893112183e-01,5.111042410135269165e-03
3.034009039402008057e-01,3.878544092178344727e+00,1.992589421570301056e-02
1.097491607069969177e-01,4.973756313323974609e+00,1.567132584750652313e-02
3.534698784351348877e-01,1.584302425384521484e+00,1.607955433428287506e-02
8.331806957721710205e-02,4.829551696777343750e+00,1.996806636452674866e-02
3.117901086807250977e-01,5.920441746711730957e-01,2.180347964167594910e-02
3.608058393001556396e-01,4.485370159149169922e+00,1.914011687040328979e-02
3.458155095577239990e-01,4.179192543029785156e+00,2.000818727537989616e-03
1.920222640037536621e-01,3.280248880386352539e+00,6.502519361674785614e-03
3.409266769886016846e-01,3.454501390457153320e+00,1.526397000998258591e-02
3.482571542263031006e-01,3.268034458160400391e+00,9.144950658082962036e-03
3.955541253089904785e-01,3.082052230834960938e+00,6.075667217373847961e-03
6.317861378192901611e-02,3.274161577224731445e+00,1.470475178211927414e-02
6.847989559173583984e-02,4.399739742279052734e+00,9.704578667879104614e-03
3.740350604057312012e-01,4.086857318878173828e+00,9.116989560425281525e-03
1.330169737339019775e-01,3.016127109527587891e+00,5.819761194288730621e-03
3.562366664409637451e-01,4.908733367919921875e+00,6.783256772905588150e-03
3.277751207351684570e-01,4.804206371307373047e+00,4.840617533773183823e-03
1.407966017723083496e-01,3.233927726745605469e+00,1.434213249012827873e-03
1.613922715187072754e-01,7.951308488845825195e-01,2.391624450683593750e-02
4.068428277969360352e-01,3.134091854095458984e+00,2.769409038592129946e-04
1.566735506057739258e-01,4.983093738555908203e+00,2.516632666811347008e-03
5.617862939834594727e-02,4.321105957031250000e+00,9.367560036480426788e-03
1.682956963777542114e-01,3.284523248672485352e+00,7.256282959133386612e-03
8.065760135650634766e-02,3.320802927017211914e+00,2.464969176799058914e-03
8.512292057275772095e-02,7.817544043064117432e-02,1.004539313726127148e-03
3.239330351352691650e-01,3.042872428894042969e+00,9.532041847705841064e-03
3.195950686931610107e-01,2.458026170730590820e+00,4.725541919469833374e-03
3.696492314338684082e-01,4.421189308166503906e+00,4.976522759534418583e-04
3.362254798412322998e-01,2.917783260345458984e+00,1.313268393278121948e-02
3.121748268604278564e-01,1.340051274746656418e-02,1.769574545323848724e-02
3.595685064792633057e-01,4.857648849487304688e+00,1.513170660473406315e-03
9.311456233263015747e-02,4.111901760101318359e+00,2.317192032933235168e-02
1.551349759101867676e-01,4.715878009796142578e+00,1.232079230248928070e-02
5.076020210981369019e-02,4.925837039947509766e+00,1.917284913361072540e-02
6.818858385086059570e-01,3.252370595932006836e+00,2.704852819442749023e-02
8.019924908876419067e-02,3.825779914855957031e+00,7.395009743049740791e-04
3.514279425144195557e-01,4.828299045562744141e+00,6.793107371777296066e-03
1.059585064649581909e-01,5.079208314418792725e-02,1.391102280467748642e-02
1.406965553760528564e-01,1.543861180543899536e-01,7.502749096602201462e-03
2.409758865833282471e-01,3.208151340484619141e+00,8.258975110948085785e-03
2.448723614215850830e-01,3.275806665420532227e+00,4.128050990402698517e-03
1.582437753677368164e-01,4.361116886138916016e+00,1.725401356816291809e-02
1.038692072033882141e-01,4.914259433746337891e+00,5.966696888208389282e-03
1.775765269994735718e-01,1.591141581535339355e+00,1.312031969428062439e-02
2.153667062520980835e-01,4.943145275115966797e+00,2.377053909003734589e-02
2.265213280916213989e-01,4.988170146942138672e+00,1.662620343267917633e-02
1.163098290562629700e-01,4.395608901977539062e+00,1.529444474726915359e-02
3.193395733833312988e-01,4.390970617532730103e-02,1.698148623108863831e-02
3.478924930095672607e-01,2.739717245101928711e+00,2.965945936739444733e-02
1.609831452369689941e-01,4.194046497344970703e+00,7.534968201071023941e-03
5.505312085151672363e-01,4.181727021932601929e-02,8.628315292298793793e-03
3.374604284763336182e-01,4.157925605773925781e+00,2.594769233837723732e-03
2.120893597602844238e-01,2.948991358280181885e-01,2.334640733897686005e-02
3.315803110599517822e-01,3.959273099899291992e+00,1.034839637577533722e-02
7.002065330743789673e-02,4.296701908111572266e+00,6.898897117935121059e-04
1.328901946544647217e-01,9.381265193223953247e-02,3.348737955093383789e-03
1.925937831401824951e-01,4.827817916870117188e+00,6.005636882036924362e-03
3.056754469871520996e-01,2.193672657012939453e+00,1.485902443528175354e-02
3.626945018768310547e-01,4.831117093563079834e-01,1.881500147283077240e-02
3.433660268783569336e-01,1.695928454399108887e+00,8.706246502697467804e-03
1.706622540950775146e-01,1.562268376350402832e+00,6.925370078533887863e-03
1.531247198581695557e-01,4.880617618560791016e+00,7.665640674531459808e-03
9.809041023254394531e-01,4.744872093200683594e+00,1.268325746059417725e-02
1.808759570121765137e-01,4.759281635284423828e+00,1.629518717527389526e-02
1.029051467776298523e-01,4.257576942443847656e+00,8.220804855227470398e-03
7.230630517005920410e-02,4.855129241943359375e+00,4.625959787517786026e-03
1.182542070746421814e-01,3.439384698867797852e+00,9.983724914491176605e-03
1.363907605409622192e-01,8.458402007818222046e-02,6.265288218855857849e-03
9.774446487426757812e-02,3.076854467391967773e+00,3.565652761608362198e-03
3.495651483535766602e-01,4.859782218933105469e+00,3.841875353828072548e-03
1.514678895473480225e-01,3.604393243789672852e+00,4.307257477194070816e-03
1.184044852852821350e-01,4.770017623901367188e+00,3.336512297391891479e-02
1.616771668195724487e-01,4.861850738525390625e+00,3.397630993276834488e-03
3.763107061386108398e-01,5.284144282341003418e-01,9.125813841819763184e-03
1.034143790602684021e-01,4.892141819000244141e+00,5.379313137382268906e-03
2.567612528800964355e-01,4.962892055511474609e+00,8.956868201494216919e-03
1.480778902769088745e-01,3.206422567367553711e+00,9.268234483897686005e-03
6.375064700841903687e-02,3.949865579605102539e+00,4.343734588474035263e-03
1.851178109645843506e-01,1.232937425374984741e-01,1.965367235243320465e-03
3.033984899520874023e-01,4.914455890655517578e+00,1.350464019924402237e-02
1.239829584956169128e-01,1.236692592501640320e-01,1.445110328495502472e-02
1.273277401924133301e-01,4.257408142089843750e+00,9.716737084090709686e-03
9.649242758750915527e-01,1.989003539085388184e+00,1.372627541422843933e-02
3.026915788650512695e-01,1.013894826173782349e-01,9.206002578139305115e-03
1.471457928419113159e-01,5.015677809715270996e-01,5.692731356248259544e-04
3.315437734127044678e-01,4.152126789093017578e+00,1.924980431795120239e-02
3.612836301326751709e-01,2.935749053955078125e+00,4.218705929815769196e-03
1.475980579853057861e-01,2.132878303527832031e+00,1.494280435144901276e-02
4.145805537700653076e-01,8.222302794456481934e-01,1.013661175966262817e-02
3.219293355941772461e-01,1.922886133193969727e+00,8.020204491913318634e-03
7.553214579820632935e-02,3.310332298278808594e+00,7.463655434548854828e-03
2.623286247253417969e-01,4.919272899627685547e+00,5.247922614216804504e-03
3.280188143253326416e-01,2.620273351669311523e+00,9.894866496324539185e-03
9.957498311996459961e-02,3.547104358673095703e+00,1.067438442260026932e-02
2.628488242626190186e-01,9.906031936407089233e-02,8.169192820787429810e-03
1.111656576395034790e-01,1.992401778697967529e-01,2.975037088617682457e-03
2.102433890104293823e-01,4.071956634521484375e+00,6.130152381956577301e-03
3.271289169788360596e-01,8.537231385707855225e-02,2.050984092056751251e-02
3.231711685657501221e-01,3.102764129638671875e+00,1.446115877479314804e-02
3.422338366508483887e-01,3.118832826614379883e+00,6.512882653623819351e-03
1.443725675344467163e-01,3.947833776473999023e+00,1.497471611946821213e-02
1.523628532886505127e-01,3.492386579513549805e+00,9.665946476161479950e-03
3.120844960212707520e-01,4.810814857482910156e+00,2.278036624193191528e-02
1.444818973541259766e-01,4.894991874694824219e+00,7.776304148137569427e-03
9.152054041624069214e-02,4.879968643188476562e+00,5.060148891061544418e-03
1.798886805772781372e-01,1.675774335861206055e+00,3.943355288356542587e-03
3.771142065525054932e-01,4.975899696350097656e+00,1.091746427118778229e-02
2.952029407024383545e-01,4.979877471923828125e+00,1.211039372719824314e-03
3.429707884788513184e-01,3.217170238494873047e+00,2.034710347652435303e-02
1.365078687667846680e-01,3.947173833847045898e+00,6.224911659955978394e-03
7.146319746971130371e-02,4.334163665771484375e+00,2.594584412872791290e-02
1.628428548574447632e-01,2.971477985382080078e+00,1.337104383856058121e-02
9.583399891853332520e-01,1.657767891883850098e+00,1.081239338964223862e-02
1.485425233840942383e-01,3.281376838684082031e+00,4.609029274433851242e-03
2.275385558605194092e-01,4.701750755310058594e+00,5.734493024647235870e-03
2.582020759582519531e-01,4.930249214172363281e+00,1.402748376131057739e-02
2.267974764108657837e-01,4.815269470214843750e+00,2.469607070088386536e-02
3.203600049018859863e-01,3.918381214141845703e+00,1.719301380217075348e-02
3.082388639450073242e-01,4.874126613140106201e-01,7.069740240694954991e-05
3.176128268241882324e-01,4.803410530090332031e+00,6.108245346695184708e-03
5.738642811775207520e-01,6.957189440727233887e-01,5.544974934309720993e-03
1.476031988859176636e-01,4.878659248352050781e+00,8.744520135223865509e-03
3.723391294479370117e-01,4.977918148040771484e+00,7.112425751984119415e-03
3.653892874717712402e-01,4.944950103759765625e+00,1.046762801706790924e-02
2.927861511707305908e-01,1.985667586326599121e+00,7.137564942240715027e-03
1.362649500370025635e-01,2.885039567947387695e+00,1.097743958234786987e-02
3.403480648994445801e-01,1.379536032676696777e+00,8.343114517629146576e-03
1.469673961400985718e-01,5.861914530396461487e-02,1.754578202962875366e-02
1.652484536170959473e-01,4.618578433990478516e+00,4.876376595348119736e-03
1.546119302511215210e-01,4.913576602935791016e+00,2.912548370659351349e-04
1.049136444926261902e-01,3.302292823791503906e+00,4.249642603099346161e-03
3.285777270793914795e-01,3.937603712081909180e+00,6.606205366551876068e-03
3.128883838653564453e-01,1.021938472986221313e-01,1.002779603004455566e-02
1.605331599712371826e-01,1.551178395748138428e-01,1.111406274139881134e-02
3.255299329757690430e-01,2.375900506973266602e+00,3.285890072584152222e-02
1.172637939453125000e-01,3.896528959274291992e+00,1.409397367388010025e-02
1.259166300296783447e-01,3.251871824264526367e+00,2.089811116456985474e-02
3.344517350196838379e-01,2.405313491821289062e+00,2.186899539083242416e-03
3.377549350261688232e-01,4.746716976165771484e+00,6.939581129699945450e-03
3.434922695159912109e-01,2.131362438201904297e+00,7.376232650130987167e-03
1.494386643171310425e-01,1.387351155281066895e+00,9.958329610526561737e-03
3.260482251644134521e-01,3.302685976028442383e+00,4.582813009619712830e-03
1.666156500577926636e-01,4.971008300781250000e+00,2.875147387385368347e-03
1.672891080379486084e-01,3.467236086726188660e-02,3.638505004346370697e-03
1.053752377629280090e-01,4.866568565368652344e+00,2.797010820358991623e-03
1.245145425200462341e-01,4.966413974761962891e+00,3.069231752306222916e-03
1.471616476774215698e-01,4.925570964813232422e+00,2.007806301116943359e-02
1.417806297540664673e-01,4.916161060333251953e+00,8.880578912794589996e-03
2.781073451042175293e-01,2.168665826320648193e-01,6.096702069044113159e-03
3.793511390686035156e-01,3.641590356826782227e+00,2.800207212567329407e-02
1.318662315607070923e-01,1.082653626799583435e-01,1.830416359007358551e-02
2.191732078790664673e-01,4.773873329162597656e+00,4.236303269863128662e-03
1.445305347442626953e-01,2.692129135131835938e+00,5.381108727306127548e-03
7.171773910522460938e-01,2.992556810379028320e+00,8.695164695382118225e-03
9.429725259542465210e-02,3.420264244079589844e+00,7.241455838084220886e-03
3.227539360523223877e-01,1.230800896883010864e-01,2.180578745901584625e-02
1.610085070133209229e-01,3.267413616180419922e+00,4.899052903056144714e-03
3.555096387863159180e-01,3.311381340026855469e+00,3.358793677762150764e-03
1.809817701578140259e-01,5.206118151545524597e-02,3.431656211614608765e-02
2.912800610065460205e-01,3.141611814498901367e+00,3.054522909224033356e-02
1.571044027805328369e-01,3.208999395370483398e+00,2.123882435262203217e-02
2.264717370271682739e-01,4.988846778869628906e+00,2.442703116685152054e-03
3.662741482257843018e-01,3.050908565521240234e+00,1.717854477465152740e-02
3.297364413738250732e-01,3.250908136367797852e+00,2.266995795071125031e-02
3.429467678070068359e-01,4.417795658111572266e+00,1.106224581599235535e-02
3.185499012470245361e-01,5.559930205345153809e-01,9.771428303793072701e-04
1.072748154401779175e-01,3.715652942657470703e+00,5.177635699510574341e-03
1.511959135532379150e-01,4.958925247192382812e+00,2.965201996266841888e-02
4.060134589672088623e-01,4.019370555877685547e+00,2.359400130808353424e-02
1.624434739351272583e-01,1.518434733152389526e-01,2.565217902883887291e-03
7.129639983177185059e-01,3.943362712860107422e+00,1.465303706936538219e-03
1.832614392042160034e-01,9.171149879693984985e-02,1.785602048039436340e-02
8.594955503940582275e-02,2.969173192977905273e+00,9.052140521816909313e-04
3.461082279682159424e-01,3.782834053039550781e+00,7.531274575740098953e-03
6.493964195251464844e-01,2.021907567977905273e+00,8.690239861607551575e-03
2.401514649391174316e-01,2.814045190811157227e+00,9.551332332193851471e-03
6.179335713386535645e-01,4.860566139221191406e+00,7.041830569505691528e-03
3.441841602325439453e-01,4.910967350006103516e+00,8.321053348481655121e-03
3.509125709533691406e-01,4.990219593048095703e+00,9.153004735708236694e-03
6.077792122960090637e-02,4.256317138671875000e+00,1.067618001252412796e-02
3.431370258331298828e-01,4.485622406005859375e+00,1.577506400644779205e-02
2.458887845277786255e-01,3.156442403793334961e+00,1.012547872960567474e-02
3.538139462471008301e-01,4.413687229156494141e+00,1.003908272832632065e-02
9.122321605682373047e-01,4.678879737854003906e+00,1.010259706526994705e-02
3.393949568271636963e-01,3.908427238464355469e+00,2.533203922212123871e-03
2.032265514135360718e-01,9.598268568515777588e-02,2.067047357559204102e-02
3.402605056762695312e-01,2.503949701786041260e-01,1.513663213700056076e-02
3.148255050182342529e-01,3.166476964950561523e+00,7.147158496081829071e-03
1.232803761959075928e-01,3.316542148590087891e+00,1.940279453992843628e-02
3.339751362800598145e-01,1.567411661148071289e+00,1.918028853833675385e-02
2.043614387512207031e-01,3.533263683319091797e+00,5.441955756396055222e-03
1.531958729028701782e-01,4.036808490753173828e+00,2.128114923834800720e-02
1.616491526365280151e-01,5.218761563301086426e-01,3.097346518188714981e-03
1.162279248237609863e-01,3.321307659149169922e+00,1.009792834520339966e-02
2.606908082962036133e-01,3.956157684326171875e+00,7.818784215487539768e-04
1.302194595336914062e-01,3.350520372390747070e+00,7.647632621228694916e-03
1.224205121397972107e-01,4.015536308288574219e+00,3.661694470793008804e-03
8.746702969074249268e-02,3.543385744094848633e+00,5.524453008547425270e-04
9.746081382036209106e-02,3.581445217132568359e+00,1.780609972774982452e-02
2.170383483171463013e-01,7.285308092832565308e-02,1.143240649253129959e-02
3.625443875789642334e-01,4.315195560455322266e+00,1.598151214420795441e-02
3.338869214057922363e-01,2.125272989273071289e+00,1.609633117914199829e-02
7.941450476646423340e-01,2.138450384140014648e+00,1.014179363846778870e-02
3.167634308338165283e-01,3.429858922958374023e+00,2.746476093307137489e-03
3.012782037258148193e-01,2.897920370101928711e+00,1.250748895108699799e-02
3.362272977828979492e-01,4.099564075469970703e+00,1.917541399598121643e-02
3.480261564254760742e-01,3.161378860473632812e+00,2.002624608576297760e-02
8.387179672718048096e-02,3.559735774993896484e+00,1.991994306445121765e-02
1.347742825746536255e-01,3.305926322937011719e+00,8.086593006737530231e-04
3.463084101676940918e-01,4.702601432800292969e+00,6.200644653290510178e-03
5.735216736793518066e-01,5.079079866409301758e-01,2.150729857385158539e-02
1.424371600151062012e-01,2.662955522537231445e+00,4.907774855382740498e-04
1.471732109785079956e-01,3.130460739135742188e+00,5.627113394439220428e-03
2.867905795574188232e-01,3.261843442916870117e+00,8.791822008788585663e-03
2.286778390407562256e-01,1.960348486900329590e+00,2.176864445209503174e-02
1.398163884878158569e-01,2.691401004791259766e+00,7.539226673543453217e-03
3.468477427959442139e-01,4.434992790222167969e+00,1.176398620009422302e-02
1.647554188966751099e-01,3.121470212936401367e+00,1.933148130774497986e-03
1.387363970279693604e-01,3.477542161941528320e+00,1.526612439192831516e-03
3.371757864952087402e-01,4.188966751098632812e+00,1.116269920021295547e-02
1.395994722843170166e-01,3.294888973236083984e+00,5.240227095782756805e-03
1.270388662815093994e-01,1.374384284019470215e+00,2.786149829626083374e-02
7.958120107650756836e-02,3.211092710494995117e+00,1.173915527760982513e-02
1.266935616731643677e-01,1.424308061599731445e+00,1.675343723036348820e-03
3.259409368038177490e-01,1.754551172256469727e+00,6.016667000949382782e-03
1.584713608026504517e-01,3.857848942279815674e-01,6.948097608983516693e-03
1.201633587479591370e-01,3.278661966323852539e+00,8.922391571104526520e-03
3.271979987621307373e-01,4.201452255249023438e+00,1.472907047718763351e-02
2.976348698139190674e-01,2.963594675064086914e+00,8.313460275530815125e-03
3.130567967891693115e-01,2.970999956130981445e+00,2.064123004674911499e-02
3.396266698837280273e-01,4.939675807952880859e+00,2.860115375369787216e-03
3.109370768070220947e-01,3.392043828964233398e+00,7.892149500548839569e-03
2.652236521244049072e-01,1.553734064102172852e+00,1.840759254992008209e-02
9.540792703628540039e-01,4.731276035308837891e+00,4.409814719110727310e-03
1.335465461015701294e-01,3.370167493820190430e+00,9.375358000397682190e-03
1.439039260149002075e-01,3.740691184997558594e+00,1.201871223747730255e-02
1.896781921386718750e-01,2.386402636766433716e-01,9.010327979922294617e-03
1.009890586137771606e-01,5.693607032299041748e-02,3.588739782571792603e-03
1.336113512516021729e-01,4.939177036285400391e+00,6.446084473282098770e-03
7.767326384782791138e-02,3.307387590408325195e+00,1.592148654162883759e-02
7.305072247982025146e-02,4.969073772430419922e+00,2.022212557494640350e-02
3.118453621864318848e-01,1.482344418764114380e-01,2.238727174699306488e-02
2.488421350717544556e-01,4.886648178100585938e+00,1.119579095393419266e-02
3.537892699241638184e-01,4.965539455413818359e+00,3.091292688623070717e-03
3.290808796882629395e-01,2.646649599075317383e+00,2.474496327340602875e-02
3.500237762928009033e-01,4.243718147277832031e+00,1.872352557256817818e-03
9.604117274284362793e-01,4.213478565216064453e+00,4.353892989456653595e-03
1.439357399940490723e-01,3.037206888198852539e+00,6.406990811228752136e-03
2.930422425270080566e-01,4.608432292938232422e+00,1.049215160310268402e-02
1.644910871982574463e-01,2.090693712234497070e+00,4.991708789020776749e-03
3.343598246574401855e-01,3.175241708755493164e+00,1.055330596864223480e-02
9.097344428300857544e-02,3.330289602279663086e+00,1.747682923451066017e-03
8.920072019100189209e-02,5.701879784464836121e-02,1.554327085614204407e-02
1.496637612581253052e-01,3.759317159652709961e+00,2.362873405218124390e-03
1.333765536546707153e-01,3.200057744979858398e+00,3.042450873181223869e-03
8.915653824806213379e-02,4.259309768676757812e+00,9.415580891072750092e-03
3.321682214736938477e-01,4.957358360290527344e+00,2.020878717303276062e-03
1.737183779478073120e-01,4.894405841827392578e+00,3.502035513520240784e-03
6.873313188552856445e-01,2.539227902889251709e-01,1.547339372336864471e-02
1.332682520151138306e-01,3.056974172592163086e+00,5.953357554972171783e-03
1.279570460319519043e-01,4.963829994201660156e+00,4.120047669857740402e-03
1.860796809196472168e-01,7.757447659969329834e-02,2.113842032849788666e-02
2.009917795658111572e-01,6.000806391239166260e-02,7.171630859375000000e-03
1.575869619846343994e-01,4.938775539398193359e+00,6.802957796026021242e-05
2.961931824684143066e-01,1.705778092145919800e-01,1.255756244063377380e-02
3.220152854919433594e-01,3.014903306961059570e+00,2.224238775670528412e-02
8.235315680503845215e-01,4.116433620452880859e+00,3.843209415208548307e-04
1.460756063461303711e-01,4.575122892856597900e-02,9.659584029577672482e-04
1.910360306501388550e-01,4.994167804718017578e+00,1.116146799176931381e-02
3.147030174732208252e-01,4.037753582000732422e+00,1.792851276695728302e-02
3.249959051609039307e-01,3.079402208328247070e+00,9.578625671565532684e-03
3.200981318950653076e-01,1.145284846425056458e-01,1.047532353550195694e-02
3.631701767444610596e-01,4.677874565124511719e+00,3.280246630311012268e-03
1.962356567382812500e-01,2.174779772758483887e-01,1.633766666054725647e-02
1.820209622383117676e-01,5.885431766510009766e-01,1.478078495711088181e-02
6.255590319633483887e-01,4.893750667572021484e+00,5.088263656944036484e-03
1.947030872106552124e-01,4.800165653228759766e+00,1.288072858005762100e-02
3.359334468841552734e-01,1.919952750205993652e+00,9.594940580427646637e-03
3.893685638904571533e-01,3.285807609558105469e+00,1.274128351360559464e-02
1.338532716035842896e-01,4.317925930023193359e+00,6.814347114413976669e-03
9.393773972988128662e-02,4.912170410156250000e+00,7.946532219648361206e-03
8.286386728286743164e-02,2.866596937179565430e+00,2.029528468847274780e-02
1.896220892667770386e-01,4.362939298152923584e-02,2.314195968210697174e-02
2.566035389900207520e-01,4.928348064422607422e+00,1.362028066068887711e-03
1.732468605041503906e-01,7.441838830709457397e-02,1.914965920150279999e-02
1.116605177521705627e-01,3.238971710205078125e+00,7.305586710572242737e-03
9.447314739227294922e-01,6.932771205902099609e-01,7.229502312839031219e-03
6.677937507629394531e-02,4.302012920379638672e+00,1.924621313810348511e-02
1.686631888151168823e-01,3.322737812995910645e-01,2.816814463585615158e-03
1.984551846981048584e-01,2.939234018325805664e+00,7.429332472383975983e-03
1.232995539903640747e-01,1.396188020706176758e+00,1.152449753135442734e-02
1.288640052080154419e-01,2.107612848281860352e+00,7.230990100651979446e-03
1.307051628828048706e-01,4.104511260986328125e+00,1.770400442183017731e-02
3.038413524627685547e-01,4.910035133361816406e+00,8.197871968150138855e-03
1.446290612220764160e-01,3.166560888290405273e+00,1.771642011590301991e-03
8.034741878509521484e-02,3.842719316482543945e+00,4.650432150810956955e-03
7.745397686958312988e-01,4.475655555725097656e+00,6.678288336843252182e-03
6.043452024459838867e-01,2.744848094880580902e-02,1.544471457600593567e-02
3.450944423675537109e-01,7.014668732881546021e-02,1.351115666329860687e-02
2.667520940303802490e-01,2.861398935317993164e+00,8.440592791885137558e-04
1.567393243312835693e-01,4.152438163757324219e+00,1.971072331070899963e-02
1.283248215913772583e-01,4.885749220848083496e-01,6.736570037901401520e-03
1.592140793800354004e-01,3.031519614160060883e-02,2.449526451528072357e-02
4.106284976005554199e-01,2.646075010299682617e+00,1.097092404961585999e-03
9.831544160842895508e-01,4.282133102416992188e+00,1.326248422265052795e-02
7.181880623102188110e-02,4.319286823272705078e+00,9.771941229701042175e-03
3.531477153301239014e-01,3.821036338806152344e+00,3.292457200586795807e-03
9.732209444046020508e-01,3.246121644973754883e+00,1.621756330132484436e-02
1.573741734027862549e-01,5.022068694233894348e-02,1.394975744187831879e-02
1.794367581605911255e-01,1.376859545707702637e-01,6.218190770596265793e-03
9.525097906589508057e-02,4.273207187652587891e+00,6.903924513608217239e-03
3.471635580062866211e-01,4.085052967071533203e+00,6.376002915203571320e-03
1.372345685958862305e-01,8.190035820007324219e-02,1.069182809442281723e-02
1.506021469831466675e-01,1.270848065614700317e-01,8.583834394812583923e-03
8.023096621036529541e-02,3.235894680023193359e+00,2.980885794386267662e-03
1.057239398360252380e-01,3.852171421051025391e+00,2.319900877773761749e-02
3.438048362731933594e-01,4.713157176971435547e+00,3.162416070699691772e-02
3.043601512908935547e-01,7.345096766948699951e-02,2.926451852545142174e-03
1.539752930402755737e-01,4.959166526794433594e+00,1.068649254739284515e-02
2.852174043655395508e-01,4.048341751098632812e+00,1.778311561793088913e-03
6.770259141921997070e-02,4.293054580688476562e+00,7.639629300683736801e-03
3.474264442920684814e-01,4.027738094329833984e+00,2.518443576991558075e-02
1.279111355543136597e-01,4.853535175323486328e+00,2.545722236391156912e-04
3.161402940750122070e-01,1.605776667594909668e+00,7.639526389539241791e-03
1.477881520986557007e-01,4.903236865997314453e+00,1.388808898627758026e-02
1.915229856967926025e-01,2.489357233047485352e+00,2.400028146803379059e-02
3.228381574153900146e-01,3.097564458847045898e+00,2.539396286010742188e-02
3.392222225666046143e-01,4.108120441436767578e+00,5.787080153822898865e-03
1.494720280170440674e-01,3.161301463842391968e-02,1.143297087401151657e-02
3.336853086948394775e-01,3.890352964401245117e+00,1.483680959790945053e-02
3.573976755142211914e-01,1.721948027610778809e+00,1.256900280714035034e-02
2.061082571744918823e-01,4.318614482879638672e+00,2.113739587366580963e-02
3.866527080535888672e-01,1.331647634506225586e+00,5.635885987430810928e-03
3.236923813819885254e-01,4.820998668670654297e+00,3.517785808071494102e-03
9.555384516716003418e-01,1.764333248138427734e+00,5.172813311219215393e-03
1.404205113649368286e-01,4.773424148559570312e+00,4.197825212031602859e-03
3.242390453815460205e-01,2.919692754745483398e+00,5.930065177381038666e-03
3.609764277935028076e-01,3.674615144729614258e+00,1.310662180185317993e-02
3.240746557712554932e-01,2.107350111007690430e+00,1.214199699461460114e-02
1.481609642505645752e-01,1.896361351013183594e+00,7.902923389337956905e-04
4.019917249679565430e-01,2.799473047256469727e+00,2.314134268090128899e-03
1.642849147319793701e-01,2.814902067184448242e+00,5.582478363066911697e-03
1.863832026720046997e-01,1.665107965469360352e+00,9.033568203449249268e-03
1.533531695604324341e-01,4.238338947296142578e+00,6.831636652350425720e-03
9.723781943321228027e-01,2.409778118133544922e+00,1.031084172427654266e-02
3.451515734195709229e-01,4.636128544807434082e-01,1.246675383299589157e-02
1.313472241163253784e-01,4.131878376007080078e+00,2.731808274984359741e-02
1.649733334779739380e-01,2.521099567413330078e+00,1.025969162583351135e-02
3.503279089927673340e-01,2.269177675247192383e+00,1.479904912412166595e-02
8.411479592323303223e-01,3.148265123367309570e+00,1.588085293769836426e-02
3.182079195976257324e-01,1.456865072250366211e-01,4.195465240627527237e-03
1.093235984444618225e-01,3.208770036697387695e+00,2.171816071495413780e-03
3.239970505237579346e-01,3.159077167510986328e+00,8.733540773391723633e-03
3.493858873844146729e-01,4.511135578155517578e+00,3.830793779343366623e-03
1.222271621227264404e-01,3.176119565963745117e+00,4.369386937469244003e-03
1.666383892297744751e-01,4.819301128387451172e+00,2.719438634812831879e-03
1.192701905965805054e-01,4.962453842163085938e+00,1.635798439383506775e-02
2.934029400348663330e-01,3.483087539672851562e+00,2.619805745780467987e-02
3.458162844181060791e-01,3.157303094863891602e+00,1.809714920818805695e-02
2.012273520231246948e-01,2.983608722686767578e+00,1.678658090531826019e-02
1.475765407085418701e-01,4.948935508728027344e+00,3.990606870502233505e-03
3.414539098739624023e-01,4.371908664703369141e+00,6.264775060117244720e-03
1.444797217845916748e-01,3.422588109970092773e+00,3.355202265083789825e-03
2.727235257625579834e-01,4.890574455261230469e+00,1.461055688560009003e-02
1.149623170495033264e-01,2.782930850982666016e+00,4.033959005028009415e-03
2.805151343345642090e-01,2.832235097885131836e+00,5.977470427751541138e-03
1.573247611522674561e-01,3.178385019302368164e+00,9.575085714459419250e-03
2.136235684156417847e-01,8.699112571775913239e-03,5.568574997596442699e-04
1.212746128439903259e-01,4.384068012237548828e+00,4.353020805865526199e-03
3.268876969814300537e-01,3.289420127868652344e+00,4.798701498657464981e-03
1.972380280494689941e-01,5.891911685466766357e-02,1.138818170875310898e-02
9.832544624805450439e-02,4.989641666412353516e+00,1.738812401890754700e-02
3.666521608829498291e-01,5.397610068321228027e-01,3.217101097106933594e-02
1.704463064670562744e-01,3.570045903325080872e-02,3.235201537609100342e-02
8.287561684846878052e-02,4.493093013763427734e+00,6.309563759714365005e-03
1.416016519069671631e-01,4.778161525726318359e+00,8.702244609594345093e-03
2.895447015762329102e-01,1.612052619457244873e-01,8.471888722851872444e-04
1.740159541368484497e-01,1.186354160308837891e-01,4.369284026324748993e-03
9.225966781377792358e-02,7.627870887517929077e-02,3.176765749230980873e-03
1.307623982429504395e-01,3.537967443466186523e+00,1.396884210407733917e-02
2.143693715333938599e-01,4.360362052917480469e+00,6.169707980006933212e-03
1.332459300756454468e-01,3.373146295547485352e+00,1.496753306128084660e-03
3.106318414211273193e-01,3.566167593002319336e+00,5.675185471773147583e-03
1.144577190279960632e-01,3.175865411758422852e+00,4.622112028300762177e-03
2.367724031209945679e-01,2.673130512237548828e+00,1.828738674521446228e-02
8.386792987585067749e-02,3.054824352264404297e+00,7.217291742563247681e-03
3.390021920204162598e-01,3.604929924011230469e+00,8.900177665054798126e-03
9.853671193122863770e-01,4.036452293395996094e+00,1.834151335060596466e-02
6.793681979179382324e-01,4.287528038024902344e+00,6.862829905003309250e-03
1.479514539241790771e-01,9.170807898044586182e-02,1.173771824687719345e-02
3.574365973472595215e-01,4.063285827636718750e+00,5.682573188096284866e-03
3.328871130943298340e-01,3.074246883392333984e+00,2.043052390217781067e-02
3.277205824851989746e-01,3.163182735443115234e+00,3.154140664264559746e-03
1.931688636541366577e-01,3.502992913126945496e-02,2.531131170690059662e-02
1.578868478536605835e-01,4.816684722900390625e+00,6.905309855937957764e-03
9.505100250244140625e-01,2.430591285228729248e-01,4.512012936174869537e-03
3.567313551902770996e-01,4.895075798034667969e+00,6.039548665285110474e-03
1.222515478730201721e-01,3.145362138748168945e+00,1.606821641325950623e-02
2.642990350723266602e-01,4.886348724365234375e+00,1.104018418118357658e-03
1.546809524297714233e-01,2.125218629837036133e+00,1.733163744211196899e-02
6.250915676355361938e-02,3.326300621032714844e+00,9.082461707293987274e-03
1.707851737737655640e-01,3.417361021041870117e+00,8.982622995972633362e-03
1.606518626213073730e-01,3.015326738357543945e+00,2.366721397265791893e-03
1.784522831439971924e-01,3.811848461627960205e-01,1.649455539882183075e-02
1.806324124336242676e-01,7.712939381599426270e-01,1.688488014042377472e-02
1.931415051221847534e-01,3.648324728012084961e+00,1.627640984952449799e-02
2.971139848232269287e-01,7.132605463266372681e-02,1.057393010705709457e-02
1.493820101022720337e-01,4.639568328857421875e+00,1.015210617333650589e-02
9.557829499244689941e-01,2.850842475891113281e-01,1.123703923076391220e-02
1.562004834413528442e-01,4.898276329040527344e+00,7.717098575085401535e-03
2.583276033401489258e-01,3.423646926879882812e+00,1.617431454360485077e-02
3.489009737968444824e-01,4.235518932342529297e+00,4.031188320368528366e-03
1.604205816984176636e-01,4.073218822479248047e+00,3.800960257649421692e-02
1.429521590471267700e-01,1.517576724290847778e-01,6.652328185737133026e-03
3.168783485889434814e-01,3.301963567733764648e+00,1.113258395344018936e-02
3.460173606872558594e-01,4.457214355468750000e+00,1.239569671452045441e-02
1.151304170489311218e-01,2.710527896881103516e+00,1.494105998426675797e-02
2.632784843444824219e-01,3.346040487289428711e+00,7.488178554922342300e-03
1.661108434200286865e-01,1.190645992755889893e-01,2.946511842310428619e-02
2.374825924634933472e-01,3.225792407989501953e+00,3.806475549936294556e-03
1.668664813041687012e-01,3.150246143341064453e+00,1.100678555667400360e-02
1.368722617626190186e-01,1.928223669528961182e-01,5.362844560295343399e-03
1.401423811912536621e-01,3.146585941314697266e+00,4.426539875566959381e-03
1.275914311408996582e-01,3.885992050170898438e+00,3.128898795694112778e-03
1.665008664131164551e-01,4.297527790069580078e+00,3.098649717867374420e-02
1.023121774196624756e-01,3.102281332015991211e+00,2.459705248475074768e-02
1.517055928707122803e-01,3.188406229019165039e+00,4.334705008659511805e-04
7.854281663894653320e-01,4.327153682708740234e+00,1.842944882810115814e-02
2.934375703334808350e-01,8.377796411514282227e-01,1.046957727521657944e-02
1.674292981624603271e-01,4.945800781250000000e+00,1.701252418570220470e-03
3.329606950283050537e-01,3.118917226791381836e+00,8.578703738749027252e-03
1.284149140119552612e-01,3.571856737136840820e+00,1.735913753509521484e-02
1.468867957592010498e-01,3.765009164810180664e+00,5.074873100966215134e-03
1.292458027601242065e-01,3.471030294895172119e-02,1.206986256875097752e-03
1.185497790575027466e-01,1.225859165191650391e+00,1.769179478287696838e-03
3.574022352695465088e-01,4.886940479278564453e+00,8.310895413160324097e-03
8.791162818670272827e-02,3.256040096282958984e+00,2.565248683094978333e-02
1.467942893505096436e-01,7.174088060855865479e-02,9.614026173949241638e-03
8.359270542860031128e-02,4.993563652038574219e+00,1.517808623611927032e-02
8.021783828735351562e-02,3.263455629348754883e+00,1.635736785829067230e-03
1.079473420977592468e-01,3.046463727951049805e+00,7.739416323602199554e-03
8.904781937599182129e-02,3.500459909439086914e+00,7.602177094668149948e-03
6.656417250633239746e-01,4.968795299530029297e+00,1.685142866335809231e-03
2.260201275348663330e-01,7.115591764450073242e-01,2.333091199398040771e-02
7.652912288904190063e-02,4.505270004272460938e+00,2.418949082493782043e-02
2.850616574287414551e-01,4.985247135162353516e+00,1.335236895829439163e-02
3.237686753273010254e-01,2.011292934417724609e+00,1.664713583886623383e-02
1.454425603151321411e-01,4.022661685943603516e+00,2.397042233496904373e-03
2.900073826313018799e-01,3.894267082214355469e+00,8.707375382073223591e-04
3.348954916000366211e-01,3.215106725692749023e+00,1.685173623263835907e-02
1.194559037685394287e-01,2.885059356689453125e+00,2.713241241872310638e-02
3.121111094951629639e-01,4.928718090057373047e+00,7.871114648878574371e-04
1.082386672496795654e-01,4.921419620513916016e+00,8.797876536846160889e-03
3.377784788608551025e-01,1.695215225219726562e+00,7.489615119993686676e-03
3.516152501106262207e-01,3.648787975311279297e+00,8.863956667482852936e-03
3.404772281646728516e-01,7.968588173389434814e-02,6.875501945614814758e-03
1.840956807136535645e-01,3.040996074676513672e+00,1.041427161544561386e-02
3.527682721614837646e-01,4.812796592712402344e+00,1.942187920212745667e-02
1.824396401643753052e-01,1.133994817733764648e+00,7.101138588041067123e-03
1.503766030073165894e-01,3.106202602386474609e+00,1.222264766693115234e-02
1.301868110895156860e-01,4.796721935272216797e+00,1.552064530551433563e-02
6.484527587890625000e-01,6.350443959236145020e-01,8.896021172404289246e-03
3.292432725429534912e-01,3.445558547973632812e+00,2.853851020336151123e-02
3.502845168113708496e-01,4.911059379577636719e+00,1.340900920331478119e-02
8.832292258739471436e-02,3.383508443832397461e+00,1.893530972301959991e-02
1.361683607101440430e-01,4.288145065307617188e+00,2.414198406040668488e-02
1.407328397035598755e-01,9.742560982704162598e-02,1.209818292409181595e-02
3.227784335613250732e-01,3.921770811080932617e+00,3.842850215733051300e-03
1.484389901161193848e-01,4.053952217102050781e+00,3.369259648025035858e-03
3.244592249393463135e-01,2.992270469665527344e+00,9.867263957858085632e-03
1.746450811624526978e-01,4.949209213256835938e+00,5.798623431473970413e-03
9.577471613883972168e-01,2.658555984497070312e+00,3.484181594103574753e-03
3.505071997642517090e-01,3.951684236526489258e+00,7.865368388593196869e-03
8.814542889595031738e-01,2.720053434371948242e+00,1.507558021694421768e-02
1.489951759576797485e-01,4.035977363586425781e+00,1.838563382625579834e-02
8.696722984313964844e-02,4.972212791442871094e+00,5.661179311573505402e-03
2.548920214176177979e-01,3.204245328903198242e+00,1.077381242066621780e-02
3.422992527484893799e-01,3.333456993103027344e+00,7.965154945850372314e-03
1.507721394300460815e-01,3.300269365310668945e+00,1.832227408885955811e-02
7.316797226667404175e-02,1.969268441200256348e+00,4.585583228617906570e-03
3.624144196510314941e-01,3.429166555404663086e+00,4.348865244537591934e-03
2.794013023376464844e-01,3.176896333694458008e+00,2.103396505117416382e-02
1.007750853896141052e-01,4.928227424621582031e+00,3.066204953938722610e-03
1.489514410495758057e-01,3.322708368301391602e+00,1.706741983070969582e-03
3.265835642814636230e-01,3.948767185211181641e+00,2.247541211545467377e-03
4.143157005310058594e-01,3.196439027786254883e+00,2.728186175227165222e-02
2.942495644092559814e-01,4.912574291229248047e+00,1.176347304135560989e-02
9.686922281980514526e-02,3.242109537124633789e+00,1.052611507475376129e-03
3.489339351654052734e-01,4.861357688903808594e+00,1.840902864933013916e-02
5.727722644805908203e-01,2.201604843139648438e+00,3.596025053411722183e-03
1.601555049419403076e-01,3.844327688217163086e+00,8.478250354528427124e-03
3.411176800727844238e-01,4.943237304687500000e+00,1.000794116407632828e-02
2.980948388576507568e-01,4.869883060455322266e+00,4.474766086786985397e-03
3.440096378326416016e-01,2.862795352935791016e+00,5.969108082354068756e-03
2.382531017065048218e-01,2.576876640319824219e+00,3.087650053203105927e-03
3.503804802894592285e-01,3.014843702316284180e+00,2.110979333519935608e-02
3.481883108615875244e-01,4.834219932556152344e+00,9.021870791912078857e-03
1.354667842388153076e-01,3.576716423034667969e+00,3.297279821708798409e-03
9.558627605438232422e-01,5.092119574546813965e-01,6.422792561352252960e-03
1.755053400993347168e-01,3.237593412399291992e+00,6.893971469253301620e-03
1.767531782388687134e-01,4.880271434783935547e+00,1.458788057789206505e-03
1.411527395248413086e-01,4.971154212951660156e+00,2.313005737960338593e-03
4.253099858760833740e-01,2.795728921890258789e+00,4.175661597400903702e-03
3.797625899314880371e-01,3.376344680786132812e+00,9.838328696787357330e-03
3.369969129562377930e-01,1.977900862693786621e+00,1.278022304177284241e-02
1.786386221647262573e-01,4.163466930389404297e+00,2.844108268618583679e-03
5.939114093780517578e-01,2.850371599197387695e+00,2.066370099782943726e-02
9.751943498849868774e-02,3.265106678009033203e+00,2.426439663395285606e-03
3.452872335910797119e-01,1.573465108871459961e+00,5.051940213888883591e-03
2.062875032424926758e-01,2.914736509323120117e+00,1.311657484620809555e-02
2.717602550983428955e-01,1.526064723730087280e-01,8.992884308099746704e-03
3.019562661647796631e-01,4.542735576629638672e+00,1.165870949625968933e-02
3.419789075851440430e-01,4.872653007507324219e+00,7.106987293809652328e-03
1.745830774307250977e-01,4.334626197814941406e+00,3.786312881857156754e-03
3.333564996719360352e-01,1.754870176315307617e+00,2.079473249614238739e-02
1.620356738567352295e-01,8.507490903139114380e-02,1.184617576655000448e-04
3.666613101959228516e-01,3.187445402145385742e+00,1.450841035693883896e-02
3.105667531490325928e-01,4.784348487854003906e+00,5.403272341936826706e-03
1.642865836620330811e-01,1.685101538896560669e-01,2.916498808190226555e-03
2.882322967052459717e-01,4.977591991424560547e+00,1.574479392729699612e-03
3.176925480365753174e-01,1.057374179363250732e-01,1.081193145364522934e-02
1.027439981698989868e-01,4.071948528289794922e+00,9.942271281033754349e-04
3.336986005306243896e-01,2.709258794784545898e+00,1.027174759656190872e-02
2.196383923292160034e-01,1.824241131544113159e-02,3.799005597829818726e-02
1.315141469240188599e-01,2.930459260940551758e+00,2.276476938277482986e-03
1.611937433481216431e-01,4.996001720428466797e+00,1.492854207754135132e-03
1.695442050695419312e-01,7.532786577939987183e-02,1.578763313591480255e-02
1.357136070728302002e-01,1.563257575035095215e-01,7.780254352837800980e-03
3.685618340969085693e-01,1.241357326507568359e+00,3.931760787963867188e-03
2.694925069808959961e-01,4.065944671630859375e+00,1.566106453537940979e-02
3.946226835250854492e-01,4.913411617279052734e+00,9.871881455183029175e-03
1.446179747581481934e-01,4.991174697875976562e+00,1.583939976990222931e-02
3.421940207481384277e-01,1.962442159652709961e+00,7.703451905399560928e-03
2.873851060867309570e-01,4.932857513427734375e+00,1.250492408871650696e-03
1.239372938871383667e-01,3.133896827697753906e+00,7.921187207102775574e-03
3.210389018058776855e-01,7.678224891424179077e-02,2.761477604508399963e-02
2.806303203105926514e-01,4.043159008026123047e+00,1.566963270306587219e-02
1.574597358703613281e-01,3.468390703201293945e+00,1.468987390398979187e-02
1.344091147184371948e-01,1.629985451698303223e+00,1.889057271182537079e-02
3.376393914222717285e-01,4.321290493011474609e+00,7.653481326997280121e-03
8.477754145860671997e-02,3.302440404891967773e+00,1.008961722254753113e-02
2.990437746047973633e-01,6.237431764602661133e-01,2.493545599281787872e-02
1.627422571182250977e-01,3.082455396652221680e+00,7.409837096929550171e-03
4.698418676853179932e-01,1.975885748863220215e+00,1.395345106720924377e-02
1.748466938734054565e-01,4.288086891174316406e+00,1.286420878022909164e-02
1.295694112777709961e-01,2.957602500915527344e+00,8.209518156945705414e-03
3.315540254116058350e-01,9.788932651281356812e-02,1.858500391244888306e-02
2.938922643661499023e-01,3.217949151992797852e+00,1.039364747703075409e-02
1.477569937705993652e-01,1.945552945137023926e+00,7.963974960148334503e-03
8.859403431415557861e-02,3.849409580230712891e+00,5.271009868010878563e-04
6.414874643087387085e-02,4.851593971252441406e+00,1.918618753552436829e-02
1.527443081140518188e-01,3.651411294937133789e+00,1.670059398747980595e-03
1.519225090742111206e-01,5.197606235742568970e-02,1.556522864848375320e-02
1.613221019506454468e-01,2.694496393203735352e+00,9.966897778213024139e-03
3.524275124073028564e-01,6.859864294528961182e-02,1.376290712505578995e-02
1.736629307270050049e-01,1.796044111251831055e-01,2.482104813680052757e-03
9.695745259523391724e-02,1.011424779891967773e+00,1.812069909647107124e-03
3.364318013191223145e-01,4.445386886596679688e+00,3.761532949283719063e-03
1.899920701980590820e-01,6.183762103319168091e-02,6.548795849084854126e-03
1.408582031726837158e-01,3.152260541915893555e+00,1.195842958986759186e-02
1.418235003948211670e-01,4.830521106719970703e+00,2.013347111642360687e-02
1.533570736646652222e-01,1.731955528259277344e+00,1.628020592033863068e-02
2.422522306442260742e-01,3.318296909332275391e+00,9.887324646115303040e-03
1.091936007142066956e-01,2.866515159606933594e+00,2.099907770752906799e-02
2.664996087551116943e-01,3.131813049316406250e+00,2.330007962882518768e-02
3.639164865016937256e-01,2.836317300796508789e+00,2.224536426365375519e-02
1.689579933881759644e-01,2.692517757415771484e+00,2.379660308361053467e-02
9.432858973741531372e-02,3.395369648933410645e-01,5.703505128622055054e-03
9.683977365493774414e-01,2.161594390869140625e+00,2.014763094484806061e-02
6.208231672644615173e-02,3.245654106140136719e+00,5.484435678226873279e-05
3.055424392223358154e-01,3.163685083389282227e+00,1.538104657083749771e-02
3.528171181678771973e-01,3.545885324478149414e+00,1.009992975741624832e-02
1.323001235723495483e-01,4.079116821289062500e+00,9.826733730733394623e-03
3.161539137363433838e-01,3.366719722747802734e+00,2.662131795659661293e-03
3.428548276424407959e-01,4.891475677490234375e+00,4.672903567552566528e-03
2.908073663711547852e-01,4.959673881530761719e+00,1.880766451358795166e-02
3.472026586532592773e-01,3.120449304580688477e+00,3.586857020854949951e-02
6.952448189258575439e-02,2.900062322616577148e+00,2.934044925495982170e-03
1.282723397016525269e-01,3.683763980865478516e+00,3.208369249477982521e-03
2.403291612863540649e-01,3.344750642776489258e+00,2.142757177352905273e-02
1.469739973545074463e-01,2.045602083206176758e+00,5.087853060103952885e-04
1.168870776891708374e-01,2.878740787506103516e+00,2.192019671201705933e-02
3.606204390525817871e-01,1.916464269161224365e-01,1.197628397494554520e-02
1.056157127022743225e-01,3.031916141510009766e+00,1.597320102155208588e-02
7.119373977184295654e-02,3.411398172378540039e+00,4.184793680906295776e-03
9.840769320726394653e-02,3.370024681091308594e+00,4.727234598249197006e-03
1.401677727699279785e-01,2.827257871627807617e+00,7.340422365814447403e-03
1.519134938716888428e-01,4.298887252807617188e+00,7.519166450947523117e-03
9.299247711896896362e-02,2.926692008972167969e+00,2.424110285937786102e-02
3.421002626419067383e-01,4.014966487884521484e+00,1.653996109962463379e-02
1.526754945516586304e-01,4.772293090820312500e+00,1.959652081131935120e-02
1.690193116664886475e-01,3.153768301010131836e+00,3.706226823851466179e-03
1.730557680130004883e-01,4.125948905944824219e+00,3.745833644643425941e-03
1.669913381338119507e-01,1.663014888763427734e-01,1.262805424630641937e-03
3.407637774944305420e-01,4.667896330356597900e-01,4.154473077505826950e-03
1.481429338455200195e-01,3.542828083038330078e+00,9.563132334733381867e-05
9.932850301265716553e-02,3.185012817382812500e+00,1.382077764719724655e-02
3.659316301345825195e-01,3.831811428070068359e+00,1.106316875666379929e-02
2.944346070289611816e-01,1.808733344078063965e-01,1.633151061832904816e-02
1.113592088222503662e-01,4.780261516571044922e+00,1.489365473389625549e-03
3.361477553844451904e-01,2.706477642059326172e+00,1.309297420084476471e-02
6.751394271850585938e-01,3.363333702087402344e+00,1.111124083399772644e-02
1.215547397732734680e-01,3.435589313507080078e+00,1.780271530151367188e-02
3.159474730491638184e-01,4.942072868347167969e+00,1.316418522037565708e-03
1.463145613670349121e-01,3.179841756820678711e+00,7.298917043954133987e-03
1.709783524274826050e-01,1.202757582068443298e-01,4.638016689568758011e-03
1.101261153817176819e-01,2.968434810638427734e+00,7.186047267168760300e-03
3.478753268718719482e-01,5.001130700111389160e-01,1.407175906933844090e-03
1.718107461929321289e-01,1.286467015743255615e-01,1.008787285536527634e-02
9.711967408657073975e-02,4.902483463287353516e+00,5.263827042654156685e-04
9.569104313850402832e-01,5.506880879402160645e-01,1.239410601556301117e-03
3.195594847202301025e-01,7.378870993852615356e-02,3.066210076212882996e-02
2.342444807291030884e-01,3.255701303482055664e+00,7.265722844749689102e-03
1.047609597444534302e-01,4.664035320281982422e+00,6.018411368131637573e-03
1.315166354179382324e-01,4.264656066894531250e+00,7.738030981272459030e-03
6.427398920059204102e-01,4.823724269866943359e+00,2.733188215643167496e-03
2.876781523227691650e-01,4.884768486022949219e+00,8.104343898594379425e-03
3.102957308292388916e-01,1.345459222793579102e-01,6.023336667567491531e-03
1.681039035320281982e-01,1.473962068557739258e+00,1.205088011920452118e-02
1.537366509437561035e-01,4.587398529052734375e+00,2.726416103541851044e-03
3.901017010211944580e-01,3.345903635025024414e+00,8.639654144644737244e-03
3.278070092201232910e-01,2.266067862510681152e-01,5.523426923900842667e-03
1.533994227647781372e-01,4.773804187774658203e+00,4.794853739440441132e-03
3.432762622833251953e-01,4.970672130584716797e+00,1.011952757835388184e-02
1.274251192808151245e-01,2.947128534317016602e+00,7.004070794209837914e-04
1.614050865173339844e-01,3.000942707061767578e+00,2.750221407040953636e-03
9.067414700984954834e-02,3.209296464920043945e+00,5.045475438237190247e-03
3.538897335529327393e-01,2.005436658859252930e+00,2.007970400154590607e-02
3.207749128341674805e-01,1.667163848876953125e+00,7.207954302430152893e-03
3.399287164211273193e-01,3.133010864257812500e+00,2.053313143551349640e-02
6.092283129692077637e-01,9.958282858133316040e-02,1.654811762273311615e-02
2.466721832752227783e-01,4.674782276153564453e+00,2.928606700152158737e-03
1.028066575527191162e-01,7.308416813611984253e-02,2.000541612505912781e-02
1.914668530225753784e-01,1.634623646736145020e+00,2.680380642414093018e-02
1.162524521350860596e-01,4.924979686737060547e+00,1.694480329751968384e-02
1.119478270411491394e-01,1.651669263839721680e+00,3.191592637449502945e-03
1.196022704243659973e-01,1.824638605117797852e+00,2.261414006352424622e-02
3.507799804210662842e-01,1.684133410453796387e+00,1.713324338197708130e-02
2.765555977821350098e-01,1.928365528583526611e-01,7.765427581034600735e-04
8.472287654876708984e-01,2.985872030258178711e+00,1.253462955355644226e-02
2.599010169506072998e-01,3.971747159957885742e+00,4.622368607670068741e-03
1.895788460969924927e-01,1.131428107619285583e-01,4.100449383258819580e-03
1.686822921037673950e-01,6.319628655910491943e-02,3.479959070682525635e-02
9.562923312187194824e-01,8.022557497024536133e-01,8.536839857697486877e-03
1.049328520894050598e-01,1.272929310798645020e+00,1.197238452732563019e-03
3.028513491153717041e-01,4.936201095581054688e+00,2.816814370453357697e-02
1.649807244539260864e-01,4.959695816040039062e+00,2.910239621996879578e-03
9.720959067344665527e-01,2.780039787292480469e+00,7.527323905378580093e-03
3.578325212001800537e-01,4.940296649932861328e+00,3.262957092374563217e-03
3.637700676918029785e-01,4.926308631896972656e+00,7.854184135794639587e-03
2.640359103679656982e-01,1.001157686114311218e-01,4.841181915253400803e-03
3.224780559539794922e-01,4.235269069671630859e+00,7.486690767109394073e-03
3.627494275569915771e-01,3.935077667236328125e+00,2.676137955859303474e-03
1.491642743349075317e-01,3.508651494979858398e+00,6.674594245851039886e-03
1.338053941726684570e-01,2.915439605712890625e+00,5.174044519662857056e-03
2.324880957603454590e-01,9.586047381162643433e-02,9.452366270124912262e-03
3.037936389446258545e-01,4.676326364278793335e-02,1.744281500577926636e-02
3.060321509838104248e-01,4.928974628448486328e+00,6.989705376327037811e-03
3.500732779502868652e-01,4.914953231811523438e+00,3.334783250465989113e-04
1.268633157014846802e-01,4.134092807769775391e+00,4.566087591229006648e-05
1.096138134598731995e-01,3.078100919723510742e+00,2.248521149158477783e-02
1.855254322290420532e-01,1.321254968643188477e+00,1.611464656889438629e-02
1.754754483699798584e-01,3.903008937835693359e+00,7.653635460883378983e-03
3.513698577880859375e-01,1.805799007415771484e+00,1.464749686419963837e-02
1.541438698768615723e-01,1.806772872805595398e-02,1.068777497857809067e-02
1.656961590051651001e-01,1.514568477869033813e-01,6.741033401340246201e-03
8.643752336502075195e-01,4.232341289520263672e+00,4.297765903174877167e-03
2.841134667396545410e-01,3.257422208786010742e+00,6.933475844562053680e-03
3.552688956260681152e-01,1.222126558423042297e-01,1.073795091360807419e-02
9.375511407852172852e-01,2.889802932739257812e+00,1.381903328001499176e-02
1.643602252006530762e-01,4.929423332214355469e+00,1.462995074689388275e-03
9.761159867048263550e-02,4.167292714118957520e-01,3.113866550847887993e-03
3.016517758369445801e-01,3.680291026830673218e-02,1.591025106608867645e-02
3.345342278480529785e-01,3.270957708358764648e+00,1.263934187591075897e-03
1.367025077342987061e-01,2.911659717559814453e+00,4.540178924798965454e-03
1.011074483394622803e-01,2.964818239212036133e+00,1.947215758264064789e-02
1.131385043263435364e-01,2.915281057357788086e+00,3.940297663211822510e-02
3.242992758750915527e-01,3.930696725845336914e+00,1.937303878366947174e-02
1.399790495634078979e-01,4.777854308485984802e-02,1.738848350942134857e-02
9.607954621315002441e-01,4.114732742309570312e+00,2.741089090704917908e-03
2.395475655794143677e-01,4.967435836791992188e+00,1.472640223801136017e-02
1.014326214790344238e-01,7.706991583108901978e-02,3.549338085576891899e-03
3.244783580303192139e-01,3.648604631423950195e+00,9.479710832238197327e-03
9.399239718914031982e-02,4.098605155944824219e+00,1.326730661094188690e-02
8.872703313827514648e-01,4.940144538879394531e+00,6.928089074790477753e-03
3.398291766643524170e-01,3.369411945343017578e+00,2.362575940787792206e-02
1.482465714216232300e-01,4.946797847747802734e+00,2.248516073450446129e-03
1.712788194417953491e-01,3.392131090164184570e+00,2.005692571401596069e-03
3.654255568981170654e-01,4.016708135604858398e-01,1.199670322239398956e-02
1.122118905186653137e-01,3.157143354415893555e+00,1.274133473634719849e-02
2.304663658142089844e-01,3.357159614562988281e+00,5.021413788199424744e-03
1.204781010746955872e-01,4.743043422698974609e+00,8.677208796143531799e-03
2.709068059921264648e-01,3.059432983398437500e+00,1.193277817219495773e-02
3.506811857223510742e-01,4.687432765960693359e+00,8.941015228629112244e-03
2.846844494342803955e-01,3.795763731002807617e+00,3.036397043615579605e-03
1.267290413379669189e-01,3.238424062728881836e+00,9.617514442652463913e-04
2.372519373893737793e-01,2.769810914993286133e+00,2.135297656059265137e-02
2.108170688152313232e-01,1.517520379275083542e-02,2.582143060863018036e-02
3.575612902641296387e-01,4.894496917724609375e+00,3.996712155640125275e-03
9.295268356800079346e-02,3.251425504684448242e+00,7.692677900195121765e-03
1.331435739994049072e-01,4.822311878204345703e+00,6.856878753751516342e-03
4.104249179363250732e-01,4.890929698944091797e+00,1.017170399427413940e-02
3.637687861919403076e-01,5.641736984252929688e-01,4.218705929815769196e-03
1.914816647768020630e-01,3.380539894104003906e+00,1.457710657268762589e-02
3.524244725704193115e-01,4.112889766693115234e+00,6.764787249267101288e-03
3.168901205062866211e-01,4.571858048439025879e-02,7.648658938705921173e-03
8.396085351705551147e-02,4.189786434173583984e+00,3.951974678784608841e-03
3.662260770797729492e-01,3.018085241317749023e+00,7.641989272087812424e-03
1.110137552022933960e-01,1.875448107719421387e+00,8.067558519542217255e-03
3.345289826393127441e-01,3.983084917068481445e+00,7.416044827550649643e-03
1.245300918817520142e-01,4.729054272174835205e-01,3.006004355847835541e-02
1.414960473775863647e-01,4.971750259399414062e+00,3.726389259099960327e-03
3.340353071689605713e-01,4.622879028320312500e+00,2.583892550319433212e-03
1.850038766860961914e-01,4.881271123886108398e-01,4.342349246144294739e-03
2.942324280738830566e-01,3.243298768997192383e+00,1.333913300186395645e-02
3.550559878349304199e-01,4.857667922973632812e+00,1.441934611648321152e-02
3.535971641540527344e-01,3.479207754135131836e+00,7.959665730595588684e-03
1.437993496656417847e-01,4.427915513515472412e-01,3.108736127614974976e-03
1.785709112882614136e-01,2.918098211288452148e+00,2.925271866843104362e-03
8.124327659606933594e-02,3.301125288009643555e+00,9.154749102890491486e-03
1.555992662906646729e-01,3.581264019012451172e+00,1.926453039050102234e-02
3.143776059150695801e-01,6.955905258655548096e-02,6.907208357006311417e-03
1.325303316116333008e-01,4.064685344696044922e+00,4.527404438704252243e-03
1.496078968048095703e-01,2.690472841262817383e+00,1.972590945661067963e-02
1.627309024333953857e-01,2.795979738235473633e+00,1.281141582876443863e-02
3.237189650535583496e-01,4.922893047332763672e+00,6.987191736698150635e-03
4.329936206340789795e-01,4.120894432067871094e+00,1.188280712813138962e-02
1.057324409484863281e-01,4.948375701904296875e+00,1.657664217054843903e-02
1.319017857313156128e-01,2.812642812728881836e+00,1.905956887640058994e-03
1.020418256521224976e-01,1.878968238830566406e+00,4.367847926914691925e-03
3.451676666736602783e-01,3.088052988052368164e+00,1.439369376748800278e-02
1.642453670501708984e-01,4.874297380447387695e-01,2.170405164361000061e-02
1.471330374479293823e-01,4.884101867675781250e+00,1.041909400373697281e-02
1.630604565143585205e-01,4.791509151458740234e+00,1.230688882060348988e-03
1.341637670993804932e-01,2.417272329330444336e+00,1.323626749217510223e-02
1.643320322036743164e-01,8.597652614116668701e-02,4.553467035293579102e-03
8.050484210252761841e-02,1.563322544097900391e+00,5.503931315615773201e-04
1.574603915214538574e-01,2.547184526920318604e-01,1.700831763446331024e-02
1.055987849831581116e-01,4.226167201995849609e+00,7.845462299883365631e-03
3.672074973583221436e-01,3.531479835510253906e+00,1.013440638780593872e-02
3.406535089015960693e-01,1.442307472229003906e+00,7.820323109626770020e-03
2.595913112163543701e-01,3.552275419235229492e+00,3.200211795046925545e-03
3.420587182044982910e-01,3.059859991073608398e+00,7.803905755281448364e-03
1.879247426986694336e-01,1.900935292243957520e+00,3.943252842873334885e-03
8.196216821670532227e-02,3.374704122543334961e+00,3.951256163418292999e-03
1.164150163531303406e-01,3.260527133941650391e+00,1.151998247951269150e-02
3.230353593826293945e-01,3.305320739746093750e+00,2.878174382203724235e-05
9.326753020286560059e-02,4.912184238433837891e+00,1.631622202694416046e-02
1.727907657623291016e-01,4.975382804870605469e+00,1.036055572330951691e-02
1.324917823076248169e-01,4.985823631286621094e+00,2.418487332761287689e-03
9.767582267522811890e-02,9.420987218618392944e-02,3.392726182937622070e-02
1.247799545526504517e-01,2.945442676544189453e+00,6.802085321396589279e-03
1.728643476963043213e-01,3.333746910095214844e+00,1.295414473861455917e-02
3.606680035591125488e-01,4.028471469879150391e+00,3.569346619769930840e-03
9.673535823822021484e-02,7.261737436056137085e-02,9.636805392801761627e-03
1.713332235813140869e-01,7.306912541389465332e-02,1.484132464975118637e-02
1.600801646709442139e-01,4.861813068389892578e+00,3.880866803228855133e-03
1.450335532426834106e-01,3.701611995697021484e+00,2.368578501045703888e-02
2.996557056903839111e-01,2.909751653671264648e+00,6.596508901566267014e-03
6.064105406403541565e-02,2.762040615081787109e+00,1.195837836712598801e-02
2.591074705123901367e-01,3.491288185119628906e+00,1.873188838362693787e-02
2.508111596107482910e-01,2.921740531921386719e+00,4.180740565061569214e-03
1.112715378403663635e-01,1.456384658813476562e-01,2.961800433695316315e-03
2.061298042535781860e-01,7.465186715126037598e-02,1.047588791698217392e-02
1.048427596688270569e-01,3.238800048828125000e+00,7.661176845431327820e-03
3.459563553333282471e-01,4.912637233734130859e+00,1.585725322365760803e-02
4.059441685676574707e-01,3.488682270050048828e+00,1.140536926686763763e-02
1.509832888841629028e-01,2.960032939910888672e+00,2.249449864029884338e-02
1.066767349839210510e-01,4.411238193511962891e+00,5.410762503743171692e-03
3.502569198608398438e-01,4.949280261993408203e+00,1.835813559591770172e-02
1.527422368526458740e-01,3.413331985473632812e+00,1.366645470261573792e-02
1.650781482458114624e-01,4.213162899017333984e+00,6.400526501238346100e-03
9.319201111793518066e-02,4.926490783691406250e+00,3.467251081019639969e-03
7.994876503944396973e-01,4.539518833160400391e+00,7.163524627685546875e-03
1.690742820501327515e-01,2.893859624862670898e+00,1.608750782907009125e-02
1.667175292968750000e-01,3.227411508560180664e+00,9.381566196680068970e-03
1.426929682493209839e-01,4.211174488067626953e+00,8.445928804576396942e-03
2.797402739524841309e-01,2.246567487716674805e+00,7.976698689162731171e-03
1.668554395437240601e-01,6.572850793600082397e-02,2.396898530423641205e-02
3.172620534896850586e-01,2.036023378372192383e+00,1.679396815598011017e-02
2.533258199691772461e-01,4.370270729064941406e+00,1.398659404367208481e-02
3.238573670387268066e-01,3.497540652751922607e-01,1.720799482427537441e-03
1.444778144359588623e-01,8.426693677902221680e-01,1.648542284965515137e-02
3.437233269214630127e-01,4.923436164855957031e+00,6.465067155659198761e-03
1.606193184852600098e-01,4.808657169342041016e+00,6.640528328716754913e-03
8.342260122299194336e-02,4.935553550720214844e+00,5.683496710844337940e-04
3.721466660499572754e-01,4.195173263549804688e+00,6.593584548681974411e-03
3.451872169971466064e-01,3.029742091894149780e-02,2.063871594145894051e-03
1.025739312171936035e-01,4.992476940155029297e+00,1.358667667955160141e-02
3.336816430091857910e-01,3.429068565368652344e+00,3.307078732177615166e-04
1.514376550912857056e-01,3.209881305694580078e+00,1.953556947410106659e-02
3.506150245666503906e-01,2.477152109146118164e+00,7.943659089505672455e-03
3.034585118293762207e-01,3.513586997985839844e+00,1.361335441470146179e-02
7.601752281188964844e-01,3.664258420467376709e-01,1.223578117787837982e-02
3.293017148971557617e-01,1.546113938093185425e-01,1.410151552408933640e-02
3.464598655700683594e-01,2.980933666229248047e+00,2.395267039537429810e-02
1.824991255998611450e-01,3.012073755264282227e+00,1.080059353262186050e-02
1.453417986631393433e-01,3.489867687225341797e+00,8.402063511312007904e-03
2.546656727790832520e-01,3.041790485382080078e+00,1.655283756554126740e-02
3.495139479637145996e-01,4.142335414886474609e+00,1.733435690402984619e-02
2.901260256767272949e-01,7.778727263212203979e-02,2.230354212224483490e-02
1.391153484582901001e-01,1.834865927696228027e+00,1.734230853617191315e-02
2.778240740299224854e-01,1.884134173393249512e+00,9.821911342442035675e-03
1.257283985614776611e-01,3.031394958496093750e+00,8.024924434721469879e-03
3.317356407642364502e-01,4.851122856140136719e+00,6.986832711845636368e-03
3.273461759090423584e-01,5.209794640541076660e-01,5.915905348956584930e-04
1.092439368367195129e-01,3.712250947952270508e+00,7.436976768076419830e-03
3.321776688098907471e-01,4.238506793975830078e+00,7.305330131202936172e-03
2.374323457479476929e-01,3.006549358367919922e+00,1.728033274412155151e-02
2.952822744846343994e-01,3.593518972396850586e+00,8.930344134569168091e-03
2.803052663803100586e-01,2.735720761120319366e-02,1.407073345035314560e-03
3.335557878017425537e-01,4.951175212860107422e+00,7.849617861211299896e-03
1.641041785478591919e-01,3.746088743209838867e+00,1.164265163242816925e-02
3.109695315361022949e-01,3.498001337051391602e+00,6.999658420681953430e-03
5.837553739547729492e-02,2.810800790786743164e+00,1.208197046071290970e-02
1.136952340602874756e-01,3.990684747695922852e+00,2.087830798700451851e-03
3.561639189720153809e-01,3.075996875762939453e+00,2.503416687250137329e-02
1.484261453151702881e-01,4.388570785522460938e+00,1.413337513804435730e-02
3.369447290897369385e-01,3.300545215606689453e+00,5.163065157830715179e-03
1.200267672538757324e-01,5.092850923538208008e-01,8.548844605684280396e-03
2.176919430494308472e-01,4.804523468017578125e+00,1.450687088072299957e-02
3.388829827308654785e-01,4.812735557556152344e+00,2.109532477334141731e-03
1.864238232374191284e-01,9.904766827821731567e-02,3.099655266851186752e-03
2.975665628910064697e-01,3.064916849136352539e+00,1.279438287019729614e-02
3.339122235774993896e-01,1.828949093818664551e+00,1.330978702753782272e-02
9.609158039093017578e-01,2.646875143051147461e+00,9.141820482909679413e-03
1.894471645355224609e-01,1.681018829345703125e+00,4.442854784429073334e-03
8.520869910717010498e-02,4.864845275878906250e+00,8.166114566847681999e-04
9.954178333282470703e-02,4.515260219573974609e+00,1.060666283592581749e-03
1.813698112964630127e-01,4.688327312469482422e+00,2.212695404887199402e-02
2.691482007503509521e-01,2.096490383148193359e+00,1.043294649571180344e-02
3.331572413444519043e-01,3.053418397903442383e+00,2.079668268561363220e-02
1.540729850530624390e-01,4.908001899719238281e+00,1.579671353101730347e-02
1.657014191150665283e-01,8.520347476005554199e-01,1.108994940295815468e-03
1.546167284250259399e-01,3.360890626907348633e+00,3.102887421846389771e-04
7.160661816596984863e-01,4.047249317169189453e+00,3.802678838837891817e-04
2.735081911087036133e-01,1.980018973350524902e+00,2.877158671617507935e-02
1.284213066101074219e-01,4.881705760955810547e+00,7.778766565024852753e-03
1.195611655712127686e-01,2.999677181243896484e+00,1.831144839525222778e-02
2.617517113685607910e-01,4.058406502008438110e-02,2.650172635912895203e-02
3.581194281578063965e-01,4.465540885925292969e+00,6.839127279818058014e-03
1.412277966737747192e-01,3.229426622390747070e+00,2.216656133532524109e-02
5.412408336997032166e-02,3.296617031097412109e+00,1.085923425853252411e-02
2.109522819519042969e-01,4.901171207427978516e+00,1.011814270168542862e-02
3.508653044700622559e-01,4.821308135986328125e+00,1.235809084028005600e-02
1.233534440398216248e-01,4.153164386749267578e+00,1.659162342548370361e-02
8.012169599533081055e-02,4.738508701324462891e+00,4.100859630852937698e-03
1.962003111839294434e-01,4.938611984252929688e+00,7.596738636493682861e-03
3.396970927715301514e-01,4.180064201354980469e+00,1.828589942306280136e-03
3.566560149192810059e-01,4.345097064971923828e+00,3.931863233447074890e-03
3.420960605144500732e-01,1.385682523250579834e-01,1.847972720861434937e-02
3.416871726512908936e-01,4.574339389801025391e+00,5.644710734486579895e-03
1.813857406377792358e-01,1.458406686782836914e+00,1.157262083142995834e-02
3.687421381473541260e-01,4.839799880981445312e+00,6.729335989803075790e-03
3.320036530494689941e-01,3.552159786224365234e+00,1.870592683553695679e-02
5.640023350715637207e-01,7.599241286516189575e-02,6.575628183782100677e-03
1.986489892005920410e-01,7.263976335525512695e-02,8.530682884156703949e-03
1.617238670587539673e-01,3.052417278289794922e+00,1.616323180496692657e-02
1.652616560459136963e-01,4.870533466339111328e+00,1.924118609167635441e-03
1.538556963205337524e-01,3.351304769515991211e+00,1.968958647921681404e-03
5.909570306539535522e-02,4.857922554016113281e+00,8.779612369835376740e-03
8.043222874402999878e-02,4.096899509429931641e+00,7.128843106329441071e-03
6.913263350725173950e-02,3.932241439819335938e+00,1.425378676503896713e-02
3.616013526916503906e-01,3.556551694869995117e+00,5.257670418359339237e-04
3.387251198291778564e-01,1.238920092582702637e+00,2.932403236627578735e-03
7.118890434503555298e-02,3.914333581924438477e+00,4.470558837056159973e-03
1.126443967223167419e-01,1.874321512877941132e-02,2.928001247346401215e-02
3.268605768680572510e-01,4.187291622161865234e+00,1.522087398916482925e-02
1.364964395761489868e-01,4.363450050354003906e+00,4.035857040435075760e-03
3.574951887130737305e-01,4.882106781005859375e+00,1.441067550331354141e-02
1.217516437172889709e-01,1.149031445384025574e-01,4.549772944301366806e-03
3.370873928070068359e-01,3.917392253875732422e+00,1.603979431092739105e-02
2.220597416162490845e-01,3.371683835983276367e+00,2.556470409035682678e-02
7.928228378295898438e-02,4.108018875122070312e+00,2.150965854525566101e-02
8.005571365356445312e-02,3.783152252435684204e-02,2.477364242076873779e-02
1.439146995544433594e-01,2.978230714797973633e+00,4.649611189961433411e-03
1.687783598899841309e-01,5.192825794219970703e-01,1.163449417799711227e-02
6.313687562942504883e-01,3.544238567352294922e+00,1.775602810084819794e-02
1.588806211948394775e-01,1.052519902586936951e-01,5.980856716632843018e-03
3.472986519336700439e-01,3.834809303283691406e+00,1.387880370020866394e-02
3.687718212604522705e-01,2.770412206649780273e+00,2.838670043274760246e-03
1.131223663687705994e-01,2.873425722122192383e+00,7.144541945308446884e-03
3.111696541309356689e-01,4.923446655273437500e+00,2.324487455189228058e-02
7.270959615707397461e-01,4.839209556579589844e+00,2.175766509026288986e-03
3.172932565212249756e-01,3.167256355285644531e+00,1.260748133063316345e-02
1.628284901380538940e-01,4.713352680206298828e+00,6.866883020848035812e-03
1.568496972322463989e-01,1.753042578697204590e+00,7.794260513037443161e-03
1.503205299377441406e-01,4.904256343841552734e+00,6.657150574028491974e-03
1.581556797027587891e-01,3.380641222000122070e+00,1.608330011367797852e-02
3.210856616497039795e-01,6.200358644127845764e-02,9.775839745998382568e-03
1.160866990685462952e-01,3.380714729428291321e-02,2.638234198093414307e-02
1.711456179618835449e-01,3.072971820831298828e+00,2.635597251355648041e-02
3.671217858791351318e-01,3.365719079971313477e+00,9.190354496240615845e-03
1.947927325963973999e-01,4.953997611999511719e+00,2.841953653842210770e-03
2.791517674922943115e-01,3.063237965106964111e-01,2.471402660012245178e-02
3.162454962730407715e-01,7.070700526237487793e-01,8.889044634997844696e-03
3.467638194561004639e-01,3.023156166076660156e+00,1.252164877951145172e-02
7.840444892644882202e-02,3.168524265289306641e+00,9.148387238383293152e-03
3.355099558830261230e-01,2.520652055740356445e+00,3.920422494411468506e-02
3.255492746829986572e-01,6.487987190485000610e-02,1.272112037986516953e-02
3.680340945720672607e-01,2.861738204956054688e+00,1.783359982073307037e-02
1.340568810701370239e-01,2.301209211349487305e+00,9.141975082457065582e-03
1.507464051246643066e-01,2.989961862564086914e+00,8.688290603458881378e-03
1.451148986816406250e-01,4.906338214874267578e+00,1.643176004290580750e-02
6.587741971015930176e-01,1.551680922508239746e+00,1.303130702581256628e-04
3.938681781291961670e-01,3.296068191528320312e+00,1.172868907451629639e-02
2.178980410099029541e-01,3.441524982452392578e+00,5.142235662788152695e-03
3.104275465011596680e-01,1.085854992270469666e-01,9.408295154571533203e-03
1.263918429613113403e-01,4.872411251068115234e+00,1.506224088370800018e-02
1.720338761806488037e-01,9.686327725648880005e-02,1.321292389184236526e-02
1.403916031122207642e-01,3.338302135467529297e+00,8.740928955376148224e-03
1.438502669334411621e-01,3.424725055694580078e+00,3.728595329448580742e-03
1.366624385118484497e-01,4.957100868225097656e+00,3.052506595849990845e-03
2.980920374393463135e-01,6.205742806196212769e-02,2.225316129624843597e-02
3.469877839088439941e-01,4.981229305267333984e+00,1.097020506858825684e-02
1.273047029972076416e-01,3.102129697799682617e-01,5.404708907008171082e-03
3.808540105819702148e-01,3.896926164627075195e+00,1.900108181871473789e-03
1.746758669614791870e-01,4.992407321929931641e+00,1.819139532744884491e-02
1.553080826997756958e-01,1.442712545394897461e-01,7.012946531176567078e-03
2.014476060867309570e-01,3.404662132263183594e+00,1.161402370780706406e-02
1.513182669878005981e-01,4.970222473144531250e+00,4.964876454323530197e-03
1.112868040800094604e-01,4.873960494995117188e+00,1.573596894741058350e-02
1.173064932227134705e-01,6.934167742729187012e-01,8.899509906768798828e-03
9.298294782638549805e-02,4.826660156250000000e+00,7.951867766678333282e-03
4.308966398239135742e-01,3.461435794830322266e+00,4.252925980836153030e-03
3.371023833751678467e-01,2.716486454010009766e+00,1.206196192651987076e-02
1.224770992994308472e-01,1.997044086456298828e-01,1.634043728699907660e-04
3.732239902019500732e-01,2.350840330123901367e+00,1.607991382479667664e-02
9.258242696523666382e-02,3.331954717636108398e+00,9.700935333967208862e-03
3.675428330898284912e-01,3.810007095336914062e+00,3.878814633935689926e-03
5.927299857139587402e-01,3.949685811996459961e+00,9.702474810183048248e-03
1.859050244092941284e-01,1.015381813049316406e-01,9.339496493339538574e-03
3.466846346855163574e-01,2.523799419403076172e+00,1.302802283316850662e-02
9.497644901275634766e-01,4.693873226642608643e-01,3.451038850471377373e-03
1.202060207724571228e-01,3.877636671066284180e+00,1.423398312181234360e-02
7.944792509078979492e-02,3.000624656677246094e+00,1.039575040340423584e-02
2.445981353521347046e-01,4.894228935241699219e+00,1.432930701412260532e-03
3.133722841739654541e-01,2.041744232177734375e+00,1.603712700307369232e-02
2.052794098854064941e-01,4.630287647247314453e+00,2.472818642854690552e-02
3.275413513183593750e-01,8.345489948987960815e-02,1.419699285179376602e-02
3.311049640178680420e-01,2.085535526275634766e+00,2.109111845493316650e-02
1.624794751405715942e-01,1.442779302597045898e+00,1.725344918668270111e-02
3.363156616687774658e-01,4.091639995574951172e+00,3.160502295941114426e-03
3.433653414249420166e-01,6.002985835075378418e-01,1.250400021672248840e-02
3.160537779331207275e-01,2.859232425689697266e+00,9.223497472703456879e-04
3.531143665313720703e-01,3.016251802444458008e+00,2.701815776526927948e-02
1.119548082351684570e-01,5.416158437728881836e-01,2.390469983220100403e-02
3.491111695766448975e-01,3.298401832580566406e+00,3.001202270388603210e-02
8.499900996685028076e-02,8.720682859420776367e-01,2.077775076031684875e-02
1.262888908386230469e-01,2.346252441406250000e+00,1.444381847977638245e-02
3.564903140068054199e-01,3.273273229598999023e+00,2.184534445405006409e-02
3.403355479240417480e-01,4.934843063354492188e+00,1.301058009266853333e-02
3.465457558631896973e-01,4.220875263214111328e+00,9.941347874701023102e-03
1.155937016010284424e-01,3.324939966201782227e+00,1.418355107307434082e-02
3.751724660396575928e-01,4.234734058380126953e+00,2.106762025505304337e-03
3.508552014827728271e-01,4.917188644409179688e+00,3.605772741138935089e-03
3.585683703422546387e-01,4.836567401885986328e+00,1.616446417756378651e-03
3.635290563106536865e-01,4.845500946044921875e+00,5.162141751497983932e-03
1.725090444087982178e-01,8.668670803308486938e-02,2.190542034804821014e-02
1.569312959909439087e-01,4.993688106536865234e+00,9.209029376506805420e-03
3.231929540634155273e-01,3.856182098388671875e+00,9.471092373132705688e-03
3.501844704151153564e-01,3.489087343215942383e+00,7.485305541194975376e-04
1.480321586132049561e-01,2.972528219223022461e+00,1.057567447423934937e-02
1.182768344879150391e-01,2.994046211242675781e+00,1.957148313522338867e-02
1.431395709514617920e-01,4.847839832305908203e+00,5.393575876951217651e-03
3.429282903671264648e-01,4.870846748352050781e+00,5.486744455993175507e-03
2.236723899841308594e-01,4.814666748046875000e+00,1.269187685102224350e-02
3.236042857170104980e-01,4.910593032836914062e+00,2.673880429938435555e-03
2.781825065612792969e-01,7.830516993999481201e-02,2.103314548730850220e-02
1.442716270685195923e-01,3.232595205307006836e+00,1.291576959192752838e-02
3.336376249790191650e-01,2.915174007415771484e+00,1.885881461203098297e-02
2.854254245758056641e-01,4.723287105560302734e+00,4.212395753711462021e-03
6.539151817560195923e-02,4.858924865722656250e+00,1.047050114721059799e-02
1.351270377635955811e-01,3.219366788864135742e+00,5.035009700804948807e-03
2.907133698463439941e-01,3.634928166866302490e-02,6.654893513768911362e-03
1.621797680854797363e-01,5.830345302820205688e-02,3.773112222552299500e-02
1.642649918794631958e-01,3.249273300170898438e+00,7.058761082589626312e-03
2.681514024734497070e-01,4.883386611938476562e+00,4.178124014288187027e-03
3.168894648551940918e-01,4.152548909187316895e-01,8.011688478291034698e-03
2.238365858793258667e-01,4.952909946441650391e+00,1.565973088145256042e-02
8.683326095342636108e-02,4.927772045135498047e+00,3.648355370387434959e-03
1.142309978604316711e-01,2.605920553207397461e+00,1.946107670664787292e-02
1.088320836424827576e-01,4.866095542907714844e+00,5.936221685260534286e-03
3.412483036518096924e-01,5.181081295013427734e-01,9.471810422837734222e-03
6.021112203598022461e-01,2.944253444671630859e+00,8.603124879300594330e-03
1.351524144411087036e-01,3.546398401260375977e+00,9.748340584337711334e-03
1.818931102752685547e-01,1.717035025358200073e-01,1.811905764043331146e-02
1.051411256194114685e-01,4.327942371368408203e+00,3.661592025309801102e-03
1.527997851371765137e-01,2.663994550704956055e+00,4.315517377108335495e-03
1.264701187610626221e-01,3.251818656921386719e+00,6.794133223593235016e-03
3.225182592868804932e-01,1.948262691497802734e+00,3.285715728998184204e-02
1.296912580728530884e-01,3.450773000717163086e+00,5.186357535421848297e-03
3.260603845119476318e-01,1.497678995132446289e+00,1.216754689812660217e-02
3.431790471076965332e-01,4.173604488372802734e+00,9.079742245376110077e-03
1.951484382152557373e-01,5.393104553222656250e-01,1.923487521708011627e-02
1.128979623317718506e-01,3.074112176895141602e+00,6.383698433637619019e-03
1.249795556068420410e-01,3.883364377543330193e-03,2.210253290832042694e-02
3.213148415088653564e-01,2.983418226242065430e+00,1.974294194951653481e-03
1.538093984127044678e-01,4.955851078033447266e+00,4.089778289198875427e-03
1.427382528781890869e-01,1.040264815092086792e-01,2.239891700446605682e-02
1.893589347600936890e-01,1.427280008792877197e-01,1.340926624834537506e-02
1.828293204307556152e-01,4.978238940238952637e-01,7.536302320659160614e-03
1.557537466287612915e-01,2.445374250411987305e+00,1.240590703673660755e-03
9.764245748519897461e-01,4.277017593383789062e+00,1.207571197301149368e-02
1.332821398973464966e-01,2.742226123809814453e+00,2.060880698263645172e-02
1.610678881406784058e-01,3.616841137409210205e-01,3.801242448389530182e-03
1.007879003882408142e-01,4.941168785095214844e+00,6.011536810547113419e-03
3.574041724205017090e-01,1.022846028208732605e-01,2.614572644233703613e-03
7.892798632383346558e-02,4.918408393859863281e+00,2.763970987871289253e-03
1.512741893529891968e-01,5.185718536376953125e-01,9.938577190041542053e-03
1.695657819509506226e-01,3.906716585159301758e+00,1.067592389881610870e-02
1.025962829589843750e-01,4.990836143493652344e+00,3.740908578038215637e-03
3.136274516582489014e-01,4.877288341522216797e+00,1.264518965035676956e-02
1.357208937406539917e-01,3.156845808029174805e+00,9.426200762391090393e-03
3.359784483909606934e-01,2.420062303543090820e+00,1.361176371574401855e-02
3.139219284057617188e-01,1.295594274997711182e-01,2.821226662490516901e-04
3.349308073520660400e-01,1.627355694770812988e+00,1.057249400764703751e-02
6.326860189437866211e-02,4.818389415740966797e+00,1.254842989146709442e-02
4.061045348644256592e-01,4.184898853302001953e+00,4.566908814013004303e-03
1.548232436180114746e-01,3.342268228530883789e+00,1.037835795432329178e-02
3.233183920383453369e-01,4.898142337799072266e+00,6.204389967024326324e-03
1.014923155307769775e-01,5.207639560103416443e-02,1.531645376235246658e-02
3.751735389232635498e-01,4.498663425445556641e+00,1.243822858668863773e-03
1.547886282205581665e-01,4.863074779510498047e+00,4.818505258299410343e-04
3.445873260498046875e-01,2.836539745330810547e+00,9.028335101902484894e-03
1.466440856456756592e-01,8.220887184143066406e-02,1.124488888308405876e-03
3.323833048343658447e-01,6.091140508651733398e-01,5.366538185626268387e-03
7.442655563354492188e-01,2.283197790384292603e-01,1.153198815882205963e-02
1.893554776906967163e-01,4.986660003662109375e+00,2.889153547585010529e-02
1.309776604175567627e-01,3.533032178878784180e+00,7.156957872211933136e-04
1.670015901327133179e-01,3.343829393386840820e+00,4.442239180207252502e-03
2.467582523822784424e-01,2.903825998306274414e+00,4.265136551111936569e-03
2.726357579231262207e-01,4.219868183135986328e+00,1.418863050639629364e-02
3.805794715881347656e-01,2.792415380477905273e+00,1.457361783832311630e-02
3.388060629367828369e-01,4.866980075836181641e+00,1.063026301562786102e-02
2.593452930450439453e-01,1.669993698596954346e-01,1.273302268236875534e-02
3.516659140586853027e-01,2.879484176635742188e+00,9.418454021215438843e-03
1.141401454806327820e-01,2.807964801788330078e+00,2.393656177446246147e-03
1.603613644838333130e-01,4.792489051818847656e+00,8.260206319391727448e-03
3.616425991058349609e-01,3.131918430328369141e+00,9.076048620045185089e-03
1.493240445852279663e-01,4.924969673156738281e+00,9.012892842292785645e-03
3.195521235466003418e-01,2.187057137489318848e-01,1.292336266487836838e-02
3.577810525894165039e-01,6.812501698732376099e-02,3.455399768427014351e-03
3.421560227870941162e-01,4.777379035949707031e+00,3.781798062846064568e-03
1.340193003416061401e-01,3.515442371368408203e+00,2.143906429409980774e-03
1.732970923185348511e-01,1.716705113649368286e-01,6.039343774318695068e-03
2.372684031724929810e-01,4.963852882385253906e+00,1.375254336744546890e-02
2.815086543560028076e-01,3.982818841934204102e+00,6.042268127202987671e-03
3.634716272354125977e-01,3.681419849395751953e+00,5.660614930093288422e-03
1.154208406805992126e-01,2.058006286621093750e+00,6.574858445674180984e-03
4.334535002708435059e-01,3.006850719451904297e+00,1.943480782210826874e-02
9.509016871452331543e-01,4.928462803363800049e-01,8.907667361199855804e-03
3.331569731235504150e-01,3.480932950973510742e+00,1.258290605619549751e-03
1.400540471076965332e-01,5.098248720169067383e-01,6.026107352226972580e-03
3.496571779251098633e-01,1.041469797492027283e-01,5.697553977370262146e-03
3.614105284214019775e-01,9.264200180768966675e-02,1.853898353874683380e-02
3.285372853279113770e-01,4.473829746246337891e+00,1.356056239455938339e-02
1.670165210962295532e-01,5.206832885742187500e-01,1.178450789302587509e-02
9.989608526229858398e-01,3.620363771915435791e-01,4.869809374213218689e-03
3.084976077079772949e-01,3.258549451828002930e+00,2.618061378598213196e-03
1.678968369960784912e-01,3.295917272567749023e+00,2.287902310490608215e-02
3.426226675510406494e-01,5.224458575248718262e-01,9.159469045698642731e-03
1.242143139243125916e-01,4.980836868286132812e+00,1.406765426509082317e-03
3.106772005558013916e-01,3.239871501922607422e+00,1.639594882726669312e-02
1.986314803361892700e-01,4.782484531402587891e+00,1.588475145399570465e-02
1.367294192314147949e-01,3.697891235351562500e+00,7.327596191316843033e-03
1.721846014261245728e-01,3.235808849334716797e+00,2.154977992177009583e-02
6.505293399095535278e-02,4.642542839050292969e+00,1.816030591726303101e-02
5.269995927810668945e-01,2.765539884567260742e+00,8.145387284457683563e-03
9.000839591026306152e-01,4.151609420776367188e+00,6.324801128357648849e-03
7.247699797153472900e-02,4.828337669372558594e+00,5.625728052109479904e-03
3.693932890892028809e-01,3.824685811996459961e+00,3.702019806951284409e-03
1.930532455444335938e-01,1.133966296911239624e-01,2.040769346058368683e-02
3.336334526538848877e-01,3.297372817993164062e+00,2.746527548879384995e-03
3.612135052680969238e-01,4.971290588378906250e+00,3.001351095736026764e-02
3.333451151847839355e-01,4.070457935333251953e+00,6.396934855729341507e-03
1.631340384483337402e-01,2.879067897796630859e+00,5.038498435169458389e-03
2.451771497726440430e-01,4.922823905944824219e+00,7.041933480650186539e-03
1.151705905795097351e-01,3.017400026321411133e+00,6.434387061744928360e-03
6.870090365409851074e-01,5.191755890846252441e-01,1.028200890868902206e-02
1.457029283046722412e-01,4.271724700927734375e+00,2.550801262259483337e-03
3.303496241569519043e-01,3.777346134185791016e+00,6.974878720939159393e-03
2.762319147586822510e-01,3.566208362579345703e+00,5.301689729094505310e-03
3.022034466266632080e-01,1.518368124961853027e-01,1.349186617881059647e-02
1.708811968564987183e-01,2.608801603317260742e+00,2.131921797990798950e-02
2.241210639476776123e-01,3.371226549148559570e+00,4.749449435621500015e-03
1.547679603099822998e-01,2.200953006744384766e+00,6.734107155352830887e-03
3.390216529369354248e-01,4.300645351409912109e+00,4.914700984954833984e-03
3.497751057147979736e-01,3.884864807128906250e+00,1.542373094707727432e-02
1.347463130950927734e-01,3.053584814071655273e+00,1.929577440023422241e-02
1.743090003728866577e-01,7.732817530632019043e-02,2.338975854218006134e-02
5.986776947975158691e-01,4.565793037414550781e+00,1.265801582485437393e-02
1.258257478475570679e-01,4.995851516723632812e+00,3.578632837161421776e-03
1.283958405256271362e-01,3.179711818695068359e+00,2.391701377928256989e-02
5.408891662955284119e-02,2.746702909469604492e+00,1.900333911180496216e-02
2.248235493898391724e-01,4.894991874694824219e+00,2.519556879997253418e-02
3.422261476516723633e-01,4.483168125152587891e+00,5.573602858930826187e-03
2.184789180755615234e-01,3.301034688949584961e+00,1.174910832196474075e-02
1.671934872865676880e-01,4.008666992187500000e+00,5.504444241523742676e-03
1.341265588998794556e-01,3.020355939865112305e+00,1.442935084924101830e-03
3.771865367889404297e-01,2.996892690658569336e+00,9.059118106961250305e-03
1.367439627647399902e-01,8.632606267929077148e-02,1.372801954858005047e-03
2.782025635242462158e-01,4.375774860382080078e+00,2.740442752838134766e-02
2.311814278364181519e-01,4.586625993251800537e-01,1.834182068705558777e-03
2.473920881748199463e-01,2.945433378219604492e+00,1.056459359824657440e-02
3.221580982208251953e-01,2.760510921478271484e+00,2.123302593827247620e-02
9.411603212356567383e-01,4.994191229343414307e-02,3.596645593643188477e-02
1.643455773591995239e-01,3.133310079574584961e+00,1.541747245937585831e-03
9.870396852493286133e-01,4.413324832916259766e+00,1.603127829730510712e-02
9.122725725173950195e-01,3.313795030117034912e-01,1.058850064873695374e-02
1.318406611680984497e-01,3.953538537025451660e-01,7.390495389699935913e-03
3.321537673473358154e-01,3.254256248474121094e+00,1.721261255443096161e-02
3.114650547504425049e-01,5.887193977832794189e-02,2.284798398613929749e-02
1.362826675176620483e-01,1.826055645942687988e+00,1.346739358268678188e-03
1.329192817211151123e-01,3.181493759155273438e+00,1.868709921836853027e-02
9.926313906908035278e-02,4.804388523101806641e+00,2.940811961889266968e-02
2.637634873390197754e-01,3.528306484222412109e+00,1.054478995501995087e-02
3.394849002361297607e-01,4.957610130310058594e+00,3.359204158186912537e-03
1.979382187128067017e-01,3.300913095474243164e+00,9.371048770844936371e-03
4.742168486118316650e-01,1.929951906204223633e+00,1.508142915554344654e-03
1.609283238649368286e-01,2.140324592590332031e+00,2.355434233322739601e-03
3.340161740779876709e-01,3.126381397247314453e+00,8.098905673250555992e-04
3.327002823352813721e-01,4.335757255554199219e+00,8.047807030379772186e-03
2.919338047504425049e-01,4.990127563476562500e+00,1.217000931501388550e-02
1.040635928511619568e-01,4.306731224060058594e+00,8.185610175132751465e-03
1.840611994266510010e-01,4.956602096557617188e+00,2.697059698402881622e-02
1.443046778440475464e-01,4.895375251770019531e+00,1.130527444183826447e-02
1.469610333442687988e-01,3.060330867767333984e+00,1.822315342724323273e-02
1.743893474340438843e-01,1.709246397018432617e+00,1.583016477525234222e-02
3.327111601829528809e-01,2.171716928482055664e+00,1.398782525211572647e-02
1.022771522402763367e-01,2.116039276123046875e+00,8.801518939435482025e-03
1.434942483901977539e-01,4.934347629547119141e+00,1.139931473881006241e-02
2.918685972690582275e-01,4.870815277099609375e+00,7.502338849008083344e-03
1.494319885969161987e-01,1.579441189765930176e+00,6.319670937955379486e-04
2.806081473827362061e-01,1.282159686088562012e-01,4.397911950945854187e-03
3.571602106094360352e-01,1.754309892654418945e+00,2.175792120397090912e-02
1.545461863279342651e-01,3.061020612716674805e+00,1.009331177920103073e-02
1.273385882377624512e-01,4.817132949829101562e+00,1.440051756799221039e-02
3.548162579536437988e-01,4.899205207824707031e+00,4.510678991209715605e-04
3.029375970363616943e-01,1.803084850311279297e+00,1.307496707886457443e-02
3.381846845149993896e-01,9.424303472042083740e-02,1.008089538663625717e-02
1.483003944158554077e-01,2.473469257354736328e+00,7.235196884721517563e-03
3.254242837429046631e-01,1.842066884040832520e+00,1.326089352369308472e-02
1.798511594533920288e-01,4.296559333801269531e+00,2.661003032699227333e-03
2.726701200008392334e-01,4.893171310424804688e+00,1.028457377105951309e-02
1.546151340007781982e-01,6.006569862365722656e-01,1.979250274598598480e-02
3.443692624568939209e-01,4.945008754730224609e+00,9.045573882758617401e-03
1.485420763492584229e-01,3.303801536560058594e+00,1.223095896421000361e-04
2.785986959934234619e-01,2.844546556472778320e+00,1.073677092790603638e-02
3.213918209075927734e-01,1.465441882610321045e-01,6.784898694604635239e-03
3.385277390480041504e-01,4.967959880828857422e+00,6.476456765085458755e-03
3.105432391166687012e-01,1.411890089511871338e-01,7.525528315454721451e-03
6.977071613073348999e-02,4.909320354461669922e+00,5.269265267997980118e-03
1.794671267271041870e-01,4.456137180328369141e+00,9.175425395369529724e-03
3.155883848667144775e-01,5.060651302337646484e-01,9.863570332527160645e-03
3.354388773441314697e-01,3.876202553510665894e-02,1.573863811790943146e-02
2.586812078952789307e-01,1.904258728027343750e-01,4.950870643369853497e-04
1.515243649482727051e-01,1.471692472696304321e-01,6.426383741199970245e-03
3.541773557662963867e-01,3.301938533782958984e+00,4.500623326748609543e-03
1.065688133239746094e-01,3.056304216384887695e+00,2.690123394131660461e-02
3.393533527851104736e-01,4.858713150024414062e+00,2.411058545112609863e-02
3.428471982479095459e-01,4.915398597717285156e+00,6.758887320756912231e-03
9.739622473716735840e-01,1.944758415222167969e+00,1.012306753545999527e-02
3.362840116024017334e-01,3.173997879028320312e+00,1.612762734293937683e-02
1.755352914333343506e-01,8.131021261215209961e-01,7.816013880074024200e-03
8.783115148544311523e-01,3.455049753189086914e+00,9.340625256299972534e-03
1.680359095335006714e-01,1.380389034748077393e-01,3.198929363861680031e-03
9.891616553068161011e-02,2.603633880615234375e+00,2.948871813714504242e-03
3.271879553794860840e-01,3.412061691284179688e+00,8.396060205996036530e-03
1.330272257328033447e-01,2.896334409713745117e+00,2.020406536757946014e-02
1.533447057008743286e-01,4.872135162353515625e+00,8.646118454635143280e-03
1.475871354341506958e-01,5.752067565917968750e-01,3.243358805775642395e-03
3.128300309181213379e-01,5.428006649017333984e-01,5.190615542232990265e-03
1.431979835033416748e-01,4.034048557281494141e+00,3.957925830036401749e-03
3.138697147369384766e-01,5.244565606117248535e-01,1.163936778903007507e-02
2.716642618179321289e-01,8.965341746807098389e-02,6.742675323039293289e-03
1.363689750432968140e-01,3.390076637268066406e+00,2.246356196701526642e-02
6.308959722518920898e-01,4.155786037445068359e+00,4.966774955391883850e-03
1.387160867452621460e-01,3.183990955352783203e+00,1.140311174094676971e-02
1.018586680293083191e-01,4.913974285125732422e+00,6.038933061063289642e-03
9.416346251964569092e-02,1.075622677803039551e+00,9.528142400085926056e-03
3.121882975101470947e-01,2.986581325531005859e+00,2.901174128055572510e-02
3.208721876144409180e-01,8.771156519651412964e-02,2.791880443692207336e-02
1.676687002182006836e-01,7.164106518030166626e-02,1.104572508484125137e-02
7.034466862678527832e-01,2.577613890171051025e-01,9.873318485915660858e-03
3.203534185886383057e-01,3.078873872756958008e+00,1.758477278053760529e-02
1.591398864984512329e-01,3.314179420471191406e+00,9.050601162016391754e-03
6.342045068740844727e-01,6.097394973039627075e-02,1.639994978904724121e-02
1.362529993057250977e-01,3.821737051010131836e+00,4.742677323520183563e-03
1.622609049081802368e-01,3.124391317367553711e+00,9.579241275787353516e-03
1.752551198005676270e-01,3.044056892395019531e+00,1.989290490746498108e-02
3.490660786628723145e-01,4.722157955169677734e+00,5.348889622837305069e-03
3.529443144798278809e-01,3.898885250091552734e+00,7.664922159165143967e-03
3.290689587593078613e-01,4.804103851318359375e+00,4.916804376989603043e-03
1.709887832403182983e-01,8.540786802768707275e-02,1.906223595142364502e-02
3.339803814888000488e-01,5.762625485658645630e-02,2.027117274701595306e-02
1.514866799116134644e-01,4.915500640869140625e+00,2.754838671535253525e-03
3.436472415924072266e-01,1.147985383868217468e-01,8.770992979407310486e-03
7.012867927551269531e-02,4.695224761962890625e+00,5.030443426221609116e-03
3.305355608463287354e-01,3.266455411911010742e+00,8.123327046632766724e-03
3.196521699428558350e-01,1.588318586349487305e+00,8.550127968192100525e-03
1.126123741269111633e-01,3.337724685668945312e+00,1.885347813367843628e-02
2.255022972822189331e-01,4.949395656585693359e+00,9.165574796497821808e-03
1.605390012264251709e-01,3.083842992782592773e+00,3.666435182094573975e-02
3.514679372310638428e-01,2.941973924636840820e+00,1.884326897561550140e-02
1.677669733762741089e-01,4.754279136657714844e+00,3.791289404034614563e-03
1.046745926141738892e-01,3.983403444290161133e+00,2.531356876716017723e-03
2.541498541831970215e-01,2.978253602981567383e+00,2.675660699605941772e-02
6.481875479221343994e-02,4.955946922302246094e+00,4.310592194087803364e-04
2.053001672029495239e-01,4.267333745956420898e-01,7.562057115137577057e-03
9.059558808803558350e-02,3.298342943191528320e+00,8.444902487099170685e-03
5.705897212028503418e-01,3.031177043914794922e+00,3.112907335162162781e-02
3.583384752273559570e-01,2.135628461837768555e+00,9.946580976247787476e-03
1.517718583345413208e-01,3.592693090438842773e+00,1.876190118491649628e-02
2.444566488265991211e-01,4.975665569305419922e+00,1.137653551995754242e-02
1.789541691541671753e-01,4.869185924530029297e+00,6.705787032842636108e-03
2.130343019962310791e-01,3.424013614654541016e+00,1.589922048151493073e-02
1.206277459859848022e-01,3.980274915695190430e+00,5.023004487156867981e-03
1.391022950410842896e-01,4.818602278828620911e-02,8.454958151560276747e-05
3.444256484508514404e-01,4.920181274414062500e+00,4.314234480261802673e-03
9.549841880798339844e-01,3.408947885036468506e-01,3.820532932877540588e-03
1.296006441116333008e-01,3.497295379638671875e+00,2.148421248421072960e-03
1.296018958091735840e-01,4.958761215209960938e+00,9.117656387388706207e-03
1.358854025602340698e-01,3.053678750991821289e+00,8.955791592597961426e-03
9.168701618909835815e-02,6.352804601192474365e-02,1.146365050226449966e-02
1.334205269813537598e-01,4.261707782745361328e+00,6.473327055573463440e-03
8.255496621131896973e-02,3.939468145370483398e+00,2.506494894623756409e-02
3.277862668037414551e-01,3.883548259735107422e+00,1.397469080984592438e-02
3.532317280769348145e-01,4.970553874969482422e+00,1.472517102956771851e-02
1.910033226013183594e-01,9.559673815965652466e-02,4.363846033811569214e-03
3.226261138916015625e-01,3.267584562301635742e+00,1.651061512529850006e-02
2.745764255523681641e-01,2.817677259445190430e+00,5.529378540813922882e-03
2.049727886915206909e-01,5.877878889441490173e-02,2.226609177887439728e-02
2.552020251750946045e-01,4.868969917297363281e+00,1.448168070055544376e-03
1.870408654212951660e-01,3.332014083862304688e+00,6.774791516363620758e-03
3.402580916881561279e-01,3.211790084838867188e+00,8.074484765529632568e-03
1.338700652122497559e-01,4.420819759368896484e+00,1.665493287146091461e-02
3.915806710720062256e-01,4.382631778717041016e+00,1.752726174890995026e-02
3.435209691524505615e-01,8.615804463624954224e-02,1.412757858633995056e-02
2.027465850114822388e-01,4.551373124122619629e-01,3.582383319735527039e-02
1.184284910559654236e-01,1.455318182706832886e-01,2.217733534052968025e-03
1.819247156381607056e-01,7.555707544088363647e-02,8.203566540032625198e-04
3.089244365692138672e-01,4.560510158538818359e+00,8.989549241960048676e-03
3.065184056758880615e-01,7.391553372144699097e-03,1.078674104064702988e-02
1.025893688201904297e-01,3.977992057800292969e+00,1.560935098677873611e-02
1.807533800601959229e-01,4.084565162658691406e+00,1.369426120072603226e-02
1.842479258775711060e-01,1.835528910160064697e-01,1.033218484371900558e-02
1.349065303802490234e-01,4.908275127410888672e+00,3.038474917411804199e-02
9.724587202072143555e-02,3.008020162582397461e+00,1.060030143707990646e-02
1.609646379947662354e-01,2.832561254501342773e+00,6.143440026789903641e-03
3.406147062778472900e-01,3.150088548660278320e+00,6.688138470053672791e-03
2.555759251117706299e-01,4.877497196197509766e+00,6.768737919628620148e-03
1.694875806570053101e-01,5.047736167907714844e-01,5.544256418943405151e-03
1.461312323808670044e-01,2.772425413131713867e+00,1.619298942387104034e-02
1.383647918701171875e-01,6.026837974786758423e-02,9.500027517788112164e-04
3.480438888072967529e-01,4.176841259002685547e+00,6.397345568984746933e-03
2.946789562702178955e-01,2.572014570236206055e+00,2.181943506002426147e-02
1.869985908269882202e-01,1.683413147926330566e+00,4.643044434487819672e-03
6.046034768223762512e-02,3.583078384399414062e+00,4.673313815146684647e-03
1.915505528450012207e-01,9.378820657730102539e-02,2.195908501744270325e-02
1.605650186538696289e-01,6.357658654451370239e-02,1.135242264717817307e-02
1.924491375684738159e-01,5.162577629089355469e-01,4.262109287083148956e-03
9.419509768486022949e-01,4.796185016632080078e+00,1.299211010336875916e-02
3.516688346862792969e-01,4.866170883178710938e+00,8.411041460931301117e-03
3.330822885036468506e-01,1.227276682853698730e+00,1.393190305680036545e-02
1.538985967636108398e-01,3.167393684387207031e+00,1.234280178323388100e-03
4.876443445682525635e-01,2.812949180603027344e+00,1.425994373857975006e-02
1.726352125406265259e-01,3.078608274459838867e+00,2.173108980059623718e-02
5.839909613132476807e-02,4.869282722473144531e+00,1.718829385936260223e-02
5.785355716943740845e-02,4.305121898651123047e+00,1.049399841576814651e-02
9.705156087875366211e-01,4.911279201507568359e+00,1.065909583121538162e-02
3.291958570480346680e-01,3.082039356231689453e-01,9.355349466204643250e-03
1.241566538810729980e-01,4.887372016906738281e+00,1.859336532652378082e-02
3.029566109180450439e-01,1.141587793827056885e-01,1.857340894639492035e-02
3.267939984798431396e-01,3.992891073226928711e+00,2.306536212563514709e-02
3.115497827529907227e-01,5.163874626159667969e-01,6.723948754370212555e-04
1.276963651180267334e-01,3.123750925064086914e+00,8.408168330788612366e-03
1.618853956460952759e-01,4.896661043167114258e-01,1.309092249721288681e-02
1.378789842128753662e-01,4.147546291351318359e+00,8.063505403697490692e-03
1.635144948959350586e-01,4.294943809509277344e+00,1.265976019203662872e-02
1.484247595071792603e-01,2.171122550964355469e+00,9.157519787549972534e-03
2.897312939167022705e-01,2.335050821304321289e+00,9.220316074788570404e-03
3.503300249576568604e-01,4.767880439758300781e+00,4.222656600177288055e-03
1.629644632339477539e-01,2.481808215379714966e-01,7.049218402244150639e-04
6.366686224937438965e-01,4.489416122436523438e+00,3.540000645443797112e-03
6.802815198898315430e-02,2.923543930053710938e+00,1.138187129981815815e-03
8.407095074653625488e-02,3.973812580108642578e+00,1.613829866982996464e-03
8.717139065265655518e-02,4.234826564788818359e+00,1.206206437200307846e-02
1.986216008663177490e-01,5.055084228515625000e-01,5.747113842517137527e-03
1.447900086641311646e-01,4.793607234954833984e+00,1.400701329112052917e-02
2.231506258249282837e-01,3.151226043701171875e+00,1.522815902717411518e-03
1.651968806982040405e-01,3.446952104568481445e+00,6.666642148047685623e-03
2.114530354738235474e-01,2.950148820877075195e+00,1.094239857047796249e-02
3.374878466129302979e-01,4.172689437866210938e+00,8.470349013805389404e-03
9.962102770805358887e-02,3.194908857345581055e+00,4.245281685143709183e-03
2.739191651344299316e-01,3.182213306427001953e+00,2.285039611160755157e-02
7.737793773412704468e-02,4.985089778900146484e+00,2.787052839994430542e-02
1.252421736717224121e-01,4.927776813507080078e+00,1.495291106402873993e-02
3.378006517887115479e-01,3.371809005737304688e+00,8.938039653003215790e-03
1.756788939237594604e-01,3.160976171493530273e+00,2.179793827235698700e-02
3.102059662342071533e-01,2.768907785415649414e+00,7.866959087550640106e-03
3.195177912712097168e-01,3.004975318908691406e+00,5.001148674637079239e-04
1.392597556114196777e-01,2.876666545867919922e+00,6.751243025064468384e-03
3.679293394088745117e-01,4.013901710510253906e+00,6.735954433679580688e-03
3.430488705635070801e-01,3.272029876708984375e+00,2.530638594180345535e-03
2.889857292175292969e-01,4.447205543518066406e+00,3.080518916249275208e-03
3.339427411556243896e-01,4.858103275299072266e+00,7.733413483947515488e-03
3.554191589355468750e-01,3.524599373340606689e-01,3.931247629225254059e-03
7.978653907775878906e-02,3.903535604476928711e+00,3.650817961897701025e-04
8.894898742437362671e-02,3.304646253585815430e+00,2.097973600029945374e-02
2.259864956140518188e-01,4.879194259643554688e+00,2.687075920403003693e-02
3.032090067863464355e-01,5.362225174903869629e-01,1.498005166649818420e-02
3.216217458248138428e-01,4.228933334350585938e+00,1.273887173738330603e-04
1.571316272020339966e-01,4.995773792266845703e+00,6.167758256196975708e-03
8.005077391862869263e-02,4.166497707366943359e+00,1.403682027012109756e-02
1.232182309031486511e-01,3.043485641479492188e+00,3.834672272205352783e-02
2.520899176597595215e-01,4.907283306121826172e+00,1.065263152122497559e-02
1.518812924623489380e-01,4.959399700164794922e+00,1.453349832445383072e-02
3.273387253284454346e-01,3.393970966339111328e+00,1.989572681486606598e-02
2.278531342744827271e-01,1.582156300544738770e+00,1.304310653358697891e-02
3.253234624862670898e-01,2.142193317413330078e-01,1.581862196326255798e-02
3.315739035606384277e-01,3.524526357650756836e+00,1.590814627707004547e-02
3.501724004745483398e-01,4.338567733764648438e+00,6.943428888916969299e-03
1.528797149658203125e-01,3.209967851638793945e+00,1.732568629086017609e-02
1.651178002357482910e-01,1.285352557897567749e-01,1.829256885685026646e-03
2.864388227462768555e-01,4.926804065704345703e+00,4.662591032683849335e-03
2.600672841072082520e-01,2.280382156372070312e+00,5.728644318878650665e-04
1.616974025964736938e-01,3.963394403457641602e+00,5.728593096137046814e-03
3.415851294994354248e-01,3.128915309906005859e+00,9.390133433043956757e-03
1.935644745826721191e-01,4.895914077758789062e+00,1.685296767391264439e-03
2.915278077125549316e-01,3.013874769210815430e+00,1.959313452243804932e-02
6.989801675081253052e-02,2.778537273406982422e+00,1.012086216360330582e-02
9.615555405616760254e-02,3.877048492431640625e+00,1.367876771837472916e-02
7.971472293138504028e-02,3.822922229766845703e+00,1.332661416381597519e-02
1.537751406431198120e-01,5.097411572933197021e-02,1.411075051873922348e-02
3.372443616390228271e-01,1.690605282783508301e+00,7.589453365653753281e-03
1.361087709665298462e-01,2.994699954986572266e+00,6.943531800061464310e-03
3.442152738571166992e-01,5.100891590118408203e-01,3.107474185526371002e-02
1.119380146265029907e-01,6.295425817370414734e-03,2.535081654787063599e-02
2.505838871002197266e-01,4.893213748931884766e+00,9.967462159693241119e-03
1.381701231002807617e-01,4.942804336547851562e+00,2.731289947405457497e-03
1.359316259622573853e-01,4.228950500488281250e+00,4.795725923031568527e-03
1.560006737709045410e-01,4.842069149017333984e+00,2.270022779703140259e-02
8.681998848915100098e-01,4.748095989227294922e+00,5.738135892897844315e-03
3.110157549381256104e-01,3.257622480392456055e+00,1.099267695099115372e-02
1.020490825176239014e-01,9.974043965339660645e-01,1.878868206404149532e-03
3.316872715950012207e-01,4.861473560333251953e+00,6.567573174834251404e-03
3.054841756820678711e-01,3.467154979705810547e+00,2.600043267011642456e-02
3.340265750885009766e-01,2.080100059509277344e+00,9.544149041175842285e-03
7.822619378566741943e-02,1.342926174402236938e-01,1.680217683315277100e-03
1.979763954877853394e-01,5.037053227424621582e-01,8.872472681105136871e-03
3.191023170948028564e-01,4.285593330860137939e-01,2.264153584837913513e-02
7.828267663717269897e-02,3.203801631927490234e+00,1.283901836723089218e-02
3.304134011268615723e-01,2.939139366149902344e+00,7.372846361249685287e-03
1.370650231838226318e-01,3.340584993362426758e+00,8.693677373230457306e-03
7.336674630641937256e-02,2.996751546859741211e+00,2.080212160944938660e-02
9.700378179550170898e-01,4.528284966945648193e-01,1.474143471568822861e-02
9.099355340003967285e-02,1.922334432601928711e+00,9.341035969555377960e-03
1.856574416160583496e-01,2.195910960435867310e-01,5.986910779029130936e-03
1.584074497222900391e-01,4.709669947624206543e-01,8.997809141874313354e-03
3.161386549472808838e-01,4.108560562133789062e+00,7.881580851972103119e-03
9.875323772430419922e-01,4.613440513610839844e+00,4.515450447797775269e-03
3.254159092903137207e-01,4.878980159759521484e+00,5.688216537237167358e-03
1.277691572904586792e-01,4.992096900939941406e+00,1.979086175560951233e-02
3.600525557994842529e-01,4.196236133575439453e+00,4.926141817122697830e-03
1.648161858320236206e-01,4.023293554782867432e-01,8.705117739737033844e-03
9.577102959156036377e-02,2.903392553329467773e+00,9.068250656127929688e-03
1.154820546507835388e-01,4.477550506591796875e+00,7.095597684383392334e-03
1.410708874464035034e-01,4.058292388916015625e+00,1.436573266983032227e-02
3.102762401103973389e-01,9.782711416482925415e-02,2.291252603754401207e-03
1.561914086341857910e-01,2.151373386383056641e+00,2.059582620859146118e-02
1.564462035894393921e-01,2.999493598937988281e+00,1.137992180883884430e-02
2.415314316749572754e-01,2.963183164596557617e+00,9.764757938683032990e-03
3.065158128738403320e-01,4.845864325761795044e-02,1.888780109584331512e-02
1.137985959649085999e-01,4.924722194671630859e+00,2.817635191604495049e-03
1.383005678653717041e-01,4.375509262084960938e+00,1.145113274105824530e-04
1.908669024705886841e-01,7.486090809106826782e-02,3.610831499099731445e-02
3.285645246505737305e-01,2.928863465785980225e-01,2.403301186859607697e-03
2.460253387689590454e-01,4.199743270874023438e+00,5.636809859424829483e-03
1.264180988073348999e-01,3.878190517425537109e-01,6.005380302667617798e-03
2.910351753234863281e-01,1.316217780113220215e+00,8.122505620121955872e-03
9.004213660955429077e-02,3.268030881881713867e+00,1.411670166999101639e-02
3.092176616191864014e-01,3.602742433547973633e+00,1.549853291362524033e-02
2.515347003936767578e-01,4.986034870147705078e+00,7.679133675992488861e-03
3.502604961395263672e-01,4.966483592987060547e+00,1.052914187312126160e-02
1.684986203908920288e-01,3.307460069656372070e+00,4.260467831045389175e-03
2.661192715167999268e-01,1.621264934539794922e+00,8.351014927029609680e-03
3.274065554141998291e-01,4.813228547573089600e-01,2.663722261786460876e-03
3.778473138809204102e-01,2.493740081787109375e+00,9.124941192567348480e-03
3.123676180839538574e-01,9.883282333612442017e-02,1.143984589725732803e-02
3.305076062679290771e-01,3.239551544189453125e+00,7.768711075186729431e-03
3.282282054424285889e-01,4.954414844512939453e+00,5.369103513658046722e-03
1.736007779836654663e-01,4.355782985687255859e+00,1.349294278770685196e-02
1.184499114751815796e-01,3.287528514862060547e+00,2.402511239051818848e-02
9.126794338226318359e-02,4.819955825805664062e+00,6.305305287241935730e-03
8.639723062515258789e-02,3.162443161010742188e+00,1.446249336004257202e-02
1.501480787992477417e-01,3.294920444488525391e+00,1.110164728015661240e-02
3.330684304237365723e-01,3.118368625640869141e+00,9.474477730691432953e-03
2.789642214775085449e-01,3.332716703414916992e+00,1.439056452363729477e-02
3.010397553443908691e-01,3.094803571701049805e+00,8.181403391063213348e-03
1.227045059204101562e-01,4.256479263305664062e+00,4.251797217875719070e-03
3.132241368293762207e-01,4.789614677429199219e+00,1.164249726571142673e-03
1.235815435647964478e-01,3.234495162963867188e+00,5.207494832575321198e-03
3.436279892921447754e-01,3.419183015823364258e+00,6.459167227149009705e-03
1.641793102025985718e-01,6.048750132322311401e-02,2.827070094645023346e-02
1.618962436914443970e-01,8.711572736501693726e-02,1.894300431013107300e-02
3.174011409282684326e-01,2.742362260818481445e+00,1.709502190351486206e-02
3.652654290199279785e-01,3.027401208877563477e+00,8.345269598066806793e-03
3.306586146354675293e-01,6.941685080528259277e-02,1.524026691913604736e-02
2.956128418445587158e-01,5.536631494760513306e-02,5.164193920791149139e-03
2.344345301389694214e-01,2.966675996780395508e+00,7.208159659057855606e-03
1.627506166696548462e-01,4.209105491638183594e+00,3.425797214731574059e-03
1.450403630733489990e-01,1.851631522178649902e+00,1.598705351352691650e-02
1.832906007766723633e-01,1.759170927107334137e-02,9.465653449296951294e-03
2.352865934371948242e-01,4.837553501129150391e+00,1.666365569690242410e-04
6.133230403065681458e-02,3.914986371994018555e+00,7.074357941746711731e-03
8.149432390928268433e-02,4.803381443023681641e+00,3.651536302641034126e-03
3.465870022773742676e-01,4.964042663574218750e+00,1.004744553938508034e-03
6.774270534515380859e-02,4.417007923126220703e+00,5.066921003162860870e-03
2.762924134731292725e-01,3.432981729507446289e+00,5.664052441716194153e-03
2.945877611637115479e-01,4.715944290161132812e+00,2.494428120553493500e-02
9.331823885440826416e-02,2.870407342910766602e+00,3.765093535184860229e-02
1.596131920814514160e-01,7.201623916625976562e-02,2.472305670380592346e-02
1.196227595210075378e-01,5.435542464256286621e-01,2.561523811891674995e-03
6.786286234855651855e-01,1.817746162414550781e-01,9.259307757019996643e-03
1.808579266071319580e-01,3.371774911880493164e+00,7.896869443356990814e-03
1.118732094764709473e-01,2.216282606124877930e+00,7.560210069641470909e-04
1.632686257362365723e-01,4.958432197570800781e+00,3.365822369232773781e-03
2.668293118476867676e-01,4.226192533969879150e-01,2.540283836424350739e-03
3.610108494758605957e-01,3.375404834747314453e+00,1.363977673463523388e-03
2.636313736438751221e-01,3.171564102172851562e+00,7.692729122936725616e-03
2.070284336805343628e-01,4.964884281158447266e+00,8.399754762649536133e-03
2.850585281848907471e-01,2.569944620132446289e+00,4.812246188521385193e-03
1.205656006932258606e-01,3.912138938903808594e+00,6.133333314210176468e-03
3.321653008460998535e-01,3.013983964920043945e+00,1.127259340137243271e-02
3.426747620105743408e-01,7.939053326845169067e-02,1.256269309669733047e-02
8.294688165187835693e-02,3.031470537185668945e+00,2.093115076422691345e-02
3.189089596271514893e-01,1.349658817052841187e-01,2.046735957264900208e-03
2.554102540016174316e-01,4.523975372314453125e+00,6.185048259794712067e-03
1.568440049886703491e-01,3.071633577346801758e-01,7.166808005422353745e-03
1.033010035753250122e-01,4.082384109497070312e+00,5.230274051427841187e-03
7.890760153532028198e-02,3.124884843826293945e+00,1.137119997292757034e-02
2.931187748908996582e-01,8.616471290588378906e-02,2.920757047832012177e-03
3.359037935733795166e-01,1.414105057716369629e+00,8.131894282996654510e-03
2.957469820976257324e-01,6.332738697528839111e-02,2.202203683555126190e-02
3.425063788890838623e-01,4.664713740348815918e-01,2.374868467450141907e-02
9.990112483501434326e-02,6.365144997835159302e-02,2.818661276251077652e-03
1.592459976673126221e-01,1.800929009914398193e-01,1.362130627967417240e-03
3.452212512493133545e-01,4.630811214447021484e-01,1.412321720272302628e-02
1.768151819705963135e-01,4.273051023483276367e-02,8.312434889376163483e-03
3.400625586509704590e-01,3.095760345458984375e+00,1.411470118910074234e-02
1.716392040252685547e-01,2.993501424789428711e+00,2.046397328376770020e-02
1.143344268202781677e-01,3.396693944931030273e+00,1.051441766321659088e-02
1.059359088540077209e-01,4.923996448516845703e+00,1.362222991883754730e-02
1.511579155921936035e-01,1.668484091758728027e+00,3.485515480861067772e-03
3.410603702068328857e-01,3.288037776947021484e+00,1.443807152099907398e-03
1.095103099942207336e-01,3.904288768768310547e+00,6.540587171912193298e-03
5.893509984016418457e-01,2.564458847045898438e+00,3.596486756578087807e-03
1.579502075910568237e-01,3.888887166976928711e+00,2.994122216477990150e-03
3.337390422821044922e-01,5.834772065281867981e-02,1.023578364402055740e-02
3.457074165344238281e-01,3.182347059249877930e+00,1.853924058377742767e-02
3.309653997421264648e-01,3.029949903488159180e+00,5.786977708339691162e-03
1.235508993268013000e-01,3.965678691864013672e+00,8.360558189451694489e-03
1.208738461136817932e-01,4.098992824554443359e+00,7.823914289474487305e-03
1.439699381589889526e-01,4.972653388977050781e+00,1.754711614921689034e-03
3.605543673038482666e-01,1.791372708976268768e-02,2.877215109765529633e-02
3.136487603187561035e-01,2.913877725601196289e+00,6.635756697505712509e-03
6.456108391284942627e-02,2.187898874282836914e+00,1.321564335376024246e-02
1.405120939016342163e-01,6.655662506818771362e-02,9.087950922548770905e-03
7.230471372604370117e-01,3.290057554841041565e-02,8.609281852841377258e-03
3.724271357059478760e-01,4.619667530059814453e+00,1.384212076663970947e-02
2.709207534790039062e-01,4.844125270843505859e+00,2.436649054288864136e-03
1.875543594360351562e-01,6.779854744672775269e-02,1.105701271444559097e-02
1.548158526420593262e-01,4.946872234344482422e+00,9.425225667655467987e-03
1.380718797445297241e-01,4.073914051055908203e+00,4.751296713948249817e-03
3.929952085018157959e-01,2.962620496749877930e+00,1.794831641018390656e-02
1.535757333040237427e-01,4.531965032219886780e-02,1.911938935518264771e-02
2.240415066480636597e-01,4.952965259552001953e+00,2.727544866502285004e-03
6.424331665039062500e-01,2.278867006301879883e+00,6.782641168683767319e-03
1.562296450138092041e-01,6.328426003456115723e-01,6.043191533535718918e-03
1.437565535306930542e-01,3.331195116043090820e+00,5.351403728127479553e-03
3.550176918506622314e-01,2.514220952987670898e+00,2.658412232995033264e-02
1.821279823780059814e-01,6.040453910827636719e-01,6.799160968512296677e-03
8.610518276691436768e-02,3.325930595397949219e+00,1.235614158213138580e-02
9.686289727687835693e-02,4.355025663971900940e-02,2.478852123022079468e-02
9.635346382856369019e-02,3.234500646591186523e+00,4.766431171447038651e-03
1.320019960403442383e-01,3.643982410430908203e+00,8.389493450522422791e-03
2.572982609272003174e-01,4.484712123870849609e+00,3.535178024321794510e-03
3.399891555309295654e-01,4.475909233093261719e+00,5.434875842183828354e-03
2.832899391651153564e-01,3.335407257080078125e+00,2.117023058235645294e-02
7.111777365207672119e-02,4.549187660217285156e+00,1.115664490498602390e-03
1.765604168176651001e-01,3.105682134628295898e+00,1.425465941429138184e-02
1.509009599685668945e-01,3.030472993850708008e+00,2.037501195445656776e-03
1.571908295154571533e-01,4.724435806274414062e-01,1.562617905437946320e-02
1.881302893161773682e-01,6.208739280700683594e-01,4.024826921522617340e-04
1.139552891254425049e-01,4.764503955841064453e+00,3.604541532695293427e-03
2.811737060546875000e-01,1.662895232439041138e-01,1.733815297484397888e-02
3.169950246810913086e-01,4.804834842681884766e+00,1.241534668952226639e-02
1.940004080533981323e-01,2.215727716684341431e-01,4.822609753318829462e-06
3.343737125396728516e-01,4.234691143035888672e+00,5.920215044170618057e-03
1.610232889652252197e-01,6.092557683587074280e-02,1.099257450550794601e-02
1.312950998544692993e-01,3.834317445755004883e+00,5.876862909644842148e-03
1.145277023315429688e-01,3.272451400756835938e+00,8.172784000635147095e-04
6.434480547904968262e-01,2.287586212158203125e+00,1.642601378262042999e-02
1.260420680046081543e-01,3.128502368927001953e+00,1.281223725527524948e-02
3.730909824371337891e-01,2.160291910171508789e+00,8.294118568301200867e-03
1.320760548114776611e-01,3.255571365356445312e+00,1.411023736000061035e-02
3.018378019332885742e-01,5.582447648048400879e-01,8.369587361812591553e-03
2.473078370094299316e-01,4.945471286773681641e+00,1.315936259925365448e-02
2.732211947441101074e-01,3.077609062194824219e+00,2.779290452599525452e-02
3.565226495265960693e-01,4.837319374084472656e+00,9.799440391361713409e-03
1.704077273607254028e-01,5.581088736653327942e-02,6.193359382450580597e-03
1.573771089315414429e-01,2.894207477569580078e+00,2.432596124708652496e-02
1.365246623754501343e-01,4.989119052886962891e+00,2.938713645562529564e-03
9.570117592811584473e-01,4.780194759368896484e+00,1.014066487550735474e-02
1.477366536855697632e-01,1.946451425552368164e+00,4.069666843861341476e-03
3.286449611186981201e-01,2.580418586730957031e-01,3.133962675929069519e-02
1.503278613090515137e-01,6.135989353060722351e-02,1.011532079428434372e-02
3.017487227916717529e-01,4.827170372009277344e+00,3.130797063931822777e-03
3.635599315166473389e-01,2.134386062622070312e+00,1.595329493284225464e-02
2.608802914619445801e-01,4.959580898284912109e+00,2.262522233650088310e-03
8.391929417848587036e-02,3.288987874984741211e+00,6.701990962028503418e-03
2.700571119785308838e-01,4.914119243621826172e+00,5.726130679249763489e-03
3.468254804611206055e-01,2.723029136657714844e+00,7.610642351210117340e-03
1.602261513471603394e-01,5.691412091255187988e-01,1.642057485878467560e-02
1.659052968025207520e-01,4.986903190612792969e+00,5.237661767750978470e-03
9.682676792144775391e-01,2.524193048477172852e+00,4.325624089688062668e-03
1.006454378366470337e-01,3.892966032028198242e+00,8.712762035429477692e-03
3.629879355430603027e-01,2.628982961177825928e-01,1.377234701067209244e-02
3.611823022365570068e-01,2.770111560821533203e+00,3.987169358879327774e-03
1.550722420215606689e-01,3.953063189983367920e-01,2.459915727376937866e-02
3.242696523666381836e-01,3.072025060653686523e+00,5.157473031431436539e-03
2.224174290895462036e-01,3.929125785827636719e+00,2.949384972453117371e-03
8.530718833208084106e-02,6.398253142833709717e-02,2.639650180935859680e-02
3.510441184043884277e-01,4.895422935485839844e+00,6.331675685942173004e-03
8.595259487628936768e-02,4.213765621185302734e+00,7.595199625939130783e-03
1.076245531439781189e-01,3.652792692184448242e+00,2.515914291143417358e-02
3.079984188079833984e-01,5.086650252342224121e-01,7.093237712979316711e-03
2.829613685607910156e-01,4.044228076934814453e+00,1.031289435923099518e-02
2.012031227350234985e-01,6.348360329866409302e-02,1.138433441519737244e-02
3.157560825347900391e-01,6.667618751525878906e-01,8.435256779193878174e-03
3.633494079113006592e-01,4.171047806739807129e-01,1.496937964111566544e-02
3.914068043231964111e-01,2.859412670135498047e+00,3.449448384344577789e-03
1.388174742460250854e-01,4.913832664489746094e+00,1.075200829654932022e-02
2.659046947956085205e-01,4.097378253936767578e+00,1.026364136487245560e-02
1.220002993941307068e-01,4.830275058746337891e+00,1.261522807180881500e-02
1.335850656032562256e-01,3.468790292739868164e+00,5.204929504543542862e-03
1.338392198085784912e-01,3.959305286407470703e+00,3.215346718207001686e-03
3.852878808975219727e-01,2.781579971313476562e+00,4.475894849747419357e-03
2.198193073272705078e-01,1.627789437770843506e-01,2.851598663255572319e-03
3.075039386749267578e-01,4.407577037811279297e+00,7.966848090291023254e-03
1.217356845736503601e-01,3.406451702117919922e+00,7.370383944362401962e-03
9.965042769908905029e-02,4.842832565307617188e+00,1.150264218449592590e-02
1.719441562891006470e-01,1.961008459329605103e-01,1.254791673272848129e-02
1.266116797924041748e-01,4.923309803009033203e+00,4.680958110839128494e-03
1.452892273664474487e-01,3.050803422927856445e+00,5.352378357201814651e-03
1.588649749755859375e-01,1.919231563806533813e-01,3.599000629037618637e-04
2.970466017723083496e-01,1.898729354143142700e-01,1.880910061299800873e-02
1.561933755874633789e-01,4.853925704956054688e+00,5.921754054725170135e-03
1.515037119388580322e-01,4.138007164001464844e+00,4.503906704485416412e-03
3.412267565727233887e-01,4.296831130981445312e+00,4.810091108083724976e-03
1.555654853582382202e-01,3.653423786163330078e+00,8.708452805876731873e-03
2.725287079811096191e-01,4.994805335998535156e+00,2.538970485329627991e-02
3.406152427196502686e-01,4.940045833587646484e+00,1.541480422019958496e-02
1.407457590103149414e-01,2.855489015579223633e+00,1.473225094377994537e-02
9.256923198699951172e-01,4.762162685394287109e+00,8.254717104136943817e-03
3.531751036643981934e-01,4.944192409515380859e+00,7.335599511861801147e-03
1.194311678409576416e-01,4.948219299316406250e+00,9.814471937716007233e-03
1.628540158271789551e-01,6.015249341726303101e-02,1.336432341486215591e-02
1.575707644224166870e-01,3.531609773635864258e+00,8.620875887572765350e-03
1.355949789285659790e-01,8.162073045969009399e-02,9.495102800428867340e-03
1.656277328729629517e-01,3.088798284530639648e+00,4.886739887297153473e-03
1.592665165662765503e-01,3.012743711471557617e+00,1.954613998532295227e-02
1.322018802165985107e-01,3.531809806823730469e+00,1.132066547870635986e-02
1.763861626386642456e-01,3.237367153167724609e+00,7.708223070949316025e-03
2.383746206760406494e-01,4.932983875274658203e+00,1.141624525189399719e-02
6.734311580657958984e-02,4.791598796844482422e+00,8.472504094243049622e-03
7.992061227560043335e-02,4.412327766418457031e+00,7.579192519187927246e-03
3.598574697971343994e-01,2.640231847763061523e+00,3.116093203425407410e-02
2.282723188400268555e-01,3.275271177291870117e+00,7.822785526514053345e-03
3.282760679721832275e-01,2.393759250640869141e+00,1.354558113962411880e-02
3.450144231319427490e-01,3.969239473342895508e+00,7.989833131432533264e-03
1.509160548448562622e-01,2.972781419754028320e+00,1.126387156546115875e-03
2.521218657493591309e-01,3.696441173553466797e+00,1.290735509246587753e-02
1.949771344661712646e-01,7.508140057325363159e-02,6.317362189292907715e-03
3.328881263732910156e-01,3.217523574829101562e+00,2.002152614295482635e-02
3.355656266212463379e-01,1.077611371874809265e-01,1.453298516571521759e-02
1.407389193773269653e-01,1.041837260127067566e-01,2.008693851530551910e-02
3.451404571533203125e-01,4.146015644073486328e+00,1.686928234994411469e-02
1.161159574985504150e-01,3.529219388961791992e+00,8.455214090645313263e-03
6.451129913330078125e-02,4.984928607940673828e+00,8.560439571738243103e-03
1.599667519330978394e-01,5.726711153984069824e-01,3.275475464761257172e-03
9.867451786994934082e-01,4.817559719085693359e+00,1.664415933191776276e-03
1.589749902486801147e-01,3.807097673416137695e+00,1.339259184896945953e-02
2.833082675933837891e-01,4.367854595184326172e+00,5.415687919594347477e-04
1.488276571035385132e-01,1.681401133537292480e-01,9.132996201515197754e-03
1.952682882547378540e-01,2.843699693679809570e+00,1.007412374019622803e-02
2.417885363101959229e-01,4.686781406402587891e+00,2.400664240121841431e-02
2.940389811992645264e-01,4.970025062561035156e+00,8.219368755817413330e-03
4.235374033451080322e-01,4.850884914398193359e+00,8.484509773552417755e-03
1.123782619833946228e-01,2.685105502605438232e-01,9.868906345218420029e-04
2.237061113119125366e-01,4.820083618164062500e+00,7.692318875342607498e-03
3.554843664169311523e-01,4.959029197692871094e+00,2.662932127714157104e-02
3.329349160194396973e-01,4.826572418212890625e+00,3.401212021708488464e-02
6.447946429252624512e-01,5.491542071104049683e-02,1.811992935836315155e-02
1.663164198398590088e-01,7.060894966125488281e-01,4.151651170104742050e-03
3.654721975326538086e-01,4.038411617279052734e+00,5.543230567127466202e-03
4.448609352111816406e-01,5.809631347656250000e-01,3.168044146150350571e-03
3.365538716316223145e-01,3.002678632736206055e+00,7.306971587240695953e-03
2.811867296695709229e-01,4.429760456085205078e+00,9.927392937242984772e-03
3.163711428642272949e-01,2.963144779205322266e+00,2.246997505426406860e-02
1.648463159799575806e-01,6.761429458856582642e-02,2.678549150004982948e-03
2.135213613510131836e-01,3.179366588592529297e+00,7.152237929403781891e-03
3.282778561115264893e-01,4.910541057586669922e+00,1.547021325677633286e-02
7.643001526594161987e-02,4.955644607543945312e+00,3.991478879470378160e-04
1.636062413454055786e-01,1.486783325672149658e-01,1.812531612813472748e-02
2.696910798549652100e-01,4.929879188537597656e+00,1.294213999062776566e-02
7.043512910604476929e-02,3.594929456710815430e+00,3.857210278511047363e-02
1.675618886947631836e-01,1.911138296127319336e-01,9.257152676582336426e-03
9.459046721458435059e-01,4.136470258235931396e-01,1.152716577053070068e-02
1.830133795738220215e-01,1.631269931793212891e+00,9.809700772166252136e-03
4.139213562011718750e-01,2.597188055515289307e-01,3.043836168944835663e-02
3.289834856986999512e-01,4.943719863891601562e+00,9.610742330551147461e-03
1.606821566820144653e-01,9.417386054992675781e-01,2.145445533096790314e-02
2.494188547134399414e-01,3.524950265884399414e+00,8.891660720109939575e-03
1.586516499519348145e-01,1.161093488335609436e-01,9.224215522408485413e-03
3.256120085716247559e-01,1.478712409734725952e-01,1.925739832222461700e-02
3.314723670482635498e-01,4.751873493194580078e+00,3.151831915602087975e-03
1.521862298250198364e-01,3.036720275878906250e+00,5.343810655176639557e-03
2.806519865989685059e-01,1.638072133064270020e-01,9.099032729864120483e-03
1.983183175325393677e-01,4.953974246978759766e+00,6.896844715811312199e-04
3.510138094425201416e-01,4.840035915374755859e+00,1.183391455560922623e-02
3.192656040191650391e-01,4.019494533538818359e+00,1.818236708641052246e-02
8.220643550157546997e-02,3.935030460357666016e+00,9.921031072735786438e-03
2.336845993995666504e-01,4.844692230224609375e+00,7.008483167737722397e-03
9.440172314643859863e-01,1.473508715629577637e+00,1.500452309846878052e-02
1.151433363556861877e-01,3.244620084762573242e+00,4.802087787538766861e-03
9.313373267650604248e-02,3.653979301452636719e+00,6.176223512738943100e-03
1.311445832252502441e-01,4.896536350250244141e+00,2.683269232511520386e-02
3.018207848072052002e-01,2.957980632781982422e+00,1.016205921769142151e-02
3.062860965728759766e-01,2.889796018600463867e+00,1.156605430878698826e-03
3.486060798168182373e-01,4.286672115325927734e+00,3.849878907203674316e-03
2.660479843616485596e-01,4.598727449774742126e-02,1.224204059690237045e-02
3.230382502079010010e-01,3.102124452590942383e+00,1.061861682683229446e-02
1.700280755758285522e-01,4.428113996982574463e-01,9.003195911645889282e-03
3.281239867210388184e-01,4.059254229068756104e-01,1.150895282626152039e-02
2.645587325096130371e-01,4.314910247921943665e-02,1.930377678945660591e-03
1.396530866622924805e-01,1.826389312744140625e+00,8.583988063037395477e-03
1.773868501186370850e-01,9.675559401512145996e-02,2.026501484215259552e-02
9.571685791015625000e-01,1.795261621475219727e+00,5.916879978030920029e-03
6.831810474395751953e-01,3.642662048339843750e+00,6.218908820301294327e-03
1.806823611259460449e-01,5.512054562568664551e-01,3.796009405050426722e-04
1.152313277125358582e-01,3.090482473373413086e+00,7.495104800909757614e-03
2.106781303882598877e-01,3.380577325820922852e+00,1.310805790126323700e-02
1.522434651851654053e-01,4.909601688385009766e+00,1.325191557407379150e-02
3.372767567634582520e-01,7.353420555591583252e-02,3.235950320959091187e-02
2.799096107482910156e-01,4.881386280059814453e+00,1.061651296913623810e-02
8.919664472341537476e-02,3.023074626922607422e+00,2.474178187549114227e-02
3.681303560733795166e-01,2.535498619079589844e+00,1.664928905665874481e-02
3.078519999980926514e-01,3.278903007507324219e+00,1.136991754174232483e-02
7.015593349933624268e-02,4.947863578796386719e+00,5.264545325189828873e-03
1.466473639011383057e-01,2.880148172378540039e+00,6.421048194169998169e-03
8.901010751724243164e-01,4.305372714996337891e+00,4.163964185863733292e-03
1.470855772495269775e-01,7.256218194961547852e-01,4.131437279284000397e-03
3.383675813674926758e-01,4.134166240692138672e+00,5.475201178342103958e-04
1.046672016382217407e-01,4.151813030242919922e+00,2.471166662871837616e-02
1.405167579650878906e-01,4.898969650268554688e+00,1.383760571479797363e-02
2.805525362491607666e-01,2.134743213653564453e+00,5.253053386695683002e-04
3.436676561832427979e-01,4.403712272644042969e+00,1.170785911381244659e-02
3.483638465404510498e-01,4.978160858154296875e+00,1.008951477706432343e-02
8.414480835199356079e-02,2.510109424591064453e+00,7.263260427862405777e-03
1.533251404762268066e-01,2.945089578628540039e+00,1.725580915808677673e-02
3.421716988086700439e-01,4.940627574920654297e+00,1.897132489830255508e-03
6.162224337458610535e-02,4.762463569641113281e+00,1.205324009060859680e-02
1.767344921827316284e-01,1.626652479171752930e+00,2.213988220319151878e-03
1.615185290575027466e-01,9.342055022716522217e-02,1.179774478077888489e-02
6.062293648719787598e-01,3.241402864456176758e+00,1.666170544922351837e-02
1.865858733654022217e-01,8.451189100742340088e-02,1.147021725773811340e-02
5.787599086761474609e-01,3.960356950759887695e+00,8.466450497508049011e-03
3.139149844646453857e-01,1.266831457614898682e-01,2.031026594340801239e-02
9.456639289855957031e-01,4.439629554748535156e+00,7.046550977975130081e-03
1.374080926179885864e-01,4.364108562469482422e+00,1.021377369761466980e-02
6.927002221345901489e-02,4.898801803588867188e+00,8.253434672951698303e-03
3.229299783706665039e-01,4.957520008087158203e+00,2.219683025032281876e-03
3.012991547584533691e-01,3.403293788433074951e-01,1.374546345323324203e-02
2.025705724954605103e-01,3.876213312149047852e+00,9.625723585486412048e-03
2.817846536636352539e-01,7.797238230705261230e-02,2.020191214978694916e-02
3.495662510395050049e-01,3.103057622909545898e+00,9.504542686045169830e-03
3.448699712753295898e-01,6.301553249359130859e-01,9.300659410655498505e-03
2.942159473896026611e-01,3.304800748825073242e+00,7.666820660233497620e-03
3.491964936256408691e-01,3.027688741683959961e+00,1.190825458616018295e-02
9.698232263326644897e-02,4.034837245941162109e+00,7.528555113822221756e-03
1.007074788212776184e-01,2.632412672042846680e+00,3.919037058949470520e-03
3.709751665592193604e-01,1.186506301164627075e-01,2.982014324516057968e-03
3.961546719074249268e-01,1.569826602935791016e+00,1.471706479787826538e-02
1.130164861679077148e-01,3.233985185623168945e+00,2.072819136083126068e-02
3.765013515949249268e-01,4.100140094757080078e+00,1.257038861513137817e-02
1.167860701680183411e-01,4.086314678192138672e+00,9.359658695757389069e-03
3.099754452705383301e-01,4.875542640686035156e+00,1.258126460015773773e-02
1.940544694662094116e-01,1.313488185405731201e-01,1.927817612886428833e-02
8.766160011291503906e-01,1.577692031860351562e+00,6.084183696657419205e-03
4.085418283939361572e-01,3.145317077636718750e+00,1.432848628610372543e-02
3.678888678550720215e-01,4.134757041931152344e+00,1.031474117189645767e-02
3.581517338752746582e-01,3.286481618881225586e+00,1.343322452157735825e-02
2.572552561759948730e-01,3.641232252120971680e+00,2.571374352555721998e-04
1.716853082180023193e-01,4.817733287811279297e+00,2.115176059305667877e-03
1.306800097227096558e-01,6.375414133071899414e-01,1.435495942132547498e-04
1.689436286687850952e-01,7.519916445016860962e-02,7.851311005651950836e-03
8.797691762447357178e-02,2.945801496505737305e+00,5.209444207139313221e-04
3.227800428867340088e-01,3.949457883834838867e+00,2.012885361909866333e-02
3.113000988960266113e-01,4.113389968872070312e+00,3.213099390268325806e-02
3.473632335662841797e-01,3.172734975814819336e+00,1.213963702321052551e-02
1.837416291236877441e-01,5.820517241954803467e-02,2.276528161019086838e-03
2.102117836475372314e-01,4.993080139160156250e+00,1.607006415724754333e-03
1.542961150407791138e-01,4.170220375061035156e+00,6.536226253956556320e-03
3.348480165004730225e-01,3.844609260559082031e+00,1.316438987851142883e-02
1.447205394506454468e-01,4.995951801538467407e-02,4.910955671221017838e-03
1.197471916675567627e-01,3.938438177108764648e+00,1.422844268381595612e-02
1.720039248466491699e-01,3.412096977233886719e+00,1.401460636407136917e-02
1.424475610256195068e-01,3.240952730178833008e+00,1.974797062575817108e-02
6.091361492872238159e-02,2.911870479583740234e+00,5.161885172128677368e-03
1.523311734199523926e-01,2.711671888828277588e-01,1.227769721299409866e-02
8.615934252738952637e-01,1.285549104213714600e-01,4.948818241246044636e-04
1.586964577436447144e-01,1.119808778166770935e-01,7.449392433045431972e-05
1.244717761874198914e-01,2.349151611328125000e+00,9.256331832148134708e-04
9.456373751163482666e-02,3.250626802444458008e+00,2.992275403812527657e-03
4.205212295055389404e-01,3.311799764633178711e+00,6.619185674935579300e-03
1.756183356046676636e-01,3.457808494567871094e+00,2.886690944433212280e-02
3.217406868934631348e-01,1.682964801788330078e+00,2.269186638295650482e-02
1.354569047689437866e-01,4.239924430847167969e+00,7.518756203353404999e-03
1.299046874046325684e-01,2.765935897827148438e+00,1.574623025953769684e-02
2.358778864145278931e-01,2.720781087875366211e+00,4.965158551931381226e-02
2.157758623361587524e-01,2.309695482254028320e+00,1.170047209598124027e-03
3.915418386459350586e-01,4.935283660888671875e+00,9.104470955207943916e-04
1.500768810510635376e-01,3.018794775009155273e+00,4.712612833827733994e-03
1.957184374332427979e-01,4.785297870635986328e+00,2.099374250974506140e-04
3.489384949207305908e-01,7.762626558542251587e-02,9.692777879536151886e-03
1.578347533941268921e-01,3.367254018783569336e+00,5.240534897893667221e-03
3.618310689926147461e-01,4.956195831298828125e+00,1.267884578555822372e-02
1.862906515598297119e-01,1.852016150951385498e-01,2.020950429141521454e-02
2.129229605197906494e-01,4.913961887359619141e+00,1.157939317636191845e-03
3.375107049942016602e-01,6.341217756271362305e-01,4.602513799909502268e-04
3.425546586513519287e-01,4.755065441131591797e+00,3.515425836667418480e-03
2.059737592935562134e-01,5.586729049682617188e-01,1.610895246267318726e-02
2.912653982639312744e-01,4.941165447235107422e+00,5.247101653367280960e-03
6.072186827659606934e-01,4.691907465457916260e-01,1.060060877352952957e-02
6.265530586242675781e-01,4.363060474395751953e+00,8.536173030734062195e-03
2.829263508319854736e-01,4.115298092365264893e-01,9.543072432279586792e-03
1.456743329763412476e-01,4.091691970825195312e+00,1.618498587049543858e-03
3.654583990573883057e-01,2.886777877807617188e+00,6.876836065202951431e-03
5.786654725670814514e-02,3.200714111328125000e+00,1.132081961259245872e-03
1.540141254663467407e-01,3.316976785659790039e+00,8.970874361693859100e-03
3.063578903675079346e-01,4.915693759918212891e+00,1.403779536485671997e-02
1.205511242151260376e-01,1.591928362846374512e+00,3.245103172957897186e-03
1.400652527809143066e-01,4.284252166748046875e+00,7.930062711238861084e-03
2.024510055780410767e-01,3.695772171020507812e+00,5.791851319372653961e-03
9.291461855173110962e-02,3.286185741424560547e+00,1.242714654654264450e-02
3.451904654502868652e-01,3.272169351577758789e+00,1.953126117587089539e-02
3.479554355144500732e-01,4.981900691986083984e+00,1.432427950203418732e-02
1.446559429168701172e-01,4.890573024749755859e+00,1.945409923791885376e-03
3.499591052532196045e-01,4.889340400695800781e+00,1.079895161092281342e-02
3.164513111114501953e-01,2.642274141311645508e+00,3.003356978297233582e-04
3.539048135280609131e-01,4.759889125823974609e+00,3.815915435552597046e-03
1.476669758558273315e-01,4.816674292087554932e-01,1.750201918184757233e-02
5.980467796325683594e-02,4.205525875091552734e+00,1.345836371183395386e-02
3.187983632087707520e-01,2.553461790084838867e+00,4.146110266447067261e-03
3.390823900699615479e-01,3.056657314300537109e+00,8.449929766356945038e-03
1.200680434703826904e-01,2.820207118988037109e+00,1.519378554075956345e-02
3.375580012798309326e-01,4.005131721496582031e+00,1.482901163399219513e-03
1.230178698897361755e-01,3.889449313282966614e-02,1.207689195871353149e-02
2.903333902359008789e-01,1.550024747848510742e-01,3.928785212337970734e-03
1.458665430545806885e-01,2.229687012732028961e-02,5.024286918342113495e-03
1.784826964139938354e-01,1.586812436580657959e-01,4.148778039962053299e-03
2.418538630008697510e-01,4.902940273284912109e+00,4.694297444075345993e-03
3.298756480216979980e-01,2.901402950286865234e+00,8.786794729530811310e-03
2.834196388721466064e-01,1.353555917739868164e-01,6.572088022949174047e-05
1.267127245664596558e-01,3.511778354644775391e+00,2.901158761233091354e-03
1.606998741626739502e-01,1.685203433036804199e+00,1.283209212124347687e-02
1.815063357353210449e-01,3.339608192443847656e+00,1.625527255237102509e-02
1.625242829322814941e-01,5.392030999064445496e-02,1.717875129543244839e-03
9.519395232200622559e-01,2.445776700973510742e+00,1.590096391737461090e-02
1.458107233047485352e-01,2.148917675018310547e+00,1.568025350570678711e-02
9.409513324499130249e-02,3.211494445800781250e+00,1.039693038910627365e-02
2.648473381996154785e-01,4.308133125305175781e+00,1.404564548283815384e-02
9.296777844429016113e-02,3.538773298263549805e+00,9.322309866547584534e-03
1.875014305114746094e-01,3.157833576202392578e+00,4.837487824261188507e-03
1.765949577093124390e-01,4.175955057144165039e-01,1.418411498889327049e-03
1.576606482267379761e-01,2.916266582906246185e-02,1.839256100356578827e-02
9.548616409301757812e-02,3.840105295181274414e+00,3.210729220882058144e-03
3.034029603004455566e-01,4.963900566101074219e+00,1.626071147620677948e-02
7.600603997707366943e-02,3.804131507873535156e+00,5.282809492200613022e-03
2.500861883163452148e-01,3.150145292282104492e+00,1.926022022962570190e-02
3.420980572700500488e-01,4.170467853546142578e+00,2.735035261139273643e-03
1.703862100839614868e-01,4.843299865722656250e+00,2.415778487920761108e-02
3.541616201400756836e-01,4.082068443298339844e+00,7.498336955904960632e-03
1.162992939352989197e-01,3.921297311782836914e+00,3.933402244001626968e-03
1.520314216613769531e-01,4.098012447357177734e+00,1.269864942878484726e-02
8.513697981834411621e-02,4.043108940124511719e+00,1.374464202672243118e-02
1.524347811937332153e-01,3.188878297805786133e+00,2.846109122037887573e-02
1.909265965223312378e-01,4.917456150054931641e+00,2.571374352555721998e-04
1.096251383423805237e-01,4.221868038177490234e+00,1.050610677339136600e-03
1.592640429735183716e-01,4.281093597412109375e+00,1.361668924801051617e-03
3.156254291534423828e-01,4.904853343963623047e+00,1.206904184073209763e-02
3.235535919666290283e-01,3.305669784545898438e+00,1.527325529605150223e-02
1.261712610721588135e-01,3.907473325729370117e+00,5.294917616993188858e-03
3.374059796333312988e-01,3.701746702194213867e+00,1.931537128984928131e-02
1.654448807239532471e-01,3.671697378158569336e+00,8.765811100602149963e-03
2.680343985557556152e-01,4.920936107635498047e+00,5.109913763590157032e-04
1.204032748937606812e-01,4.946761608123779297e+00,7.865573279559612274e-03
1.190908253192901611e-01,4.960306644439697266e+00,9.949300438165664673e-03
3.291095793247222900e-01,3.971169471740722656e+00,2.182692522183060646e-03
1.376861184835433960e-01,3.161945641040802002e-01,8.887710049748420715e-03
1.233709231019020081e-01,3.261402130126953125e+00,1.276165060698986053e-02
5.550512671470642090e-01,3.493933439254760742e+00,9.603764861822128296e-03
8.371572196483612061e-02,5.432881414890289307e-02,1.327484846115112305e-02
7.366681694984436035e-01,3.945509910583496094e+00,7.243148866109549999e-04
1.390830129384994507e-01,5.181143283843994141e-01,5.362331285141408443e-04
1.724627912044525146e-01,4.804487705230712891e+00,9.293271228671073914e-03
1.185110583901405334e-01,2.940933942794799805e+00,9.845408610999584198e-03
1.960212737321853638e-01,8.133032917976379395e-02,1.587592810392379761e-02
1.211108267307281494e-01,4.798589229583740234e+00,2.679575234651565552e-03
9.294003993272781372e-02,3.679586887359619141e+00,1.316223572939634323e-02
1.500041335821151733e-01,4.451008319854736328e+00,1.120204944163560867e-02
3.352200686931610107e-01,2.693982601165771484e+00,1.401527319103479385e-02
8.591584116220474243e-02,3.323686838150024414e+00,8.202232420444488525e-03
2.216010242700576782e-01,4.855733394622802734e+00,4.561778157949447632e-03
6.294873952865600586e-01,3.344006061553955078e+00,6.831380538642406464e-03
3.344295620918273926e-01,4.216213226318359375e+00,1.417970377951860428e-02
7.519557327032089233e-02,3.158205509185791016e+00,4.765661724377423525e-04
1.815898716449737549e-01,3.141643047332763672e+00,4.809167701750993729e-03
3.381441831588745117e-01,2.658205628395080566e-01,1.022495795041322708e-02
1.590373516082763672e-01,2.525283336639404297e+00,1.367943454533815384e-02
3.387627005577087402e-01,1.992268413305282593e-01,9.738592780195176601e-04
3.260244131088256836e-01,3.856925964355468750e+00,1.813609036616981030e-03
1.413726061582565308e-01,3.135288000106811523e+00,9.941963478922843933e-03
1.719008386135101318e-01,1.580754876136779785e+00,9.228114970028400421e-03
1.281626671552658081e-01,2.825574398040771484e+00,7.859108969569206238e-03
6.218835711479187012e-01,3.189552545547485352e+00,1.246377825736999512e-02
3.081448972225189209e-01,2.474762797355651855e-01,1.738945767283439636e-02
3.470785617828369141e-01,4.942167282104492188e+00,1.469828747212886810e-02
1.489926874637603760e-01,3.164147615432739258e+00,1.069182762876152992e-04
4.011743068695068359e-01,4.914770603179931641e+00,2.083316072821617126e-02
7.423076033592224121e-02,3.386078834533691406e+00,1.892884448170661926e-02
9.622795879840850830e-02,2.899982690811157227e+00,1.199855003505945206e-03
1.390144824981689453e-01,3.313821077346801758e+00,1.102684531360864639e-03
1.479358673095703125e-01,2.854660749435424805e+00,5.631371401250362396e-03
3.456715047359466553e-01,3.595054388046264648e+00,1.877246983349323273e-02
1.529244184494018555e-01,4.325643539428710938e+00,7.059889845550060272e-03
2.715785205364227295e-01,3.188203096389770508e+00,6.728976964950561523e-03
2.856738865375518799e-01,3.271531343460083008e+00,5.994914099574089050e-03
9.704228043556213379e-01,4.479852676391601562e+00,6.390470662154257298e-04
1.742178350687026978e-01,5.351454019546508789e-02,1.705023273825645447e-02
1.173427700996398926e-01,3.126518249511718750e+00,8.262772113084793091e-03
1.078072264790534973e-01,4.987617492675781250e+00,4.914957389701157808e-05
1.667244434356689453e-01,4.414455592632293701e-02,2.541602402925491333e-02
1.555645167827606201e-01,4.324321746826171875e+00,4.299202468246221542e-03
8.021034300327301025e-02,3.378115415573120117e+00,6.316182203590869904e-03
3.379865288734436035e-01,2.401903390884399414e+00,2.180537674576044083e-03
1.838848143815994263e-01,6.329506039619445801e-01,2.126883715391159058e-02
3.060519993305206299e-01,4.611837118864059448e-02,7.786154281347990036e-03
1.317149251699447632e-01,3.269606113433837891e+00,2.312697703018784523e-03
1.514791846275329590e-01,2.229739904403686523e+00,2.164648845791816711e-02
8.253955841064453125e-02,1.316380739212036133e+00,9.224523091688752174e-05
1.935973316431045532e-01,4.056224822998046875e+00,1.180036086589097977e-02
2.540847659111022949e-01,4.068274974822998047e+00,8.333674632012844086e-03
1.317120939493179321e-01,3.314710378646850586e+00,8.340395055711269379e-03
2.110688537359237671e-01,3.077024459838867188e+00,1.480756606906652451e-02
7.990354299545288086e-02,4.863555908203125000e+00,6.331367883831262589e-03
6.170339584350585938e-01,4.686356067657470703e+00,5.493311211466789246e-03
2.979563474655151367e-01,1.008777394890785217e-01,2.366259461268782616e-03
1.879318356513977051e-01,4.963101387023925781e+00,1.250625774264335632e-02
3.099195957183837891e-01,2.476188391447067261e-01,2.893565688282251358e-04
2.795767188072204590e-01,3.073542833328247070e+00,1.823767274618148804e-02
1.413688063621520996e-01,3.638917207717895508e+00,7.378592854365706444e-04
3.295326828956604004e-01,3.017192840576171875e+00,3.022950142621994019e-02
3.131716549396514893e-01,3.036237135529518127e-02,2.070207707583904266e-02
4.792108833789825439e-01,2.806401014328002930e+00,1.583898812532424927e-02
8.852971345186233521e-02,3.421583175659179688e+00,8.387287147343158722e-03
1.250853389501571655e-01,3.564342498779296875e+00,1.530224271118640900e-02
1.100175380706787109e-01,3.466639995574951172e+00,3.723259782418608665e-03
9.197377413511276245e-02,3.169916868209838867e+00,3.625396639108657837e-02
3.914825916290283203e-01,3.979663848876953125e+00,5.086929537355899811e-03
1.544768810272216797e-01,4.415414810180664062e+00,1.123001053929328918e-02
2.009771317243576050e-01,4.306603431701660156e+00,8.663458749651908875e-03
1.772462725639343262e-01,4.914139747619628906e+00,4.134002607315778732e-03
1.666553169488906860e-01,8.219315111637115479e-02,2.015850739553570747e-03
2.523095607757568359e-01,4.228938579559326172e+00,1.030273549258708954e-02
2.792325019836425781e-01,4.777791976928710938e+00,1.115551684051752090e-02
3.409906923770904541e-01,6.577978283166885376e-02,8.608614094555377960e-03
8.121781796216964722e-02,3.225871086120605469e+00,5.994914099574089050e-04
1.079233735799789429e-01,4.962460517883300781e+00,2.481283852830529213e-03
1.337251812219619751e-01,3.413323163986206055e+00,1.031725481152534485e-02
2.960375249385833740e-01,2.846331119537353516e+00,2.629368752241134644e-02
2.678889930248260498e-01,2.180974036455154419e-01,2.628835150972008705e-03
3.745879828929901123e-01,3.993400335311889648e+00,1.497722975909709930e-02
1.123032271862030029e-01,2.015797615051269531e+00,3.479769220575690269e-03
1.444037258625030518e-01,4.486475586891174316e-01,5.201748572289943695e-04
8.938339352607727051e-02,4.934545040130615234e+00,4.841284360736608505e-03
2.533960342407226562e-01,4.847826004028320312e+00,1.195494085550308228e-03
2.155912071466445923e-01,4.949356079101562500e+00,3.404865041375160217e-03
1.306531727313995361e-01,3.377382755279541016e+00,2.106556930812075734e-04
7.039828896522521973e-01,1.795027017593383789e+00,2.994204312562942505e-02
8.632910996675491333e-02,2.961479663848876953e+00,1.103413105010986328e-02
3.349897265434265137e-01,4.075967788696289062e+00,5.185331101529300213e-04
6.740670204162597656e-01,7.098928689956665039e-01,5.397731438279151917e-03
8.994282037019729614e-02,4.886271476745605469e+00,7.061942014843225479e-03
1.590076386928558350e-01,4.847547531127929688e+00,2.217477001249790192e-02
2.967360615730285645e-01,4.837115287780761719e+00,1.698420383036136627e-02
3.418896794319152832e-01,1.415995657444000244e-01,2.823258191347122192e-02
1.276584714651107788e-01,1.817339777946472168e+00,6.238712463527917862e-03
3.204736411571502686e-01,2.866392850875854492e+00,5.646762903779745102e-03
1.202789768576622009e-01,4.935616493225097656e+00,8.591427467763423920e-04
1.480632722377777100e-01,4.956257820129394531e+00,1.454119337722659111e-03
3.695742785930633545e-01,3.392123222351074219e+00,8.731078356504440308e-03
3.462131619453430176e-01,3.140655994415283203e+00,2.160369977355003357e-02
1.463580578565597534e-01,8.691830933094024658e-02,3.945971839129924774e-03
3.316577374935150146e-01,4.219826698303222656e+00,1.789557561278343201e-02
1.650973558425903320e-01,1.511193871498107910e+00,2.269366197288036346e-02
1.471218168735504150e-01,3.276103973388671875e+00,5.503213033080101013e-03
1.505730301141738892e-01,2.145878553390502930e+00,1.176326815038919449e-02
2.178894728422164917e-01,3.917207196354866028e-02,5.795647855848073959e-03
1.383343487977981567e-01,4.722868278622627258e-02,1.802239939570426941e-02
2.538457512855529785e-01,2.280974864959716797e+00,4.664079286158084869e-03
1.371115893125534058e-01,2.973453044891357422e+00,8.193305693566799164e-03
1.939786672592163086e-01,1.124625429511070251e-01,1.958030741661787033e-03
1.248273476958274841e-01,1.878062725067138672e+00,1.673004217445850372e-02
9.149038046598434448e-02,2.974229097366333008e+00,3.990144934505224228e-03
1.387437134981155396e-01,4.125670433044433594e+00,9.637420997023582458e-03
1.608760207891464233e-01,3.668822348117828369e-02,2.004984579980373383e-02
4.073426425457000732e-01,4.275861263275146484e+00,6.583888083696365356e-03
2.683470547199249268e-01,4.941085338592529297e+00,3.442471148446202278e-03
2.442771643400192261e-01,2.935498952865600586e+00,1.258136704564094543e-02
3.039611876010894775e-01,7.485543936491012573e-02,4.814503248780965805e-03
2.942874431610107422e-01,2.192463159561157227e+00,5.778409540653228760e-04
3.463540971279144287e-01,3.358989477157592773e+00,7.069740444421768188e-03
1.129071861505508423e-01,4.718696177005767822e-01,2.212726138532161713e-02
6.639845967292785645e-01,4.911518573760986328e+00,9.653684683144092560e-03
1.397274583578109741e-01,3.088888168334960938e+00,2.680242294445633888e-03
3.434199392795562744e-01,2.901640892028808594e+00,1.720994338393211365e-02
3.563656806945800781e-01,4.962363719940185547e+00,1.281993230804800987e-03
3.506897687911987305e-01,3.250621080398559570e+00,1.044238638132810593e-02
3.105139434337615967e-01,7.143373787403106689e-02,9.576573967933654785e-03
1.637035906314849854e-01,4.972550868988037109e+00,1.696270890533924103e-02
1.276561915874481201e-01,3.558115482330322266e+00,1.153157744556665421e-02
1.424709856510162354e-01,1.491579055786132812e+00,2.128063701093196869e-02
3.381737172603607178e-01,6.423643827438354492e-01,1.915335282683372498e-02
1.034378409385681152e-01,2.326654195785522461e+00,4.374722484499216080e-03
1.747928410768508911e-01,2.382934540510177612e-01,6.166578270494937897e-03
9.747960418462753296e-02,3.509974002838134766e+00,3.790878923609852791e-03
5.959212034940719604e-02,4.902592182159423828e+00,5.103808827698230743e-03
3.050726354122161865e-01,4.222407341003417969e+00,4.713844507932662964e-03
3.519607186317443848e-01,2.883926868438720703e+00,1.186669804155826569e-03
1.021719947457313538e-01,5.530449151992797852e-01,9.317230433225631714e-03
3.794248700141906738e-01,1.143761873245239258e-01,8.462551049888134003e-03
2.661806046962738037e-01,4.262716293334960938e+00,1.301591517403721809e-03
1.699089556932449341e-01,1.948491930961608887e+00,1.086318492889404297e-02
1.343206018209457397e-01,3.453855037689208984e+00,1.075872872024774551e-02
1.646157205104827881e-01,4.807271957397460938e+00,5.914776585996150970e-03
3.807837069034576416e-01,2.771154880523681641e+00,3.979817405343055725e-02
1.715143471956253052e-01,1.997244000434875488e+00,7.128073368221521378e-03
2.915344536304473877e-01,5.861489176750183105e-01,1.588321290910243988e-02
2.593243718147277832e-01,2.695208311080932617e+00,2.328581549227237701e-02
3.075179755687713623e-01,1.389338523149490356e-01,1.308107189834117889e-02
4.132920205593109131e-01,3.275382280349731445e+00,1.183078493340872228e-04
3.681469559669494629e-01,2.990581035614013672e+00,1.767804473638534546e-02
1.634315401315689087e-01,1.811994612216949463e-01,2.089421264827251434e-03
1.584459990262985229e-01,3.388383150100708008e+00,1.167297270148992538e-02
3.247043192386627197e-01,3.413162827491760254e-01,8.263592608273029327e-04
1.653666645288467407e-01,6.943547725677490234e-02,1.024794299155473709e-02
3.472942709922790527e-01,3.132337093353271484e+00,2.257827855646610260e-02
3.560696840286254883e-01,4.339252948760986328e+00,1.789331808686256409e-02
1.380799561738967896e-01,1.369190812110900879e+00,1.150931138545274734e-02
3.127666711807250977e-01,1.508575975894927979e-01,7.350426632910966873e-03
1.373135447502136230e-01,5.081960186362266541e-02,2.003363333642482758e-02
5.690985172986984253e-02,3.311367988586425781e+00,1.227713306434452534e-03
1.117614880204200745e-01,3.214820384979248047e+00,5.252847913652658463e-03
1.387246102094650269e-01,3.623712539672851562e+00,4.403247497975826263e-03
1.573181748390197754e-01,3.020949602127075195e+00,2.496464923024177551e-02
4.068029522895812988e-01,2.562782287597656250e+00,1.901708915829658508e-02
1.637112200260162354e-01,2.077458053827285767e-01,9.758806787431240082e-03
1.005865409970283508e-01,3.573511838912963867e+00,5.924370605498552322e-03
3.465650379657745361e-01,5.314493775367736816e-01,1.893392391502857208e-02
2.425934374332427979e-01,6.958110630512237549e-02,3.812837181612849236e-03
1.511422246694564819e-01,1.110375598073005676e-01,2.681473502889275551e-03
1.379046440124511719e-01,3.313316345214843750e+00,1.136863511055707932e-02
6.563256382942199707e-01,3.922995090484619141e+00,6.564495153725147247e-03
1.505045890808105469e-01,2.717421054840087891e+00,1.294629555195569992e-02
1.201403811573982239e-01,4.870356082916259766e+00,1.249568886123597622e-03
1.520937383174896240e-01,4.369886875152587891e+00,6.430590525269508362e-03
3.304411470890045166e-01,2.420691728591918945e+00,1.968209631741046906e-02
1.112322583794593811e-01,6.490933895111083984e-01,1.557856798171997070e-02
1.606347858905792236e-01,4.916851997375488281e+00,9.107959456741809845e-03
1.691213995218276978e-01,6.748584508895874023e-01,1.266319770365953445e-02
3.434774577617645264e-01,3.437369585037231445e+00,2.962416270747780800e-03
1.692220568656921387e-01,7.181391716003417969e-01,1.781107671558856964e-02
1.561307758092880249e-01,8.565450459718704224e-02,5.651431623846292496e-03
3.069332540035247803e-01,4.208377838134765625e+00,4.065870307385921478e-03
2.878206074237823486e-01,4.736943244934082031e+00,2.682910067960619926e-03
1.526138633489608765e-01,3.033351898193359375e+00,1.087077800184488297e-02
2.631553411483764648e-01,2.998975753784179688e+00,1.524596195667982101e-02
3.865726888179779053e-01,2.944962978363037109e+00,1.700595766305923462e-02
3.374865949153900146e-01,3.345047950744628906e+00,1.572622172534465790e-02
3.004087805747985840e-01,4.908919334411621094e+00,9.892044588923454285e-03
2.852772474288940430e-01,2.389160394668579102e+00,1.159888925030827522e-03
1.631487607955932617e-01,7.670533657073974609e-02,1.609981991350650787e-02
7.519599050283432007e-02,3.042783498764038086e+00,1.523924060165882111e-02
2.520555555820465088e-01,2.707417011260986328e+00,1.299765054136514664e-02
1.652369797229766846e-01,4.461937904357910156e+00,9.482687339186668396e-03
2.552156746387481689e-01,3.056795120239257812e+00,3.690230101346969604e-02
3.323321342468261719e-01,4.929833412170410156e+00,1.844653300940990448e-02
3.511902391910552979e-01,2.866496801376342773e+00,1.018971204757690430e-02
3.562429547309875488e-01,1.443744897842407227e-01,3.343212604522705078e-02
1.236319094896316528e-01,3.152334690093994141e+00,1.458782982081174850e-02
2.791507840156555176e-01,4.871397018432617188e+00,5.138644482940435410e-03
3.255290091037750244e-01,7.475903630256652832e-02,1.902185939252376556e-02
6.297372281551361084e-02,2.946825504302978516e+00,2.814669907093048096e-02
1.755765974521636963e-01,1.085774675011634827e-01,3.675854532048106194e-03
1.269444972276687622e-01,4.980707168579101562e+00,4.554082639515399933e-03
1.091730445623397827e-01,2.924268484115600586e+00,1.333743985742330551e-02
1.195858269929885864e-01,4.764859199523925781e+00,5.873425398021936417e-03
3.579695522785186768e-01,1.816602826118469238e+00,1.319229975342750549e-02
9.826720356941223145e-01,4.198886871337890625e+00,5.965875927358865738e-03
2.884621620178222656e-01,1.621953487396240234e+00,2.450460195541381836e-02
3.474490344524383545e-01,4.958444595336914062e+00,1.375018339604139328e-02
1.552665233612060547e-01,3.480125427246093750e+00,1.146016176789999008e-02
2.370373755693435669e-01,4.981964111328125000e+00,4.486463498324155807e-03
3.441277146339416504e-01,1.902469992637634277e+00,1.846464350819587708e-02
1.199913546442985535e-01,4.076744616031646729e-01,2.224454190582036972e-03
3.580843806266784668e-01,4.689294099807739258e-01,1.684753037989139557e-02
8.368977904319763184e-02,4.826739311218261719e+00,6.607796065509319305e-03
1.347322762012481689e-01,3.428382873535156250e+00,3.135830163955688477e-02
6.653657555580139160e-01,2.955714702606201172e+00,5.672106985002756119e-03
3.718874156475067139e-01,4.198969841003417969e+00,4.580298904329538345e-03
3.639918863773345947e-01,3.100157499313354492e+00,5.878453142940998077e-03
1.143881082534790039e-01,7.422030568122863770e-01,1.051103137433528900e-02
1.491220891475677490e-01,7.385041564702987671e-02,8.378309197723865509e-03
3.879234194755554199e-01,4.170500278472900391e+00,1.309887412935495377e-02
1.293282210826873779e-01,2.941263914108276367e+00,2.780388342216610909e-03
3.667942881584167480e-01,6.222271174192428589e-02,2.183605730533599854e-02
3.481610715389251709e-01,4.324679851531982422e+00,2.722219377756118774e-02
3.545077443122863770e-01,4.867743492126464844e+00,5.525735672563314438e-03
3.131631612777709961e-01,5.539913102984428406e-02,3.663448989391326904e-02
6.546871066093444824e-01,4.602046489715576172e+00,1.186756975948810577e-02
3.716886043548583984e-01,4.406832158565521240e-02,9.851257316768169403e-03
1.715176701545715332e-01,1.670321822166442871e+00,6.996887968853116035e-04
1.624451726675033569e-01,2.299396038055419922e+00,8.818705566227436066e-03
3.630378246307373047e-01,5.175350308418273926e-01,5.144595634192228317e-03
3.543571531772613525e-01,3.215876579284667969e+00,1.353716757148504257e-02
9.600387811660766602e-01,5.557294487953186035e-01,1.178450789302587509e-02
1.565927118062973022e-01,4.484245777130126953e+00,7.942427881062030792e-03
1.731807142496109009e-01,2.292462110519409180e+00,9.505209513008594513e-03
3.534125983715057373e-01,4.937097072601318359e+00,4.926757537759840488e-04
3.250127136707305908e-01,1.097315400838851929e-01,5.815041251480579376e-03
3.508431315422058105e-01,4.762935638427734375e+00,3.027931787073612213e-03
1.888445466756820679e-01,4.755907878279685974e-02,2.006646804511547089e-02
1.553663611412048340e-01,3.273356199264526367e+00,2.251368574798107147e-02
3.529887199401855469e-01,3.089304924011230469e+00,7.134896703064441681e-03
1.398486196994781494e-01,4.944329738616943359e+00,8.370202966034412384e-03
3.491462469100952148e-01,1.230363324284553528e-01,8.318590931594371796e-03
2.453837692737579346e-01,4.675667762756347656e+00,3.299383097328245640e-04
1.389985531568527222e-01,3.920952320098876953e+00,3.352739615365862846e-03
1.501414924860000610e-01,3.340769529342651367e+00,1.641544513404369354e-02
3.019119799137115479e-01,3.565828561782836914e+00,1.849245093762874603e-02
5.752722024917602539e-01,4.125072479248046875e+00,1.274092402309179306e-02
2.932440638542175293e-01,1.648428291082382202e-01,7.674516178667545319e-03
3.321456313133239746e-01,4.910369396209716797e+00,1.979260519146919250e-02
9.614223241806030273e-01,2.698863744735717773e+00,9.486894123256206512e-03
3.616425395011901855e-01,4.913734912872314453e+00,2.878430997952818871e-03
1.672154963016510010e-01,3.925086557865142822e-02,1.997473649680614471e-02
1.110075414180755615e-01,4.804101943969726562e+00,3.228480461984872818e-03
8.298467993736267090e-01,3.803353607654571533e-01,4.650432150810956955e-03
1.726764589548110962e-01,7.743380963802337646e-02,1.210844423621892929e-02
1.130176931619644165e-01,3.267300367355346680e+00,5.780667066574096680e-03
9.704878926277160645e-02,6.191368028521537781e-02,9.538197889924049377e-03
1.503269672393798828e-01,2.652713954448699951e-01,3.260289318859577179e-03
1.502840220928192139e-01,2.962844610214233398e+00,1.790645159780979156e-02
1.239423006772994995e-01,3.600390195846557617e+00,1.310313306748867035e-02
3.561097681522369385e-01,3.154622077941894531e+00,1.179620530456304550e-02
1.030003204941749573e-01,4.363432884216308594e+00,1.194242294877767563e-02
1.748204380273818970e-01,1.906212806701660156e+00,7.107705809175968170e-03
1.853786259889602661e-01,4.481346607208251953e+00,7.655020337551832199e-03
6.516981124877929688e-01,1.261153370141983032e-01,1.142014469951391220e-02
1.622693389654159546e-01,1.631410598754882812e+00,6.711892317980527878e-03
7.801871299743652344e-01,2.302657842636108398e+00,8.696395903825759888e-03
1.391734629869461060e-01,3.533950805664062500e+00,1.672521978616714478e-02
3.540465831756591797e-01,3.422245979309082031e+00,1.241770689375698566e-03
1.676481068134307861e-01,2.942977666854858398e+00,8.987497421912848949e-04
1.475224047899246216e-01,6.791785359382629395e-02,9.947914630174636841e-03
1.730001419782638550e-01,4.772058010101318359e+00,4.832973238080739975e-03
3.347083926200866699e-01,2.901967763900756836e+00,1.762951165437698364e-02
1.516699492931365967e-01,4.904473781585693359e+00,1.751217804849147797e-02
3.685837686061859131e-01,2.030745029449462891e+00,2.933465130627155304e-02
1.984026134014129639e-01,4.948583602905273438e+00,4.407557193189859390e-03
3.126465976238250732e-01,2.983846664428710938e+00,1.840708032250404358e-02
3.490893840789794922e-01,4.141379833221435547e+00,6.585016846656799316e-03
1.393590420484542847e-01,3.696978569030761719e+00,1.695732213556766510e-02
3.535442054271697998e-01,4.318164348602294922e+00,1.102561410516500473e-02
1.971429586410522461e-01,4.925036430358886719e+00,6.366563029587268829e-03
9.952831268310546875e-01,4.477353572845458984e+00,9.819807484745979309e-03
2.801028788089752197e-01,2.077299833297729492e+00,4.136824235320091248e-02
3.484078049659729004e-01,3.513293504714965820e+00,1.902088522911071777e-02
2.139230370521545410e-01,2.966327428817749023e+00,3.826586762443184853e-03
6.186234951019287109e-01,3.810400962829589844e-01,9.939859621226787567e-03
9.198054671287536621e-02,4.987346649169921875e+00,5.684625357389450073e-03
1.631293743848800659e-01,3.725467622280120850e-01,5.089187063276767731e-03
1.118484064936637878e-01,2.692238330841064453e+00,5.822582636028528214e-03
1.328134238719940186e-01,2.731601953506469727e+00,2.454769797623157501e-02
1.771672368049621582e-01,5.821645259857177734e-02,2.406348846852779388e-02
2.449927777051925659e-01,4.868492126464843750e+00,5.392703693360090256e-03
3.187597990036010742e-01,2.894262313842773438e+00,2.034525619819760323e-03
6.147921085357666016e-01,2.817432165145874023e+00,8.197050541639328003e-03
1.638046056032180786e-01,8.221758902072906494e-02,1.039313431829214096e-02
2.869399189949035645e-01,1.067419275641441345e-01,1.635890686884522438e-03
1.452292501926422119e-01,3.185245990753173828e+00,2.247233502566814423e-02
3.565291166305541992e-01,2.974240303039550781e+00,3.942586015909910202e-03
3.411703109741210938e-01,4.360176086425781250e+00,1.175054442137479782e-02
2.906652092933654785e-01,5.886681079864501953e-01,2.372569963335990906e-02
1.628769934177398682e-01,2.966845035552978516e+00,1.852302812039852142e-02
3.152635395526885986e-01,5.671339035034179688e-01,6.398730911314487457e-03
3.289712667465209961e-01,3.316070795059204102e+00,2.899517118930816650e-02
2.546201646327972412e-01,3.965833663940429688e+00,7.916005328297615051e-03
4.370795786380767822e-01,8.710683882236480713e-02,4.807423334568738937e-03
1.440383344888687134e-01,1.032558441162109375e+00,1.222675200551748276e-02
3.668082356452941895e-01,4.263854503631591797e+00,1.827563741244375706e-03
1.786100268363952637e-01,5.919252634048461914e-01,1.451800391077995300e-02
8.628920465707778931e-02,2.153720617294311523e+00,7.564006373286247253e-03
3.279385566711425781e-01,7.937207072973251343e-02,1.199598517268896103e-02
1.731248497962951660e-01,4.846172809600830078e+00,5.216216668486595154e-03
1.744134277105331421e-01,4.854326248168945312e+00,2.572143916040658951e-03
3.483615815639495850e-01,3.214223861694335938e+00,2.161370404064655304e-02
3.362435102462768555e-01,9.735108911991119385e-02,9.222573600709438324e-03
1.428828984498977661e-01,3.402020692825317383e+00,1.344512775540351868e-02
1.589902937412261963e-01,3.440232753753662109e+00,1.301550492644309998e-02
3.440638184547424316e-01,4.925195217132568359e+00,1.137576624751091003e-02
7.830603420734405518e-02,3.118715524673461914e+00,1.257008058018982410e-03
1.852042078971862793e-01,2.745667457580566406e+00,8.845333009958267212e-03
3.534177243709564209e-01,4.987175941467285156e+00,2.141197584569454193e-02
1.487901508808135986e-01,3.116441726684570312e+00,9.075022302567958832e-03
1.516713201999664307e-01,1.805836081504821777e+00,5.841206293553113937e-03
3.144143819808959961e-01,3.469586372375488281e+00,1.004647091031074524e-02
3.562833070755004883e-01,4.451189041137695312e+00,1.252831891179084778e-02
1.729235202074050903e-01,5.911174416542053223e-02,8.480302058160305023e-03
1.373655647039413452e-01,3.390516281127929688e+00,1.732409559190273285e-02
5.901410579681396484e-01,5.139591693878173828e-01,1.213430147618055344e-02
3.837304413318634033e-01,2.681786775588989258e+00,1.077524852007627487e-02
1.626814305782318115e-01,8.389639854431152344e-02,5.984755698591470718e-03
4.007666110992431641e-01,2.615171670913696289e+00,1.107178814709186554e-02
2.923326790332794189e-01,2.836759567260742188e+00,3.875018097460269928e-03
9.767720103263854980e-02,2.892193317413330078e+00,9.145309217274188995e-03
1.344793736934661865e-01,1.136248111724853516e-01,3.557546809315681458e-02
3.214808404445648193e-01,4.870522975921630859e+00,3.910725936293601990e-03
1.576436609029769897e-01,3.093673944473266602e+00,7.999888621270656586e-03
6.842956691980361938e-02,4.845606803894042969e+00,9.554923162795603275e-04
7.869376987218856812e-02,2.977522850036621094e+00,2.382656373083591461e-02
3.324081897735595703e-01,7.594308853149414062e-01,7.429178804159164429e-03
1.118623986840248108e-01,4.846680641174316406e+00,3.157270257361233234e-04
3.195754587650299072e-01,1.818268656730651855e+00,3.430465934798121452e-03
1.806316077709197998e-01,4.873983383178710938e+00,1.317008491605520248e-02
3.468872308731079102e-01,4.055945202708244324e-02,7.702836301177740097e-03
1.599066108465194702e-01,4.030213832855224609e+00,1.664298027753829956e-02
1.711300313472747803e-01,5.279666185379028320e-02,1.331399381160736084e-02
2.991946637630462646e-01,4.973266124725341797e+00,7.298147305846214294e-03
9.576725363731384277e-01,5.262830480933189392e-02,1.313052885234355927e-02
6.568400263786315918e-01,3.388692378997802734e+00,9.502593427896499634e-03
2.650609612464904785e-01,3.113089084625244141e+00,7.368023972958326340e-03
8.534432202577590942e-02,3.970400571823120117e+00,7.754858583211898804e-03
1.084320843219757080e-01,2.527426958084106445e+00,8.905871771275997162e-03
2.087396979331970215e-01,4.990830898284912109e+00,1.826476119458675385e-02
3.465588092803955078e-01,4.830554485321044922e+00,7.930730469524860382e-03
1.478003114461898804e-01,4.924929141998291016e+00,5.418047774583101273e-03
3.418778479099273682e-01,4.938565254211425781e+00,9.080050513148307800e-03
3.507065773010253906e-01,4.789365291595458984e+00,6.390368100255727768e-03
1.477396637201309204e-01,4.882037162780761719e+00,1.618411391973495483e-02
1.270608752965927124e-01,2.757649660110473633e+00,1.850568689405918121e-02
9.725079536437988281e-01,1.757419586181640625e+00,1.676739193499088287e-02
3.582674264907836914e-01,4.884747505187988281e+00,2.134312642738223076e-03
3.560361862182617188e-01,4.914932727813720703e+00,2.603039331734180450e-02
1.732415407896041870e-01,1.473025679588317871e-01,2.111174399033188820e-03
2.347316592931747437e-01,4.985639095306396484e+00,1.097672060132026672e-02
3.480052351951599121e-01,4.976273536682128906e+00,8.343627676367759705e-03
5.724602341651916504e-01,1.818786025047302246e+00,8.383747190237045288e-03
2.058766931295394897e-01,1.178589090704917908e-01,6.333471741527318954e-03
1.642619073390960693e-01,3.727187871932983398e+00,2.502729184925556183e-03
5.534605979919433594e-01,3.498566627502441406e+00,3.468123078346252441e-02
5.823959112167358398e-01,2.557332754135131836e+00,1.235978398472070694e-02
3.450625240802764893e-01,4.087576866149902344e+00,3.883226774632930756e-03
3.500340282917022705e-01,4.821561813354492188e+00,1.604276895523071289e-02
1.761892586946487427e-01,2.698789119720458984e+00,1.648993790149688721e-02
1.332383751869201660e-01,4.963119029998779297e+00,6.855083163827657700e-03
3.387012779712677002e-01,4.757940292358398438e+00,4.440597258508205414e-03
1.985392719507217407e-01,4.578895568847656250e+00,1.165696512907743454e-02
3.614100217819213867e-01,4.950777053833007812e+00,1.075575314462184906e-02
1.448388844728469849e-01,1.004601716995239258e-01,9.116784669458866119e-03
3.548971414566040039e-01,5.010439157485961914e-01,7.633421570062637329e-03
3.216347992420196533e-01,3.187889337539672852e+00,8.857594802975654602e-03
3.463486731052398682e-01,4.930987834930419922e+00,1.827101968228816986e-02
2.146077752113342285e-01,4.885696172714233398e-01,1.086426153779029846e-02
1.326291263103485107e-01,4.086378097534179688e+00,1.677241991274058819e-03
1.679508686065673828e-01,1.066198851913213730e-02,1.358518842607736588e-02
9.019987285137176514e-02,4.771508693695068359e+00,9.043521247804164886e-03
1.416546702384948730e-01,3.321250915527343750e+00,1.289878785610198975e-02
1.647211164236068726e-01,4.960713386535644531e+00,2.968162298202514648e-03
2.954868078231811523e-01,4.777427017688751221e-01,9.917388670146465302e-03
8.925779163837432861e-02,4.696816921234130859e+00,5.672979168593883514e-03
9.138764441013336182e-02,5.078934505581855774e-02,3.244077088311314583e-03
1.312693953514099121e-01,4.863414287567138672e+00,1.250636018812656403e-02
1.029159650206565857e-01,3.199240922927856445e+00,8.429767563939094543e-03
1.594692319631576538e-01,4.978886604309082031e+00,1.035034656524658203e-02
2.904278337955474854e-01,9.033830463886260986e-02,2.268771082162857056e-02
1.703134179115295410e-01,4.256536483764648438e+00,4.096493870019912720e-02
3.350125551223754883e-01,3.487671375274658203e+00,2.183795534074306488e-02
8.058933913707733154e-02,3.597231864929199219e+00,1.130332425236701965e-02
1.689269840717315674e-01,3.310822844505310059e-01,4.499392234720289707e-04
3.241240680217742920e-01,4.890112400054931641e+00,2.934106439352035522e-02
5.614377185702323914e-02,4.814455032348632812e+00,1.284404564648866653e-02
2.752564549446105957e-01,4.166421890258789062e+00,1.706382818520069122e-02
3.496745228767395020e-01,3.907837867736816406e+00,1.254134997725486755e-02
3.450323939323425293e-01,4.815296649932861328e+00,6.004764698445796967e-03
1.673751324415206909e-01,5.835660919547080994e-02,1.545523200184106827e-02
1.295729428529739380e-01,3.183112382888793945e+00,9.451750665903091431e-03
2.723695337772369385e-01,4.091360419988632202e-02,2.092499518766999245e-03
1.642283052206039429e-01,4.103409767150878906e+00,6.635192316025495529e-03
2.888838946819305420e-01,4.730326175689697266e+00,8.569982834160327911e-03
1.335026025772094727e-01,2.838440418243408203e+00,9.477761574089527130e-03
1.529660820960998535e-01,2.716051101684570312e+00,2.174022048711776733e-02
9.033183753490447998e-02,2.988702297210693359e+00,2.190619148313999176e-02
1.591664105653762817e-01,6.453700363636016846e-02,9.033568203449249268e-03
1.466166526079177856e-01,3.384315729141235352e+00,1.128624007105827332e-02
2.917549610137939453e-01,3.187979221343994141e+00,1.142784021794795990e-02
1.884018927812576294e-01,3.920952081680297852e-01,5.162449553608894348e-03
9.530141353607177734e-01,4.302006721496582031e+00,1.311323978006839752e-02
9.576322436332702637e-01,4.882305264472961426e-01,9.282907471060752869e-03
1.214962154626846313e-01,3.914751291275024414e+00,1.987494900822639465e-02
3.369725644588470459e-01,4.872935771942138672e+00,5.952280014753341675e-03
3.121115565299987793e-01,6.247071921825408936e-02,1.666298881173133850e-02
3.856631219387054443e-01,4.842522621154785156e+00,1.495675928890705109e-02
3.494035303592681885e-01,4.058092594146728516e+00,1.335478015244007111e-02
2.580935657024383545e-01,1.159773916006088257e-01,6.417867261916399002e-03
3.433260619640350342e-01,1.315958052873611450e-01,5.872707348316907883e-03
3.563445210456848145e-01,5.497346520423889160e-01,1.201753271743655205e-03
2.071256041526794434e-01,4.141967773437500000e+00,2.220565453171730042e-02
1.172326356172561646e-01,4.869013309478759766e+00,3.462890163064002991e-03
1.271357089281082153e-01,4.926558017730712891e+00,5.164399277418851852e-03
3.400967717170715332e-01,4.940233707427978516e+00,8.657918311655521393e-03
1.625376790761947632e-01,5.250377058982849121e-01,1.674286834895610809e-02
1.525641083717346191e-01,3.912304401397705078e+00,3.802165854722261429e-03
2.895178198814392090e-01,4.898052215576171875e+00,6.883813533931970596e-03
3.551386892795562744e-01,4.819773197174072266e+00,4.284119233489036560e-03
3.419763743877410889e-01,3.499749898910522461e+00,2.984271850436925888e-03
1.535856127738952637e-01,8.826331496238708496e-01,1.018073409795761108e-02
1.005999073386192322e-01,1.807816147804260254e+00,1.088021788746118546e-02
1.800660341978073120e-01,6.107354760169982910e-01,1.196869090199470520e-02
6.793798208236694336e-01,5.297900438308715820e-01,5.892253946512937546e-03
6.602613925933837891e-01,2.680605173110961914e+00,8.828351274132728577e-03
3.207814991474151611e-01,3.014718055725097656e+00,1.451667025685310364e-02
6.640980392694473267e-02,4.063200950622558594e+00,5.489566363394260406e-03
2.859300374984741211e-01,3.251246929168701172e+00,2.500882185995578766e-02
1.526249200105667114e-01,7.416114956140518188e-02,1.532861310988664627e-02
3.565582334995269775e-01,3.273663759231567383e+00,1.660927198827266693e-03
3.349712789058685303e-01,2.296556711196899414e+00,2.105038240551948547e-02
2.731649279594421387e-01,4.982447624206542969e+00,1.253478322178125381e-02
1.639541089534759521e-01,5.778632760047912598e-01,1.097872201353311539e-02
1.564769595861434937e-01,1.486506462097167969e-01,9.412297513335943222e-04
1.036176830530166626e-01,2.822659730911254883e+00,3.069950034841895103e-03
2.016026526689529419e-01,1.106690522283315659e-02,1.090145763009786606e-02
1.590461879968643188e-01,1.981281876564025879e+00,4.000046756118535995e-03
3.297183215618133545e-01,3.310532569885253906e+00,1.335442159324884415e-02
7.329147309064865112e-02,4.972086906433105469e+00,1.086605712771415710e-02
1.687791645526885986e-01,4.218851402401924133e-02,1.986945979297161102e-02
3.425948321819305420e-01,4.874837875366210938e+00,5.253873765468597412e-03
1.293616592884063721e-01,3.218966245651245117e+00,1.291315257549285889e-02
1.845322996377944946e-01,3.300848722457885742e+00,1.896650157868862152e-02
3.505814075469970703e-01,5.736679583787918091e-02,7.700578775256872177e-03
3.425816297531127930e-01,4.076466083526611328e+00,1.893520727753639221e-02
7.698360085487365723e-02,4.386036872863769531e+00,2.517504850402474403e-03
6.209158301353454590e-01,3.084392845630645752e-01,8.068122901022434235e-03
3.905756771564483643e-01,2.900077342987060547e+00,9.360069409012794495e-03
1.198467463254928589e-01,4.088460922241210938e+00,1.762427762150764465e-02
3.619710206985473633e-01,4.974079608917236328e+00,1.467735599726438522e-02
1.878319531679153442e-01,5.380300283432006836e-01,1.191646326333284378e-02
2.919023334980010986e-01,1.487099528312683105e-01,1.120169088244438171e-02
1.434911340475082397e-01,4.118925034999847412e-01,7.483766530640423298e-04
3.495204150676727295e-01,4.982429027557373047e+00,2.123394981026649475e-02
3.175804018974304199e-01,6.337677687406539917e-02,2.459099888801574707e-02
3.492943048477172852e-01,2.953577518463134766e+00,1.163100544363260269e-02
1.712699383497238159e-01,2.735396102070808411e-02,9.723304770886898041e-03
1.306774169206619263e-01,3.138593196868896484e+00,2.933480544015765190e-03
3.299431502819061279e-01,3.531990289688110352e+00,5.477253347635269165e-03
1.766078472137451172e-01,5.148703455924987793e-01,1.133436337113380432e-02
1.474184542894363403e-01,2.891563415527343750e+00,1.759600825607776642e-02
1.052022352814674377e-01,5.289313197135925293e-01,1.712436787784099579e-02
3.508358597755432129e-01,2.868871927261352539e+00,1.964443799806758761e-04
3.838006854057312012e-01,4.176586627960205078e+00,1.966064982116222382e-02
1.703901141881942749e-01,1.702303141355514526e-01,3.280610963702201843e-02
1.271362602710723877e-01,3.283404350280761719e+00,2.243955060839653015e-02
1.707272678613662720e-01,2.914138555526733398e+00,8.376667276024818420e-03
1.487124562263488770e-01,1.993017077445983887e+00,1.110934279859066010e-02
8.142844587564468384e-02,1.534637451171875000e+00,5.331548745743930340e-04
1.712208837270736694e-01,1.647274613380432129e+00,3.778566024266183376e-04
1.782590448856353760e-01,6.168276444077491760e-02,9.993677958846092224e-03
3.403159976005554199e-01,9.019985795021057129e-02,6.433463655412197113e-03
1.900726407766342163e-01,3.851333633065223694e-02,3.555381670594215393e-02
1.020466983318328857e-01,3.958961009979248047e+00,7.604434154927730560e-03
2.663878202438354492e-01,3.170062541961669922e+00,1.296933088451623917e-02
6.265333890914916992e-01,4.858175754547119141e+00,9.813291952013969421e-03
1.488592028617858887e-01,2.203047990798950195e+00,2.209976129233837128e-02
3.022412359714508057e-01,4.854959011077880859e+00,8.055809885263442993e-03
1.569081097841262817e-01,3.066224575042724609e+00,7.730437908321619034e-03
3.314678370952606201e-01,4.505180358886718750e+00,8.271545171737670898e-03
3.575196862220764160e-01,1.466151177883148193e-01,1.708999462425708771e-02
1.153013855218887329e-01,3.464927196502685547e+00,9.887734428048133850e-03
1.158048138022422791e-01,5.948384478688240051e-02,7.243969943374395370e-03
1.240473166108131409e-01,4.101389408111572266e+00,1.107240375131368637e-02
1.627455502748489380e-01,3.241378664970397949e-01,7.157675921916961670e-03
1.539075076580047607e-01,7.563501596450805664e-03,3.344017895869910717e-04
1.256194114685058594e-01,4.278495788574218750e+00,2.161965530831366777e-04
1.674144119024276733e-01,3.960380077362060547e+00,1.414276380091905594e-02
1.147418841719627380e-01,2.514798164367675781e+00,1.808765903115272522e-02
7.478565722703933716e-02,3.264023780822753906e+00,3.478127531707286835e-03
3.608567714691162109e-01,2.802223443984985352e+00,1.204390265047550201e-02
1.494663357734680176e-01,4.794861003756523132e-02,1.452539209276437759e-02
1.500853449106216431e-01,3.192199468612670898e+00,8.408476598560810089e-03
1.400068253278732300e-01,3.203987598419189453e+00,3.739882493391633034e-03
2.042182385921478271e-01,2.034104824066162109e+00,1.643791608512401581e-02
9.577940106391906738e-01,5.282252430915832520e-01,5.144441965967416763e-03
9.765560925006866455e-02,4.955896377563476562e+00,2.000356791540980339e-03
1.071794405579566956e-01,4.986572265625000000e+00,1.290520094335079193e-02
1.699480712413787842e-01,1.015479266643524170e-01,1.273779477924108505e-02
3.414829373359680176e-01,4.956149101257324219e+00,2.892308682203292847e-02
1.162407398223876953e-01,3.512499094009399414e+00,1.648973324336111546e-03
1.277525126934051514e-01,3.244006633758544922e+00,1.731522008776664734e-02
7.194686681032180786e-02,2.511808395385742188e+00,3.297331044450402260e-03
7.835353165864944458e-02,4.994156837463378906e+00,2.016579359769821167e-02
6.938211917877197266e-01,4.898845672607421875e+00,7.276189047843217850e-03
1.614924818277359009e-01,9.467045664787292480e-01,5.904105491936206818e-04
1.373931616544723511e-01,3.243856191635131836e+00,1.111252349801361561e-04
1.569327116012573242e-01,1.195336133241653442e-01,3.057739522773772478e-04
3.126243054866790771e-01,1.308939903974533081e-01,1.026733592152595520e-02
3.436410129070281982e-01,1.913580775260925293e+00,7.917904295027256012e-03
8.871262520551681519e-02,4.972286224365234375e+00,3.627218073233962059e-03
3.588157892227172852e-01,7.021300494670867920e-02,8.974158205091953278e-03
3.617103099822998047e-01,4.853564739227294922e+00,9.573905845172703266e-04
3.160247206687927246e-01,4.879489421844482422e+00,6.163192447274923325e-03
2.627910971641540527e-01,3.915436267852783203e+00,1.052714139223098755e-02
3.299513161182403564e-01,3.923536777496337891e+00,1.108251046389341354e-02
2.213510721921920776e-01,3.511009216308593750e+00,3.114020451903343201e-03
1.422635018825531006e-01,4.987218856811523438e+00,2.022581920027732849e-02
3.043035566806793213e-01,5.802457332611083984e-01,7.433796301484107971e-03
2.090352773666381836e-01,4.834743022918701172e+00,1.298513263463973999e-03
1.269706487655639648e-01,2.712255477905273438e+00,1.367461215704679489e-02
1.482382863759994507e-01,1.743010133504867554e-01,7.960178889334201813e-03
1.605408936738967896e-01,4.892623424530029297e+00,5.795340053737163544e-03
9.472650289535522461e-01,2.772183418273925781e+00,5.015206057578325272e-03
1.765594780445098877e-01,1.056037545204162598e-01,7.498234510421752930e-03
3.270739614963531494e-01,6.090575084090232849e-02,1.452559698373079300e-02
1.682086437940597534e-01,8.928964138031005859e-01,6.270367186516523361e-03
3.458867371082305908e-01,2.997833490371704102e+00,5.300663411617279053e-03
3.415514826774597168e-01,4.910310268402099609e+00,1.088257785886526108e-02
1.723428815603256226e-01,1.611344337463378906e+00,2.011992782354354858e-02
1.739277839660644531e-01,4.976391792297363281e+00,7.336984854191541672e-03
3.483922481536865234e-01,4.689138889312744141e+00,4.829792305827140808e-03
1.472504884004592896e-01,4.176019668579101562e+00,1.104757282882928848e-02
3.449985384941101074e-01,4.270840644836425781e+00,8.771711029112339020e-03
3.380757272243499756e-01,4.379109859466552734e+00,9.220829233527183533e-03
3.531256318092346191e-01,4.430332660675048828e+00,4.309976473450660706e-03
3.645768165588378906e-01,4.251923084259033203e+00,1.445546466857194901e-02
1.728361845016479492e-01,1.957060098648071289e-01,5.724899470806121826e-03
8.104219436645507812e-01,4.010009765625000000e+00,1.118640229105949402e-02
1.069595888257026672e-01,3.301585197448730469e+00,1.833925489336252213e-03
1.861609965562820435e-01,4.619392007589340210e-02,5.243612919002771378e-03
9.039522707462310791e-02,3.565025568008422852e+00,2.287030220031738281e-02
3.322134017944335938e-01,2.140013456344604492e+00,4.471892956644296646e-03
8.761972188949584961e-02,3.111738920211791992e+00,1.395632419735193253e-02
9.735775589942932129e-01,1.759980082511901855e+00,1.540372241288423538e-02
1.898005157709121704e-01,1.239829063415527344e-01,1.974089071154594421e-03
3.247660994529724121e-01,3.804989576339721680e+00,1.695896312594413757e-02
1.566387265920639038e-01,3.389351606369018555e+00,2.159913419745862484e-04
1.557344049215316772e-01,4.943693637847900391e+00,1.775849051773548126e-02
3.080215454101562500e-01,4.454047203063964844e+00,2.191824838519096375e-03
8.774998784065246582e-02,4.899693012237548828e+00,1.547888386994600296e-02
3.729615211486816406e-01,4.602163791656494141e+00,1.459198538213968277e-02
1.569903343915939331e-01,9.283445775508880615e-02,2.155419252812862396e-02
1.608118712902069092e-01,1.910856217145919800e-01,3.291071858257055283e-03
1.586692631244659424e-01,5.766744911670684814e-02,3.485720604658126831e-03
1.609429419040679932e-01,4.037706375122070312e+00,8.626417256891727448e-03
1.405149549245834351e-01,2.450387477874755859e-01,2.285814378410577774e-03
1.405309885740280151e-01,2.676695823669433594e+00,1.138648856431245804e-02
9.613143652677536011e-02,2.893594980239868164e+00,1.031330414116382599e-02
1.590884774923324585e-01,2.757970571517944336e+00,5.466787144541740417e-03
1.482355892658233643e-01,4.985940456390380859e+00,1.030653249472379684e-02
1.386462301015853882e-01,2.402686476707458496e-01,9.471605531871318817e-03
1.249119490385055542e-01,4.812703609466552734e+00,3.036191919818520546e-04
1.370498985052108765e-01,3.136974334716796875e+00,2.072285674512386322e-02
1.764166057109832764e-01,4.966094493865966797e+00,1.783247105777263641e-02
3.362624645233154297e-01,2.318229675292968750e+00,1.237112190574407578e-02
2.826259136199951172e-01,1.339632570743560791e-01,8.559310808777809143e-03
3.289046287536621094e-01,4.980790138244628906e+00,1.070588547736406326e-02
1.522964537143707275e-01,1.565163373947143555e+00,1.257362030446529388e-02
1.095426455140113831e-01,4.848911762237548828e+00,1.426974218338727951e-02
3.553174734115600586e-01,4.992416858673095703e+00,1.158426702022552490e-02
1.698339283466339111e-01,1.282539218664169312e-01,9.433742612600326538e-03
1.362771540880203247e-01,3.310383558273315430e+00,9.025410749018192291e-03
2.571042776107788086e-01,4.874492645263671875e+00,2.174278721213340759e-03
3.675808608531951904e-01,6.553929299116134644e-02,1.807190850377082825e-02
8.333147317171096802e-02,4.282383620738983154e-02,1.155774295330047607e-02
3.010882735252380371e-01,4.944580078125000000e+00,9.762603789567947388e-03
3.225084543228149414e-01,4.184443473815917969e+00,6.474609952419996262e-03
1.809875369071960449e-01,3.992023468017578125e+00,6.394729018211364746e-03
1.833668053150177002e-01,3.049528121948242188e+00,8.941630832850933075e-03
9.626432061195373535e-01,1.599319338798522949e+00,7.964078336954116821e-03
1.324395388364791870e-01,6.164020672440528870e-02,1.145790424197912216e-02
3.665566742420196533e-01,4.432353496551513672e+00,2.379152365028858185e-02
1.046346947550773621e-01,4.291631698608398438e+00,2.419282682240009308e-02
2.886351048946380615e-01,4.570072650909423828e+00,2.212520875036716461e-02
9.565184712409973145e-01,9.229537099599838257e-02,6.089313887059688568e-03
2.863018512725830078e-01,9.915229082107543945e-01,2.028061309829354286e-03
2.753877043724060059e-01,4.280790805816650391e+00,1.342178415507078171e-02
9.692518413066864014e-02,3.265185117721557617e+00,1.118901837617158890e-02
1.366622895002365112e-01,2.349845647811889648e+00,6.197873968631029129e-03
1.479925662279129028e-01,3.318291902542114258e+00,9.152286686003208160e-03
7.970459759235382080e-02,4.300171852111816406e+00,2.385652624070644379e-04
1.293963193893432617e-01,1.622656345367431641e+00,9.259256534278392792e-03
3.734626173973083496e-01,3.276927709579467773e+00,8.999502286314964294e-03
1.427662074565887451e-01,3.202769994735717773e+00,1.309389830566942692e-03
9.542826563119888306e-02,4.980384826660156250e+00,1.431935373693704605e-02
1.665773391723632812e-01,6.614248454570770264e-02,1.697312295436859131e-02
1.774342805147171021e-01,7.175267487764358521e-02,3.125271573662757874e-02
1.866084337234497070e-01,1.684002578258514404e-01,1.522046327590942383e-02
1.094906255602836609e-01,4.703005790710449219e+00,4.142005927860736847e-03
2.724630832672119141e-01,4.892413616180419922e+00,1.822187192738056183e-02
7.701770216226577759e-02,4.233388900756835938e+00,2.337580360472202301e-02
3.148611485958099365e-01,5.799083411693572998e-02,2.142849564552307129e-02
3.577302098274230957e-01,4.873815059661865234e+00,1.168815884739160538e-02
3.034595847129821777e-01,3.091978788375854492e+00,3.733931109309196472e-03
3.237362504005432129e-01,2.941218376159667969e+00,1.181467529386281967e-02
1.380831003189086914e-01,5.859897658228874207e-02,2.068283734843134880e-03
1.885069459676742554e-01,1.022396534681320190e-01,1.710487296804785728e-03
6.079506874084472656e-01,2.507767915725708008e+00,4.032214637845754623e-03
3.481899797916412354e-01,3.746108531951904297e+00,1.459403778426349163e-03
9.549083709716796875e-01,5.810818672180175781e-01,4.536536522209644318e-03
1.401309221982955933e-01,3.005230426788330078e+00,2.181933261454105377e-02
7.537490129470825195e-02,3.191951751708984375e+00,8.415556512773036957e-03
3.207976222038269043e-01,3.349719047546386719e+00,4.289659671485424042e-03
1.682620495557785034e-01,1.227413192391395569e-01,1.138905412517488003e-03
9.066212177276611328e-02,3.158265829086303711e+00,8.596301078796386719e-03
1.665720194578170776e-01,1.954491972923278809e+00,3.782670246437191963e-03
7.710496336221694946e-02,4.749883651733398438e+00,7.772917859256267548e-03
2.036179453134536743e-01,1.573478728532791138e-01,2.294464223086833954e-02
3.577176928520202637e-01,4.881578922271728516e+00,1.424547564238309860e-02
3.737816214561462402e-01,4.866122722625732422e+00,1.181739382445812225e-02
3.103496432304382324e-01,4.752470970153808594e+00,1.145000383257865906e-02
1.311809271574020386e-01,3.184748888015747070e+00,1.023727096617221832e-02
1.545307040214538574e-01,8.721674233675003052e-02,4.830510355532169342e-03
1.868532598018646240e-01,4.322692394256591797e+00,1.266006845980882645e-02
3.351955413818359375e-01,4.952236652374267578e+00,1.078997366130352020e-02
3.336047828197479248e-01,2.461708784103393555e+00,9.088874794542789459e-03
1.630130708217620850e-01,2.192550599575042725e-01,2.032755501568317413e-02
6.456215977668762207e-01,4.348667263984680176e-01,1.379948668181896210e-02
3.379882276058197021e-01,3.414729118347167969e+00,6.498415023088455200e-03
1.330092251300811768e-01,4.986104488372802734e+00,7.565135136246681213e-03
1.160678416490554810e-01,1.770769000053405762e+00,1.365439780056476593e-02
3.431336879730224609e-01,4.305423736572265625e+00,6.889970041811466217e-03
1.863332092761993408e-01,2.049074620008468628e-01,2.417245879769325256e-02
1.421978324651718140e-01,5.151645094156265259e-02,3.114656731486320496e-02
1.349542289972305298e-01,2.987172126770019531e+00,8.664895780384540558e-03
4.588989913463592529e-02,4.148738861083984375e+00,1.271219342015683651e-03
6.020277738571166992e-02,2.879703998565673828e+00,6.592096760869026184e-04
1.669335812330245972e-01,5.116349831223487854e-02,2.491554990410804749e-02
2.633252739906311035e-01,1.854166388511657715e-01,3.632425516843795776e-02
3.614086508750915527e-01,3.765376091003417969e+00,1.117891166359186172e-02
1.220136359333992004e-01,3.229819774627685547e+00,4.598922561854124069e-03
9.833887964487075806e-02,4.883581638336181641e+00,1.166891958564519882e-02
1.250492632389068604e-01,3.594898700714111328e+00,2.198068425059318542e-02
3.278150856494903564e-01,4.746712684631347656e+00,7.464168127626180649e-03
2.853612601757049561e-01,4.023104667663574219e+00,6.364100147038698196e-03
8.100885897874832153e-02,4.990432739257812500e+00,2.183256903663277626e-03
1.373634189367294312e-01,3.430818319320678711e+00,1.432905066758394241e-02
1.458149999380111694e-01,4.367908477783203125e+00,2.403927221894264221e-02
2.849279344081878662e-01,1.584482789039611816e-01,9.391262428835034370e-04
1.427656561136245728e-01,1.674017170444130898e-03,2.691703662276268005e-02
3.478740155696868896e-01,4.822679042816162109e+00,7.347707170993089676e-03
3.295049667358398438e-01,4.155178546905517578e+00,7.245201151818037033e-03
1.217438727617263794e-01,8.265903592109680176e-01,1.740151457488536835e-02
1.202447414398193359e-01,8.002516627311706543e-02,2.141443837899714708e-04
1.175546348094940186e-01,4.944475173950195312e+00,1.406960375607013702e-02
1.393924802541732788e-01,3.359232902526855469e+00,1.580584677867591381e-03
1.707201600074768066e-01,4.148467540740966797e+00,1.881623268127441406e-02
8.976373821496963501e-02,4.977257728576660156e+00,2.925784792751073837e-03
3.438563346862792969e-01,3.337945938110351562e+00,3.295791801065206528e-03
2.598991692066192627e-01,9.373915195465087891e-02,2.069612592458724976e-02
3.480570316314697266e-01,4.821382045745849609e+00,1.076026819646358490e-02
1.196378916501998901e-01,3.379303693771362305e+00,6.513088010251522064e-03
3.177938461303710938e-01,5.547160282731056213e-02,1.641339249908924103e-02
3.175114095211029053e-01,1.816745877265930176e+00,1.296414900571107864e-02
2.591773569583892822e-01,4.983141899108886719e+00,8.977851830422878265e-03
1.993675678968429565e-01,1.475309282541275024e-01,1.911631040275096893e-02
2.609303593635559082e-01,4.953915596008300781e+00,2.933788346126675606e-03
1.456409543752670288e-01,4.079339504241943359e+00,1.958425901830196381e-02
3.497442305088043213e-01,3.106313467025756836e+00,3.204711154103279114e-02
3.250398635864257812e-01,1.122671738266944885e-02,1.604790054261684418e-02
1.565643846988677979e-01,4.111740589141845703e+00,3.557957243174314499e-03
1.824637204408645630e-01,4.797220706939697266e+00,5.901386030018329620e-03
3.458139896392822266e-01,2.922341108322143555e+00,8.360865525901317596e-03
3.497149348258972168e-01,4.981456279754638672e+00,8.059452287852764130e-03
1.772962361574172974e-01,3.576691389083862305e+00,9.955200366675853729e-03
3.277562856674194336e-01,9.607771784067153931e-02,9.543430991470813751e-03
5.988411903381347656e-01,3.350163459777832031e+00,8.336137048900127411e-03
1.100166067481040955e-01,3.780915975570678711e+00,6.160113960504531860e-03
3.113922476768493652e-01,4.748600959777832031e+00,1.018093898892402649e-02
7.006775140762329102e-01,4.216251850128173828e+00,5.659742746502161026e-03
1.456268280744552612e-01,3.418616294860839844e+00,8.035903796553611755e-03
1.633832156658172607e-01,3.493122816085815430e+00,2.782712318003177643e-02
1.370148658752441406e-01,2.774002313613891602e+00,1.992661273106932640e-04
1.342068761587142944e-01,3.173337459564208984e+00,2.751298714429140091e-03
1.161318197846412659e-01,2.033198595046997070e+00,1.155451033264398575e-02
9.692319631576538086e-01,4.149213790893554688e+00,1.241811737418174744e-02
3.508295714855194092e-01,1.699509620666503906e+00,7.945505902171134949e-03
1.591213345527648926e-01,2.913604259490966797e+00,4.900284111499786377e-03
2.913524210453033447e-01,4.923633575439453125e+00,1.507475879043340683e-02
2.983920276165008545e-01,1.896109133958816528e-01,7.464783731848001480e-03
1.740250289440155029e-01,1.957372903823852539e+00,4.356150515377521515e-03
3.359921276569366455e-01,3.428667187690734863e-01,1.022187992930412292e-03
1.090212240815162659e-01,4.984167098999023438e+00,5.121047142893075943e-03
1.563739031553268433e-01,4.988508224487304688e+00,2.561523811891674995e-03
6.648695468902587891e-01,4.027767658233642578e+00,1.099801249802112579e-02
3.568669855594635010e-01,4.943310737609863281e+00,1.283429795876145363e-03
1.568384766578674316e-01,1.139447838068008423e-01,3.420153632760047913e-03
1.048141568899154663e-01,4.091583728790283203e+00,7.633883040398359299e-03
2.795028388500213623e-01,3.533431529998779297e+00,1.041704136878252029e-02
1.271524876356124878e-01,4.559065341949462891e+00,6.005226168781518936e-03
1.153910309076309204e-01,4.740000247955322266e+00,6.507342215627431870e-03
6.885653734207153320e-01,2.810823678970336914e+00,1.022962667047977448e-02
3.078756034374237061e-01,3.323572635650634766e+00,8.592043071985244751e-03
3.091073632240295410e-01,4.831455707550048828e+00,1.152141951024532318e-02
8.951805531978607178e-02,4.513712882995605469e+00,1.192656997591257095e-02
3.183323442935943604e-01,1.804455876350402832e+00,2.384154498577117920e-02
3.471581637859344482e-01,4.559906482696533203e+00,7.129253353923559189e-03
1.680751591920852661e-01,5.378996133804321289e-01,1.828631013631820679e-02
9.217258542776107788e-02,4.730037212371826172e+00,5.794467870146036148e-03
1.428682804107666016e-01,4.268988609313964844e+00,5.304870661348104477e-03
9.643940627574920654e-02,5.211230516433715820e-01,1.518198521807789803e-03
3.546808063983917236e-01,1.770663708448410034e-01,5.130179226398468018e-03
1.487872749567031860e-01,3.553262233734130859e+00,6.602973211556673050e-03
9.915991872549057007e-02,2.685004472732543945e+00,4.863345064222812653e-03
2.940012812614440918e-01,2.433009862899780273e+00,1.187470089644193649e-02
3.114911317825317383e-01,5.977441370487213135e-02,1.523698400706052780e-02
6.015210747718811035e-01,1.666596055030822754e+00,5.148905329406261444e-04
1.570657789707183838e-01,2.311376333236694336e+00,1.310010533779859543e-02
1.722913086414337158e-01,7.036632299423217773e-02,8.189458400011062622e-03
1.820322871208190918e-01,6.432352215051651001e-02,1.861855573952198029e-02
3.007254004478454590e-01,1.900815963745117188e+00,1.815574057400226593e-02
1.240320131182670593e-01,3.253795862197875977e+00,8.774584159255027771e-03
1.602009683847427368e-01,1.102844700217247009e-01,2.573785744607448578e-02
1.241302266716957092e-01,3.534207105636596680e+00,1.603158540092408657e-03
1.713524758815765381e-01,7.192838937044143677e-02,8.726152591407299042e-03
1.195366680622100830e-01,3.868190288543701172e+00,6.115838419646024704e-03
6.011461839079856873e-02,4.166007518768310547e+00,5.080465227365493774e-03
3.320128321647644043e-01,4.799001693725585938e+00,3.624037140980362892e-03
1.272893548011779785e-01,2.928797245025634766e+00,1.824505999684333801e-02
1.606119275093078613e-01,1.922739028930664062e+00,1.950201764702796936e-02
2.861997783184051514e-01,3.957304239273071289e+00,6.343168206512928009e-03
1.417897492647171021e-01,2.914646863937377930e+00,8.915773592889308929e-03
3.049772679805755615e-01,2.802406072616577148e+00,9.336161427199840546e-03
1.194084361195564270e-01,3.183931589126586914e+00,4.575219936668872833e-03
3.453427255153656006e-01,4.598821163177490234e+00,2.532639540731906891e-03
9.743165224790573120e-02,3.331783771514892578e+00,1.434777630493044853e-03
3.399792611598968506e-01,4.881165504455566406e+00,4.950973205268383026e-03
1.381672918796539307e-01,6.532187759876251221e-02,1.324011571705341339e-02
1.356013417243957520e-01,4.840806007385253906e+00,4.019337240606546402e-03
1.407446414232254028e-01,1.415874719619750977e+00,1.050066761672496796e-02
3.538248240947723389e-01,3.419742584228515625e+00,1.732291653752326965e-03
7.100643962621688843e-02,3.409778118133544922e+00,2.245447970926761627e-02
3.289426565170288086e-01,4.941951274871826172e+00,2.194815687835216522e-02
6.726881116628646851e-02,2.867070198059082031e+00,4.856624174863100052e-03
3.032427728176116943e-01,3.058152914047241211e+00,3.543319925665855408e-02
1.733877360820770264e-01,5.423087626695632935e-02,2.643143944442272186e-02
3.250011801719665527e-01,2.565775156021118164e+00,1.474825851619243622e-02
2.673079669475555420e-01,4.977462768554687500e+00,7.817860692739486694e-03
1.579421609640121460e-01,3.720949172973632812e+00,4.222143441438674927e-03
8.157391101121902466e-02,4.113704681396484375e+00,4.636323545128107071e-03
2.520998120307922363e-01,2.933690786361694336e+00,1.713637262582778931e-02
6.469742655754089355e-01,4.317471027374267578e+00,9.908513166010379791e-03
3.116947114467620850e-01,5.406559258699417114e-02,2.098060958087444305e-02
3.378320634365081787e-01,3.850157499313354492e+00,1.721763983368873596e-02
3.330185115337371826e-01,3.112405061721801758e+00,7.160138804465532303e-03
1.681154370307922363e-01,4.950938701629638672e+00,4.847338423132896423e-03
1.397207230329513550e-01,4.920314311981201172e+00,9.227395989000797272e-03
1.762241125106811523e-01,1.667562842369079590e+00,8.064634166657924652e-03
1.258921772241592407e-01,3.831343948841094971e-01,2.210176363587379456e-02
1.332122534513473511e-01,2.916784763336181641e+00,2.381035155849531293e-04
8.866626769304275513e-02,2.085847139358520508e+00,7.670001359656453133e-04
1.263257116079330444e-01,4.019701480865478516e+00,3.916164394468069077e-03
3.396132290363311768e-01,4.880825042724609375e+00,2.030241675674915314e-02
2.607726454734802246e-01,6.072816252708435059e-02,2.183359581977128983e-03
3.237400650978088379e-01,4.171047210693359375e+00,1.533743739128112793e-02
9.077147841453552246e-01,4.931732177734375000e+00,2.507372200489044189e-02
3.464668691158294678e-01,3.007585763931274414e+00,8.987702429294586182e-03
8.401159644126892090e-01,4.206863880157470703e+00,1.300426945090293884e-02
3.448203504085540771e-01,4.333984375000000000e+00,6.140413228422403336e-03
2.382380813360214233e-01,4.911699771881103516e+00,3.865167731419205666e-03
2.883646488189697266e-01,2.642101764678955078e+00,3.316518850624561310e-03
3.122836649417877197e-01,2.678294181823730469e-01,1.558913663029670715e-02
2.931974232196807861e-01,8.465068042278289795e-02,1.373930717818439007e-03
1.085530966520309448e-01,2.752240419387817383e+00,3.426771843805909157e-03
1.800913661718368530e-01,3.505613207817077637e-01,1.015549246221780777e-02
3.303202092647552490e-01,4.963658809661865234e+00,3.203443950042128563e-03
1.126247122883796692e-01,4.922479629516601562e+00,9.436358697712421417e-03
1.174823269248008728e-01,4.077577590942382812e+00,1.464344374835491180e-02
2.238507121801376343e-01,4.187331199645996094e+00,2.116212435066699982e-02
2.795040607452392578e-01,3.174272775650024414e-01,1.443540398031473160e-02
1.044579595327377319e-01,4.050855159759521484e+00,1.262836251407861710e-02
2.738089561462402344e-01,4.891854763031005859e+00,3.083597170189023018e-03
2.825716435909271240e-01,8.382717519998550415e-02,8.927573449909687042e-03
3.084481656551361084e-01,3.556983709335327148e+00,1.899687387049198151e-02
3.054712712764739990e-01,1.063317134976387024e-01,3.073300234973430634e-02
1.902084350585937500e-01,8.301699906587600708e-02,1.311749778687953949e-02
1.463666260242462158e-01,1.286193579435348511e-01,4.251694772392511368e-03
3.420316576957702637e-01,4.862046241760253906e+00,8.648170158267021179e-03
3.340488672256469727e-01,3.657519817352294922e+00,8.984573185443878174e-03
3.218809664249420166e-01,3.322784423828125000e+00,1.489396300166845322e-02
7.043791413307189941e-01,5.020205676555633545e-02,2.478369884192943573e-02
3.204566538333892822e-01,5.770436674356460571e-02,2.378470031544566154e-03
2.484279125928878784e-01,3.242810487747192383e+00,1.711795479059219360e-02
1.611348390579223633e-01,4.956749439239501953e+00,8.020153269171714783e-03
6.321555972099304199e-01,2.273332357406616211e+00,9.758396074175834656e-03
1.508968174457550049e-01,3.535891532897949219e+00,1.746215671300888062e-02
1.103299334645271301e-01,4.937988281250000000e+00,5.635629873722791672e-03
1.554459482431411743e-01,7.322158664464950562e-02,1.758923754096031189e-02
3.496975302696228027e-01,4.963148117065429688e+00,1.874230243265628815e-02
9.527918100357055664e-01,4.111700132489204407e-02,1.192800607532262802e-02
1.601691991090774536e-01,3.279591083526611328e+00,1.967778615653514862e-02
6.345951557159423828e-01,2.963878393173217773e+00,1.083845552057027817e-02
1.068480461835861206e-01,2.514990806579589844e+00,5.500853294506669044e-04
3.365045487880706787e-01,2.694375038146972656e+00,2.923455648124217987e-02
6.085531115531921387e-01,4.386820793151855469e+00,5.720795132219791412e-03
1.517207920551300049e-01,7.938625812530517578e-01,6.389854941517114639e-03
9.676244854927062988e-01,8.801375329494476318e-02,1.629924029111862183e-02
1.624839305877685547e-01,5.707027912139892578e-01,1.926334947347640991e-02
1.375373899936676025e-01,7.680679559707641602e-01,1.301996875554323196e-02
6.974344849586486816e-01,4.265377521514892578e+00,2.867508307099342346e-02
1.684255897998809814e-01,1.135613992810249329e-01,3.300768323242664337e-03
5.732066184282302856e-02,3.202222347259521484e+00,8.567365817725658417e-03
3.917206525802612305e-01,5.111054182052612305e-01,9.471810190007090569e-04
2.241631597280502319e-01,3.516529873013496399e-02,2.529422752559185028e-02
3.288729488849639893e-01,7.141910195350646973e-01,3.717118501663208008e-02
3.233707249164581299e-01,2.505537569522857666e-01,2.230226062238216400e-02
3.010905981063842773e-01,4.973635971546173096e-01,1.397607661783695221e-02
3.314146995544433594e-01,1.699653029441833496e+00,1.957512646913528442e-02
3.474555015563964844e-01,3.445724964141845703e+00,1.497327908873558044e-02
9.777839183807373047e-01,2.933986425399780273e+00,8.812241256237030029e-03
7.761008292436599731e-02,3.232702970504760742e+00,5.636296700686216354e-04
3.506064414978027344e-01,1.460770517587661743e-01,2.386268228292465210e-03
1.880573332309722900e-01,1.051128655672073364e-01,2.802156843245029449e-02
9.672926068305969238e-01,4.442950248718261719e+00,4.438391420990228653e-03
3.456666171550750732e-01,4.787533760070800781e+00,4.363691899925470352e-03
2.736530303955078125e-01,2.757746458053588867e+00,7.557849865406751633e-03
1.203549131751060486e-01,4.059825897216796875e+00,1.116598304361104965e-02
1.364729106426239014e-01,2.979994297027587891e+00,1.122057065367698669e-02
9.456512331962585449e-02,4.070458889007568359e+00,6.942659616470336914e-03
3.272658288478851318e-01,3.329664230346679688e+00,1.273404899984598160e-02
2.673793733119964600e-01,8.827697485685348511e-02,1.567789353430271149e-02
2.763604223728179932e-01,3.027684450149536133e+00,1.164444722235202789e-02
3.396893441677093506e-01,4.604137420654296875e+00,7.223448250442743301e-03
3.395078182220458984e-01,3.498045444488525391e+00,2.306746551766991615e-03
1.428833752870559692e-01,4.264819145202636719e+00,1.347560249269008636e-02
3.158863186836242676e-01,4.362137317657470703e+00,1.227661967277526855e-02
3.380751609802246094e-01,4.418283939361572266e+00,1.449035108089447021e-02
1.335839331150054932e-01,8.757773041725158691e-02,1.139931473881006241e-02
1.753996610641479492e-01,3.692686259746551514e-01,3.907339647412300110e-03
3.440189659595489502e-01,2.723441600799560547e+00,5.989167839288711548e-03
2.571265995502471924e-01,2.891722917556762695e+00,7.828942500054836273e-03
1.679021567106246948e-01,3.084127902984619141e-01,1.862512342631816864e-02
3.372860848903656006e-01,4.934140205383300781e+00,1.185592380352318287e-03
8.911204338073730469e-02,4.522753238677978516e+00,1.361207221634685993e-03
1.904036104679107666e-01,2.660129785537719727e+00,5.957667250186204910e-03
1.145058721303939819e-01,4.953177452087402344e+00,1.525960862636566162e-02
2.219879329204559326e-01,3.051848888397216797e+00,2.014060318470001221e-02
1.072527095675468445e-01,4.973219871520996094e+00,1.815661205910146236e-03
7.471131533384323120e-02,3.457705020904541016e+00,5.703197326511144638e-03
3.001673221588134766e-01,4.806267738342285156e+00,1.132738590240478516e-02
1.626093983650207520e-01,4.864385604858398438e+00,3.171840449795126915e-03
1.508163362741470337e-01,4.840800762176513672e+00,5.927705205976963043e-04
3.644044697284698486e-01,4.891029834747314453e+00,6.263338495045900345e-03
9.981154650449752808e-02,2.874324083328247070e+00,6.760887918062508106e-04
3.214893043041229248e-01,3.324123919010162354e-01,2.749195322394371033e-03
2.490869015455245972e-01,4.751653194427490234e+00,1.166230160742998123e-02
5.924059748649597168e-01,4.409354686737060547e+00,5.124125164002180099e-03
3.628309071063995361e-01,4.493442058563232422e+00,9.817858226597309113e-03
3.308087289333343506e-01,3.126437902450561523e+00,4.598820116370916367e-03
6.750700473785400391e-01,2.074330151081085205e-01,3.436776343733072281e-03
1.777189224958419800e-01,3.239430189132690430e+00,1.771724224090576172e-02
2.611599266529083252e-01,1.107808277010917664e-01,2.455221256241202354e-03
3.007725775241851807e-01,4.868314743041992188e+00,1.875718124210834503e-02
1.432959586381912231e-01,2.961993217468261719e+00,1.159068080596625805e-03
1.056997254490852356e-01,4.938670635223388672e+00,9.660610230639576912e-04
1.613457649946212769e-01,3.227855443954467773e+00,3.018296882510185242e-02
1.549897491931915283e-01,3.341737270355224609e+00,1.614907197654247284e-02
7.143326997756958008e-01,2.273693323135375977e+00,7.032493595033884048e-03
2.172409445047378540e-01,4.934254169464111328e+00,2.723748330026865005e-03
9.893237054347991943e-02,3.331865787506103516e+00,8.529298007488250732e-03
1.791184544563293457e-01,1.105651259422302246e-01,2.172113582491874695e-02
1.672158092260360718e-01,2.650823444128036499e-02,2.314934693276882172e-02
1.220485270023345947e-01,4.495096683502197266e+00,4.473996348679065704e-03
1.708214133977890015e-01,6.397671997547149658e-02,5.979420151561498642e-03
1.511856168508529663e-01,2.830982446670532227e+00,3.157270257361233234e-04
2.591150104999542236e-01,6.167471408843994141e-01,2.163648419082164764e-02
1.492669731378555298e-01,2.753807306289672852e+00,1.062656845897436142e-02
3.382154405117034912e-01,4.300121784210205078e+00,2.376417862251400948e-03
2.045728117227554321e-01,4.951313018798828125e+00,1.304987911134958267e-02
1.469985842704772949e-01,8.589499443769454956e-02,4.209522623568773270e-03
1.632848978042602539e-01,3.984008729457855225e-01,7.992962375283241272e-03
3.328119218349456787e-01,4.444550037384033203e+00,6.296327337622642517e-03
1.480254530906677246e-01,2.597695827484130859e+00,8.975389413535594940e-03
1.723193526268005371e-01,6.157556176185607910e-01,9.816678240895271301e-03
1.675081253051757812e-01,1.075519323348999023e-01,1.863784715533256531e-02
1.396101117134094238e-01,4.687834739685058594e+00,1.108564063906669617e-02
3.317334949970245361e-01,3.152187108993530273e+00,3.227351931855082512e-03
1.456196159124374390e-01,4.750667095184326172e+00,8.075306192040443420e-03
3.009799122810363770e-01,2.919745683670043945e+00,1.743655465543270111e-02
5.727108120918273926e-01,1.887386918067932129e+00,9.798105806112289429e-03
1.005590707063674927e-01,3.052512168884277344e+00,1.793825998902320862e-02
1.396126300096511841e-01,4.825412750244140625e+00,2.465687459334731102e-03
2.886531949043273926e-01,3.274481534957885742e+00,2.115422300994396210e-02
2.937862575054168701e-01,3.310561895370483398e+00,8.576805703341960907e-03
3.599162399768829346e-01,4.751720428466796875e+00,8.427869528532028198e-03
1.413683295249938965e-01,3.438291072845458984e+00,2.976165851578116417e-03
3.621973395347595215e-01,4.916162967681884766e+00,4.999712109565734863e-03
8.053509891033172607e-02,3.777376174926757812e+00,1.781548932194709778e-02
1.633237600326538086e-01,1.231539249420166016e-01,6.897819694131612778e-03
7.798358798027038574e-02,2.985098361968994141e+00,1.225681602954864502e-02
2.110121846199035645e-01,9.341217577457427979e-02,8.461011573672294617e-03
2.891276180744171143e-01,3.359904527664184570e+00,7.595507428050041199e-03
1.151154264807701111e-01,4.989686012268066406e+00,7.966027595102787018e-03
9.773545265197753906e-01,3.278445243835449219e+00,1.413188781589269638e-02
3.380312323570251465e-01,4.168743610382080078e+00,1.825491152703762054e-02
1.389041841030120850e-01,3.107790231704711914e+00,1.102766674011945724e-02
6.410183757543563843e-02,4.858339309692382812e+00,2.781722228974103928e-03
1.694909632205963135e-01,1.937385201454162598e-01,4.857599269598722458e-03
3.385358154773712158e-01,4.655220031738281250e+00,1.780722872354090214e-03
2.367973923683166504e-01,4.806304454803466797e+00,3.322008252143859863e-02
1.450595259666442871e-01,3.266790151596069336e+00,2.459828369319438934e-02
4.020666778087615967e-01,1.208587810397148132e-01,1.105116400867700577e-02
3.637210428714752197e-01,4.821817874908447266e+00,5.520964507013559341e-03
1.450016647577285767e-01,1.119259953498840332e+00,6.977905519306659698e-03
3.244314491748809814e-01,1.740670204162597656e-01,1.390358339995145798e-02
3.112354576587677002e-01,2.524445533752441406e+00,2.327863313257694244e-02
3.431515991687774658e-01,3.137629270553588867e+00,1.352988276630640030e-02
2.088614702224731445e-01,4.013869285583496094e+00,1.125730480998754501e-02
1.485896110534667969e-01,4.951292514801025391e+00,1.778126880526542664e-02
3.464042842388153076e-01,3.541537761688232422e+00,1.515530748292803764e-04
1.462357640266418457e-01,4.300020694732666016e+00,1.588629186153411865e-02
3.282531499862670898e-01,5.231478214263916016e-01,1.495993975549936295e-02
6.750517487525939941e-01,3.874612972140312195e-02,2.087051048874855042e-02
1.591772586107254028e-01,3.126039266586303711e+00,1.677755033597350121e-03
6.839699298143386841e-02,3.035013437271118164e+00,2.802926301956176758e-02
6.791107356548309326e-02,3.942610263824462891e+00,2.195154316723346710e-02
5.917754769325256348e-01,4.499940395355224609e+00,2.208277955651283264e-02
3.530318439006805420e-01,4.839076042175292969e+00,5.581913865171372890e-04
1.648758798837661743e-01,3.976646423339843750e+00,9.990395046770572662e-03
1.583580821752548218e-01,4.893116950988769531e+00,1.242529973387718201e-02
3.250278234481811523e-01,3.502757310867309570e+00,5.913596600294113159e-03
9.755795449018478394e-02,2.640218496322631836e+00,1.460337452590465546e-02
3.419507741928100586e-01,4.866584300994873047e+00,7.410862948745489120e-03
3.376028835773468018e-01,4.979029178619384766e+00,1.687759417109191418e-03
2.116807699203491211e-01,3.338684886693954468e-02,1.092454418540000916e-02
9.103742241859436035e-01,1.762334704399108887e-01,4.730569664388895035e-03
3.311705887317657471e-01,6.162148714065551758e-01,3.529416397213935852e-02
1.391447484493255615e-01,4.358764648437500000e+00,9.535017423331737518e-03
1.455060988664627075e-01,1.288022398948669434e-01,1.213819999247789383e-02
4.363588392734527588e-01,9.958299994468688965e-02,1.899610459804534912e-02
8.761370927095413208e-02,4.152205467224121094e+00,7.124328054487705231e-03
1.187549829483032227e-01,3.899885177612304688e+00,5.834331270307302475e-03
3.712687194347381592e-01,3.506120204925537109e+00,2.393609844148159027e-02
1.071390584111213684e-01,4.783489704132080078e+00,5.055531393736600876e-03
1.579238176345825195e-01,3.313409805297851562e+00,3.205768018960952759e-02
1.667171865701675415e-01,4.780431747436523438e+00,1.094414293766021729e-02
1.428093165159225464e-01,5.404139161109924316e-01,2.044765837490558624e-02
1.229783147573471069e-01,1.988580107688903809e+00,1.189070846885442734e-02
1.516284197568893433e-01,4.039284229278564453e+00,2.639055065810680389e-02
3.559095263481140137e-01,4.781213760375976562e+00,5.727413110435009003e-03
1.414216309785842896e-01,4.349300861358642578e+00,8.075306192040443420e-03
1.156843826174736023e-01,3.908723115921020508e+00,1.161469053477048874e-02
2.127531319856643677e-01,4.987426280975341797e+00,4.455475602298974991e-03
1.552463471889495850e-01,2.628878593444824219e+00,4.652997478842735291e-03
1.824229955673217773e-01,3.104785442352294922e+00,4.155960865318775177e-03
3.133458495140075684e-01,7.720562815666198730e-02,1.992661133408546448e-02
1.504520177841186523e-01,3.357278585433959961e+00,4.835743457078933716e-03
2.567276954650878906e-01,8.920696377754211426e-02,9.249354712665081024e-03
3.642721772193908691e-01,3.021670103073120117e+00,2.015163376927375793e-02
1.538183540105819702e-01,8.969700336456298828e-02,5.315849557518959045e-03
1.530815064907073975e-01,4.157760441303253174e-01,6.618261977564543486e-05
9.295800328254699707e-02,1.855236291885375977e+00,1.693823561072349548e-02
3.151749968528747559e-01,4.735779762268066406e+00,8.899971842765808105e-03
3.359647393226623535e-01,2.671615123748779297e+00,2.098943293094635010e-02
1.454531699419021606e-01,3.995386362075805664e+00,1.257777563296258450e-03
2.700684964656829834e-01,3.932497739791870117e+00,1.446249336004257202e-02
5.703207105398178101e-02,4.874727249145507812e+00,1.053442619740962982e-02
3.229272365570068359e-01,4.040975570678710938e-01,1.265134662389755249e-02
8.738826215267181396e-02,3.355486631393432617e+00,8.228500373661518097e-03
1.941823512315750122e-01,7.246764749288558960e-02,5.902668926864862442e-03
3.264114856719970703e-01,1.622176051139831543e+00,8.722766302525997162e-03
1.829420030117034912e-01,3.967078208923339844e+00,1.432622899301350117e-03
1.638810187578201294e-01,1.155106052756309509e-01,8.639089763164520264e-03
3.642124533653259277e-01,4.960720539093017578e+00,1.658741757273674011e-02
2.452216148376464844e-01,6.304141283035278320e-01,1.930670253932476044e-02
1.286855787038803101e-01,5.486431717872619629e-02,1.120538450777530670e-02
1.393564790487289429e-01,3.723157882690429688e+00,6.329828873276710510e-03
3.284751772880554199e-01,4.848166942596435547e+00,1.471757795661687851e-02
1.564150154590606689e-01,4.077373504638671875e+00,5.133206024765968323e-03
6.571013927459716797e-01,2.975422143936157227e+00,2.815634477883577347e-03
1.590931713581085205e-01,3.201809898018836975e-02,2.134425379335880280e-02
2.804269492626190186e-01,7.075516879558563232e-02,2.087379246950149536e-02
3.118743300437927246e-01,4.743140697479248047e+00,1.358128967694938183e-03
2.698340713977813721e-01,9.606797248125076294e-02,1.996842585504055023e-02
1.517501920461654663e-01,4.013610839843750000e+00,7.802058942615985870e-03
1.335424333810806274e-01,7.148757576942443848e-02,1.020946446806192398e-02
1.212431415915489197e-01,4.963483333587646484e+00,7.050757994875311852e-04
9.609449505805969238e-01,2.241518974304199219e+00,1.441734470427036285e-02
3.406760394573211670e-01,4.256268024444580078e+00,7.350580301135778427e-03
3.398792743682861328e-01,3.954344511032104492e+00,7.244790904223918915e-03
2.179667502641677856e-01,2.152673482894897461e+00,4.835486877709627151e-03
1.306251585483551025e-01,1.356865525245666504e+00,1.904905028641223907e-02
9.431690573692321777e-01,8.451000601053237915e-02,8.462602272629737854e-03
8.566311001777648926e-01,4.939469814300537109e+00,3.854342503473162651e-03
3.127690851688385010e-01,3.375296667218208313e-02,1.935887895524501801e-02
3.541316986083984375e-01,4.935620307922363281e+00,6.991244852542877197e-03
1.585298031568527222e-01,1.697285652160644531e+00,7.916775066405534744e-04
1.691174954175949097e-01,4.124767303466796875e+00,6.373026990331709385e-04
1.400289386510848999e-01,3.681359767913818359e+00,6.792799569666385651e-03
3.261070251464843750e-01,4.741276741027832031e+00,1.907085534185171127e-03
1.481421738862991333e-01,7.391177117824554443e-02,1.160027459263801575e-02
3.013690710067749023e-01,4.957024574279785156e+00,4.802293144166469574e-03
4.982944726943969727e-01,4.760266244411468506e-01,7.749933749437332153e-03
1.548194438219070435e-01,2.973167419433593750e+00,2.194148860871791840e-02
1.385034173727035522e-01,3.468004465103149414e+00,9.739618748426437378e-03
6.993798613548278809e-01,9.337928891181945801e-01,3.733110148459672928e-03
3.461442589759826660e-01,4.931012630462646484e+00,6.688241381198167801e-03
1.133752092719078064e-01,1.602787852287292480e+00,9.556052275002002716e-03
3.272736370563507080e-01,3.442173957824707031e+00,2.005795249715447426e-03
7.598748803138732910e-02,4.923408031463623047e+00,8.115733973681926727e-03
2.049621343612670898e-01,4.989901065826416016e+00,2.918238006532192230e-02
3.220087885856628418e-01,4.877160549163818359e+00,3.052480891346931458e-02
7.195292115211486816e-01,3.110134601593017578e+00,8.472606539726257324e-03
1.123531162738800049e-01,3.246872186660766602e+00,1.590948086231946945e-03
2.075425088405609131e-01,4.597833454608917236e-01,4.339065868407487869e-03
9.771167635917663574e-01,1.112504601478576660e+00,3.714845981448888779e-03
9.742943942546844482e-02,5.754472687840461731e-02,2.611725218594074249e-02
9.311922639608383179e-02,2.007975101470947266e+00,5.977983819320797920e-04
1.139550805091857910e-01,3.002020120620727539e+00,1.450363919138908386e-02
1.772104948759078979e-01,4.879496097564697266e+00,6.451060995459556580e-03
1.572667658329010010e-01,2.149321556091308594e+00,1.709840819239616394e-02
1.845262497663497925e-01,4.243875980377197266e+00,4.957026685588061810e-04
1.672615408897399902e-01,1.030400842428207397e-01,6.541715934872627258e-03
1.151975020766258240e-01,3.900307178497314453e+00,1.047429721802473068e-02
3.572084307670593262e-01,2.954455375671386719e+00,2.016517706215381622e-02
5.017747879028320312e-01,4.002626895904541016e+00,3.950127866119146347e-03
3.480215966701507568e-01,3.192922592163085938e+00,1.664077304303646088e-02
8.795937150716781616e-02,1.019521579146385193e-01,1.223285682499408722e-02
2.842144072055816650e-01,3.109326839447021484e+00,7.088107522577047348e-03
7.574857771396636963e-02,4.349994659423828125e+00,4.702711477875709534e-03
3.422396481037139893e-01,4.815273284912109375e+00,4.795982502400875092e-03
1.672837287187576294e-01,2.188033163547515869e-01,2.176074311137199402e-03
1.588867008686065674e-01,4.903958320617675781e+00,1.854549860581755638e-03
1.427531540393829346e-01,3.275283813476562500e+00,3.250951878726482391e-03
1.425109505653381348e-01,4.816295623779296875e+00,1.444463897496461868e-02
1.521222144365310669e-01,4.297117143869400024e-02,1.823315769433975220e-02
1.374676823616027832e-01,2.949000597000122070e+00,3.006230108439922333e-03
1.255244016647338867e-01,3.996310010552406311e-02,3.533464297652244568e-02
9.380608797073364258e-02,4.257674694061279297e+00,8.811420761048793793e-03
3.703840076923370361e-01,4.743621349334716797e+00,9.857618715614080429e-04
3.135544359683990479e-01,4.752168178558349609e+00,1.009392738342285156e-02
2.114965915679931641e-01,3.115204811096191406e+00,1.503699924796819687e-02
9.491316229104995728e-02,8.318022638559341431e-02,4.183972720056772232e-03
3.220985233783721924e-01,2.690459012985229492e+00,1.580333150923252106e-02
1.457972377538681030e-01,3.501763939857482910e-01,9.874548995867371559e-04
5.206076055765151978e-02,4.690563201904296875e+00,2.369645517319440842e-03
3.500277996063232422e-01,3.077761411666870117e+00,1.227733772248029709e-02
1.694671958684921265e-01,3.804345369338989258e+00,8.284320123493671417e-03
1.501976996660232544e-01,2.804830074310302734e+00,1.658823713660240173e-02
1.429021805524826050e-01,2.550118446350097656e+00,4.551825113594532013e-03
1.411926001310348511e-01,3.486497640609741211e+00,1.022495795041322708e-03
3.312063813209533691e-01,7.453940343111753464e-03,2.267862856388092041e-02
1.738487184047698975e-01,3.436368227005004883e+00,3.238023258745670319e-03
1.384239643812179565e-01,3.446794271469116211e+00,2.784390002489089966e-03
1.771757006645202637e-01,1.381525695323944092e-01,1.753480359911918640e-02
1.201744452118873596e-01,3.505924701690673828e+00,1.603363826870918274e-02
1.713736802339553833e-01,1.520338803529739380e-01,2.491216361522674561e-02
2.131004631519317627e-01,3.142206192016601562e+00,6.626881193369626999e-03
3.613623976707458496e-01,4.477832794189453125e+00,9.716942906379699707e-03
3.533522784709930420e-01,4.988093852996826172e+00,1.204020902514457703e-02
8.782287687063217163e-02,1.636777281761169434e+00,1.139413286000490189e-02
2.323410660028457642e-01,1.864986419677734375e+00,3.253106726333498955e-03
3.327116072177886963e-01,3.016853094100952148e+00,1.428672461770474911e-03
1.260103136301040649e-01,7.157184183597564697e-02,2.121896855533123016e-02
2.492473572492599487e-01,4.927533149719238281e+00,3.775384975597262383e-03
1.428812742233276367e-01,3.315015554428100586e+00,1.538622751832008362e-02
2.388724535703659058e-01,3.181994199752807617e+00,2.421221882104873657e-02
2.753276526927947998e-01,4.150437355041503906e+00,2.525610849261283875e-03
1.881608366966247559e-01,2.173641510307788849e-02,7.965925149619579315e-03
1.580441743135452271e-01,3.354249238967895508e+00,3.377724904567003250e-03
6.635513901710510254e-01,4.784447669982910156e+00,1.684383675456047058e-02
2.977669835090637207e-01,7.356804609298706055e-02,1.220638398081064224e-02
1.052247583866119385e-01,4.853470325469970703e+00,1.182745024561882019e-02
1.970355212688446045e-01,1.471701115369796753e-01,8.715276606380939484e-03
1.089568659663200378e-01,1.052634492516517639e-01,2.629143185913562775e-03
2.882109284400939941e-01,3.635970875620841980e-02,2.595795318484306335e-02
5.521643906831741333e-02,3.275359392166137695e+00,9.581601247191429138e-03
2.547742128372192383e-01,4.951429843902587891e+00,1.159529760479927063e-02
5.427908897399902344e-02,3.723824739456176758e+00,2.295767329633235931e-02
1.601232439279556274e-01,3.388580679893493652e-01,1.019756216555833817e-02
9.588571637868881226e-02,3.236614704132080078e+00,8.009636076167225838e-04
1.403535306453704834e-01,5.705161392688751221e-02,2.037111297249794006e-02
9.543395638465881348e-01,2.952971220016479492e+00,1.722902874462306499e-03
3.138406276702880859e-01,6.637442111968994141e-02,2.483315579593181610e-02
6.261948347091674805e-01,3.719381242990493774e-02,2.023289911448955536e-02
1.573351025581359863e-01,4.946159362792968750e+00,1.150500145740807056e-03
1.618790477514266968e-01,4.932613849639892578e+00,7.429435383528470993e-03
1.940105557441711426e-01,6.132642626762390137e-01,2.072901278734207153e-02
2.222269326448440552e-01,3.195986270904541016e+00,7.367716170847415924e-03
3.413152098655700684e-01,2.954289913177490234e+00,1.297035720199346542e-02
1.620694249868392944e-01,7.474161982536315918e-01,3.451038850471377373e-03
1.505921930074691772e-01,2.431694507598876953e+00,6.122353952378034592e-03
1.483857929706573486e-01,3.238588571548461914e+00,2.070100046694278717e-02
9.565813541412353516e-01,1.109008193016052246e-01,9.333596564829349518e-03
2.367107421159744263e-01,1.703102469444274902e+00,2.551109064370393753e-03
3.367589712142944336e-01,1.396001815795898438e+00,1.110872719436883926e-02
2.882262468338012695e-01,3.180431604385375977e+00,3.427644027397036552e-03
1.214900016784667969e-01,4.133884429931640625e+00,9.788255207240581512e-03
3.346376121044158936e-01,3.300796747207641602e+00,8.928292430937290192e-03
3.712194561958312988e-01,1.317855268716812134e-01,8.028105949051678181e-04
1.989131569862365723e-01,1.203723344951868057e-02,3.969417884945869446e-03
2.699477970600128174e-01,1.133253574371337891e-01,3.050490282475948334e-02
3.561932146549224854e-01,3.280238866806030273e+00,3.228480461984872818e-03
1.436096280813217163e-01,8.968076109886169434e-02,1.012599188834428787e-02
1.267379820346832275e-01,4.712020397186279297e+00,5.359560716897249222e-03
2.880213558673858643e-01,6.392099708318710327e-02,9.381309151649475098e-03
7.284411042928695679e-02,4.908517360687255859e+00,5.558005999773740768e-03
7.844083011150360107e-02,3.348801612854003906e+00,8.268723264336585999e-03
3.322447538375854492e-01,3.184186458587646484e+00,5.696373991668224335e-03
3.858547806739807129e-01,3.095926761627197266e+00,6.099780090153217316e-03
1.368098706007003784e-01,3.186056375503540039e+00,1.840933784842491150e-02
2.658241391181945801e-01,4.803545951843261719e+00,1.406088285148143768e-02
1.047747731208801270e-01,3.056545734405517578e+00,1.086569856852293015e-02
1.350732743740081787e-01,3.824986696243286133e+00,1.460070721805095673e-03
3.378959000110626221e-01,4.841272830963134766e+00,1.665616407990455627e-02
1.437578201293945312e-01,2.523119449615478516e+00,1.849398948252201080e-02
1.450217664241790771e-01,5.461439490318298340e-01,1.481505669653415680e-02
3.038159608840942383e-01,3.819763958454132080e-01,2.858319552615284920e-03
1.117842942476272583e-01,1.008943170309066772e-01,1.898466376587748528e-03
3.253431022167205811e-01,9.872246980667114258e-01,9.115552529692649841e-03
3.301400542259216309e-01,4.438665866851806641e+00,7.479662075638771057e-03
2.834022045135498047e-01,8.857831358909606934e-02,6.444288883358240128e-03
9.458936750888824463e-02,3.608906984329223633e+00,1.675051264464855194e-02
1.212893575429916382e-01,3.902194261550903320e+00,5.340835079550743103e-03
1.043871790170669556e-01,4.986733436584472656e+00,6.380876991897821426e-03
9.260550141334533691e-02,2.990077018737792969e+00,2.435110043734312057e-03
3.668416738510131836e-01,4.903088569641113281e+00,3.408661577850580215e-03
5.477456450462341309e-01,9.174752831459045410e-01,9.809700772166252136e-03
3.504089117050170898e-01,1.655715823173522949e+00,1.706495694816112518e-02
1.653424203395843506e-01,4.336979866027832031e+00,2.818261273205280304e-02
3.382970988750457764e-01,1.156693920493125916e-01,1.238302513957023621e-02
3.737971186637878418e-01,1.978636145591735840e+00,1.372519787400960922e-02
9.060647338628768921e-02,2.711396217346191406e+00,1.015836559236049652e-02
2.034574151039123535e-01,2.880125999450683594e+00,2.041810750961303711e-02
1.087062731385231018e-01,2.817447900772094727e+00,2.268622256815433502e-02
1.776030212640762329e-01,3.233382225036621094e+00,2.080186456441879272e-02
3.050950765609741211e-01,6.116828694939613342e-02,1.226769294589757919e-02
1.327986419200897217e-01,3.334488868713378906e-01,1.060471311211585999e-02
1.127696260809898376e-01,4.901428222656250000e+00,3.172250930219888687e-03
1.772014796733856201e-01,3.315398395061492920e-01,7.613771595060825348e-03
1.755789220333099365e-01,3.181030273437500000e+00,1.983292959630489349e-02
1.617973744869232178e-01,7.077465951442718506e-02,8.402268402278423309e-03
1.145204827189445496e-01,4.992289066314697266e+00,7.289733272045850754e-03
9.836847186088562012e-01,1.707561135292053223e+00,1.066750939935445786e-02
4.307673871517181396e-01,4.970874786376953125e+00,1.782364584505558014e-02
1.760739088058471680e-01,2.629098415374755859e+00,2.163248136639595032e-03
2.730137705802917480e-01,3.241589546203613281e+00,5.730850622057914734e-03
7.994133979082107544e-02,4.218875885009765625e+00,2.023536153137683868e-02
1.495416015386581421e-01,1.867920994758605957e+00,3.382085822522640228e-03
1.309473961591720581e-01,4.380029678344726562e+00,7.474890910089015961e-03
1.148044466972351074e-01,3.946640253067016602e+00,1.143645960837602615e-02
1.436613798141479492e-01,3.388905525207519531e+00,1.239821081981062889e-03
3.360918462276458740e-01,1.910077929496765137e+00,1.390245463699102402e-02
1.666166186332702637e-01,4.992060661315917969e+00,2.142983023077249527e-03
1.662972867488861084e-01,2.640426158905029297e-01,8.846923708915710449e-03
1.083671748638153076e-01,3.563682079315185547e+00,1.228585466742515564e-02
3.372985422611236572e-01,4.844243526458740234e+00,1.261933241039514542e-02
7.564496994018554688e-02,2.776504278182983398e+00,1.358754839748144150e-02
2.873046398162841797e-01,7.550467252731323242e-01,2.589664421975612640e-02
3.347865939140319824e-01,4.249428749084472656e+00,2.672274596989154816e-02
1.137214526534080505e-01,5.330973863601684570e-01,2.113534370437264442e-03
1.381104290485382080e-01,1.525143861770629883e+00,4.253900609910488129e-03
5.604248866438865662e-02,3.815724372863769531e+00,4.637708421796560287e-03
1.285534054040908813e-01,3.112579882144927979e-01,3.009821288287639618e-03
2.573522627353668213e-01,4.849683761596679688e+00,1.436439901590347290e-02
1.974643617868423462e-01,4.266484379768371582e-01,6.960975006222724915e-04
1.259910762310028076e-01,5.004656910896301270e-01,2.511553466320037842e-03
3.327094018459320068e-01,1.067451238632202148e+00,7.848078384995460510e-03
6.066209077835083008e-02,4.135729312896728516e+00,1.937621831893920898e-02
9.370826184749603271e-02,2.962814569473266602e+00,1.808427274227142334e-02
1.835240572690963745e-01,1.831830106675624847e-02,2.309321984648704529e-02
4.880932271480560303e-01,4.977893829345703125e+00,8.951071067713201046e-04
3.455211818218231201e-01,2.692943572998046875e+00,2.911147661507129669e-02
1.298814713954925537e-01,3.665111064910888672e+00,1.528756972402334213e-02
3.421753048896789551e-01,4.821736812591552734e+00,4.080235492438077927e-03
1.510136574506759644e-01,3.217348337173461914e+00,3.233303083106875420e-03
1.233944147825241089e-01,4.304335594177246094e+00,1.057859882712364197e-02
3.457351922988891602e-01,3.908406496047973633e+00,1.478627510368824005e-02
9.443334937095642090e-01,4.857014656066894531e+00,7.294915150851011276e-03
3.413291275501251221e-01,4.869946002960205078e+00,2.697275253012776375e-03
7.802911847829818726e-02,2.918519973754882812e+00,3.280554432421922684e-03
1.392989009618759155e-01,4.916819095611572266e+00,6.304074078798294067e-03
3.027998805046081543e-01,3.971544742584228516e+00,8.251997642219066620e-03
1.857537776231765747e-01,6.431599706411361694e-02,3.809086978435516357e-02
4.482434093952178955e-01,2.568392038345336914e+00,3.272191970609128475e-04
3.373593091964721680e-01,3.315222740173339844e+00,7.745469920337200165e-03
1.442525833845138550e-01,4.909231185913085938e+00,6.358559243381023407e-03
1.311450302600860596e-01,4.922174453735351562e+00,2.408893406391143799e-02
6.889126449823379517e-02,4.951882362365722656e+00,3.176150145009160042e-03
1.369280219078063965e-01,3.264700651168823242e+00,6.259747315198183060e-03
2.747827470302581787e-01,3.837363243103027344e+00,1.142188906669616699e-02
2.779360413551330566e-01,3.065744161605834961e+00,1.522400323301553726e-02
8.533862233161926270e-02,1.592295616865158081e-01,1.116957422345876694e-02
2.253980040550231934e-01,8.249978721141815186e-02,1.474959217011928558e-02
8.978098630905151367e-01,1.279278755187988281e+00,1.055402401834726334e-02
6.662472486495971680e-01,4.168472290039062500e+00,2.060762606561183929e-02
5.333327129483222961e-02,3.302811622619628906e+00,1.345749199390411377e-02
1.773109883069992065e-01,2.492238044738769531e+00,1.960442028939723969e-02
1.667062044143676758e-01,3.212314844131469727e+00,1.065278518944978714e-02
3.422065079212188721e-01,4.831776142120361328e+00,1.113868900574743748e-03
1.338685750961303711e-01,4.074500083923339844e+00,9.497667662799358368e-03
3.570545017719268799e-01,3.120862722396850586e+00,3.474500402808189392e-02
3.062054216861724854e-01,9.775874018669128418e-02,6.536995992064476013e-03
1.167749837040901184e-01,2.457637310028076172e+00,2.793922461569309235e-02
3.457212448120117188e-01,4.987879276275634766e+00,3.134337021037936211e-03
7.256928682327270508e-01,6.850673556327819824e-01,1.465201098471879959e-02
8.607644587755203247e-02,3.681903839111328125e+00,6.896844599395990372e-03
1.373157501220703125e-01,4.784210681915283203e+00,1.893438631668686867e-03
3.964814543724060059e-01,9.972110390663146973e-02,3.853880567476153374e-03
9.661830067634582520e-01,4.834759712219238281e+00,2.349739428609609604e-03
1.633390337228775024e-01,5.440265312790870667e-02,1.631591469049453735e-02
3.309268653392791748e-01,9.429106116294860840e-02,6.693884730339050293e-03
1.145562753081321716e-01,4.992515563964843750e+00,3.430927637964487076e-03
3.549019992351531982e-01,6.880427598953247070e-01,1.256279554218053818e-02
3.472057878971099854e-01,3.081555604934692383e+00,1.646326109766960144e-02
7.957888394594192505e-02,2.963230133056640625e+00,1.861629891209304333e-03
3.354844152927398682e-01,4.959184169769287109e+00,4.486565943807363510e-03
1.973477303981781006e-01,4.924200534820556641e+00,5.884917452931404114e-03
1.348338723182678223e-01,4.203903675079345703e+00,8.781868964433670044e-03
2.599176168441772461e-01,4.840109348297119141e+00,4.190642386674880981e-03
9.227627515792846680e-01,4.025216579437255859e+00,6.003943737596273422e-03
1.640209555625915527e-01,7.723587751388549805e-02,2.372426353394985199e-02
3.151591420173645020e-01,4.244517326354980469e+00,4.612979944795370102e-03
1.084406152367591858e-01,2.551166057586669922e+00,5.423794034868478775e-03
1.836212277412414551e-01,6.947256624698638916e-02,2.320003509521484375e-02
6.392830014228820801e-01,4.895275592803955078e+00,3.429593751206994057e-03
1.473963409662246704e-01,1.632795453071594238e+00,1.924405992031097412e-02
2.986756563186645508e-01,4.955130100250244141e+00,1.676000468432903290e-02
1.359427422285079956e-01,3.229933023452758789e+00,2.286994364112615585e-03
1.333631128072738647e-01,3.167796507477760315e-02,4.253233782947063446e-03
1.920217126607894897e-01,1.254034489393234253e-01,1.178225036710500717e-02
2.397920042276382446e-01,2.685029506683349609e+00,1.110985595732927322e-02
1.477415263652801514e-01,4.697503522038459778e-02,1.876302994787693024e-03
6.897282600402832031e-02,3.576123714447021484e+00,6.184535101056098938e-03
3.550852239131927490e-01,3.454717159271240234e+00,7.175324950367212296e-03
1.308603733777999878e-01,4.022198200225830078e+00,4.203263204544782639e-03
3.328189849853515625e-01,4.132058143615722656e+00,1.880525238811969757e-02
1.719281375408172607e-01,1.060546487569808960e-01,6.056068930774927139e-03
1.045238748192787170e-01,4.111966133117675781e+00,1.364695890515577048e-05
1.038683727383613586e-01,4.925176143646240234e+00,1.271876040846109390e-02
2.823869884014129639e-01,2.778053522109985352e+00,6.300380453467369080e-03
3.602038621902465820e-01,3.375848770141601562e+00,4.934196360409259796e-03
1.826919913291931152e-01,1.386998593807220459e-01,1.315931137651205063e-02
2.855505347251892090e-01,3.111948013305664062e+00,1.517880428582429886e-02
1.682129204273223877e-01,3.995472565293312073e-02,1.842093281447887421e-02
9.982414245605468750e-01,3.038219213485717773e+00,5.080875474959611893e-03
3.290427327156066895e-01,2.936819553375244141e+00,1.152090611867606640e-03
2.074552029371261597e-01,1.299269050359725952e-01,7.305740378797054291e-03
2.637059986591339111e-01,3.195785999298095703e+00,2.324087399756535888e-04
1.635372191667556763e-01,1.493721127510070801e+00,2.846160437911748886e-03
1.483444720506668091e-01,7.769139111042022705e-02,5.342322867363691330e-03
9.857202768325805664e-01,4.136052608489990234e+00,1.317819114774465561e-02
3.592431545257568359e-01,4.388071894645690918e-01,4.694297444075345993e-03
1.517928540706634521e-01,1.770161278545856476e-02,1.891181245446205139e-02
8.488591015338897705e-02,3.884934186935424805e+00,3.331448417156934738e-03
1.000998988747596741e-01,3.067410469055175781e+00,2.414383052382618189e-04
7.015313208103179932e-02,3.990052700042724609e+00,9.262027218937873840e-03
2.868769168853759766e-01,2.940485239028930664e+00,3.865475533530116081e-03
9.221635013818740845e-02,4.225382328033447266e+00,9.025257080793380737e-03
5.870811343193054199e-01,4.846867620944976807e-01,1.104151830077171326e-02
1.264614760875701904e-01,3.386656522750854492e+00,8.700705948285758495e-04
9.754997491836547852e-02,4.987165451049804688e+00,1.655899453908205032e-03
1.321494281291961670e-01,4.270797252655029297e+00,3.260904923081398010e-03
1.464282423257827759e-01,3.328847408294677734e+00,1.217555021867156029e-03
1.584297716617584229e-01,9.374701231718063354e-02,1.212645135819911957e-02
3.273896872997283936e-01,4.413259029388427734e+00,1.771580427885055542e-02
1.377412825822830200e-01,3.509739637374877930e+00,8.268210222013294697e-04
3.281742334365844727e-01,4.986783027648925781e+00,8.825580589473247528e-03
9.747844934463500977e-01,2.712956905364990234e+00,1.649009250104427338e-02
8.660422265529632568e-02,1.116887703537940979e-01,1.145113274105824530e-04
3.605402410030364990e-01,1.048369929194450378e-01,2.094751782715320587e-02
9.989631772041320801e-01,2.709253549575805664e+00,3.208984853699803352e-03
9.478748589754104614e-02,3.225525140762329102e+00,1.228708587586879730e-02
2.430022805929183960e-01,3.390006065368652344e+00,2.283618412911891937e-02
3.088316321372985840e-01,3.362874269485473633e+00,2.719464339315891266e-02
1.382493078708648682e-01,2.828108549118041992e+00,3.326574515085667372e-04
1.392376422882080078e-01,5.510018765926361084e-02,2.712050825357437134e-02
2.531595528125762939e-01,2.771508693695068359e+00,4.741446115076541901e-03
1.344822794198989868e-01,4.047597885131835938e+00,2.015799470245838165e-02
3.298443555831909180e-01,3.873033523559570312e+00,1.092300564050674438e-02
3.312450647354125977e-01,3.090888261795043945e+00,5.758811254054307938e-03
3.500104844570159912e-01,4.966132640838623047e+00,5.096780136227607727e-03
1.216151565313339233e-01,3.435935497283935547e+00,1.898466423153877258e-02
2.950520217418670654e-01,9.314536303281784058e-02,9.716019267216324806e-04
1.291414648294448853e-01,4.186047077178955078e+00,1.326217665337026119e-03
3.406400084495544434e-01,8.521232753992080688e-02,4.862627014517784119e-03
1.647172123193740845e-01,6.972710490226745605e-01,4.342657513916492462e-03
3.312500715255737305e-01,4.955242633819580078e+00,5.469865165650844574e-03
1.521752774715423584e-01,3.883282244205474854e-01,1.247742492705583572e-02
8.769322931766510010e-02,2.034249782562255859e+00,2.408108487725257874e-02
1.512837558984756470e-01,5.559046268463134766e-01,7.877014577388763428e-03
8.225960284471511841e-02,3.138035058975219727e+00,9.870239533483982086e-03
6.488268375396728516e-01,4.528341442346572876e-02,8.750163018703460693e-03
3.283688127994537354e-01,8.266611099243164062e-01,1.588762551546096802e-02
3.495309948921203613e-01,3.247450590133666992e+00,1.691514998674392700e-02
3.483469188213348389e-01,2.992497920989990234e+00,6.436798721551895142e-03
1.388656646013259888e-01,3.112484693527221680e+00,1.448475942015647888e-02
3.267201483249664307e-01,4.889853000640869141e+00,1.662979368120431900e-03
1.770521700382232666e-01,5.339720249176025391e-01,1.337791886180639267e-02
3.394121527671813965e-01,2.389786958694458008e+00,8.328030817210674286e-03
3.420148789882659912e-01,4.851593494415283203e+00,3.048766590654850006e-02
3.244210779666900635e-01,3.005215406417846680e+00,1.001030113548040390e-02
3.146815299987792969e-01,5.860906094312667847e-02,2.292658388614654541e-02
1.392060071229934692e-01,5.600060820579528809e-01,4.098961595445871353e-03
6.597097516059875488e-01,2.767036914825439453e+00,1.906490512192249298e-02
3.354506790637969971e-01,2.995777606964111328e+00,1.537134964019060135e-02
1.505065262317657471e-01,4.039287090301513672e+00,4.499597474932670593e-03
2.519443035125732422e-01,3.486336946487426758e+00,6.038368679583072662e-03
3.330419361591339111e-01,2.872207641601562500e+00,2.075887098908424377e-02
6.269997954368591309e-01,3.265259027481079102e+00,1.379728037863969803e-02
3.796614408493041992e-01,3.090069532394409180e+00,3.044857084751129150e-02
2.531821131706237793e-01,3.907916069030761719e+00,4.133592010475695133e-04
3.194360136985778809e-01,3.998157501220703125e+00,3.433082252740859985e-03
1.433347910642623901e-01,3.041759729385375977e+00,1.507475879043340683e-02
8.097892999649047852e-01,4.829374790191650391e+00,2.660541329532861710e-03
1.182049512863159180e-01,4.859326839447021484e+00,1.581974886357784271e-02
2.696437239646911621e-01,4.016142189502716064e-01,1.026292331516742706e-03
3.214515447616577148e-01,4.802024364471435547e+00,7.254538591951131821e-03
1.571604013442993164e-01,4.961175918579101562e+00,1.361822825856506824e-03
1.529660075902938843e-01,5.190119892358779907e-02,1.896383427083492279e-02
3.342738747596740723e-01,2.908485174179077148e+00,9.748853743076324463e-03
1.361654698848724365e-01,3.354062080383300781e+00,8.496001362800598145e-03
3.527677059173583984e-01,3.298390865325927734e+00,8.757756091654300690e-03
6.898208707571029663e-02,3.837969303131103516e+00,7.973825559020042419e-03
1.420502513647079468e-01,6.430010497570037842e-02,1.076314132660627365e-02
2.857823669910430908e-01,2.484357833862304688e+00,2.473234198987483978e-02
1.236741244792938232e-01,2.729565620422363281e+00,9.209747426211833954e-03
3.413407504558563232e-01,3.047365665435791016e+00,1.618457585573196411e-02
3.386487662792205811e-01,3.133283376693725586e+00,1.204467285424470901e-02
1.586840599775314331e-01,3.073778867721557617e+00,4.609234631061553955e-03
9.656538963317871094e-01,5.126396417617797852e-01,2.966725733131170273e-03
1.317475289106369019e-01,3.189725875854492188e+00,8.253690786659717560e-03
1.362941116094589233e-01,3.959913253784179688e+00,6.040934007614850998e-03
9.828834235668182373e-02,6.507780402898788452e-02,6.979649886488914490e-03
1.443289965391159058e-01,4.880939006805419922e+00,9.014945477247238159e-03
1.675468534231185913e-01,4.533058643341064453e+00,6.386776920408010483e-03
3.414020240306854248e-01,9.568618535995483398e-01,9.095749701373279095e-04
2.480070888996124268e-01,3.924861907958984375e+00,1.428569853305816650e-02
1.214835718274116516e-01,4.550340652465820312e+00,5.948227364569902420e-03
3.100850582122802734e-01,5.365794152021408081e-02,2.092273719608783722e-02
3.559103608131408691e-01,1.127633675932884216e-01,9.356785565614700317e-03
1.522400081157684326e-01,3.158832788467407227e+00,1.761935278773307800e-02
3.608567118644714355e-01,4.813031673431396484e+00,5.801907274872064590e-03
5.511524677276611328e-01,2.949108839035034180e+00,7.583707571029663086e-03
1.401459425687789917e-01,3.029234170913696289e+00,1.961232163012027740e-02
1.372140794992446899e-01,2.970078706741333008e+00,6.379696540534496307e-03
2.122273296117782593e-01,1.634099930524826050e-01,9.951505810022354126e-03
1.349567919969558716e-01,4.509350299835205078e+00,6.435721181333065033e-03
3.491567969322204590e-01,3.063755750656127930e+00,1.180538907647132874e-02
1.605568975210189819e-01,1.027404516935348511e-01,7.157881278544664383e-03
9.432119876146316528e-02,4.039815902709960938e+00,3.537230193614959717e-03
3.451921641826629639e-01,7.771480083465576172e-02,1.295537571422755718e-03
1.329355537891387939e-01,4.003774166107177734e+00,3.345044096931815147e-03
6.588336825370788574e-02,3.253020524978637695e+00,1.004867628216743469e-02
1.434493064880371094e-01,3.285478830337524414e+00,4.385855514556169510e-03
7.221956551074981689e-02,4.892270565032958984e+00,1.212260406464338303e-02
1.324492245912551880e-01,3.827409029006958008e+00,8.132458664476871490e-03
3.584377765655517578e-01,4.921048283576965332e-01,4.631706047803163528e-03
3.332680165767669678e-01,4.841132164001464844e+00,1.337576378136873245e-02
5.630051493644714355e-01,2.458147525787353516e+00,7.566879503428936005e-03
1.653273850679397583e-01,3.513158082962036133e+00,1.610700227320194244e-02
3.431850671768188477e-01,1.794721186161041260e-01,4.503906704485416412e-03
9.791882038116455078e-01,4.195869445800781250e+00,1.484388951212167740e-03
1.654309183359146118e-01,7.763703167438507080e-02,8.601329289376735687e-03
3.106357753276824951e-01,3.253283500671386719e+00,1.737463101744651794e-02
1.671621948480606079e-01,2.885333299636840820e+00,1.098929066210985184e-02
3.523065447807312012e-01,3.541162014007568359e+00,7.758450228720903397e-03
3.420833945274353027e-01,3.944115161895751953e+00,7.014177739620208740e-03
2.860303223133087158e-01,4.445455670356750488e-01,5.233044503256678581e-04
1.668380200862884521e-01,1.027049049735069275e-01,7.406502030789852142e-03
6.280970573425292969e-01,1.444387078285217285e+00,1.972467824816703796e-02
9.586852788925170898e-01,3.427390456199645996e-01,1.105578150600194931e-02
1.520730853080749512e-01,4.876723289489746094e+00,9.827503003180027008e-03
1.614553779363632202e-01,4.150679111480712891e+00,4.014796763658523560e-02
3.347591161727905273e-01,3.052616715431213379e-01,1.965762302279472351e-02
1.360900849103927612e-01,2.948284864425659180e+00,2.118613338097929955e-03
2.694127559661865234e-01,5.230956673622131348e-01,2.406174317002296448e-03
3.608651757240295410e-01,3.255088329315185547e+00,2.578556886874139309e-04
5.899695158004760742e-01,4.159770965576171875e+00,1.526715001091361046e-03
2.224367558956146240e-01,3.002527713775634766e+00,8.716610027477145195e-04
1.617441773414611816e-01,5.712750181555747986e-02,1.419365778565406799e-02
3.064959943294525146e-01,4.509228706359863281e+00,2.681576181203126907e-03
1.488150507211685181e-01,3.897050619125366211e+00,5.366743542253971100e-03
2.503989338874816895e-01,4.984805583953857422e+00,1.322210766375064850e-02
3.469288051128387451e-01,3.216793775558471680e+00,6.876579485833644867e-03
2.151319235563278198e-01,3.908349752426147461e+00,5.360022652894258499e-03
2.493133544921875000e-01,2.480844736099243164e+00,2.363991923630237579e-02
1.331983357667922974e-01,2.827643632888793945e+00,1.497589610517024994e-02
1.845678836107254028e-01,3.613093137741088867e+00,1.521086972206830978e-02
9.415745139122009277e-01,2.912647962570190430e+00,5.436004605144262314e-03
7.488524913787841797e-02,4.850327491760253906e+00,1.212537474930286407e-02
3.082445859909057617e-01,5.444965884089469910e-02,2.094915881752967834e-02
7.245986163616180420e-02,4.969335556030273438e+00,2.031334489583969116e-02
1.615405082702636719e-01,1.113587245345115662e-01,6.171298678964376450e-03
1.602569371461868286e-01,9.796025604009628296e-02,2.734830137342214584e-03
1.296321898698806763e-01,4.965454578399658203e+00,1.700431574136018753e-03
3.728384375572204590e-01,4.975334644317626953e+00,6.430282723158597946e-03
1.664137393236160278e-01,1.327298730611801147e-01,2.749964827671647072e-03
4.523007869720458984e-01,4.384835243225097656e+00,8.363328874111175537e-03
1.838249862194061279e-01,3.400268405675888062e-02,1.054335292428731918e-02
1.529986262321472168e-01,4.901808261871337891e+00,4.970776382833719254e-03
3.430259227752685547e-01,1.893371224403381348e+00,6.919572595506906509e-03
1.590794920921325684e-01,5.760653018951416016e-01,1.113345567137002945e-02
3.327656388282775879e-01,4.811089038848876953e+00,2.550750039517879486e-03
1.945159584283828735e-01,8.042375743389129639e-02,1.372104231268167496e-02
1.340397149324417114e-01,3.690873146057128906e+00,1.959877787157893181e-03
1.126067489385604858e-01,3.488950014114379883e+00,3.186564892530441284e-03
7.165467143058776855e-01,4.042728424072265625e+00,1.515992451459169388e-03
3.221209943294525146e-01,2.931905508041381836e+00,1.475713402032852173e-02
1.920314580202102661e-01,3.458687782287597656e+00,9.398342110216617584e-03
3.241421580314636230e-01,2.987012147903442383e+00,9.020332247018814087e-03
9.566943645477294922e-01,6.322409510612487793e-01,9.353091940283775330e-03
2.424759119749069214e-01,4.071014881134033203e+00,3.187590977177023888e-03
3.418191969394683838e-01,3.889998674392700195e+00,2.370055997744202614e-03
1.661042124032974243e-01,4.432225227355957031e+00,9.166344068944454193e-03
3.441444337368011475e-01,4.912443161010742188e+00,9.270081296563148499e-03
3.345647454261779785e-01,1.440160721540451050e-01,3.459196165204048157e-02
1.874732077121734619e-01,3.268673896789550781e+00,9.710785932838916779e-03
3.061455786228179932e-01,3.258768320083618164e+00,8.351220749318599701e-03
1.590482294559478760e-01,4.507386684417724609e+00,6.081002764403820038e-03
2.214102745056152344e-01,4.982407569885253906e+00,3.215654520317912102e-03
3.424499034881591797e-01,4.978222370147705078e+00,7.802571635693311691e-03
1.961439400911331177e-01,3.945898056030273438e+00,1.046988554298877716e-02
5.744620040059089661e-02,4.269503593444824219e+00,7.430410012602806091e-03
1.853321194648742676e-01,1.488319933414459229e-01,1.059701759368181229e-02
3.760803043842315674e-01,2.498065710067749023e+00,6.924138404428958893e-03
1.051889732480049133e-01,4.037946224212646484e+00,5.784053355455398560e-04
1.152478009462356567e-01,4.738642215728759766e+00,3.475664881989359856e-03
1.657745093107223511e-01,6.186428666114807129e-02,1.661296561360359192e-02
1.008602380752563477e-01,4.085996627807617188e+00,1.101868785917758942e-02
3.281312584877014160e-01,1.975540161132812500e+00,3.733520628884434700e-03
3.227154314517974854e-01,3.190638542175292969e+00,8.251279592514038086e-03
5.529223382472991943e-02,2.737361669540405273e+00,8.794592693448066711e-03
2.890293300151824951e-01,3.099370241165161133e+00,9.225549176335334778e-03
2.511741220951080322e-01,2.943755626678466797e+00,3.589150262996554375e-03
3.311727344989776611e-01,7.838560938835144043e-01,1.107927877455949783e-02
1.625914424657821655e-01,4.968270301818847656e+00,4.599230363965034485e-03
3.221835792064666748e-01,3.554831504821777344e+00,2.464763820171356201e-03
1.516290754079818726e-01,3.720979928970336914e+00,5.159473977982997894e-03
1.645957976579666138e-01,4.968543052673339844e+00,1.292628701776266098e-02
2.598555684089660645e-01,5.096625164151191711e-02,2.316576428711414337e-02
1.901387572288513184e-01,3.878956139087677002e-01,2.742628334090113640e-03
3.552464246749877930e-01,1.587602049112319946e-01,1.340716239064931870e-02
1.437459439039230347e-01,3.098330974578857422e+00,5.787234287708997726e-03
7.951916009187698364e-02,4.828266620635986328e+00,7.735619787126779556e-03
1.463664174079895020e-01,2.027952075004577637e-01,8.656071498990058899e-03
9.293736815452575684e-01,3.844780206680297852e+00,1.263698097318410873e-02
9.482222199440002441e-01,4.114503383636474609e+00,6.079463753849267960e-03
1.723705828189849854e-01,2.806077480316162109e+00,2.665635943412780762e-02
2.769392132759094238e-01,1.439370036125183105e+00,1.166630256921052933e-02
3.079909980297088623e-01,5.271503329277038574e-01,9.361403062939643860e-03
6.376801133155822754e-01,2.752198696136474609e+00,1.930310949683189392e-02
2.908620536327362061e-01,3.346612691879272461e+00,3.470432013273239136e-03
6.675878167152404785e-02,3.086264133453369141e+00,2.247751690447330475e-02
1.534314155578613281e-01,3.843065023422241211e+00,1.269782776944339275e-03
2.299621254205703735e-01,3.248411655426025391e+00,1.259963214397430420e-02
1.273700594902038574e-01,3.070724964141845703e+00,5.487052258104085922e-03
3.869095444679260254e-01,3.315154314041137695e+00,1.880042999982833862e-02
1.644468009471893311e-01,4.918539524078369141e+00,3.926425240933895111e-03
2.071692794561386108e-01,2.819859385490417480e-01,1.134575344622135162e-02
1.649715453386306763e-01,4.256576061248779297e+00,2.249952591955661774e-02
6.092978268861770630e-02,4.147662162780761719e+00,9.528039954602718353e-03
2.855364382266998291e-01,4.353194236755371094e+00,1.245931442826986313e-02
1.673399955034255981e-01,4.602419853210449219e+00,3.556931042112410069e-04
3.507749438285827637e-01,3.515060186386108398e+00,1.488647190853953362e-03
3.381234705448150635e-01,3.168318748474121094e+00,4.013898782432079315e-03
1.845584064722061157e-01,4.980318546295166016e+00,1.440390385687351227e-02
2.797847092151641846e-01,4.828942298889160156e+00,9.059426374733448029e-03
3.084507286548614502e-01,6.277940422296524048e-02,9.089797735214233398e-03
7.136756777763366699e-01,3.157433986663818359e+00,1.098795700818300247e-02
2.783887684345245361e-01,4.216336727142333984e+00,8.305046707391738892e-03
1.647112816572189331e-01,1.927509903907775879e+00,3.011776134371757507e-02
2.542074620723724365e-01,3.535276889801025391e+00,1.250235829502344131e-03
2.868521511554718018e-01,4.982426166534423828e+00,5.197285208851099014e-03
1.007833108305931091e-01,4.987000942230224609e+00,7.931653817649930716e-05
1.432185769081115723e-01,2.895122766494750977e+00,2.163320034742355347e-02
9.413558244705200195e-02,3.224776268005371094e+00,2.165033668279647827e-02
1.476027518510818481e-01,2.742054700851440430e+00,1.883280347101390362e-03
1.495950818061828613e-01,4.849802017211914062e+00,1.435598544776439667e-02
3.296667933464050293e-01,4.009182453155517578e+00,2.022828208282589912e-03
3.027754724025726318e-01,6.495507806539535522e-02,3.054030425846576691e-02
9.512220025062561035e-01,5.043457746505737305e-01,1.404590159654617310e-02
1.590101271867752075e-01,7.471340149641036987e-02,9.233348071575164795e-03
1.733062863349914551e-01,4.413984298706054688e+00,2.082238672301173210e-03
1.606534421443939209e-01,1.411387562751770020e+00,2.350683510303497314e-02
3.320294022560119629e-01,3.025790929794311523e+00,4.903362598270177841e-03
2.114438861608505249e-01,1.295753270387649536e-01,1.375531405210494995e-02
2.779669761657714844e-01,1.313354820013046265e-01,3.785338019952178001e-03
1.468379199504852295e-01,2.557017326354980469e+00,1.251333765685558319e-02
1.345532387495040894e-01,1.278642117977142334e-01,2.089133858680725098e-02
3.229012191295623779e-01,4.750017166137695312e+00,2.454154193401336670e-02
6.404991745948791504e-01,4.825259208679199219e+00,3.567602252587676048e-03
9.789898991584777832e-01,4.966356754302978516e+00,6.434746552258729935e-03
2.871239781379699707e-01,4.979677677154541016e+00,1.404215674847364426e-02
9.518636465072631836e-01,3.473724126815795898e+00,1.200557872653007507e-02
1.223004981875419617e-01,3.718274593353271484e+00,1.833504810929298401e-02
2.790437340736389160e-01,5.138296261429786682e-02,9.174552746117115021e-03
1.479585021734237671e-01,2.177915573120117188e+00,1.079751527868211269e-03
1.364143937826156616e-01,3.183531522750854492e+00,3.607722464948892593e-03
5.034974217414855957e-01,2.972522020339965820e+00,9.932677261531352997e-03
3.413431048393249512e-01,4.057054042816162109e+00,3.313953522592782974e-03
1.634749323129653931e-01,4.283663272857666016e+00,1.492110267281532288e-02
6.784602999687194824e-02,4.267333507537841797e+00,1.447685807943344116e-02
2.974164187908172607e-01,3.031191587448120117e+00,8.012766018509864807e-03
2.997185587882995605e-01,1.538022458553314209e-01,2.171456813812255859e-03
3.522674143314361572e-01,5.029384046792984009e-02,2.168255485594272614e-02
1.503667533397674561e-01,4.526580870151519775e-02,3.151113633066415787e-04
1.811549067497253418e-01,4.941439151763916016e+00,1.115151494741439819e-02
3.313300609588623047e-01,4.890124797821044922e+00,3.581146709620952606e-03
1.522258520126342773e-01,2.981406748294830322e-01,4.976522759534418583e-04
3.366043865680694580e-01,4.140890121459960938e+00,1.109359227120876312e-02
1.907693445682525635e-01,9.484245628118515015e-02,6.069818511605262756e-03
1.824121177196502686e-01,3.983730077743530273e-01,3.638248518109321594e-02
2.830709815025329590e-01,3.027013063430786133e+00,2.869863063097000122e-03
1.542907208204269409e-01,4.811258316040039062e+00,7.301071658730506897e-03
1.987551450729370117e-01,1.768405884504318237e-01,1.166661083698272705e-02
4.263493716716766357e-01,4.905114173889160156e+00,1.421720720827579498e-02
3.447788953781127930e-01,4.208354949951171875e+00,8.898022584617137909e-03
1.070180758833885193e-01,2.781430721282958984e+00,2.466154284775257111e-02
1.550635397434234619e-01,2.962200880050659180e+00,5.101705435663461685e-03
3.129668235778808594e-01,3.045874357223510742e+00,2.143968082964420319e-02
3.757497370243072510e-01,4.975359439849853516e+00,9.497103281319141388e-03
9.621845930814743042e-02,2.798905611038208008e+00,1.007720176130533218e-02
1.490266770124435425e-01,4.930569171905517578e+00,1.579148112796247005e-03
3.467794358730316162e-01,3.218789100646972656e+00,1.430365443229675293e-02
2.088699042797088623e-01,4.763889789581298828e+00,2.179516851902008057e-02
1.274810582399368286e-01,3.644474267959594727e+00,7.338575087487697601e-03
3.422296047210693359e-01,2.976024150848388672e+00,2.240291982889175415e-02
1.478649824857711792e-01,4.738272190093994141e+00,4.956206306815147400e-03
2.646670043468475342e-01,3.618777990341186523e+00,8.365996181964874268e-03
9.014974236488342285e-01,2.083033800125122070e+00,1.336888968944549561e-02
3.214937448501586914e-01,2.477117776870727539e+00,3.118278924375772476e-03
2.582859098911285400e-01,4.833679199218750000e+00,1.497363857924938202e-02
1.372146010398864746e-01,3.320249080657958984e+00,6.805112585425376892e-03
3.393287658691406250e-01,2.739569187164306641e+00,6.791363004595041275e-03
1.420750170946121216e-01,3.599694490432739258e+00,3.495878772810101509e-03
1.290436387062072754e-01,3.099956512451171875e+00,1.192533876746892929e-02
1.622920036315917969e-01,1.547591805458068848e+00,1.215513050556182861e-02
2.927369773387908936e-01,5.477415323257446289e-01,8.739953860640525818e-03
3.714899718761444092e-01,1.367535591125488281e-01,3.898874623700976372e-03
1.602758318185806274e-01,5.940829589962959290e-02,2.716955542564392090e-02
5.329724028706550598e-02,3.214485883712768555e+00,1.935713342390954494e-03
1.277579665184020996e-01,1.010837033390998840e-01,3.462664410471916199e-02
2.172706425189971924e-01,4.184632748365402222e-02,1.781287282938137650e-04
1.737733334302902222e-01,6.163480281829833984e-01,1.385186892002820969e-02
1.521763503551483154e-01,2.972676038742065430e+00,3.537189215421676636e-02
9.397992491722106934e-02,2.953906297683715820e+00,2.352853678166866302e-02
1.190909296274185181e-01,3.307494163513183594e+00,1.129085756838321686e-02
3.460881710052490234e-01,3.559617280960083008e+00,5.257824435830116272e-03
1.251640915870666504e-01,3.550953865051269531e+00,1.873789005912840366e-03
3.516694009304046631e-01,3.155783653259277344e+00,1.244736090302467346e-02
3.433411419391632080e-01,2.848412990570068359e+00,2.020622044801712036e-02
1.319322884082794189e-01,4.612626075744628906e+00,1.637850515544414520e-02
1.638115793466567993e-01,3.248387098312377930e+00,1.886358670890331268e-02
1.527097523212432861e-01,3.313891172409057617e+00,2.927939640358090401e-04
1.919084787368774414e-01,3.241618871688842773e+00,1.420740783214569092e-02
2.667782008647918701e-01,3.135019779205322266e+00,1.545425783842802048e-02
3.140074014663696289e-01,3.185999631881713867e+00,1.044207811355590820e-02
1.146285086870193481e-01,3.198360443115234375e+00,1.902857981622219086e-02
1.296986490488052368e-01,4.785411357879638672e+00,1.425686478614807129e-02
3.551196157932281494e-01,5.268838405609130859e-01,9.547432884573936462e-03
1.393746137619018555e-01,3.102076292037963867e+00,1.152562629431486130e-02
1.534103751182556152e-01,4.351826667785644531e+00,3.760609251912683249e-04
2.425597012042999268e-01,4.373705863952636719e+00,1.785802072845399380e-03
2.483587414026260376e-01,3.290199518203735352e+00,2.065657079219818115e-02
3.315382301807403564e-01,5.404872298240661621e-01,2.971548237837851048e-04
1.945232152938842773e-01,4.698479175567626953e+00,4.451063461601734161e-03
2.796448469161987305e-01,2.256394624710083008e+00,1.031299680471420288e-02
3.515732586383819580e-01,3.350590705871582031e+00,2.178803645074367523e-02
1.007219180464744568e-01,4.877295017242431641e+00,2.008339762687683105e-02
2.419944852590560913e-01,3.177597999572753906e+00,8.396112360060214996e-03
1.637877374887466431e-01,5.559535324573516846e-02,2.120337262749671936e-02
3.319234848022460938e-01,9.235741198062896729e-02,6.800957024097442627e-03
1.418936252593994141e-01,2.476379871368408203e+00,1.782882772386074066e-02
3.429685235023498535e-01,4.791574478149414062e+00,3.325599711388349533e-03
3.801517784595489502e-01,3.514050245285034180e+00,5.841514095664024353e-03
1.758383512496948242e-01,4.028293132781982422e+00,3.340939758345484734e-03
9.150907397270202637e-02,3.317992925643920898e+00,5.463041830807924271e-03
1.268817633390426636e-01,3.618715047836303711e+00,1.530424319207668304e-02
3.538620471954345703e-01,2.775913000106811523e+00,1.509794872254133224e-02
3.022168576717376709e-01,6.624640524387359619e-02,1.418493594974279404e-02
3.097242116928100586e-01,4.642508029937744141e+00,1.871085353195667267e-02
3.047122359275817871e-01,1.257921159267425537e-01,9.717352688312530518e-03
1.518254727125167847e-01,8.319703340530395508e-01,7.846180349588394165e-03
9.773060679435729980e-02,4.359469413757324219e+00,6.493284832686185837e-03
3.522324562072753906e-01,4.900344848632812500e+00,9.544457308948040009e-03
1.028145700693130493e-01,3.948396444320678711e+00,2.653661370277404785e-02
1.302466094493865967e-01,3.148639678955078125e+00,5.636912304908037186e-03
1.877809315919876099e-01,2.130789458751678467e-01,5.672517698258161545e-03
1.003698706626892090e-01,4.815705299377441406e+00,3.650817961897701025e-04
1.405629366636276245e-01,3.286112546920776367e+00,1.711410703137516975e-03
3.328646719455718994e-01,4.217586517333984375e+00,1.018699351698160172e-02
7.349179685115814209e-02,4.943496227264404297e+00,5.533687653951346874e-04
3.839548826217651367e-01,3.072105884552001953e+00,8.542739786207675934e-03
1.265238076448440552e-01,4.988148689270019531e+00,1.463138684630393982e-02
3.368058502674102783e-01,3.506915569305419922e+00,2.167085744440555573e-02
3.271436989307403564e-01,2.875926733016967773e+00,4.385291133075952530e-03
3.300045728683471680e-01,3.224817276000976562e+00,1.775828562676906586e-02
1.675741821527481079e-01,1.631879657506942749e-01,2.236110717058181763e-02
3.719339370727539062e-01,4.967560768127441406e+00,4.385394044220447540e-03
6.464061141014099121e-01,2.759050130844116211e-01,7.367716170847415924e-03
3.394928276538848877e-01,4.396409511566162109e+00,2.269704826176166534e-03
3.566029965877532959e-01,4.130905151367187500e+00,9.478993015363812447e-04
1.179477274417877197e-01,2.111722946166992188e+00,2.269550785422325134e-02
3.426312208175659180e-01,4.132103919982910156e+00,2.232560422271490097e-03
1.581993550062179565e-01,2.940352916717529297e+00,2.414485672488808632e-03
2.320422679185867310e-01,4.985738277435302734e+00,4.699992015957832336e-03
3.081372678279876709e-01,3.221745491027832031e+00,2.651203889399766922e-03
3.206373453140258789e-01,3.111531972885131836e+00,1.119307149201631546e-02
1.401619762182235718e-01,2.817563533782958984e+00,3.330525010824203491e-03
1.396630406379699707e-01,4.960997104644775391e+00,1.580687239766120911e-03
3.845604658126831055e-01,5.263085365295410156e-01,7.114221341907978058e-03
1.443814039230346680e-01,3.276450634002685547e+00,9.243916720151901245e-03
1.548537015914916992e-01,4.065066337585449219e+00,8.676541969180107117e-03
9.082455188035964966e-02,3.493464231491088867e+00,4.786183591932058334e-03
9.670245051383972168e-01,4.136844158172607422e+00,5.294865928590297699e-03
1.393579244613647461e-01,3.494575262069702148e+00,4.895871970802545547e-03
1.396180540323257446e-01,7.421687245368957520e-02,6.239225622266530991e-03
1.485219299793243408e-01,3.317845344543457031e+00,1.109164301306009293e-02
1.407865881919860840e-01,4.626585483551025391e+00,7.469709031283855438e-03
2.203725576400756836e-01,4.989886760711669922e+00,7.800930179655551910e-03
1.345660090446472168e-01,3.699352443218231201e-01,1.846146211028099060e-02
3.112793564796447754e-01,7.392030358314514160e-01,2.043072879314422607e-02
6.678748726844787598e-01,3.695939183235168457e-01,3.415741492062807083e-03
1.754550635814666748e-01,6.023590266704559326e-02,1.350833475589752197e-02
1.336807906627655029e-01,2.887428045272827148e+00,2.461408637464046478e-02
1.389318555593490601e-01,3.587681770324707031e+00,1.774966530501842499e-02
1.964378505945205688e-01,4.528080940246582031e+00,1.271732384338974953e-03
3.353678584098815918e-01,4.977972030639648438e+00,9.652247652411460876e-03
9.590048789978027344e-01,4.052532196044921875e+00,7.017461117357015610e-03
1.239631325006484985e-01,4.787290096282958984e+00,7.920469157397747040e-03
3.322796821594238281e-01,1.958709716796875000e+00,3.439249098300933838e-02
3.608388304710388184e-01,4.947328567504882812e+00,6.540587171912193298e-03
3.106891512870788574e-01,3.749224171042442322e-02,1.178255863487720490e-02
3.032848834991455078e-01,4.937562942504882812e+00,2.089729066938161850e-03
1.398531049489974976e-01,9.074612706899642944e-02,1.806323765777051449e-03
3.306594789028167725e-01,8.560413718223571777e-01,8.414632640779018402e-03
1.031164303421974182e-01,6.341233104467391968e-02,1.074128504842519760e-02
2.977135181427001953e-01,3.369792938232421875e+00,5.171068944036960602e-03
7.336384057998657227e-01,2.711504936218261719e+00,1.303264033049345016e-02
1.258639246225357056e-01,2.261139154434204102e+00,7.647478953003883362e-03
8.726380467414855957e-01,2.607993841171264648e+00,4.598204512149095535e-03
3.064844012260437012e-01,3.109236240386962891e+00,1.261153444647789001e-02
1.248021349310874939e-01,4.961427688598632812e+00,1.167369075119495392e-02
1.608912944793701172e-01,4.845670223236083984e+00,7.814885117113590240e-03
1.169821172952651978e-01,2.608061790466308594e+00,1.757769286632537842e-02
1.435169130563735962e-01,4.345036029815673828e+00,1.314186770468950272e-02
3.423815071582794189e-01,4.232364654541015625e+00,7.231349125504493713e-03
6.757013201713562012e-01,6.332893967628479004e-01,1.146939676254987717e-02
4.634260237216949463e-01,3.131814479827880859e+00,1.169051881879568100e-02
1.063934639096260071e-01,3.207935094833374023e+00,1.715186797082424164e-02
9.364176392555236816e-01,1.904256939888000488e-01,1.499421149492263794e-02
1.053555831313133240e-01,4.893698215484619141e+00,1.395796611905097961e-02
1.610778421163558960e-01,3.947447299957275391e+00,4.376980010420084000e-03
9.565301984548568726e-02,3.213960170745849609e+00,1.253283396363258362e-02
1.704492568969726562e-01,3.730405569076538086e-01,1.835321076214313507e-02
2.802907526493072510e-01,4.429032325744628906e+00,3.594075329601764679e-03
1.354894787073135376e-01,3.613611459732055664e+00,1.126571837812662125e-02
3.304276764392852783e-01,2.958679676055908203e+00,3.098988439887762070e-03
3.467890918254852295e-01,4.983193397521972656e+00,6.266519427299499512e-03
7.738338112831115723e-01,4.367377281188964844e+00,3.207337856292724609e-02
3.912897109985351562e-01,3.342051990330219269e-03,1.820093952119350433e-02
1.139848977327346802e-01,3.544933319091796875e+00,6.962001498322933912e-05
1.198929697275161743e-01,4.796854496002197266e+00,1.627384498715400696e-02
3.077046871185302734e-01,3.160056591033935547e+00,7.696525659412145615e-03
3.094007670879364014e-01,4.834965229034423828e+00,5.523426807485520840e-04
3.561080098152160645e-01,4.757384777069091797e+00,1.355707366019487381e-02
9.610845446586608887e-01,2.666625738143920898e+00,1.032084599137306213e-02
8.612798154354095459e-02,4.941507816314697266e+00,2.320803934708237648e-03
9.150314331054687500e-01,4.368498325347900391e+00,1.177219487726688385e-02
2.753205299377441406e-01,4.514467239379882812e+00,9.677027352154254913e-03
1.225565522909164429e-01,4.900157928466796875e+00,7.798210717737674713e-03
3.234900832176208496e-01,4.789448738098144531e+00,5.050298292189836502e-03
8.599636703729629517e-02,3.331533193588256836e+00,1.252339337952435017e-03
1.617311984300613403e-01,4.790805339813232422e+00,9.930266067385673523e-03
6.522379815578460693e-02,3.361749887466430664e+00,5.362331401556730270e-03
3.024421334266662598e-01,6.518650799989700317e-03,1.590973697602748871e-02
1.334281265735626221e-01,3.104844570159912109e+00,9.861723519861698151e-03
9.432371705770492554e-02,4.940944671630859375e+00,7.081232499331235886e-03
1.978938579559326172e-01,3.359822273254394531e+00,7.938939146697521210e-03
2.479187101125717163e-01,9.153082966804504395e-03,1.330193690955638885e-02
1.241707801818847656e-01,4.442616462707519531e+00,5.774818127974867821e-04
6.489856839179992676e-01,4.893003463745117188e+00,5.301484372466802597e-03
3.410542309284210205e-01,4.909533023834228516e+00,1.033269727486185730e-04
3.487781286239624023e-01,1.884566694498062134e-01,1.006545312702655792e-02
3.272531628608703613e-01,2.818655252456665039e+00,1.629580371081829071e-02
1.675408184528350830e-01,4.787364304065704346e-01,3.556525707244873047e-02
3.455672860145568848e-01,4.939548015594482422e+00,5.579246208071708679e-03
3.699752688407897949e-01,4.356490612030029297e+00,8.075818419456481934e-03
1.554145514965057373e-01,1.195724122226238251e-02,3.018902381882071495e-03
3.263888061046600342e-01,5.658851861953735352e-01,1.004231511615216732e-03
3.288984298706054688e-01,1.636994957923889160e+00,7.814012467861175537e-03
8.388274908065795898e-02,3.142670631408691406e+00,2.624269109219312668e-03
3.908855617046356201e-01,4.716948986053466797e+00,7.290964946150779724e-03
3.254221975803375244e-01,2.773191928863525391e+00,3.489948064088821411e-02
5.785958766937255859e-01,3.659038305282592773e+00,6.866626441478729248e-03
8.548758178949356079e-02,3.081909179687500000e+00,9.134586900472640991e-03
2.429504245519638062e-01,4.808001518249511719e+00,4.825533833354711533e-03
3.769181072711944580e-01,4.500821590423583984e+00,1.532343123108148575e-02
3.116520941257476807e-01,4.247929573059082031e+00,1.199003309011459351e-02
2.923289537429809570e-01,3.993715524673461914e+00,1.335262600332498550e-02
8.619838953018188477e-02,4.953526020050048828e+00,8.522987365722656250e-03
1.773017197847366333e-01,4.986629486083984375e+00,1.566260494291782379e-02
3.537352681159973145e-01,4.944700717926025391e+00,1.166578941047191620e-02
1.774267405271530151e-01,3.168151974678039551e-01,1.151290256530046463e-02
2.312119007110595703e-01,4.074081897735595703e+00,6.700194906443357468e-03
1.405754834413528442e-01,4.902595520019531250e+00,1.101099234074354172e-02
9.575437903404235840e-01,3.233669996261596680e+00,1.174449082463979721e-02
1.633833497762680054e-01,3.378526687622070312e+00,1.262497622519731522e-03
3.779296278953552246e-01,4.929750442504882812e+00,1.493823807686567307e-02
1.787371486425399780e-01,1.059009879827499390e-01,1.361822802573442459e-02
3.653745353221893311e-01,3.842399418354034424e-01,2.927339449524879456e-02
1.921807229518890381e-01,5.480283498764038086e-01,3.119304892607033253e-05
1.199603006243705750e-01,3.027282953262329102e+00,7.364227203652262688e-04
1.219250634312629700e-01,2.757367610931396484e+00,1.500760205090045929e-02
2.022272199392318726e-01,4.452527046203613281e+00,1.128803566098213196e-02
1.312814503908157349e-01,2.914683341979980469e+00,3.553339745849370956e-03
1.496891826391220093e-01,4.953746318817138672e+00,4.526737146079540253e-03
3.618672192096710205e-01,3.463809251785278320e+00,1.773417182266712189e-02
1.502305120229721069e-01,3.465508937835693359e+00,2.702867379412055016e-03
1.431878656148910522e-01,3.159471988677978516e+00,3.358254954218864441e-02
7.766667008399963379e-02,2.817428827285766602e+00,5.676724482327699661e-03
1.834747642278671265e-01,1.526835709810256958e-01,6.428538355976343155e-03
3.257547020912170410e-01,4.074045181274414062e+00,1.241349987685680389e-02
1.379994302988052368e-01,2.980076789855957031e+00,1.456715352833271027e-02
1.434329301118850708e-01,3.585814237594604492e+00,9.699806571006774902e-03
9.986872225999832153e-02,4.993268966674804688e+00,7.688778918236494064e-03
3.586105406284332275e-01,4.812594413757324219e+00,4.137080628424882889e-03
1.800737082958221436e-01,8.462059497833251953e-02,2.074619941413402557e-02
2.028314620256423950e-01,2.771075725555419922e+00,2.559584565460681915e-02
4.437321424484252930e-01,4.131284236907958984e+00,2.263327687978744507e-02
2.794888019561767578e-01,6.287050992250442505e-02,2.656939812004566193e-02
3.286036849021911621e-01,1.856289207935333252e-01,8.788230828940868378e-03
1.251073479652404785e-01,2.930717945098876953e+00,7.849669083952903748e-03
1.315630972385406494e-01,3.890382766723632812e+00,2.795471809804439545e-03
1.283795088529586792e-01,3.346792697906494141e+00,1.844104379415512085e-02
1.070580780506134033e-01,3.260710239410400391e+00,9.778199717402458191e-03
1.314744204282760620e-01,5.209953784942626953e-01,4.484616219997406006e-03
3.353820443153381348e-01,4.626632213592529297e+00,5.800367798656225204e-03
1.914303302764892578e-01,8.515336364507675171e-02,1.396176218986511230e-02
3.345816731452941895e-01,3.023301362991333008e+00,3.370819240808486938e-02
5.530910491943359375e-01,3.456292867660522461e+00,1.406939886510372162e-02
2.560966312885284424e-01,3.570789813995361328e+00,1.071470975875854492e-02
9.481749534606933594e-01,5.976364389061927795e-02,1.771462522447109222e-02
1.467228084802627563e-01,4.857226371765136719e+00,6.280269008129835129e-03
3.226576745510101318e-01,3.078067302703857422e+00,1.762940920889377594e-02
1.538593620061874390e-01,6.662819385528564453e-01,8.136768825352191925e-03
1.142834350466728210e-01,4.628134727478027344e+00,2.062558196485042572e-02
6.674759089946746826e-02,2.906722068786621094e+00,2.503755269572138786e-03
6.293319910764694214e-02,4.958830833435058594e+00,9.572418406605720520e-03
3.382602035999298096e-01,3.146083831787109375e+00,7.717303931713104248e-03
3.189124166965484619e-01,4.881084918975830078e+00,5.732543766498565674e-03
1.507334858179092407e-01,4.055487632751464844e+00,1.654791273176670074e-02
6.118698120117187500e-01,4.238035678863525391e+00,1.326669100672006607e-02
7.817773818969726562e-01,3.460527181625366211e+00,3.417485859245061874e-03
1.639423668384552002e-01,1.690303921699523926e+00,1.772185787558555603e-02
3.047760725021362305e-01,4.969896316528320312e+00,1.231191679835319519e-02
1.205155104398727417e-01,4.065845012664794922e+00,8.887966978363692760e-04
1.814548969268798828e-01,5.688660740852355957e-01,2.018744312226772308e-02
3.622468113899230957e-01,4.887492179870605469e+00,8.356043137609958649e-03
1.334080249071121216e-01,3.281757354736328125e+00,2.177090197801589966e-02
1.578910350799560547e-01,3.402889728546142578e+00,1.780825480818748474e-02
6.192185878753662109e-01,1.606049656867980957e+00,8.586810436099767685e-04
3.493806123733520508e-01,4.933997631072998047e+00,1.653488166630268097e-02
2.851734757423400879e-01,1.606328368186950684e+00,9.182094596326351166e-03
1.750308871269226074e-01,3.497494697570800781e+00,9.163932874798774719e-03
2.477450072765350342e-01,4.500290393829345703e+00,6.029082927852869034e-03
3.094459176063537598e-01,4.994243144989013672e+00,8.958253893069922924e-04
3.206635117530822754e-01,4.646479785442352295e-01,1.192590314894914627e-02
2.965571284294128418e-01,4.886174798011779785e-01,7.669385522603988647e-03
2.491540610790252686e-01,3.116354227066040039e+00,1.397643517702817917e-02
2.521543204784393311e-01,4.791992187500000000e+00,2.366669941693544388e-03
3.577422201633453369e-01,4.876896858215332031e+00,7.825145497918128967e-03
1.436420679092407227e-01,3.111997365951538086e+00,7.047987543046474457e-03
1.004735752940177917e-01,3.209976673126220703e+00,1.797709800302982330e-02
1.473828107118606567e-01,6.749020516872406006e-02,1.972426846623420715e-02
1.257155090570449829e-01,4.321856975555419922e+00,5.353301763534545898e-03
2.202312350273132324e-01,4.984772205352783203e+00,4.744575824588537216e-03
3.166284859180450439e-01,2.961538553237915039e+00,1.867570914328098297e-02
3.921096324920654297e-01,4.030815958976745605e-01,1.501319371163845062e-02
3.318938910961151123e-01,3.255392313003540039e+00,4.819633904844522476e-03
3.532971441745758057e-01,4.888905048370361328e+00,3.617880633100867271e-03
7.005226016044616699e-01,5.376943349838256836e-01,6.395344622433185577e-03
1.293615996837615967e-01,1.416395604610443115e-01,1.655129832215607166e-03
1.608724296092987061e-01,1.805398613214492798e-01,9.754907339811325073e-03
3.501408994197845459e-01,4.833259105682373047e+00,7.465399801731109619e-03
2.895859181880950928e-01,3.370707988739013672e+00,1.803450752049684525e-03
3.171472251415252686e-01,1.763330101966857910e+00,8.768633008003234863e-03
3.508185148239135742e-01,4.876096725463867188e+00,7.339806295931339264e-03
3.411157131195068359e-01,3.227593660354614258e+00,1.472091302275657654e-02
1.386496126651763916e-01,3.012846708297729492e+00,1.240072492510080338e-02
2.737706601619720459e-01,6.586575508117675781e-02,1.088924705982208252e-02
1.682757288217544556e-01,2.396570444107055664e+00,1.226779539138078690e-02
3.186947107315063477e-01,4.077109336853027344e+00,1.037240680307149887e-02
3.076860010623931885e-01,8.080577105283737183e-02,1.055227965116500854e-02
3.483594655990600586e-01,4.909225463867187500e+00,1.072584278881549835e-02
1.445765197277069092e-01,1.755374670028686523e-01,2.273911610245704651e-03
6.082944273948669434e-01,1.414961457252502441e+00,3.222939558327198029e-04
1.453166455030441284e-01,1.664107143878936768e-01,2.228045603260397911e-03
1.241196542978286743e-01,4.957751274108886719e+00,1.431791763752698898e-02
1.842246055603027344e-01,6.841404736042022705e-02,2.262306585907936096e-02
1.088064834475517273e-01,3.131484508514404297e+00,1.811561919748783112e-02
1.759046763181686401e-01,3.173617601394653320e+00,1.383555401116609573e-02
1.569103896617889404e-01,2.453089952468872070e+00,7.051219698041677475e-03
3.078015148639678955e-01,3.100681781768798828e+00,1.110954768955707550e-02
1.322329640388488770e-01,3.245420694351196289e+00,2.624895051121711731e-02
1.516423076391220093e-01,3.914159774780273438e+00,1.202194485813379288e-02
6.093931570649147034e-02,4.915036678314208984e+00,1.162233483046293259e-02
3.346146345138549805e-01,3.162439346313476562e+00,1.281675137579441071e-02
3.942385911941528320e-01,4.658260345458984375e+00,1.159201376140117645e-02
4.235605597496032715e-01,4.253526628017425537e-01,2.268535085022449493e-02
3.384906947612762451e-01,3.813571929931640625e+00,1.279294677078723907e-02
6.330349296331405640e-02,3.321371793746948242e+00,6.857596803456544876e-03
9.493921995162963867e-01,5.531095266342163086e-01,1.766716828569769859e-03
5.576609075069427490e-02,3.999546051025390625e+00,2.928863046690821648e-03
6.896716356277465820e-02,4.377514839172363281e+00,2.696864772588014603e-03
2.797318994998931885e-01,6.239824742078781128e-02,1.459372974932193756e-02
1.494052857160568237e-01,2.936990976333618164e+00,1.481269672513008118e-02
2.235098928213119507e-01,3.975728511810302734e+00,7.223653374239802361e-04
1.836724281311035156e-01,1.077785715460777283e-01,4.038063343614339828e-03
1.622281223535537720e-01,4.426847398281097412e-02,3.679445944726467133e-03
5.608044266700744629e-01,2.035457193851470947e-01,1.554455328732728958e-02
8.913356065750122070e-02,3.048743247985839844e+00,1.928038336336612701e-02
9.610660672187805176e-01,8.251366615295410156e-01,1.000009104609489441e-02
1.160471811890602112e-01,2.556894540786743164e+00,9.679695591330528259e-03
1.670414954423904419e-01,3.140944242477416992e-02,9.749007411301136017e-03
1.417153328657150269e-01,3.029871702194213867e+00,7.405065465718507767e-03
3.150460720062255859e-01,3.240504503250122070e+00,8.042060770094394684e-03
5.770911574363708496e-01,4.736776828765869141e+00,9.594633243978023529e-03
2.007048130035400391e-01,2.354460507631301880e-01,6.617543753236532211e-03
3.168105483055114746e-01,1.639263480901718140e-01,4.797213710844516754e-03
2.037098109722137451e-01,3.851155638694763184e-01,9.364224970340728760e-03
2.824091911315917969e-01,3.015429973602294922e+00,1.629097945988178253e-02
1.305617392063140869e-01,3.229379177093505859e+00,2.164079248905181885e-02
3.060073256492614746e-01,4.273281097412109375e+00,1.962258294224739075e-02
2.217991501092910767e-01,2.244642257690429688e+00,7.259361445903778076e-03
2.822060883045196533e-01,3.341715335845947266e+00,1.181067340075969696e-02
3.493731617927551270e-01,3.209128856658935547e+00,1.521051023155450821e-02
3.758127093315124512e-01,4.757968425750732422e+00,4.471174906939268112e-03
2.855229675769805908e-01,4.054184436798095703e+00,3.906796127557754517e-02
6.467338204383850098e-01,1.326873083598911762e-03,2.592173218727111816e-02
1.260990351438522339e-01,4.876146316528320312e+00,3.753632074221968651e-03
1.055494844913482666e-01,1.042493581771850586e-01,3.022185759618878365e-03
9.931147098541259766e-02,4.915131092071533203e+00,1.514874026179313660e-02
3.650294542312622070e-01,4.938137531280517578e+00,3.794059855863451958e-03
3.491860628128051758e-01,3.142518520355224609e+00,2.270104922354221344e-02
2.227007746696472168e-01,3.504120931029319763e-02,1.435249671339988708e-02
1.080833524465560913e-01,3.967571973800659180e+00,4.156473558396100998e-03
2.949737906455993652e-01,1.588117957115173340e+00,2.145384065806865692e-02
2.704882025718688965e-01,4.043049812316894531e+00,9.743723203428089619e-04
8.267608284950256348e-02,3.282259225845336914e+00,4.346607718616724014e-03
3.280982375144958496e-01,2.370202541351318359e-02,1.820950582623481750e-02
3.434574007987976074e-01,4.935488224029541016e+00,2.787109231576323509e-03
9.391884505748748779e-02,5.089993402361869812e-02,1.246860064566135406e-02
9.768842905759811401e-02,4.097373962402343750e+00,7.337036076933145523e-03
3.288598656654357910e-01,3.083691120147705078e+00,4.883661866188049316e-03
2.273222804069519043e-01,4.877639770507812500e+00,1.115561928600072861e-02
9.475761055946350098e-01,2.995813131332397461e+00,1.363444048911333084e-02
1.375495493412017822e-01,2.760594844818115234e+00,1.452385261654853821e-02
7.013835012912750244e-02,4.887197494506835938e+00,1.185305044054985046e-02
1.641364097595214844e-01,3.079938590526580811e-01,1.184720196761190891e-03
9.200938791036605835e-02,4.071379452943801880e-02,6.530531682074069977e-03
3.596948683261871338e-01,4.981759071350097656e+00,4.660487757064402103e-04
7.526960223913192749e-02,2.619705200195312500e+00,2.058833651244640350e-02
1.113828718662261963e-01,7.824688404798507690e-02,1.644202042371034622e-03
2.500373125076293945e-01,3.196736335754394531e+00,6.758117582648992538e-03
2.091469615697860718e-01,8.349335938692092896e-02,9.342318400740623474e-03
1.147947758436203003e-01,4.259394168853759766e+00,1.990403747186064720e-03
1.607544571161270142e-01,1.629872918128967285e-01,2.366156986681744456e-04
3.487127721309661865e-01,3.340456008911132812e+00,2.016307413578033447e-02
3.184135258197784424e-01,4.987677574157714844e+00,2.367490902543067932e-03
1.320337355136871338e-01,4.494970440864562988e-01,9.660815820097923279e-03
1.548539847135543823e-01,4.928488731384277344e+00,2.542341314256191254e-02
1.390279233455657959e-01,3.223280191421508789e+00,2.218887768685817719e-02
1.560677736997604370e-01,4.967217922210693359e+00,6.854056846350431442e-03
3.688449263572692871e-01,4.895779609680175781e+00,1.851307414472103119e-02
1.763918697834014893e-01,2.985191106796264648e+00,2.055621892213821411e-02
1.999837458133697510e-01,3.029673732817173004e-02,2.916344907134771347e-03
1.637311577796936035e-01,1.780821681022644043e+00,3.467148402705788612e-03
3.191289603710174561e-01,4.983177661895751953e+00,3.479871898889541626e-03
1.348985880613327026e-01,1.185749098658561707e-01,3.647739766165614128e-03
1.806526929140090942e-01,8.806297928094863892e-02,4.537049680948257446e-03
3.575153350830078125e-01,2.599288523197174072e-01,2.651106379926204681e-02
3.546103537082672119e-01,4.981118202209472656e+00,1.132287143263965845e-04
1.807358413934707642e-01,6.064321398735046387e-01,9.424712508916854858e-03
6.177160143852233887e-01,7.095480710268020630e-02,1.092510856688022614e-02
6.787703037261962891e-01,3.368039131164550781e-01,7.380131632089614868e-03
1.714551746845245361e-01,4.304449558258056641e+00,1.140434294939041138e-02
7.215651869773864746e-02,4.864681243896484375e+00,7.087440229952335358e-03
9.990896284580230713e-02,2.451021909713745117e+00,1.226317789405584335e-02
3.554146289825439453e-01,3.534056425094604492e+00,1.074097771197557449e-02
6.788766980171203613e-01,3.400453567504882812e+00,7.765376009047031403e-03
1.687822341918945312e-01,1.057338267564773560e-01,1.609571650624275208e-02
3.579125404357910156e-01,1.664270281791687012e+00,1.797894574701786041e-02
3.361390531063079834e-01,4.910366058349609375e+00,5.097805988043546677e-03
3.375545740127563477e-01,4.027301788330078125e+00,9.898662567138671875e-03
1.201289817690849304e-01,4.453695774078369141e+00,9.445644915103912354e-03
1.532462388277053833e-01,4.913343906402587891e+00,3.240896156057715416e-03
1.182151362299919128e-01,6.844048500061035156e-01,5.906157311983406544e-04
1.290224343538284302e-01,3.542351722717285156e+00,2.578864805400371552e-03
3.637209236621856689e-01,3.506232976913452148e+00,1.593472249805927277e-02
1.544683575630187988e-01,4.138281822204589844e+00,1.339177135378122330e-02
9.110626578330993652e-01,5.964382737874984741e-02,1.374792587012052536e-02
2.812013328075408936e-01,4.980986595153808594e+00,1.038277056068181992e-02
3.416062295436859131e-01,4.691934108734130859e+00,1.083963550627231598e-02
3.498296439647674561e-01,3.872948646545410156e+00,3.918472677469253540e-03
1.431850045919418335e-01,3.106521368026733398e+00,1.566157862544059753e-02
1.195309385657310486e-01,4.210312366485595703e+00,1.351726148277521133e-02
6.546381860971450806e-02,4.040149211883544922e+00,1.059819757938385010e-02
1.665487438440322876e-01,5.293659567832946777e-01,7.420662441290915012e-04
3.486723005771636963e-01,4.936081886291503906e+00,2.002203837037086487e-03
4.050070345401763916e-01,4.803915977478027344e+00,3.342222422361373901e-03
3.226870596408843994e-01,4.915227413177490234e+00,1.988587714731693268e-02
4.072382748126983643e-01,2.416885048151016235e-01,1.479945983737707138e-02
2.883724570274353027e-01,4.741887152194976807e-01,8.517446927726268768e-03
1.498938351869583130e-01,3.913465261459350586e+00,1.589090935885906219e-02
2.592609822750091553e-01,4.830191612243652344e+00,4.766174592077732086e-03
3.091393113136291504e-01,2.913203477859497070e+00,5.704633891582489014e-03
3.498073220252990723e-01,4.929122447967529297e+00,2.534727752208709717e-02
2.015171796083450317e-01,4.886325836181640625e+00,8.307253010571002960e-03
4.077164828777313232e-01,3.168360710144042969e+00,2.049506409093737602e-03
3.009218573570251465e-01,2.840039730072021484e+00,1.766696386039257050e-02
6.856803894042968750e-01,2.960543632507324219e+00,3.803089261054992676e-03
9.086521714925765991e-02,2.902438864111900330e-02,1.598987542092800140e-02
6.703521311283111572e-02,3.344504833221435547e+00,5.047014914453029633e-03
1.814751476049423218e-01,4.037931919097900391e+00,5.125459283590316772e-03
8.798351883888244629e-02,8.326432108879089355e-02,4.865089431405067444e-03
3.026051223278045654e-01,3.239716529846191406e+00,3.863833611831068993e-03
6.846155226230621338e-02,4.754544258117675781e+00,5.866550374776124954e-03
1.897604912519454956e-01,6.144149303436279297e-01,3.340529277920722961e-03
1.010047793388366699e-01,3.323214292526245117e+00,7.319284602999687195e-03
3.655059039592742920e-01,4.980913162231445312e+00,8.865290321409702301e-03
1.833021789789199829e-01,5.094162225723266602e-01,1.335749961435794830e-02
1.310733407735824585e-01,1.877093434333801270e+00,2.191111631691455841e-02
2.398599237203598022e-01,4.884319782257080078e+00,5.981369875371456146e-03
1.070109605789184570e-01,3.002749681472778320e+00,1.283450331538915634e-02
1.379149705171585083e-01,3.925328731536865234e+00,5.450574681162834167e-04
2.484727501869201660e-01,6.396441161632537842e-02,2.670381590723991394e-02
3.332716822624206543e-01,3.162929296493530273e+00,1.023809239268302917e-02
1.568411737680435181e-01,2.598084688186645508e+00,1.868396997451782227e-02
3.008902668952941895e-01,5.257496237754821777e-01,2.845134353265166283e-03
3.581162095069885254e-01,3.323831781744956970e-02,2.821765281260013580e-02
9.157753735780715942e-02,4.968424797058105469e+00,2.043606480583548546e-03
9.794489294290542603e-02,3.248712301254272461e+00,5.595253314822912216e-03
3.316838145256042480e-01,3.310036659240722656e+00,7.902358658611774445e-03
1.531063318252563477e-01,6.302177160978317261e-02,7.971876300871372223e-03
1.034917980432510376e-01,4.926557093858718872e-02,3.441804088652133942e-03
1.169060468673706055e-01,3.743992567062377930e+00,6.759861949831247330e-03
8.739659190177917480e-02,6.026632785797119141e-01,3.706431947648525238e-03
1.808630377054214478e-01,2.718795299530029297e+00,2.418282208964228630e-03
3.321919739246368408e-01,4.850214958190917969e+00,1.490689162164926529e-02
3.631127774715423584e-01,2.149348020553588867e+00,7.368588354438543320e-03
3.452947437763214111e-01,3.256151914596557617e+00,1.840333454310894012e-02
2.727713286876678467e-01,8.738390356302261353e-02,1.258454844355583191e-02
3.446230292320251465e-01,4.524256289005279541e-02,2.827547304332256317e-02
1.521082818508148193e-01,4.599804058670997620e-02,1.465252414345741272e-02
1.342285126447677612e-01,3.057601451873779297e+00,1.004539313726127148e-03
2.382910400629043579e-01,3.037557125091552734e+00,3.454496711492538452e-02
3.097896277904510498e-01,4.811366081237792969e+00,1.376531831920146942e-02
3.206898570060729980e-01,4.058912277221679688e+00,2.603747416287660599e-03
1.407529711723327637e-01,4.988090515136718750e+00,1.868915162049233913e-03
2.332781255245208740e-01,4.442217350006103516e+00,1.334292907267808914e-02
3.614843189716339111e-01,2.881340026855468750e+00,9.386439807713031769e-03
1.147570833563804626e-01,2.999723196029663086e+00,6.300174864009022713e-04
1.569175869226455688e-01,2.439497232437133789e+00,1.585612422786653042e-03
1.250452697277069092e-01,3.220963716506958008e+00,2.310224995017051697e-02
1.125860214233398438e-01,3.690073966979980469e+00,1.790455356240272522e-02
3.387954533100128174e-01,2.605861186981201172e+00,2.411238104104995728e-02
1.045201048254966736e-01,4.538956165313720703e+00,1.895008422434329987e-02
1.277255564928054810e-01,3.380590438842773438e+00,5.228324327617883682e-03
1.783307641744613647e-01,5.071126818656921387e-01,5.186408758163452148e-03
2.752149999141693115e-01,4.400733947753906250e+00,4.234148655086755753e-03
3.482064902782440186e-01,4.816587924957275391e+00,2.484664879739284515e-02
1.367790848016738892e-01,3.543749094009399414e+00,1.163336541503667831e-02
8.609578758478164673e-02,3.032146215438842773e+00,1.471516676247119904e-02
3.518749773502349854e-01,4.458661079406738281e+00,2.982424804940819740e-03
1.134854406118392944e-01,4.918116092681884766e+00,3.388242330402135849e-03
5.356500744819641113e-01,4.720072746276855469e+00,1.166281383484601974e-02
1.074644029140472412e-01,3.296061277389526367e+00,6.850978825241327286e-03
9.397565126419067383e-01,4.782903194427490234e+00,2.417461364530026913e-04
2.935799360275268555e-01,4.931667819619178772e-02,6.543665658682584763e-03
1.363207101821899414e-01,3.471668004989624023e+00,6.781409960240125656e-03
1.508531570434570312e-01,3.459367275238037109e+00,1.596488989889621735e-03
4.222000241279602051e-01,2.772634267807006836e+00,1.275436580181121826e-02
1.852198839187622070e-01,3.260304450988769531e+00,1.151875127106904984e-02
1.861170977354049683e-01,2.907865047454833984e+00,2.160277776420116425e-02
2.954916059970855713e-01,3.564220905303955078e+00,2.691052109003067017e-02
8.621023595333099365e-02,2.964151144027709961e+00,2.320290775969624519e-03
2.635512948036193848e-01,3.388212203979492188e+00,5.807653069496154785e-03
1.436608284711837769e-01,4.169800281524658203e+00,3.054866567254066467e-03
1.536969989538192749e-01,3.815487623214721680e+00,1.586248539388179779e-02
3.304885625839233398e-01,4.249157428741455078e+00,3.510346636176109314e-03
1.531296223402023315e-01,3.054194211959838867e+00,5.346683319658041000e-03
3.519483506679534912e-01,4.345674514770507812e+00,2.070089802145957947e-02
2.713863551616668701e-01,1.976203322410583496e+00,1.834053732454776764e-02
1.516900509595870972e-01,3.269701242446899414e+00,9.087950922548770905e-03
3.650625944137573242e-01,3.278137683868408203e+00,1.102079171687364578e-02
4.590870141983032227e-01,8.688583225011825562e-02,2.870935387909412384e-02
1.707257479429244995e-01,4.983117103576660156e+00,4.479588475078344345e-03
3.600658178329467773e-01,2.499143362045288086e+00,3.506478294730186462e-02
1.132563352584838867e-01,4.330925464630126953e+00,1.085184607654809952e-02
1.162831261754035950e-01,4.890619754791259766e+00,1.160299289040267467e-03
1.578511297702789307e-01,5.846634134650230408e-02,1.340818870812654495e-02
3.357780575752258301e-01,1.990584880113601685e-01,2.183667384088039398e-02
3.666450083255767822e-01,4.986714363098144531e+00,2.435079216957092285e-02
3.177278637886047363e-01,4.719644069671630859e+00,1.746913418173789978e-02
1.916122138500213623e-01,5.079877972602844238e-01,1.259255222976207733e-02
1.451482027769088745e-01,4.880842685699462891e+00,1.386643853038549423e-02
3.304746150970458984e-01,4.481470882892608643e-01,1.647095568478107452e-02
1.191529780626296997e-01,4.933414459228515625e+00,7.760091684758663177e-03
1.590135544538497925e-01,4.918217658996582031e+00,1.745682093314826488e-03
2.144356369972229004e-01,4.831511497497558594e+00,5.028134677559137344e-03
1.528649032115936279e-01,1.474088877439498901e-01,2.626459859311580658e-02
3.220411837100982666e-01,4.670618534088134766e+00,1.253365480806678534e-04
9.915176779031753540e-02,4.976486682891845703e+00,5.910107865929603577e-03
8.471356332302093506e-02,4.080255508422851562e+00,1.032294984906911850e-02
1.567007005214691162e-01,3.007402896881103516e+00,1.706516370177268982e-02
3.148778676986694336e-01,4.805263519287109375e+00,8.801057003438472748e-03
3.883628249168395996e-01,5.002292990684509277e-02,1.975140720605850220e-02
1.487671732902526855e-01,4.968926906585693359e+00,1.433823350816965103e-02
1.205756887793540955e-01,4.164468765258789062e+00,6.109374109655618668e-03
1.578804999589920044e-01,3.169867515563964844e+00,7.233298849314451218e-03
2.109116315841674805e-01,3.360880911350250244e-01,2.778033353388309479e-02
3.647060692310333252e-01,3.103402614593505859e+00,2.254380099475383759e-02
3.000568151473999023e-01,1.700879484415054321e-01,8.567109704017639160e-03
1.745164096355438232e-01,4.284135401248931885e-01,2.114765520673245192e-04
2.909552752971649170e-01,3.175257921218872070e+00,1.482701022177934647e-02
3.805223405361175537e-01,4.344905853271484375e+00,1.041283458471298218e-02
