omega,lambda_p,pi_bar
8.157837204635143280e-03,3.816416978836059570e+00,2.296879654750227928e-03
1.728092133998870850e-02,3.402111291885375977e+00,1.510541047900915146e-02
2.626521699130535126e-02,8.248716592788696289e-01,2.146075479686260223e-02
4.602443799376487732e-02,7.751193046569824219e-01,1.405944675207138062e-02
1.595954596996307373e-01,4.781484603881835938e+00,8.854002226144075394e-04
1.932982951402664185e-01,3.966277539730072021e-01,9.011749178171157837e-03
1.233199536800384521e-01,5.651258826255798340e-01,2.367771044373512268e-02
6.297626346349716187e-02,6.875621676445007324e-01,3.104302333667874336e-03
2.354782633483409882e-02,5.636084079742431641e-01,3.412065096199512482e-03
5.446265265345573425e-02,3.600521564483642578e+00,6.479503586888313293e-03
1.346512138843536377e-01,4.748030185699462891e+00,1.822768361307680607e-03
1.959810964763164520e-02,7.228702306747436523e-01,9.638641029596328735e-03
6.966499984264373779e-02,3.393860816955566406e+00,5.715856794267892838e-03
1.117554400116205215e-02,2.908695459365844727e+00,2.732488559558987617e-03
5.595801398158073425e-02,2.029525041580200195e-01,1.409687451086938381e-03
4.360802005976438522e-03,1.213540434837341309e+00,1.949744182638823986e-03
4.023696109652519226e-02,5.688126683235168457e-01,4.395615775138139725e-03
1.366719305515289307e-01,2.527850627899169922e+00,9.325092658400535583e-03
1.580199301242828369e-01,4.866853713989257812e+00,6.321193650364875793e-03
1.522614061832427979e-01,3.342929840087890625e+00,2.453090623021125793e-03
5.471812188625335693e-02,3.312918186187744141e+00,1.034873258322477341e-02
4.726875200867652893e-02,6.584059596061706543e-01,4.892152501270174980e-04
8.785139024257659912e-02,2.003623485565185547e+00,2.795720472931861877e-03
1.786106615327298641e-03,4.782655239105224609e+00,4.101420752704143524e-03
1.308710500597953796e-02,3.602509260177612305e+00,1.932029030285775661e-03
3.678878396749496460e-02,5.109792351722717285e-01,5.979638663120567799e-04
1.417233347892761230e-01,3.210695028305053711e+00,4.894558805972337723e-03
1.498626172542572021e-02,1.915736079216003418e+00,5.006840219721198082e-04
5.419595539569854736e-02,5.129975676536560059e-01,3.251860616728663445e-03
1.779449284076690674e-01,1.028400063514709473e+00,2.641250379383563995e-02
3.851722553372383118e-02,5.129996538162231445e-01,2.498684078454971313e-02
1.362229697406291962e-02,4.811511635780334473e-01,3.351188497617840767e-03
7.675476372241973877e-02,3.827293872833251953e+00,1.714188791811466217e-02
1.599782109260559082e-01,3.019812583923339844e+00,2.567522460594773293e-03
1.107645221054553986e-02,4.807992458343505859e+00,1.255355495959520340e-02
1.801529377698898315e-01,1.793350934982299805e+00,4.330386873334646225e-03
2.052499949932098389e-01,2.759906291961669922e+00,1.700528524816036224e-02
9.596466086804866791e-03,3.438655138015747070e+00,1.965564908459782600e-03
2.576726861298084259e-02,3.948510646820068359e+00,1.993878511711955070e-03
8.486198633909225464e-02,5.516034364700317383e-01,1.480189675930887461e-04
3.134229034185409546e-02,3.573858976364135742e+00,7.799284067004919052e-04
4.506250470876693726e-02,4.758350849151611328e+00,1.097055617719888687e-02
8.149763196706771851e-02,4.180926799774169922e+00,2.773177251219749451e-02
1.322039514780044556e-01,5.584454536437988281e-01,2.269892208278179169e-02
1.507152616977691650e-01,3.541920900344848633e+00,5.533226765692234039e-03
5.746032297611236572e-02,5.290783047676086426e-01,2.796283690258860588e-03
9.654483944177627563e-02,2.827227354049682617e+00,8.295872248709201813e-03
3.191407397389411926e-02,3.510129690170288086e+00,3.893242101185023785e-04
1.615712046623229980e-01,1.925592899322509766e+00,5.188907030969858170e-03
1.772127300500869751e-01,1.954333186149597168e+00,1.640256121754646301e-02
4.641862586140632629e-02,3.154484510421752930e+00,3.721722168847918510e-04
1.594074964523315430e-01,4.225911617279052734e+00,1.156831532716751099e-02
7.999746501445770264e-02,3.213572502136230469e+00,1.037689298391342163e-02
2.366830408573150635e-02,3.346038341522216797e+00,6.654812023043632507e-03
1.667216978967189789e-02,2.739248752593994141e+00,4.942328669130802155e-04
1.208547875285148621e-01,3.609951585531234741e-02,5.889834370464086533e-03
2.883672714233398438e-01,4.556157588958740234e+00,1.694891415536403656e-02
1.080422569066286087e-02,4.721237659454345703e+00,7.070709398249164224e-05
3.224410489201545715e-02,3.634093523025512695e+00,2.539004199206829071e-04
1.102964952588081360e-01,6.575719714164733887e-01,2.483298629522323608e-02
1.384444236755371094e-01,2.246240139007568359e+00,2.722299832385033369e-04
1.539579629898071289e-01,3.399836063385009766e+00,6.410281173884868622e-03
2.293195761740207672e-02,3.874672412872314453e+00,2.720251795835793018e-04
1.430614590644836426e-01,3.690264225006103516e+00,1.843161322176456451e-02
1.015817970037460327e-01,3.847764730453491211e+00,4.978936165571212769e-03
1.417379826307296753e-02,7.823951840400695801e-01,2.946094609797000885e-03
1.152426563203334808e-02,6.124923229217529297e-01,6.519029848277568817e-03
1.149155274033546448e-01,1.711299777030944824e+00,2.027004957199096680e-04
1.125997230410575867e-01,4.793491363525390625e+00,3.165998263284564018e-03
1.975358836352825165e-02,5.209227204322814941e-01,8.346661925315856934e-03
1.100099325412884355e-04,3.547688007354736328e+00,6.555945146828889847e-03
1.318771671503782272e-02,4.030431270599365234e+00,3.258260665461421013e-03
7.225292176008224487e-02,4.606206893920898438e+00,5.435485858470201492e-03
2.947340160608291626e-02,4.391804218292236328e+00,2.247778931632637978e-03
4.681354388594627380e-02,3.047156810760498047e+00,1.000103447586297989e-02
1.426138449460268021e-02,4.825107574462890625e+00,9.138827212154865265e-03
2.555208653211593628e-02,1.488041281700134277e+00,8.504255674779415131e-03
3.408635407686233521e-02,3.510046720504760742e+00,9.567319415509700775e-03
1.398055534809827805e-02,1.709693193435668945e+00,2.949576359242200851e-03
6.191955879330635071e-02,4.676950931549072266e+00,2.317692525684833527e-02
3.720125416293740273e-03,1.164516329765319824e+00,6.687067914754152298e-03
5.961674451828002930e-02,1.602806568145751953e+00,1.631623692810535431e-02
1.309551447629928589e-01,2.238954782485961914e+00,1.267213374376296997e-02
1.546192318201065063e-01,3.915362656116485596e-01,4.326290916651487350e-03
3.816352784633636475e-02,5.831801891326904297e-01,2.028822526335716248e-02
2.243052870035171509e-01,4.636148929595947266e+00,6.513807456940412521e-03
1.852277368307113647e-01,4.615305900573730469e+00,1.017368026077747345e-02
1.864689029753208160e-02,3.832550525665283203e+00,4.497913178056478500e-04
3.476610872894525528e-03,1.393913626670837402e+00,1.886778511106967926e-02
1.754194647073745728e-01,3.044868707656860352e+00,9.612785070203244686e-04
1.643467098474502563e-01,4.785411357879638672e-01,1.351293921470642090e-02
4.056650772690773010e-02,4.420631229877471924e-01,1.321418792940676212e-03
8.317925035953521729e-02,3.199118375778198242e+00,1.252124831080436707e-02
9.854940697550773621e-03,4.123813509941101074e-01,9.527793154120445251e-04
3.043515980243682861e-02,1.916049480438232422e+00,6.225449498742818832e-03
8.681801147758960724e-03,2.070898771286010742e+00,6.836725515313446522e-04
1.174473091959953308e-01,3.430603742599487305e+00,1.126490440219640732e-02
3.800266236066818237e-02,2.010804891586303711e+00,8.708594832569360733e-04
1.340018659830093384e-01,4.082329750061035156e+00,8.749554399400949478e-04
2.764686942100524902e-02,4.914639949798583984e+00,1.304932404309511185e-03
1.006949469447135925e-01,5.594812631607055664e-01,3.473402757663279772e-04
1.522039920091629028e-01,4.623107433319091797e+00,8.664818480610847473e-03
1.080661341547966003e-01,2.856437683105468750e+00,1.252380758523941040e-02
1.658485680818557739e-01,3.299982547760009766e+00,2.253958769142627716e-02
2.763229049742221832e-02,1.222019076347351074e+00,5.161515437066555023e-03
7.865080982446670532e-02,4.984619617462158203e-01,2.695164002943783998e-04
1.269263774156570435e-02,3.747708320617675781e+00,1.184305408969521523e-03
2.499232813715934753e-02,3.013916015625000000e+00,1.246369909495115280e-02
1.378449946641921997e-01,3.216948032379150391e+00,6.270761601626873016e-03
8.073602803051471710e-03,3.495239734649658203e+00,1.203556545078754425e-03
1.003854442387819290e-02,4.602406024932861328e+00,1.249226857908070087e-03
1.677354238927364349e-02,5.684620738029479980e-01,2.931809984147548676e-03
3.369810804724693298e-02,4.777688026428222656e+00,6.056643556803464890e-03
2.397736161947250366e-02,4.836612641811370850e-01,1.923734671436250210e-03
4.775184020400047302e-02,5.708364844322204590e-01,3.760839113965630531e-03
3.410874307155609131e-02,5.983134508132934570e-01,1.112318248488008976e-03
2.182529307901859283e-02,3.072573661804199219e+00,2.403836260782554746e-04
1.989627629518508911e-01,5.582446455955505371e-01,2.854907652363181114e-04
1.606053113937377930e-01,4.751083374023437500e+00,1.067037042230367661e-02
5.495635047554969788e-02,4.047486782073974609e+00,1.565237902104854584e-02
2.560581266880035400e-02,7.003148794174194336e-01,3.237831871956586838e-03
1.343942731618881226e-01,5.620474219322204590e-01,1.627425290644168854e-02
7.754836231470108032e-03,4.469241142272949219e+00,8.879602537490427494e-04
5.055540055036544800e-02,4.402154445648193359e+00,1.568786054849624634e-02
1.986142247915267944e-02,1.743990898132324219e+00,2.755835652351379395e-03
4.071355611085891724e-02,3.608271837234497070e+00,7.305204635486006737e-04
1.184496656060218811e-02,5.359376072883605957e-01,4.590226337313652039e-03
1.658650487661361694e-01,3.089634895324707031e+00,2.903701039031147957e-03
2.095388621091842651e-02,4.833421707153320312e+00,3.308538871351629496e-04
4.280232638120651245e-02,3.429445028305053711e+00,3.187553491443395615e-03
2.487095072865486145e-02,1.661632955074310303e-01,4.794514272361993790e-03
9.302196651697158813e-02,6.016039252281188965e-01,2.473212312906980515e-03
3.065096400678157806e-02,3.062200307846069336e+00,4.572152975015342236e-04
5.738717690110206604e-02,3.013259410858154297e+00,2.813645638525485992e-02
1.068264152854681015e-02,6.881546974182128906e-01,3.114337567239999771e-03
1.816398650407791138e-01,1.028167009353637695e+00,3.312020562589168549e-03
2.846766076982021332e-02,4.024947643280029297e+00,4.287993360776454210e-04
1.315195709466934204e-01,3.612698554992675781e+00,9.477617219090461731e-03
1.153338700532913208e-01,4.838982582092285156e+00,1.561597600812092423e-04
8.290443569421768188e-03,3.952377796173095703e+00,2.419498376548290253e-02
7.796483486890792847e-02,3.009628057479858398e+00,1.096262037754058838e-02
8.630814403295516968e-02,3.339744806289672852e-01,7.802048698067665100e-03
2.990169450640678406e-02,1.168245911598205566e+00,4.783608601428568363e-04
1.412148177623748779e-01,2.008236408233642578e+00,8.113641291856765747e-02
3.488755524158477783e-01,4.654337406158447266e+00,4.023801884613931179e-04
1.113387569785118103e-02,1.913573622703552246e+00,9.058853611350059509e-03
2.088002562522888184e-01,3.819182217121124268e-01,2.936745621263980865e-02
2.618460915982723236e-02,5.357276797294616699e-01,1.864240388385951519e-03
5.420538783073425293e-02,8.919259309768676758e-01,5.074731539934873581e-03
1.271622180938720703e-01,5.338570475578308105e-01,1.956768892705440521e-02
3.134654089808464050e-02,7.184694409370422363e-01,2.012156881392002106e-03
1.475980132818222046e-01,3.416300773620605469e+00,4.259321431163698435e-04
2.007011324167251587e-01,3.993039369583129883e+00,1.566814817488193512e-02
1.617485880851745605e-01,4.795795440673828125e+00,1.792877912521362305e-02
1.308236420154571533e-01,4.727779388427734375e+00,5.211281590163707733e-03
8.736388385295867920e-02,3.726605892181396484e+00,2.821986097842454910e-03
6.782540585845708847e-03,6.124404072761535645e-01,3.019054653123021126e-03
1.334854066371917725e-01,5.060539841651916504e-01,8.619506843388080597e-04
5.326125025749206543e-02,4.326499462127685547e+00,1.655728742480278015e-02
1.398307681083679199e-01,1.151258111000061035e+00,6.224374519661068916e-04
2.339023910462856293e-02,2.103940963745117188e+00,4.210169427096843719e-04
1.407117545604705811e-01,4.709861755371093750e+00,5.326737649738788605e-03
2.212350070476531982e-02,3.750213384628295898e+00,5.522218532860279083e-03
4.394592717289924622e-03,3.771878480911254883e+00,2.267490839585661888e-03
2.741109132766723633e-01,3.240842342376708984e+00,1.698608510196208954e-02
1.986757293343544006e-02,6.095826625823974609e-01,3.565664868801832199e-03
4.313052445650100708e-02,5.813599228858947754e-01,2.552812732756137848e-02
3.587574511766433716e-02,5.057547688484191895e-01,2.478449977934360504e-02
2.941732481122016907e-02,5.985189080238342285e-01,1.349169178865849972e-03
9.610033780336380005e-02,4.650006294250488281e+00,4.693496972322463989e-03
3.401880711317062378e-02,7.544017434120178223e-01,2.524412237107753754e-03
4.544232506304979324e-03,2.770595788955688477e+00,1.321879564784467220e-03
1.101170033216476440e-01,7.546906471252441406e-01,2.621999243274331093e-03
5.417377501726150513e-02,8.263449072837829590e-01,1.167307025752961636e-03
4.911110550165176392e-02,3.189268112182617188e+00,1.343270856887102127e-02
1.978902816772460938e-01,2.971604824066162109e+00,6.199337542057037354e-03
5.979160591959953308e-02,2.171457052230834961e+00,1.053853146731853485e-02
5.059592798352241516e-02,4.903126239776611328e+00,1.233943738043308258e-02
3.752862289547920227e-02,2.205995082855224609e+00,5.058296024799346924e-03
1.660579815506935120e-02,1.929424643516540527e+00,7.873267866671085358e-03
2.013402134180068970e-01,1.548316478729248047e+00,2.125073224306106567e-02
1.546115279197692871e-01,5.038142800331115723e-01,2.008434757590293884e-02
1.433388590812683105e-01,2.202952861785888672e+00,2.535420004278421402e-03
1.013360396027565002e-01,3.892186880111694336e+00,1.965667353942990303e-03
9.301816672086715698e-02,3.729527950286865234e+00,2.208390831947326660e-02
1.708398200571537018e-02,4.010480940341949463e-01,2.503727329894900322e-03
2.730602584779262543e-02,2.511912107467651367e+00,2.019324892899021506e-04
4.119014833122491837e-03,1.784358382225036621e+00,4.713976813945919275e-04
9.941452741622924805e-02,2.831516981124877930e+00,2.926229033619165421e-03
9.020952507853507996e-03,5.494548678398132324e-01,1.048763841390609741e-02
7.846254110336303711e-02,3.246448040008544922e+00,1.893839053809642792e-02
2.136117033660411835e-02,1.866740584373474121e+00,5.952042061835527420e-03
4.173114895820617676e-02,2.061892271041870117e+00,1.610396243631839752e-02
6.828845292329788208e-02,5.118435621261596680e-01,9.405425516888499260e-04
1.435132045298814774e-02,4.239635765552520752e-01,5.182148888707160950e-03
9.234062395989894867e-03,1.839905738830566406e+00,2.311113290488719940e-03
1.791432946920394897e-01,2.241378545761108398e+00,2.085275575518608093e-02
1.360622495412826538e-01,1.723344564437866211e+00,2.241327799856662750e-02
1.474095042794942856e-02,5.450265407562255859e-01,1.503485720604658127e-03
7.466526329517364502e-02,4.640381336212158203e+00,2.161097479984164238e-03
1.534809172153472900e-01,1.532789349555969238e+00,2.369378693401813507e-03
9.162642061710357666e-02,1.698668956756591797e+00,1.652856357395648956e-02
8.502530306577682495e-02,4.195573329925537109e+00,3.185147186741232872e-03
1.006736308336257935e-01,3.294373273849487305e+00,1.382827945053577423e-02
3.549668565392494202e-02,4.666048049926757812e+00,3.234299074392765760e-04
2.297182753682136536e-02,4.745025157928466797e+00,1.788474619388580322e-02
1.834989152848720551e-02,2.456448316574096680e+00,3.036948852241039276e-02
1.132915727794170380e-02,9.775840044021606445e-01,2.836101874709129333e-02
3.856784477829933167e-02,5.218449234962463379e-01,3.623674390837550163e-03
2.041364833712577820e-02,3.207668781280517578e+00,1.005515223369002342e-03
2.085980400443077087e-02,8.583257198333740234e-01,2.271996578201651573e-03
3.016680292785167694e-02,3.051412820816040039e+00,7.759860018268227577e-04
1.588635295629501343e-01,4.718502998352050781e+00,1.814079843461513519e-02
2.449054643511772156e-02,3.253919124603271484e+00,2.708214707672595978e-02
1.717986762523651123e-01,4.159222126007080078e+00,4.072953888680785894e-04
4.626653343439102173e-02,5.080219507217407227e-01,7.036405149847269058e-04
1.866340637207031250e-02,1.661769032478332520e+00,3.496647346764802933e-03
8.194185048341751099e-02,4.770178794860839844e+00,2.819989342242479324e-03
1.801148653030395508e-01,4.615973532199859619e-01,2.228747867047786713e-02
9.450008720159530640e-02,3.070311784744262695e+00,6.475817412137985229e-03
1.629513800144195557e-01,1.913513779640197754e+00,1.183388940989971161e-02
3.988564759492874146e-02,5.135214328765869141e-01,3.360813949257135391e-03
6.461169570684432983e-02,4.080020427703857422e+00,1.721699722111225128e-03
3.878540918231010437e-02,7.509562373161315918e-01,2.093820832669734955e-03
6.306654214859008789e-02,3.663379430770874023e+00,1.109195058234035969e-03
1.698218882083892822e-01,1.760513901710510254e+00,7.047157268971204758e-04
5.455849692225456238e-02,4.374905586242675781e+00,2.337378915399312973e-03
2.456704154610633850e-02,4.468792378902435303e-01,2.460514660924673080e-03
1.932301223278045654e-01,4.550015926361083984e+00,2.432252280414104462e-03
6.078055500984191895e-02,3.798813819885253906e+00,1.849417947232723236e-02
9.488943964242935181e-03,2.239585638046264648e+00,2.085116691887378693e-03
7.288696616888046265e-02,4.772322654724121094e+00,1.182308606803417206e-02
1.748715713620185852e-02,4.280646741390228271e-01,3.542215330526232719e-03
1.709724962711334229e-02,3.018500566482543945e+00,5.921270931139588356e-04
1.915684342384338379e-01,5.682598948478698730e-01,2.091619186103343964e-02
2.748472243547439575e-02,3.988861441612243652e-01,6.955458316951990128e-03
3.261714801192283630e-02,3.745949268341064453e+00,5.748573690652847290e-03
6.320799142122268677e-02,2.927363634109497070e+00,2.070012851618230343e-04
2.444929257035255432e-02,8.537995219230651855e-01,1.062751654535531998e-02
1.069995835423469543e-01,3.654830694198608398e+00,1.530416891910135746e-03
1.743688434362411499e-02,4.747436046600341797e+00,3.930105885956436396e-04
4.262577369809150696e-02,5.916690230369567871e-01,9.753533639013767242e-03
1.106235478073358536e-02,3.927397489547729492e+00,9.210353600792586803e-04
1.710980832576751709e-01,3.438879251480102539e+00,1.921963132917881012e-02
4.317623749375343323e-02,3.292482137680053711e+00,1.432947535067796707e-02
3.716272860765457153e-02,5.066483616828918457e-01,8.935461752116680145e-03
2.043413370847702026e-01,4.759776592254638672e+00,1.123976521193981171e-02
1.752728670835494995e-01,3.594418764114379883e+00,2.622715895995497704e-03
2.129210978746414185e-01,3.055710315704345703e+00,1.941429264843463898e-02
1.482991874217987061e-02,1.634343266487121582e+00,5.329451058059930801e-03
1.180394068360328674e-01,3.590514421463012695e+00,1.120663899928331375e-02
7.008752226829528809e-02,2.902419865131378174e-01,1.045451150275766850e-03
3.419892117381095886e-02,5.906996726989746094e-01,6.778459995985031128e-03
1.740366071462631226e-01,4.700358867645263672e+00,1.165253855288028717e-02
1.066467445343732834e-02,6.700315475463867188e-01,6.373007781803607941e-03
2.883061766624450684e-03,3.972563743591308594e+00,4.481580108404159546e-03
1.264174375683069229e-02,1.542965173721313477e+00,2.122748701367527246e-04
1.567496359348297119e-02,3.133549213409423828e+00,1.549493893980979919e-02
1.009161467663943768e-03,3.227408170700073242e+00,1.793533214367926121e-03
1.569295823574066162e-01,4.900421142578125000e+00,2.118652686476707458e-03
4.224288091063499451e-02,3.915136098861694336e+00,2.284028450958430767e-04
1.380298435688018799e-01,4.586010456085205078e+00,1.216935086995363235e-02
6.399451196193695068e-02,5.007625222206115723e-01,3.075630404055118561e-03
2.193789370357990265e-02,1.411187648773193359e-01,5.184759851545095444e-03
1.383554539643228054e-03,3.064002990722656250e+00,3.711994213517755270e-04
1.606269390322268009e-03,3.554203033447265625e+00,1.393303507938981056e-03
1.465598959475755692e-02,3.812461376190185547e+00,6.194883491843938828e-03
7.411355525255203247e-02,4.793687343597412109e+00,5.623799515888094902e-04
1.663617491722106934e-01,3.116026639938354492e+00,1.118160225450992584e-02
8.870856463909149170e-02,8.356994390487670898e-01,4.726776678580790758e-04
2.742982096970081329e-02,4.670703411102294922e+00,1.158654195023700595e-04
2.141417190432548523e-02,4.241650104522705078e+00,1.012079045176506042e-02
7.621528953313827515e-02,4.504947185516357422e+00,2.518677618354558945e-03
1.317413803189992905e-02,1.179376006126403809e+00,2.162019023671746254e-03
7.644888758659362793e-02,1.855998039245605469e+00,1.347121084108948708e-03
1.127691566944122314e-02,1.490298032760620117e+00,2.141651697456836700e-02
5.003292486071586609e-02,6.949043869972229004e-01,2.370146801695227623e-03
3.767598047852516174e-02,5.104951858520507812e-01,6.141988560557365417e-02
1.654702723026275635e-01,3.722239494323730469e+00,1.226304657757282257e-02
1.149424072355031967e-02,1.805112242698669434e+00,2.187695913016796112e-02
1.796330511569976807e-01,4.865631580352783203e+00,3.867539577186107635e-03
4.509646911174058914e-03,3.200102329254150391e+00,6.739445379935204983e-04
2.248390205204486847e-02,3.897603511810302734e+00,1.356250047683715820e-02
1.682683825492858887e-01,2.461510449647903442e-01,4.868088581133633852e-04
7.301539182662963867e-02,3.597181797027587891e+00,5.485406145453453064e-03
1.723794080317020416e-02,4.961823225021362305e-01,3.060731338337063789e-03
1.008014380931854248e-02,6.045506000518798828e-01,1.968995435163378716e-03
2.848155051469802856e-02,3.424555778503417969e+00,1.395709841744974256e-04
1.446924209594726562e-01,3.215741157531738281e+00,9.301591664552688599e-03
1.025390699505805969e-01,1.082627400755882263e-01,1.419200375676155090e-02
1.640213876962661743e-01,3.023915290832519531e+00,1.239201892167329788e-02
9.823983535170555115e-03,5.258736610412597656e-01,3.891757223755121231e-03
4.606797173619270325e-02,6.348128914833068848e-01,1.251070061698555946e-03
5.097529664635658264e-02,1.700055122375488281e+00,9.207281982526183128e-04
3.927022963762283325e-02,4.650985240936279297e+00,1.860553980804979801e-03
4.632786381989717484e-03,3.200427532196044922e+00,2.458266913890838623e-02
1.629444658756256104e-01,3.030975580215454102e+00,4.395564552396535873e-03
1.776670664548873901e-02,3.091292619705200195e+00,6.655989750470325816e-07
1.623638123273849487e-01,2.808925390243530273e+00,1.333092339336872101e-03
1.126703433692455292e-02,1.490972757339477539e+00,1.198282930999994278e-03
2.491738647222518921e-02,5.581654906272888184e-01,2.947425935417413712e-03
1.077871024608612061e-01,9.739400446414947510e-02,3.192315052729099989e-04
7.030408084392547607e-02,2.975685358047485352e+00,3.084027208387851715e-03
2.601976692676544189e-02,4.933648586273193359e+00,1.523453625850379467e-03
2.971964515745639801e-02,3.137390851974487305e+00,1.204462815076112747e-02
1.805911809206008911e-01,4.742586612701416016e+00,1.649236492812633514e-02
1.931117922067642212e-01,3.556691408157348633e+00,5.753335426561534405e-04
1.428216993808746338e-01,4.741460323333740234e+00,3.678304841741919518e-03
1.589655876159667969e-01,4.017320632934570312e+00,1.696878112852573395e-02
1.449580490589141846e-01,3.263404369354248047e+00,3.959458693861961365e-02
2.515267813578248024e-03,4.919388294219970703e-01,2.899809973314404488e-03
5.705697461962699890e-02,4.735354900360107422e+00,5.428727599792182446e-04
1.955989003181457520e-01,4.918685913085937500e+00,1.922167837619781494e-02
3.287938982248306274e-02,4.784687519073486328e+00,1.618270762264728546e-02
1.549837458878755569e-02,3.142455518245697021e-01,3.393479622900485992e-03
3.993215411901473999e-02,2.035571336746215820e+00,9.617905016057193279e-04
1.745975762605667114e-01,3.211746931076049805e+00,1.192000694572925568e-02
2.015437930822372437e-02,3.043708205223083496e-01,2.961249789223074913e-03
2.598100155591964722e-02,3.479326486587524414e+00,1.345958933234214783e-02
1.280009094625711441e-02,3.559848308563232422e+00,5.573214031755924225e-03
2.945301681756973267e-02,2.220052480697631836e+00,4.780536692123860121e-04
1.067719236016273499e-01,7.077785730361938477e-01,2.079945523291826248e-03
5.595860257744789124e-02,1.931426405906677246e+00,1.873748190701007843e-02
1.373029649257659912e-01,4.294182777404785156e+00,5.735466256737709045e-03
2.875716239213943481e-02,6.456886529922485352e-01,1.365092350170016289e-03
7.280186563730239868e-02,1.338504195213317871e+00,2.865506103262305260e-03
1.072427853941917419e-01,3.070885896682739258e+00,1.302013988606631756e-04
2.105740085244178772e-02,1.745060205459594727e+00,5.748214898630976677e-04
5.438242852687835693e-02,1.205540895462036133e+00,1.911139464937150478e-03
1.585922390222549438e-02,5.088325962424278259e-02,1.549217477440834045e-02
2.590540423989295959e-02,5.123640894889831543e-01,4.048377741128206253e-03
1.500634998083114624e-01,1.351755499839782715e+00,2.329535037279129028e-02
2.731756679713726044e-02,3.730316162109375000e+00,6.456822156906127930e-04
2.509031444787979126e-02,1.566391587257385254e+00,4.183750599622726440e-03
8.518396317958831787e-02,2.115384340286254883e+00,1.796246855519711971e-03
5.299911275506019592e-02,2.742932796478271484e+00,7.214785553514957428e-03
1.850957870483398438e-01,4.072306156158447266e+00,2.056547207757830620e-03
1.828911527991294861e-02,3.990928411483764648e+00,8.979953825473785400e-03
3.027781471610069275e-02,2.410648345947265625e+00,2.335694245994091034e-02
2.928914129734039307e-02,6.334004998207092285e-01,2.473621862009167671e-03
7.882384210824966431e-02,4.814435482025146484e+00,8.016832172870635986e-03
2.072633430361747742e-02,6.504316329956054688e-01,4.813970066606998444e-03
3.372163744643330574e-03,6.380318999290466309e-01,4.250259138643741608e-03
9.474950842559337616e-03,2.853667259216308594e+00,7.449639961123466492e-03
5.917463079094886780e-02,4.808867454528808594e+00,8.502976037561893463e-03
1.349128037691116333e-01,4.721884250640869141e+00,8.145139552652835846e-03
1.970456093549728394e-01,1.027729272842407227e+00,1.471711043268442154e-02
1.880416870117187500e-01,1.124888181686401367e+00,7.274792063981294632e-03
9.555557742714881897e-03,2.502238750457763672e-01,4.320812411606311798e-03
1.427365001291036606e-03,4.718924522399902344e+00,5.608439096249639988e-04
9.816796518862247467e-03,5.136578083038330078e-01,2.553493715822696686e-03
8.060950040817260742e-02,4.709116935729980469e+00,9.803249267861247063e-04
4.774444736540317535e-03,1.988281250000000000e+00,2.195555018261075020e-03
1.379929780960083008e-01,2.983991384506225586e+00,8.403545245528221130e-03
1.098465695977210999e-01,5.823717713356018066e-01,1.689136610366404057e-03
3.882037475705146790e-02,3.036980152130126953e+00,2.414895454421639442e-03
9.874331206083297729e-02,2.637775182723999023e+00,1.464153919368982315e-02
4.382361657917499542e-03,3.637542963027954102e+00,1.929008285515010357e-03
2.290241606533527374e-02,7.136163115501403809e-01,4.018118605017662048e-03
4.477746039628982544e-02,4.080535411834716797e+00,2.502088900655508041e-03
1.106747537851333618e-01,4.805850505828857422e+00,2.534908126108348370e-04
7.768204063177108765e-02,5.262242555618286133e-01,1.299556461162865162e-03
2.593508176505565643e-02,2.309746026992797852e+00,2.306684479117393494e-02
2.471288107335567474e-02,3.173350334167480469e+00,4.622277803719043732e-03
2.165198512375354767e-02,4.482250213623046875e+00,5.384695832617580891e-04
1.306384503841400146e-01,5.997852087020874023e-01,5.653188098222017288e-03
9.846293181180953979e-02,1.779480695724487305e+00,1.019032089971005917e-03
1.453761849552392960e-02,4.741607666015625000e+00,9.910410270094871521e-03
1.570411771535873413e-01,4.701174259185791016e+00,4.810181446373462677e-03
2.041882425546646118e-01,1.937178492546081543e+00,1.724904961884021759e-02
1.829398795962333679e-02,3.322607517242431641e+00,1.539801806211471558e-02
1.530813705176115036e-02,8.222820758819580078e-01,1.657699816860258579e-03
3.088463097810745239e-02,1.535270690917968750e+00,4.158201627433300018e-03
1.227025315165519714e-02,1.222374558448791504e+00,2.227862132713198662e-03
1.256190389394760132e-01,3.195577621459960938e+00,1.048681885004043579e-02
8.209943771362304688e-02,4.814704418182373047e+00,7.689767517149448395e-03
1.697853393852710724e-02,2.209201574325561523e+00,5.370871804188936949e-05
2.961067110300064087e-02,1.553849101066589355e+00,1.730716042220592499e-02
7.485823240131139755e-03,2.518610954284667969e+00,6.427791900932788849e-03
1.855165362358093262e-01,3.927780628204345703e+00,2.182217501103878021e-02
2.046150155365467072e-02,4.921736717224121094e+00,9.094129782170057297e-04
1.368466913700103760e-01,6.700051426887512207e-01,2.280480414628982544e-02
3.581096231937408447e-02,4.862373471260070801e-01,1.767370034940540791e-03
7.637079805135726929e-02,3.643425226211547852e+00,3.131899284198880196e-04
8.241398632526397705e-02,4.283515453338623047e+00,1.649129018187522888e-02
1.802084594964981079e-01,2.464886188507080078e+00,8.551001548767089844e-03
1.094214245676994324e-01,1.707240581512451172e+00,1.490276074036955833e-03
2.437614835798740387e-02,4.786446094512939453e+00,1.864020153880119324e-02
2.422754466533660889e-02,4.854238986968994141e+00,3.494906704872846603e-04
2.951914630830287933e-02,6.203281879425048828e-01,6.454979069530963898e-03
1.704995334148406982e-01,1.845326423645019531e+00,1.976439915597438812e-02
6.557614356279373169e-02,4.457450807094573975e-01,4.514297179412096739e-04
5.689907819032669067e-02,3.133679389953613281e+00,3.260154975578188896e-03
1.199929863214492798e-01,3.523015260696411133e+00,4.509586840867996216e-03
9.608866274356842041e-02,3.268471717834472656e+00,2.481788210570812225e-02
1.654105074703693390e-02,1.236427798867225647e-01,1.293079648166894913e-02
6.985969096422195435e-02,8.571425676345825195e-01,1.011761603876948357e-03
2.506516128778457642e-02,6.892515420913696289e-01,5.697783082723617554e-03
3.606960922479629517e-02,3.154040336608886719e+00,1.136981323361396790e-02
1.636766046285629272e-01,1.512229800224304199e+00,4.384095780551433563e-03
1.531905494630336761e-02,5.871400833129882812e-01,3.149051219224929810e-03
4.949762672185897827e-02,2.158340930938720703e+00,4.826258402317762375e-03
5.479817837476730347e-02,1.376735091209411621e+00,1.398469507694244385e-02
5.857849121093750000e-02,1.718566775321960449e+00,1.204718835651874542e-02
6.088386103510856628e-02,6.541461944580078125e-01,8.901106193661689758e-04
2.351862937211990356e-02,7.899210453033447266e-01,3.777018282562494278e-04
6.568273156881332397e-02,1.327629327774047852e+00,4.162553523201495409e-05
3.467869386076927185e-02,1.493798971176147461e+00,2.705915831029415131e-03
5.246658250689506531e-02,1.409945487976074219e-01,4.931064322590827942e-04
1.426998823881149292e-01,3.182882308959960938e+00,7.600781973451375961e-03
8.358819410204887390e-03,3.174653291702270508e+00,1.745098154060542583e-03
2.299762815237045288e-01,3.340815305709838867e+00,3.753670956939458847e-03
3.824095800518989563e-02,2.827214479446411133e+00,2.684821374714374542e-03
2.067426145076751709e-01,3.205887079238891602e+00,9.147736243903636932e-03
5.800535902380943298e-03,3.748792886734008789e+00,2.248035045340657234e-03
5.023280158638954163e-02,5.518738031387329102e-01,8.911858312785625458e-04
5.104688927531242371e-02,4.920675158500671387e-01,5.654519191011786461e-04
2.965638227760791779e-02,4.099431514739990234e+00,8.232230320572853088e-03
3.752426803112030029e-02,3.285646438598632812e+00,2.204417809844017029e-02
1.880731061100959778e-02,4.657496809959411621e-01,1.492528943344950676e-03
5.325047299265861511e-02,5.653575658798217773e-01,1.355840452015399933e-02
8.412926644086837769e-02,5.614612102508544922e-01,6.599669723073020577e-05
3.517056256532669067e-02,5.444970130920410156e-01,3.356359666213393211e-03
2.087612599134445190e-01,2.833394050598144531e+00,1.667663268744945526e-02
9.370662271976470947e-02,4.857811927795410156e+00,2.854549326002597809e-03
1.389764696359634399e-01,4.653157711029052734e+00,4.454393092601094395e-06
7.408674806356430054e-02,2.929535627365112305e+00,1.602265611290931702e-02
1.414021477103233337e-02,1.560853481292724609e+00,6.850549834780395031e-05
4.000547155737876892e-02,5.371330976486206055e-01,6.091920193284749985e-03
6.165676563978195190e-02,4.238789558410644531e+00,9.517041617073118687e-04
1.435567345470190048e-02,4.546770453453063965e-01,4.895019810646772385e-03
5.181751027703285217e-02,4.729618072509765625e+00,1.889502443373203278e-02
1.122557371854782104e-02,4.252827644348144531e+00,2.127817599102854729e-03
2.703317813575267792e-02,5.051903724670410156e-01,2.067416906356811523e-02
1.702928915619850159e-02,3.954046726226806641e+00,1.304573961533606052e-04
4.739513620734214783e-03,4.015858173370361328e+00,1.219428493641316891e-03
3.144473582506179810e-02,5.183050036430358887e-01,2.895539812743663788e-02
1.928297132253646851e-01,4.791825771331787109e+00,5.971395410597324371e-03
1.219593454152345657e-02,5.413544774055480957e-01,1.334643736481666565e-02
7.825751602649688721e-02,5.298162698745727539e-01,1.183025422506034374e-03
1.103443838655948639e-02,1.510186910629272461e+00,3.990624099969863892e-03
7.734993845224380493e-02,4.289319038391113281e+00,2.203624136745929718e-02
8.322437293827533722e-03,2.016445159912109375e+00,1.741816289722919464e-02
1.310693025588989258e-01,3.704123258590698242e+00,1.044073887169361115e-02
1.685577444732189178e-02,2.163587808609008789e+00,5.255159921944141388e-04
1.694536395370960236e-02,4.486575126647949219e-01,6.276444531977176666e-03
1.121151167899370193e-02,3.816639900207519531e+00,1.398403011262416840e-02
6.517742574214935303e-02,5.004646778106689453e-01,1.362993149086833000e-03
2.886212803423404694e-02,4.679324150085449219e+00,2.669051988050341606e-03
2.666818350553512573e-02,3.782325506210327148e+00,1.109758298844099045e-02
2.434888668358325958e-02,2.967354059219360352e+00,4.599340260028839111e-03
1.796496659517288208e-01,2.620595932006835938e+00,1.369659323245286942e-02
1.531297415494918823e-01,2.215903043746948242e+00,1.726154237985610962e-02
9.293596446514129639e-02,4.091552257537841797e+00,2.566524036228656769e-02
2.648523636162281036e-02,4.443398952484130859e+00,4.162041586823761463e-04
2.153648249804973602e-02,2.083344936370849609e+00,2.237436565337702632e-04
1.672395914793014526e-01,4.798109054565429688e+00,1.537205930799245834e-02
1.792701333761215210e-01,4.800936222076416016e+00,6.465628277510404587e-03
1.138089373707771301e-01,4.869349956512451172e+00,3.752442135009914637e-04
1.489774230867624283e-02,3.426687717437744141e+00,1.114775892347097397e-03
9.976812452077865601e-02,1.438298583030700684e+00,1.792708970606327057e-02
3.448624536395072937e-02,3.644584655761718750e+00,1.315735629759728909e-03
2.310661040246486664e-02,2.088429927825927734e-01,1.104838028550148010e-02
2.541153319180011749e-02,3.954856157302856445e+00,4.740088770631700754e-04
8.686676621437072754e-02,2.758071422576904297e+00,2.443823497742414474e-03
1.620699167251586914e-01,3.134357929229736328e+00,1.156555023044347763e-02
1.767241768538951874e-02,1.596672773361206055e+00,2.019734587520360947e-03
1.780184544622898102e-02,4.767613887786865234e+00,4.538361099548637867e-04
8.103046566247940063e-02,3.680011272430419922e+00,1.892917416989803314e-02
8.855726569890975952e-02,2.748785972595214844e+00,8.591909892857074738e-03
2.827814966440200806e-02,3.128740549087524414e+00,2.317702770233154297e-02
5.658207461237907410e-02,3.762967348098754883e+00,2.126076724380254745e-03
1.131753399968147278e-01,4.070158004760742188e+00,1.752696186304092407e-02
1.158546209335327148e-01,4.747233867645263672e+00,1.892466843128204346e-02
2.332193218171596527e-02,4.947513639926910400e-01,1.194238197058439255e-03
1.821113079786300659e-01,4.788277149200439453e+00,1.175202056765556335e-02
1.672200709581375122e-01,4.840646743774414062e+00,4.365407861769199371e-03
2.008057832717895508e-01,4.725924015045166016e+00,2.372092334553599358e-03
2.260285988450050354e-02,3.271170616149902344e+00,2.614626428112387657e-03
3.951250016689300537e-02,2.985089458525180817e-02,2.496354514732956886e-03
1.399288922548294067e-01,3.897641658782958984e+00,1.345277880318462849e-03
4.099818691611289978e-02,1.408713459968566895e-01,4.477791488170623779e-03
5.533340573310852051e-02,7.506147027015686035e-01,3.118433523923158646e-03
1.174568459391593933e-01,4.710150957107543945e-01,1.702039036899805069e-03
1.132921203970909119e-01,1.669658303260803223e+00,2.014926820993423462e-02
5.550926923751831055e-02,1.380817592144012451e-01,1.308567589148879051e-03
4.468935728073120117e-02,5.064780712127685547e-01,1.544957631267607212e-03
1.505058854818344116e-01,3.890420913696289062e+00,1.485821674577891827e-03
2.560792118310928345e-02,2.221454620361328125e+00,6.227958365343511105e-04
1.111908815801143646e-02,6.168329715728759766e-01,4.857182968407869339e-03
1.467620208859443665e-02,4.769304692745208740e-01,2.517356723546981812e-02
1.372970938682556152e-01,2.763071298599243164e+00,7.369204540736973286e-04
1.080052927136421204e-02,1.645616769790649414e+00,3.045115387067198753e-03
3.449775278568267822e-02,3.703069448471069336e+00,4.181190393865108490e-03
3.521084785461425781e-02,8.065838217735290527e-01,7.985497824847698212e-03
2.497042343020439148e-02,7.847183346748352051e-01,1.344663556665182114e-03
2.252550050616264343e-02,4.309248551726341248e-02,1.888217218220233917e-02
3.669646382331848145e-02,3.205216646194458008e+00,3.131899284198880196e-04
1.700765192508697510e-01,4.713463783264160156e+00,6.462095770984888077e-03
2.500100061297416687e-02,5.609624385833740234e-01,2.717896597459912300e-03
4.601921886205673218e-02,3.555811882019042969e+00,1.833494752645492554e-02
1.794229447841644287e-02,2.907076835632324219e+00,9.117170120589435101e-04
3.221072629094123840e-02,5.099586844444274902e-01,4.632876254618167877e-03
1.879694499075412750e-02,3.408768892288208008e+00,6.109174573794007301e-04
5.546770244836807251e-02,5.336905121803283691e-01,3.195489523932337761e-03
5.256595090031623840e-02,1.037015914916992188e+00,1.551357672724407166e-05
1.203606743365526199e-02,3.540641307830810547e+00,2.615292032714933157e-04
1.731168627738952637e-01,4.663668155670166016e+00,7.031797431409358978e-03
3.054586052894592285e-02,4.859946966171264648e-01,1.182032097131013870e-02
2.345489561557769775e-01,3.667975664138793945e+00,4.654072690755128860e-03
1.738610863685607910e-01,4.759466648101806641e+00,3.440639749169349670e-02
4.968565329909324646e-02,4.713136196136474609e+00,1.713676750659942627e-02
5.689209699630737305e-02,4.807539582252502441e-01,5.273336078971624374e-03
1.656248569488525391e-01,3.230825424194335938e+00,7.750337012112140656e-03
1.632445752620697021e-01,3.002322435379028320e+00,1.298056263476610184e-02
1.392770260572433472e-01,4.725387096405029297e+00,5.928950849920511246e-03
6.935766339302062988e-02,6.238136291503906250e-01,3.544570645317435265e-04
2.143922075629234314e-02,1.253542304039001465e-01,3.211822360754013062e-03
5.607113614678382874e-02,1.207739591598510742e+00,6.049884948879480362e-03
5.915289744734764099e-02,6.391314268112182617e-01,2.581438608467578888e-02
1.395216882228851318e-01,2.998515844345092773e+00,6.747893523424863815e-03
4.236339405179023743e-02,4.701960086822509766e+00,2.594146411865949631e-03
2.344988137483596802e-01,3.317567586898803711e+00,7.700826507061719894e-03
8.367636799812316895e-02,4.740510463714599609e+00,3.824634186457842588e-04
1.049423590302467346e-02,4.320197701454162598e-01,5.071659572422504425e-03
1.559228356927633286e-02,4.936239719390869141e+00,9.375217487104237080e-04
9.044644236564636230e-02,3.962203502655029297e+00,4.770808736793696880e-04
1.125494204461574554e-02,4.285807609558105469e+00,9.272305760532617569e-05
7.141510397195816040e-02,3.161696195602416992e+00,1.492344588041305542e-02
1.624256558716297150e-02,3.433410882949829102e+00,1.124826446175575256e-02
2.023706287145614624e-01,4.776165008544921875e+00,2.322925068438053131e-02
5.047551915049552917e-02,5.606577396392822266e-01,1.296740374527871609e-03
6.886272877454757690e-02,4.474183320999145508e-01,1.243543694727122784e-03
9.927842766046524048e-04,3.875054359436035156e+00,1.571172033436596394e-03
3.495924873277544975e-03,8.990890383720397949e-01,5.075499415397644043e-03
1.917049437761306763e-01,3.858155012130737305e+00,6.770165637135505676e-03
1.157039077952504158e-03,3.958194017410278320e+00,1.884105848148465157e-03
7.764849066734313965e-02,2.576208829879760742e+00,3.490452188998460770e-03
1.215582042932510376e-01,3.267760276794433594e+00,1.683095004409551620e-03
9.121668525040149689e-03,4.785110473632812500e+00,9.372043423354625702e-03
1.651271805167198181e-02,2.783171892166137695e+00,2.108412736561149359e-04
1.391103863716125488e-02,3.791240215301513672e+00,2.563528949394822121e-03
1.386224329471588135e-01,4.164709091186523438e+00,1.698449812829494476e-02
2.741140685975551605e-02,2.575651645660400391e+00,3.363578813150525093e-03
4.014971852302551270e-02,3.662729263305664062e-01,2.414260618388652802e-02
3.662338852882385254e-02,5.130711197853088379e-01,2.212916873395442963e-02
6.068073585629463196e-02,3.819028377532958984e+00,2.793877385556697845e-02
2.424769699573516846e-01,5.387936830520629883e-01,2.063151914626359940e-03
1.657799929380416870e-01,2.203180313110351562e+00,1.015576068311929703e-02
2.770588360726833344e-02,4.725461304187774658e-01,4.428076557815074921e-03
1.352129131555557251e-01,4.285449981689453125e+00,8.627186616649851203e-05
2.129659615457057953e-02,4.652497768402099609e+00,2.820603549480438232e-04
4.160324111580848694e-02,6.404184699058532715e-01,8.535027154721319675e-05
4.160503670573234558e-02,1.525791406631469727e+00,5.573720857501029968e-02
3.132377192378044128e-02,4.815759181976318359e+00,1.206730958074331284e-03
4.120324552059173584e-02,3.082159519195556641e+00,6.677186582237482071e-03
4.721374716609716415e-03,4.773880481719970703e+00,1.984611386433243752e-03
1.104939822107553482e-02,4.108635425567626953e+00,6.520975381135940552e-03
2.470455318689346313e-02,1.663488030433654785e+00,1.483824918977916241e-03
3.667473420500755310e-02,5.311233401298522949e-01,1.622525509446859360e-03
4.138467088341712952e-02,7.704252004623413086e-01,2.173180691897869110e-03
1.308261323720216751e-02,4.726413726806640625e+00,2.812411694321781397e-04
1.856698095798492432e-01,4.060993671417236328e+00,7.301876787096261978e-03
8.181870728731155396e-02,3.116489648818969727e+00,2.191356543335132301e-05
1.442546248435974121e-01,3.395001888275146484e+00,5.599735304713249207e-04
1.301686614751815796e-01,2.750584840774536133e+00,8.058355888351798058e-04
1.255673468112945557e-01,1.736720681190490723e+00,4.689656663686037064e-03
1.679824665188789368e-02,7.009626030921936035e-01,1.568105071783065796e-02
1.754803508520126343e-01,2.815394878387451172e+00,1.499968301504850388e-02
2.198509126901626587e-02,3.134876489639282227e+00,5.979997105896472931e-03
1.500985957682132721e-02,4.484985172748565674e-01,8.255219087004661560e-03
1.251859366893768311e-01,3.247043848037719727e+00,4.125740844756364822e-03
4.858199506998062134e-02,3.817420959472656250e+00,1.042210217565298080e-02
1.333706974983215332e-01,2.051583290100097656e+00,2.127254381775856018e-03
2.082870714366436005e-02,5.431019067764282227e-01,2.158230170607566833e-03
2.256657481193542480e-01,3.916121482849121094e+00,7.978637702763080597e-03
1.598899625241756439e-02,2.142627000808715820e+00,4.110381007194519043e-03
1.382612735033035278e-01,4.300473213195800781e+00,2.031059935688972473e-02
3.372716484591364861e-03,3.889837026596069336e+00,2.346646040678024292e-03
6.111473217606544495e-02,8.094573616981506348e-01,1.261514844372868538e-03
1.085290759801864624e-01,4.769705772399902344e+00,1.351677929051220417e-04
2.105333954095840454e-01,4.031129360198974609e+00,7.400539238005876541e-03
1.650131680071353912e-02,4.633585929870605469e+00,7.853811606764793396e-03
1.355228424072265625e-01,3.387008905410766602e+00,8.333606645464897156e-03
9.495954215526580811e-02,2.646868705749511719e+00,6.948341615498065948e-04
9.035298228263854980e-02,4.570128440856933594e+00,3.564026555977761745e-04
1.184786558151245117e-01,3.883890151977539062e+00,9.923825040459632874e-03
2.628549747169017792e-02,7.127346992492675781e-01,7.507956470362842083e-04
2.589223906397819519e-02,4.727210521697998047e+00,1.438461826182901859e-03
1.683179587125778198e-01,5.184705257415771484e-01,1.977049186825752258e-02
1.884955167770385742e-01,2.962660789489746094e+00,5.332266911864280701e-03
8.864278346300125122e-02,3.991082906723022461e+00,1.334986742585897446e-02
6.088620983064174652e-03,4.141522884368896484e+00,1.397911459207534790e-03
6.704759597778320312e-02,4.711346626281738281e+00,3.367418830748647451e-04
1.626276373863220215e-01,3.091470718383789062e+00,7.585473358631134033e-03
4.148441925644874573e-02,3.593969583511352539e+00,4.739986266940832138e-03
1.614274382591247559e-01,2.756839275360107422e+00,6.831246893852949142e-03
1.080652326345443726e-01,4.738684177398681641e+00,1.348503516055643559e-03
7.957028225064277649e-03,5.305489897727966309e-01,2.019990468397736549e-03
3.805621340870857239e-02,4.280197620391845703e+00,3.922067582607269287e-03
1.146660000085830688e-01,2.196743726730346680e+00,4.757496644742786884e-04
1.439418494701385498e-01,6.239448785781860352e-01,9.065713733434677124e-03
4.328683391213417053e-02,4.125651836395263672e+00,8.493554778397083282e-04
1.491557061672210693e-02,4.783262610435485840e-01,2.906158799305558205e-03
1.281836768612265587e-03,4.750045299530029297e+00,4.744338337332010269e-03
1.737984083592891693e-02,7.187448143959045410e-01,2.102780708810314536e-04
3.097391128540039062e-02,9.158309698104858398e-01,1.211415696889162064e-02
8.251874148845672607e-02,4.993163049221038818e-01,1.087947166524827480e-03
4.529769346117973328e-02,5.470400452613830566e-01,1.690007047727704048e-03
1.180309150367975235e-02,4.280890941619873047e+00,1.669445075094699860e-02
7.327639311552047729e-02,7.386139035224914551e-01,1.013343688100576401e-02
1.694985665380954742e-02,4.511693418025970459e-01,3.057096153497695923e-03
2.063942849636077881e-01,3.542361021041870117e+00,1.998430117964744568e-02
7.635992020368576050e-02,2.781212329864501953e+00,5.209540948271751404e-03
1.766750067472457886e-01,3.930079460144042969e+00,2.650568727403879166e-03
2.988742478191852570e-02,8.194867968559265137e-01,1.230590161867439747e-03
5.531108379364013672e-02,3.512018203735351562e+00,1.372567494399845600e-03
1.573891751468181610e-02,2.662055194377899170e-01,3.425325965508818626e-03
1.703509315848350525e-02,4.165370464324951172e+00,1.817648415453732014e-03
4.182660952210426331e-02,4.036677837371826172e+00,3.138555257464759052e-05
1.194104924798011780e-01,3.090039730072021484e+00,1.950763165950775146e-02
8.717319928109645844e-03,3.635419130325317383e+00,1.241905265487730503e-03
1.650736629962921143e-01,2.979079484939575195e+00,1.132455188781023026e-02
2.634412981569766998e-02,3.267025709152221680e+00,1.493348157964646816e-03
5.472800508141517639e-02,6.925392150878906250e-01,2.009904012084007263e-03
8.405235409736633301e-02,2.021098613739013672e+00,1.372823491692543030e-03
3.489370644092559814e-02,2.925963640213012695e+00,1.560701616108417511e-02
9.956876188516616821e-02,4.088573932647705078e+00,7.391732651740312576e-04
3.486319677904248238e-03,3.263637721538543701e-01,6.049833726137876511e-03
2.948013879358768463e-02,9.633842110633850098e-01,1.437642611563205719e-03
6.544340401887893677e-02,3.838265657424926758e+00,2.577455248683691025e-03
2.580188959836959839e-02,4.390520095825195312e+00,1.517514465376734734e-03
1.214631944894790649e-01,4.301911830902099609e+00,3.183662425726652145e-03
5.346040427684783936e-02,3.494445800781250000e+00,6.500853924080729485e-04
1.097857952117919922e-01,3.073409080505371094e+00,1.870435546152293682e-03
3.892340511083602905e-02,5.118263959884643555e-01,2.183589525520801544e-02
2.385432645678520203e-02,4.734377384185791016e+00,2.889518858864903450e-03
4.202752560377120972e-02,5.031660199165344238e-01,1.597949594724923372e-04
1.975725032389163971e-02,1.485089302062988281e+00,6.806005258113145828e-04
9.374846518039703369e-02,4.240882396697998047e+00,1.708111353218555450e-02
1.152533665299415588e-02,2.329961657524108887e-01,1.764272525906562805e-02
2.039384692907333374e-01,4.702226161956787109e+00,9.256945922970771790e-04
1.135618984699249268e-01,4.662168025970458984e+00,1.078992243856191635e-02
7.191798835992813110e-02,3.617583036422729492e+00,4.958866164088249207e-03
6.540857255458831787e-03,3.938283920288085938e+00,1.253886031918227673e-03
7.058702409267425537e-02,9.440276622772216797e-01,7.078542839735746384e-03
5.979979410767555237e-02,6.005396246910095215e-01,4.349074792116880417e-03
5.738468840718269348e-02,6.160226464271545410e-01,1.242110133171081543e-02
1.621294170618057251e-01,4.751800537109375000e+00,6.516776978969573975e-03
1.836714297533035278e-01,6.249359846115112305e-01,1.492052711546421051e-02
5.686780810356140137e-02,6.545039415359497070e-01,4.259987268596887589e-03
2.175909234210848808e-03,2.039339542388916016e+00,1.069412799552083015e-03
8.831344544887542725e-02,6.503490805625915527e-01,5.043960176408290863e-03
4.067119676619768143e-03,3.857621192932128906e+00,5.058654583990573883e-03
5.725422524847090244e-04,4.257130622863769531e+00,8.003059774637222290e-04
2.029800601303577423e-02,3.375321149826049805e+00,2.002428955165669322e-04
1.416681893169879913e-02,3.233260810375213623e-01,4.596421960741281509e-03
9.380429983139038086e-02,5.377705097198486328e-01,1.472100149840116501e-03
1.242971569299697876e-01,5.855530500411987305e-01,2.032636839430779219e-04
1.440456956624984741e-01,8.532536029815673828e-01,2.262565493583679199e-02
3.299834951758384705e-02,7.852336168289184570e-01,8.865368552505970001e-03
5.474410578608512878e-02,5.292309522628784180e-01,2.631163923069834709e-03
3.314270079135894775e-02,4.452294826507568359e+00,1.261335704475641251e-02
3.127398341894149780e-02,3.293945312500000000e+00,1.830473914742469788e-02
2.385387755930423737e-02,1.699485898017883301e+00,2.974356990307569504e-03
3.152627497911453247e-03,2.115516960620880127e-01,4.290399607270956039e-03
1.359438747167587280e-01,1.600070357322692871e+00,1.444595586508512497e-02
1.968339532613754272e-01,7.973893284797668457e-01,1.792207174003124237e-02
1.914417743682861328e-01,4.194683074951171875e+00,4.675372038036584854e-03
1.892385073006153107e-02,7.422823309898376465e-01,1.345175551250576973e-03
3.183764591813087463e-02,4.267338275909423828e+00,1.467620115727186203e-02
4.716050252318382263e-02,5.887038111686706543e-01,1.596260000951588154e-03
1.944568604230880737e-01,4.116084098815917969e+00,6.613340228796005249e-03
3.149586915969848633e-02,4.805247306823730469e+00,3.869178181048482656e-04
1.499593537300825119e-02,3.972065925598144531e+00,6.923150736838579178e-03
5.549710616469383240e-02,4.029637873172760010e-01,1.589347957633435726e-03
4.536786675453186035e-02,3.134155035018920898e+00,9.699108079075813293e-03
1.082136295735836029e-02,3.822006940841674805e+00,2.737096510827541351e-03
4.201639816164970398e-02,5.073204040527343750e-01,4.818219691514968872e-03
2.488172985613346100e-02,3.293246030807495117e+00,2.210300590377300978e-04
9.972033649682998657e-02,1.064818263053894043e+00,2.435421571135520935e-02
1.097809597849845886e-01,1.742325663566589355e+00,6.990325171500444412e-03
3.907024860382080078e-02,1.768667340278625488e+00,4.312569508329033852e-04
1.764101833105087280e-01,4.207234382629394531e+00,1.155843306332826614e-02
3.098089061677455902e-02,4.785764694213867188e+00,5.364830140024423599e-03
1.190941110253334045e-01,5.922781825065612793e-01,1.920652389526367188e-02
3.941703587770462036e-02,4.729670047760009766e+00,3.057659196201711893e-04
1.456674486398696899e-01,4.799265861511230469e+00,4.831480793654918671e-03
6.164010986685752869e-02,9.698194265365600586e-01,1.163108623586595058e-03
1.752561144530773163e-02,4.734654426574707031e+00,1.133105484768748283e-03
1.141315698623657227e-01,4.308795928955078125e+00,1.806732639670372009e-02
1.574067957699298859e-02,4.039540767669677734e+00,4.840491805225610733e-03
2.008413672447204590e-01,3.487874507904052734e+00,2.093431726098060608e-02
1.622052118182182312e-02,3.406971216201782227e+00,6.809077458456158638e-04
8.382729138247668743e-04,3.391333103179931641e+00,2.247164491564035416e-03
1.829417496919631958e-01,8.396014571189880371e-01,1.562729105353355408e-02
2.196578681468963623e-01,2.049266338348388672e+00,4.706347826868295670e-03
1.128079295158386230e-01,4.905462861061096191e-01,8.648178773000836372e-04
8.396549383178353310e-04,3.768124341964721680e+00,1.628669560886919498e-04
1.577153652906417847e-01,6.031404137611389160e-01,5.222391791903646663e-06
1.987913697957992554e-01,3.429095268249511719e+00,1.663864403963088989e-02
7.511121034622192383e-02,4.760361671447753906e+00,1.202803943306207657e-02
3.387967124581336975e-02,4.125957489013671875e+00,1.175601384602487087e-03
2.755914581939578056e-03,2.043677568435668945e+00,1.283838064409792423e-03
2.920214273035526276e-02,1.740044951438903809e+00,5.734903388656675816e-04
1.077551394701004028e-02,4.344347953796386719e+00,8.552946965210139751e-04
2.406991720199584961e-01,4.244562625885009766e+00,1.990105025470256805e-02
1.335123926401138306e-01,8.139355778694152832e-01,1.351642049849033356e-02
4.562129732221364975e-03,3.932809829711914062e+00,8.117747493088245392e-04
2.414821647107601166e-02,3.249597072601318359e+00,2.767355763353407383e-04
8.310607820749282837e-02,4.050535678863525391e+00,3.468896960839629173e-03
4.968662187457084656e-02,3.113413572311401367e+00,1.297027152031660080e-02
2.011628597974777222e-01,3.774026632308959961e+00,1.934589003212749958e-03
2.061062306165695190e-02,5.177232623100280762e-01,1.222500484436750412e-02
2.329448163509368896e-01,4.719238758087158203e+00,9.490212425589561462e-03
2.486595809459686279e-01,4.725327014923095703e+00,2.382890507578849792e-02
7.565048523247241974e-03,4.984230697154998779e-01,2.191407838836312294e-03
3.532192856073379517e-02,3.226359367370605469e+00,3.174855839461088181e-03
1.783952713012695312e-01,2.007144927978515625e+00,5.565687548369169235e-03
5.507392808794975281e-02,4.757387638092041016e+00,1.737121120095252991e-02
6.643956992775201797e-03,4.139780044555664062e+00,8.412249386310577393e-03
1.072251331061124802e-02,1.250609040260314941e+00,2.270102035254240036e-03
1.854427345097064972e-02,1.128157138824462891e+00,1.219121273607015610e-03
3.626879304647445679e-02,1.047994103282690048e-02,3.932307474315166473e-03
7.838829420506954193e-03,5.950250625610351562e-01,3.873018082231283188e-03
1.304378807544708252e-01,3.138707876205444336e+00,1.708116382360458374e-02
4.456293582916259766e-02,3.799083232879638672e+00,8.289267134387046099e-05
8.839836344122886658e-03,3.454234361648559570e+00,1.012580818496644497e-03
1.180064827203750610e-01,3.182286024093627930e+00,1.579773612320423126e-03
2.500863559544086456e-02,4.101715564727783203e+00,1.148926210589706898e-03
5.503260530531406403e-03,4.046981334686279297e+00,2.402453916147351265e-03
9.742961265146732330e-03,4.767786502838134766e+00,2.394159557297825813e-03
9.725686162710189819e-03,3.885190963745117188e+00,1.337495516054332256e-03
4.327263310551643372e-02,8.136326670646667480e-01,8.062451379373669624e-04
1.718771159648895264e-01,4.183267116546630859e+00,5.460010841488838196e-03
1.358016580343246460e-01,1.794147253036499023e+00,4.370783455669879913e-03
1.356263458728790283e-01,8.424268364906311035e-01,1.791741326451301575e-02
1.566321589052677155e-02,4.575341701507568359e+00,9.123313939198851585e-04
1.527403593063354492e-01,4.726392269134521484e+00,1.643773517571389675e-03
1.738977134227752686e-01,1.536750316619873047e+00,2.346297912299633026e-02
2.992055937647819519e-02,4.826483249664306641e+00,9.806321468204259872e-04
5.987825989723205566e-02,6.621053814888000488e-01,6.095811259001493454e-03
6.965867243707180023e-03,1.877488136291503906e+00,1.456996193155646324e-03
1.698387414216995239e-01,7.455804347991943359e-01,4.644191358238458633e-03
6.829066574573516846e-02,4.383439064025878906e+00,7.033538073301315308e-03
2.720313332974910736e-02,5.737819671630859375e-01,3.630791325122117996e-03
1.123065277934074402e-01,9.813331365585327148e-01,1.960260607302188873e-02
1.085232719779014587e-01,4.373663425445556641e+00,5.996176507323980331e-03
1.528378576040267944e-01,4.032845020294189453e+00,9.987363591790199280e-03
1.633250117301940918e-01,4.905592918395996094e+00,1.524528837762773037e-03
7.063780725002288818e-02,2.757225275039672852e+00,1.417715568095445633e-02
8.902342617511749268e-02,2.990685701370239258e-01,7.977971690706908703e-04
1.272220313549041748e-01,4.173444747924804688e+00,3.385825082659721375e-02
1.465840786695480347e-01,4.824562072753906250e+00,1.022477820515632629e-02
1.530033946037292480e-01,1.320250481367111206e-01,1.223406754434108734e-02
3.981962054967880249e-02,3.174648523330688477e+00,6.388418842107057571e-03
1.647013425827026367e-01,4.928363561630249023e-01,2.719842130318284035e-03
6.224222853779792786e-02,7.118978351354598999e-02,3.029755316674709320e-03
1.277405321598052979e-01,4.705485820770263672e+00,1.410209666937589645e-02
8.552373945713043213e-02,3.263198614120483398e+00,2.309628471266478300e-04
1.566062867641448975e-01,4.814912796020507812e+00,1.163251977413892746e-02
2.641397714614868164e-01,4.425493240356445312e+00,8.948568254709243774e-03
1.346879899501800537e-01,3.914749145507812500e+00,1.978830806910991669e-02
1.897072792053222656e-01,4.868905067443847656e+00,1.542320847511291504e-02
1.043961104005575180e-02,3.240806579589843750e+00,1.829065964557230473e-03
1.461473572999238968e-02,3.143009245395660400e-01,1.464670989662408829e-02
4.729155451059341431e-02,3.037093877792358398e+00,8.669938892126083374e-03
9.796259552240371704e-02,4.754043102264404297e+00,9.980912320315837860e-03
2.031480818986892700e-01,3.090663433074951172e+00,7.085300981998443604e-03
1.667935773730278015e-02,1.789539933204650879e+00,2.306556416442617774e-04
1.636390835046768188e-01,2.440958261489868164e+00,1.080830334103666246e-04
8.026385307312011719e-02,5.473951101303100586e-01,1.993740350008010864e-02
1.463800221681594849e-01,4.060875415802001953e+00,2.353916410356760025e-03
7.441031187772750854e-02,4.804512023925781250e+00,1.840073964558541775e-03
4.614208266139030457e-02,3.516354799270629883e+00,4.417017335072159767e-04
9.962798655033111572e-02,4.696570396423339844e+00,1.783457025885581970e-02
7.580699771642684937e-02,2.705452680587768555e+00,1.123433839529752731e-02
1.151701658964157104e-01,7.200912833213806152e-01,2.682363847270607948e-04
1.422115713357925415e-01,4.148427963256835938e+00,1.611507311463356018e-02
1.319643706083297729e-01,8.495699167251586914e-01,6.187203340232372284e-03
1.485556662082672119e-01,1.257194757461547852e+00,1.884336397051811218e-02
3.730732481926679611e-03,3.165477514266967773e+00,3.562132129445672035e-03
4.762448742985725403e-02,2.060597181320190430e+00,2.244118228554725647e-02
2.131563238799571991e-02,3.636757135391235352e+00,1.678179833106696606e-03
3.021209873259067535e-02,4.036967277526855469e+00,5.942877382040023804e-03
4.934781417250633240e-02,4.354877471923828125e+00,1.570235006511211395e-02
1.937625259160995483e-01,3.129142522811889648e+00,1.212025061249732971e-02
6.200210005044937134e-02,1.888427138328552246e+00,2.111484791385009885e-04
1.821848452091217041e-01,4.252845287322998047e+00,1.390630844980478287e-02
1.786553263664245605e-01,1.300902605056762695e+00,9.178455919027328491e-03
6.961227208375930786e-02,6.245965361595153809e-01,1.034392043948173523e-03
1.350170820951461792e-01,1.322251439094543457e+00,1.919756457209587097e-02
3.164464607834815979e-02,5.443739891052246094e-01,2.297268807888031006e-02
2.789456583559513092e-02,4.594303071498870850e-01,2.429692307487130165e-03
4.079029336571693420e-02,3.080960750579833984e+00,2.164241112768650055e-02
1.869723014533519745e-02,3.119419336318969727e+00,6.666741683147847652e-04
1.968680135905742645e-02,5.350081920623779297e-01,3.222881350666284561e-03
1.074353754520416260e-01,4.189078807830810547e+00,1.142505742609500885e-02
1.232216209173202515e-01,4.765738964080810547e+00,1.530872564762830734e-02
1.854347996413707733e-02,5.961232781410217285e-01,6.797660142183303833e-03
1.890298165380954742e-02,3.824784278869628906e+00,5.890039028599858284e-04
1.816988736391067505e-01,4.613693058490753174e-01,3.718650259543210268e-04
1.575538367033004761e-01,2.380928993225097656e+00,9.819939732551574707e-03
1.810093820095062256e-01,5.754594802856445312e-01,2.570184879004955292e-02
1.904707252979278564e-01,3.221712827682495117e+00,2.123721642419695854e-03
5.110752582550048828e-02,3.679436683654785156e+00,4.007315263152122498e-03
1.101081892848014832e-01,5.998132824897766113e-01,3.932307474315166473e-03
6.339684873819351196e-02,4.024646759033203125e+00,9.480177541263401508e-04
3.860184177756309509e-02,1.772638708353042603e-01,4.380153259262442589e-04
3.120999597012996674e-02,1.834677338600158691e+00,3.046907368116080761e-04
1.558744627982378006e-02,5.343997478485107422e-01,5.366724450141191483e-03
1.319980900734663010e-02,4.749187946319580078e+00,1.380093861371278763e-03
7.581011205911636353e-02,4.779721736907958984e+00,5.489041097462177277e-03
1.657602638006210327e-01,1.970552682876586914e+00,3.948998637497425079e-03
4.371471330523490906e-02,4.789507865905761719e+00,1.895421155495569110e-04
6.967664230614900589e-03,3.894324064254760742e+00,4.579320957418531179e-04
2.393006160855293274e-02,5.592062473297119141e-01,1.445629750378429890e-03
6.022729352116584778e-02,3.405738830566406250e+00,1.935910061001777649e-02
3.186314553022384644e-02,1.578201413154602051e+00,1.169252558611333370e-03
1.081831529736518860e-01,1.606344103813171387e+00,2.912763447966426611e-04
5.596451088786125183e-02,1.911210894584655762e+00,1.436157763237133622e-04
1.973914951086044312e-01,1.943697094917297363e+00,2.252509817481040955e-02
1.512411981821060181e-02,7.874919772148132324e-01,4.070701077580451965e-03
8.896607160568237305e-02,3.297792434692382812e+00,1.257014367729425430e-02
3.955589607357978821e-02,1.657610058784484863e+00,1.467184978537261486e-03
2.759545855224132538e-02,1.083593010902404785e+00,2.448226558044552803e-03
3.718256205320358276e-02,9.937849640846252441e-01,2.177942311391234398e-03
6.597693543881177902e-03,2.891621351242065430e+00,9.929200168699026108e-04
7.984413206577301025e-02,3.676709413528442383e+00,1.497828122228384018e-02
1.799902692437171936e-02,2.799256324768066406e+00,2.838011714629828930e-04
1.498941332101821899e-01,4.548214435577392578e+00,4.849559441208839417e-02
4.065381735563278198e-02,3.839656352996826172e+00,6.903285393491387367e-04
8.701923489570617676e-02,6.589390039443969727e-01,3.267834894359111786e-03
8.590828627347946167e-03,4.752761363983154297e+00,1.417930587194859982e-03
7.028204202651977539e-02,4.211570739746093750e+00,4.049913841299712658e-04
1.653064638376235962e-01,4.707800865173339844e+00,7.297883275896310806e-03
1.621892601251602173e-01,4.104767322540283203e+00,9.011595509946346283e-03
2.898488752543926239e-02,4.866663813591003418e-01,3.096827305853366852e-03
1.512356698513031006e-01,3.648582935333251953e+00,6.685890723019838333e-03
2.602650411427021027e-02,3.259105205535888672e+00,2.488828322384506464e-04
6.125894561409950256e-02,2.006129741668701172e+00,8.594930986873805523e-04
4.584833234548568726e-02,8.430429697036743164e-01,1.973055489361286163e-02
1.783981323242187500e-01,4.721954345703125000e+00,7.014676183462142944e-02
3.364531323313713074e-02,5.764580965042114258e-01,8.491507032886147499e-04
5.577327311038970947e-02,1.156056880950927734e+00,2.686920575797557831e-03
5.199334025382995605e-02,2.694519281387329102e+00,1.861158013343811035e-02
1.042767688632011414e-01,2.987756252288818359e+00,5.139806307852268219e-03
1.616864353418350220e-01,3.353910207748413086e+00,1.568192243576049805e-02
8.617239445447921753e-02,6.105057001113891602e-01,1.509732101112604141e-03
9.344763308763504028e-02,2.677319049835205078e-01,2.229603007435798645e-03
1.962982676923274994e-02,3.705952644348144531e+00,8.908274467103183270e-04
4.303046688437461853e-02,3.775894403457641602e+00,9.997808374464511871e-04
1.159280091524124146e-01,2.023753643035888672e+00,1.782013289630413055e-02
3.725887835025787354e-01,4.680645465850830078e+00,6.435881368815898895e-03
1.924289315938949585e-01,6.755270361900329590e-01,1.265790034085512161e-02
1.744359135627746582e-01,4.682271957397460938e+00,1.511544547975063324e-02
1.560823917388916016e-01,4.590579569339752197e-01,7.222619373351335526e-03
5.467192828655242920e-02,2.217900991439819336e+00,4.318969324231147766e-03
7.110780477523803711e-02,1.562524080276489258e+00,2.575299702584743500e-02
1.122365966439247131e-01,5.230080485343933105e-01,8.429760113358497620e-03
2.498192898929119110e-02,6.478677690029144287e-02,1.582953147590160370e-02
4.767862707376480103e-02,3.621841669082641602e+00,3.814599011093378067e-03
1.775508373975753784e-01,5.879639387130737305e-01,1.233063079416751862e-02
2.699497342109680176e-01,4.160476684570312500e+00,1.765301637351512909e-02
1.584635376930236816e-01,6.455317139625549316e-01,1.199783105403184891e-02
1.680235117673873901e-01,4.725332736968994141e+00,1.621931605041027069e-02
5.142594501376152039e-02,1.912657737731933594e+00,1.495073549449443817e-02
1.538380328565835953e-02,3.300356149673461914e+00,2.000381005927920341e-03
4.602913558483123779e-02,5.848726034164428711e-01,1.336507406085729599e-02
2.511197701096534729e-02,6.376492977142333984e-01,2.315879985690116882e-02
4.997055977582931519e-02,1.337779283523559570e+00,1.270321197807788849e-03
2.428545244038105011e-02,7.083767652511596680e-01,6.308342562988400459e-04
4.440973699092864990e-02,4.765303611755371094e+00,1.491356454789638519e-02
8.963425457477569580e-02,4.162981986999511719e+00,2.795515756588429213e-04
4.004990309476852417e-02,3.422585248947143555e+00,1.931773003889247775e-04
1.368255447596311569e-02,3.402120113372802734e+00,1.243594917468726635e-03
5.137456953525543213e-02,3.660298109054565430e+00,1.163692306727170944e-02
1.691029593348503113e-02,3.422864198684692383e+00,4.852779675275087357e-03
1.840037405490875244e-01,3.253959655761718750e+00,1.904790638945996761e-03
2.995725162327289581e-02,1.793887764215469360e-01,8.670246228575706482e-03
8.187862113118171692e-03,4.834746837615966797e+00,8.873970364220440388e-04
1.303827017545700073e-01,1.925058364868164062e+00,2.880251500755548477e-03
5.500613898038864136e-02,1.607566595077514648e+00,3.913875669240951538e-03
1.558624804019927979e-01,1.772823214530944824e+00,8.623910136520862579e-03
1.546023041009902954e-01,4.792137145996093750e+00,1.264899130910634995e-02
1.047553643584251404e-01,1.896221518516540527e+00,1.562334876507520676e-02
1.658016890287399292e-01,2.051017999649047852e+00,1.648258604109287262e-02
3.739404678344726562e-02,3.778150081634521484e+00,6.509557715617120266e-04
4.414217546582221985e-03,4.744766712188720703e+00,8.155123214237391949e-04
4.837534390389919281e-03,6.781082749366760254e-01,3.821715712547302246e-03
4.394229874014854431e-02,1.113768696784973145e+00,1.588784740306437016e-03
1.065782010555267334e-01,6.860217452049255371e-01,1.861741766333580017e-02
1.066520661115646362e-01,4.707260608673095703e+00,1.776714064180850983e-02
3.490400314331054688e-02,1.061005592346191406e+00,4.156716633588075638e-03
7.296229153871536255e-02,2.026153087615966797e+00,6.382070132531225681e-04
1.667451262474060059e-01,3.463539600372314453e+00,1.368804275989532471e-02
2.407517470419406891e-02,2.881285905838012695e+00,4.874488338828086853e-03
4.777433350682258606e-02,4.044069766998291016e+00,3.292820649221539497e-03
9.527664631605148315e-02,6.673445701599121094e-01,1.014628796838223934e-03
2.093042619526386261e-02,1.176635175943374634e-01,4.275039769709110260e-03
1.608093641698360443e-02,2.051955699920654297e+00,1.906900107860565186e-02
2.684897780418395996e-01,6.668928861618041992e-01,7.392398081719875336e-03
4.290698096156120300e-02,3.413252830505371094e+00,1.579635404050350189e-02
4.017086327075958252e-02,2.205453634262084961e+00,9.456625411985442042e-05
1.123987790197134018e-02,3.818577229976654053e-01,3.947616554796695709e-03
4.613275453448295593e-02,4.885950565338134766e+00,3.827142994850873947e-03
1.420747786760330200e-01,5.338448882102966309e-01,3.679584711790084839e-03
1.839269883930683136e-02,4.746745586395263672e+00,2.450684318318963051e-03
2.059738896787166595e-02,1.523385643959045410e+00,9.855473181232810020e-04
1.370386481285095215e-01,4.128574848175048828e+00,3.832314105238765478e-04
1.651945561170578003e-01,4.747600555419921875e+00,1.090189721435308456e-02
2.404525503516197205e-02,2.979004681110382080e-01,2.419165521860122681e-02
7.463683187961578369e-02,1.796353816986083984e+00,1.173701882362365723e-02
3.075251877307891846e-01,3.825193405151367188e+00,1.284083817154169083e-02
1.260631531476974487e-01,4.766055583953857422e+00,1.684620790183544159e-02
1.059246342629194260e-02,4.630810916423797607e-01,4.725701641291379929e-03
1.442325534299015999e-03,4.813331127166748047e+00,6.478735711425542831e-03
3.268794342875480652e-02,3.988637030124664307e-01,4.947243724018335342e-03
1.264140605926513672e-01,3.965985536575317383e+00,4.308473435230553150e-04
8.053300529718399048e-02,3.750588893890380859e-01,2.234523370862007141e-02
4.713047761470079422e-03,4.805981159210205078e+00,1.862397184595465660e-03
1.795811206102371216e-01,2.204834699630737305e+00,7.006760220974683762e-03
2.994208410382270813e-02,6.644532084465026855e-01,3.614458488300442696e-03
8.147644810378551483e-03,2.887559175491333008e+00,2.261142013594508171e-03
3.515591099858283997e-02,1.678733713924884796e-02,9.128946112468838692e-04
1.905013248324394226e-02,3.329036712646484375e+00,5.247991794021800160e-05
2.097803726792335510e-02,4.121311664581298828e+00,1.460784929804503918e-03
3.989604860544204712e-02,6.415622234344482422e-01,8.771058637648820877e-04
6.412352621555328369e-02,4.487670421600341797e+00,7.221646606922149658e-03
4.110100865364074707e-02,4.837256908416748047e+00,1.378542557358741760e-02
4.549097269773483276e-02,2.484673023223876953e+00,1.328586717136204243e-03
1.138508766889572144e-01,3.956586360931396484e+00,3.597818431444466114e-04
4.069365561008453369e-03,4.407720088958740234e+00,1.849545980803668499e-03
1.246159616857767105e-02,5.568945407867431641e-01,3.936966881155967712e-03
1.564950644969940186e-01,4.012439250946044922e+00,1.737162098288536072e-02
1.887782849371433258e-02,2.922384262084960938e+00,1.872381108114495873e-04
6.345700472593307495e-02,3.937207460403442383e+00,8.496626978740096092e-04
1.317291855812072754e-01,2.807726144790649414e+00,5.219422280788421631e-03
7.469688076525926590e-03,9.641587138175964355e-01,2.113174414262175560e-03
1.730514317750930786e-02,2.978863239288330078e+00,9.295345516875386238e-04
2.124155685305595398e-02,3.603482961654663086e+00,7.885043509304523468e-03
1.889016292989253998e-02,5.387359261512756348e-01,4.207353573292493820e-03
1.477311737835407257e-02,4.757462024688720703e+00,7.338996510952711105e-04
1.068360917270183563e-02,3.588734388351440430e+00,1.665277406573295593e-03
3.527929261326789856e-02,4.795963764190673828e+00,1.707773469388484955e-02
3.381806984543800354e-02,3.106230497360229492e-01,1.327460398897528648e-03
3.667628765106201172e-02,4.709563255310058594e-01,2.991662593558430672e-03
1.434588581323623657e-01,4.033726155757904053e-01,1.060350405168719590e-04
2.365949377417564392e-02,7.997202277183532715e-01,2.306669019162654877e-02
3.102014027535915375e-02,4.832796752452850342e-01,1.661488669924438000e-03
6.077768653631210327e-02,1.833602428436279297e+00,2.479970688000321388e-03
1.360979676246643066e-01,2.857800424098968506e-01,1.316605950705707073e-03
1.630263477563858032e-01,2.977948904037475586e+00,8.785394602455198765e-04
3.972370922565460205e-02,9.458026885986328125e-01,1.535383285954594612e-03
1.676151901483535767e-02,3.362603902816772461e+00,2.071006037294864655e-02
1.358328945934772491e-02,4.648654460906982422e+00,3.623418451752513647e-04
2.192611247301101685e-02,3.874565958976745605e-01,2.065056748688220978e-02
1.280864179134368896e-01,4.686400413513183594e+00,1.849720068275928497e-02
1.587466709315776825e-02,4.323599338531494141e+00,8.221171447075903416e-04
5.878137424588203430e-03,1.880522251129150391e+00,2.183369360864162445e-03
6.348719820380210876e-03,3.030947446823120117e+00,7.173723541200160980e-03
9.430283308029174805e-02,2.033840417861938477e+00,1.441994565539062023e-03
1.995059847831726074e-02,3.304932117462158203e+00,6.118851248174905777e-03
1.903418451547622681e-01,3.720461606979370117e+00,2.440751530230045319e-03
1.458396911621093750e-01,1.381977558135986328e+00,1.542822550982236862e-02
1.676417887210845947e-02,2.604995667934417725e-01,4.241350106894969940e-03
1.733879894018173218e-01,2.915879726409912109e+00,1.776877976953983307e-02
5.191587656736373901e-02,4.407564103603363037e-01,1.448077149689197540e-02
2.942219749093055725e-02,1.151354908943176270e+00,5.478391358337830752e-06
8.446441031992435455e-03,3.576396942138671875e+00,2.061820850940421224e-04
6.838554143905639648e-02,1.696340560913085938e+00,7.443905342370271683e-03
1.097109243273735046e-01,5.647403597831726074e-01,2.219491079449653625e-02
3.430185094475746155e-02,2.133308351039886475e-01,1.866595586761832237e-03
1.452238112688064575e-01,6.435817480087280273e-01,1.782909221947193146e-02
1.832598894834518433e-01,4.029771327972412109e+00,3.491271520033478737e-03
5.875107273459434509e-02,4.747359275817871094e+00,1.465085777454078197e-03
2.495736256241798401e-02,2.027650833129882812e+00,4.878431092947721481e-03
2.325188219547271729e-01,3.502126216888427734e+00,1.754867099225521088e-02
1.532928273081779480e-02,2.812227487564086914e+00,8.958450052887201309e-04
3.264323621988296509e-02,4.762519836425781250e+00,1.380810630507767200e-03
3.408480063080787659e-02,9.087876081466674805e-01,1.906372793018817902e-02
5.255175009369850159e-02,3.709397554397583008e+00,1.076375949196517467e-03
5.300294980406761169e-02,3.577050447463989258e+00,1.985840033739805222e-03
3.949453309178352356e-02,4.820099353790283203e+00,4.771576728671789169e-03
2.999684773385524750e-02,6.485484838485717773e-01,5.561284255236387253e-03
1.731548011302947998e-01,3.663628101348876953e+00,2.560968976467847824e-03
2.621235325932502747e-03,3.230562210083007812e+00,1.283121202141046524e-02
2.205229178071022034e-02,1.850586056709289551e+00,1.792662893421947956e-03
1.303733438253402710e-01,4.024349689483642578e+00,2.021782565861940384e-03
1.404430158436298370e-02,1.623833298683166504e+00,4.554591607302427292e-03
7.613578438758850098e-02,3.114444732666015625e+00,2.042262349277734756e-03
1.770790107548236847e-02,3.413919687271118164e+00,2.435477916151285172e-03
1.284362468868494034e-02,4.356256484985351562e+00,2.979169832542538643e-03
1.910171806812286377e-01,4.376792430877685547e+00,2.550216857343912125e-03
7.828319072723388672e-02,6.924542188644409180e-01,2.805243711918592453e-04
3.873012959957122803e-03,8.420474529266357422e-01,3.354772459715604782e-03
2.032385021448135376e-02,3.630464076995849609e-01,2.401957288384437561e-02
3.019668906927108765e-02,4.332233428955078125e+00,6.256630294956266880e-04
5.501277372241020203e-02,4.795357704162597656e+00,5.986448377370834351e-03
1.696934551000595093e-01,4.725880146026611328e+00,3.820896614342927933e-03
3.661371767520904541e-02,1.819681763648986816e+00,1.409073011018335819e-03
1.755059808492660522e-01,8.208094835281372070e-01,1.555914408527314663e-03
4.758205730468034744e-03,6.767578721046447754e-01,1.401121728122234344e-02
1.746894866228103638e-01,1.998910427093505859e+00,4.682283848524093628e-03
1.110544055700302124e-02,3.591933488845825195e+00,2.074057701975107193e-03
1.094749420881271362e-01,3.101173400878906250e+00,3.048443177249282598e-04
8.119057863950729370e-02,5.090836286544799805e-01,1.796431094408035278e-02
1.240117996931076050e-01,4.919791221618652344e+00,1.389668229967355728e-02
7.839506864547729492e-02,4.767973899841308594e+00,1.195774180814623833e-03
2.867603674530982971e-02,3.953544855117797852e+00,1.492119277827441692e-03
1.011524721980094910e-02,9.765270948410034180e-01,1.781501225195825100e-03
7.928841561079025269e-02,3.425580501556396484e+00,2.430408960208296776e-03
2.006528526544570923e-01,3.359629154205322266e+00,1.774358935654163361e-02
3.012489154934883118e-02,5.397984385490417480e-01,2.899400424212217331e-03
1.969979330897331238e-02,2.006373882293701172e+00,9.519806131720542908e-03
1.965110749006271362e-01,4.352133274078369141e+00,1.155858673155307770e-02
4.048918187618255615e-02,2.608009576797485352e-01,3.969734534621238708e-03
1.441310793161392212e-01,5.574250817298889160e-01,2.765870885923504829e-03
1.348821222782135010e-01,5.427460074424743652e-01,4.486802499741315842e-03
1.403901539742946625e-02,4.786288261413574219e+00,8.371545933187007904e-03
1.812712401151657104e-01,1.637065529823303223e+00,2.850965131074190140e-03
5.873552337288856506e-02,5.216776728630065918e-01,4.482553049456328154e-04
2.264836244285106659e-02,3.607927083969116211e+00,1.991528458893299103e-02
7.532038539648056030e-02,4.610378265380859375e+00,3.856889961753040552e-04
3.782610595226287842e-02,4.257492065429687500e+00,7.330650929361581802e-03
1.464999467134475708e-01,2.072008609771728516e+00,1.804085634648799896e-02
1.342494320124387741e-02,7.913516759872436523e-01,2.954184310510754585e-03
1.349919885396957397e-01,4.352069377899169922e+00,2.814971667248755693e-04
1.794022135436534882e-02,6.569408774375915527e-01,8.411532267928123474e-03
9.855023771524429321e-02,3.255486488342285156e+00,1.883716695010662079e-02
1.880111545324325562e-01,9.895868897438049316e-01,5.290129687637090683e-03
5.171351134777069092e-02,1.916634798049926758e+00,6.162422709167003632e-03
1.314176432788372040e-02,3.142122507095336914e+00,1.453924109227955341e-03
3.182341344654560089e-03,4.716029644012451172e+00,9.356273803859949112e-04
3.062795381993055344e-03,3.405598640441894531e+00,1.533079193904995918e-03
1.447475403547286987e-01,3.547917127609252930e+00,1.258750096894800663e-03
1.189592946320772171e-02,1.530464291572570801e+00,2.608482353389263153e-02
1.615941822528839111e-01,1.716316103935241699e+00,1.447780174203217030e-03
1.022048946470022202e-02,3.105196237564086914e+00,7.169524906203150749e-04
1.295031793415546417e-02,3.075420141220092773e+00,1.540605589980259538e-04
1.575290970504283905e-02,1.570838212966918945e+00,1.002069469541311264e-02
1.738492697477340698e-01,3.809127569198608398e+00,7.638106588274240494e-03
8.516796678304672241e-02,3.558486461639404297e+00,2.116589434444904327e-02
2.791218645870685577e-02,4.427769482135772705e-01,2.781230956315994263e-03
3.552173729985952377e-03,5.000301599502563477e-01,3.434797981753945351e-03
1.750485301017761230e-01,2.828826189041137695e+00,1.884582079946994781e-02
8.493567816913127899e-03,1.022061347961425781e+00,2.624815097078680992e-03
1.499272286891937256e-01,4.850080013275146484e+00,1.659773476421833038e-02
1.423263829201459885e-02,6.054375171661376953e-01,3.813267685472965240e-03
1.027404293417930603e-01,3.242019176483154297e+00,1.022206386551260948e-03
2.109879255294799805e-02,4.830731749534606934e-01,3.710714401677250862e-03
1.388166993856430054e-01,4.979249536991119385e-01,8.132083341479301453e-03
9.327770769596099854e-02,3.351342678070068359e+00,8.688626810908317566e-03
1.051163524389266968e-01,6.601655483245849609e-01,1.457405742257833481e-03
4.521325172390788794e-04,4.768489837646484375e+00,7.586292340420186520e-04
1.182820927351713181e-02,8.457505106925964355e-01,3.153864061459898949e-03
1.483888179063796997e-01,4.784526348114013672e+00,8.975858218036592007e-04
1.551105454564094543e-02,6.116220355033874512e-01,2.885883674025535583e-03
4.534105584025382996e-02,3.289329290390014648e+00,2.218062430620193481e-02
1.486451178789138794e-01,3.002395391464233398e+00,2.154252119362354279e-02
1.792892441153526306e-02,3.231970310211181641e+00,1.898953923955559731e-03
2.210056036710739136e-02,2.237126588821411133e+00,6.933493423275649548e-04
3.026572242379188538e-02,2.702467679977416992e+00,3.281914905528537929e-05
5.082030221819877625e-02,1.993814110755920410e+00,2.098531229421496391e-03
1.007223129272460938e-02,4.779632568359375000e+00,1.882109092548489571e-03
3.890464454889297485e-02,5.697697997093200684e-01,3.536788281053304672e-03
6.057801656424999237e-03,1.482837080955505371e+00,2.172873355448246002e-03
4.120566323399543762e-02,5.642057061195373535e-01,5.463850684463977814e-03
9.709688834846019745e-03,4.955901205539703369e-01,1.571709662675857544e-02
1.760966032743453979e-01,4.349967956542968750e+00,6.033040117472410202e-03
1.987507008016109467e-02,2.719515562057495117e+00,7.680500275455415249e-04
1.243848167359828949e-02,4.690621376037597656e+00,1.709206961095333099e-03
9.313121438026428223e-02,5.202314853668212891e-01,8.317427127622067928e-04
1.501457244157791138e-01,3.768825769424438477e+00,1.662154216319322586e-03
9.223793447017669678e-02,4.185899257659912109e+00,4.716024850495159626e-04
7.483304291963577271e-02,3.458070516586303711e+00,6.195241585373878479e-03
1.951924711465835571e-01,5.801395773887634277e-01,1.097470289096236229e-03
1.585452444851398468e-02,2.018415451049804688e+00,1.379581866785883904e-03
7.171030621975660324e-03,7.729508876800537109e-01,4.268844611942768097e-03
6.747091189026832581e-03,8.307676315307617188e-01,3.678765613585710526e-03
7.689683884382247925e-02,5.545900464057922363e-01,6.948341615498065948e-04
1.638774126768112183e-01,4.941516399383544922e+00,1.693811081349849701e-02
1.479830890893936157e-01,4.711983203887939453e+00,4.238739144057035446e-03
3.746290877461433411e-02,9.255797266960144043e-01,1.515517669758992270e-05
5.156908929347991943e-02,1.130097031593322754e+00,2.350588329136371613e-04
9.794200770556926727e-03,1.714937567710876465e+00,3.341767704114317894e-03
1.962153613567352295e-02,8.201276510953903198e-02,2.637517824769020081e-02
2.410692721605300903e-02,5.007380247116088867e-01,1.340260379947721958e-03
2.618180960416793823e-02,2.450026571750640869e-01,8.042739704251289368e-03
3.094689175486564636e-02,5.177823901176452637e-01,2.145225415006279945e-03
5.969513952732086182e-02,6.575092673301696777e-01,9.140670299530029297e-03
9.063290804624557495e-02,3.173226356506347656e+00,1.851256005465984344e-02
1.531898602843284607e-02,4.220271110534667969e+00,2.836629282683134079e-03
1.594736278057098389e-01,4.788054943084716797e+00,8.302886039018630981e-03
1.638086587190628052e-01,3.234484910964965820e+00,1.667258888483047485e-02
6.288466602563858032e-02,1.032064080238342285e+00,2.170364605262875557e-04
5.239706486463546753e-02,4.739949226379394531e+00,2.375983633100986481e-03
8.636473864316940308e-02,2.342126369476318359e+00,6.008208263665437698e-03
6.954569369554519653e-02,1.951429843902587891e+00,2.698594238609075546e-03
1.527168303728103638e-01,4.736489295959472656e+00,4.861278925091028214e-03
2.008538693189620972e-01,4.837671756744384766e+00,2.991816261783242226e-03
6.347966939210891724e-02,5.089322924613952637e-01,5.776375182904303074e-04
1.158971190452575684e-01,1.517830848693847656e+00,3.784237429499626160e-02
1.472699176520109177e-02,7.489385604858398438e-01,1.247793319635093212e-03
1.277039349079132080e-01,6.001354455947875977e-01,2.179990336298942566e-02
9.151270985603332520e-02,1.071804404258728027e+00,3.920377930626273155e-04
4.192318022251129150e-02,4.471120834350585938e+00,8.454130729660391808e-04
9.157338738441467285e-02,4.834915637969970703e+00,2.976302523165941238e-03
9.172893315553665161e-02,4.733608722686767578e+00,5.962231080047786236e-04
1.291231811046600342e-01,3.066889286041259766e+00,1.431416720151901245e-02
2.434280700981616974e-03,4.862694740295410156e+00,1.831451989710330963e-02
7.751899305731058121e-03,1.871361017227172852e+00,2.515605650842189789e-03
3.720564022660255432e-02,5.020671486854553223e-01,3.530234680511057377e-04
3.199056908488273621e-02,4.712544918060302734e+00,1.249790075235068798e-04
1.374515984207391739e-02,4.708084106445312500e+00,4.755858331918716431e-03
5.175842717289924622e-02,3.970198154449462891e+00,9.628145489841699600e-04
1.022878810763359070e-01,2.603933572769165039e+00,1.088576857000589371e-02
4.030796140432357788e-02,4.754969596862792969e+00,6.533621926791965961e-04
1.580388695001602173e-01,5.433968305587768555e-01,1.579287089407444000e-02
1.471103578805923462e-01,4.713303089141845703e+00,4.119033692404627800e-04
1.718904525041580200e-01,3.170512437820434570e+00,3.566074592527002096e-04
5.177822709083557129e-02,6.774228811264038086e-01,1.178571023046970367e-03
1.739965230226516724e-01,2.918692350387573242e+00,2.756245434284210205e-03
1.321794539690017700e-01,4.096679210662841797e+00,7.234548684209585190e-05
5.725052952766418457e-02,2.906968832015991211e+00,5.154654383659362793e-03
1.322110593318939209e-01,4.764569282531738281e+00,1.901775039732456207e-02
1.123190671205520630e-01,8.324072957038879395e-01,2.973333001136779785e-03
1.518050674349069595e-02,2.736853122711181641e+00,1.077430695295333862e-02
1.439434587955474854e-01,4.727900505065917969e+00,1.761292666196823120e-02
1.540612336248159409e-02,3.496823787689208984e+00,3.892217995598912239e-03
6.267732940614223480e-03,4.666398048400878906e+00,1.322325039654970169e-02
1.574488133192062378e-01,4.946184635162353516e+00,6.502390169771388173e-05
1.584522984921932220e-02,4.402699470520019531e-01,3.262817393988370895e-03
1.567216590046882629e-02,4.493134021759033203e+00,3.958470653742551804e-03
6.810426712036132812e-02,4.027473926544189453e+00,4.713669419288635254e-03
7.163315266370773315e-02,6.782974600791931152e-01,8.925221860408782959e-03
3.325267881155014038e-02,4.486914575099945068e-01,1.211902126669883728e-03
3.820167481899261475e-02,3.542831897735595703e+00,3.448161063715815544e-03
1.582369506359100342e-01,2.957934141159057617e+00,1.385536417365074158e-02
3.137318044900894165e-02,5.554869174957275391e-01,6.954638753086328506e-03
2.422858215868473053e-02,4.957075119018554688e-01,3.585684113204479218e-03
1.121987253427505493e-01,3.259537458419799805e+00,6.692341528832912445e-03
2.101196534931659698e-02,4.741077899932861328e+00,8.181235170923173428e-04
1.353291422128677368e-02,4.662653446197509766e+00,1.349312532693147659e-02
4.120441898703575134e-02,5.642730593681335449e-01,1.244926126673817635e-03
1.758787930011749268e-01,5.520047545433044434e-01,1.508672256022691727e-02
3.820222616195678711e-02,3.551812648773193359e+00,4.389881214592605829e-04
3.399393334984779358e-02,6.035655140876770020e-01,1.819460839033126831e-02
1.093412339687347412e-01,4.437748908996582031e+00,1.614937745034694672e-02
1.779714599251747131e-02,6.109131574630737305e-01,1.746685244143009186e-02
1.838653236627578735e-01,3.016761064529418945e+00,9.342552162706851959e-03
2.019749432802200317e-01,1.836280822753906250e+00,2.594914520159363747e-03
3.810638189315795898e-02,5.274837017059326172e-01,7.545178756117820740e-03
2.056415192782878876e-02,4.649405956268310547e+00,7.815667777322232723e-04
2.485706098377704620e-02,5.320244431495666504e-01,1.659235800616443157e-03
2.844015881419181824e-02,4.910365045070648193e-01,1.753648510202765465e-03
1.521833986043930054e-02,3.630587100982666016e+00,2.393596369074657559e-04
8.454477041959762573e-02,3.624716043472290039e+00,1.873696967959403992e-02
1.531262248754501343e-01,4.082588672637939453e+00,3.997075371444225311e-03
1.376587003469467163e-01,4.749521732330322266e+00,1.186194643378257751e-02
3.502108454704284668e-01,2.209789276123046875e+00,2.113645337522029877e-02
7.333271205425262451e-02,6.249830722808837891e-01,2.859049662947654724e-02
6.659232079982757568e-02,1.000204589217901230e-02,1.488407328724861145e-02
9.156978875398635864e-02,3.153775453567504883e+00,2.324041165411472321e-02
3.830760717391967773e-02,5.358269214630126953e-01,4.076896235346794128e-03
2.084771171212196350e-02,3.001066923141479492e+00,3.363681258633732796e-03
9.209354966878890991e-02,4.936376094818115234e+00,1.508467458188533783e-02
1.348712444305419922e-01,4.680528640747070312e+00,3.679385036230087280e-02
3.849528729915618896e-02,2.913151502609252930e+00,6.401014397852122784e-04
9.353231638669967651e-02,1.647282719612121582e+00,1.830950193107128143e-02
6.192066241055727005e-03,5.798926353454589844e-01,6.199337542057037354e-03
3.123121149837970734e-02,5.630131363868713379e-01,3.905273973941802979e-03
9.526939690113067627e-02,3.441859483718872070e+00,1.405939646065235138e-02
1.132710501551628113e-01,7.384811043739318848e-01,8.297869004309177399e-03
4.061294347047805786e-02,6.645227670669555664e-01,1.121431821957230568e-03
3.425140306353569031e-02,2.829319953918457031e+00,6.012918893247842789e-04
1.478081941604614258e-01,4.715621948242187500e+00,2.513506449759006500e-03
5.004947260022163391e-02,2.866199910640716553e-01,2.255766186863183975e-03
4.602132737636566162e-02,3.647344827651977539e+00,2.277628518640995026e-03
1.675677895545959473e-01,6.440123319625854492e-01,1.722078584134578705e-02
5.343200266361236572e-02,3.484631776809692383e+00,4.143302328884601593e-03
8.959002792835235596e-03,3.236469507217407227e+00,3.731501521542668343e-03
6.194885820150375366e-02,7.323957681655883789e-01,1.153687830083072186e-03
4.471357539296150208e-02,6.933025717735290527e-01,4.778488655574619770e-04
1.866148859262466431e-01,9.930236339569091797e-01,4.422137048095464706e-03
1.858704909682273865e-02,4.736412167549133301e-01,2.752763684839010239e-03
1.503953896462917328e-02,1.418259978294372559e+00,6.321654072962701321e-04
6.840931717306375504e-03,1.085394859313964844e+00,1.554383523762226105e-02
1.955049857497215271e-02,3.814994812011718750e+00,3.693050239235162735e-04
4.030675441026687622e-02,3.726954460144042969e+00,2.622050466015934944e-03
2.215228276327252388e-03,3.953235149383544922e+00,1.647255034185945988e-03
2.774468436837196350e-02,2.636016130447387695e+00,1.749962102621793747e-03
1.838884055614471436e-01,3.761094093322753906e+00,1.736691035330295563e-02
1.952869817614555359e-02,3.191633701324462891e+00,4.108281573280692101e-04
1.493323296308517456e-01,4.605511188507080078e+00,8.645567111670970917e-03
2.031737565994262695e-01,4.927707672119140625e+00,1.113511249423027039e-02
1.884580031037330627e-02,4.674599647521972656e+00,7.332340464927256107e-04
1.505046337842941284e-01,3.798568010330200195e+00,1.848265994340181351e-03
2.265606820583343506e-02,3.340535402297973633e+00,7.599604432471096516e-04
1.580563490279018879e-03,2.032354027032852173e-01,2.078619599342346191e-02
1.876449435949325562e-01,2.996321916580200195e+00,2.055620588362216949e-02
1.647416949272155762e-01,5.262120962142944336e-01,1.861265674233436584e-02
4.367459937930107117e-02,1.430257320404052734e+00,4.723704769276082516e-04
3.328508511185646057e-02,6.774140000343322754e-01,5.255927797406911850e-03
2.484213560819625854e-02,4.217061996459960938e+00,2.106364700011909008e-04
3.008094429969787598e-02,4.845811843872070312e+00,1.818109158193692565e-04
1.131119020283222198e-02,8.090648055076599121e-01,1.655139843933284283e-03
1.690571755170822144e-01,4.746404647827148438e+00,1.722201518714427948e-02
2.536129578948020935e-02,5.037436485290527344e-01,1.886051497422158718e-03
2.997435443103313446e-02,8.309080004692077637e-01,8.442866965197026730e-05
1.632061600685119629e-02,1.776164770126342773e+00,1.991687156260013580e-02
1.407400816679000854e-01,4.645256519317626953e+00,2.735458314418792725e-03
2.416390180587768555e-02,6.173139810562133789e-01,3.596794558688998222e-04
3.652758151292800903e-02,2.950393438339233398e+00,1.848470792174339294e-02
1.796095259487628937e-02,3.027301311492919922e+00,1.207862421870231628e-02
1.222956627607345581e-01,4.775466322898864746e-01,2.735089510679244995e-02
1.681054756045341492e-02,3.194732427597045898e+00,1.064292737282812595e-03
1.098330318927764893e-02,3.992256402969360352e+00,1.882109092548489571e-03
3.476642072200775146e-02,4.018445014953613281e+00,6.272553466260433197e-03
1.685155928134918213e-01,1.699482798576354980e+00,2.088158018887042999e-02
5.185292288661003113e-02,4.914299488067626953e+00,2.095735631883144379e-02
4.721751064062118530e-02,3.114471435546875000e+00,5.924854776822030544e-04
9.399906266480684280e-04,3.172309398651123047e+00,9.842622093856334686e-03
1.791429519653320312e-01,3.832778453826904297e+00,2.070949785411357880e-02
6.267594639211893082e-03,8.554071187973022461e-01,2.937953919172286987e-03
1.828520447015762329e-01,3.085541009902954102e+00,2.305788453668355942e-03
9.141742251813411713e-03,3.433446168899536133e+00,1.781757237040437758e-05
5.092257261276245117e-02,3.917243719100952148e+00,1.454533450305461884e-02
3.713740408420562744e-02,2.867956161499023438e+00,1.018724869936704636e-03
7.349758595228195190e-02,6.847881674766540527e-01,5.527144297957420349e-02
2.838549949228763580e-02,4.829771995544433594e+00,3.802106075454503298e-04
5.697028711438179016e-02,6.132428646087646484e-01,4.326700698584318161e-03
2.474822662770748138e-02,2.154735565185546875e+00,3.799546102527529001e-04
4.055777788162231445e-01,4.756865024566650391e+00,5.368511378765106201e-02
2.871839515864849091e-02,9.109310507774353027e-01,1.984508999157696962e-04
3.110009059309959412e-02,5.447871088981628418e-01,1.663434202782809734e-03
5.400962382555007935e-02,3.891968488693237305e+00,1.223114901222288609e-03
1.510583460330963135e-01,4.388398647308349609e+00,1.724674552679061890e-02
1.473459303379058838e-01,4.190891742706298828e+00,8.344307541847229004e-03
1.966016367077827454e-02,1.911792039871215820e+00,1.579363946802914143e-03
2.018924057483673096e-02,8.727694749832153320e-01,2.208457328379154205e-03
1.175337284803390503e-02,3.386604547500610352e+00,2.614918164908885956e-02
1.340698748826980591e-01,1.645031213760375977e+00,2.754555680439807475e-05
6.854008883237838745e-02,6.141587495803833008e-01,1.469130511395633221e-03
5.128653347492218018e-02,7.251287698745727539e-01,1.340925955446437001e-04
8.038381487131118774e-02,4.236355304718017578e+00,1.478704973123967648e-03
1.973078586161136627e-02,1.100715756416320801e+00,3.781575011089444160e-03
7.900464534759521484e-02,3.966607570648193359e+00,6.636380217969417572e-03
2.245690673589706421e-01,2.811866760253906250e+00,1.447862107306718826e-02
1.678615435957908630e-02,3.528209447860717773e+00,2.302501350641250610e-02
1.300280075520277023e-02,2.062747240066528320e+00,1.435645739547908306e-03
5.679608136415481567e-02,3.843186140060424805e+00,1.842173223849385977e-04
3.219604492187500000e-02,5.545991659164428711e-01,3.593364031985402107e-03
4.445396363735198975e-02,1.587679028511047363e+00,4.849297925829887390e-03
5.050291866064071655e-02,1.238699316978454590e+00,1.933769881725311279e-02
7.939510978758335114e-03,5.565700531005859375e-01,3.640365554019808769e-03
3.408352285623550415e-02,5.224198102951049805e-01,5.034436937421560287e-03
6.822128593921661377e-02,3.296203851699829102e+00,5.812471266835927963e-03
4.185542836785316467e-02,3.255265235900878906e+00,8.461913093924522400e-03
6.003349646925926208e-02,4.663711071014404297e+00,4.377188906073570251e-02
3.455583378672599792e-02,3.933841705322265625e+00,3.399674897082149982e-04
9.202095866203308105e-02,5.257859453558921814e-02,8.923634304665029049e-04
2.788012288510799408e-02,3.162032842636108398e+00,7.857805117964744568e-03
1.693890988826751709e-01,4.725426197052001953e+00,1.499149017035961151e-02
1.497821137309074402e-02,3.001679658889770508e+00,1.288343570195138454e-03
1.942552858963608742e-03,4.571181774139404297e+00,1.803553104400634766e-02
1.652213037014007568e-01,1.442338705062866211e+00,8.611314697191119194e-04
6.629531830549240112e-02,3.090760469436645508e+00,1.562355365604162216e-02
1.665933877229690552e-01,4.711263656616210938e+00,3.265019040554761887e-04
2.003689259290695190e-01,4.962565898895263672e+00,5.367287667468190193e-04
2.712822705507278442e-02,4.091825008392333984e+00,2.176165580749511719e-02
3.192875906825065613e-02,4.031942486763000488e-01,2.742626238614320755e-03
9.761550463736057281e-03,3.146649837493896484e+00,2.276809187605977058e-03
1.069793328642845154e-01,4.985834360122680664e-01,7.048693369142711163e-04
1.324355751276016235e-01,4.640685558319091797e+00,2.152869664132595062e-02
1.279506981372833252e-01,5.600912570953369141e-01,2.031674236059188843e-02
1.097642704844474792e-01,4.850481510162353516e+00,1.093220664188265800e-03
3.181242570281028748e-02,2.310183048248291016e+00,1.367483381181955338e-02
2.314247563481330872e-02,1.289664506912231445e+00,1.155838253907859325e-03
2.395604401826858521e-01,3.929225921630859375e+00,1.699407398700714111e-02
1.528188139200210571e-01,4.694689273834228516e+00,1.268902979791164398e-02
6.074227392673492432e-02,4.740849971771240234e+00,3.518356243148446083e-03
1.056814007461071014e-02,3.455425500869750977e+00,1.712248288094997406e-02
1.453955378383398056e-02,4.774481296539306641e+00,7.221748819574713707e-04
2.175919115543365479e-01,3.990845680236816406e-01,2.328828442841768265e-03
6.325995922088623047e-02,4.676391124725341797e+00,4.122105601709336042e-04
2.110763490200042725e-01,4.899926185607910156e+00,1.936022657901048660e-03
3.026309714186936617e-04,4.788768768310546875e+00,1.549565582536160946e-03
1.236554421484470367e-02,1.360401391983032227e+00,6.796789821237325668e-04
4.679651185870170593e-02,4.742059707641601562e+00,5.038072122260928154e-04
1.323665082454681396e-01,3.637225151062011719e+00,3.815162228420376778e-03
1.633595675230026245e-02,6.169747114181518555e-01,2.184035023674368858e-03
4.643673077225685120e-02,5.496779680252075195e-01,2.020912012085318565e-03
8.368062227964401245e-02,9.128373265266418457e-01,1.801592111587524414e-02
1.176104992628097534e-01,6.065567731857299805e-01,2.314518019556999207e-02
1.908689551055431366e-02,5.594329237937927246e-01,2.162894606590270996e-02
3.039863891899585724e-02,4.834325790405273438e+00,5.620215088129043579e-04
7.813949137926101685e-02,4.787362575531005859e+00,1.168587012216448784e-03
1.701270416378974915e-02,2.926081180572509766e+00,9.086962090805172920e-04
9.625834412872791290e-03,1.584156394004821777e+00,4.833528771996498108e-03
1.368879079818725586e-01,4.724349021911621094e+00,3.589012194424867630e-03
1.134697794914245605e-01,6.097152829170227051e-01,2.293500583618879318e-03
1.661432534456253052e-01,1.836100935935974121e+00,2.751048654317855835e-02
1.244504563510417938e-02,3.370469570159912109e+00,2.312444383278489113e-03
2.286036685109138489e-02,3.081272602081298828e+00,1.267658895812928677e-03
8.124927431344985962e-02,4.453507423400878906e+00,1.583833806216716766e-02
2.425951361656188965e-01,5.169156789779663086e-01,1.471664942800998688e-02
4.037993401288986206e-02,4.733008384704589844e+00,2.978811389766633511e-04
1.290229558944702148e-01,5.065125226974487305e-01,5.465591675601899624e-04
1.098679285496473312e-02,3.233791828155517578e+00,5.728913005441427231e-03
5.721939727663993835e-02,4.738993167877197266e+00,1.299925055354833603e-02
1.128584370017051697e-01,2.519703626632690430e+00,1.736957347020506859e-03
1.685598790645599365e-01,3.028978347778320312e+00,1.738677732646465302e-02
2.663121521472930908e-01,4.036347866058349609e+00,1.419082656502723694e-02
1.804204285144805908e-02,4.979940056800842285e-01,4.453113302588462830e-03
2.025228887796401978e-01,3.420989036560058594e+00,1.323098130524158478e-02
3.483127057552337646e-02,3.314400911331176758e+00,7.402945309877395630e-03
5.723729729652404785e-02,4.211368560791015625e+00,2.677243901416659355e-04
7.599522918462753296e-02,5.071593523025512695e-01,2.293654158711433411e-02
1.483258903026580811e-01,2.699380218982696533e-01,1.379525568336248398e-02
1.065088212490081787e-01,5.537540316581726074e-01,1.715197322482708842e-05
5.823795869946479797e-02,9.330970644950866699e-01,1.237143645994365215e-03
2.064206451177597046e-02,4.272086620330810547e+00,7.760372245684266090e-04
8.414031937718391418e-03,1.335922360420227051e+00,1.797168399207293987e-03
1.350817549973726273e-02,1.750957727432250977e+00,7.605697028338909149e-03
4.134935885667800903e-02,3.296726226806640625e+00,3.546720836311578751e-03
1.589941233396530151e-01,4.637440681457519531e+00,2.320022089406847954e-03
4.277199134230613708e-02,1.994403243064880371e+00,1.033726381137967110e-03
5.004968121647834778e-02,4.804094314575195312e+00,1.154476311057806015e-02
3.872622549533843994e-02,1.818764090538024902e+00,6.929192692041397095e-03
1.299655735492706299e-01,4.773005962371826172e+00,1.125374255934730172e-04
1.140898317098617554e-01,1.816074848175048828e+00,5.856758798472583294e-04
2.434747107326984406e-02,1.022670269012451172e-01,2.729109488427639008e-03
2.708780206739902496e-02,5.647732615470886230e-01,1.047576032578945160e-02
2.504826523363590240e-02,6.300240159034729004e-01,8.796299807727336884e-03
8.909698575735092163e-02,5.047146677970886230e-01,4.214470274746417999e-03
1.590476185083389282e-02,4.705053329467773438e+00,1.499471627175807953e-02
2.733822725713253021e-02,4.852717399597167969e+00,1.508759334683418274e-03
1.004863344132900238e-02,1.658991813659667969e+00,1.166462246328592300e-02
1.466269255615770817e-03,3.128161728382110596e-01,3.732371842488646507e-03
3.088469989597797394e-02,4.840554714202880859e+00,1.089534343918785453e-04
1.136421263217926025e-01,1.884654879570007324e+00,5.976413376629352570e-03
7.251112163066864014e-02,1.794926524162292480e+00,6.455286056734621525e-04
1.778532937169075012e-02,4.753535747528076172e+00,3.863034071400761604e-03
1.668453961610794067e-01,3.325462639331817627e-01,1.661386224441230297e-03
3.016828745603561401e-02,6.018353700637817383e-01,2.825621282681822777e-03
1.612665355205535889e-01,3.614162921905517578e+00,1.920411735773086548e-02
4.389098845422267914e-03,4.843958318233489990e-01,2.575816819444298744e-03
8.562804758548736572e-02,3.467562913894653320e+00,1.089892722666263580e-02
3.208167850971221924e-02,6.130603551864624023e-01,1.075756456702947617e-02
2.167033217847347260e-02,3.937983036041259766e+00,4.897374659776687622e-03
5.538243427872657776e-02,2.995661020278930664e+00,7.006555795669555664e-03
7.644950598478317261e-02,3.504118680953979492e+00,7.357531227171421051e-03
1.085384096950292587e-02,4.880179405212402344e+00,3.871738153975456953e-04
1.893431879580020905e-02,9.714336991310119629e-01,1.156350248493254185e-03
2.783133648335933685e-02,6.308319568634033203e-01,1.953010819852352142e-02
3.756175562739372253e-02,4.785589218139648438e+00,4.520953007158823311e-05
1.416824162006378174e-01,1.507369995117187500e+00,3.810666874051094055e-02
1.316401455551385880e-02,1.045679688453674316e+00,4.084064159542322159e-03
1.468522399663925171e-01,3.364695549011230469e+00,6.236560177057981491e-03
7.056491076946258545e-02,3.342695236206054688e+00,7.588340085931122303e-04
1.662011593580245972e-01,4.813306331634521484e+00,5.307383835315704346e-03
2.391351200640201569e-02,2.445019006729125977e+00,3.871225926559418440e-04
2.986503578722476959e-02,1.146442890167236328e+00,1.089375652372837067e-02
1.041364222764968872e-01,4.209863185882568359e+00,4.791913181543350220e-02
4.015434905886650085e-02,1.647205591201782227e+00,1.724054920487105846e-03
1.072263047099113464e-01,2.095555067062377930e+00,1.299172360450029373e-02
8.833161741495132446e-02,3.499894857406616211e+00,2.182406932115554810e-02
2.356852171942591667e-03,2.013310194015502930e+00,1.684784656390547752e-03
5.143952369689941406e-02,1.244333028793334961e+00,4.659346304833889008e-03
9.067741036415100098e-02,7.797250151634216309e-02,1.479319296777248383e-03
1.734137535095214844e-01,3.806517601013183594e+00,2.232377976179122925e-02
8.016486465930938721e-02,4.765392303466796875e+00,3.162414301186800003e-03
1.124588958919048309e-02,3.173257827758789062e+00,1.759536564350128174e-02
4.047688096761703491e-02,2.793504953384399414e+00,2.992635418195277452e-04
8.354780822992324829e-02,4.792099475860595703e+00,5.049848114140331745e-04
1.795118451118469238e-01,1.716001272201538086e+00,1.106921862810850143e-02
1.242673397064208984e-02,2.676451921463012695e+00,8.367603295482695103e-04
8.998522162437438965e-02,9.627577662467956543e-01,2.914145821705460548e-03
1.978817433118820190e-01,6.794276833534240723e-01,1.243185251951217651e-03
1.038944274187088013e-01,4.927055835723876953e+00,4.340375959873199463e-02
1.467751525342464447e-02,2.705271959304809570e+00,1.169339660555124283e-02
1.468957364559173584e-01,4.312642097473144531e+00,1.094142353395000100e-04
1.580990552902221680e-01,2.094928503036499023e+00,1.803568447940051556e-03
5.014158412814140320e-02,4.257047176361083984e+00,4.959480371326208115e-03
3.857928141951560974e-02,1.546923160552978516e+00,1.045348821207880974e-03
6.346536427736282349e-02,3.137659549713134766e+00,5.840400606393814087e-02
6.549595296382904053e-02,4.890150547027587891e+00,1.399191445671021938e-03
1.199319362640380859e-01,4.668782711029052734e+00,9.755581617355346680e-03
1.589405164122581482e-02,1.543890237808227539e+00,2.261408418416976929e-02
2.377313189208507538e-02,4.698177337646484375e+00,8.183283498510718346e-04
5.044746398925781250e-02,2.835443735122680664e+00,1.218204852193593979e-02
1.148922443389892578e-01,4.775276660919189453e+00,5.329911800799891353e-05
4.154063388705253601e-02,5.242642164230346680e-01,1.475504972040653229e-02
1.697438769042491913e-02,2.202574253082275391e+00,1.934461109340190887e-02
7.951779663562774658e-02,4.790699005126953125e+00,9.313675574958324432e-03
1.171626150608062744e-01,4.676941871643066406e+00,7.894874550402164459e-03
3.035261332988739014e-01,3.420877933502197266e+00,1.684764213860034943e-02
1.036822497844696045e-01,6.601065993309020996e-01,9.582577273249626160e-03
1.723062992095947266e-01,6.611639857292175293e-01,2.707569673657417297e-02
1.471440792083740234e-01,1.573907017707824707e+00,1.976931281387805939e-02
6.466227583587169647e-03,2.062837839126586914e+00,1.127627096138894558e-03
2.678358182311058044e-02,3.591770887374877930e+00,7.518708589486777782e-04
2.267445474863052368e-01,3.387974262237548828e+00,4.603512957692146301e-02
2.761580348014831543e-01,4.780006885528564453e+00,2.256656996905803680e-02
5.689672753214836121e-02,1.723090529441833496e+00,1.054477784782648087e-02
1.326034963130950928e-01,2.073454618453979492e+00,1.492989715188741684e-02
2.330966666340827942e-02,3.548219442367553711e+00,2.030435251072049141e-03
1.707517206668853760e-01,4.800762653350830078e+00,1.357028353959321976e-02
4.556677490472793579e-02,1.590064883232116699e+00,2.949627581983804703e-03
5.553805083036422729e-02,1.586710333824157715e+00,4.405906889587640762e-03
2.722863294184207916e-02,4.732245445251464844e+00,8.609266951680183411e-04
1.800962686538696289e-01,4.650669097900390625e+00,1.059858873486518860e-02
1.359891742467880249e-01,4.832730770111083984e+00,7.253800053149461746e-03
2.343812584877014160e-02,2.845191478729248047e+00,6.540943402796983719e-03
1.116771474480628967e-01,4.790224075317382812e+00,6.275522988289594650e-03
1.786873675882816315e-02,6.325250267982482910e-01,1.873061992228031158e-02
7.130947709083557129e-02,1.676592826843261719e+00,3.041787422262132168e-04
2.185030840337276459e-02,1.770560026168823242e+00,2.933294745162129402e-03
2.316956222057342529e-02,2.781711101531982422e+00,4.233158193528652191e-03
5.788108333945274353e-02,7.003751993179321289e-01,5.638647126033902168e-04
2.779609523713588715e-02,2.057434797286987305e+00,7.822836050763726234e-04
6.277345120906829834e-02,7.479401230812072754e-01,7.025090046226978302e-03
2.584169246256351471e-02,4.766096591949462891e+00,1.356285880319774151e-03
1.434730589389801025e-01,2.723687171936035156e+00,4.848786164075136185e-03
5.888042971491813660e-02,5.061938166618347168e-01,3.949305973947048187e-03
6.509298831224441528e-02,8.435649424791336060e-02,3.130312077701091766e-03
8.769284002482891083e-03,3.337388038635253906e+00,1.139147090725600719e-03
4.172243922948837280e-02,2.382262796163558960e-01,2.259555039927363396e-03
7.143662869930267334e-02,3.105854272842407227e+00,5.905547365546226501e-02
1.679705828428268433e-01,3.451913118362426758e+00,1.176087837666273117e-02
1.420513540506362915e-02,4.618408203125000000e+00,1.271396409720182419e-03
1.170576512813568115e-01,1.112122654914855957e+00,8.582642767578363419e-04
3.302695602178573608e-02,4.995071887969970703e-01,2.395081100985407829e-03
2.323607355356216431e-02,1.833516597747802734e+00,8.822361007332801819e-03
6.174428388476371765e-02,4.799342632293701172e+00,1.756828092038631439e-02
4.352848231792449951e-02,1.832925081253051758e+00,2.148604718968272209e-03
9.451836347579956055e-03,3.711166858673095703e+00,4.582700319588184357e-03
6.860349327325820923e-03,5.458614826202392578e-01,4.488441161811351776e-03
5.140932649374008179e-02,4.780394434928894043e-01,2.397333970293402672e-03
5.718218535184860229e-02,3.633825302124023438e+00,1.359101966954767704e-03
1.679098457098007202e-01,3.966011047363281250e+00,3.386260475963354111e-03
7.488942891359329224e-02,3.916203737258911133e+00,8.808792568743228912e-03
9.763485193252563477e-02,3.985322237014770508e+00,1.924656331539154053e-02
4.523349925875663757e-02,3.317139863967895508e+00,2.780462848022580147e-03
2.538074925541877747e-02,4.643512964248657227e-01,5.094136111438274384e-03
1.370525062084197998e-01,6.473651528358459473e-01,9.648369625210762024e-03
3.018943406641483307e-02,1.398852169513702393e-01,6.237123161554336548e-03
1.180945858359336853e-01,5.154321193695068359e-01,1.803619670681655407e-03
2.400317229330539703e-03,1.914393186569213867e+00,2.046409761533141136e-03
6.098495796322822571e-02,5.413554906845092773e-01,2.347260480746626854e-03
2.474294044077396393e-02,4.825867116451263428e-01,2.405833220109343529e-03
2.435196191072463989e-02,4.427159726619720459e-01,4.472517874091863632e-03
7.410474866628646851e-02,4.830844402313232422e+00,1.271089189685881138e-03
1.758145987987518311e-01,4.910435199737548828e+00,1.368625089526176453e-03
5.811488721519708633e-03,5.877536535263061523e-01,6.461788434535264969e-03
1.303431112319231033e-02,4.764787197113037109e+00,1.221425365656614304e-03
4.541254043579101562e-02,7.059487104415893555e-01,2.516634762287139893e-02
8.062028326094150543e-03,4.866914153099060059e-01,2.536393003538250923e-03
1.980893872678279877e-02,4.523777067661285400e-01,3.199943806976079941e-03
5.424277391284704208e-03,1.769824147224426270e+00,2.211887855082750320e-03
2.751881182193756104e-01,4.633036136627197266e+00,7.913357578217983246e-03
1.184717752039432526e-02,7.668181061744689941e-01,2.605922287330031395e-03
1.748608425259590149e-02,4.367884397506713867e-01,3.075323300436139107e-03
3.962565213441848755e-02,1.668128728866577148e+00,2.930171613115817308e-04
4.609505832195281982e-02,7.928528785705566406e-01,5.227511865086853504e-04
1.802500896155834198e-02,4.241205453872680664e-01,5.123576149344444275e-03
1.623720228672027588e-01,4.936761558055877686e-01,1.561684627085924149e-02
7.660315185785293579e-02,4.258693218231201172e+00,7.884429767727851868e-03
4.385719820857048035e-02,3.563286364078521729e-01,9.137393906712532043e-03
8.232999593019485474e-02,4.533827304840087891e+00,1.838793978095054626e-03
6.921452283859252930e-02,2.155443668365478516e+00,1.844400353729724884e-02
3.576068952679634094e-02,5.818628072738647461e-01,3.622343298047780991e-03
1.363794207572937012e-01,5.599482059478759766e-01,2.095105871558189392e-02
2.763491868972778320e-01,4.374274253845214844e+00,3.187451045960187912e-03
8.737445473670959473e-01,6.580471396446228027e-01,1.555806864053010941e-02
8.399444818496704102e-02,1.737499237060546875e+00,8.614591322839260101e-03
1.683953404426574707e-02,5.315198302268981934e-01,5.695939995348453522e-03
2.414040826261043549e-02,3.885823965072631836e+00,3.368698759004473686e-03
1.463895663619041443e-02,4.769701004028320312e+00,4.671480855904519558e-04
5.890095233917236328e-02,4.796045422554016113e-01,2.118888311088085175e-02
2.631560266017913818e-01,3.284710884094238281e+00,3.686138428747653961e-03
1.040638685226440430e-01,5.389127135276794434e-01,1.360842725262045860e-03
6.138401851058006287e-02,2.021358460187911987e-01,1.769725233316421509e-03
2.854381129145622253e-02,2.121240615844726562e+00,6.007286719977855682e-04
1.704531610012054443e-01,4.947458267211914062e+00,4.938385915011167526e-03
8.938610553741455078e-02,4.934807300567626953e+00,3.945773001760244370e-03
4.699562489986419678e-02,3.057163000106811523e+00,4.529754444956779480e-02
1.523803360760211945e-02,3.302757978439331055e+00,1.034453418105840683e-02
2.529934607446193695e-02,1.147230744361877441e+00,4.074489697813987732e-04
1.833316870033740997e-02,1.862464308738708496e+00,2.133285626769065857e-02
3.203963115811347961e-02,2.206768035888671875e+00,3.519533900544047356e-03
3.986177220940589905e-02,4.711505413055419922e+00,2.342048287391662598e-02
6.773015111684799194e-02,8.135805726051330566e-01,2.970988117158412933e-02
9.280982427299022675e-03,1.460092812776565552e-01,6.042051594704389572e-03
1.748738735914230347e-01,2.727195501327514648e+00,1.961576566100120544e-02
4.949938878417015076e-02,4.737669825553894043e-01,1.027167681604623795e-02
1.092359889298677444e-02,4.719338417053222656e+00,1.213847775943577290e-03
6.812475621700286865e-02,4.320364952087402344e+00,8.845810662023723125e-04
5.259400606155395508e-02,4.722217619419097900e-01,1.249738852493464947e-03
1.079735010862350464e-01,5.421838164329528809e-01,1.394993066787719727e-02
1.708746105432510376e-01,3.447613239288330078e+00,2.938209800049662590e-03
7.279071025550365448e-03,4.179772853851318359e+00,2.851886907592415810e-03
1.571296900510787964e-01,4.657026290893554688e+00,5.106987431645393372e-03
3.703851997852325439e-02,6.913409382104873657e-02,2.821817062795162201e-02
9.549289941787719727e-02,4.754831790924072266e+00,1.531850430183112621e-03
1.233347803354263306e-01,3.243570327758789062e+00,7.423629984259605408e-03
1.022752672433853149e-01,1.843994021415710449e+00,2.531170612201094627e-03
2.959089279174804688e-01,3.993127584457397461e+00,6.574940402060747147e-03
2.286230213940143585e-02,4.455351352691650391e+00,8.801881223917007446e-03
1.811851412057876587e-01,2.015776157379150391e+00,4.616031423211097717e-03
1.811442710459232330e-02,5.454490780830383301e-01,2.310898154973983765e-02
9.356095641851425171e-02,4.550372436642646790e-02,8.914418285712599754e-04
8.313834667205810547e-03,3.257214307785034180e+00,1.264586811885237694e-03
1.072358433157205582e-02,5.507423877716064453e-01,2.518268069252371788e-03
9.670211374759674072e-02,6.350620388984680176e-01,1.128891669213771820e-02
1.081331595778465271e-01,2.031945705413818359e+00,1.248192600905895233e-02
1.302643306553363800e-02,4.266799986362457275e-01,3.799238940700888634e-03
5.262199323624372482e-03,1.872157812118530273e+00,3.063291369471698999e-04
1.442140042781829834e-01,5.172549486160278320e-01,3.255803021602332592e-04
2.813158370554447174e-02,7.057573199272155762e-01,1.540498156100511551e-02
1.803301423788070679e-01,2.666818857192993164e+00,1.436106627807021141e-03
3.647668659687042236e-02,4.098340988159179688e+00,1.753356680274009705e-02
1.529698073863983154e-01,4.948580265045166016e+00,1.142167835496366024e-03
2.140867896378040314e-02,4.716211318969726562e+00,7.819252205081284046e-04
1.548141688108444214e-01,4.680716037750244141e+00,1.588487811386585236e-02
8.280665613710880280e-03,3.813847303390502930e+00,5.600759177468717098e-04
1.228559017181396484e-01,4.673005580902099609e+00,5.932227708399295807e-03
1.423436589539051056e-02,1.874878168106079102e+00,1.337393186986446381e-03
1.084663346409797668e-01,6.308218240737915039e-01,1.133069582283496857e-02
6.191140413284301758e-02,4.230478763580322266e+00,1.282660407014191151e-03
1.236236561089754105e-02,7.447900176048278809e-01,3.022792050614953041e-03
1.040090695023536682e-01,5.167530775070190430e-01,2.138313464820384979e-02
2.352982386946678162e-02,5.992656350135803223e-01,3.792019793763756752e-03
1.730293035507202148e-01,1.838211655616760254e+00,6.156125105917453766e-03
6.523312628269195557e-02,4.550180435180664062e-01,1.808657683432102203e-02
1.468812972307205200e-01,4.858088016510009766e+00,1.115205977112054825e-02
3.501204028725624084e-02,1.574947953224182129e+00,1.284657279029488564e-03
4.076341167092323303e-02,4.781523704528808594e+00,8.295052684843540192e-03
8.955641090869903564e-02,3.511256933212280273e+00,1.214646454900503159e-02
3.935508430004119873e-02,4.479435443878173828e+00,2.907018922269344330e-02
7.421969622373580933e-02,3.567937135696411133e+00,6.930933450348675251e-04
1.188336685299873352e-01,3.334008216857910156e+00,1.150938402861356735e-02
6.420724093914031982e-03,3.774625957012176514e-01,1.622264459729194641e-02
5.046957731246948242e-02,3.864400148391723633e+00,2.754775993525981903e-02
2.944133803248405457e-02,4.634333610534667969e+00,3.870918881148099899e-03
2.801048383116722107e-02,3.714409112930297852e+00,7.871987763792276382e-04
8.640934526920318604e-02,4.026193141937255859e+00,1.259989105165004730e-02
4.797158390283584595e-02,4.053593635559082031e+00,1.057565119117498398e-02
1.544164121150970459e-01,4.816720008850097656e+00,4.006393719464540482e-04
1.753614991903305054e-01,3.450346708297729492e+00,7.541338913142681122e-03
5.416538100689649582e-03,2.830469608306884766e+00,6.281718378886580467e-04
3.837608546018600464e-02,1.576842427253723145e+00,5.079543916508555412e-04
1.390797793865203857e-01,4.930644512176513672e+00,3.092475162702612579e-05
7.903128862380981445e-02,5.620188117027282715e-01,6.024694885127246380e-04
1.025417968630790710e-01,5.439631342887878418e-01,5.758455372415482998e-04
8.412194252014160156e-02,1.939817786216735840e+00,1.208932488225400448e-03
3.913997113704681396e-02,4.023565769195556641e+00,1.645719050429761410e-03
1.154228076338768005e-01,6.521048545837402344e-01,1.266020443290472031e-02
1.535496711730957031e-01,4.938050270080566406e+00,7.769485469907522202e-03
1.077494397759437561e-01,3.302620887756347656e+00,3.326863422989845276e-02
1.077755913138389587e-01,4.575730264186859131e-01,6.342231482267379761e-02
5.872401874512434006e-03,5.334807634353637695e-01,2.919266000390052795e-03
1.123169958591461182e-01,2.044597387313842773e+00,2.934011397883296013e-03
3.753850609064102173e-02,1.316492438316345215e+00,2.152542024850845337e-02
2.988134324550628662e-02,3.343650341033935547e+00,1.110372715629637241e-03
6.353156268596649170e-02,4.781185150146484375e+00,1.784511841833591461e-02
1.600682884454727173e-01,1.935801625251770020e+00,8.424127474427223206e-03
1.013621967285871506e-02,3.643677949905395508e+00,1.312689203768968582e-02
1.406385749578475952e-02,1.307730436325073242e+00,2.332156436750665307e-04
1.752259135246276855e-01,7.602759599685668945e-01,2.143592201173305511e-02
1.443583518266677856e-01,1.067371249198913574e+00,7.400948670692741871e-04
4.105412214994430542e-02,1.611789584159851074e+00,5.025272257626056671e-04
9.902690351009368896e-02,4.490500986576080322e-01,1.246718107722699642e-03
1.515543013811111450e-01,4.761836051940917969e+00,1.125881168991327286e-02
1.821142584085464478e-01,3.776264905929565430e+00,1.274350658059120178e-02
2.474905550479888916e-02,3.423060178756713867e+00,1.543831196613609791e-03
1.392514258623123169e-01,3.251327753067016602e+00,9.106418117880821228e-03
1.931555382907390594e-02,9.742861986160278320e-01,1.485053682699799538e-03
7.881223224103450775e-03,9.456619620323181152e-01,2.252950100228190422e-03
8.885391801595687866e-02,3.727086544036865234e+00,1.534272171556949615e-02
4.136276617646217346e-02,3.858817577362060547e+00,1.693893037736415863e-02
6.786054372787475586e-02,4.720312595367431641e+00,2.140771131962537766e-03
2.148669399321079254e-02,5.354661941528320312e-01,2.258274937048554420e-03
5.498976260423660278e-02,3.290103197097778320e+00,6.985205109231173992e-04
1.688848286867141724e-01,4.822159290313720703e+00,7.970292121171951294e-03
4.917499050498008728e-02,5.571226477622985840e-01,2.079587196931242943e-03
2.882467396557331085e-02,4.826121807098388672e+00,1.134897465817630291e-03
1.952679753303527832e-01,3.768781661987304688e+00,1.087455637753009796e-02
3.923446685075759888e-02,4.695634841918945312e+00,1.156503800302743912e-03
1.427043695002794266e-02,4.527385234832763672e+00,1.122660702094435692e-03
8.640961721539497375e-03,1.057414293289184570e+00,1.410260889679193497e-02
2.252552062273025513e-01,9.718598723411560059e-01,2.551747672259807587e-02
1.095973923802375793e-01,3.206380844116210938e+00,1.370877865701913834e-02
1.633564475923776627e-03,3.802409648895263672e+00,1.113086240366101265e-03
1.427014321088790894e-01,3.291196346282958984e+00,9.547761292196810246e-04
4.223012924194335938e-02,4.789828956127166748e-01,6.003651767969131470e-03
1.239552050828933716e-01,4.782102108001708984e+00,1.848460547626018524e-02
2.324747480452060699e-02,3.890012502670288086e+00,5.517303361557424068e-04
1.715603768825531006e-01,7.227000594139099121e-01,8.833318017423152924e-03
1.465539187192916870e-01,4.451700687408447266e+00,1.609213463962078094e-02
7.533216476440429688e-02,3.389732360839843750e+00,1.364989875582978129e-04
2.095105312764644623e-02,3.395251512527465820e+00,6.030326476320624352e-04
4.991327226161956787e-02,3.089140415191650391e+00,9.086756967008113861e-03
4.474066570401191711e-02,4.786762237548828125e+00,4.759595729410648346e-03
2.399080246686935425e-02,3.521851778030395508e+00,1.004388905130326748e-03
1.414710730314254761e-01,3.459157466888427734e+00,6.659266538918018341e-03
1.362054198980331421e-01,4.755960941314697266e+00,1.960291294381022453e-03
1.809702068567276001e-01,1.237416267395019531e+00,1.749245333485305309e-03
1.595558598637580872e-03,4.227667808532714844e+00,1.949846628122031689e-03
6.763817369937896729e-02,4.438005924224853516e+00,1.152356620877981186e-03
1.180792786180973053e-02,4.138294160366058350e-01,2.602952765300869942e-03
1.397053599357604980e-01,1.777662992477416992e+00,4.210220649838447571e-03
1.722381711006164551e-01,1.735775232315063477e+00,8.574450621381402016e-04
1.739794574677944183e-02,1.868246912956237793e+00,3.440071595832705498e-03
4.667406156659126282e-02,1.628014147281646729e-01,1.607687771320343018e-02
1.085530221462249756e-01,4.515566825866699219e+00,1.160343829542398453e-02
2.678686566650867462e-02,5.606257319450378418e-01,2.022857777774333954e-03
1.806884706020355225e-01,1.220557317137718201e-01,2.084594592452049255e-02
2.426087260246276855e-01,2.888973712921142578e+00,1.756694912910461426e-02
1.169968023896217346e-02,3.685476303100585938e+00,4.213241627439856529e-04
3.255126252770423889e-02,3.355315685272216797e+00,8.125529624521732330e-03
2.237246781587600708e-01,1.492640733718872070e+00,1.469616964459419250e-02
4.786540940403938293e-02,4.201458930969238281e+00,2.203132724389433861e-03
5.123328790068626404e-02,1.920233130455017090e+00,9.300619363784790039e-03
1.066571101546287537e-02,4.308094978332519531e+00,4.613624885678291321e-03
4.459409974515438080e-03,4.797108650207519531e+00,7.634061854332685471e-03
3.537696972489356995e-02,3.011913299560546875e+00,1.883593946695327759e-02
1.842027157545089722e-02,5.478904843330383301e-01,1.245786249637603760e-02
2.839030139148235321e-02,1.896363735198974609e+00,6.488924380391836166e-03
1.158238723874092102e-01,5.381242036819458008e-01,6.625525653362274170e-03
1.791776418685913086e-01,1.216550111770629883e+00,4.764869436621665955e-02
1.481598764657974243e-01,1.553962707519531250e+00,8.898955769836902618e-03
1.302153468132019043e-01,3.120152711868286133e+00,1.714367978274822235e-02
1.737089902162551880e-01,3.041613101959228516e+00,2.252335660159587860e-03
2.119743451476097107e-02,4.994239211082458496e-01,5.534250754863023758e-03
1.615670621395111084e-01,2.736960411071777344e+00,1.068665273487567902e-02
4.609644040465354919e-02,7.019004225730895996e-01,3.297633258625864983e-03
1.744693890213966370e-02,4.772392272949218750e+00,1.627353578805923462e-02
2.867873199284076691e-02,4.944463670253753662e-01,9.438705747015774250e-04
1.106308121234178543e-02,3.342323064804077148e+00,7.742196321487426758e-03
1.632840335369110107e-01,6.745135188102722168e-01,1.862177066504955292e-02
5.463399365544319153e-02,1.923401355743408203e+00,1.338365982519462705e-04
1.451930683106184006e-02,4.323613643646240234e+00,6.958683487027883530e-03
8.792277425527572632e-02,8.832119107246398926e-01,1.018519978970289230e-03
3.669715719297528267e-03,1.682827949523925781e+00,7.258663885295391083e-03
8.531021326780319214e-02,2.961911916732788086e+00,4.038291517645120621e-03
2.520808577537536621e-01,4.928326129913330078e+00,4.125740844756364822e-03
2.842713147401809692e-02,6.648961901664733887e-01,1.823367364704608917e-02
7.868491113185882568e-02,2.116791248321533203e+00,7.613428169861435890e-05
9.687034040689468384e-02,1.285593211650848389e-01,1.449418603442609310e-03
4.499205574393272400e-02,6.127731800079345703e-01,1.238577300682663918e-03
5.142107233405113220e-02,2.251212835311889648e+00,4.009465919807553291e-04
4.887242987751960754e-02,4.243810176849365234e+00,1.826132275164127350e-02
3.648439049720764160e-02,4.089524745941162109e+00,3.453434619586914778e-04
3.454854339361190796e-02,1.667173385620117188e+00,1.126096211373806000e-02
4.651561006903648376e-02,2.093685269355773926e-01,1.256973389536142349e-02
6.388826668262481689e-02,3.577633857727050781e+00,1.313175540417432785e-03
7.382554560899734497e-02,1.299504399299621582e+00,7.083509117364883423e-04
6.080215051770210266e-02,2.990297555923461914e+00,1.747632585465908051e-02
5.362908169627189636e-02,4.243781089782714844e+00,2.578427956905215979e-04
2.216033264994621277e-02,1.955427765846252441e+00,3.636730543803423643e-04
2.555056661367416382e-02,2.520637512207031250e+00,3.620346542447805405e-03
5.659813806414604187e-02,1.820582032203674316e+00,6.664642598479986191e-03
4.101774189621210098e-03,4.667888164520263672e+00,5.621239542961120605e-04
2.397076226770877838e-02,2.931484699249267578e+00,2.568136900663375854e-03
7.302648574113845825e-02,2.533075809478759766e+00,6.282742251642048359e-04
1.280979905277490616e-02,6.334567070007324219e-01,6.398914847522974014e-03
6.364627182483673096e-02,5.848636627197265625e-01,1.254398102901177481e-05
4.968758672475814819e-03,4.741951942443847656e+00,8.216563146561384201e-04
1.310026794672012329e-01,4.039732456207275391e+00,1.051928009837865829e-02
1.686232537031173706e-01,3.419761419296264648e+00,5.629329010844230652e-03
8.477633446455001831e-02,5.058438777923583984e-01,1.314762746915221214e-03
9.055572561919689178e-03,2.997947216033935547e+00,9.382385760545730591e-04
5.483352392911911011e-02,4.094662666320800781e+00,1.710456237196922302e-02
1.784230396151542664e-02,8.306812644004821777e-01,2.797747962176799774e-02
1.757284253835678101e-02,2.424646854400634766e+00,1.125886265072040260e-04
4.896101728081703186e-02,4.175105571746826172e+00,1.252606045454740524e-03
2.311141416430473328e-02,4.156337738037109375e+00,5.271031986922025681e-04
9.903781861066818237e-02,1.624312281608581543e+00,1.154199824668467045e-03
2.083178609609603882e-01,4.711941719055175781e+00,2.418735437095165253e-02
1.726437243632972240e-03,3.274502754211425781e+00,2.058083191514015198e-02
1.197319552302360535e-01,4.429905414581298828e+00,2.508181845769286156e-03
1.209048852324485779e-01,5.594875812530517578e-01,1.115492661483585835e-03
4.210982471704483032e-02,5.550340414047241211e-01,1.034340821206569672e-03
2.925987727940082550e-02,1.834995746612548828e+00,6.330358446575701237e-04
1.427517682313919067e-01,2.706841230392456055e+00,4.330233205109834671e-03
2.801273018121719360e-02,4.709083437919616699e-01,3.341665258631110191e-03
2.626514732837677002e-01,2.981938362121582031e+00,1.271980162709951401e-02
4.698636755347251892e-02,3.572955608367919922e+00,1.418698579072952271e-03
5.248403176665306091e-02,3.432902812957763672e+00,1.537840813398361206e-03
3.136661648750305176e-02,2.962905406951904297e+00,1.148618990555405617e-03
2.853153944015502930e-01,3.908480882644653320e+00,1.329917926341295242e-03
3.006232157349586487e-02,5.002853274345397949e-01,3.612512955442070961e-03
1.664836518466472626e-02,2.766423940658569336e+00,5.435332655906677246e-03
6.293697655200958252e-02,1.664449930191040039e+00,1.825328450649976730e-03
3.192277997732162476e-02,4.730135917663574219e+00,5.534711453947238624e-05
2.286085113883018494e-02,4.668215751647949219e+00,6.989301182329654694e-04
2.817653715610504150e-01,4.706394672393798828e+00,1.631531491875648499e-02
1.414134055376052856e-01,2.865291357040405273e+00,1.098002772778272629e-02
1.949611492455005646e-02,7.344403266906738281e-01,2.403375506401062012e-02
1.974716223776340485e-02,4.539922714233398438e+00,2.044668886810541153e-03
1.065763682126998901e-01,4.751526355743408203e+00,1.808258332312107086e-02
2.700926922261714935e-02,4.795493125915527344e+00,3.651885548606514931e-03
4.278432577848434448e-02,5.626930594444274902e-01,1.670300215482711792e-02
5.841264501214027405e-02,3.697627067565917969e+00,2.575919264927506447e-03
1.853732950985431671e-02,7.001643180847167969e-01,6.431324407458305359e-03
1.274584606289863586e-02,3.330864191055297852e+00,9.332209592685103416e-04
4.246286675333976746e-02,4.611403644084930420e-01,3.668423276394605637e-03
4.140339791774749756e-02,3.174930572509765625e+00,8.006131974980235100e-04
3.017644211649894714e-02,3.424129724502563477e+00,2.142517082393169403e-02
2.540120296180248260e-02,1.673607826232910156e+00,1.034750384860672057e-04
8.970577269792556763e-03,4.490629196166992188e+00,4.088825662620365620e-04
1.304985135793685913e-01,5.807567834854125977e-01,1.897556148469448090e-02
3.254800736904144287e-01,4.160009384155273438e+00,5.711453501135110855e-03
9.767005592584609985e-02,2.827313184738159180e+00,3.307258943095803261e-03
3.113958239555358887e-02,3.093795299530029297e+00,1.680893474258482456e-03
1.791005954146385193e-02,1.842055559158325195e+00,9.134577703662216663e-04
3.991373628377914429e-02,4.048614025115966797e+00,8.626162889413535595e-04
6.609229743480682373e-02,4.946796894073486328e+00,1.766591891646385193e-02
7.707570493221282959e-02,3.715914726257324219e+00,1.073099207133054733e-03
1.393798887729644775e-01,1.054354786872863770e+00,3.636832814663648605e-03
3.136930987238883972e-02,4.435078144073486328e+00,1.104791881516575813e-03
2.432787977159023285e-02,3.050795316696166992e+00,1.998588908463716507e-03
1.110415160655975342e-01,1.078630089759826660e+00,1.818160410039126873e-03
4.259986057877540588e-02,2.198104381561279297e+00,9.159972891211509705e-03
4.056080430746078491e-02,3.627665936946868896e-01,2.885525114834308624e-03
1.632952690124511719e-01,4.690042018890380859e+00,1.445880625396966934e-02
2.737637236714363098e-02,4.702211380004882812e+00,5.345271783880889416e-04
1.638559252023696899e-01,9.475249052047729492e-01,2.148543298244476318e-02
4.256389103829860687e-03,3.316186428070068359e+00,2.385250758379697800e-03
5.501982197165489197e-02,2.981329679489135742e+00,6.673397729173302650e-04
1.830657422542572021e-01,4.875834465026855469e+00,3.585786558687686920e-03
1.032465323805809021e-01,4.086939811706542969e+00,7.858675671741366386e-04
9.147049486637115479e-02,4.888802468776702881e-01,4.637944977730512619e-03
8.163393288850784302e-02,9.468237161636352539e-01,1.606397563591599464e-03
1.020625419914722443e-02,5.639224648475646973e-01,4.143302328884601593e-03
4.183991253376007080e-02,4.147046566009521484e+00,4.530681180767714977e-04
6.975137442350387573e-02,4.609242975711822510e-01,9.730544988997280598e-04
1.696852296590805054e-01,5.954241752624511719e-01,1.809533312916755676e-02
4.073494300246238708e-02,4.589149951934814453e+00,6.851061480119824409e-04
8.347981423139572144e-02,3.984777212142944336e+00,8.944779634475708008e-03
4.372127726674079895e-02,5.764810442924499512e-01,1.446822751313447952e-02
1.076469942927360535e-02,4.740754067897796631e-01,3.139630425721406937e-03
1.230733692646026611e-01,4.694182872772216797e-01,6.358774378895759583e-03
2.444559521973133087e-02,1.560248583555221558e-01,1.037571486085653305e-02
5.751183629035949707e-02,4.787723064422607422e+00,8.832139894366264343e-03
2.558110840618610382e-02,3.093025684356689453e+00,1.187556609511375427e-02
6.254949141293764114e-03,3.734215736389160156e+00,4.503135569393634796e-03
2.152733504772186279e-01,1.857774496078491211e+00,4.665951244533061981e-03
8.717837743461132050e-03,1.712161660194396973e+00,9.192433790303766727e-04
7.443353533744812012e-02,1.000696539878845215e+00,1.778731308877468109e-02
1.501922309398651123e-01,5.114833712577819824e-01,7.415796862915158272e-04
1.510293968021869659e-02,3.888930797576904297e+00,1.660771900787949562e-03
1.472593843936920166e-01,4.863604545593261719e+00,8.528985083103179932e-03
3.635914623737335205e-02,1.811673283576965332e+00,3.299322910606861115e-03
2.078279256820678711e-01,3.505383014678955078e+00,6.633820012211799622e-03
5.040089040994644165e-02,4.550068974494934082e-01,5.016414914280176163e-03
1.129164844751358032e-01,4.678780078887939453e+00,3.029396990314126015e-03
1.395484898239374161e-02,3.541282892227172852e+00,7.040501222945749760e-04
7.176924496889114380e-02,6.883726716041564941e-01,1.636369898915290833e-02
3.075979836285114288e-02,4.808021068572998047e+00,7.669236510992050171e-04
3.246923536062240601e-02,5.320443511009216309e-01,3.088020952418446541e-03
1.560920327901840210e-01,4.714787006378173828e+00,1.894366368651390076e-02
3.778440132737159729e-02,6.215524673461914062e-01,2.930478658527135849e-03
2.007088363170623779e-01,3.327049732208251953e+00,9.457495994865894318e-03
4.863869398832321167e-02,4.065102100372314453e+00,5.815184675157070160e-03
1.343927085399627686e-01,3.447818517684936523e+00,1.152950525283813477e-02
4.357440024614334106e-02,2.483830600976943970e-01,6.476790178567171097e-03
6.185736879706382751e-02,7.038018703460693359e-01,5.223057698458433151e-03
5.009321495890617371e-02,3.099450588226318359e+00,3.224110230803489685e-03
1.101426035165786743e-02,5.749334096908569336e-01,1.650429447181522846e-03
3.086835704743862152e-02,7.288006544113159180e-01,1.969353761523962021e-03
1.483479049056768417e-02,2.293902635574340820e+00,1.620221533812582493e-03
1.454573776572942734e-02,3.903177499771118164e+00,4.249081539455801249e-04
7.265212386846542358e-02,5.923604369163513184e-01,2.325203455984592438e-02
1.455477029085159302e-01,2.237319946289062500e+00,5.585911276284605265e-05
8.990454673767089844e-02,5.791800022125244141e-01,4.328031558543443680e-03
2.152977883815765381e-02,1.642862915992736816e+00,5.622263415716588497e-04
1.279293838888406754e-02,5.191379189491271973e-01,5.437278188765048981e-03
3.412543237209320068e-02,3.516905546188354492e+00,3.330554754938930273e-04
3.819704428315162659e-02,4.776053905487060547e+00,7.985651609487831593e-04
4.912762343883514404e-02,3.315790176391601562e+00,1.335509028285741806e-02
8.325115591287612915e-02,1.726577758789062500e+00,1.299454015679657459e-04
3.190339729189872742e-02,3.573248624801635742e+00,4.339193401392549276e-04
7.523690816015005112e-03,2.881525516510009766e+00,1.987022906541824341e-02
5.275283753871917725e-02,3.709740936756134033e-01,2.393238013610243797e-03
1.765769906342029572e-02,4.681107521057128906e+00,2.941486658528447151e-03
1.207908689975738525e-01,4.625303745269775391e-01,1.026660786010324955e-03
1.091144084930419922e-01,1.733377218246459961e+00,8.308774791657924652e-03
6.202797964215278625e-02,4.752140045166015625e+00,2.565116155892610550e-04
4.979687333106994629e-01,6.834704875946044922e-01,1.167716574855148792e-03
3.351940959692001343e-02,4.114877700805664062e+00,1.128548639826476574e-03
9.749509394168853760e-02,4.939270019531250000e-01,8.734809234738349915e-03
7.553380727767944336e-02,5.807811021804809570e-01,2.739656483754515648e-03
1.671477854251861572e-01,3.888139247894287109e+00,2.298277430236339569e-02
1.391722355037927628e-02,4.955685436725616455e-01,3.205678192898631096e-03
1.551250554621219635e-02,9.925726652145385742e-01,7.609332096762955189e-04
9.169589728116989136e-03,1.655826449394226074e+00,1.968606188893318176e-02
1.829695552587509155e-01,4.794008731842041016e+00,7.342273369431495667e-03
1.122245043516159058e-01,4.791441917419433594e+00,3.700269619002938271e-03
3.569455817341804504e-02,4.777288913726806641e+00,6.510940380394458771e-03
3.338511288166046143e-02,4.369167983531951904e-01,2.304196171462535858e-02
1.401969790458679199e-01,1.674677848815917969e+00,1.340572629123926163e-02
5.676049273461103439e-03,4.036485195159912109e+00,1.870998763479292393e-03
4.249036684632301331e-02,3.452136278152465820e+00,9.117170237004756927e-03
6.760400533676147461e-02,3.258348226547241211e+00,1.291605085134506226e-02
1.996701024472713470e-02,3.318717718124389648e+00,2.183277346193790436e-02
2.341204136610031128e-02,8.755123019218444824e-01,2.757525304332375526e-03
5.811899900436401367e-02,1.832669615745544434e+00,7.214273791760206223e-03
1.660237163305282593e-01,4.006699562072753906e+00,7.206388982012867928e-04
2.179208956658840179e-02,3.499875545501708984e+00,6.504182238131761551e-03
2.937572635710239410e-02,3.012358427047729492e+00,2.800482092425227165e-03
2.711990103125572205e-02,3.874900817871093750e+00,8.336883038282394409e-04
7.373052835464477539e-02,1.692522883415222168e+00,2.687739906832575798e-03
1.988888904452323914e-02,4.835793375968933105e-01,7.539802696555852890e-03
1.191665977239608765e-02,4.799232006072998047e+00,8.180723525583744049e-04
1.859364658594131470e-02,4.726285934448242188e+00,1.508759334683418274e-03
3.687492012977600098e-02,8.340687155723571777e-01,1.142219058237969875e-03
4.561908543109893799e-02,5.726880431175231934e-01,1.189835020340979099e-03
8.996352553367614746e-03,5.525227189064025879e-01,2.824494801461696625e-02
1.088774204254150391e-01,3.924104690551757812e+00,1.649804785847663879e-02
3.545336052775382996e-02,4.469289481639862061e-01,1.758609712123870850e-02
9.916579350829124451e-03,1.893932186067104340e-02,6.233999971300363541e-03
4.510096088051795959e-02,2.066529989242553711e+00,1.120832841843366623e-02
2.547540366649627686e-01,4.917107105255126953e+00,8.815192617475986481e-03
1.262734979391098022e-01,5.374063849449157715e-01,2.229346893727779388e-02
1.558865606784820557e-02,1.185852646827697754e+00,1.160138985142111778e-03
1.614706367254257202e-01,2.744275569915771484e+00,1.978876971406862140e-04
5.546670407056808472e-02,1.954193472862243652e+00,4.155078437179327011e-03
4.950495064258575439e-02,3.291215181350708008e+00,1.064579468220472336e-02
1.258448660373687744e-01,2.200493097305297852e+00,3.702097386121749878e-02
1.061118319630622864e-01,9.303175806999206543e-01,5.504554603248834610e-03
1.184035390615463257e-01,5.389291644096374512e-01,2.755477325990796089e-03
2.572449482977390289e-02,1.851762175559997559e+00,1.768040843307971954e-02
2.211423814296722412e-01,4.909411907196044922e+00,1.390953361988067627e-02
1.739112585783004761e-01,3.763665199279785156e+00,4.009465919807553291e-04
1.035099774599075317e-01,4.408303737640380859e+00,3.299732459709048271e-03
3.334254398941993713e-02,5.562295317649841309e-01,5.119480192661285400e-04
9.527606517076492310e-02,3.253003597259521484e+00,8.489151485264301300e-03
4.972338303923606873e-02,3.311654567718505859e+00,1.812681928277015686e-02
7.236469537019729614e-03,5.483080148696899414e-01,6.638940423727035522e-03
1.582176983356475830e-01,1.495311379432678223e+00,1.821836642920970917e-02
1.643325202167034149e-02,4.805214405059814453e+00,8.386035333387553692e-04
1.681022197008132935e-01,4.618304729461669922e+00,6.074870470911264420e-04
1.144237667322158813e-01,3.996552705764770508e+00,1.365107670426368713e-02
1.199474465101957321e-02,5.526757240295410156e-01,4.763794131577014923e-03
5.446268990635871887e-02,5.829346179962158203e-02,2.754709450528025627e-03
3.640001872554421425e-03,1.748256921768188477e+00,8.412658935412764549e-04
2.358614280819892883e-02,6.113324761390686035e-01,2.195247914642095566e-03
1.136977523565292358e-01,3.739768981933593750e+00,2.470447449013590813e-03
1.992808431386947632e-01,4.672969341278076172e+00,1.594416797161102295e-03
3.606283664703369141e-02,2.112324714660644531e+00,3.057689964771270752e-02
4.094940051436424255e-02,3.671759128570556641e+00,2.057724777841940522e-04
2.244672365486621857e-02,3.908436059951782227e+00,2.212758176028728485e-03
6.250671297311782837e-02,6.194230914115905762e-01,2.342575602233409882e-02
1.551485210657119751e-01,5.251144170761108398e-01,7.878132164478302002e-04
1.485969424247741699e-01,3.966663599014282227e+00,8.136845193803310394e-03
1.801906712353229523e-02,8.362016677856445312e-01,2.197449328377842903e-03
1.878875195980072021e-01,2.929350614547729492e+00,1.361006591469049454e-02
1.437699142843484879e-02,6.161820292472839355e-01,4.286406096071004868e-03
1.727156192064285278e-01,4.788084983825683594e+00,1.002699253149330616e-03
1.058375649154186249e-02,1.985599756240844727e+00,1.861475524492561817e-03
9.338971972465515137e-02,6.769194602966308594e-01,1.680355891585350037e-02
2.810411714017391205e-02,7.028714418411254883e-01,8.904178394004702568e-04
5.651746317744255066e-02,4.707586288452148438e+00,1.737802103161811829e-02
4.494396224617958069e-02,3.358265638351440430e+00,7.599194534122943878e-03
3.673757985234260559e-02,3.363824844360351562e+00,1.845588162541389465e-02
1.654198206961154938e-02,5.033423304557800293e-01,2.191981300711631775e-02
1.016313489526510239e-02,4.150924682617187500e+00,1.035825582221150398e-03
1.791106760501861572e-01,8.630107641220092773e-01,6.134262657724320889e-04
2.499004825949668884e-02,4.861184060573577881e-01,6.850805599242448807e-03
3.142383322119712830e-02,3.735020875930786133e+00,5.195204634219408035e-03
1.177334934473037720e-01,3.329732716083526611e-01,1.202609390020370483e-02
3.738561645150184631e-02,1.205456018447875977e+00,7.574516348540782928e-04
3.032159060239791870e-02,1.135971903800964355e+00,2.976251416839659214e-04
5.725249648094177246e-02,5.621752142906188965e-01,2.063715131953358650e-03
1.496609449386596680e-01,3.166784286499023438e+00,5.385622382164001465e-02
7.161677628755569458e-02,4.725054740905761719e+00,1.013400033116340637e-03
1.174355298280715942e-01,4.943716526031494141e-01,3.191444789990782738e-03
8.961500972509384155e-02,3.735908031463623047e+00,3.694074403028935194e-04
2.140016704797744751e-01,4.700806140899658203e+00,9.879639372229576111e-03
1.888480037450790405e-01,4.691857337951660156e+00,1.415780186653137207e-02
1.590877026319503784e-02,1.740185022354125977e+00,3.061908995732665062e-03
7.086933404207229614e-02,2.051739454269409180e+00,9.103192016482353210e-03
4.717325419187545776e-02,4.727028846740722656e+00,1.332426792941987514e-03
1.644741743803024292e-02,3.334678649902343750e+00,8.390745148062705994e-03
5.075842142105102539e-02,4.013383865356445312e+00,3.156628692522644997e-03
5.998180806636810303e-02,4.695414543151855469e+00,1.673725491855293512e-04
1.722484640777111053e-02,5.660842657089233398e-01,2.515708096325397491e-03
1.128645241260528564e-02,4.751722812652587891e+00,1.145291025750339031e-03
1.726354956626892090e-01,3.332017183303833008e+00,9.691325947642326355e-03
1.277682334184646606e-01,4.886852502822875977e-01,3.900922019965946674e-04
1.502195280045270920e-02,1.896442532539367676e+00,1.417572260834276676e-03
8.244767040014266968e-02,1.024091005325317383e+00,2.062435261905193329e-03
1.951240599155426025e-01,3.348435878753662109e+00,2.190286479890346527e-02
2.114757709205150604e-02,4.448892593383789062e+00,4.422956611961126328e-03
6.512173265218734741e-02,3.667273521423339844e+00,8.993266383185982704e-04
9.357950836420059204e-02,3.195625305175781250e+00,9.938416769728064537e-04
2.214813604950904846e-02,5.019153356552124023e-01,3.223393345251679420e-03
1.522905677556991577e-01,2.039797067642211914e+00,3.124270355328917503e-03
1.205441355705261230e-02,3.247312307357788086e+00,1.372106722556054592e-03
6.652905791997909546e-02,3.260664224624633789e+00,1.233303733170032501e-02
4.485741257667541504e-02,4.147164344787597656e+00,1.080779125913977623e-03
6.415192037820816040e-02,1.924671411514282227e+00,3.773946082219481468e-04
3.116877749562263489e-02,6.962139606475830078e-01,9.573309682309627533e-03
1.860039234161376953e-01,6.149783134460449219e-01,6.092636846005916595e-03
1.860372871160507202e-01,3.868802070617675781e+00,1.356526557356119156e-02
1.531625632196664810e-02,2.919023752212524414e+00,5.543415318243205547e-04
3.360571712255477905e-02,3.238424777984619141e+00,3.760634281206876040e-04
2.781471014022827148e-01,1.896244406700134277e+00,6.554255727678537369e-03
5.030082911252975464e-02,4.906858444213867188e+00,7.723968941718339920e-03
7.072076667100191116e-03,2.105809688568115234e+00,2.476540103089064360e-04
1.862049289047718048e-02,4.727410316467285156e+00,1.185175729915499687e-03
4.561632126569747925e-02,4.671059131622314453e+00,5.092856008559465408e-04
3.370636329054832458e-02,1.889587283134460449e+00,6.269174162298440933e-03
1.109676808118820190e-02,4.758186817169189453e+00,1.133975805714726448e-03
1.261797267943620682e-02,4.672049582004547119e-01,3.006203332915902138e-03
4.041800647974014282e-02,5.365527272224426270e-01,3.387745236977934837e-03
5.032059550285339355e-02,1.775050401687622070e+00,4.895377904176712036e-03
1.765203289687633514e-02,5.884896516799926758e-01,1.757539692334830761e-03
1.713448911905288696e-01,2.644471883773803711e+00,3.178952028974890709e-03
1.791666150093078613e-01,2.941508531570434570e+00,5.780250951647758484e-02
2.089165896177291870e-02,2.955886840820312500e+00,7.518298923969268799e-03
1.121110692620277405e-01,1.449705123901367188e+00,4.364793421700596809e-04
7.997431606054306030e-02,4.255857467651367188e+00,1.621824130415916443e-02
5.592325702309608459e-02,3.146640300750732422e+00,2.350895665585994720e-03
2.818907611072063446e-02,3.352820396423339844e+00,1.670049317181110382e-02
3.945155069231987000e-03,8.788236230611801147e-02,9.404708631336688995e-03
4.639229923486709595e-02,3.736183643341064453e+00,1.619146321900188923e-03
6.035944819450378418e-02,1.666929721832275391e+00,5.596663686446845531e-04
9.476798772811889648e-02,3.201067686080932617e+00,5.762550863437354565e-04
2.183298021554946899e-01,4.216107845306396484e+00,1.060196780599653721e-03
3.513086214661598206e-02,3.216962337493896484e+00,1.161306351423263550e-02
1.565185002982616425e-02,5.619384050369262695e-01,1.368727535009384155e-03
1.385510861873626709e-01,2.238766193389892578e+00,1.655109226703643799e-02
1.763113029301166534e-02,3.928142309188842773e+00,1.242698915302753448e-02
2.066300250589847565e-02,4.946319580078125000e+00,9.998320601880550385e-04
6.917399168014526367e-02,3.914184570312500000e+00,2.311108075082302094e-02
2.289193272590637207e-01,3.703421115875244141e+00,7.966502569615840912e-03
3.343337774276733398e-02,4.180595874786376953e+00,1.591754378750920296e-03
5.788336321711540222e-02,4.803620338439941406e+00,9.220235049724578857e-03
4.487237334251403809e-02,7.494618892669677734e-01,1.315889181569218636e-03
1.763937324285507202e-01,2.126084804534912109e+00,5.050872452557086945e-03
3.599252551794052124e-02,6.385430097579956055e-01,2.502027526497840881e-02
3.337761387228965759e-02,4.747869968414306641e+00,4.767429549247026443e-03
6.953432410955429077e-02,4.830045223236083984e+00,3.711738390848040581e-03
1.272489428520202637e-01,1.918737888336181641e+00,3.616404021158814430e-03
4.450665041804313660e-02,2.101179838180541992e+00,3.171655908226966858e-02
1.216397136449813843e-01,6.101306080818176270e-01,2.867093309760093689e-03
3.655688092112541199e-02,3.979048728942871094e+00,9.850353235378861427e-04
1.709198057651519775e-01,2.572118639945983887e-01,1.842229440808296204e-02
4.418639838695526123e-02,2.715173006057739258e+00,5.538756493479013443e-03
2.339777164161205292e-02,4.429514408111572266e+00,1.852976391091942787e-03
4.345495719462633133e-03,3.947923660278320312e+00,1.122865476645529270e-03
2.232524380087852478e-02,3.225723981857299805e+00,1.231870148330926895e-03
1.911864131689071655e-01,3.872902393341064453e+00,3.119047963991761208e-03
1.528185755014419556e-01,2.506445169448852539e+00,1.992332376539707184e-02
7.205097377300262451e-02,1.720392465591430664e+00,8.298995089717209339e-04
7.072000950574874878e-02,1.906598329544067383e+00,5.172175168991088867e-02
1.060886159539222717e-01,2.972879648208618164e+00,1.185380620881915092e-03
3.165404498577117920e-02,3.623042106628417969e+00,9.569469839334487915e-03
1.911150962114334106e-01,2.069568872451782227e+00,1.494157034903764725e-02
6.229104939848184586e-03,6.507250070571899414e-01,9.321457473561167717e-04
7.337068021297454834e-02,4.308419227600097656e+00,6.642165826633572578e-04
3.028610721230506897e-02,1.984464526176452637e+00,2.130940702045336366e-04
3.263629227876663208e-02,4.042553901672363281e+00,9.656817419454455376e-04
1.009070202708244324e-01,4.356923580169677734e+00,1.314721815288066864e-02
2.159988321363925934e-02,4.172659873962402344e+00,2.235439838841557503e-03
3.621044009923934937e-02,1.357825279235839844e+00,1.798294833861291409e-03
1.955519802868366241e-02,1.536607742309570312e+00,8.303603390231728554e-04
5.333936959505081177e-02,8.307349085807800293e-01,9.073138353414833546e-04
1.841132938861846924e-01,4.105281829833984375e+00,1.801776466891169548e-03
4.028965160250663757e-02,1.816363811492919922e+00,1.683197449892759323e-03
4.212931171059608459e-02,7.356868982315063477e-01,2.080857008695602417e-02
3.445791453123092651e-02,4.781455099582672119e-01,1.812323578633368015e-03
1.389596015214920044e-01,4.736746311187744141e+00,4.554028157144784927e-03
7.077466696500778198e-03,4.720129489898681641e+00,1.532669644802808762e-03
3.297699615359306335e-02,5.962291955947875977e-01,1.565232756547629833e-03
4.155231267213821411e-02,4.358616352081298828e+00,1.927303336560726166e-02
1.468995306640863419e-02,5.718047618865966797e-01,8.472101762890815735e-03
1.000241786241531372e-01,4.931870937347412109e+00,1.063627190887928009e-03
1.870689094066619873e-01,1.329718947410583496e+00,1.013845484703779221e-02
1.794347614049911499e-01,2.000109910964965820e+00,1.693007349967956543e-02
5.521593242883682251e-02,3.013304233551025391e+00,1.584002748131752014e-02
6.209998391568660736e-03,4.489153861999511719e+00,1.457405742257833481e-03
2.222656011581420898e-01,4.786091804504394531e+00,1.436577644199132919e-02
1.573525555431842804e-02,3.268887042999267578e+00,1.989628945011645555e-04
3.188757225871086121e-02,4.549614787101745605e-01,2.225148491561412811e-03
8.052781969308853149e-02,4.935666084289550781e+00,3.271879861131310463e-03
1.882344931364059448e-01,4.217344760894775391e+00,8.556684479117393494e-03
4.521297663450241089e-02,2.963865995407104492e-01,1.371272094547748566e-02
2.192065306007862091e-02,4.716891765594482422e+00,6.548981764353811741e-04
2.067495696246623993e-02,3.343427658081054688e+00,2.199543453752994537e-02
1.734982281923294067e-01,4.467092514038085938e+00,1.121943932957947254e-03
1.749600172042846680e-01,2.838027238845825195e+00,1.081019733101129532e-02
1.630313321948051453e-02,5.790415406227111816e-01,2.702997531741857529e-03
8.926386944949626923e-03,1.712733387947082520e+00,1.270730863325297832e-03
6.703543663024902344e-02,6.253967285156250000e-01,1.105457544326782227e-03
1.485341638326644897e-01,4.737871646881103516e+00,5.586628336459398270e-03
7.671361323446035385e-03,4.057993888854980469e+00,1.098494278267025948e-03
8.806529454886913300e-03,3.004174470901489258e+00,2.156745409592986107e-03
5.853561311960220337e-02,4.135021209716796875e+00,4.045613110065460205e-03
1.284054946154356003e-02,4.846687793731689453e+00,8.933362551033496857e-04
1.369188260287046432e-02,4.709356129169464111e-01,3.725152695551514626e-03
5.995948985219001770e-02,6.237764358520507812e-01,1.937916968017816544e-03
4.851804114878177643e-03,3.287004947662353516e+00,4.542969109024852514e-04
6.085615139454603195e-03,3.357258319854736328e+00,1.579210394993424416e-03
1.773971319198608398e-01,3.371601104736328125e+00,1.712519675493240356e-02
2.244148254394531250e-01,5.724672079086303711e-01,8.705522865056991577e-03
4.650690406560897827e-02,3.746451139450073242e+00,7.021505851298570633e-03
5.594198592007160187e-03,1.666054964065551758e+00,3.004257800057530403e-03
2.551328577101230621e-02,8.924542069435119629e-01,5.232068710029125214e-03
4.309517890214920044e-02,4.782042503356933594e+00,3.205114990123547614e-05
1.385271735489368439e-02,4.698323249816894531e+00,1.578339957632124424e-03
1.316107809543609619e-02,6.724013090133666992e-01,1.430013799108564854e-03
1.205062046647071838e-01,2.158910989761352539e+00,7.754781097173690796e-02
2.046792767941951752e-03,4.658322930335998535e-01,5.922039039433002472e-03
1.887938231229782104e-01,4.712816238403320312e+00,2.162213623523712158e-02
1.529894024133682251e-01,4.226572036743164062e+00,1.067671924829483032e-03
2.484455332159996033e-02,3.719248056411743164e+00,2.839394146576523781e-03
1.380437314510345459e-01,3.959232330322265625e+00,1.142029650509357452e-02
1.132181510329246521e-01,4.746792793273925781e+00,2.227862179279327393e-02
3.493713680654764175e-03,6.712327003479003906e-01,3.629511222243309021e-03
1.174773350358009338e-01,3.939915657043457031e+00,8.127475739456713200e-04
1.183546520769596100e-02,1.407318830490112305e+00,2.202722942456603050e-03
1.688288897275924683e-01,3.845645189285278320e+00,3.020334523171186447e-03
1.360988318920135498e-01,4.948668479919433594e+00,1.259210868738591671e-03
1.532857120037078857e-01,6.720883846282958984e-01,1.733409240841865540e-02
1.828322559595108032e-01,3.085863113403320312e+00,1.552565954625606537e-02
1.150301657617092133e-02,2.180169820785522461e+00,1.697738189250230789e-03
1.837127842009067535e-02,1.768451571464538574e+00,2.493436113581992686e-05
1.258454173803329468e-01,4.879472255706787109e+00,4.142278339713811874e-03
7.972002029418945312e-02,1.697926640510559082e+00,1.037208014167845249e-03
1.676075160503387451e-01,1.650481462478637695e+00,3.687418357003480196e-04
2.678517252206802368e-02,8.661211133003234863e-01,1.467220764607191086e-02
8.359897881746292114e-02,3.299346923828125000e+00,1.327270921319723129e-02
1.299006193876266479e-01,3.428862810134887695e+00,4.600835219025611877e-02
1.394242793321609497e-01,3.023541450500488281e+00,5.437063053250312805e-02
2.301487885415554047e-02,4.741911411285400391e+00,1.703779795207083225e-03
2.800319343805313110e-02,1.540405035018920898e+00,1.376509899273514748e-03
1.138699520379304886e-02,1.949130773544311523e+00,1.244209241122007370e-03
1.493900567293167114e-01,3.518028497695922852e+00,1.216494757682085037e-02
5.199064314365386963e-02,5.235789418220520020e-01,1.159703824669122696e-02
2.440178394317626953e-02,1.258393228054046631e-01,4.609989933669567108e-03
3.137286985293030739e-03,3.600746154785156250e+00,2.839189255610108376e-03
1.545380335301160812e-02,2.313520431518554688e+00,1.710538170300424099e-03
2.734389342367649078e-02,3.245623826980590820e+00,6.895093247294425964e-04
1.102373450994491577e-01,6.252404451370239258e-01,1.108596101403236389e-02
1.060403790324926376e-02,4.155795574188232422e+00,1.029630439006723464e-04
1.260649561882019043e-01,3.001222372055053711e+00,5.958135006949305534e-04
1.478458847850561142e-02,2.928884506225585938e+00,4.355577402748167515e-04
4.801169782876968384e-02,4.761410236358642578e+00,6.814095191657543182e-03
1.407535523176193237e-01,4.729657173156738281e+00,3.201889572665095329e-03
3.306724503636360168e-02,4.762931823730468750e+00,1.567741564940661192e-04
1.562433987855911255e-01,4.842160224914550781e+00,1.592440344393253326e-02
2.320943400263786316e-02,5.070126652717590332e-01,3.595668124035000801e-03
2.947257133200764656e-03,3.043189525604248047e+00,1.417787279933691025e-02
1.880531907081604004e-01,2.048815488815307617e+00,9.128997102379798889e-03
1.651801168918609619e-01,4.249422073364257812e+00,5.659234896302223206e-02
1.461293897591531277e-03,5.901474356651306152e-01,1.548710558563470840e-02
2.276868373155593872e-01,1.115870118141174316e+00,1.793313026428222656e-02
2.793087810277938843e-02,3.447519302368164062e+00,1.125630224123597145e-03
7.447852194309234619e-02,4.977899074554443359e+00,3.641133662313222885e-03
2.922740019857883453e-02,4.080766201019287109e+00,2.036732854321599007e-03
2.517835050821304321e-02,5.480139851570129395e-01,8.249843376688659191e-04
2.851786278188228607e-02,3.211424350738525391e+00,1.448445837013423443e-04
5.871503613889217377e-03,5.409080982208251953e-01,4.598776809871196747e-03
1.554147601127624512e-01,4.627175807952880859e+00,3.081825561821460724e-03
1.246887594461441040e-01,3.836761713027954102e+00,7.546356646344065666e-04
1.932175159454345703e-01,3.274168252944946289e+00,5.443729460239410400e-03
1.002267152070999146e-01,3.060766220092773438e+00,2.268596924841403961e-02
1.122901141643524170e-01,3.962871074676513672e+00,8.261107141152024269e-04
1.231606770306825638e-02,3.079921722412109375e+00,2.756450092419981956e-03
7.599619776010513306e-02,8.654443025588989258e-01,3.950074024032801390e-04
2.561344951391220093e-02,5.321319103240966797e-01,2.448738552629947662e-03
2.585395798087120056e-02,8.196970820426940918e-01,3.011067456100136042e-04
3.684361651539802551e-02,4.622499465942382812e+00,1.335447537712752819e-03
2.937621064484119415e-02,3.116658926010131836e+00,2.224995056167244911e-03
4.276062548160552979e-02,4.688461780548095703e+00,4.248211160302162170e-03
3.458349406719207764e-01,1.964145302772521973e+00,2.455379255115985870e-02
5.792140029370784760e-03,3.962512731552124023e+00,3.454970719758421183e-04
1.582199782133102417e-01,9.397788643836975098e-01,3.301217220723628998e-03
1.654803007841110229e-02,4.846497535705566406e+00,3.575802547857165337e-04
1.726032346487045288e-01,2.960463762283325195e+00,2.941691502928733826e-02
2.057234011590480804e-02,3.781582117080688477e+00,7.448564283549785614e-04
8.714134246110916138e-02,2.058029651641845703e+00,2.215266972780227661e-02
1.095977053046226501e-01,2.189383745193481445e+00,2.063920022919774055e-03
1.442179679870605469e-01,3.671778917312622070e+00,1.600550487637519836e-02
1.209714636206626892e-01,4.865671694278717041e-01,1.621056161820888519e-02
1.922326721251010895e-02,3.504126310348510742e+00,3.012449713423848152e-03
1.616783887147903442e-01,3.240846872329711914e+00,5.158392013981938362e-04
1.686157844960689545e-02,3.154958486557006836e+00,2.002782188355922699e-02
1.517993360757827759e-01,7.235648632049560547e-01,1.557112485170364380e-02
2.487831003963947296e-02,5.918542742729187012e-01,3.460909938439726830e-03
2.128319069743156433e-02,3.858342885971069336e+00,2.696187875699251890e-04
3.950437903404235840e-02,6.734150052070617676e-01,1.982460962608456612e-04
1.216012910008430481e-01,4.741884708404541016e+00,4.587512812577188015e-04
2.136849313974380493e-01,2.094845056533813477e+00,2.566498471423983574e-03
3.072462603449821472e-02,1.735594570636749268e-01,3.430650802329182625e-03
2.759663388133049011e-02,6.632095575332641602e-01,6.411765934899449348e-04
4.276083037257194519e-02,2.852148056030273438e+00,5.901149474084377289e-03
2.225524336099624634e-01,3.823770999908447266e+00,1.420470140874385834e-02
7.437362521886825562e-02,1.213144734501838684e-01,9.119985625147819519e-03
7.996035739779472351e-03,3.060825824737548828e+00,2.365385182201862335e-03
9.381290525197982788e-02,3.482338666915893555e+00,9.555441210977733135e-04
1.374668776988983154e-01,4.768202781677246094e+00,1.427453849464654922e-02
3.495137020945549011e-02,2.145596742630004883e+00,2.943483414128422737e-04
6.754357367753982544e-02,1.681960582733154297e+00,2.841083623934537172e-04
1.867584325373172760e-02,1.407506227493286133e+00,5.531792994588613510e-03
1.736761070787906647e-02,3.203383922576904297e+00,2.398915961384773254e-02
1.636660285294055939e-02,4.704343974590301514e-01,3.557933727279305458e-03
3.135773539543151855e-02,6.979636549949645996e-01,1.712842145934700966e-03
2.022608518600463867e-01,2.229651927947998047e+00,1.721709966659545898e-02
1.048794761300086975e-02,2.064054489135742188e+00,7.646708399988710880e-04
1.764549612998962402e-01,4.749073028564453125e+00,6.362614221870899200e-04
1.979062408208847046e-01,4.358067512512207031e+00,4.525560943875461817e-04
1.550661176443099976e-01,1.793339014053344727e+00,2.133526280522346497e-02
1.870047152042388916e-01,3.632349967956542969e+00,6.204918609000742435e-04
5.958775430917739868e-02,2.842611312866210938e+00,1.833950541913509369e-02
2.561040781438350677e-02,4.483963847160339355e-01,1.783600426279008389e-03
1.941440254449844360e-01,7.042981386184692383e-01,2.788194222375750542e-03
1.804824471473693848e-01,3.400101423263549805e+00,3.153607947751879692e-03
7.272720336914062500e-02,2.272807359695434570e+00,1.653690822422504425e-02
4.939124360680580139e-02,5.629999637603759766e-01,1.980515429750084877e-03
8.900100737810134888e-02,4.002784252166748047e+00,2.050556795438751578e-04
7.649839669466018677e-02,5.072445273399353027e-01,4.459564574062824249e-03
1.960969865322113037e-01,4.259871482849121094e+00,1.312100328505039215e-03
1.729978322982788086e-01,7.670022845268249512e-01,3.485383465886116028e-03
7.071337103843688965e-02,3.224544048309326172e+00,9.946608915925025940e-04
9.142847731709480286e-03,6.445786952972412109e-01,2.523080911487340927e-03
1.248626504093408585e-02,1.927340507507324219e+00,4.434937145560979843e-04
1.032294631004333496e-01,4.608233928680419922e+00,1.782177016139030457e-02
4.226447269320487976e-02,3.641318082809448242e+00,6.806005723774433136e-03
1.273579895496368408e-01,4.708948135375976562e-01,3.971731290221214294e-03
2.176151145249605179e-03,4.770482540130615234e+00,1.686576637439429760e-03
3.007786907255649567e-02,5.246641039848327637e-01,1.616335473954677582e-02
4.211963713169097900e-02,1.448369026184082031e-01,1.791229238733649254e-03
6.987606734037399292e-02,1.862146854400634766e-01,6.573045975528657436e-04
1.413679420948028564e-01,4.779041290283203125e+00,6.805493612773716450e-04
1.573700606822967529e-01,1.922823190689086914e+00,8.580339141190052032e-03
1.691368035972118378e-02,6.165341734886169434e-01,2.888699527829885483e-03
6.805789470672607422e-02,3.636221408843994141e+00,1.052240282297134399e-02
1.923535019159317017e-01,4.692338466644287109e+00,1.214897353202104568e-02
1.261113137006759644e-01,3.879112482070922852e+00,4.074023663997650146e-02
5.059005692601203918e-02,8.746857047080993652e-01,1.846883562393486500e-03
3.478245064616203308e-02,4.034162998199462891e+00,4.289375618100166321e-03
1.638141125440597534e-01,2.982193231582641602e+00,1.701808534562587738e-02
1.154735237360000610e-01,4.088358879089355469e+00,3.540423465892672539e-03
1.000624597072601318e-01,2.887825250625610352e+00,5.442551628220826387e-05
1.174407154321670532e-01,3.006880998611450195e+00,1.035262393997982144e-04
4.639699682593345642e-02,4.812097549438476562e-01,6.085366476327180862e-03
1.767633557319641113e-01,3.428269863128662109e+00,5.765822902321815491e-02
1.444361954927444458e-01,1.526298165321350098e+00,6.961704697459936142e-03
1.828932389616966248e-02,3.580431461334228516e+00,1.164695830084383488e-03
3.671249747276306152e-02,4.036183834075927734e+00,1.050673541612923145e-03
4.733370617032051086e-02,2.746145248413085938e+00,1.929197646677494049e-02
4.809396341443061829e-02,3.669596672058105469e+00,1.033624052070081234e-03
6.355709582567214966e-02,4.175913810729980469e+00,9.927665087161585689e-05
2.355182915925979614e-01,3.894409894943237305e+00,1.424704398959875107e-02
3.283613175153732300e-02,3.035726785659790039e+00,7.524852408096194267e-04
1.477356627583503723e-02,2.838395595550537109e+00,2.380386693403124809e-03
2.245543152093887329e-02,3.167485475540161133e+00,6.693365867249667645e-04
2.696652896702289581e-02,9.718307107686996460e-02,1.215690979734063148e-03
4.397073388099670410e-02,3.736914634704589844e+00,1.302986755035817623e-03
1.619731783866882324e-01,1.957017064094543457e+00,1.691681332886219025e-02
1.883481256663799286e-02,4.926690578460693359e+00,9.687229990959167480e-03
6.103650666773319244e-03,3.510449171066284180e+00,6.845992524176836014e-03
1.561473757028579712e-01,1.870660901069641113e+00,1.310861390084028244e-02
4.717249423265457153e-02,4.640921592712402344e+00,9.195505990646779537e-04
3.470927104353904724e-02,2.703048706054687500e+00,5.065976176410913467e-03
1.418557316064834595e-01,4.007126331329345703e+00,5.051384214311838150e-04
1.884692907333374023e-01,4.934093952178955078e+00,6.543503608554601669e-03
9.345384687185287476e-02,4.837838649749755859e+00,1.150308642536401749e-03
1.025369204580783844e-02,2.338170766830444336e+00,8.407282643020153046e-03
6.516740471124649048e-02,5.162345767021179199e-01,1.228286069817841053e-03
6.137821450829505920e-02,1.486635208129882812e+00,1.092232577502727509e-02
1.002095118165016174e-01,4.706165313720703125e+00,2.986388979479670525e-03
1.736354678869247437e-01,3.311657905578613281e+00,1.414858619682490826e-03
8.038706332445144653e-02,8.077591061592102051e-01,1.507202815264463425e-02
1.784641668200492859e-02,4.009641647338867188e+00,8.311283309012651443e-04
1.733610033988952637e-02,4.853886604309082031e+00,1.597355678677558899e-02
1.845304220914840698e-01,3.054711818695068359e+00,1.687784865498542786e-02
3.106198087334632874e-02,1.690400600433349609e+00,1.843519695103168488e-02
1.323125045746564865e-02,3.483151674270629883e+00,2.871291653718799353e-04
4.484076052904129028e-02,4.951244354248046875e+00,1.926161535084247589e-02
8.869868516921997070e-02,4.699373245239257812e-01,1.747043803334236145e-02
5.969759449362754822e-02,1.083261132240295410e+00,2.335428074002265930e-02
4.397560656070709229e-02,6.660829186439514160e-01,2.087466791272163391e-02
1.402342617511749268e-01,6.503845453262329102e-01,6.882293382659554482e-04
3.383686393499374390e-02,5.343524217605590820e-01,1.615511137060821056e-03
9.491272270679473877e-02,8.937981128692626953e-01,1.840995624661445618e-03
2.250853553414344788e-02,4.939174056053161621e-01,1.199501473456621170e-02
3.034543395042419434e-01,4.816391944885253906e+00,1.588677242398262024e-02
1.691363900899887085e-01,4.070681095123291016e+00,1.240287348628044128e-02
1.917341165244579315e-02,3.326368808746337891e+00,1.015140791423618793e-03
2.355801165103912354e-01,4.760086059570312500e+00,3.851872403174638748e-03
4.233827441930770874e-02,5.253121852874755859e-01,9.007806889712810516e-03
1.667775362730026245e-01,3.044915676116943359e+00,1.653281226754188538e-02
5.623998492956161499e-02,3.154548168182373047e+00,1.731734955683350563e-03
8.755802363157272339e-02,8.920189738273620605e-01,1.716170110739767551e-03
1.507994234561920166e-01,6.443965435028076172e-01,5.180971231311559677e-03
4.044606164097785950e-02,4.658334255218505859e+00,1.721750944852828979e-03
1.377148032188415527e-01,2.003629684448242188e+00,2.281007589772343636e-03
4.220673814415931702e-02,3.074641704559326172e+00,4.547064891085028648e-04
4.275212436914443970e-02,6.401665806770324707e-01,2.348079578951001167e-03
1.126534491777420044e-01,4.735720157623291016e+00,1.428989780833944678e-04
1.339502166956663132e-02,1.237734198570251465e+00,1.104126335121691227e-03
1.476841862313449383e-03,3.641403675079345703e+00,1.314609195105731487e-03
8.354131132364273071e-02,1.550916194915771484e+00,1.050059217959642410e-03
2.299919351935386658e-02,3.448801755905151367e+00,1.361764268949627876e-03
2.088702982291579247e-03,3.115455389022827148e+00,7.560692611150443554e-04
8.016154915094375610e-02,4.759378910064697266e+00,5.086405202746391296e-03
1.427983790636062622e-01,4.054407596588134766e+00,6.206623464822769165e-02
1.978271454572677612e-02,4.790001392364501953e+00,4.766712663695216179e-05
2.412841841578483582e-02,6.664386391639709473e-02,5.799158941954374313e-03
1.512281745672225952e-01,3.108236312866210938e+00,9.853526949882507324e-03
1.836464405059814453e-01,4.205451488494873047e+00,8.626111783087253571e-03
1.162621155381202698e-01,2.120603084564208984e+00,1.325632538646459579e-02
1.826186925172805786e-01,2.146463394165039062e+00,8.676595054566860199e-03
3.419229015707969666e-02,1.412537574768066406e+00,6.826536729931831360e-03
8.180440962314605713e-02,1.950083017349243164e+00,7.502836524508893490e-04
1.696310639381408691e-01,8.731815814971923828e-01,1.273490488529205322e-02
1.655988045968115330e-03,5.761376619338989258e-01,7.749466691166162491e-03
2.233104780316352844e-02,3.032443046569824219e+00,1.997155370190739632e-03
3.790816292166709900e-02,3.715168476104736328e+00,4.606661852449178696e-03
7.925721257925033569e-02,2.780706167221069336e+00,1.634378358721733093e-02
1.168986782431602478e-01,8.566601872444152832e-01,2.348658069968223572e-02
3.443200141191482544e-03,6.766821146011352539e-01,4.518392961472272873e-03
1.718212068080902100e-01,2.696425914764404297e+00,8.711000904440879822e-03
2.569128870964050293e-01,1.821043014526367188e+00,2.495571225881576538e-02
1.170488744974136353e-01,3.913340091705322266e+00,1.554941554786637425e-04
1.912175714969635010e-01,4.268046379089355469e+00,2.624758891761302948e-02
3.002103231847286224e-02,4.179154872894287109e+00,9.818762540817260742e-03
1.941136270761489868e-01,4.761896133422851562e+00,6.742978468537330627e-03
2.386106364428997040e-02,2.823284864425659180e+00,6.630902062170207500e-04
7.961433380842208862e-02,6.469708681106567383e-01,1.591431722044944763e-02
1.423023641109466553e-01,2.933061361312866211e+00,4.440569318830966949e-04
2.197075262665748596e-02,7.207350134849548340e-01,3.827552543953061104e-03
1.891386508941650391e-02,4.284677028656005859e+00,2.238716464489698410e-03
8.265355974435806274e-02,5.880944728851318359e-01,4.526073098531924188e-05
1.268400698900222778e-01,3.167537927627563477e+00,6.409923080354928970e-03
6.054243072867393494e-02,4.277471065521240234e+00,2.702690195292234421e-03
3.803513944149017334e-02,2.130351066589355469e+00,8.252352476119995117e-03
1.489511597901582718e-02,4.749821186065673828e+00,1.746685360558331013e-03
7.199140638113021851e-02,3.614383935928344727e+00,1.403441070578992367e-03
1.241538748145103455e-01,3.863392174243927002e-01,1.710230950266122818e-03
5.630812048912048340e-02,1.756461501121520996e+00,1.988103240728378296e-02
7.654604036360979080e-03,3.284387350082397461e+00,1.626467914320528507e-03
9.928102791309356689e-02,4.795186519622802734e+00,5.287569481879472733e-03
1.586596108973026276e-02,4.719587266445159912e-01,6.611189804971218109e-03
1.378299295902252197e-02,2.917693376541137695e+00,1.154711819253861904e-03
1.333805769681930542e-01,5.454761385917663574e-01,1.122814283007755876e-04
3.294230625033378601e-02,5.740920901298522949e-01,2.986952196806669235e-03
2.449234202504158020e-02,5.557854175567626953e-01,2.892974764108657837e-02
5.477430298924446106e-02,3.198412656784057617e+00,2.059619175270199776e-03
3.465174464508891106e-03,3.529887676239013672e+00,2.655125455930829048e-03
1.246139928698539734e-01,4.944688081741333008e-01,7.382824085652828217e-03
9.045345708727836609e-03,5.004175901412963867e-01,2.206767909228801727e-03
2.453003972768783569e-01,4.651291847229003906e+00,1.807715627364814281e-03
2.147080004215240479e-02,6.902273297309875488e-01,2.025622408837080002e-03
5.777304247021675110e-02,3.718203067779541016e+00,1.741985231637954712e-02
6.460170447826385498e-02,3.537233591079711914e+00,7.866867817938327789e-04
1.385696697980165482e-03,1.315610766410827637e+00,2.593429526314139366e-03
4.596234858036041260e-02,4.773737430572509766e+00,7.158875465393066406e-03
7.109775394201278687e-02,4.676678657531738281e+00,2.710139751434326172e-02
4.532215744256973267e-02,3.503763437271118164e+00,8.238681592047214508e-03
1.189347952604293823e-01,3.583801269531250000e+00,1.779350917786359787e-03
1.206913311034440994e-02,3.310716629028320312e+00,1.857389695942401886e-02
1.574786566197872162e-02,3.361936569213867188e+00,7.171061006374657154e-04
1.412523388862609863e-01,2.440477132797241211e+00,4.418143536895513535e-03
3.191666677594184875e-02,2.864745855331420898e+00,1.214718096889555454e-03
1.610295921564102173e-01,3.512502193450927734e+00,2.666092477738857269e-02
2.208736166357994080e-02,5.445193052291870117e-01,6.022646557539701462e-04
1.549475342035293579e-01,3.413403034210205078e+00,1.814786344766616821e-02
1.770181357860565186e-01,4.757916450500488281e+00,2.962468378245830536e-02
2.381525002419948578e-02,4.710659980773925781e+00,1.222193334251642227e-02
1.670657694339752197e-01,4.887542724609375000e+00,1.606474258005619049e-02
3.132902458310127258e-02,6.386994719505310059e-01,7.005531806498765945e-03
1.778147071599960327e-01,4.719629287719726562e+00,2.159791812300682068e-02
4.300306737422943115e-02,1.665241569280624390e-01,4.146937746554613113e-03
2.189867943525314331e-02,3.058446168899536133e+00,3.495418641250580549e-04
7.618833333253860474e-02,3.794615745544433594e+00,4.341804422438144684e-03
3.107804618775844574e-02,4.788052082061767578e+00,1.052158404490910470e-04
1.470839381217956543e-01,4.681457042694091797e+00,5.870480556041002274e-03
2.292691171169281006e-02,3.620785951614379883e+00,1.885068416595458984e-02
1.639369060285389423e-03,6.612311601638793945e-01,3.916640300303697586e-03
2.066904865205287933e-02,3.983251571655273438e+00,1.510837953537702560e-02
6.240351125597953796e-02,3.180590391159057617e+00,1.745645888149738312e-02
3.957420587539672852e-03,4.738988876342773438e+00,1.398218679241836071e-03
5.417159944772720337e-02,3.771876096725463867e+00,1.063268748112022877e-03
2.590516209602355957e-02,1.316280126571655273e+00,7.177204824984073639e-04
3.276571631431579590e-02,4.416725158691406250e+00,1.597079099155962467e-03
1.242494806647300720e-01,4.849871635437011719e+00,2.023374848067760468e-02
1.775400340557098389e-01,3.643804073333740234e+00,3.692743135616183281e-03
4.053292423486709595e-02,6.194186806678771973e-01,2.086755121126770973e-03
1.539893746376037598e-01,4.636205673217773438e+00,2.576226368546485901e-03
2.418373338878154755e-02,2.644970178604125977e+00,8.462425321340560913e-03
2.738818898797035217e-02,1.230372264981269836e-01,4.731948021799325943e-03
3.373804688453674316e-02,1.275151222944259644e-01,3.872506087645888329e-03
2.219161540269851685e-01,7.492389678955078125e-01,6.642933934926986694e-02
2.600784599781036377e-02,6.505485177040100098e-01,9.393445216119289398e-03
2.767268009483814240e-02,5.821023583412170410e-01,3.308078041300177574e-03
7.006437331438064575e-02,4.943494796752929688e+00,1.547666080296039581e-02
1.736515760421752930e-02,1.865189969539642334e-01,5.065976176410913467e-03
1.046683639287948608e-02,6.091893911361694336e-01,1.738134888000786304e-03
9.185784310102462769e-02,3.186418533325195312e+00,4.753912799060344696e-04
1.812527514994144440e-02,1.872556447982788086e+00,6.013942766003310680e-04
1.409632116556167603e-01,7.125784158706665039e-01,1.979286549612879753e-03
2.155631408095359802e-02,1.021640539169311523e+00,1.061630318872630596e-03
2.548364177346229553e-02,3.394810676574707031e+00,1.240727724507451057e-03
2.341214381158351898e-02,6.928899884223937988e-01,3.750343108549714088e-03
2.118537575006484985e-02,4.853461384773254395e-01,1.929571386426687241e-03
8.308306336402893066e-03,5.031420588493347168e-01,4.581112880259752274e-03
2.343100961297750473e-03,3.546366214752197266e+00,3.324769204482436180e-03
1.077778711915016174e-01,4.736961364746093750e+00,8.907250594347715378e-04
2.311614714562892914e-02,1.617828011512756348e+00,2.074794843792915344e-02
3.665310516953468323e-02,9.369582533836364746e-01,9.128946112468838692e-04
4.122366197407245636e-03,4.839976131916046143e-01,6.902414839714765549e-03
5.840269383043050766e-03,4.682255744934082031e+00,3.988985903561115265e-03
1.474645137786865234e-01,3.915897369384765625e+00,1.573050953447818756e-02
2.598708262667059898e-03,3.839483022689819336e+00,1.601789495907723904e-03
1.516455709934234619e-01,4.682056903839111328e+00,6.275420542806386948e-03
2.799569629132747650e-02,3.431046247482299805e+00,5.496808141469955444e-02
1.177128329873085022e-01,3.258480787277221680e+00,9.384689852595329285e-03
3.467296063899993896e-02,8.023655414581298828e-01,2.054837159812450409e-02
2.345291525125503540e-02,1.983428716659545898e+00,2.097148826578631997e-04
5.571785196661949158e-02,4.958276748657226562e+00,2.361145801842212677e-02
1.612485013902187347e-02,3.720355987548828125e+00,1.976214582100510597e-03
7.989045977592468262e-02,1.583518266677856445e+00,7.436942309141159058e-03
8.229668438434600830e-02,1.919841051101684570e+00,2.026451937854290009e-02
1.087342426180839539e-01,3.246142387390136719e+00,1.617564260959625244e-02
1.479423493146896362e-01,2.132089614868164062e+00,4.544556140899658203e-03
4.680500924587249756e-02,4.743331432342529297e+00,3.340180497616529465e-03
8.481889963150024414e-03,4.741192817687988281e+00,1.036957092583179474e-02
1.487057805061340332e-01,3.816023111343383789e+00,2.105048857629299164e-02
1.193179264664649963e-01,4.751081466674804688e+00,8.570867066737264395e-05
3.920658491551876068e-03,3.944074153900146484e+00,7.853044196963310242e-03
1.872704736888408661e-02,3.034124135971069336e+00,9.585137013345956802e-04
2.175518870353698730e-02,5.878971219062805176e-01,1.319780363701283932e-03
2.993956208229064941e-02,2.955561161041259766e+00,2.293295692652463913e-03
4.546474665403366089e-02,5.203392505645751953e-01,2.950446680188179016e-03
1.072306931018829346e-01,4.073328018188476562e+00,5.482267588376998901e-02
1.048322096467018127e-01,7.301075458526611328e-01,8.472000248730182648e-03
1.514040678739547729e-01,1.368608921766281128e-01,4.304377362132072449e-04
3.527390211820602417e-02,4.756892025470733643e-01,1.684170216321945190e-03
1.436379365622997284e-02,3.062861442565917969e+00,2.415407449007034302e-03
2.802706882357597351e-02,4.867219030857086182e-01,2.461231313645839691e-03
1.080062538385391235e-01,3.325265884399414062e+00,3.482618776615709066e-04
1.282887905836105347e-01,4.932499885559082031e+00,2.195529453456401825e-02
1.376447826623916626e-01,7.903982400894165039e-01,1.197002944536507130e-03
1.650256365537643433e-01,4.724321842193603516e+00,2.409007400274276733e-03
5.653418600559234619e-03,2.778668165206909180e+00,1.260388409718871117e-03
2.375516481697559357e-02,4.191627502441406250e+00,2.573717618361115456e-03
7.225520908832550049e-02,4.412065982818603516e+00,1.489149755798280239e-03
1.020952239632606506e-01,4.759535312652587891e+00,6.901544518768787384e-03
3.527172654867172241e-02,4.076077938079833984e+00,1.590269501321017742e-03
2.206210512667894363e-03,4.074753761291503906e+00,1.884582079946994781e-02
1.931769587099552155e-02,6.988430023193359375e-01,2.428975421935319901e-03
3.922834992408752441e-03,3.831445932388305664e+00,1.437750086188316345e-02
1.219913363456726074e-01,8.432522416114807129e-01,6.988635752350091934e-03
1.067897528409957886e-01,3.026416778564453125e+00,2.355452394112944603e-03
1.390005797147750854e-01,2.986233711242675781e+00,8.014579303562641144e-03
4.111745581030845642e-02,5.720860958099365234e-01,1.709309406578540802e-03
9.127472527325153351e-03,4.779112815856933594e+00,1.892912317998707294e-03
6.748113781213760376e-02,3.960358858108520508e+00,4.381177132017910480e-04
3.470993041992187500e-02,5.237038731575012207e-01,2.734429016709327698e-02
1.187640801072120667e-01,4.062978267669677734e+00,2.065491862595081329e-02
1.726247183978557587e-02,9.187094569206237793e-01,9.367793798446655273e-03
5.119728669524192810e-02,1.111446768045425415e-01,2.591740107163786888e-03
1.752832084894180298e-01,3.395034551620483398e+00,8.938584476709365845e-03
1.898656040430068970e-01,1.851831912994384766e+00,6.694287527352571487e-03
1.289585530757904053e-01,4.647442340850830078e+00,2.155537158250808716e-02
1.665914431214332581e-02,4.649076938629150391e+00,6.455798284150660038e-04
4.486135020852088928e-02,2.950872898101806641e+00,7.887347601354122162e-04
1.055715233087539673e-02,3.633957147598266602e+00,7.754740072414278984e-04
1.330187264829874039e-02,5.055702328681945801e-01,3.692436031997203827e-03
1.494308710098266602e-01,4.672221183776855469e+00,4.220460541546344757e-03
1.457310169935226440e-01,4.146533012390136719e+00,1.996510289609432220e-02
7.077338546514511108e-02,3.896196365356445312e+00,7.836148142814636230e-04
1.210375223308801651e-02,4.763994216918945312e+00,7.941619842313230038e-04
5.936265736818313599e-02,2.141309022903442383e+00,6.602076347917318344e-03
1.221329644322395325e-01,5.042124986648559570e-01,1.560609415173530579e-02
3.128469735383987427e-02,5.578945875167846680e-01,2.400477603077888489e-02
3.835162520408630371e-02,3.145084142684936523e+00,1.273905276320874691e-03
1.466200221329927444e-02,4.355220317840576172e+00,2.294422127306461334e-03
2.882519364356994629e-02,2.121764659881591797e+00,1.546171028167009354e-02
4.736763611435890198e-02,4.730603694915771484e+00,1.964541006600484252e-04
9.220410883426666260e-02,3.366002798080444336e+00,1.846965402364730835e-02
4.806611686944961548e-02,4.698625087738037109e+00,1.004184037446975708e-02
1.332222670316696167e-01,3.218272924423217773e+00,5.682730581611394882e-03
6.408122926950454712e-02,1.730136513710021973e+00,1.291313208639621735e-02
1.256911829113960266e-02,7.974535822868347168e-01,1.385613251477479935e-02
2.514528483152389526e-02,3.572237968444824219e+00,2.337429905310273170e-03
3.645654395222663879e-02,4.017058849334716797e+00,1.115067768841981888e-02
4.621384665369987488e-03,4.826049327850341797e+00,5.740023334510624409e-04
5.214011296629905701e-02,8.531605601310729980e-01,6.811125786043703556e-04
2.211938984692096710e-02,4.820867061614990234e+00,5.655697081238031387e-03
2.978940308094024658e-02,5.298573970794677734e-01,2.158332616090774536e-03
2.411798387765884399e-02,4.609068393707275391e+00,1.151486212620511651e-04
4.967487230896949768e-02,4.218770980834960938e+00,2.829870907589793205e-03
1.586829721927642822e-01,4.164719581604003906e+00,1.032082922756671906e-02
6.365165859460830688e-02,3.742652654647827148e+00,7.182222791016101837e-03
6.718068569898605347e-02,4.992541074752807617e-01,7.706816773861646652e-03
1.960019022226333618e-01,3.246961116790771484e+00,4.073516931384801865e-03
1.991065777838230133e-02,1.093030050396919250e-01,9.073701687157154083e-03
1.831907220184803009e-02,1.981200873851776123e-01,3.593364031985402107e-03
1.137263551354408264e-01,1.554871916770935059e+00,1.139198284363374114e-04
2.201086468994617462e-02,2.892700195312500000e+00,1.560061646159738302e-04
1.185202226042747498e-01,1.844007015228271484e+00,8.280051406472921371e-04
1.898510940372943878e-02,3.240917921066284180e+00,9.779697284102439880e-04
2.984782867133617401e-02,3.374350786209106445e+00,5.442858673632144928e-03
1.916176639497280121e-02,3.473434448242187500e+00,1.223678118549287319e-04
6.147876009345054626e-02,4.504044532775878906e+00,1.729313097894191742e-02
7.525245659053325653e-03,2.453441858291625977e+00,1.946313772350549698e-03
1.709608882665634155e-01,3.906778097152709961e+00,5.855734925717115402e-04
2.280533760786056519e-01,4.016607284545898438e+00,1.449111383408308029e-03
4.640186950564384460e-02,8.162945508956909180e-03,8.547314791940152645e-04
6.223407387733459473e-02,1.029871582984924316e+00,2.058339305222034454e-02
1.951681822538375854e-01,4.021679401397705078e+00,4.928063973784446716e-02
9.360083192586898804e-02,1.281357645988464355e+00,2.006581239402294159e-02
6.135258078575134277e-02,5.104158520698547363e-01,1.036629453301429749e-02
3.182538226246833801e-02,3.323094546794891357e-02,5.539268255233764648e-03
1.111822389066219330e-02,3.343166112899780273e+00,1.707875751890242100e-03
2.449382841587066650e-02,4.050507068634033203e+00,2.862382913008332253e-03
1.870903074741363525e-01,4.302791595458984375e+00,1.179856061935424805e-02
1.321160495281219482e-01,4.690855979919433594e+00,7.249601650983095169e-03
1.574313640594482422e-01,2.282013177871704102e+00,7.039835676550865173e-03
2.657347917556762695e-02,5.141449570655822754e-01,1.256210543215274811e-02
1.602319478988647461e-01,1.909586787223815918e+00,1.948428340256214142e-02
2.408215403556823730e-02,2.193083524703979492e+00,6.501877796836197376e-04
3.925644233822822571e-02,4.963185489177703857e-01,1.777814817614853382e-03
3.216954320669174194e-02,3.001330614089965820e+00,7.459213957190513611e-03
1.306976005434989929e-02,3.372437477111816406e+00,6.774261710233986378e-04
1.662155427038669586e-02,4.862511157989501953e+00,1.851967722177505493e-02
6.607122719287872314e-02,1.630402922630310059e+00,7.245813030749559402e-04
2.445333451032638550e-02,3.142913579940795898e+00,1.089022334781475365e-04
3.209774568676948547e-02,2.729815542697906494e-01,2.693935064598917961e-03
4.150532186031341553e-02,4.044114589691162109e+00,1.182359759695827961e-03
1.052443310618400574e-02,4.088736534118652344e+00,1.278462004847824574e-04
1.937735378742218018e-01,4.443142890930175781e+00,3.304955025669187307e-04
3.227043151855468750e-02,2.206169128417968750e+00,9.402865543961524963e-04
2.421583235263824463e-02,7.938117384910583496e-01,2.007702598348259926e-03
9.476415812969207764e-02,3.699301481246948242e+00,1.306975260376930237e-02
3.405695259571075439e-01,4.703148841857910156e+00,4.948267713189125061e-03
1.351764239370822906e-02,3.961252927780151367e+00,7.476724567823112011e-04
2.523000352084636688e-02,3.573674917221069336e+00,1.863968931138515472e-02
1.099764183163642883e-02,5.955418944358825684e-01,3.913978114724159241e-03
1.632693782448768616e-02,1.649973750114440918e+00,3.131899284198880196e-04
2.316196262836456299e-02,3.882534027099609375e+00,2.965908963233232498e-03
2.540386281907558441e-02,5.232371091842651367e-01,1.913904212415218353e-03
2.118965983390808105e-02,3.875278711318969727e+00,3.047163365408778191e-03
1.174062304198741913e-02,2.368677139282226562e+00,1.986669562757015228e-02
9.016598761081695557e-02,2.074530839920043945e+00,6.316483020782470703e-03
1.566948741674423218e-01,3.067875862121582031e+00,9.246706031262874603e-05
3.875590264797210693e-01,2.182577610015869141e+00,1.125917024910449982e-02
9.721242636442184448e-02,6.295665502548217773e-01,2.126179169863462448e-03
3.073146753013134003e-02,1.478840112686157227e+00,1.310211140662431717e-02
1.419637352228164673e-01,3.854682445526123047e+00,6.376335863023996353e-03
1.266523823142051697e-02,3.180302143096923828e+00,4.101113881915807724e-05
2.574947476387023926e-02,4.964436292648315430e-01,3.400237997993826866e-03
1.992364786565303802e-02,3.773592472076416016e+00,1.274212496355175972e-03
4.027113318443298340e-02,5.400493144989013672e-01,1.046936027705669403e-03
3.012437373399734497e-02,4.817563056945800781e+00,9.980554692447185516e-03
1.165504101663827896e-03,3.751453876495361328e+00,7.857651798985898495e-04
1.376803312450647354e-02,4.750007629394531250e+00,1.047038385877385736e-04
1.153864189982414246e-01,4.773324966430664062e+00,7.204391993582248688e-03
1.449261605739593506e-01,4.789880752563476562e+00,1.486487337388098240e-03
7.086436450481414795e-02,4.271261990070343018e-01,1.224753330461680889e-03
1.427895724773406982e-01,4.177685260772705078e+00,1.520478911697864532e-02
1.161969546228647232e-02,4.894583821296691895e-01,3.680608700960874557e-03
1.462399512529373169e-01,3.118250846862792969e+00,9.928995743393898010e-03
4.521629214286804199e-02,3.381772756576538086e+00,3.863034071400761604e-04
1.472648382186889648e-01,4.422067642211914062e+00,1.285118050873279572e-02
1.031239400617778301e-03,4.819956302642822266e+00,9.624049416743218899e-04
5.711280927062034607e-02,4.744211673736572266e+00,1.034105289727449417e-02
9.401723742485046387e-02,7.188555002212524414e-01,6.176758324727416039e-04
3.635638207197189331e-02,4.164522171020507812e+00,2.753838896751403809e-03
1.561564654111862183e-01,3.078576326370239258e+00,3.481543390080332756e-03
1.698757559061050415e-01,3.363273382186889648e+00,7.613018620759248734e-03
2.239006198942661285e-02,4.753528594970703125e+00,8.002547838259488344e-05
1.968695372343063354e-01,4.294007778167724609e+00,1.400625053793191910e-02
8.785018324851989746e-02,4.399999141693115234e+00,6.749480962753295898e-03
6.105326488614082336e-02,3.550314426422119141e+00,5.088759935460984707e-04
3.003343567252159119e-02,5.705962181091308594e-01,3.679072717204689980e-03
3.449253365397453308e-02,4.792208671569824219e+00,3.539194585755467415e-03
6.216856837272644043e-02,5.515076518058776855e-01,2.570491982623934746e-03
4.406737163662910461e-02,2.272392988204956055e+00,1.308992505073547363e-02
3.434597048908472061e-03,4.581238746643066406e+00,1.559703261591494083e-03
4.182913526892662048e-02,3.298947334289550781e+00,7.146638818085193634e-03
1.754471808671951294e-01,3.650068283081054688e+00,3.974137944169342518e-04
1.592328026890754700e-02,5.169975757598876953e-01,2.829819684848189354e-03
1.740143150091171265e-01,4.649478912353515625e+00,4.280006047338247299e-03
4.542429000139236450e-02,3.825721979141235352e+00,4.217132925987243652e-03
1.641919612884521484e-01,3.899534463882446289e+00,6.150544155389070511e-03
1.192800626158714294e-01,2.722087621688842773e+00,1.752829295583069324e-03
1.656547747552394867e-02,1.862115859985351562e+00,3.477037884294986725e-03
1.781576275825500488e-01,3.245692968368530273e+00,3.866157261654734612e-03
2.312364429235458374e-02,3.714887857437133789e+00,2.318823896348476410e-02
1.393975019454956055e-01,3.108525276184082031e+00,1.244199089705944061e-02
2.140356460586190224e-03,1.809797167778015137e+00,1.105662318877875805e-03
1.754312776029109955e-02,4.714359283447265625e+00,7.108597201295197010e-04
2.250169403851032257e-02,3.710458517074584961e+00,6.447093910537660122e-04
1.491047739982604980e-01,3.077383995056152344e+00,1.214047428220510483e-02
3.947854638099670410e-01,3.365883111953735352e+00,9.995504282414913177e-03
3.853180678561329842e-03,3.591712474822998047e+00,2.426313003525137901e-03
1.087309271097183228e-01,8.536675572395324707e-01,6.294876802712678909e-03
1.031063217669725418e-02,3.123944997787475586e+00,1.196746947243809700e-03
1.404316164553165436e-02,2.019343137741088867e+00,1.961929723620414734e-03
2.017044462263584137e-03,1.926003694534301758e+00,1.534922397695481777e-03
4.647553339600563049e-02,3.445316314697265625e+00,1.378250657580792904e-03
1.136267092078924179e-02,2.274650096893310547e+00,1.644848729483783245e-03
4.494016245007514954e-02,1.795225143432617188e+00,1.041631679981946945e-02
2.747653424739837646e-02,1.781919360160827637e+00,3.878906136378645897e-04
1.898410730063915253e-02,5.447669029235839844e-01,2.556565683335065842e-03
1.178436428308486938e-01,4.031271934509277344e+00,1.290801260620355606e-02
4.821623861789703369e-02,4.208707809448242188e+00,3.164974274113774300e-03
1.375703215599060059e-01,4.870613515377044678e-01,2.837345935404300690e-03
2.569854818284511566e-02,1.576735377311706543e+00,1.915389002533629537e-04
1.914957165718078613e-02,3.360910415649414062e+00,2.229398116469383240e-03
6.373997777700424194e-02,5.183731913566589355e-01,7.185909198597073555e-04
1.418416295200586319e-02,3.285948038101196289e+00,1.143652596510946751e-03
2.216720767319202423e-02,5.818576812744140625e-01,2.078768098726868629e-03
2.105539664626121521e-02,3.895560026168823242e+00,1.948919892311096191e-02
1.173493936657905579e-01,3.949061632156372070e+00,4.620280815288424492e-04
6.491387635469436646e-02,6.756334900856018066e-01,2.118499251082539558e-03
3.749192878603935242e-02,2.551384687423706055e+00,4.791339859366416931e-03
2.271779030561447144e-01,2.020256757736206055e+00,3.137172665446996689e-03
1.793928891420364380e-01,4.029731750488281250e+00,3.441965905949473381e-03
1.034104079008102417e-01,4.726805210113525391e+00,2.018126845359802246e-02
1.548818945884704590e-01,4.849540889263153076e-01,5.011090077459812164e-03
1.209310069680213928e-01,3.683989048004150391e+00,5.628407234326004982e-04
5.581718683242797852e-02,3.549721956253051758e+00,1.738237333483994007e-04
1.699003763496875763e-02,5.306661725044250488e-01,1.522025186568498611e-02
2.086173929274082184e-02,7.802000045776367188e-01,2.803246956318616867e-03
4.788126796483993530e-03,3.232279777526855469e+00,1.865115948021411896e-02
1.739192754030227661e-01,3.709982395172119141e+00,3.600327298045158386e-03
4.644457623362541199e-02,3.484900474548339844e+00,5.652983090840280056e-04
1.464819908142089844e-01,3.933292627334594727e-01,3.886524587869644165e-02
2.434564009308815002e-02,4.764539241790771484e+00,1.865786500275135040e-02
1.879547685384750366e-01,4.660903930664062500e+00,8.512499043717980385e-04
1.478074640035629272e-01,8.228848576545715332e-01,2.124085091054439545e-02
3.940145019441843033e-03,3.936323821544647217e-01,2.525814995169639587e-02
7.831849902868270874e-02,2.567149512469768524e-02,5.271021649241447449e-02
1.843028366565704346e-01,4.646206378936767578e+00,2.203081501647830009e-03
2.390159294009208679e-03,6.204409599304199219e-01,3.884384408593177795e-03
1.871004253625869751e-01,1.978274822235107422e+00,1.450632046908140182e-02
4.686547443270683289e-02,2.042020559310913086e+00,1.464112894609570503e-03
9.956776350736618042e-02,3.229859828948974609e+00,5.633783526718616486e-03
1.170185673981904984e-02,3.294221162796020508e+00,2.261654241010546684e-03
4.035367444157600403e-02,3.482640981674194336e+00,2.732693450525403023e-03
4.087860509753227234e-02,1.997420787811279297e+00,3.835539799183607101e-03
1.718204468488693237e-01,3.199230670928955078e+00,1.432343386113643646e-02
5.748512968420982361e-02,5.872398018836975098e-01,2.030332805588841438e-03
2.655834518373012543e-02,6.957390308380126953e-01,1.024254481308162212e-03
4.245965182781219482e-02,4.713318824768066406e+00,5.638852249830961227e-03
1.162249743938446045e-01,5.986630320549011230e-01,1.111135538667440414e-02
8.862121962010860443e-03,3.379263877868652344e+00,1.308209146372973919e-03
1.737255044281482697e-02,1.548812985420227051e+00,3.228411078453063965e-03
5.154849588871002197e-02,5.705441236495971680e-01,1.954096136614680290e-03
6.090735644102096558e-02,3.750923395156860352e+00,1.835343055427074432e-02
1.431162189692258835e-02,3.269642591476440430e+00,1.504048937931656837e-03
5.447112023830413818e-02,1.841647863388061523e+00,1.027377671562135220e-03
3.022146224975585938e-02,4.995071887969970703e-01,3.375559579581022263e-03
1.709177643060684204e-01,2.782156705856323242e+00,1.281902659684419632e-02
4.425785318017005920e-02,3.246375918388366699e-01,1.929981051944196224e-03
3.531301394104957581e-02,1.470827460289001465e+00,7.436788291670382023e-04
1.807629019021987915e-01,3.948176860809326172e+00,1.679751649498939514e-02
4.278868064284324646e-02,3.664988040924072266e+00,1.439281040802598000e-03
4.843971505761146545e-02,1.730512261390686035e+00,9.482532739639282227e-03
4.581108689308166504e-02,1.918062925338745117e+00,1.354647567495703697e-03
1.232239082455635071e-01,3.665652513504028320e+00,1.207918766885995865e-02
1.748650670051574707e-01,3.187291145324707031e+00,2.287515252828598022e-02
5.841133370995521545e-02,3.813989877700805664e+00,7.331828965106979012e-05
1.722028478980064392e-02,3.171944379806518555e+00,1.016983995214104652e-03
1.831597238779067993e-01,1.129579022526741028e-01,1.868085376918315887e-02
1.008135266602039337e-02,3.089345693588256836e+00,8.145907486323267221e-05
1.890125311911106110e-02,5.468095541000366211e-01,9.936881251633167267e-04
5.867796391248703003e-02,5.333120226860046387e-01,1.835276558995246887e-02
3.127457201480865479e-02,2.219056606292724609e+00,1.319212093949317932e-02
8.834343403577804565e-02,1.986707210540771484e+00,3.585069673135876656e-03
1.695058122277259827e-02,2.081056833267211914e+00,1.428134739398956299e-02
1.547924727201461792e-01,5.414357185363769531e-01,8.412658935412764549e-04
6.627960130572319031e-03,4.796017646789550781e+00,1.978928223252296448e-03
1.333250552415847778e-01,3.615365266799926758e+00,1.874429144663736224e-04
1.285465955734252930e-01,3.330868482589721680e+00,5.072888452559709549e-04
7.749238982796669006e-03,4.644126594066619873e-01,8.084979839622974396e-03
3.262602910399436951e-02,3.081577777862548828e+00,6.222787313163280487e-03
1.229398977011442184e-02,2.165494918823242188e+00,2.287719957530498505e-02
1.592433452606201172e-01,4.677853107452392578e+00,3.366292454302310944e-03
1.306513044983148575e-02,1.705474376678466797e+00,1.253374037332832813e-03
2.018364332616329193e-02,1.986346483230590820e+00,1.692823017947375774e-03
2.057414054870605469e-01,4.928723335266113281e+00,1.294876728206872940e-02
1.760255545377731323e-02,4.792878925800323486e-01,8.513472042977809906e-03
8.767480403184890747e-02,2.741068124771118164e+00,5.106936208903789520e-03
4.225942865014076233e-02,3.510960817337036133e+00,2.289245836436748505e-02
7.525988668203353882e-02,3.463069677352905273e+00,5.874678958207368851e-03
4.018040001392364502e-02,3.606195449829101562e+00,1.147287781350314617e-03
1.543535385280847549e-02,6.331954002380371094e-01,2.825672505423426628e-03
1.676413863897323608e-01,8.666993975639343262e-01,4.937720368616282940e-04
1.319172419607639313e-02,9.678921103477478027e-01,7.234548684209585190e-04
1.605374552309513092e-02,4.547008574008941650e-01,3.083003219217061996e-03
2.812923491001129150e-02,1.790817856788635254e+00,6.515189888887107372e-04
2.296671457588672638e-02,8.098759651184082031e-01,1.642186194658279419e-02
4.394976049661636353e-02,4.047396183013916016e+00,1.843555597588419914e-03
1.036077216267585754e-01,4.840598106384277344e+00,9.225714020431041718e-04
2.001311480998992920e-01,2.936815738677978516e+00,2.199144102632999420e-02
1.405307743698358536e-02,3.332708597183227539e+00,1.793533191084861755e-02
1.633225977420806885e-01,3.808634281158447266e+00,4.118777811527252197e-03
1.196102332323789597e-02,5.274658799171447754e-01,1.647357479669153690e-03
1.351861357688903809e-01,5.033164620399475098e-01,2.228466421365737915e-02
4.014253243803977966e-02,3.547083377838134766e+00,4.088057670742273331e-03
2.985943853855133057e-02,4.311555385589599609e+00,1.838097721338272095e-02
7.235927134752273560e-02,3.596391439437866211e+00,2.850929461419582367e-02
2.767727524042129517e-02,3.225665330886840820e+00,2.554282173514366150e-02
3.676480799913406372e-02,4.909482479095458984e+00,1.821334823034703732e-03
3.355320170521736145e-02,5.943850874900817871e-01,3.162055974826216698e-03
1.830139905214309692e-01,2.533819437026977539e+00,9.943843819200992584e-03
1.221720054745674133e-01,3.410437822341918945e+00,1.258069090545177460e-02
1.156871914863586426e-01,6.779535412788391113e-01,1.368061930406838655e-04
2.200239300727844238e-01,1.045084118843078613e+00,1.875622011721134186e-02
1.345525830984115601e-01,7.179530262947082520e-01,1.540426444262266159e-02
3.577948734164237976e-02,9.606211781501770020e-01,4.376620519906282425e-03
4.976567346602678299e-03,1.261710166931152344e+00,1.219991710968315601e-03
1.125901844352483749e-02,4.643459916114807129e-01,2.906220220029354095e-02
1.670614778995513916e-01,4.615183830261230469e+00,8.942577987909317017e-03
1.444454491138458252e-01,3.649657964706420898e+00,1.576445531100034714e-03
4.272752627730369568e-02,4.729058265686035156e+00,1.247537322342395782e-03
1.415484398603439331e-01,2.980766296386718750e+00,9.258482023142278194e-04
3.487417101860046387e-01,2.717653989791870117e+00,4.541433008853346109e-05
5.556942149996757507e-02,3.291093826293945312e+00,8.626674534752964973e-04
1.727913171052932739e-01,4.774448871612548828e+00,1.280868425965309143e-02
2.066030725836753845e-02,1.397228837013244629e+00,2.629627939313650131e-03
4.064873978495597839e-02,1.598053216934204102e+00,3.842298174276947975e-03
1.044735033065080643e-02,2.706543207168579102e+00,3.426861949265003204e-03
3.245832026004791260e-02,1.075281262397766113e+00,1.006539212539792061e-03
1.466807276010513306e-01,1.850308060646057129e+00,1.517637353390455246e-02
1.906585320830345154e-02,3.860857009887695312e+00,4.795333370566368103e-03
4.366547614336013794e-02,3.160275936126708984e+00,1.021489617414772511e-03
2.143768370151519775e-01,3.848437070846557617e+00,1.365158893167972565e-02
1.562078744173049927e-01,4.691654682159423828e+00,8.350605145096778870e-03
2.482579275965690613e-02,5.015993714332580566e-01,2.177174203097820282e-03
2.479120716452598572e-02,3.420737504959106445e+00,1.705725328065454960e-03
3.421229496598243713e-02,4.785572052001953125e+00,5.084664444439113140e-04
1.210447773337364197e-02,6.001479625701904297e-01,6.217206246219575405e-04
1.211909651756286621e-01,3.857672587037086487e-02,1.790870795957744122e-03
1.640554815530776978e-01,4.531343460083007812e+00,4.912069067358970642e-03
1.226489804685115814e-02,5.828789472579956055e-01,7.114484906196594238e-03
1.307691168040037155e-02,4.810529649257659912e-01,1.397450687363743782e-03
4.792729020118713379e-02,3.539052486419677734e+00,2.099396474659442902e-02
1.878236420452594757e-02,6.270476579666137695e-01,2.379111945629119873e-02
4.663031920790672302e-02,3.743430614471435547e+00,2.164005674421787262e-02
1.508558839559555054e-01,5.959853529930114746e-01,1.377498079091310501e-02
2.612276375293731689e-02,4.216805100440979004e-01,1.664151088334619999e-03
1.837630569934844971e-01,7.296231389045715332e-01,2.428827062249183655e-02
1.103615909814834595e-01,3.385387897491455078e+00,1.784061314538121223e-03
6.826800294220447540e-03,3.222576618194580078e+00,5.333956796675920486e-03
2.075780928134918213e-02,4.727530956268310547e+00,1.321720890700817108e-02
1.516391485929489136e-01,2.110059738159179688e+00,2.019888022914528847e-03
1.517549622803926468e-02,8.340795040130615234e-01,2.890491625294089317e-03
6.402169913053512573e-02,3.473596096038818359e+00,1.553763984702527523e-03
9.086460806429386139e-03,3.497474193572998047e+00,1.889533130452036858e-03
1.579444110393524170e-02,4.524736702442169189e-01,1.757232472300529480e-03
3.845195844769477844e-02,3.096149921417236328e+00,1.278308453038334846e-03
3.260357072576880455e-03,1.951386809349060059e+00,1.282506855204701424e-03
6.200497038662433624e-03,5.324699878692626953e-01,3.748346352949738503e-03
2.592661790549755096e-02,3.311685085296630859e+00,1.459428202360868454e-02
1.821624860167503357e-02,6.831209659576416016e-01,7.464999798685312271e-03
1.845427900552749634e-01,2.917394876480102539e+00,6.253824383020401001e-02
1.645526103675365448e-02,1.275297641754150391e+00,1.746869646012783051e-02
2.029534615576267242e-02,1.370756030082702637e+00,1.814269227907061577e-03
2.655824273824691772e-02,6.602808237075805664e-01,5.793987773358821869e-03
3.343279240652918816e-03,2.825288474559783936e-02,7.222516927868127823e-03
6.900310516357421875e-02,4.039011001586914062e+00,1.156258024275302887e-02
2.544294111430644989e-02,5.261439085006713867e-01,1.601815223693847656e-02
1.308510079979896545e-02,4.280569076538085938e+00,6.407106760889291763e-03
2.509857155382633209e-02,3.577637910842895508e+00,2.087881555780768394e-03
1.407394651323556900e-02,3.628386974334716797e+00,3.352417144924402237e-03
4.131073132157325745e-03,3.350360393524169922e+00,1.989055424928665161e-02
2.673811279237270355e-02,5.097216963768005371e-01,2.536802552640438080e-03
1.794837266206741333e-01,4.578056335449218750e+00,3.045340627431869507e-02
1.631802506744861603e-02,1.691587209701538086e+00,1.091326354071497917e-03
3.279512003064155579e-02,1.301486045122146606e-01,1.986403251066803932e-03
1.708277314901351929e-02,4.812174797058105469e+00,9.144305950030684471e-04
7.633735239505767822e-02,4.247884750366210938e+00,1.674058288335800171e-02
5.038931500166654587e-03,4.659106731414794922e+00,1.611261541256681085e-04
2.687780372798442841e-02,3.020597219467163086e+00,6.064989138394594193e-03
1.686123609542846680e-01,3.611613512039184570e+00,2.136214403435587883e-03
1.679134368896484375e-01,4.803322792053222656e+00,1.739824539981782436e-03
1.764937303960323334e-02,1.355141878128051758e+00,2.339851856231689453e-02
1.461217999458312988e-01,4.177867412567138672e+00,1.624128036201000214e-02
3.950040414929389954e-02,2.020965814590454102e+00,1.849745586514472961e-02
8.695137687027454376e-03,3.258405208587646484e+00,7.107061101123690605e-04
2.423908561468124390e-02,2.335447549819946289e+00,3.004462691023945808e-03
3.655387461185455322e-02,5.447746515274047852e-01,1.624220237135887146e-02
4.099459387362003326e-03,7.119668722152709961e-01,3.843629267066717148e-03
4.955667629837989807e-02,1.857056379318237305e+00,1.184904389083385468e-02
2.516383863985538483e-02,1.743585824966430664e+00,5.406199488788843155e-04
1.677156239748001099e-01,4.758153438568115234e+00,1.038810610771179199e-02
1.576018333435058594e-01,4.740150928497314453e+00,2.243529306724667549e-03
4.748199880123138428e-02,1.059274554252624512e+00,1.517022959887981415e-02
1.779833137989044189e-01,4.803756237030029297e+00,8.807410486042499542e-03
1.459357440471649170e-01,4.883745670318603516e+00,2.031034231185913086e-02
1.119319275021553040e-01,4.701588749885559082e-01,7.756276172585785389e-04
2.350460179150104523e-02,3.207832098007202148e+00,5.803254898637533188e-03
1.379572153091430664e-01,1.953443527221679688e+00,3.161748638376593590e-03
7.617980241775512695e-02,5.037822127342224121e-01,1.833469141274690628e-04
1.175431907176971436e-01,2.684612989425659180e+00,5.103300791233778000e-03
1.164499670267105103e-01,7.828496098518371582e-01,2.033051662147045135e-02
2.729583345353603363e-02,7.253861427307128906e-01,2.549551194533705711e-03
1.558779180049896240e-02,3.607428073883056641e+00,8.995314128696918488e-04
1.796213686466217041e-01,3.469372749328613281e+00,7.797747850418090820e-03
2.506941184401512146e-02,3.994655132293701172e+00,3.532282717060297728e-04
1.643960177898406982e-01,3.027465105056762695e+00,2.541820053011178970e-03
5.142787843942642212e-02,4.905591309070587158e-01,6.460918230004608631e-04
1.128810718655586243e-01,9.638257622718811035e-01,9.677092544734477997e-03
1.401933580636978149e-01,1.391558527946472168e+00,6.890639197081327438e-03
5.194686725735664368e-02,4.127262592315673828e+00,8.197107672458514571e-05
1.404805332422256470e-01,3.198040008544921875e+00,1.208522939123213291e-03
2.647846378386020660e-02,4.702430069446563721e-01,1.883655413985252380e-02
5.915731936693191528e-02,1.818405270576477051e+00,2.694805385544896126e-03
8.247452229261398315e-02,3.672904729843139648e+00,1.763852685689926147e-02
2.265760898590087891e-01,2.278112649917602539e+00,3.421844448894262314e-03
1.050857454538345337e-02,1.998767971992492676e+00,5.774583201855421066e-03
2.263471484184265137e-02,4.986004233360290527e-01,2.446383470669388771e-03
9.169721603393554688e-02,6.597375273704528809e-01,4.412409325595945120e-04
1.419062763452529907e-01,4.162218570709228516e+00,7.490292657166719437e-03
3.725193813443183899e-02,2.817140102386474609e+00,2.054494060575962067e-02
1.677578873932361603e-02,9.200845360755920410e-01,5.497591570019721985e-03
1.135308668017387390e-01,3.022615194320678711e+00,3.321558982133865356e-02
1.289127022027969360e-02,5.094903707504272461e-01,7.402535993605852127e-03
3.100756369531154633e-02,2.751481294631958008e+00,1.263665268197655678e-03
1.555349975824356079e-01,4.129040241241455078e+00,1.553559210151433945e-03
2.997342124581336975e-02,1.933440417051315308e-01,2.428709156811237335e-02
8.662936277687549591e-03,4.793799877166748047e+00,9.702896932139992714e-04
7.141002267599105835e-02,5.533772706985473633e-01,1.133105484768748283e-03
1.509779132902622223e-02,4.724743366241455078e+00,4.811410326510667801e-03
5.640662461519241333e-02,5.604115128517150879e-01,7.358964649029076099e-04
1.690013706684112549e-02,3.223702669143676758e+00,2.802069298923015594e-03
1.542516797780990601e-01,4.772508621215820312e+00,1.521492749452590942e-02
4.200966283679008484e-02,5.778820514678955078e-01,8.692261762917041779e-03
1.806443184614181519e-02,1.788121819496154785e+00,3.697607200592756271e-03
1.622698269784450531e-02,1.897227883338928223e+00,5.554218776524066925e-03
2.500483579933643341e-02,4.772969782352447510e-01,1.722795516252517700e-02
6.572923809289932251e-02,4.758726596832275391e+00,5.798339843750000000e-03
5.943186208605766296e-02,4.960531294345855713e-01,3.350881161168217659e-03
7.418891042470932007e-02,4.759862899780273438e+00,4.367865331005305052e-04
3.092840686440467834e-02,1.384846448898315430e+00,9.011339396238327026e-03
1.311598904430866241e-02,2.110392808914184570e+00,2.406769990921020508e-02
1.844608038663864136e-02,5.620237588882446289e-01,2.569365547969937325e-03
1.225493326783180237e-01,4.709945201873779297e+00,1.010118145495653152e-02
1.345063894987106323e-01,6.984235644340515137e-01,9.613143280148506165e-03
2.649045363068580627e-02,4.153132915496826172e+00,1.469412166625261307e-02
4.829691722989082336e-03,4.916884422302246094e+00,1.763473823666572571e-02
2.072630971670150757e-01,2.725472927093505859e+00,1.549217477440834045e-02
3.255264461040496826e-02,7.401567101478576660e-01,4.333049291744828224e-04
1.058846265077590942e-01,9.834268689155578613e-01,4.167161532677710056e-04
3.731713816523551941e-02,4.883506774902343750e+00,1.527749374508857727e-02
1.782332956790924072e-01,2.016306161880493164e+00,1.916581951081752777e-02
4.098135977983474731e-02,5.569752454757690430e-01,1.241239719092845917e-03
3.207895159721374512e-02,4.237804889678955078e+00,3.431930672377347946e-04
2.299920022487640381e-01,4.735088348388671875e+00,1.226135762408375740e-03
4.405023530125617981e-02,1.765193581581115723e+00,7.758323918096721172e-04
4.060776159167289734e-02,1.628241300582885742e+00,7.259636768139898777e-04
6.275541149079799652e-03,3.126674652099609375e+00,2.467119367793202400e-03
3.166347742080688477e-02,1.842942953109741211e+00,8.339955238625407219e-04
9.189940989017486572e-03,1.211120367050170898e+00,2.557584643363952637e-02
2.016004547476768494e-02,7.992267608642578125e-01,3.648455254733562469e-03
3.858909383416175842e-02,4.855526924133300781e+00,3.100667381659150124e-04
7.661797851324081421e-02,4.815174102783203125e+00,2.549756027292460203e-05
1.253032386302947998e-01,3.804483413696289062e+00,2.636729367077350616e-02
2.162948250770568848e-01,5.931335687637329102e-01,1.983024179935455322e-03
2.145866006612777710e-01,1.285819292068481445e+00,1.590709947049617767e-02
3.594554960727691650e-01,4.712709903717041016e+00,6.282230373471975327e-03
1.273001432418823242e-01,3.167184829711914062e+00,2.140310220420360565e-02
1.096500456333160400e-01,3.233269691467285156e+00,4.659551195800304413e-03
9.663529694080352783e-03,5.991321802139282227e-01,2.929352223873138428e-03
2.671057591214776039e-03,3.080223083496093750e+00,3.510778478812426329e-04
1.000679191201925278e-02,1.921160459518432617e+00,2.791880397126078606e-03
7.429114729166030884e-02,3.189455270767211914e+00,3.324922872707247734e-04
1.184368133544921875e-01,3.641471147537231445e+00,7.756276172585785389e-04
4.156067222356796265e-02,3.370933830738067627e-01,2.212194958701729774e-03
1.187689136713743210e-02,3.729033231735229492e+00,1.970428973436355591e-03
1.604072004556655884e-02,7.743420600891113281e-01,5.112926475703716278e-03
1.755018383264541626e-01,1.925897955894470215e+00,2.255981229245662689e-02
3.806861862540245056e-02,4.867010593414306641e+00,8.267251541838049889e-04
9.488031268119812012e-02,4.877104163169860840e-01,1.336128544062376022e-02
2.572496831417083740e-01,3.328352212905883789e+00,1.714275777339935303e-02
1.314280033111572266e-01,1.886263966560363770e+00,1.842741481959819794e-02
2.183614112436771393e-02,2.637634038925170898e+00,2.291708515258505940e-04
4.258641973137855530e-02,8.180836439132690430e-01,6.337014492601156235e-04
6.424020230770111084e-02,4.326809883117675781e+00,1.633175089955329895e-02
6.072444468736648560e-02,4.708146154880523682e-01,7.506830152124166489e-03
1.144136115908622742e-01,6.342543363571166992e-01,1.811427623033523560e-02
3.640088438987731934e-02,3.698673963546752930e+00,1.834493159549310803e-04
2.657109498977661133e-02,1.998105525970458984e+00,1.260132412426173687e-03
3.560524433851242065e-02,3.255811929702758789e+00,8.534002699889242649e-04
1.247956231236457825e-02,3.486076593399047852e+00,9.413105435669422150e-04
3.208323568105697632e-02,4.785284042358398438e+00,4.758520808536559343e-04
2.210259810090065002e-02,5.530146956443786621e-01,8.038725703954696655e-02
2.936052344739437103e-02,3.531259536743164062e+00,1.571991131640970707e-03
3.429711610078811646e-02,4.690844535827636719e+00,1.587760751135647297e-03
2.925296686589717865e-02,6.957972645759582520e-01,1.273142360150814056e-02
3.994345292448997498e-02,1.439772725105285645e+00,1.283428398892283440e-03
5.956567838438786566e-05,2.799088001251220703e+00,1.347796991467475891e-02
2.555032446980476379e-02,5.833247900009155273e-01,2.961352234706282616e-03
3.817468881607055664e-02,3.961128950119018555e+00,1.243082922883331776e-03
1.490095537155866623e-02,4.009422779083251953e+00,1.028503989800810814e-03
7.852179557085037231e-02,5.637171864509582520e-01,1.065777614712715149e-03
2.347303926944732666e-01,4.916026592254638672e+00,1.628341898322105408e-02
1.625533550977706909e-01,3.788388729095458984e+00,1.705520553514361382e-03
2.058446779847145081e-02,3.939815282821655273e+00,2.586108166724443436e-04
4.660606756806373596e-02,3.991225481033325195e+00,1.939504174515604973e-03
1.477978527545928955e-01,5.455405712127685547e-01,1.456745248287916183e-02
1.935981214046478271e-02,4.659942090511322021e-01,2.450479427352547646e-03
2.368056960403919220e-02,3.470983743667602539e+00,1.668759039603173733e-03
5.985072255134582520e-02,1.555132120847702026e-01,1.586224767379462719e-03
1.275051012635231018e-02,6.551226973533630371e-01,3.149972762912511826e-03
1.758849434554576874e-02,3.886150836944580078e+00,1.195809990167617798e-02
1.102282926440238953e-01,4.872610092163085938e+00,4.607890732586383820e-03
6.097362563014030457e-02,1.589110136032104492e+00,8.535180240869522095e-03
1.528251469135284424e-01,4.758851051330566406e+00,1.383473072201013565e-02
7.031082361936569214e-02,4.967631816864013672e+00,1.487839035689830780e-02
1.764229685068130493e-01,4.757614135742187500e+00,1.015268824994564056e-02
3.808921203017234802e-02,7.773795723915100098e-01,4.766712663695216179e-05
4.182377830147743225e-02,3.746366262435913086e+00,1.901923492550849915e-02
6.447259336709976196e-02,3.787937164306640625e+00,1.401434000581502914e-02
1.550099998712539673e-02,1.497030973434448242e+00,2.327087568119168282e-03
2.744944766163825989e-02,2.794674158096313477e+00,7.530177012085914612e-03
4.160095937550067902e-03,4.003834724426269531e+00,2.479509683325886726e-03
2.347363829612731934e-01,4.933549404144287109e+00,4.217952024191617966e-03
2.103901840746402740e-02,4.719687938690185547e+00,1.679807901382446289e-02
2.583488449454307556e-02,3.695609569549560547e+00,5.166891030967235565e-03
1.394611895084381104e-01,1.770158171653747559e+00,8.921534754335880280e-03
2.300264388322830200e-01,4.080213546752929688e+00,1.253522560000419617e-02
3.615508973598480225e-02,3.578632831573486328e+00,1.922249794006347656e-03
8.791810832917690277e-03,3.105153799057006836e+00,1.465904992073774338e-03
5.788702517747879028e-02,1.916875988245010376e-01,2.162377536296844482e-02
1.983772031962871552e-02,4.942183971405029297e+00,9.042827412486076355e-03
6.136826425790786743e-02,7.182857394218444824e-01,1.483568921685218811e-03
3.606265783309936523e-01,4.008762836456298828e+00,1.066356152296066284e-02
1.715719550848007202e-01,4.693194389343261719e+00,1.294083148241043091e-02
2.021722681820392609e-02,4.767161011695861816e-01,8.531186729669570923e-03
5.207311734557151794e-02,4.799390316009521484e+00,3.707079216837882996e-03
1.240413822233676910e-02,1.766671299934387207e+00,1.715095015242695808e-03
4.226288571953773499e-02,5.750055909156799316e-01,6.151926703751087189e-03
4.016737639904022217e-02,7.084794044494628906e-01,2.064176136627793312e-03
1.440459769219160080e-02,8.790128231048583984e-01,5.651447572745382786e-04
1.880962401628494263e-02,3.183302640914916992e+00,1.144164591096341610e-03
5.602780729532241821e-02,4.040425777435302734e+00,9.408804588019847870e-03
2.114004641771316528e-02,3.140675067901611328e+00,4.174278583377599716e-03
1.567707210779190063e-01,2.254042387008666992e+00,3.313198219984769821e-03
4.894515872001647949e-02,3.274183511734008789e+00,1.624522265046834946e-03
1.762287132441997528e-02,5.201290249824523926e-01,2.077687717974185944e-02
3.707517683506011963e-02,1.618489027023315430e+00,1.326077966950833797e-03
1.254202276468276978e-01,2.005136966705322266e+00,2.771605271846055984e-03
6.588821113109588623e-02,3.082833051681518555e+00,1.517581008374691010e-02
6.216061860322952271e-02,7.601969838142395020e-01,1.800240483134984970e-03
1.439226325601339340e-02,4.991770088672637939e-01,2.923464402556419373e-03
2.049349481239914894e-03,4.692210197448730469e+00,1.728417165577411652e-02
1.341747939586639404e-01,4.677380561828613281e+00,3.660794391180388629e-05
8.155626244843006134e-03,1.197771906852722168e+00,2.547554438933730125e-03
4.801007360219955444e-02,6.960289478302001953e-01,1.888457918539643288e-03
2.625129185616970062e-02,3.914612531661987305e+00,1.500106533057987690e-03
1.722291111946105957e-02,5.684538483619689941e-01,1.586332358419895172e-02
1.072817221283912659e-01,2.927071809768676758e+00,2.644475898705422878e-04
1.136839985847473145e-01,3.352581977844238281e+00,1.982558146119117737e-02
3.116134107112884521e-01,1.667870402336120605e+00,2.781968191266059875e-02
4.951476305723190308e-02,4.140883922576904297e+00,1.266020466573536396e-03
2.321997284889221191e-02,4.703100204467773438e+00,2.886088332161307335e-03
2.032972499728202820e-02,2.983440160751342773e+00,1.077558659017086029e-02
3.813471272587776184e-02,3.130840778350830078e+00,1.777712488546967506e-03
4.527872428297996521e-02,3.315953493118286133e+00,5.386078264564275742e-03
8.811739832162857056e-02,4.184680938720703125e+00,2.476750127971172333e-02
4.690323770046234131e-02,1.320381999015808105e+00,1.121431821957230568e-03
6.553554534912109375e-02,3.677043437957763672e+00,6.315049715340137482e-03
1.646756008267402649e-02,4.839808344841003418e-01,4.305247683078050613e-03
1.075913682579994202e-01,6.143074631690979004e-01,4.694520903285592794e-04
1.235360726714134216e-01,1.581384539604187012e+00,2.906255982816219330e-02
3.240410983562469482e-02,5.216224789619445801e-01,9.315313654951751232e-04
2.649370022118091583e-02,5.003754496574401855e-01,2.907182788476347923e-03
4.095651581883430481e-02,4.749945640563964844e+00,2.063868753612041473e-02
5.112358927726745605e-02,3.318845033645629883e+00,5.791223375126719475e-04
2.576643973588943481e-02,4.703764915466308594e-01,1.717982627451419830e-02
5.405782163143157959e-02,7.693737745285034180e-01,1.530212000943720341e-03
5.373169481754302979e-02,1.714619874954223633e+00,4.308985371608287096e-04
7.230924069881439209e-02,4.617667675018310547e+00,8.028762415051460266e-03
1.144223809242248535e-01,4.031003475189208984e+00,4.852882120758295059e-03
6.993801891803741455e-02,3.265262126922607422e+00,6.770524196326732635e-03
5.069944262504577637e-02,1.712989330291748047e+00,1.617543771862983704e-02
2.097375225275754929e-03,5.759270787239074707e-01,2.260046452283859253e-02
9.978263080120086670e-02,4.143215656280517578e+00,3.481901949271559715e-03
5.457411706447601318e-02,4.717107772827148438e+00,1.463094074279069901e-02
1.547443121671676636e-01,2.311754226684570312e+00,1.248115859925746918e-02
1.611348241567611694e-02,1.865849375724792480e+00,1.114980666898190975e-03
5.221781507134437561e-02,3.775275707244873047e+00,2.278944291174411774e-02
6.668453663587570190e-02,4.814969539642333984e+00,1.691650599241256714e-02
1.373432874679565430e-01,2.704724669456481934e-01,3.342074807733297348e-03
1.725017279386520386e-02,3.392058134078979492e+00,1.791690010577440262e-03
5.622927471995353699e-02,4.737759113311767578e+00,8.371954783797264099e-03
7.875729352235794067e-02,4.834851264953613281e+00,9.296677075326442719e-03
1.851860247552394867e-02,3.935523748397827148e+00,2.130971476435661316e-02
1.113377232104539871e-02,1.724135279655456543e+00,3.771898336708545685e-04
1.102864742279052734e-01,3.784126281738281250e+00,1.498898211866617203e-02
6.124343350529670715e-02,1.848264217376708984e+00,8.472000248730182648e-03
2.516364753246307373e-01,4.768155574798583984e+00,6.857154425233602524e-03
1.354300379753112793e-01,9.956187605857849121e-01,2.197807841002941132e-02
1.573523133993148804e-01,2.854678869247436523e+00,1.028908509761095047e-02
4.814496263861656189e-02,2.205289125442504883e+00,1.083042193204164505e-02
2.196681313216686249e-02,6.831211447715759277e-01,2.299030078575015068e-03
1.204178184270858765e-01,3.907923221588134766e+00,6.221814546734094620e-03
1.854430884122848511e-01,4.219711780548095703e+00,8.924658177420496941e-04
5.061323940753936768e-02,5.244585275650024414e-01,3.196068108081817627e-02
1.459693908691406250e-01,3.375095844268798828e+00,9.355710819363594055e-03
2.092399820685386658e-02,5.067383646965026855e-01,3.296762937679886818e-03
4.186810553073883057e-02,4.641533851623535156e+00,1.456796471029520035e-02
6.616710126399993896e-02,1.947287082672119141e+00,8.140787249431014061e-04
1.402495335787534714e-02,3.445444107055664062e+00,1.089109387248754501e-02
7.002491503953933716e-03,1.784454584121704102e+00,3.766778099816292524e-04
1.636920869350433350e-01,2.897916555404663086e+00,5.682167247869074345e-04
1.371897757053375244e-01,3.221094369888305664e+00,1.133105484768748283e-03
2.272112667560577393e-02,4.656773567199707031e+00,6.081526516936719418e-04
1.251622103154659271e-02,3.780652761459350586e+00,1.095150969922542572e-02
1.488862093538045883e-02,7.417411804199218750e-01,5.440759472548961639e-03
1.272815559059381485e-02,3.207273960113525391e+00,1.231670472770929337e-02
1.283250004053115845e-01,4.210596084594726562e+00,1.855469867587089539e-02
9.148687124252319336e-03,4.766987323760986328e+00,2.358831465244293213e-03
2.016733487835153937e-04,1.766275048255920410e+00,9.634289308451116085e-04
2.017482668161392212e-01,3.790338754653930664e+00,1.802928373217582703e-02
7.171320915222167969e-02,4.881304204463958740e-01,7.548148278146982193e-03
2.283348701894283295e-02,5.574858784675598145e-01,1.888713915832340717e-03
1.263902485370635986e-01,4.165073871612548828e+00,1.308081205934286118e-02
1.570547968149185181e-01,4.343147754669189453e+00,3.658080706372857094e-03
1.518546789884567261e-01,2.732489347457885742e+00,2.951828995719552040e-03
2.691916003823280334e-02,4.387001991271972656e-01,6.823413423262536526e-04
2.811862714588642120e-02,4.935493469238281250e-01,3.087406512349843979e-03
7.898698747158050537e-02,7.074787467718124390e-02,1.212926115840673447e-03
1.194150149822235107e-01,8.041371107101440430e-01,3.190267016179859638e-04
3.406662866473197937e-02,3.553947687149047852e+00,3.600224852561950684e-03
2.967099845409393311e-02,1.609849810600280762e+00,1.083805039525032043e-02
7.258478552103042603e-02,1.777566552162170410e+00,4.996953532099723816e-02
1.007220000028610229e-01,7.147412300109863281e-01,1.951894606463611126e-03
1.023613736033439636e-01,2.390713840723037720e-01,3.041838528588414192e-03
1.169687509536743164e-01,4.182651638984680176e-01,2.231297641992568970e-02
1.460976060479879379e-02,3.118124246597290039e+00,1.809661276638507843e-03
2.502916008234024048e-02,4.712582111358642578e+00,1.528215245343744755e-03
1.218173354864120483e-01,1.719578027725219727e+00,9.245119057595729828e-03
1.560101062059402466e-01,4.921536445617675781e+00,1.695096306502819061e-02
3.093507513403892517e-02,4.591165482997894287e-01,5.766903050243854523e-03
1.418335437774658203e-01,5.387898683547973633e-01,4.470777057576924562e-04
8.388993144035339355e-02,4.238579750061035156e+00,1.962492970051243901e-04
2.018779665231704712e-01,4.861229419708251953e+00,1.457794848829507828e-02
2.765257097780704498e-02,1.894650578498840332e+00,4.098707344383001328e-03
1.576669663190841675e-01,2.965030193328857422e+00,1.712074154056608677e-03
5.566523224115371704e-02,2.008534669876098633e+00,8.837618515826761723e-04
4.290967807173728943e-02,4.525812566280364990e-01,4.741420038044452667e-03
2.794932946562767029e-02,1.741481781005859375e+00,2.165464870631694794e-02
5.666091665625572205e-02,7.991297245025634766e-01,1.038129557855427265e-03
2.352823503315448761e-02,3.086202144622802734e+00,5.649757571518421173e-03
6.954465527087450027e-03,3.529052495956420898e+00,2.872945368289947510e-02
2.841909527778625488e-01,4.728804111480712891e+00,1.128999236971139908e-02
2.928053773939609528e-02,1.682109355926513672e+00,2.720815129578113556e-03
3.685885341838002205e-03,2.770269870758056641e+00,1.863482594490051270e-02
1.694905459880828857e-01,4.083631992340087891e+00,1.072177547030150890e-03
1.186531689018011093e-02,3.699810504913330078e+00,2.637307916302233934e-04
1.593463420867919922e-01,4.716991901397705078e+00,6.242089439183473587e-03
2.964542992413043976e-02,2.918336868286132812e+00,1.833418034948408604e-03
1.798660606145858765e-01,4.684016704559326172e+00,9.325553546659648418e-04
3.874609246850013733e-02,1.902431845664978027e+00,1.153175835497677326e-03
9.335617721080780029e-02,4.805845737457275391e+00,7.250574417412281036e-03
1.031877249479293823e-01,4.948565959930419922e-01,1.600867952220141888e-03
1.865646392107009888e-01,3.828413724899291992e+00,2.310089301317930222e-03
3.787233307957649231e-02,3.232862234115600586e+00,1.321469899266958237e-04
2.873494327068328857e-01,2.996855020523071289e+00,4.101471975445747375e-03
7.192555814981460571e-03,3.215674161911010742e+00,6.513142143376171589e-04
4.529164731502532959e-02,3.853668451309204102e+00,8.419827208854258060e-04
1.646362543106079102e-01,3.520519256591796875e+00,2.152562513947486877e-02
3.472229838371276855e-02,4.264574527740478516e+00,5.948918987996876240e-04
5.449499562382698059e-02,1.915263295173645020e+00,1.753346435725688934e-02
1.025738939642906189e-02,1.827561855316162109e+00,9.236977784894406796e-04
2.257749997079372406e-02,3.930178165435791016e+00,5.748214898630976677e-04
8.469779789447784424e-02,4.388260364532470703e+00,6.561013869941234589e-03
1.669024117290973663e-02,3.266895294189453125e+00,1.748472265899181366e-02
1.565500050783157349e-01,3.549529552459716797e+00,1.990980654954910278e-02
5.746847391128540039e-02,3.829573869705200195e+00,6.466550257755443454e-05
1.095036864280700684e-01,1.816778481006622314e-01,1.364324358291924000e-03
2.032820321619510651e-02,3.814558029174804688e+00,2.305358462035655975e-02
3.143385052680969238e-02,2.774659156799316406e+00,4.780792631208896637e-03
1.158522367477416992e-01,5.878564715385437012e-01,4.940792496199719608e-05
4.452420398592948914e-02,1.594976067543029785e+00,2.950651571154594421e-03
5.647061020135879517e-02,4.650414884090423584e-01,4.855288425460457802e-04
9.500656276941299438e-03,1.733156204223632812e+00,9.786864975467324257e-04
3.171523287892341614e-02,6.512141823768615723e-01,3.416724270209670067e-03
3.608778119087219238e-02,3.469792127609252930e+00,8.857074426487088203e-04
2.778645604848861694e-02,1.700780153274536133e+00,1.610217057168483734e-02
1.162895485758781433e-01,1.767660975456237793e-01,2.209583763033151627e-03
2.516532503068447113e-02,1.147278547286987305e+00,2.173999790102243423e-03
8.605057001113891602e-02,4.223353385925292969e+00,5.597687559202313423e-04
1.790166348218917847e-01,4.866639137268066406e+00,2.247031405568122864e-02
6.369208544492721558e-02,3.959164917469024658e-01,1.421360997483134270e-03
2.936107665300369263e-02,5.519530177116394043e-01,2.506389748305082321e-03
1.906222254037857056e-01,2.034186124801635742e+00,5.364983808249235153e-03
5.208372324705123901e-02,1.614587068557739258e+00,1.494269701652228832e-03
1.702783703804016113e-01,4.668077945709228516e+00,1.068475842475891113e-02
7.943058758974075317e-02,3.162308216094970703e+00,1.966184563934803009e-02
6.847737729549407959e-02,4.627141952514648438e+00,1.023547910153865814e-02
3.673847764730453491e-02,1.699884772300720215e+00,3.207162953913211823e-04
1.957344412803649902e-01,4.200425624847412109e+00,4.047302529215812683e-03
1.656775735318660736e-02,1.461446285247802734e+00,5.974518717266619205e-04
4.067927971482276917e-02,3.689088821411132812e+00,4.216467030346393585e-03
6.465985625982284546e-02,4.911170303821563721e-01,1.234430092154070735e-04
4.447383061051368713e-02,4.367946088314056396e-01,8.484696969389915466e-03
1.754500120878219604e-01,3.607706785202026367e+00,9.713136823847889900e-04
2.099019847810268402e-02,4.777686595916748047e+00,7.828672416508197784e-03
1.448126286268234253e-01,3.359085321426391602e+00,1.833315566182136536e-02
8.787941187620162964e-03,3.588187932968139648e+00,2.522261813282966614e-03
3.783114999532699585e-02,5.780286788940429688e-01,9.557489538565278053e-04
7.294964510947465897e-03,4.807049751281738281e+00,4.012588877230882645e-03
1.651256680488586426e-01,4.687061309814453125e+00,5.057220812886953354e-03
8.636366575956344604e-03,4.176304936408996582e-01,1.039895974099636078e-02
9.157887846231460571e-02,5.896295905113220215e-01,1.763873174786567688e-02
3.949936851859092712e-02,3.219974756240844727e+00,6.835496518760919571e-03
2.461942099034786224e-02,3.224754095077514648e+00,1.682890229858458042e-03
4.211438447237014771e-02,5.075846314430236816e-01,6.115369964390993118e-03
2.168273553252220154e-02,2.712831199169158936e-01,1.816829200834035873e-03
2.199635468423366547e-02,4.475759565830230713e-01,4.667487461119890213e-03
1.079310029745101929e-01,6.207512617111206055e-01,4.620281048119068146e-03
4.243311658501625061e-02,3.336998939514160156e+00,3.226055763661861420e-03
1.756947636604309082e-01,1.758198142051696777e+00,2.690243534743785858e-02
2.405610978603363037e-01,1.090114235877990723e+00,1.547737792134284973e-02
5.252801347523927689e-03,1.630534678697586060e-01,4.641016945242881775e-03
4.242216423153877258e-02,1.740590095520019531e+00,2.092658542096614838e-02
4.831405356526374817e-02,1.748706221580505371e+00,1.165617373771965504e-03
1.493524312973022461e-01,4.283550739288330078e+00,1.118103880435228348e-02
3.657802566885948181e-02,3.411326169967651367e+00,1.315069966949522495e-03
1.527337916195392609e-02,4.762852668762207031e+00,8.966642199084162712e-04
2.108117006719112396e-02,4.937057495117187500e+00,6.025718757882714272e-04
1.725768297910690308e-01,4.091800689697265625e+00,1.034407410770654678e-02
1.672129482030868530e-01,4.453317642211914062e+00,5.981738213449716568e-03
6.017045676708221436e-02,3.260699272155761719e+00,3.328507009427994490e-04
1.843315921723842621e-02,5.103018879890441895e-01,2.617493504658341408e-03
6.853846460580825806e-02,4.504350185394287109e+00,1.007435284554958344e-02
1.628020852804183960e-01,8.582887053489685059e-01,7.056014612317085266e-03
5.106637254357337952e-02,1.671899080276489258e+00,1.545454282313585281e-02
5.732125602662563324e-03,2.770015001296997070e+00,2.303996552655007690e-06
1.873499527573585510e-02,6.134961247444152832e-01,1.323891710489988327e-02
3.763141110539436340e-03,3.722779512405395508e+00,7.164917187765240669e-04
9.512483328580856323e-02,4.766860961914062500e+00,1.668093493208289146e-03
1.335374116897583008e-01,4.725721836090087891e+00,2.511253813281655312e-03
4.076780006289482117e-02,3.319442033767700195e+00,5.401591624831780791e-05
2.007824629545211792e-01,5.467311143875122070e-01,2.644772827625274658e-02
2.389181405305862427e-02,4.966495931148529053e-01,4.303916357457637787e-03
2.240840718150138855e-02,2.065102338790893555e+00,2.457596201566047966e-05
2.202344126999378204e-02,1.372980028390884399e-01,2.291964367032051086e-03
1.552372723817825317e-01,3.127371788024902344e+00,3.289646236225962639e-03
1.212686672806739807e-02,2.152416229248046875e+00,1.926089869812130928e-03
1.611264050006866455e-01,6.513565778732299805e-01,1.643415074795484543e-03
1.533957123756408691e-01,6.042204499244689941e-01,1.919126603752374649e-03
7.860216498374938965e-02,2.787764310836791992e+00,4.880069289356470108e-03
3.927268087863922119e-02,3.673235654830932617e+00,6.707701832056045532e-04
1.792920008301734924e-02,3.678123474121093750e+00,3.458861960098147392e-03
3.411199152469635010e-02,3.842976570129394531e+00,6.497270078398287296e-04
6.671770242974162102e-04,4.753927707672119141e+00,2.297084545716643333e-03
4.676859453320503235e-02,3.646408081054687500e+00,1.466877729399129748e-04
3.311029449105262756e-02,3.501432418823242188e+00,2.412028261460363865e-04
1.256632655858993530e-01,5.332338809967041016e-01,1.420762017369270325e-02
3.418185515329241753e-03,2.831500768661499023e+00,4.140537639614194632e-04
2.426976561546325684e-01,1.791941642761230469e+00,1.915578544139862061e-02
1.558710075914859772e-02,4.656811237335205078e+00,1.034729927778244019e-02
1.328243166208267212e-01,3.540483713150024414e+00,5.931152496486902237e-03
7.205180823802947998e-02,3.779040098190307617e+00,6.344386842101812363e-03
4.959398880600929260e-02,4.155768394470214844e+00,4.667896719183772802e-04
1.684266477823257446e-01,2.913079261779785156e+00,2.262406796216964722e-02
1.845659464597702026e-01,4.902778625488281250e+00,7.976640947163105011e-03
1.593352109193801880e-01,4.707255840301513672e+00,1.245412509888410568e-02
8.263873867690563202e-03,4.817612648010253906e+00,1.572800055146217346e-02
1.702428460121154785e-01,4.684348583221435547e+00,1.515609864145517349e-02
5.083512514829635620e-02,4.706851005554199219e+00,5.102789029479026794e-03
4.818738903850317001e-03,5.892871022224426270e-01,3.749933326616883278e-03
1.796111464500427246e-01,4.620437622070312500e+00,9.912663139402866364e-03
1.539569646120071411e-01,4.746136188507080078e+00,2.812810987234115601e-02
3.822585940361022949e-02,3.584952354431152344e+00,1.887382753193378448e-02
1.191000863909721375e-01,3.853965282440185547e+00,2.052451251074671745e-03
3.289290145039558411e-02,4.096272945404052734e+00,1.643747836351394653e-02
8.646196871995925903e-02,5.041389465332031250e-01,3.418695554137229919e-02
1.359548605978488922e-02,3.812487125396728516e+00,1.409482676535844803e-03
3.570841625332832336e-02,3.682560205459594727e+00,3.110395278781652451e-03
6.376989185810089111e-02,4.698679924011230469e+00,3.382778726518154144e-03
1.435975078493356705e-02,1.935703277587890625e+00,3.321339027024805546e-04
4.769075661897659302e-02,4.222517967224121094e+00,2.443055389449000359e-03
1.200162060558795929e-02,3.219479322433471680e-02,3.756487043574452400e-03
5.451883189380168915e-03,5.634545087814331055e-01,3.392660291865468025e-03
2.409265749156475067e-02,3.835549592971801758e+00,1.819808967411518097e-02
3.705448284745216370e-02,2.236327409744262695e+00,1.155961118638515472e-02
1.416645199060440063e-01,4.021154403686523438e+00,1.013246437651105225e-04
4.702157527208328247e-02,3.189800262451171875e+00,1.170122995972633362e-03
1.704867184162139893e-02,3.687123298645019531e+00,6.048246868886053562e-04
1.277552451938390732e-02,6.115879416465759277e-01,3.089352045208215714e-03
5.209761485457420349e-02,3.908240079879760742e+00,8.057843660935759544e-04
1.752208732068538666e-02,3.353438973426818848e-01,8.822207339107990265e-03
1.714283972978591919e-01,5.039463639259338379e-01,7.051764987409114838e-04
5.763905122876167297e-02,3.781295537948608398e+00,1.023640041239559650e-03
4.375782981514930725e-02,4.020300388336181641e+00,1.787747605703771114e-03
2.266311645507812500e-02,1.027594566345214844e+00,5.374455940909683704e-04
9.328973479568958282e-03,4.000451087951660156e+00,1.506967237219214439e-03
8.402775228023529053e-02,4.660836219787597656e+00,1.737709902226924896e-02
1.385820060968399048e-01,1.593331098556518555e+00,3.335265209898352623e-03
1.413855254650115967e-01,4.753328800201416016e+00,2.766997320577502251e-03
2.981811575591564178e-02,7.543909549713134766e-01,5.880925338715314865e-03
2.231487818062305450e-02,4.655423462390899658e-01,4.082323517650365829e-03
2.023339644074440002e-02,4.544270634651184082e-01,2.300412394106388092e-03
3.355447947978973389e-02,4.977565109729766846e-01,1.230697613209486008e-02
2.930880058556795120e-03,3.404383659362792969e+00,1.401341869495809078e-03
1.872617751359939575e-01,4.912327289581298828e+00,4.795845597982406616e-03
4.045870620757341385e-03,1.785749673843383789e+00,1.962359808385372162e-02
1.003027632832527161e-01,4.661660671234130859e+00,9.494564495980739594e-03
1.577199250459671021e-01,4.718976497650146484e+00,1.823485246859490871e-03
2.180382311344146729e-01,3.213335514068603516e+00,2.358365617692470551e-02
4.514155909419059753e-02,7.526065111160278320e-01,3.006971383001655340e-04
1.564616262912750244e-01,4.392364501953125000e+00,1.520996098406612873e-03
6.518858671188354492e-02,4.913032531738281250e+00,1.811709254980087280e-03
1.928773894906044006e-02,5.256530046463012695e-01,1.613524556159973145e-02
5.984243005514144897e-02,2.893033027648925781e+00,2.692603738978505135e-04
9.812032431364059448e-02,1.955265164375305176e+00,2.577798254787921906e-02
1.920302025973796844e-02,4.597611904144287109e+00,2.623586449772119522e-03
2.020775899291038513e-02,5.173202157020568848e-01,4.634668119251728058e-03
4.679885879158973694e-02,2.943073749542236328e+00,2.291058190166950226e-02
4.124840348958969116e-02,4.835954606533050537e-01,2.283214405179023743e-02
1.216761991381645203e-01,4.147836208343505859e+00,1.503777503967285156e-02
3.259178996086120605e-02,6.758440732955932617e-01,1.126311253756284714e-02
3.691610693931579590e-02,8.543723225593566895e-01,1.302474760450422764e-03
2.961191534996032715e-02,4.868478298187255859e+00,5.584887694567441940e-04
2.238090522587299347e-02,1.329390645027160645e+00,2.273276448249816895e-03
5.387214571237564087e-02,6.048811674118041992e-01,1.166078262031078339e-03
9.776023030281066895e-02,7.614512443542480469e-01,1.853647083044052124e-02
9.754640050232410431e-03,4.059289932250976562e+00,9.176971390843391418e-03
1.856013387441635132e-02,3.569001197814941406e+00,4.297209379728883505e-04
2.348767302464693785e-04,4.738082885742187500e-01,4.531551618129014969e-03
1.708571314811706543e-01,3.348818778991699219e+00,1.391608733683824539e-02
1.657414995133876801e-02,5.189545750617980957e-01,3.466388210654258728e-03
1.508182883262634277e-01,4.812304973602294922e+00,1.521103549748659134e-02
2.076869271695613861e-02,3.929838895797729492e+00,4.907512338832020760e-04
3.024067170917987823e-02,5.347213745117187500e-01,1.777661265805363655e-03
1.257233135402202606e-02,3.359385490417480469e+00,1.507218182086944580e-02
5.796566233038902283e-02,1.958049684762954712e-01,3.287495672702789307e-02
1.864944770932197571e-02,1.965420126914978027e+00,1.078782370314002037e-04
1.307203024625778198e-01,4.013057231903076172e+00,1.170583767816424370e-03
1.707675755023956299e-01,4.836548805236816406e+00,2.077959105372428894e-02
1.366406977176666260e-01,8.532496094703674316e-01,1.638397520764556248e-06
2.504529431462287903e-02,1.252248287200927734e+00,2.146761398762464523e-03
2.885348908603191376e-02,4.732146263122558594e+00,1.426537334918975830e-02
1.653452664613723755e-01,3.625823855400085449e-01,9.894333779811859131e-03
1.061923354864120483e-01,3.716464281082153320e+00,1.556462235748767853e-02
3.378686681389808655e-02,2.122235596179962158e-01,1.865786500275135040e-02
2.403101883828639984e-02,6.424186229705810547e-01,1.096011139452457428e-02
1.003022417426109314e-01,4.955375194549560547e-02,1.369444304145872593e-03
1.549204140901565552e-01,4.755610466003417969e+00,1.398935448378324509e-03
1.817771047353744507e-01,2.172863006591796875e+00,8.635275997221469879e-03
6.291437894105911255e-02,1.791765332221984863e+00,1.864547492004930973e-03
8.620912581682205200e-02,1.046952605247497559e+00,2.308348426595330238e-03
2.787775397300720215e-01,4.668583393096923828e+00,1.630860939621925354e-02
4.339235275983810425e-02,1.784753799438476562e+00,3.005384234711527824e-03
4.916365817189216614e-02,4.684520244598388672e+00,1.191422197734937072e-04
6.703052669763565063e-02,1.657581090927124023e+00,3.288571024313569069e-04
1.387019008398056030e-01,6.511038541793823242e-01,1.232080068439245224e-02
2.717563183978199959e-03,2.026720046997070312e-01,3.836410120129585266e-03
1.823246330022811890e-01,2.221390485763549805e+00,1.641382463276386261e-02
4.266491904854774475e-02,3.135037660598754883e+00,4.374521377030760050e-04
6.257968395948410034e-02,7.270417213439941406e-01,3.783725434914231300e-03
1.484847217798233032e-01,6.855136752128601074e-01,8.406515116803348064e-04
3.752050176262855530e-02,1.544257879257202148e+00,3.103688126429915428e-03
2.850390411913394928e-02,3.705556869506835938e+00,7.108289748430252075e-03
7.826985418796539307e-02,4.895180165767669678e-01,5.772791337221860886e-04
7.802028954029083252e-02,4.938275337219238281e+00,2.060182392597198486e-03
1.716226041316986084e-01,4.319356441497802734e+00,2.619131933897733688e-03
9.326561540365219116e-02,6.355382204055786133e-01,3.744419291615486145e-02
2.911104559898376465e-01,4.734938144683837891e+00,9.673661552369594574e-03
1.360539197921752930e-01,4.126389980316162109e+00,1.634562574326992035e-02
1.049717236310243607e-02,1.833600640296936035e+00,1.322135562077164650e-03
1.603366434574127197e-01,2.063714981079101562e+00,9.666033438406884670e-04
3.873911127448081970e-02,3.806346654891967773e+00,4.197011236101388931e-03
8.044994622468948364e-02,7.686407566070556641e-01,1.071076747030019760e-02
2.445834502577781677e-02,4.903691112995147705e-01,3.399111563339829445e-03
2.164628542959690094e-02,2.925471544265747070e+00,3.146747185382992029e-04
1.434340793639421463e-02,3.122915267944335938e+00,2.071395143866539001e-02
1.328879147768020630e-01,3.011286258697509766e+00,1.167409401386976242e-02
1.771673262119293213e-01,4.468972384929656982e-01,5.527605116367340088e-02
1.741682440042495728e-01,3.682493925094604492e+00,3.559930482879281044e-04
1.050536055117845535e-02,4.293067455291748047e+00,4.234643187373876572e-03
8.135102689266204834e-03,4.775041103363037109e+00,1.768312230706214905e-02
4.925708472728729248e-02,3.053983926773071289e+00,1.709104632027447224e-03
6.515420973300933838e-02,7.354168295860290527e-01,2.633877564221620560e-03
1.262577772140502930e-01,3.803284883499145508e+00,8.121843449771404266e-03
4.181500151753425598e-02,4.939883649349212646e-01,2.748872619122266769e-03
1.592321097850799561e-01,3.737895011901855469e+00,9.203288704156875610e-03
1.329862512648105621e-02,7.171265482902526855e-01,4.074745811522006989e-03
6.185374036431312561e-02,3.398496389389038086e+00,5.119428969919681549e-03
1.438505947589874268e-01,3.862466573715209961e+00,1.391772553324699402e-02
2.022144198417663574e-02,4.824516773223876953e+00,1.923724450170993805e-02
1.604145914316177368e-01,3.230251312255859375e+00,1.636666990816593170e-02
1.724641919136047363e-01,3.778440952301025391e+00,3.324410936329513788e-04
4.006178677082061768e-02,1.205310106277465820e+00,1.370775513350963593e-03
3.053217753767967224e-02,4.646184444427490234e-01,7.155701052397489548e-03
1.335597969591617584e-02,4.182049274444580078e+00,7.416001521050930023e-03
2.976331673562526703e-02,5.961928367614746094e-01,2.200572518631815910e-03
1.863664239645004272e-01,3.055512189865112305e+00,1.328745484352111816e-02
1.034857630729675293e-01,1.990779995918273926e+00,2.046803943812847137e-02
2.122722119092941284e-01,1.868156790733337402e+00,1.553431246429681778e-02
9.219726920127868652e-02,8.237779140472412109e-01,1.542428322136402130e-02
9.902351349592208862e-02,5.489565730094909668e-01,1.675404794514179230e-02
1.334824040532112122e-02,3.419799804687500000e+00,1.457661710446700454e-04
3.565040230751037598e-02,3.378942489624023438e+00,1.745794527232646942e-02
2.139831334352493286e-01,4.615856170654296875e+00,1.970367506146430969e-02
1.410618573427200317e-01,2.810797214508056641e+00,5.019179545342922211e-03
2.136918716132640839e-02,1.040944218635559082e+00,3.374586813151836395e-04
1.777415573596954346e-01,5.109233856201171875e-01,2.779633551836013794e-02
2.694141119718551636e-02,2.897605001926422119e-01,1.523760845884680748e-03
1.340679973363876343e-01,5.057626962661743164e-01,2.569217234849929810e-02
2.906266041100025177e-02,3.611342668533325195e+00,8.257011068053543568e-04
3.199744597077369690e-02,1.639487504959106445e+00,2.019068924710154533e-03
1.011856365948915482e-02,1.049445748329162598e+00,2.787989331409335136e-03
2.613495849072933197e-02,4.387193679809570312e+00,8.500723051838576794e-04
1.563046872615814209e-01,2.012323141098022461e-01,5.972419399768114090e-03
1.410474777221679688e-01,3.315848588943481445e+00,7.198196835815906525e-04
5.072052031755447388e-02,3.949838876724243164e+00,1.110884710215032101e-03
1.553226113319396973e-01,6.221984624862670898e-01,1.008075196295976639e-03
7.559838145971298218e-02,1.970882654190063477e+00,5.846007261425256729e-04
1.678201407194137573e-01,6.476143002510070801e-01,9.016050025820732117e-03
2.992940321564674377e-02,7.818908989429473877e-02,3.588500199839472771e-03
5.908265709877014160e-03,3.584864616394042969e+00,4.293420817703008652e-03
1.296103894710540771e-01,5.804680585861206055e-01,8.478706877212971449e-05
4.624483734369277954e-02,4.729083061218261719e+00,9.871345246210694313e-04
3.336939215660095215e-02,3.307782649993896484e+00,8.897112682461738586e-03
1.209063678979873657e-01,4.291929244995117188e+00,3.858426061924546957e-04
1.164372488856315613e-01,2.233524322509765625e+00,1.233354909345507622e-03
8.452521637082099915e-03,4.099629402160644531e+00,1.622612588107585907e-02
7.391589134931564331e-02,3.056106805801391602e+00,3.924218006432056427e-03
6.686343997716903687e-02,1.681058287620544434e+00,4.757496644742786884e-04
5.669716373085975647e-02,4.937732219696044922e+00,1.165479142218828201e-02
4.247440397739410400e-02,1.887122154235839844e+00,1.687344629317522049e-03
2.625512704253196716e-02,2.201883316040039062e+00,1.781808445230126381e-03
2.308166585862636566e-02,4.404455721378326416e-01,4.182624164968729019e-03
2.401626668870449066e-02,4.003895759582519531e+00,2.679291937965899706e-04
4.768733307719230652e-02,4.926013946533203125e+00,2.049532922683283687e-04
1.452430635690689087e-01,4.581582069396972656e+00,1.923048496246337891e-02
1.917835138738155365e-02,4.358765184879302979e-01,1.226596534252166748e-03
2.557219564914703369e-02,2.242992639541625977e+00,3.245563129894435406e-04
4.145777970552444458e-02,1.538798958063125610e-01,1.436050236225128174e-02
1.462320089340209961e-01,1.256499528884887695e+00,5.753642413765192032e-03
9.952512569725513458e-03,5.925074219703674316e-01,8.366015739738941193e-03
1.649554669857025146e-01,9.109312295913696289e-01,5.828086868859827518e-04
3.243769332766532898e-02,1.970483779907226562e+00,1.554096769541501999e-02
4.338609799742698669e-02,1.147680640220642090e+00,1.230794936418533325e-03
8.678864687681198120e-02,3.070745706558227539e+00,1.350346766412258148e-02
7.597874850034713745e-02,2.966180324554443359e+00,1.969302631914615631e-02
1.281548589468002319e-01,1.506765365600585938e+00,1.929893903434276581e-02
2.736614458262920380e-02,4.597185254096984863e-01,4.434266313910484314e-02
9.073884226381778717e-03,4.127377986907958984e+00,5.430417135357856750e-03
1.607111692428588867e-01,3.599100828170776367e+00,3.766522277146577835e-03
3.280918300151824951e-02,9.896038770675659180e-01,1.245796494185924530e-02
1.755633354187011719e-01,5.570333600044250488e-01,3.108808072283864021e-03
7.545440644025802612e-02,2.681594848632812500e+00,6.213110173121094704e-04
1.427171565592288971e-02,4.806351661682128906e+00,1.737725397106260061e-04
8.563018590211868286e-02,1.570008993148803711e+00,1.241587847471237183e-02
1.663396358489990234e-01,3.366972208023071289e+00,2.163759898394346237e-03
7.677749544382095337e-02,4.242348670959472656e+00,4.162656143307685852e-03
3.104391135275363922e-02,4.731251239776611328e+00,1.296894042752683163e-04
8.856234699487686157e-02,1.890780091285705566e+00,1.127785816788673401e-02
1.335768252611160278e-01,2.029583215713500977e+00,1.779760466888546944e-03
1.624031923711299896e-02,9.198527336120605469e-01,4.173459019511938095e-03
2.106496598571538925e-03,3.018092393875122070e+00,1.549002365209162235e-03
8.294279128313064575e-02,8.249546289443969727e-01,4.426745290402323008e-04
1.378593295812606812e-01,4.803152084350585938e+00,5.347217433154582977e-03
1.397153735160827637e-02,5.291564017534255981e-02,4.362847656011581421e-03
2.865150570869445801e-02,7.325630187988281250e-01,2.124371752142906189e-02
1.558167673647403717e-02,3.778401136398315430e+00,2.332207513973116875e-03
6.990879029035568237e-02,5.614154338836669922e-01,1.332349982112646103e-02
1.668160706758499146e-01,4.762103080749511719e+00,2.392367459833621979e-03
1.906413286924362183e-01,4.667618751525878906e+00,5.371921509504318237e-02
1.482538580894470215e-01,4.567052364349365234e+00,1.155546400696039200e-02
1.040694639086723328e-01,7.103709578514099121e-01,1.645923824980854988e-03
1.790455877780914307e-01,2.657264173030853271e-01,1.366106048226356506e-02
1.713307923637330532e-03,4.038892269134521484e+00,7.081973017193377018e-04
5.577417090535163879e-02,4.901796340942382812e+00,2.422729041427373886e-03
1.546456217765808105e-01,4.730895042419433594e+00,1.626083813607692719e-02
8.466272614896297455e-03,4.726525783538818359e+00,1.483876141719520092e-03
1.334994733333587646e-01,5.535818338394165039e-01,2.621052041649818420e-02
1.339150071144104004e-01,4.954802989959716797e+00,4.051808267831802368e-03
1.783083379268646240e-02,5.595909357070922852e-01,2.970721805468201637e-03
3.932958468794822693e-02,3.735411405563354492e+00,1.012580818496644497e-03
6.775353848934173584e-02,1.845552206039428711e+00,2.208539284765720367e-02
7.652393076568841934e-03,3.996344506740570068e-01,4.518802743405103683e-03
7.923755794763565063e-03,6.821327805519104004e-01,4.405599553138017654e-03
3.049216698855161667e-03,4.935410499572753906e+00,1.475684111937880516e-03
1.944069564342498779e-02,1.500898003578186035e+00,9.020197205245494843e-03
1.167749837040901184e-01,2.032994985580444336e+00,3.132257610559463501e-03
1.375573277473449707e-01,4.376469612121582031e+00,1.190449343994259834e-03
1.952769458293914795e-01,3.824904918670654297e+00,1.542551210150122643e-03
3.547405591234564781e-03,1.935012221336364746e+00,8.699327707290649414e-03
3.277971222996711731e-02,5.593909621238708496e-01,3.707795869559049606e-03
1.595175117254257202e-01,3.554320096969604492e+00,4.527301993221044540e-03
2.987149730324745178e-02,3.205136299133300781e+00,3.818940743803977966e-02
1.199200451374053955e-01,1.466088652610778809e+00,2.290326170623302460e-03
8.932709693908691406e-03,2.687154293060302734e+00,2.229756646556779742e-04
2.868757583200931549e-03,3.442187070846557617e+00,9.253873722627758980e-04
4.269266128540039062e-02,1.951646089553833008e+00,1.798443309962749481e-02
1.187496036291122437e-01,3.329225540161132812e+00,2.202108589699491858e-04
6.045778281986713409e-03,4.842514514923095703e+00,3.460961161181330681e-03
1.679168269038200378e-02,4.829728126525878906e+00,4.927634261548519135e-03
1.788311898708343506e-01,4.761239051818847656e+00,5.578333977609872818e-03
5.162658169865608215e-02,3.386971235275268555e+00,1.166078262031078339e-03
1.793680153787136078e-02,4.781847953796386719e+00,3.645229618996381760e-03
3.367265164852142334e-01,4.675900042057037354e-01,2.394277229905128479e-02
5.465192347764968872e-02,7.316411137580871582e-01,1.091423630714416504e-02
1.413738876581192017e-01,4.185115814208984375e+00,4.349802061915397644e-02
7.557909935712814331e-02,3.663128852844238281e+00,4.766712663695216179e-05
4.374307766556739807e-02,2.040536403656005859e+00,6.976142991334199905e-03
1.612988114356994629e-01,4.706223964691162109e+00,1.734228432178497314e-02
1.906488649547100067e-02,3.264127492904663086e+00,1.170778367668390274e-02
1.502164173871278763e-02,1.074314475059509277e+00,1.767677254974842072e-03
1.699902204563841224e-04,4.785346508026123047e+00,3.149921540170907974e-03
9.708617813885211945e-03,5.452563166618347168e-01,5.800439044833183289e-03
4.139583185315132141e-02,3.006247043609619141e+00,5.130334291607141495e-03
9.600982069969177246e-02,4.918973922729492188e+00,4.057439975440502167e-03
9.209495969116687775e-03,4.790767729282379150e-01,1.702346140518784523e-03
8.481398969888687134e-02,6.903231143951416016e-01,5.823479150421917439e-04
6.837047636508941650e-02,2.147420406341552734e+00,3.569607390090823174e-03
5.118964985013008118e-02,3.987058997154235840e-01,5.098436959087848663e-03
2.075221203267574310e-02,8.270990252494812012e-01,1.279998059544595890e-06
6.852830946445465088e-02,1.724125027656555176e+00,7.347956765443086624e-03
2.729966770857572556e-03,4.771662712097167969e+00,1.868029125034809113e-02
4.733111709356307983e-02,7.187941670417785645e-01,2.400047611445188522e-03
7.978621870279312134e-03,3.790702819824218750e+00,4.725752660306170583e-05
1.441551595926284790e-01,4.121335029602050781e+00,1.601584721356630325e-03
1.448935084044933319e-02,2.154249906539916992e+00,8.873458136804401875e-04
1.906218081712722778e-01,9.559037536382675171e-02,2.498095389455556870e-03
1.726163923740386963e-01,4.757518291473388672e+00,1.012882962822914124e-02
2.078979611396789551e-01,4.726980686187744141e+00,1.395341195166110992e-02
1.785028539597988129e-02,2.816899299621582031e+00,2.898939419537782669e-04
2.517703734338283539e-02,3.332540750503540039e+00,9.420273709110915661e-04
8.770126849412918091e-02,3.762145519256591797e+00,2.592763921711593866e-04
3.153166547417640686e-02,2.947147369384765625e+00,9.518116712570190430e-03
2.221243456006050110e-02,5.406104922294616699e-01,1.935971435159444809e-03
1.376151591539382935e-01,4.267798423767089844e+00,3.037691349163651466e-04
1.053413823246955872e-01,3.210664987564086914e+00,1.478638406842947006e-02
1.427057478576898575e-02,4.757968902587890625e+00,1.055537606589496136e-03
4.543886706233024597e-02,5.745869874954223633e-01,1.462218584492802620e-03
1.454840600490570068e-01,3.718424797058105469e+00,3.528852248564362526e-03
8.577143400907516479e-02,1.947222590446472168e+00,1.001931261271238327e-03
1.489790827035903931e-01,9.852291345596313477e-01,9.051121887750923634e-04
3.218531906604766846e-01,2.860699176788330078e+00,3.833737596869468689e-02
3.006819486618041992e-01,4.555679798126220703e+00,1.603151485323905945e-02
2.105836719274520874e-01,2.914688825607299805e+00,2.739707706496119499e-04
2.031721323728561401e-01,3.415422201156616211e+00,1.156427059322595596e-02
1.389953643083572388e-01,3.678635597229003906e+00,2.209020545706152916e-03
2.228229679167270660e-02,4.688855171203613281e+00,1.452244818210601807e-02
2.534115314483642578e-02,4.834848403930664062e+00,1.766550936736166477e-03
1.660519689321517944e-01,4.330404758453369141e+00,7.303208112716674805e-03
1.001356393098831177e-01,4.865744590759277344e+00,1.631997525691986084e-03
1.618943959474563599e-01,4.537839889526367188e+00,1.656112610362470150e-03
1.130019649863243103e-01,1.463810563087463379e+00,8.634866680949926376e-04
1.252671033143997192e-01,1.655341029167175293e+00,5.245944019407033920e-03
4.055994376540184021e-02,1.108312755823135376e-01,2.952494658529758453e-03
1.361470669507980347e-01,2.906486988067626953e+00,1.136924978345632553e-02
5.473954603075981140e-02,4.107055366039276123e-01,1.016057282686233521e-02
9.046789258718490601e-02,4.181175231933593750e+00,1.500669750384986401e-04
5.703306570649147034e-02,5.057974457740783691e-01,1.330998260527849197e-02
3.237633034586906433e-02,4.642173051834106445e-01,3.937939647585153580e-03
2.341394126415252686e-02,2.896296501159667969e+00,1.000441331416368484e-02
1.430402044206857681e-02,1.675664186477661133e+00,3.545031417161226273e-03
1.055866256356239319e-01,4.734786987304687500e+00,5.209438502788543701e-03
2.158291824162006378e-02,3.180817127227783203e+00,1.432092487812042236e-02
6.236713007092475891e-02,1.954033851623535156e+00,4.079455975443124771e-03
5.316858645528554916e-03,4.778756201267242432e-01,6.267638411372900009e-03
3.804591670632362366e-02,4.175077915191650391e+00,9.822551161050796509e-03
2.014691568911075592e-02,4.734815597534179688e+00,6.604789632547181100e-06
1.092268005013465881e-01,1.527452826499938965e+00,3.811322094406932592e-04
1.959838718175888062e-02,3.382544755935668945e+00,1.240195240825414658e-02
4.994982853531837463e-02,4.305065870285034180e-01,2.286229981109499931e-03
7.203425467014312744e-02,3.350357055664062500e+00,5.679965484887361526e-03
1.279214769601821899e-01,1.623216152191162109e+00,3.937786095775663853e-04
5.574483796954154968e-02,2.635024785995483398e+00,7.730368990451097488e-03
1.584979146718978882e-02,9.270009398460388184e-01,2.440085867419838905e-03
7.745680399239063263e-03,2.747461080551147461e+00,9.841648861765861511e-04
1.416826993227005005e-01,3.374000072479248047e+00,6.148086395114660263e-03
3.854769980534911156e-03,5.422635078430175781e-01,4.249235149472951889e-03
7.822003215551376343e-03,2.098011255264282227e+00,7.741940207779407501e-04
2.539477348327636719e-01,3.106801033020019531e+00,1.318597700446844101e-02
2.641761600971221924e-01,4.956658840179443359e+00,1.314076688140630722e-02
4.957923665642738342e-02,2.730777025222778320e+00,2.444059029221534729e-02
1.155056953430175781e-01,3.784889459609985352e+00,6.477301940321922302e-04
1.690552756190299988e-02,3.494722604751586914e+00,8.944626461016014218e-05
1.760107427835464478e-01,4.559802055358886719e+00,1.337623503059148788e-02
3.045585565268993378e-02,1.218098521232604980e+00,1.913289888761937618e-03
5.245069041848182678e-02,1.666293740272521973e-01,4.216221347451210022e-02
1.879642009735107422e-01,2.787819385528564453e+00,8.237862959504127502e-03
4.217118769884109497e-02,5.435885190963745117e-01,2.374375797808170319e-02
1.660852879285812378e-02,1.870810627937316895e+00,1.217175740748643875e-03
1.384604573249816895e-01,2.811939716339111328e+00,6.765403784811496735e-03
8.458305150270462036e-02,1.820918798446655273e+00,1.547210384160280228e-03
1.741180419921875000e-01,4.796181678771972656e+00,1.968534663319587708e-03
1.164155900478363037e-01,5.647898316383361816e-01,9.586161468178033829e-04
7.009366992861032486e-03,3.989957571029663086e+00,1.108186412602663040e-02
6.579212099313735962e-02,2.034434795379638672e+00,7.352871820330619812e-03
1.450653672218322754e-01,7.564197182655334473e-01,1.001828815788030624e-03
4.190085921436548233e-03,4.851621627807617188e+00,5.745706148445606232e-03
1.789475232362747192e-02,3.079962253570556641e+00,5.110264173708856106e-04
3.193791583180427551e-02,2.833325147628784180e+00,9.510897099971771240e-03
2.488090097904205322e-02,2.112076044082641602e+00,1.440607104450464249e-02
1.044258195906877518e-02,3.388893127441406250e+00,2.618927275761961937e-03
1.955365985631942749e-01,3.985639572143554688e+00,2.934728283435106277e-03
6.708048749715089798e-04,6.186030507087707520e-01,3.794374875724315643e-03
3.943945840001106262e-02,4.709115982055664062e+00,6.546934018842875957e-04
4.760413616895675659e-02,5.361889600753784180e-01,4.766983911395072937e-02
8.561163395643234253e-02,7.488340735435485840e-01,9.451505611650645733e-04
1.417245119810104370e-01,1.688259363174438477e+00,8.232691325247287750e-03
3.900929912924766541e-02,4.883082807064056396e-01,2.097251126542687416e-03
3.309474512934684753e-02,4.798891067504882812e+00,8.447987056570127606e-05
6.848536431789398193e-02,5.128791928291320801e-01,5.249169655144214630e-03
1.451236195862293243e-02,3.181423664093017578e+00,1.523556071333587170e-03
4.705961421132087708e-02,3.974980831146240234e+00,6.590454140678048134e-04
1.713857948780059814e-01,3.209887027740478516e+00,1.546749554108828306e-04
1.722481101751327515e-02,4.787198543548583984e+00,7.975616492331027985e-03
2.168477512896060944e-02,4.720457077026367188e+00,1.598615199327468872e-03
1.198355015367269516e-02,7.402269840240478516e-01,1.658037863671779633e-02
6.806919723749160767e-02,1.510945200920104980e+00,6.052342941984534264e-04
1.290621757507324219e-01,4.914537906646728516e+00,1.498416881076991558e-03
9.975067526102066040e-02,3.999397993087768555e+00,2.050474844872951508e-02
3.829896822571754456e-02,3.840654134750366211e+00,6.645135581493377686e-03
6.017294526100158691e-02,9.357800483703613281e-01,5.248759873211383820e-03
1.401277780532836914e-01,2.618657112121582031e+00,9.345521684736013412e-04
1.863184720277786255e-01,3.954457283020019531e+00,2.134995721280574799e-02
9.087186306715011597e-03,3.048186063766479492e+00,2.111023990437388420e-03
1.067067980766296387e-01,4.773770332336425781e+00,2.044975990429520607e-03
2.499740757048130035e-02,2.080472946166992188e+00,2.312188502401113510e-03
3.629222046583890915e-03,3.068580150604248047e+00,1.318858820013701916e-03
3.006560355424880981e-02,1.391672492027282715e+00,2.650568727403879166e-03
1.177784502506256104e-01,1.653525233268737793e+00,1.148772658780217171e-03
2.211945829913020134e-03,4.951021671295166016e+00,1.756715402007102966e-02
1.332164257764816284e-01,3.377840995788574219e+00,4.136595409363508224e-03
9.975143708288669586e-03,3.624963998794555664e+00,2.708731917664408684e-03
1.249020360410213470e-02,3.588599860668182373e-01,1.405745046213269234e-03
3.836091980338096619e-02,4.127536773681640625e+00,9.814001386985182762e-04
1.144696846604347229e-01,5.952257513999938965e-01,1.361815491691231728e-03
6.650680303573608398e-02,3.135667800903320312e+00,1.335780322551727295e-02
7.892314344644546509e-03,3.431129455566406250e+00,8.087027817964553833e-04
1.622896939516067505e-01,4.726459026336669922e+00,4.750553891062736511e-02
5.912494659423828125e-02,4.794116497039794922e+00,3.399162669666111469e-04
3.756790608167648315e-02,9.108832478523254395e-01,9.880048455670475960e-04
3.308448567986488342e-02,3.495504856109619141e+00,5.280042998492717743e-03
9.408457577228546143e-02,5.648748278617858887e-01,9.550321265123784542e-04
5.716055631637573242e-02,1.099261403083801270e+00,7.709684432484209538e-04
7.977233082056045532e-02,4.907888412475585938e+00,1.055998378433287144e-03
2.184530794620513916e-01,4.221647262573242188e+00,3.682195907458662987e-03
1.000886857509613037e-01,7.811151742935180664e-01,3.842553996946662664e-04
2.986582927405834198e-02,2.719449520111083984e+00,1.615357468836009502e-03
1.680042408406734467e-02,7.234762907028198242e-01,2.664802363142371178e-03
4.182208329439163208e-02,3.135393857955932617e+00,7.478209212422370911e-03
3.703510016202926636e-02,3.554105758666992188e+00,1.331551279872655869e-02
3.550857305526733398e-02,2.959046363830566406e+00,1.799933239817619324e-02
2.048675715923309326e-02,3.906089544296264648e+00,2.226377371698617935e-03
1.283709425479173660e-02,3.854376792907714844e+00,9.528305236017331481e-05
1.969107538461685181e-01,4.264356613159179688e+00,2.565628092270344496e-04
9.079550392925739288e-03,5.719063878059387207e-01,4.283948801457881927e-03
1.581488102674484253e-01,1.015913933515548706e-01,1.294395420700311661e-02
4.785096645355224609e-02,1.839864134788513184e+00,2.130485139787197113e-02
7.301957160234451294e-02,4.593910574913024902e-01,6.022646557539701462e-04
3.547267289832234383e-03,3.448083162307739258e+00,3.995693288743495941e-03
1.620070040225982666e-01,5.071291923522949219e-01,1.343721430748701096e-02
7.122420519590377808e-02,5.781899690628051758e-01,1.873205415904521942e-02
9.809161536395549774e-03,5.620465278625488281e-01,2.843490103259682655e-03
3.621240705251693726e-02,4.703322887420654297e+00,8.045811206102371216e-03
2.419774532318115234e-01,3.504258632659912109e+00,1.142679830081760883e-03
1.946409791707992554e-01,1.491391897201538086e+00,1.906377822160720825e-02
2.325500734150409698e-02,4.374979972839355469e+00,3.553888993337750435e-03
2.080324478447437286e-02,7.120696902275085449e-01,2.220530435442924500e-02
4.701452702283859253e-02,3.404590845108032227e+00,1.984688080847263336e-02
1.792996004223823547e-02,4.132265090942382812e+00,7.446209434419870377e-03
1.330549418926239014e-01,9.729563593864440918e-01,1.053392328321933746e-02
8.988613262772560120e-03,3.470108747482299805e+00,2.344137290492653847e-03
2.577200345695018768e-02,2.227488279342651367e+00,1.837155595421791077e-02
6.272134929895401001e-02,3.412204265594482422e+00,5.058552051195874810e-05
2.222449332475662231e-02,3.303978681564331055e+00,2.137647941708564758e-02
3.551278635859489441e-02,3.266808748245239258e+00,4.751352826133370399e-04
8.374253660440444946e-02,4.658689022064208984e+00,9.617136791348457336e-03
3.541324753314256668e-03,1.676424264907836914e+00,1.974012935534119606e-03
1.584517508745193481e-01,3.646275997161865234e+00,1.007701456546783447e-02
1.631255149841308594e-01,4.161217689514160156e+00,7.535911630839109421e-03
1.121964454650878906e-01,1.136929869651794434e+00,2.471420215442776680e-03
6.225090101361274719e-02,4.206420421600341797e+00,1.290750078624114394e-04
1.515700221061706543e-01,4.851493835449218750e+00,1.637219917029142380e-03
1.582018099725246429e-02,5.252141356468200684e-01,3.974445164203643799e-03
1.522198170423507690e-01,5.125681757926940918e-01,3.903942881152033806e-03
2.431305870413780212e-02,4.637738466262817383e-01,3.091400023549795151e-03
7.553162984549999237e-03,4.736616134643554688e+00,5.235191783867776394e-04
2.909862808883190155e-02,4.726679325103759766e+00,2.552213612943887711e-03
1.309075355529785156e-01,4.773328781127929688e+00,1.429399359039962292e-03
1.018749997019767761e-01,6.647887229919433594e-01,8.452082984149456024e-04
2.477977052330970764e-02,5.249074697494506836e-01,8.967666071839630604e-04
8.430409245193004608e-03,4.922846257686614990e-01,2.086033299565315247e-02
1.278984993696212769e-01,4.062448024749755859e+00,1.707036048173904419e-02
1.783846318721771240e-01,3.984753370285034180e+00,2.704840619117021561e-03
3.542941808700561523e-02,4.921298980712890625e+00,7.138805231079459190e-04
2.315805666148662567e-02,4.735110759735107422e+00,9.059826261363923550e-04
1.669593453407287598e-01,4.950864791870117188e+00,3.611488966271281242e-03
5.085920542478561401e-02,4.343334197998046875e+00,1.319575589150190353e-03
2.741475775837898254e-02,5.271862149238586426e-01,2.136163180693984032e-03
1.001746859401464462e-02,4.290811121463775635e-01,2.955464180558919907e-03
1.868190020322799683e-01,4.874643802642822266e+00,1.477015321142971516e-03
6.324534118175506592e-02,3.718429327011108398e+00,5.366263794712722301e-04
8.890498429536819458e-02,5.480977892875671387e-01,1.818467630073428154e-03
3.620017692446708679e-02,4.067186832427978516e+00,5.782672669738531113e-03
1.608956754207611084e-01,2.879836559295654297e+00,5.703415255993604660e-03
5.388607084751129150e-02,4.568764865398406982e-01,2.010108873946592212e-04
3.883336856961250305e-02,3.152534008026123047e+00,1.680893450975418091e-02
1.775247901678085327e-01,2.092279434204101562e+00,1.366577111184597015e-03
6.871612370014190674e-02,3.155598640441894531e+00,3.665555967018008232e-03
7.110428065061569214e-03,3.772988021373748779e-01,1.251167338341474533e-02
9.387122094631195068e-02,3.494954586029052734e+00,7.097077090293169022e-03
1.742640137672424316e-01,3.073533773422241211e+00,7.092008367180824280e-03
1.305090188980102539e-01,4.474433362483978271e-01,1.510192872956395149e-03
7.421310245990753174e-02,4.787310600280761719e+00,1.893122121691703796e-02
3.019755333662033081e-02,1.512339949607849121e+00,1.267868746072053909e-02
7.514800876379013062e-02,6.455894708633422852e-01,2.043450251221656799e-02
3.221169486641883850e-02,4.914885997772216797e+00,2.512175403535366058e-02
1.504534389823675156e-02,3.094337224960327148e+00,4.105486348271369934e-02
2.489333972334861755e-02,4.897483825683593750e+00,1.057739136740565300e-03
1.264599338173866272e-02,3.179714441299438477e+00,2.162121469154953957e-03
1.476738229393959045e-02,1.567577838897705078e+00,1.332032494246959686e-02
4.461206495761871338e-02,4.009606361389160156e+00,6.993909482844173908e-05
1.726361215114593506e-01,3.298658370971679688e+00,1.187935471534729004e-02
1.139931231737136841e-01,1.927785873413085938e-01,4.343749955296516418e-03
1.225836761295795441e-02,4.829547703266143799e-01,3.370030084624886513e-03
1.699586361646652222e-01,4.275157928466796875e+00,1.514253020286560059e-02
1.630788743495941162e-01,4.929147243499755859e+00,1.485985517501831055e-02
9.189964830875396729e-02,3.708749771118164062e+00,1.503905560821294785e-02
4.782363772392272949e-02,4.821249246597290039e-01,3.665658412501215935e-03
1.027796417474746704e-01,3.256913661956787109e+00,5.504503496922552586e-04
2.427526004612445831e-02,5.463090538978576660e-01,2.392777008935809135e-03
5.175718292593955994e-02,7.613648772239685059e-01,2.075235126540064812e-03
1.732079312205314636e-02,7.674656510353088379e-01,2.327292459085583687e-03
4.398700594902038574e-02,9.383300542831420898e-01,4.942328669130802155e-04
1.604215353727340698e-01,6.230322644114494324e-02,5.003256374038755894e-04
1.807366758584976196e-01,3.144499540328979492e+00,5.199044942855834961e-03
2.477883826941251755e-03,3.776660919189453125e+00,8.538611000403761864e-04
2.694552298635244370e-03,3.405985116958618164e+00,5.504247732460498810e-03
5.839302204549312592e-03,8.155389428138732910e-01,1.019953633658587933e-03
1.079189106822013855e-01,4.860380172729492188e+00,9.499172680079936981e-03
2.984219789505004883e-02,4.783468246459960938e+00,1.123019028455018997e-03
3.715025633573532104e-02,5.368983745574951172e-01,7.679476402699947357e-04
3.346575424075126648e-02,3.189635276794433594e+00,1.912931539118289948e-02
5.587198212742805481e-02,3.943053483963012695e+00,1.995414495468139648e-03
4.349983856081962585e-02,3.551830053329467773e+00,4.727903287857770920e-03
8.847859501838684082e-02,5.627867579460144043e-01,1.496932120062410831e-03
1.770385913550853729e-02,1.674866199493408203e+00,1.031063962727785110e-03
2.189250439405441284e-01,4.116566181182861328e+00,5.036792252212762833e-03
8.556623756885528564e-02,4.028279781341552734e+00,5.880925338715314865e-03
1.873240433633327484e-02,1.623679637908935547e+00,1.367037930322112516e-05
1.802952587604522705e-01,4.257405281066894531e+00,5.453252233564853668e-03
1.072988957166671753e-01,3.201338768005371094e+00,8.496217429637908936e-03
8.852240629494190216e-03,4.507841467857360840e-01,3.703648690134286880e-03
1.106420382857322693e-01,4.252254486083984375e+00,2.280444459756836295e-04
1.030417159199714661e-02,8.714564442634582520e-01,3.677331842482089996e-03
2.128118649125099182e-02,4.409767687320709229e-01,2.267286181449890137e-03
3.877978026866912842e-02,1.080609202384948730e+00,1.498468103818595409e-03
2.828150056302547455e-02,1.586297392845153809e+00,4.931217990815639496e-03
5.558780208230018616e-02,6.609275341033935547e-01,1.856150804087519646e-03
1.717112660408020020e-01,4.648492813110351562e+00,3.217761404812335968e-03
7.517571747303009033e-02,3.885315418243408203e+00,1.598569005727767944e-02
6.135102361440658569e-02,4.667137145996093750e+00,8.210317231714725494e-03
1.291781514883041382e-01,3.647989511489868164e+00,1.244772458449006081e-03
7.290213555097579956e-02,2.846617937088012695e+00,1.952252932824194431e-04
1.565256416797637939e-01,3.159860372543334961e+00,1.882365089841187000e-03
2.482047118246555328e-02,4.797224402427673340e-01,2.557538449764251709e-03
9.792576543986797333e-03,4.840433597564697266e-01,1.308004371821880341e-02
1.364524662494659424e-01,1.550819873809814453e+00,1.325617195107042789e-03
4.815245792269706726e-02,6.071395277976989746e-01,3.002414479851722717e-03
9.983097016811370850e-02,3.055860519409179688e+00,1.461701467633247375e-02
1.745578460395336151e-02,3.493757247924804688e+00,2.531887264922261238e-03
1.346353627741336823e-02,3.521681070327758789e+00,8.236531284637749195e-04
9.006772935390472412e-02,1.435885787010192871e+00,1.972046867012977600e-02
7.607452571392059326e-02,3.493805170059204102e+00,1.275067497044801712e-02
1.897959709167480469e-01,4.810308456420898438e+00,4.248979035764932632e-03
8.657885342836380005e-02,4.742697179317474365e-01,2.434162050485610962e-02
1.354385316371917725e-01,3.955822944641113281e+00,5.202373024076223373e-03
4.748186096549034119e-03,2.738777875900268555e+00,2.988027408719062805e-04
2.509463345631957054e-03,4.271588325500488281e+00,1.079350616782903671e-02
1.292291581630706787e-01,8.865573406219482422e-01,4.685765597969293594e-03
1.098876167088747025e-02,4.391554832458496094e+00,3.996153827756643295e-04
1.073991954326629639e-01,1.620457172393798828e+00,1.664586178958415985e-02
1.682649552822113037e-01,4.716575145721435547e+00,2.027532272040843964e-02
9.549307823181152344e-02,3.014709949493408203e+00,9.252440184354782104e-03
8.722709608264267445e-04,1.015462160110473633e+00,2.305276459082961082e-03
1.670100390911102295e-01,3.912740230560302734e+00,1.749194040894508362e-02
1.024811565876007080e-01,7.478395104408264160e-01,5.628407234326004982e-04
5.230370908975601196e-02,2.633893251419067383e+00,1.682966947555541992e-02
9.112173318862915039e-02,3.449009180068969727e+00,2.902472391724586487e-03
1.314953807741403580e-02,2.781154870986938477e+00,7.238900754600763321e-03
1.553258597850799561e-01,5.731166005134582520e-01,2.293607965111732483e-02
5.159009620547294617e-02,5.169665813446044922e-01,2.243631752207875252e-03
9.191149845719337463e-03,3.226496458053588867e+00,1.571622490882873535e-02
9.759379923343658447e-02,4.796082496643066406e+00,1.893798075616359711e-02
4.015894606709480286e-02,4.101528644561767578e+00,9.770019911229610443e-03
4.313021525740623474e-02,6.095874309539794922e-01,2.345673274248838425e-03
1.181691139936447144e-02,4.221593856811523438e+00,1.690897904336452484e-02
1.754699796438217163e-01,3.930415809154510498e-01,4.074489697813987732e-03
2.034710347652435303e-02,1.890939235687255859e+00,6.075894925743341446e-04
1.835030503571033478e-02,1.635856986045837402e+00,2.676220028661191463e-04
1.673771440982818604e-02,4.752761363983154297e+00,2.349564456380903721e-04
2.226464077830314636e-02,4.716784477233886719e+00,2.641915853018872440e-05
1.921704784035682678e-02,2.969591856002807617e+00,4.433861933648586273e-03
1.703067123889923096e-02,5.298681855201721191e-01,7.699546404182910919e-03
3.282639011740684509e-02,3.072222232818603516e+00,2.227708610007539392e-04
4.608704149723052979e-02,8.727535605430603027e-01,1.298174029216170311e-03
1.860010810196399689e-02,4.141416251659393311e-01,6.848142948001623154e-03
1.755235344171524048e-02,4.766856133937835693e-02,6.955765187740325928e-03
2.868726663291454315e-02,9.731962084770202637e-01,7.392602972686290741e-03
4.964315518736839294e-02,3.001054048538208008e+00,1.249329303391277790e-03
7.767447270452976227e-03,3.882936954498291016e+00,1.245898893103003502e-03
1.989935487508773804e-01,3.582164287567138672e+00,8.837670087814331055e-03
1.399879809468984604e-02,4.763659477233886719e+00,1.366935553960502148e-03
2.508989870548248291e-01,4.422214031219482422e+00,2.740219933912158012e-04
3.819355368614196777e-02,3.547723531723022461e+00,1.189742796123027802e-02
1.908095329999923706e-01,4.907774448394775391e+00,4.819960740860551596e-04
2.967597357928752899e-02,4.100733280181884766e+00,1.154916593804955482e-03
1.070686131715774536e-01,3.461196899414062500e+00,1.516854017972946167e-02
1.953909993171691895e-01,4.696801662445068359e+00,2.256959117949008942e-02
8.964012376964092255e-03,5.323044657707214355e-01,3.757715923711657524e-03
2.765723504126071930e-02,4.584991931915283203e+00,9.477617568336427212e-04
5.916703119874000549e-02,3.161413192749023438e+00,3.524469584226608276e-02
5.232976004481315613e-02,4.830926418304443359e+00,1.132767554372549057e-02
5.050678923726081848e-02,3.814230918884277344e+00,4.557305073831230402e-04
1.291500031948089600e-01,5.909786820411682129e-01,8.013299666345119476e-04
2.023091614246368408e-01,4.839654445648193359e+00,1.271457877010107040e-02
4.888566210865974426e-02,2.826895952224731445e+00,5.865974817425012589e-04
1.430052369832992554e-01,3.306326866149902344e+00,8.176678791642189026e-03
2.561800926923751831e-02,1.675471186637878418e+00,3.343354910612106323e-05
1.041093021631240845e-01,4.256796360015869141e+00,1.668344251811504364e-02
3.801330178976058960e-02,4.775653839111328125e+00,4.718072887044399977e-04
1.690406203269958496e-01,4.512786865234375000e+00,1.740147173404693604e-02
1.268043816089630127e-01,4.909009635448455811e-01,1.198743702843785286e-03
1.298047006130218506e-01,4.628147602081298828e+00,8.880984969437122345e-03
8.496366441249847412e-03,1.643373012542724609e+00,1.485565677285194397e-03
1.623951792716979980e-01,4.771631240844726562e+00,1.357550546526908875e-02
5.094247404485940933e-03,1.678692936897277832e+00,1.930472627282142639e-02
1.057263836264610291e-01,4.020119190216064453e+00,1.454338897019624710e-02
8.991601318120956421e-02,9.569861888885498047e-01,3.629818325862288475e-03
1.786086112260818481e-01,4.860774517059326172e+00,1.635161601006984711e-02
1.233759243041276932e-02,3.480158090591430664e+00,2.086130529642105103e-02
1.394593864679336548e-01,4.649923145771026611e-01,6.882856599986553192e-03
2.061601355671882629e-02,3.006095647811889648e+00,2.016918500885367393e-03
8.375068753957748413e-02,6.180087924003601074e-01,1.635392010211944580e-02
4.726142808794975281e-02,2.850667476654052734e+00,2.181065501645207405e-03
1.886652968823909760e-02,3.415126726031303406e-02,5.734442267566919327e-03
1.607280373573303223e-01,4.799947738647460938e+00,6.495733978226780891e-04
8.933863788843154907e-02,2.822929859161376953e+00,1.617149449884891510e-02
1.051273420453071594e-01,2.990409135818481445e+00,1.510192919522523880e-02
6.032821722328662872e-03,4.187056541442871094e+00,2.665314357727766037e-03
7.710714824497699738e-03,5.227777361869812012e-01,3.272955073043704033e-03
7.432141900062561035e-02,6.160445883870124817e-02,2.351100323721766472e-03
1.481858640909194946e-02,1.360813736915588379e+00,4.077049670740962029e-04
1.585616916418075562e-01,3.227052211761474609e+00,2.235741913318634033e-02
2.032303512096405029e-01,4.896911621093750000e+00,1.466038078069686890e-02
3.294641897082328796e-02,3.659103512763977051e-01,5.179896252229809761e-04
1.893375962972640991e-01,4.800440788269042969e+00,2.357423491775989532e-02
1.625983417034149170e-01,4.315711975097656250e+00,8.242572657763957977e-03
1.605322584509849548e-02,4.237051486968994141e+00,6.729154381901025772e-03
1.452822051942348480e-02,4.059841632843017578e+00,9.489905205555260181e-04
1.178776398301124573e-01,3.079576253890991211e+00,1.775659434497356415e-02
1.434803847223520279e-02,2.205430507659912109e+00,8.782322402112185955e-04
8.749030530452728271e-02,3.499914407730102539e+00,2.163196622859686613e-04
1.673460453748703003e-01,3.798667192459106445e+00,1.358661614358425140e-02
9.028647094964981079e-02,3.382102012634277344e+00,8.215539157390594482e-03
2.137830853462219238e-02,4.782583713531494141e+00,1.453565782867372036e-04
1.373617723584175110e-02,1.114816784858703613e+00,4.045561887323856354e-03
5.024855583906173706e-02,4.751778602600097656e+00,1.013302803039550781e-02
1.048401892185211182e-01,3.876781225204467773e+00,2.094588853651657701e-04
5.749590694904327393e-02,4.782474994659423828e+00,5.540343699976801872e-04
6.350782513618469238e-02,3.391616344451904297e+00,2.056009694933891296e-02
4.448395222425460815e-02,6.863757371902465820e-01,1.690083742141723633e-02
2.297089621424674988e-02,4.548221588134765625e+00,8.985586464405059814e-04
4.473983496427536011e-02,5.275570154190063477e-01,4.587769042700529099e-03
2.234735712409019470e-02,3.611867427825927734e+00,9.449969511479139328e-04
2.468185313045978546e-02,3.067092895507812500e+00,9.087986109079793096e-05
2.666849456727504730e-02,7.321705818176269531e-01,2.639458281919360161e-03
3.500153869390487671e-02,4.353332042694091797e+00,5.427345167845487595e-03
2.532843872904777527e-02,4.966848790645599365e-01,1.130632497370243073e-02
2.428407035768032074e-02,5.148445963859558105e-01,3.012245055288076401e-03
9.909065067768096924e-02,3.923959732055664062e+00,5.101508926600217819e-03
1.916995197534561157e-01,1.958120822906494141e+00,1.636467315256595612e-02
1.724934205412864685e-02,7.359488606452941895e-01,2.218456752598285675e-02
4.125627875328063965e-02,2.742184877395629883e+00,2.531324140727519989e-02
4.973022267222404480e-02,3.199532747268676758e+00,9.578481549397110939e-04
6.224302574992179871e-03,7.653016448020935059e-01,3.480724291875958443e-03
2.896467456594109535e-03,4.711708545684814453e+00,3.183764638379216194e-03
1.779683493077754974e-02,2.150382041931152344e+00,1.848675543442368507e-03
1.835977286100387573e-02,3.968595743179321289e+00,2.082746289670467377e-02
3.289414197206497192e-02,4.658947467803955078e+00,2.134217415004968643e-03
1.408373117446899414e-01,3.733306527137756348e-01,1.150062866508960724e-02
4.204044491052627563e-02,3.132990360260009766e+00,1.962441718205809593e-03
1.281518954783678055e-02,2.323704719543457031e+00,5.447671865113079548e-04
1.745326519012451172e-01,4.699130058288574219e+00,1.703165471553802490e-02
2.352256886661052704e-02,3.965083599090576172e+00,1.568407169543206692e-03
5.298608914017677307e-02,2.171761751174926758e+00,1.507617533206939697e-02
2.258026413619518280e-02,8.845989704132080078e-01,1.019958779215812683e-02
6.288035213947296143e-02,2.932472705841064453e+00,9.322379715740680695e-03
5.588269606232643127e-02,3.489784955978393555e+00,1.507453713566064835e-02
8.419580757617950439e-02,4.536709785461425781e+00,4.274528007954359055e-03
1.092970743775367737e-01,5.017909407615661621e-01,4.981752499588765204e-05
1.213344559073448181e-01,1.090976119041442871e+00,4.659704864025115967e-04
1.297687739133834839e-01,4.654057025909423828e+00,2.388102561235427856e-02
4.968986660242080688e-02,4.681494712829589844e+00,3.684858384076505899e-04
2.533449828624725342e-01,4.025434494018554688e+00,3.477089107036590576e-03
3.078059852123260498e-02,5.839558839797973633e-01,1.492247264832258224e-02
4.683576058596372604e-03,4.678559303283691406e+00,1.794454874470829964e-03
2.426340803503990173e-02,4.699778556823730469e+00,1.424637855961918831e-03
1.267536878585815430e-01,4.802491188049316406e+00,1.611133478581905365e-02
4.505224525928497314e-03,2.315391778945922852e+00,2.061846479773521423e-02
7.905167341232299805e-02,4.278748035430908203e+00,2.210454316809773445e-03
1.799398958683013916e-01,3.366307735443115234e+00,1.693974994122982025e-02
4.250214993953704834e-02,3.092964649200439453e+00,1.312356442213058472e-03
8.372522890567779541e-02,4.573580741882324219e+00,4.090361762791872025e-04
3.688735887408256531e-02,3.753131926059722900e-01,6.618613842874765396e-04
6.345741450786590576e-02,4.775938987731933594e+00,1.187024079263210297e-02
1.312135756015777588e-01,3.734617471694946289e+00,1.253240928053855896e-02
1.881090365350246429e-02,5.370218753814697266e-01,3.901690011844038963e-03
6.176518741995096207e-03,6.280279755592346191e-01,2.166729420423507690e-03
2.142222132533788681e-03,1.548829078674316406e+00,1.731990952976047993e-03
3.342149406671524048e-02,4.601991474628448486e-01,3.186734393239021301e-03
2.991420216858386993e-02,3.282359123229980469e+00,1.797629229258745909e-04
2.593615464866161346e-02,5.417074561119079590e-01,4.169465508311986923e-03
1.613194346427917480e-01,4.384732723236083984e+00,1.379581866785883904e-03
4.386217519640922546e-02,3.028777122497558594e+00,2.512841019779443741e-03
3.719686716794967651e-02,5.253334045410156250e-01,1.706544542685151100e-03
7.485798746347427368e-02,5.005582571029663086e-01,6.360105238854885101e-03
6.023945286870002747e-02,4.736353397369384766e+00,2.392469905316829681e-03
8.107841946184635162e-03,5.359942913055419922e-01,1.998675987124443054e-02
6.179486587643623352e-02,4.778363704681396484e+00,9.513303637504577637e-03
4.885788261890411377e-02,6.559357643127441406e-01,9.068530052900314331e-04
6.655790656805038452e-02,3.768437623977661133e+00,7.505908724851906300e-04
7.237333338707685471e-03,5.306425094604492188e-01,1.234906259924173355e-02
1.804113835096359253e-01,7.192071080207824707e-01,1.183358207345008850e-02
3.225712850689888000e-02,3.368845701217651367e+00,2.843797206878662109e-03
1.355267763137817383e-01,5.397374629974365234e-01,6.592143326997756958e-03
9.465932846069335938e-03,3.860323905944824219e+00,2.265135757625102997e-03
1.235393527895212173e-02,3.404545068740844727e+00,7.877261377871036530e-03
3.503895550966262817e-02,1.477191090583801270e+00,3.697146312333643436e-04
7.999113947153091431e-02,3.357617616653442383e+00,1.642457582056522369e-02
1.523844804614782333e-02,3.640663146972656250e+00,2.920443424955010414e-03
3.541704732924699783e-03,1.612213850021362305e+00,3.035080153495073318e-03
1.760770380496978760e-01,4.637398719787597656e+00,1.877767406404018402e-02
4.673390462994575500e-02,4.783382892608642578e+00,8.990398608148097992e-03
5.345079675316810608e-02,3.663358926773071289e+00,1.204273314215242863e-03
2.776904217898845673e-02,1.000743627548217773e+00,3.658285597339272499e-03
1.076338626444339752e-02,3.788811445236206055e+00,5.167300812900066376e-03
6.649968773126602173e-02,4.629232585430145264e-01,2.877962961792945862e-02
7.341904938220977783e-02,3.281003713607788086e+00,1.854123175144195557e-02
8.935303986072540283e-02,5.108101367950439453e-01,1.358180306851863861e-03
2.072329260408878326e-02,3.346118450164794922e+00,1.125082466751337051e-02
3.040033206343650818e-02,5.080000162124633789e-01,2.176047768443822861e-03
3.088552877306938171e-02,4.476851224899291992e-01,2.802120521664619446e-03
1.115331724286079407e-01,8.154892325401306152e-01,6.618255283683538437e-03
7.550364360213279724e-03,5.709816217422485352e-01,2.347465138882398605e-03
1.779426187276840210e-01,3.989176273345947266e+00,3.333222493529319763e-02
3.858297690749168396e-02,1.237390637397766113e+00,1.460170606151223183e-03
2.800557762384414673e-02,5.354238748550415039e-01,5.566506646573543549e-03
6.999381817877292633e-03,5.706097483634948730e-01,2.554620057344436646e-02
3.636069968342781067e-02,1.573586583137512207e+00,2.193199936300516129e-03
1.617215014994144440e-02,2.700631320476531982e-01,3.997024148702621460e-03
4.198640957474708557e-02,4.142417907714843750e+00,1.633379841223359108e-03
1.940949633717536926e-02,5.391555428504943848e-01,1.289557013660669327e-02
2.557789534330368042e-02,2.076493024826049805e+00,7.767028000671416521e-05
6.644119322299957275e-02,1.860580682754516602e+00,1.456694118678569794e-02
1.427012979984283447e-01,4.143872261047363281e+00,3.692128695547580719e-03
2.875978825613856316e-03,3.565468549728393555e+00,7.148021250031888485e-04
3.119956143200397491e-02,4.177454471588134766e+00,5.122552160173654556e-03
9.216890670359134674e-03,4.744801044464111328e+00,9.016408585011959076e-03
1.009333506226539612e-01,4.739350318908691406e+00,1.831093430519104004e-02
4.300403594970703125e-02,2.786217212677001953e+00,2.035048417747020721e-02
3.402212634682655334e-02,6.630688905715942383e-01,1.777814817614853382e-03
1.758687011897563934e-02,4.601755142211914062e+00,1.823229249566793442e-04
3.437015786767005920e-02,6.425721645355224609e-01,3.262151731178164482e-03
2.483729831874370575e-02,3.411231517791748047e+00,3.445089096203446388e-03
1.778438687324523926e-01,3.101050376892089844e+00,9.161815978586673737e-03
5.492363125085830688e-02,3.463725805282592773e+00,5.659127491526305676e-04
1.020441278815269470e-01,1.205848678946495056e-01,2.495996188372373581e-03
2.211009524762630463e-02,3.429063558578491211e+00,1.035917736589908600e-02
1.419445965439081192e-02,6.744400262832641602e-01,3.846598789095878601e-03
7.265216205269098282e-03,3.016313552856445312e+00,2.758293412625789642e-03
1.902729459106922150e-02,8.121052384376525879e-01,1.559549593366682529e-03
3.431283682584762573e-02,3.195206403732299805e+00,1.713917357847094536e-03
1.002669334411621094e-02,2.825195789337158203e+00,2.166114980354905128e-03
7.798875123262405396e-02,4.338507652282714844e+00,6.198262562975287437e-04
6.404232978820800781e-02,6.189064979553222656e-01,3.708461532369256020e-03
6.698644161224365234e-02,2.871188640594482422e+00,3.108910517767071724e-03
3.336175531148910522e-02,4.718595027923583984e+00,4.335609264671802521e-04
5.500002205371856689e-02,3.975715637207031250e+00,2.342447638511657715e-03
1.323895603418350220e-01,4.687678515911102295e-01,2.147447504103183746e-02
1.602952484972774982e-03,5.535196661949157715e-01,4.345797933638095856e-03
3.589626867324113846e-03,4.835170269012451172e+00,1.069515128619968891e-03
5.576318502426147461e-02,3.288115978240966797e+00,8.674495853483676910e-03
2.049301192164421082e-02,5.185501575469970703e-01,2.208201447501778603e-03
5.450466647744178772e-02,2.917949676513671875e+00,1.134457159787416458e-02
1.233873330056667328e-02,3.885055065155029297e+00,3.997126594185829163e-03
2.854609116911888123e-02,5.215973258018493652e-01,4.679672711063176394e-04
1.502229869365692139e-01,3.142324447631835938e+00,1.637911051511764526e-02
2.307997201569378376e-04,5.780948400497436523e-01,1.735421363264322281e-03
4.488712549209594727e-02,4.908889293670654297e+00,7.654388318769633770e-04
3.544966131448745728e-02,5.367754697799682617e-01,2.731567015871405602e-03
6.112444028258323669e-02,7.057345509529113770e-01,1.204785308800637722e-03
3.279622644186019897e-02,7.696054577827453613e-01,1.798909273929893970e-03
2.388839423656463623e-02,2.109838008880615234e+00,6.618869956582784653e-03
5.916454363614320755e-03,3.406597614288330078e+00,3.018081653863191605e-03
2.079128846526145935e-02,6.425580978393554688e-01,2.110819099470973015e-03
1.357869431376457214e-02,1.659871101379394531e+00,2.199932560324668884e-02
2.195368334650993347e-02,3.642812490463256836e+00,6.099907215684652328e-03
5.075513944029808044e-02,4.917705535888671875e+00,5.203959881328046322e-04
7.768594473600387573e-02,7.305638194084167480e-01,3.415085840970277786e-03
1.151454299688339233e-01,1.995610833168029785e+00,1.901037804782390594e-02
1.392517052590847015e-02,9.467008709907531738e-01,1.203249325044453144e-03
7.823695987462997437e-02,1.801879763603210449e+00,2.182652615010738373e-02
9.368775784969329834e-02,3.631323099136352539e+00,3.226772649213671684e-03
1.312385350465774536e-01,2.990588665008544922e+00,1.907171495258808136e-02
1.172595992684364319e-01,5.930638313293457031e-01,8.288550190627574921e-03
1.164844166487455368e-02,2.578864336013793945e+00,9.967600926756858826e-04
1.266685873270034790e-01,4.932904243469238281e+00,2.738632494583725929e-03
1.557442843914031982e-01,3.668162345886230469e+00,2.004778943955898285e-02
2.776904217898845673e-02,1.669324517250061035e+00,7.131636957637965679e-04
1.137096341699361801e-02,4.042270183563232422e+00,1.545469625853002071e-03
1.240669786930084229e-01,4.215510845184326172e+00,3.481082676444202662e-04
1.125604752451181412e-02,4.800018966197967529e-01,1.358487526886165142e-03
2.448598481714725494e-02,1.560361981391906738e+00,2.113665826618671417e-02
3.413966670632362366e-02,5.879392623901367188e-01,2.244194969534873962e-03
4.034334421157836914e-02,2.001709461212158203e+00,4.003321810159832239e-04
1.143332757055759430e-02,4.824576854705810547e+00,1.337608229368925095e-02
2.068321406841278076e-02,5.203822851181030273e-01,3.186734393239021301e-03
1.717205159366130829e-02,4.702337384223937988e-01,1.764298067428171635e-03
1.811501383781433105e-02,1.687569499015808105e+00,2.391394693404436111e-03
1.944000124931335449e-01,4.016933441162109375e+00,1.226053759455680847e-02
1.459977924823760986e-01,1.708694219589233398e+00,7.295476971194148064e-04
1.707340329885482788e-01,1.907957077026367188e+00,5.922141484916210175e-03
3.158342093229293823e-02,4.250224590301513672e+00,2.165500773116946220e-03
5.058186873793601990e-02,3.652874827384948730e-01,4.275039769709110260e-03
1.824466288089752197e-01,6.784588694572448730e-01,2.655228017829358578e-04
3.033831343054771423e-02,3.271763563156127930e+00,9.383050724864006042e-03
7.514742203056812286e-03,1.875472426414489746e+00,3.247969318181276321e-03
2.737993001937866211e-02,3.256887912750244141e+00,1.161321718245744705e-02
1.386090219020843506e-01,5.992444157600402832e-01,2.345954813063144684e-02
1.975638791918754578e-02,4.200253963470458984e+00,3.383444389328360558e-03
3.272401541471481323e-02,4.347135543823242188e+00,6.885877228341996670e-04
1.168959122151136398e-02,1.812657356262207031e+00,6.275574560277163982e-04
3.455631434917449951e-02,5.383906364440917969e-01,2.642939798533916473e-04
1.658548265695571899e-01,4.740394592285156250e+00,1.153995050117373466e-03
1.809205859899520874e-01,1.448053002357482910e+00,1.708833128213882446e-02
1.443372368812561035e-01,1.792457699775695801e+00,2.118012681603431702e-02
1.966043934226036072e-02,6.408298611640930176e-01,3.686291864141821861e-03
1.897016167640686035e-01,3.304983139038085938e+00,1.157502178102731705e-02
2.776890434324741364e-02,6.595723032951354980e-01,1.044534705579280853e-02
3.041546419262886047e-02,8.937840461730957031e-01,5.493034608662128448e-03
3.583300486207008362e-02,1.811055183410644531e+00,1.452813111245632172e-02
4.844576120376586914e-02,3.725713491439819336e+00,2.353148447582498193e-04
2.179488725960254669e-02,6.277327537536621094e-01,1.333256158977746964e-02
2.090976387262344360e-02,3.029316663742065430e+00,6.531574181281030178e-04
1.363703012466430664e-01,1.489934563636779785e+00,1.493726950138807297e-02
3.352590650320053101e-02,4.858418941497802734e+00,7.777268183417618275e-04
1.837998442351818085e-02,1.586976408958435059e+00,1.674186205491423607e-03
9.836591035127639771e-02,4.699020385742187500e+00,7.499764324165880680e-04
8.327551186084747314e-02,4.495179176330566406e+00,8.530214428901672363e-03
2.693667821586132050e-02,4.946903884410858154e-01,1.188708585686981678e-03
4.716226365417242050e-03,3.350307464599609375e+00,2.381257247179746628e-03
1.037534605711698532e-02,1.994439721107482910e+00,4.701740108430385590e-03
9.801905602216720581e-03,3.690960884094238281e+00,2.169852668885141611e-04
1.629819162189960480e-02,2.187672555446624756e-01,3.224827116355299950e-03
5.057602748274803162e-02,3.260560035705566406e+00,1.052823965437710285e-03
1.500080712139606476e-02,3.356809377670288086e+00,5.296631716191768646e-04
4.636441543698310852e-02,4.834521293640136719e+00,7.762932218611240387e-04
2.863419614732265472e-02,4.737910270690917969e+00,1.698096632026135921e-03
1.600722521543502808e-01,4.122100353240966797e+00,1.409820560365915298e-02
1.217027008533477783e-01,4.708738803863525391e+00,2.590751834213733673e-02
6.579954922199249268e-02,4.780223846435546875e+00,5.562359583564102650e-04
8.139435946941375732e-02,2.795839071273803711e+00,1.790307695046067238e-03
1.641690135002136230e-01,3.133350372314453125e+00,1.768906041979789734e-02
8.506821841001510620e-02,4.873890876770019531e+00,1.113178487867116928e-02
2.982267551124095917e-02,7.642245292663574219e-01,1.105252653360366821e-03
1.961231045424938202e-02,2.155016660690307617e-01,5.248094443231821060e-03
1.167734637856483459e-01,6.763889789581298828e-01,1.925526652485132217e-03
6.882188469171524048e-02,7.618568539619445801e-01,3.245358122512698174e-03
3.707313910126686096e-02,5.686334371566772461e-01,4.419833421707153320e-03
8.567475527524948120e-02,4.478991508483886719e+00,6.880603730678558350e-03
1.476095523685216904e-02,5.863756537437438965e-01,4.280774388462305069e-03
1.681339442729949951e-01,3.246551036834716797e+00,3.885613288730382919e-03
1.804840005934238434e-02,5.197547674179077148e-01,1.131154783070087433e-02
3.095107339322566986e-02,4.967690110206604004e-01,5.000337958335876465e-03
1.285070739686489105e-02,1.003733515739440918e+00,1.852976391091942787e-03
8.933193050324916840e-03,4.665017127990722656e+00,1.860144315287470818e-03
2.248939499258995056e-02,4.979453384876251221e-01,1.539735239930450916e-03
5.295627191662788391e-02,4.712024211883544922e+00,8.418803103268146515e-03
1.226104870438575745e-01,3.158962726593017578e+00,3.379041096195578575e-03
7.889204658567905426e-03,4.913415014743804932e-01,3.681940026581287384e-03
2.336910068988800049e-01,4.597570896148681641e+00,1.441037189215421677e-02
1.320078372955322266e-01,4.054082870483398438e+00,2.485756122041493654e-04
1.317500229924917221e-02,5.072614550590515137e-01,4.631698597222566605e-03
3.081514872610569000e-02,1.792927503585815430e+00,4.361209284979850054e-04
5.013626441359519958e-02,5.427475571632385254e-01,3.250119742006063461e-03
1.366669237613677979e-01,4.680176258087158203e+00,1.457912661135196686e-02
2.942188642919063568e-02,1.801473140716552734e+00,1.127166324295103550e-03
9.498583525419235229e-02,4.234153270721435547e+00,1.274949684739112854e-02
1.845764070749282837e-01,3.159278869628906250e+00,1.629217341542243958e-02
2.052638866007328033e-02,4.657975137233734131e-01,1.718934974633157253e-03
2.214509621262550354e-02,4.022179603576660156e+00,1.608035876415669918e-03
2.025779932737350464e-01,2.907502174377441406e+00,1.753412932157516479e-02
2.338436618447303772e-02,1.226810812950134277e+00,6.633973680436611176e-04
1.979802176356315613e-02,1.503505706787109375e+00,2.844821196049451828e-03
1.663256138563156128e-01,4.038793563842773438e+00,1.788059994578361511e-02
2.741302922368049622e-02,4.158267021179199219e+00,2.479755505919456482e-02
1.238705217838287354e-01,9.998704791069030762e-01,2.541077695786952972e-02
1.779337376356124878e-01,4.778847217559814453e+00,5.844317376613616943e-03
1.326352171599864960e-02,5.844312310218811035e-01,4.234796855598688126e-03
4.457388818264007568e-02,3.584802627563476562e+00,1.590218394994735718e-03
1.719737797975540161e-01,4.806177139282226562e+00,3.621523967012763023e-03
1.708584837615489960e-02,3.387322425842285156e+00,1.833080127835273743e-02
1.539309769868850708e-01,3.793200016021728516e+00,9.714570827782154083e-03
4.327508807182312012e-02,1.281999230384826660e+00,3.971066034864634275e-04
2.800651080906391144e-02,1.895535111427307129e+00,1.052547525614500046e-02
2.849979326128959656e-02,2.233119487762451172e+00,1.848102174699306488e-02
1.173852235078811646e-01,4.397256851196289062e+00,3.825811669230461121e-03
8.140665479004383087e-03,5.528699159622192383e-01,3.992723301053047180e-03
1.551115512847900391e-01,4.557858943939208984e+00,1.027664355933666229e-02
1.797253638505935669e-01,3.031364202499389648e+00,1.307430956512689590e-02
9.963043779134750366e-02,1.651450634002685547e+00,6.468085921369493008e-04
1.682293713092803955e-01,3.193739652633666992e+00,1.618639379739761353e-02
9.557219594717025757e-02,4.923626899719238281e+00,1.827274076640605927e-02
1.267166528850793839e-02,4.741270065307617188e+00,1.735866814851760864e-02
1.368620991706848145e-01,4.730392694473266602e-01,2.689613774418830872e-02
1.502278149127960205e-01,5.927865505218505859e-01,1.829091645777225494e-02
1.568135619163513184e-02,2.814988374710083008e+00,2.577557694166898727e-03
2.200103551149368286e-01,4.745284557342529297e+00,9.055268950760364532e-03
1.571761369705200195e-01,5.778796076774597168e-01,9.152549318969249725e-03
3.168434649705886841e-02,3.560371160507202148e+00,3.029832057654857635e-02
1.386715937405824661e-02,3.990760147571563721e-01,4.147705622017383575e-03
3.516586148180067539e-04,3.296338558197021484e+00,1.420296076685190201e-02
9.285749867558479309e-03,9.203513264656066895e-01,9.100427851080894470e-03
1.228338293731212616e-02,5.631710886955261230e-01,7.147150579839944839e-03
1.799241006374359131e-01,3.940220117568969727e+00,1.347904466092586517e-02
2.164726406335830688e-01,4.692832946777343750e+00,1.386186690069735050e-03
1.127601787447929382e-02,4.442895412445068359e+00,1.774128526449203491e-03
1.658427342772483826e-02,3.370900154113769531e+00,7.211406715214252472e-03
3.316654264926910400e-02,5.548484921455383301e-01,3.351086052134633064e-03
9.276569634675979614e-02,5.058205723762512207e-01,1.047540176659822464e-02
3.506196662783622742e-02,4.233040332794189453e+00,3.116436768323183060e-03
9.074202179908752441e-02,3.744341611862182617e+00,1.017700880765914917e-03
1.141354739665985107e-01,4.636774063110351562e+00,1.393303507938981056e-03
4.659697785973548889e-02,4.557285785675048828e+00,3.578874457161873579e-04
5.736399441957473755e-02,1.685185074806213379e+00,1.044990422087721527e-04
1.694337725639343262e-01,4.789371490478515625e+00,4.874437116086483002e-03
2.960051298141479492e-01,3.174632549285888672e+00,5.861643329262733459e-02
6.951936334371566772e-02,3.649379014968872070e+00,1.161710824817419052e-02
7.646923512220382690e-02,4.074411392211914062e+00,7.880589924752712250e-03
1.745816878974437714e-02,1.731848478317260742e+00,5.579255521297454834e-04
5.305387824773788452e-02,3.615186929702758789e+00,8.682994521223008633e-04
1.782006770372390747e-01,4.677911758422851562e+00,5.317219346761703491e-02
2.025671862065792084e-02,1.814037919044494629e+00,4.110329609829932451e-04
1.346179544925689697e-01,2.302168369293212891e+00,2.677243901416659355e-04
1.080135814845561981e-02,3.185474872589111328e+00,2.398767508566379547e-03
3.857731074094772339e-02,4.726725101470947266e+00,5.395447951741516590e-04
3.750212118029594421e-02,2.267661571502685547e+00,5.385361146181821823e-03
1.011890918016433716e-02,1.499287843704223633e+00,1.031934376806020737e-02
4.666438791900873184e-03,4.741801738739013672e+00,1.382449083030223846e-02
1.421336233615875244e-01,5.261176824569702148e-01,2.459388226270675659e-03
1.361030191183090210e-01,5.539151430130004883e-01,2.257153578102588654e-02
6.135848537087440491e-02,5.523993372917175293e-01,1.070564799010753632e-02
1.298384964466094971e-01,6.656017899513244629e-01,6.308342562988400459e-04
4.229314997792243958e-02,9.793820977210998535e-02,7.283905521035194397e-03
1.985741406679153442e-02,3.050781011581420898e+00,6.950901355594396591e-03
4.989502951502799988e-02,3.686702489852905273e+00,5.616119597107172012e-04
6.124550476670265198e-02,9.059252142906188965e-01,2.158373594284057617e-02
2.203402817249298096e-01,1.875244259834289551e+00,5.633793771266937256e-02
3.523983433842658997e-02,5.590273737907409668e-01,4.049043171107769012e-03
1.046341955661773682e-01,4.205878734588623047e+00,8.327257819473743439e-03
1.364759951829910278e-01,9.357747435569763184e-01,6.367222405970096588e-03
2.455695345997810364e-02,4.872966110706329346e-01,2.736994298174977303e-03
8.595040440559387207e-02,4.750546813011169434e-01,1.564669539220631123e-03
9.127701073884963989e-02,3.571290254592895508e+00,1.062398310750722885e-03
1.190501637756824493e-02,3.310075044631958008e+00,3.131899284198880196e-04
4.743038117885589600e-02,1.356002688407897949e-01,3.213460557162761688e-03
3.603053092956542969e-02,8.007524609565734863e-01,6.499574054032564163e-03
9.425992146134376526e-03,4.921299934387207031e+00,1.991932978853583336e-03
1.717290282249450684e-01,4.837291240692138672e+00,1.366986660286784172e-03
2.034878879785537720e-01,4.661427021026611328e+00,6.649231538176536560e-03
8.329123258590698242e-02,1.779264807701110840e-01,1.125527895055711269e-03
5.555874481797218323e-02,4.820145130157470703e+00,3.026632126420736313e-03
2.467826008796691895e-02,4.915823459625244141e+00,3.005435428349301219e-05
1.793665587902069092e-01,4.822565555572509766e+00,1.472007948905229568e-02
2.792521193623542786e-02,1.151820063591003418e+00,4.120057565160095692e-04
1.709863245487213135e-01,4.089184284210205078e+00,1.153017114847898483e-02
1.951664239168167114e-01,3.387457847595214844e+00,1.609495095908641815e-02
2.035062760114669800e-02,1.589841723442077637e+00,6.879067979753017426e-03
1.442783027887344360e-01,3.797104120254516602e+00,7.946535013616085052e-03
1.088307797908782959e-01,3.694627046585083008e+00,4.980165045708417892e-03
2.094614692032337189e-02,6.436720490455627441e-01,2.410953165963292122e-03
