omega,lambda_p,pi_bar
4.086674153804779053e-01,1.939718723297119141e+00,5.356010198593139648e-01
2.440958023071289062e-01,3.450066566467285156e+00,9.432013630867004395e-01
6.100973486900329590e-01,1.692560434341430664e+00,9.735215902328491211e-01
1.417536586523056030e-01,4.914455413818359375e+00,8.723546862602233887e-01
5.586607456207275391e-01,1.157091617584228516e+00,5.134803652763366699e-01
2.943726778030395508e-01,7.746680378913879395e-01,4.211558401584625244e-01
8.463652729988098145e-01,1.009382009506225586e+00,2.290822118520736694e-01
8.803927302360534668e-01,1.391143798828125000e+00,9.687797427177429199e-01
7.845789194107055664e-01,2.213885545730590820e+00,6.989318728446960449e-01
9.509885311126708984e-01,3.038767814636230469e+00,5.620486140251159668e-01
9.369409084320068359e-01,3.741075038909912109e+00,7.408703565597534180e-01
2.431079596281051636e-01,1.731121778488159180e+00,2.314118742942810059e-01
4.662636518478393555e-01,4.454370498657226562e+00,3.533591702580451965e-02
4.193118810653686523e-01,3.799159765243530273e+00,5.858900547027587891e-01
3.355163931846618652e-01,3.416065454483032227e+00,7.212167382240295410e-01
5.272355675697326660e-01,1.352033734321594238e+00,5.325031280517578125e-01
5.060034990310668945e-01,1.864826083183288574e+00,8.811250925064086914e-01
8.206284046173095703e-01,1.973957300186157227e+00,7.639804482460021973e-01
6.321209669113159180e-01,4.741772651672363281e+00,1.069516688585281372e-02
5.362359881401062012e-01,3.945130348205566406e+00,5.294215083122253418e-01
8.038174510002136230e-01,7.326707839965820312e-01,9.236685186624526978e-02
5.034539848566055298e-03,2.684174537658691406e+00,6.090023517608642578e-01
5.762335062026977539e-01,3.234214544296264648e+00,2.891917824745178223e-01
6.339989900588989258e-01,2.166814088821411133e+00,1.314537674188613892e-01
6.541187763214111328e-01,4.918388128280639648e-01,6.198061108589172363e-01
6.263415217399597168e-01,2.801648378372192383e+00,7.587652802467346191e-01
6.546216011047363281e-01,1.760124206542968750e+00,9.039329290390014648e-01
4.400424361228942871e-01,1.344289034605026245e-01,6.871542334556579590e-01
2.121502310037612915e-01,4.093065261840820312e+00,2.165740443160757422e-04
4.963615238666534424e-01,3.696534872055053711e+00,5.382007360458374023e-01
9.901786446571350098e-01,1.759478569030761719e+00,2.352378666400909424e-01
8.852961063385009766e-01,2.436385393142700195e+00,2.434860020875930786e-01
2.124059647321701050e-01,4.397771835327148438e+00,2.934195101261138916e-01
4.379128217697143555e-01,2.747667074203491211e+00,1.019506305456161499e-01
3.706150650978088379e-01,5.099284648895263672e-01,2.461134791374206543e-01
2.937600910663604736e-01,1.431870460510253906e+00,5.611794590950012207e-01
4.758920669555664062e-01,1.597649693489074707e+00,7.541760802268981934e-01
3.448305726051330566e-01,1.623443365097045898e+00,6.082661151885986328e-01
2.377262562513351440e-01,3.140938520431518555e+00,9.980478882789611816e-01
7.911836504936218262e-01,2.470856904983520508e+00,4.118270576000213623e-01
5.737679004669189453e-01,4.320777416229248047e+00,9.875654242932796478e-03
6.678832173347473145e-01,3.729259669780731201e-01,4.162649214267730713e-01
4.144342541694641113e-01,3.351729869842529297e+00,1.068282872438430786e-01
1.604240089654922485e-01,4.193171977996826172e+00,4.447554349899291992e-01
7.421635389328002930e-01,1.895577192306518555e+00,1.108383461833000183e-01
8.603002429008483887e-01,8.108819723129272461e-01,6.678079962730407715e-01
8.850373625755310059e-01,4.891308784484863281e+00,6.796786189079284668e-01
6.455084681510925293e-01,1.350519657135009766e+00,9.062041044235229492e-01
4.044794142246246338e-01,1.189553856849670410e+00,7.169796824455261230e-01
5.675417929887771606e-02,3.416178748011589050e-02,5.181944966316223145e-01
9.435220956802368164e-01,1.256289005279541016e+00,5.205736756324768066e-01
2.122795730829238892e-01,3.858720541000366211e+00,4.932508766651153564e-01
4.159076213836669922e-01,3.000364542007446289e+00,5.607471466064453125e-01
4.891889095306396484e-01,4.942309856414794922e+00,9.524135589599609375e-01
1.178054511547088623e-01,2.783931732177734375e+00,1.977897882461547852e-01
3.733859956264495850e-01,4.685313701629638672e+00,6.030846238136291504e-01
4.842645525932312012e-01,2.143584966659545898e+00,6.129816174507141113e-01
4.416317641735076904e-01,6.843350529670715332e-01,5.954127013683319092e-02
2.498086243867874146e-01,3.539832592010498047e+00,4.527201876044273376e-02
2.779574692249298096e-01,1.272443771362304688e+00,2.140487581491470337e-01
6.500966846942901611e-02,4.290723323822021484e+00,9.550182223320007324e-01
8.012833595275878906e-01,1.442434906959533691e+00,4.018277823925018311e-01
4.262818992137908936e-01,3.803946495056152344e+00,7.576298117637634277e-01
4.793685972690582275e-01,4.431067466735839844e+00,8.140541315078735352e-01
9.841080904006958008e-01,2.297967195510864258e+00,1.739580929279327393e-01
1.369936615228652954e-01,4.810578823089599609e+00,8.673422336578369141e-01
6.403565406799316406e-01,9.691568017005920410e-01,8.341394662857055664e-01
9.089080691337585449e-01,4.217166423797607422e+00,2.679157555103302002e-01
3.163786828517913818e-01,3.283794403076171875e+00,1.309915184974670410e-01
6.089193224906921387e-01,2.635107994079589844e+00,9.549204707145690918e-01
9.824622869491577148e-01,6.954759359359741211e-01,9.149957299232482910e-01
2.830697596073150635e-01,4.950086772441864014e-01,9.808861017227172852e-01
8.929094672203063965e-01,1.377307772636413574e+00,9.615463018417358398e-01
4.986102283000946045e-01,2.501928567886352539e+00,6.064052879810333252e-02
3.632770478725433350e-01,2.994588851928710938e+00,2.477705776691436768e-01
6.680642366409301758e-01,3.513247489929199219e+00,5.769762396812438965e-01
6.661061048507690430e-01,1.358970761299133301e+00,8.863697648048400879e-01
2.896326594054698944e-02,4.093647956848144531e+00,2.553413510322570801e-01
1.833040863275527954e-01,1.427257061004638672e-01,5.887477397918701172e-01
5.678100585937500000e-01,3.656631946563720703e+00,1.666599959135055542e-01
7.253607511520385742e-01,4.153851985931396484e+00,6.348077058792114258e-01
2.293983399868011475e-01,3.383723735809326172e+00,5.318023562431335449e-01
1.391703337430953979e-01,9.565696716308593750e-01,5.367071628570556641e-01
6.770921349525451660e-01,4.730577468872070312e+00,1.440221518278121948e-01
5.253832936286926270e-01,7.977921366691589355e-01,7.172881960868835449e-01
2.382933348417282104e-01,1.571299433708190918e+00,8.930407166481018066e-01
4.264343380928039551e-01,2.990782499313354492e+00,2.980980575084686279e-01
7.668076157569885254e-01,2.449753999710083008e+00,8.989052772521972656e-01
5.450575053691864014e-02,2.959975004196166992e+00,2.613265812397003174e-01
7.074946165084838867e-01,4.488498210906982422e+00,1.514423638582229614e-02
3.863709047436714172e-02,3.781349182128906250e+00,7.735781669616699219e-01
1.575977057218551636e-01,1.606579184532165527e+00,6.468586325645446777e-01
1.836025863885879517e-01,3.737690448760986328e+00,4.208773076534271240e-01
1.426621824502944946e-01,4.960537433624267578e+00,8.212909698486328125e-01
5.481610894203186035e-01,3.263423681259155273e+00,9.576011896133422852e-01
2.650413513183593750e-01,2.689438581466674805e+00,7.185968756675720215e-01
1.827899515628814697e-01,2.244419574737548828e+00,1.547285318374633789e-01
6.852747797966003418e-01,2.494945526123046875e+00,8.302807211875915527e-01
6.921827793121337891e-01,3.213878154754638672e+00,5.491729974746704102e-01
8.784469366073608398e-01,1.047189712524414062e+00,6.508687138557434082e-02
2.655919492244720459e-01,4.028914868831634521e-01,2.579984664916992188e-01
4.239750802516937256e-01,2.455885171890258789e+00,1.572533398866653442e-01
4.118799567222595215e-01,1.891938298940658569e-01,8.378309011459350586e-01
7.573184967041015625e-01,4.882567882537841797e+00,2.690335810184478760e-01
7.574091553688049316e-01,1.271209597587585449e+00,8.713012933731079102e-02
8.333812355995178223e-01,3.319163322448730469e+00,3.092249631881713867e-01
6.939643025398254395e-01,1.881679177284240723e+00,8.146668076515197754e-01
8.601796627044677734e-01,3.521384716033935547e+00,2.161770462989807129e-01
9.882296323776245117e-01,1.633249878883361816e+00,3.156771138310432434e-02
4.679966568946838379e-01,4.875445365905761719e+00,4.850812256336212158e-01
4.840146750211715698e-02,4.577394962310791016e+00,3.627955615520477295e-01
2.529414296150207520e-01,3.995441198348999023e+00,3.458104282617568970e-02
7.347208261489868164e-01,1.223481148481369019e-01,4.093846678733825684e-01
2.489048689603805542e-01,2.744174599647521973e-01,7.061246633529663086e-01
5.032441616058349609e-01,3.501795530319213867e+00,5.554243922233581543e-01
9.570313692092895508e-01,3.893549919128417969e+00,1.220140606164932251e-02
2.939001321792602539e-01,1.877910017967224121e+00,9.214283823966979980e-01
3.393172621726989746e-01,1.728844404220581055e+00,6.585944294929504395e-01
7.140509784221649170e-02,3.682317256927490234e+00,2.616233229637145996e-01
5.764190554618835449e-01,3.851119756698608398e+00,3.779722154140472412e-01
4.026659727096557617e-01,1.531913876533508301e+00,6.105200052261352539e-01
9.501357078552246094e-01,4.585255622863769531e+00,2.950905561447143555e-01
4.649960398674011230e-01,1.414931416511535645e+00,2.537269592285156250e-01
8.155823945999145508e-01,3.548683643341064453e+00,4.659307003021240234e-01
9.332714676856994629e-01,2.227980613708496094e+00,6.308185458183288574e-01
6.105901002883911133e-01,3.905105352401733398e+00,7.395506501197814941e-01
3.520775437355041504e-01,2.774639129638671875e+00,8.428105115890502930e-01
2.417776733636856079e-01,2.111322402954101562e+00,8.619790524244308472e-02
4.658261835575103760e-01,9.044494479894638062e-02,2.604117691516876221e-01
2.352109551429748535e-01,3.393093109130859375e+00,1.891916394233703613e-01
6.813717484474182129e-01,1.527611017227172852e+00,8.817003667354583740e-02
2.866835892200469971e-01,1.782952785491943359e+00,3.665166795253753662e-01
6.853706240653991699e-01,2.830086469650268555e+00,1.121179610490798950e-01
3.259686008095741272e-02,2.682276725769042969e+00,5.601870268583297729e-02
9.793872833251953125e-01,2.357336044311523438e+00,6.882695555686950684e-01
5.056084692478179932e-02,4.983749389648437500e+00,8.453374505043029785e-01
9.124606251716613770e-01,4.288756847381591797e+00,2.151034474372863770e-01
3.891324102878570557e-01,3.779091835021972656e+00,3.821112215518951416e-01
3.506935834884643555e-01,2.897034645080566406e+00,2.013523578643798828e-01
2.540023326873779297e-01,4.728842377662658691e-01,4.727531075477600098e-01
3.582734763622283936e-01,1.418998718261718750e+00,2.706297934055328369e-01
8.195483088493347168e-01,1.745042800903320312e+00,4.913780987262725830e-01
2.412192225456237793e-01,5.520100593566894531e-01,6.792792081832885742e-01
8.410243391990661621e-01,1.170863747596740723e+00,1.001317650079727173e-01
2.709701657295227051e-01,1.227947950363159180e+00,6.235870122909545898e-01
9.931340813636779785e-01,3.759307563304901123e-01,4.641712009906768799e-01
6.651626527309417725e-02,2.796963930130004883e+00,9.411355257034301758e-01
3.611116707324981689e-01,2.126574277877807617e+00,1.247180625796318054e-01
3.507397174835205078e-01,2.559272766113281250e+00,7.738262880593538284e-03
8.512276411056518555e-01,7.503746151924133301e-01,9.766293168067932129e-01
3.471621870994567871e-01,1.976166814565658569e-01,1.631119847297668457e-01
8.281027674674987793e-01,2.407486915588378906e+00,3.219551742076873779e-01
5.629375576972961426e-01,1.209132194519042969e+00,5.325967669486999512e-01
1.524162571877241135e-02,2.567706823348999023e+00,8.062364161014556885e-02
8.800323009490966797e-01,4.227039813995361328e+00,1.439140290021896362e-01
7.992157340049743652e-01,1.314489006996154785e+00,4.064619243144989014e-01
6.600893735885620117e-01,4.369053363800048828e+00,2.278004735708236694e-01
1.885870695114135742e-01,1.793325543403625488e+00,5.002112984657287598e-01
5.978995561599731445e-01,3.844838619232177734e+00,1.108921170234680176e-01
8.963325023651123047e-01,1.365433216094970703e+00,5.216252207756042480e-01
5.896515250205993652e-01,4.107755184173583984e+00,5.482164025306701660e-01
2.771413922309875488e-01,4.332946777343750000e+00,1.462471783161163330e-01
7.345641851425170898e-01,3.868460178375244141e+00,6.380539536476135254e-01
8.951735496520996094e-01,1.471254467964172363e+00,3.788758218288421631e-01
2.259536273777484894e-02,4.832640171051025391e+00,6.661866903305053711e-01
2.618861794471740723e-01,2.093680620193481445e+00,2.144121229648590088e-01
6.133385747671127319e-02,3.187389373779296875e+00,7.579685449600219727e-01
8.106448650360107422e-01,1.184328436851501465e+00,2.770659923553466797e-01
6.777870059013366699e-01,2.099495649337768555e+00,7.932109758257865906e-03
9.557268619537353516e-01,4.057518959045410156e+00,6.277148127555847168e-01
7.649726271629333496e-01,1.302014350891113281e+00,9.432457387447357178e-02
9.546670317649841309e-01,4.384918689727783203e+00,2.603919804096221924e-01
6.464976072311401367e-01,3.452757894992828369e-01,9.314032196998596191e-01
4.111407399177551270e-01,4.701908588409423828e+00,6.635318994522094727e-01
5.640508532524108887e-01,9.751172661781311035e-01,3.154235184192657471e-01
9.556779861450195312e-01,3.877597570419311523e+00,6.281376481056213379e-01
9.877465963363647461e-01,1.193264126777648926e+00,9.782247543334960938e-01
1.140138953924179077e-01,4.191927433013916016e+00,2.699200510978698730e-01
9.084112644195556641e-01,2.430786848068237305e+00,1.944099664688110352e-01
1.844778656959533691e-01,6.102865934371948242e-01,6.826924681663513184e-01
5.663468837738037109e-01,4.821520328521728516e+00,8.846148848533630371e-01
4.387540370225906372e-02,4.357648372650146484e+00,2.606550753116607666e-01
8.552132248878479004e-01,8.684625625610351562e-01,1.104683727025985718e-01
1.017045304179191589e-01,2.650238275527954102e+00,6.740745902061462402e-01
2.955919504165649414e-01,2.036838233470916748e-02,2.794928848743438721e-01
9.555610418319702148e-01,5.472856760025024414e-01,4.869395792484283447e-01
2.053410857915878296e-01,3.922143459320068359e+00,6.958978772163391113e-01
8.983347415924072266e-01,6.124848723411560059e-01,9.153483510017395020e-01
9.532665014266967773e-01,9.279021620750427246e-01,3.020092248916625977e-01
7.842415571212768555e-01,4.477876186370849609e+00,5.763474106788635254e-01
3.684429526329040527e-01,1.948919057846069336e+00,3.338372409343719482e-01
7.481477260589599609e-01,2.621687889099121094e+00,3.773747682571411133e-01
5.273550748825073242e-01,6.650838851928710938e-01,9.274333715438842773e-01
9.626652002334594727e-01,2.314633131027221680e+00,9.297036528587341309e-01
2.193332314491271973e-01,1.612520694732666016e+00,1.857710927724838257e-01
4.799019992351531982e-01,2.456667900085449219e+00,7.696470618247985840e-01
8.207357525825500488e-01,1.860597014427185059e+00,7.600609660148620605e-01
5.495532751083374023e-01,1.914732098579406738e+00,6.562212705612182617e-01
3.297969698905944824e-01,3.664283752441406250e+00,5.841600894927978516e-01
1.394404172897338867e-01,3.407394170761108398e+00,4.898686110973358154e-01
4.458650946617126465e-01,4.234592437744140625e+00,5.364001989364624023e-01
5.515375137329101562e-01,2.194862663745880127e-01,9.487742185592651367e-01
9.009336829185485840e-01,4.473065376281738281e+00,4.904005303978919983e-02
1.009497269988059998e-01,5.638366565108299255e-02,7.651801109313964844e-01
1.256664395332336426e-01,8.188210129737854004e-01,8.185998797416687012e-01
2.293077409267425537e-01,2.145682573318481445e+00,2.180241048336029053e-01
9.443268775939941406e-01,4.644965171813964844e+00,2.660139501094818115e-01
4.113750755786895752e-01,1.895204067230224609e+00,1.709538996219635010e-01
5.374704003334045410e-01,2.603620767593383789e+00,9.296982884407043457e-01
6.274392604827880859e-01,4.913440227508544922e+00,6.121934056282043457e-01
2.508141398429870605e-01,6.736406087875366211e-01,1.763463369570672512e-03
9.331231713294982910e-01,4.546142101287841797e+00,1.266833096742630005e-01
5.076922774314880371e-01,4.243708610534667969e+00,5.809410214424133301e-01
1.956619173288345337e-01,3.446581125259399414e+00,7.401227951049804688e-01
5.962170660495758057e-03,1.138976931571960449e+00,7.151750922203063965e-01
8.103765845298767090e-01,3.763182878494262695e+00,9.584339857101440430e-01
7.997158169746398926e-01,1.354453563690185547e+00,3.704220056533813477e-01
8.024209141731262207e-01,2.004335403442382812e+00,2.768949568271636963e-01
5.359666347503662109e-01,1.150070905685424805e+00,5.436423420906066895e-01
6.274153590202331543e-01,2.506383180618286133e+00,9.291796088218688965e-01
5.676323175430297852e-01,2.300476551055908203e+00,1.906577050685882568e-01
1.398858032189309597e-03,8.814135938882827759e-02,3.544033169746398926e-01
6.461985707283020020e-01,3.592707872390747070e+00,4.251318573951721191e-01
5.717379450798034668e-01,1.081938385963439941e+00,9.409624338150024414e-01
8.582386970520019531e-01,1.405419111251831055e+00,4.272982776165008545e-01
1.427448689937591553e-01,4.971842288970947266e+00,3.998894095420837402e-01
3.867897987365722656e-01,4.346054553985595703e+00,1.755111217498779297e-01
7.226006984710693359e-01,2.901592254638671875e+00,7.902320027351379395e-01
7.168321609497070312e-01,7.588163614273071289e-01,5.355405807495117188e-01
8.867827653884887695e-01,3.055792331695556641e+00,1.899240314960479736e-01
4.680423736572265625e-01,1.879769563674926758e+00,2.409384548664093018e-01
1.385127156972885132e-01,4.538487493991851807e-01,9.693381190299987793e-01
6.853792667388916016e-01,2.545121431350708008e+00,1.063145473599433899e-01
9.181665778160095215e-01,4.574309349060058594e+00,4.910146892070770264e-01
7.670825123786926270e-01,2.283403873443603516e+00,2.211655825376510620e-01
2.273527234792709351e-01,4.793113231658935547e+00,8.842501640319824219e-01
9.960743784904479980e-01,4.099085330963134766e+00,2.065590620040893555e-01
1.256089471280574799e-02,4.007399082183837891e+00,7.434478402137756348e-01
7.593203783035278320e-01,3.744637727737426758e+00,7.947057485580444336e-01
5.261740088462829590e-01,1.040948987007141113e+00,8.842249512672424316e-01
1.510361284017562866e-01,2.888238191604614258e+00,8.021564036607742310e-02
7.611253261566162109e-01,2.423187732696533203e+00,1.324289292097091675e-01
2.834567800164222717e-02,7.681344747543334961e-01,1.832281500101089478e-01
1.896863579750061035e-01,1.815208792686462402e+00,8.011527657508850098e-01
3.908639848232269287e-01,4.804724216461181641e+00,6.568331718444824219e-01
4.824522137641906738e-01,8.537422865629196167e-02,6.402824521064758301e-01
4.615252315998077393e-01,3.751269102096557617e+00,7.205939292907714844e-02
4.764664769172668457e-01,2.641609907150268555e+00,3.816567063331604004e-01
1.671780943870544434e-01,1.028099060058593750e+00,8.821046948432922363e-01
4.819317758083343506e-01,1.774480104446411133e+00,7.160452008247375488e-01
3.721125423908233643e-02,3.062576055526733398e-01,4.216358661651611328e-01
3.071844875812530518e-01,3.091485798358917236e-01,3.299415707588195801e-01
7.840017080307006836e-01,3.709822177886962891e+00,1.668985486030578613e-01
2.619670517742633820e-02,8.855702877044677734e-01,2.002182155847549438e-01
6.579579710960388184e-01,6.313540935516357422e-01,6.453697681427001953e-01
7.277829051017761230e-01,4.916952133178710938e+00,3.774798214435577393e-01
2.541184127330780029e-01,2.042436599731445312e+00,8.730100989341735840e-01
7.250181436538696289e-01,1.397238016128540039e+00,4.843444228172302246e-01
2.827614545822143555e-01,2.186969518661499023e+00,4.278081655502319336e-01
5.235739424824714661e-02,3.618632316589355469e+00,8.178205490112304688e-01
5.558152198791503906e-01,3.942279100418090820e+00,7.393752932548522949e-01
3.374246060848236084e-01,3.629967451095581055e+00,3.218630552291870117e-01
7.890900969505310059e-01,1.696855545043945312e+00,9.149854779243469238e-01
9.812901020050048828e-01,1.229401111602783203e+00,2.276412546634674072e-01
5.373452901840209961e-01,4.702318668365478516e+00,5.039361715316772461e-01
8.880452513694763184e-01,2.731156349182128906e+00,1.852525472640991211e-01
9.249286651611328125e-01,2.592653989791870117e+00,3.141667842864990234e-01
5.924914777278900146e-02,3.584126710891723633e+00,2.150966972112655640e-01
7.287079691886901855e-01,2.998252868652343750e+00,8.809438347816467285e-01
1.749652028083801270e-01,2.799007892608642578e-01,4.574841856956481934e-01
8.666875958442687988e-01,1.527083516120910645e+00,9.700481295585632324e-01
9.727594256401062012e-01,9.741285443305969238e-01,9.733597636222839355e-01
1.463457345962524414e-01,2.251968622207641602e+00,3.518200516700744629e-01
8.120800852775573730e-01,4.148436069488525391e+00,6.119796633720397949e-01
7.456927299499511719e-01,3.328447818756103516e+00,9.884029626846313477e-02
9.953933954238891602e-01,2.640396833419799805e+00,5.247665643692016602e-01
5.577030181884765625e-01,1.340523362159729004e+00,9.403748512268066406e-01
5.403417348861694336e-01,2.619509696960449219e-01,9.285317063331604004e-01
4.480002820491790771e-01,7.673723250627517700e-02,5.735549330711364746e-01
2.287575006484985352e-01,3.738371849060058594e+00,1.031700000166893005e-01
1.315654367208480835e-01,2.522140264511108398e+00,5.473935604095458984e-01
1.519616991281509399e-01,2.385673999786376953e+00,3.653771281242370605e-01
2.698256373405456543e-01,4.853241920471191406e+00,2.616311311721801758e-01
6.834596395492553711e-01,2.982665777206420898e+00,1.940819621086120605e-01
2.313595265150070190e-01,4.955272674560546875e+00,4.011245667934417725e-01
9.899658560752868652e-01,2.994226932525634766e+00,8.627036809921264648e-01
4.100958704948425293e-01,1.047300696372985840e+00,7.040424942970275879e-01
6.684559583663940430e-01,1.849486708641052246e+00,2.218326032161712646e-01
3.183982670307159424e-01,2.851603746414184570e+00,2.097942829132080078e-01
6.712645292282104492e-01,6.044473648071289062e-01,2.657079398632049561e-01
2.153317928314208984e-01,1.506941914558410645e+00,5.433117747306823730e-01
8.690425753593444824e-01,1.445365428924560547e+00,8.992420434951782227e-01
4.351604580879211426e-01,4.840399920940399170e-01,2.925685644149780273e-01
7.753874063491821289e-01,2.124427795410156250e+00,4.125045537948608398e-01
7.557778358459472656e-01,6.366052627563476562e-01,1.815874576568603516e-01
7.703549861907958984e-01,3.679232358932495117e+00,3.966607749462127686e-01
2.293922007083892822e-01,1.635726809501647949e+00,6.593724489212036133e-01
3.087515532970428467e-01,3.591156244277954102e+00,1.347250072285532951e-03
1.239897832274436951e-01,4.380902767181396484e+00,4.349142909049987793e-01
1.257412433624267578e-01,1.037296578288078308e-01,5.382304191589355469e-01
9.831411838531494141e-01,1.432815432548522949e+00,4.776986241340637207e-01
3.325116038322448730e-01,3.395190715789794922e+00,3.288076519966125488e-01
2.064447551965713501e-01,1.755300879478454590e+00,5.026239752769470215e-01
4.351198375225067139e-01,3.989099502563476562e+00,1.804769933223724365e-01
5.005789399147033691e-01,1.111175775527954102e+00,7.202574014663696289e-01
9.918391108512878418e-01,2.866693019866943359e+00,6.776686310768127441e-01
5.612522363662719727e-01,1.369722485542297363e+00,6.226027607917785645e-01
9.901642799377441406e-01,1.654394268989562988e+00,4.048485755920410156e-01
8.714301586151123047e-01,3.062430858612060547e+00,1.781597137451171875e-01
5.456340312957763672e-02,7.677451968193054199e-01,1.044517308473587036e-01
8.713994026184082031e-01,2.313807487487792969e+00,6.045185923576354980e-01
9.355069696903228760e-02,1.116373300552368164e+00,2.987692058086395264e-01
4.815165400505065918e-01,1.214186429977416992e+00,7.847022414207458496e-01
7.279618978500366211e-01,3.498858690261840820e+00,1.894205808639526367e-01
9.717839956283569336e-01,4.876826286315917969e+00,2.975187003612518311e-01
5.804031491279602051e-01,3.439385175704956055e+00,3.018306791782379150e-01
5.620639920234680176e-01,2.512899160385131836e+00,9.183259010314941406e-01
5.129631757736206055e-01,3.713493824005126953e+00,3.298387229442596436e-01
1.505195745266973972e-03,1.119808793067932129e+00,3.844192624092102051e-02
7.907549142837524414e-01,1.614665865898132324e+00,8.798899054527282715e-01
8.059322834014892578e-01,4.259466171264648438e+00,7.874499559402465820e-01
6.702286005020141602e-01,2.963255167007446289e+00,8.076536059379577637e-01
9.201773405075073242e-01,1.083606123924255371e+00,1.973506808280944824e-01
5.694880485534667969e-01,1.609413027763366699e+00,9.751755595207214355e-01
5.098739638924598694e-02,1.079485654830932617e+00,4.706823527812957764e-01
8.069524168968200684e-01,3.576377391815185547e+00,1.525246202945709229e-01
8.028395771980285645e-01,1.016241073608398438e+00,3.473878502845764160e-01
1.786516159772872925e-01,1.556655526161193848e+00,5.706987380981445312e-01
2.611179836094379425e-02,1.056667685508728027e+00,2.253173589706420898e-01
3.609925210475921631e-01,4.031987667083740234e+00,2.977532446384429932e-01
1.775335371494293213e-01,1.950618177652359009e-01,5.970988273620605469e-01
1.460428386926651001e-01,4.758522033691406250e+00,8.126038312911987305e-01
6.239708662033081055e-01,6.074172258377075195e-01,5.340377092361450195e-01
7.952018380165100098e-01,6.987841725349426270e-01,6.582549214363098145e-02
9.152264147996902466e-02,2.355785131454467773e+00,6.656550168991088867e-01
2.207311540842056274e-01,1.328067541122436523e+00,4.955370128154754639e-01
6.893861293792724609e-01,3.324933290481567383e+00,4.121201634407043457e-01
2.137624472379684448e-02,4.072756767272949219e+00,6.724504828453063965e-01
2.770364880561828613e-01,4.093292236328125000e+00,4.555115699768066406e-01
2.540057003498077393e-01,1.634227395057678223e+00,9.752883911132812500e-01
7.307128906250000000e-01,1.704161882400512695e+00,8.742067217826843262e-01
7.315816879272460938e-01,4.449827596545219421e-02,3.125182986259460449e-01
6.842746138572692871e-01,2.731127977371215820e+00,6.706333756446838379e-01
8.033468127250671387e-01,6.063134670257568359e-01,1.147018522024154663e-01
1.170510947704315186e-01,1.568238735198974609e-01,5.623005032539367676e-01
9.238577634096145630e-02,3.287925958633422852e+00,7.166520953178405762e-01
3.210509195923805237e-02,1.892009824514389038e-01,3.306728303432464600e-01
3.134604394435882568e-01,1.425705671310424805e+00,5.768738985061645508e-01
6.454626917839050293e-01,4.315258979797363281e+00,9.216225743293762207e-01
1.302103046327829361e-02,4.366669178009033203e+00,2.421119809150695801e-01
5.504994988441467285e-01,1.765949487686157227e+00,2.719059288501739502e-01
4.378207400441169739e-02,9.166971445083618164e-01,1.310867965221405029e-01
9.142946004867553711e-01,2.853461027145385742e+00,9.658814221620559692e-02
9.306289553642272949e-01,1.913575530052185059e+00,4.252375960350036621e-01
5.895827412605285645e-01,2.784154415130615234e-01,3.815424144268035889e-01
3.339754045009613037e-02,6.036087274551391602e-01,6.809412837028503418e-01
6.496271491050720215e-01,1.713616371154785156e+00,7.276445031166076660e-01
7.943958044052124023e-01,3.300276279449462891e+00,4.702069330960512161e-03
8.365010023117065430e-01,4.123178482055664062e+00,1.318679302930831909e-01
1.513663679361343384e-01,3.070541381835937500e+00,6.428828090429306030e-02
2.990565262734889984e-02,4.774850368499755859e+00,7.070372700691223145e-01
3.548580408096313477e-01,1.158022761344909668e+00,1.120066419243812561e-01
2.625938951969146729e-01,3.792234420776367188e+00,6.807327270507812500e-01
3.162187933921813965e-01,2.133507490158081055e+00,5.494067072868347168e-02
4.817365407943725586e-01,2.723345994949340820e+00,9.973073005676269531e-01
3.525958955287933350e-01,4.347842216491699219e+00,2.527906000614166260e-01
1.024456769227981567e-01,2.862019300460815430e+00,2.364163398742675781e-01
8.468854427337646484e-01,1.788314819335937500e+00,5.159794688224792480e-01
5.274071693420410156e-01,4.931450366973876953e+00,6.949675679206848145e-01
9.786610305309295654e-02,8.544015288352966309e-01,1.396648436784744263e-01
1.442586630582809448e-01,4.034966945648193359e+00,2.998399138450622559e-01
8.971277475357055664e-01,3.100012242794036865e-01,9.190906286239624023e-01
8.482899069786071777e-01,4.593657016754150391e+00,5.499417781829833984e-01
4.680401682853698730e-01,3.573686361312866211e+00,9.454621076583862305e-01
9.057395458221435547e-01,4.057912826538085938e+00,2.864606380462646484e-01
5.862296819686889648e-01,4.991090297698974609e+00,4.113927483558654785e-01
2.100670486688613892e-01,3.979452133178710938e+00,2.207073420286178589e-01
7.366719245910644531e-01,2.991987705230712891e+00,5.418031290173530579e-02
3.347935676574707031e-01,4.519031047821044922e+00,2.578203082084655762e-01
8.728905320167541504e-01,1.256116777658462524e-01,7.265226244926452637e-01
2.375531941652297974e-02,3.341825962066650391e+00,8.151930570602416992e-01
2.334453016519546509e-01,5.037800669670104980e-01,4.517299234867095947e-01
5.975891947746276855e-01,1.646622419357299805e+00,8.190862536430358887e-01
7.350205183029174805e-01,9.393096566200256348e-01,3.267793059349060059e-01
8.487848043441772461e-01,4.270025730133056641e+00,5.602132901549339294e-02
1.723387688398361206e-01,1.062128543853759766e+00,4.067772626876831055e-01
9.596893563866615295e-03,3.102889537811279297e+00,3.444030880928039551e-01
7.073136046528816223e-03,1.633832097053527832e+00,3.054505586624145508e-01
2.568195462226867676e-01,4.315824985504150391e+00,8.230414986610412598e-01
7.423185110092163086e-01,2.667451620101928711e+00,4.223013222217559814e-01
9.356948733329772949e-01,2.127652645111083984e+00,1.764247715473175049e-01
2.697350084781646729e-01,4.836814880371093750e+00,5.437766313552856445e-01
4.595367312431335449e-01,4.176934719085693359e+00,2.302216589450836182e-01
7.228184938430786133e-01,2.663329601287841797e+00,3.220015168190002441e-01
8.826093673706054688e-01,7.776820659637451172e-01,4.697686135768890381e-01
4.736694693565368652e-01,1.999747872352600098e+00,2.835791409015655518e-01
7.982969284057617188e-01,2.407499074935913086e+00,3.783872723579406738e-01
6.608005166053771973e-01,3.200022459030151367e+00,1.326438635587692261e-01
8.284491300582885742e-01,3.455514311790466309e-01,5.490946173667907715e-01
9.443551301956176758e-01,3.018509149551391602e+00,2.729242146015167236e-01
7.777395844459533691e-01,8.165644407272338867e-01,8.204640150070190430e-01
6.471126340329647064e-03,2.608504056930541992e+00,4.168525636196136475e-01
1.985325962305068970e-01,1.894107937812805176e+00,4.276128709316253662e-01
4.948210120201110840e-01,1.492419600486755371e+00,8.654849231243133545e-02
6.941686868667602539e-01,4.252306461334228516e+00,8.148170113563537598e-01
4.091707766056060791e-01,3.244143247604370117e+00,8.304466307163238525e-02
8.286793231964111328e-01,1.645568847656250000e+00,8.996783494949340820e-01
7.978348731994628906e-01,1.743738502264022827e-01,8.057717680931091309e-01
7.098090052604675293e-01,2.559086799621582031e+00,9.088646173477172852e-01
2.172894589602947235e-02,3.517207860946655273e+00,4.136472195386886597e-02
3.441635072231292725e-01,3.081066608428955078e+00,9.938424825668334961e-01
3.417608141899108887e-01,1.281317114830017090e+00,5.487247705459594727e-01
6.193917393684387207e-01,3.402276039123535156e+00,2.681836187839508057e-01
8.603330850601196289e-01,4.522811412811279297e+00,1.798087358474731445e-01
8.809402585029602051e-02,2.849781990051269531e+00,2.251604646444320679e-01
4.976405799388885498e-01,1.469268679618835449e+00,3.099166452884674072e-01
5.548463389277458191e-02,6.287382841110229492e-01,2.220626473426818848e-01
9.392621517181396484e-01,1.217540144920349121e+00,2.105911076068878174e-01
5.130485296249389648e-01,4.138212203979492188e+00,5.787094831466674805e-01
9.367230534553527832e-02,2.589888811111450195e+00,3.705374002456665039e-01
7.561273574829101562e-01,1.968865633010864258e+00,9.163602590560913086e-01
3.143582940101623535e-01,2.654370307922363281e+00,7.547891698777675629e-03
9.904311895370483398e-01,3.802807807922363281e+00,5.079694390296936035e-01
5.058634281158447266e-01,3.246943056583404541e-01,1.284519862383604050e-02
1.718458682298660278e-01,1.714967727661132812e+00,6.678585410118103027e-01
4.662883877754211426e-01,1.959078192710876465e+00,6.367650032043457031e-01
5.951283574104309082e-01,6.204493045806884766e-01,5.171833038330078125e-01
9.004796147346496582e-01,4.807222485542297363e-01,1.622942363610491157e-04
6.876073479652404785e-01,3.853089332580566406e+00,4.058033823966979980e-01
3.140887618064880371e-01,3.446088790893554688e+00,4.525088369846343994e-01
3.763489127159118652e-01,3.894817233085632324e-01,5.683678388595581055e-01
2.616715133190155029e-01,3.885473310947418213e-01,4.799033403396606445e-01
4.462442696094512939e-01,1.219316720962524414e+00,5.604930222034454346e-02
8.028258085250854492e-01,3.146139621734619141e+00,1.186308544129133224e-02
8.486914038658142090e-01,2.993300914764404297e+00,5.260773003101348877e-02
8.068576455116271973e-01,3.429024934768676758e+00,4.745837152004241943e-01
5.892202854156494141e-01,4.221254825592041016e+00,8.352760672569274902e-01
4.554691910743713379e-02,1.219913244247436523e+00,4.728035628795623779e-01
9.304601699113845825e-02,3.633969783782958984e+00,2.391798794269561768e-01
5.234529972076416016e-01,8.220785856246948242e-01,2.625683546066284180e-01
4.434377551078796387e-01,7.804185152053833008e-01,9.467639923095703125e-01
7.677837610244750977e-01,3.539126157760620117e+00,1.856962591409683228e-01
3.835211694240570068e-01,5.436410307884216309e-01,6.935032606124877930e-01
5.060908198356628418e-01,3.233942270278930664e+00,1.642130166292190552e-01
8.106132149696350098e-01,2.935307741165161133e+00,6.763488054275512695e-01
5.840542912483215332e-01,1.081294536590576172e+00,3.262709975242614746e-01
6.329072117805480957e-01,2.431907892227172852e+00,7.648574709892272949e-01
4.802931845188140869e-02,3.470433235168457031e+00,9.299030900001525879e-01
7.206257581710815430e-01,4.738583564758300781e+00,9.437090754508972168e-01
4.708052873611450195e-01,1.974550187587738037e-01,3.366884887218475342e-01
4.565801918506622314e-01,4.847667217254638672e+00,8.030929565429687500e-01
9.767194390296936035e-01,4.301038265228271484e+00,9.262332320213317871e-01
8.172362446784973145e-01,2.588307380676269531e+00,6.051678061485290527e-01
9.205955266952514648e-01,1.638764023780822754e+00,1.529494971036911011e-01
3.581926524639129639e-01,1.718363285064697266e+00,6.785292625427246094e-01
1.663001477718353271e-01,1.687354326248168945e+00,4.311130046844482422e-01
5.792924761772155762e-01,4.262733459472656250e+00,6.076404452323913574e-01
5.387822389602661133e-01,4.418464660644531250e+00,6.113961935043334961e-01
6.367635726928710938e-01,2.624639749526977539e+00,9.992947578430175781e-01
6.586716771125793457e-01,1.071404695510864258e+00,3.931618034839630127e-01
7.189380526542663574e-01,2.939009904861450195e+00,6.532307714223861694e-02
8.722158670425415039e-01,4.177471637725830078e+00,1.493753790855407715e-01
5.706617608666419983e-02,4.673590183258056641e+00,2.304810732603073120e-01
5.284498631954193115e-02,4.782467365264892578e+00,8.789401650428771973e-01
3.843302130699157715e-01,6.831917762756347656e-01,2.456033602356910706e-02
3.389094471931457520e-01,1.983148694038391113e+00,3.158909678459167480e-01
8.347756862640380859e-01,3.861086368560791016e-01,8.211972713470458984e-01
4.669375419616699219e-01,4.724818706512451172e+00,1.943275034427642822e-01
2.343261688947677612e-01,4.301305770874023438e+00,8.969425559043884277e-01
1.922525465488433838e-01,2.087395906448364258e+00,3.528097569942474365e-01
1.112680137157440186e-01,4.887721538543701172e+00,2.488967031240463257e-01
9.817423224449157715e-01,9.878066182136535645e-01,4.143765568733215332e-01
1.602120250463485718e-01,1.644569486379623413e-01,7.045103907585144043e-01
6.566739678382873535e-01,1.294421553611755371e+00,8.879501223564147949e-01
1.545637995004653931e-01,3.140983819961547852e+00,2.273016422986984253e-01
3.180682063102722168e-01,4.050980567932128906e+00,7.085798382759094238e-01
5.994755029678344727e-01,4.773376464843750000e+00,1.284236460924148560e-01
3.169917464256286621e-01,7.681505084037780762e-01,3.280007541179656982e-01
5.395252723246812820e-03,4.875062704086303711e-01,8.797890543937683105e-01
7.070142626762390137e-01,2.831836938858032227e+00,7.226232886314392090e-01
9.166331887245178223e-01,1.431073546409606934e+00,1.421564370393753052e-01
7.466609477996826172e-01,3.548759222030639648e+00,6.177337765693664551e-01
7.361131254583597183e-03,9.883904457092285156e-01,6.562643102370202541e-05
1.864963620901107788e-01,1.790976166725158691e+00,6.669273972511291504e-01
9.379440546035766602e-01,4.549267292022705078e+00,6.155087351799011230e-01
7.810279726982116699e-02,2.916078805923461914e+00,4.505370557308197021e-02
8.151897788047790527e-01,2.016386747360229492e+00,4.785519540309906006e-01
3.214682340621948242e-01,2.820127487182617188e+00,4.828372299671173096e-01
6.111283898353576660e-01,1.922495603561401367e+00,6.684942841529846191e-01
2.730363048613071442e-02,3.034772157669067383e+00,2.855327427387237549e-01
3.659750223159790039e-01,7.412270307540893555e-01,4.138931035995483398e-01
7.941054701805114746e-01,2.127613544464111328e+00,7.254731059074401855e-01
5.534911751747131348e-01,1.335369229316711426e+00,7.880505919456481934e-01
9.004165530204772949e-01,1.531980395317077637e+00,6.857363581657409668e-01
1.976479589939117432e-01,4.358108043670654297e+00,8.822621703147888184e-01
2.873450517654418945e-01,1.679793119430541992e+00,6.820455193519592285e-01
3.985081911087036133e-01,3.046470403671264648e+00,5.913802981376647949e-01
4.120289385318756104e-01,3.411140680313110352e+00,1.367224156856536865e-01
5.939138531684875488e-01,4.389732360839843750e+00,5.786356925964355469e-01
6.546376347541809082e-01,9.611894488334655762e-01,3.055571615695953369e-01
3.095665574073791504e-01,5.480141043663024902e-01,7.362155914306640625e-01
2.078307420015335083e-01,4.221135139465332031e+00,7.158312201499938965e-01
3.967956602573394775e-01,1.792484521865844727e+00,8.727966547012329102e-01
2.617951929569244385e-01,1.898548156023025513e-01,3.720051944255828857e-01
3.757448494434356689e-01,4.297511100769042969e+00,8.112715184688568115e-02
9.514985680580139160e-01,1.700861811637878418e+00,6.493630260229110718e-02
8.037870526313781738e-01,7.201898843050003052e-02,9.126544743776321411e-02
2.369116544723510742e-01,3.660470724105834961e+00,9.175465106964111328e-01
3.627711534500122070e-02,7.940403819084167480e-01,8.970276713371276855e-01
6.610738039016723633e-01,2.783194303512573242e+00,7.408312559127807617e-01
4.002024829387664795e-01,2.824927568435668945e+00,3.714366257190704346e-01
5.789477229118347168e-01,3.226262331008911133e+00,7.416210770606994629e-01
7.409237027168273926e-01,2.968998908996582031e+00,1.526257842779159546e-01
5.540466308593750000e-01,1.060104846954345703e+00,5.857211947441101074e-01
4.822822511196136475e-01,4.792769432067871094e+00,9.421018958091735840e-01
8.854319900274276733e-02,6.048829555511474609e-01,7.647708654403686523e-01
3.135437965393066406e-01,4.725352287292480469e+00,4.978954792022705078e-01
5.475332736968994141e-01,1.116124868392944336e+00,2.515999674797058105e-01
3.980338573455810547e-01,2.963695049285888672e+00,9.122434258460998535e-01
1.295613497495651245e-01,1.917160868644714355e+00,6.990163326263427734e-01
3.917380869388580322e-01,4.764795780181884766e+00,2.706327103078365326e-02
5.869475007057189941e-01,3.913615465164184570e+00,7.455946207046508789e-01
9.918145537376403809e-01,1.470485478639602661e-01,5.399802923202514648e-01
6.290658712387084961e-01,7.818254642188549042e-03,4.060219228267669678e-01
2.403749078512191772e-01,9.682487845420837402e-01,5.683819055557250977e-01
4.281229898333549500e-02,4.191610336303710938e+00,2.081304937601089478e-01
4.289580285549163818e-01,2.095014005899429321e-01,5.480847954750061035e-01
6.272573471069335938e-01,5.931415557861328125e-01,5.445825457572937012e-01
6.740999221801757812e-01,3.190471410751342773e+00,2.031113654375076294e-01
3.992752730846405029e-01,3.595463037490844727e+00,1.975736916065216064e-01
5.302205085754394531e-01,2.086250782012939453e+00,8.504733443260192871e-01
9.192339181900024414e-01,2.544579505920410156e-01,7.280281782150268555e-01
1.834557056427001953e-01,3.005747318267822266e+00,8.590316176414489746e-01
4.863951504230499268e-01,4.542490959167480469e+00,7.661186456680297852e-01
8.206011652946472168e-01,1.184645295143127441e+00,5.730606317520141602e-01
3.284413218498229980e-01,9.452415704727172852e-01,5.800746679306030273e-01
7.987637519836425781e-01,9.567368030548095703e-01,6.823678016662597656e-01
6.767865419387817383e-01,7.477090358734130859e-01,5.141929388046264648e-01
5.228867530822753906e-01,2.079051971435546875e+00,3.120917081832885742e-01
9.775435552000999451e-03,1.631088733673095703e+00,8.787808939814567566e-03
6.501967310905456543e-01,3.386474132537841797e+00,3.514583706855773926e-01
8.186019212007522583e-02,2.696766376495361328e+00,4.197398722171783447e-01
7.323701381683349609e-01,1.228600382804870605e+00,9.476048946380615234e-01
4.699971079826354980e-01,3.942500352859497070e+00,8.759357035160064697e-02
4.724222123622894287e-01,1.384293437004089355e+00,6.069343686103820801e-01
4.281992018222808838e-01,4.165169298648834229e-01,6.248221397399902344e-01
5.748663544654846191e-01,1.020138382911682129e+00,3.418462872505187988e-01
4.169193804264068604e-01,2.953490734100341797e+00,1.781762838363647461e-01
8.733749389648437500e-01,2.736378431320190430e+00,3.126225471496582031e-01
7.669810652732849121e-01,2.886596918106079102e+00,8.718771487474441528e-02
6.801848299801349640e-03,2.176501452922821045e-01,6.683219671249389648e-01
9.118615984916687012e-01,6.949909329414367676e-01,6.289236545562744141e-01
1.730555295944213867e-01,2.295692205429077148e+00,9.195820689201354980e-01
4.326237440109252930e-01,2.194782733917236328e+00,3.042628467082977295e-01
8.278909921646118164e-01,1.572409749031066895e+00,4.812278449535369873e-01
6.237440183758735657e-02,1.509872913360595703e+00,4.092852771282196045e-01
6.600944399833679199e-01,4.669960021972656250e+00,9.409546852111816406e-01
3.732611611485481262e-02,2.785336017608642578e+00,3.353362083435058594e-01
1.094846129417419434e-01,3.037320375442504883e+00,6.986411809921264648e-01
1.888717114925384521e-01,4.187996387481689453e+00,5.286367535591125488e-01
6.665759086608886719e-01,2.551991939544677734e+00,1.664932370185852051e-01
7.673863768577575684e-01,3.388098478317260742e+00,3.076614141464233398e-01
3.775058686733245850e-01,2.096951246261596680e+00,2.943706810474395752e-01
4.227948486804962158e-01,3.397228240966796875e+00,4.658905267715454102e-01
3.401841595768928528e-02,4.339105129241943359e+00,2.496413886547088623e-01
3.892619311809539795e-01,4.348800659179687500e+00,2.937089502811431885e-01
7.582724690437316895e-01,3.507050514221191406e+00,8.407098054885864258e-01
8.638188838958740234e-01,3.687860488891601562e+00,8.984678238630294800e-02
2.825048267841339111e-01,1.834724783897399902e+00,4.934751391410827637e-01
5.581266283988952637e-01,3.748370885848999023e+00,8.839992284774780273e-01
2.464376240968704224e-01,3.843595683574676514e-01,3.347542285919189453e-01
1.583003699779510498e-01,3.371274232864379883e+00,6.943017244338989258e-01
7.524754405021667480e-01,6.224132180213928223e-01,3.203104138374328613e-01
4.700580835342407227e-01,2.342586278915405273e+00,5.663681626319885254e-01
5.757871270179748535e-01,3.875309526920318604e-01,6.861748695373535156e-01
5.456050634384155273e-01,1.938947677612304688e+00,1.576136052608489990e-01
7.889053667895495892e-04,1.247518777847290039e+00,4.927614629268646240e-01
2.417274862527847290e-01,1.382177233695983887e+00,2.947810590267181396e-01
4.342874288558959961e-01,1.240004062652587891e+00,7.766073942184448242e-01
7.317062020301818848e-01,2.128988504409790039e-01,9.796701371669769287e-02
9.865093231201171875e-01,2.949594020843505859e+00,4.547395408153533936e-01
8.583515286445617676e-01,2.501202821731567383e+00,5.298817753791809082e-01
1.659968495368957520e-01,2.287809610366821289e+00,1.637197583913803101e-01
4.586528539657592773e-01,2.175773620605468750e+00,1.753226518630981445e-01
8.011240959167480469e-01,1.248272776603698730e+00,5.904832109808921814e-02
9.295748174190521240e-02,5.049846768379211426e-01,6.420913338661193848e-01
7.892806529998779297e-01,2.892132520675659180e+00,1.646689921617507935e-01
8.103491067886352539e-01,3.212145805358886719e+00,4.954752922058105469e-01
4.867171049118041992e-01,2.058185935020446777e-01,1.104204654693603516e-01
1.675539761781692505e-01,1.727899909019470215e+00,6.511182188987731934e-01
2.370283156633377075e-01,1.253275036811828613e+00,4.992016851902008057e-01
9.691113233566284180e-01,1.946254372596740723e+00,4.220060408115386963e-01
1.528822183609008789e-01,1.675264835357666016e+00,9.692694544792175293e-01
6.080011371523141861e-03,2.863556146621704102e+00,3.521842956542968750e-01
5.072618722915649414e-01,3.170094728469848633e+00,5.393741130828857422e-01
8.131121993064880371e-01,4.197494685649871826e-01,3.012143671512603760e-01
1.526228040456771851e-01,6.534330844879150391e-01,7.483093142509460449e-01
8.124195039272308350e-02,2.842324733734130859e+00,2.779924273490905762e-01
3.547768890857696533e-01,2.889455795288085938e+00,4.952383935451507568e-01
2.013004571199417114e-02,2.977251052856445312e+00,7.771844863891601562e-01
8.659995198249816895e-01,9.239107966423034668e-01,8.385075330734252930e-01
7.202494144439697266e-01,1.918301105499267578e+00,9.873406291007995605e-01
7.091249823570251465e-01,8.980903029441833496e-01,9.160966277122497559e-01
1.304035931825637817e-01,3.408652782440185547e+00,4.422926604747772217e-01
4.921741783618927002e-01,2.030445098876953125e+00,1.107123419642448425e-01
4.564944803714752197e-01,1.354427337646484375e+00,7.933027148246765137e-01
9.322571158409118652e-01,4.756097793579101562e+00,6.074979901313781738e-01
3.879930078983306885e-02,1.151717185974121094e+00,1.164261698722839355e-01
2.625724077224731445e-01,1.100554585456848145e+00,1.985588818788528442e-01
3.242019936442375183e-02,2.346447229385375977e+00,6.141554713249206543e-01
3.465841412544250488e-01,2.108184814453125000e+00,2.257743179798126221e-01
5.332450270652770996e-01,2.679070234298706055e+00,2.264379411935806274e-01
8.290399909019470215e-01,4.726237773895263672e+00,9.412343502044677734e-01
1.290305554866790771e-01,1.874772310256958008e+00,4.212305843830108643e-01
7.298138737678527832e-01,1.745048522949218750e+00,2.454076558351516724e-01
5.191884040832519531e-01,2.961888074874877930e+00,4.021057486534118652e-01
6.581621766090393066e-01,4.877656459808349609e+00,5.450339913368225098e-01
1.966453194618225098e-01,2.109584808349609375e+00,3.668775260448455811e-01
1.767291128635406494e-01,4.109784126281738281e+00,9.561924338340759277e-01
2.146531343460083008e-01,4.285434246063232422e+00,3.341672718524932861e-01
7.974531650543212891e-01,1.952493309974670410e+00,7.649028897285461426e-01
5.220175534486770630e-02,6.217756867408752441e-01,2.215462028980255127e-01
3.622658550739288330e-01,3.073005378246307373e-01,5.393099784851074219e-01
1.683060526847839355e-01,2.417199611663818359e+00,3.982360661029815674e-01
6.061345338821411133e-01,2.272123336791992188e+00,5.479477643966674805e-01
4.190815389156341553e-01,4.820316791534423828e+00,7.390828728675842285e-01
2.399573028087615967e-01,4.003182411193847656e+00,7.292654514312744141e-01
4.887368530035018921e-02,4.635856628417968750e+00,4.046830832958221436e-01
5.374009609222412109e-01,1.174033999443054199e+00,5.026020482182502747e-02
1.926232576370239258e-01,2.611559152603149414e+00,7.572305798530578613e-01
1.565763354301452637e-01,3.336827278137207031e+00,8.442485928535461426e-01
1.868321299552917480e-01,1.897616028785705566e+00,6.787409782409667969e-01
2.422737330198287964e-01,2.144213676452636719e+00,4.090482592582702637e-01
5.791456103324890137e-01,3.888438701629638672e+00,5.555719733238220215e-01
4.982412755489349365e-01,2.773081779479980469e+00,3.140734434127807617e-01
5.379038453102111816e-01,6.061550378799438477e-01,5.453020930290222168e-01
1.566591262817382812e-01,2.167263746261596680e+00,2.149832695722579956e-01
5.035693645477294922e-01,1.706204414367675781e+00,8.243219852447509766e-01
5.769532918930053711e-01,9.851052165031433105e-01,4.380646049976348877e-01
7.633990049362182617e-01,1.258735179901123047e+00,9.433643817901611328e-01
6.266288161277770996e-01,1.577350497245788574e+00,9.753251671791076660e-01
4.983094632625579834e-01,4.902735710144042969e+00,2.417638450860977173e-01
7.841525077819824219e-01,1.632800936698913574e+00,8.807780742645263672e-01
7.521440386772155762e-01,3.590422868728637695e+00,9.609621763229370117e-02
4.538825154304504395e-01,1.811546325683593750e+00,3.682689964771270752e-01
2.313999384641647339e-01,2.835722208023071289e+00,8.231672644615173340e-01
3.471911251544952393e-01,2.270318984985351562e+00,3.721337318420410156e-01
9.145788550376892090e-01,3.142180681228637695e+00,7.934037446975708008e-01
9.245604276657104492e-01,3.192934274673461914e+00,3.024588227272033691e-01
5.504838824272155762e-01,2.451263666152954102e+00,8.538625836372375488e-01
8.353596925735473633e-01,2.845892012119293213e-01,8.743261098861694336e-01
7.234432697296142578e-01,4.290963649749755859e+00,9.281379580497741699e-01
3.560393452644348145e-01,1.108682155609130859e+00,5.621117353439331055e-01
6.958973407745361328e-01,3.230778217315673828e+00,9.122540354728698730e-01
5.869106650352478027e-01,1.647639155387878418e+00,5.501514077186584473e-01
9.634596705436706543e-01,2.356001615524291992e+00,9.428900480270385742e-01
1.826309561729431152e-01,3.453470706939697266e+00,8.405506014823913574e-01
2.863287329673767090e-01,2.000215053558349609e+00,3.081771135330200195e-01
6.674172282218933105e-01,4.289964675903320312e+00,6.513363122940063477e-01
8.817071318626403809e-01,3.349413394927978516e+00,3.067547976970672607e-01
2.153060734272003174e-01,4.181738853454589844e+00,3.592330217361450195e-01
6.482450366020202637e-01,3.692939996719360352e+00,8.068794012069702148e-01
9.007989764213562012e-01,9.928074479103088379e-02,8.167749047279357910e-01
9.592362046241760254e-01,4.934231758117675781e+00,1.818053275346755981e-01
1.077445894479751587e-01,6.169082522392272949e-01,6.853001117706298828e-01
5.666607022285461426e-01,4.111187934875488281e+00,1.003246232867240906e-01
7.473612427711486816e-01,2.810217857360839844e+00,3.046995028853416443e-03
7.222330570220947266e-01,6.483867168426513672e-01,3.089601993560791016e-01
4.094566404819488525e-01,4.138824462890625000e+00,3.695946335792541504e-01
7.127937078475952148e-01,4.738862991333007812e+00,1.540529131889343262e-01
3.853273093700408936e-01,2.888378143310546875e+00,3.267112970352172852e-01
6.399163603782653809e-01,1.354257225990295410e+00,4.558438360691070557e-01
9.610506296157836914e-01,4.925108909606933594e+00,9.939725399017333984e-01
2.527348995208740234e-01,2.094881087541580200e-01,2.916437983512878418e-01
4.881528019905090332e-01,1.664512872695922852e+00,5.893915295600891113e-01
2.809859625995159149e-02,1.223109245300292969e+00,2.564757466316223145e-01
3.464297950267791748e-01,3.132453560829162598e-01,1.502729486674070358e-02
2.009563893079757690e-02,2.773232221603393555e+00,5.436573028564453125e-01
3.447724878787994385e-01,3.538786172866821289e+00,5.503693222999572754e-02
3.941274248063564301e-03,1.765103578567504883e+00,4.322263970971107483e-02
7.757536768913269043e-01,7.534794211387634277e-01,7.992851734161376953e-01
4.678025841712951660e-01,3.993420124053955078e+00,9.522556662559509277e-01
7.895985841751098633e-01,3.061018943786621094e+00,9.309777021408081055e-01
8.412109613418579102e-01,3.528729677200317383e+00,1.448677331209182739e-01
3.297332227230072021e-01,2.764148473739624023e+00,9.045053273439407349e-02
8.882267475128173828e-01,4.322659492492675781e+00,9.571945667266845703e-02
9.926873445510864258e-01,2.823907136917114258e+00,7.624294161796569824e-01
4.438524693250656128e-02,2.870702028274536133e+00,1.198409572243690491e-01
1.367866992950439453e-01,3.657351016998291016e+00,7.350130677223205566e-01
7.346624135971069336e-01,1.747503876686096191e+00,3.118090331554412842e-01
5.389557480812072754e-01,1.893946647644042969e+00,7.414878010749816895e-01
2.249214649200439453e-01,2.747551918029785156e+00,5.471638441085815430e-01
6.540685892105102539e-01,1.762223601341247559e+00,5.655158162117004395e-01
9.116216897964477539e-01,3.639983892440795898e+00,2.666240632534027100e-01
7.909688949584960938e-01,1.483483910560607910e+00,2.404305487871170044e-01
8.989848494529724121e-01,7.326711416244506836e-01,1.748481392860412598e-01
8.108235597610473633e-01,4.329506397247314453e+00,6.611406207084655762e-01
6.760839819908142090e-01,1.239114880561828613e+00,7.891955375671386719e-01
6.091741323471069336e-01,2.571407318115234375e+00,8.425360321998596191e-01
5.026028156280517578e-01,1.516158431768417358e-01,4.592133462429046631e-01
1.952840536832809448e-01,2.115826845169067383e+00,2.482697367668151855e-01
1.129204258322715759e-01,5.331307649612426758e-01,6.612105369567871094e-01
5.922380685806274414e-01,3.128942251205444336e+00,4.558284580707550049e-01
3.327095806598663330e-01,3.552565813064575195e+00,7.678611278533935547e-01
5.967043042182922363e-01,4.578402519226074219e+00,3.513770103454589844e-01
2.714919745922088623e-01,4.631999969482421875e+00,8.538442254066467285e-01
6.239677071571350098e-01,3.461597442626953125e+00,3.202443122863769531e-01
5.625950694084167480e-01,2.011459589004516602e+00,3.610838949680328369e-01
4.108623862266540527e-01,1.753523796796798706e-01,2.865335345268249512e-01
2.373967766761779785e-01,2.951434612274169922e+00,4.751646891236305237e-02
6.147068738937377930e-01,1.968594789505004883e+00,6.877470612525939941e-01
7.576964497566223145e-01,2.205948114395141602e+00,9.426435828208923340e-01
8.327500820159912109e-01,4.089880943298339844e+00,7.599243521690368652e-01
2.499182373285293579e-01,3.865675449371337891e+00,6.696872115135192871e-01
2.310202121734619141e-01,2.813949882984161377e-01,3.270929157733917236e-01
4.921600520610809326e-01,3.968739211559295654e-01,2.499985843896865845e-01
8.742895126342773438e-01,3.681923627853393555e+00,5.015159249305725098e-01
7.577405571937561035e-01,8.548274636268615723e-02,7.197234034538269043e-01
7.352329492568969727e-01,3.128539562225341797e+00,4.970793426036834717e-01
8.389832377433776855e-01,7.751404643058776855e-01,5.517581701278686523e-01
4.203476607799530029e-01,3.812400102615356445e+00,7.234249114990234375e-01
2.017131000757217407e-01,1.234489679336547852e+00,2.742958366870880127e-01
5.890049934387207031e-01,6.747280061244964600e-02,4.196895658969879150e-01
7.296965122222900391e-01,2.366160631179809570e+00,6.241021156311035156e-01
4.518594145774841309e-01,4.039041996002197266e+00,1.271311491727828979e-01
7.932108640670776367e-01,7.594482302665710449e-01,5.772349834442138672e-01
5.911103487014770508e-01,1.260177493095397949e+00,4.122429192066192627e-01
4.251832365989685059e-01,1.868001222610473633e-01,4.568586945533752441e-01
1.349268555641174316e-01,1.256326794624328613e+00,4.016414880752563477e-01
8.206541538238525391e-01,1.146071672439575195e+00,8.868685364723205566e-01
2.727819085121154785e-01,4.600023269653320312e+00,8.739951848983764648e-01
7.901986241340637207e-01,3.407286167144775391e+00,3.274413943290710449e-01
7.000768184661865234e-01,3.894312143325805664e+00,8.629447221755981445e-01
2.648497372865676880e-02,4.353842735290527344e-01,6.873583197593688965e-01
6.300073266029357910e-01,2.976714849472045898e+00,4.492771029472351074e-01
1.303445696830749512e-01,1.536118388175964355e+00,1.929225623607635498e-01
7.294555306434631348e-01,2.999247014522552490e-01,9.017975926399230957e-01
3.346358537673950195e-01,3.309391736984252930e+00,9.058733582496643066e-01
9.035379886627197266e-01,2.292537689208984375e-01,7.800481319427490234e-01
5.200256705284118652e-01,1.084939479827880859e+00,8.922479152679443359e-01
5.054447054862976074e-01,2.184918880462646484e+00,5.851433873176574707e-01
3.446408510208129883e-01,2.922865867614746094e+00,3.345816135406494141e-01
1.207673698663711548e-01,1.073954254388809204e-01,7.011061310768127441e-01
1.923445984721183777e-02,2.279510974884033203e+00,4.280710816383361816e-01
5.768522024154663086e-01,5.127930641174316406e-01,5.327039957046508789e-01
3.399395644664764404e-01,4.597973346710205078e+00,4.568447470664978027e-01
3.273820579051971436e-01,3.122721433639526367e+00,7.391902208328247070e-01
3.421867191791534424e-01,4.532286643981933594e+00,6.793202757835388184e-01
3.862659931182861328e-01,1.160133242607116699e+00,3.427734076976776123e-01
3.014076054096221924e-01,2.511758089065551758e+00,1.158945783972740173e-01
4.892513751983642578e-01,1.241736888885498047e+00,1.063842326402664185e-01
9.864448308944702148e-01,6.988131403923034668e-01,8.375474810600280762e-01
5.534837245941162109e-01,1.517054557800292969e+00,5.463252663612365723e-01
3.039781749248504639e-01,2.003923416137695312e+00,9.763383865356445312e-01
2.685053348541259766e-01,3.576968669891357422e+00,3.771350681781768799e-01
5.213282108306884766e-01,8.365285992622375488e-01,1.906041353940963745e-01
3.389916121959686279e-01,9.542519450187683105e-01,4.694080948829650879e-01
1.751281619071960449e-01,9.666361808776855469e-01,1.014361456036567688e-01
1.141430363059043884e-01,4.579567432403564453e+00,8.363952040672302246e-01
7.595295310020446777e-01,1.589855551719665527e-01,4.276428222656250000e-01
2.290635704994201660e-01,2.765219211578369141e+00,4.169385731220245361e-01
2.943235039710998535e-01,5.243196487426757812e-01,7.020108103752136230e-01
7.055950164794921875e-01,2.027187585830688477e+00,9.574968218803405762e-01
9.763147830963134766e-01,3.213307261466979980e-01,8.914730548858642578e-01
1.589434035122394562e-02,5.429047346115112305e-02,5.056388378143310547e-01
5.503800511360168457e-01,2.725956439971923828e+00,9.009851813316345215e-01
5.767130255699157715e-01,1.163404345512390137e+00,5.000527501106262207e-01
2.190345972776412964e-01,1.531661748886108398e+00,3.994893431663513184e-01
1.746358722448348999e-01,2.063879013061523438e+00,3.316036164760589600e-01
8.235690593719482422e-01,1.601693034172058105e+00,9.426223635673522949e-01
2.690192759037017822e-01,1.354015469551086426e+00,5.455940365791320801e-01
3.408066034317016602e-01,3.083540678024291992e+00,4.986093938350677490e-01
4.493612945079803467e-01,3.570562839508056641e+00,8.900319933891296387e-01
9.471337199211120605e-01,3.000467061996459961e+00,2.815496642142534256e-03
6.264219433069229126e-02,1.280613183975219727e+00,2.248374968767166138e-01
1.169521138072013855e-01,3.496468544006347656e+00,7.423598170280456543e-01
1.916654258966445923e-01,4.616819858551025391e+00,2.811010777950286865e-01
5.353211760520935059e-01,1.636987566947937012e+00,9.678867459297180176e-01
5.815203785896301270e-01,4.712562859058380127e-01,7.099481821060180664e-01
5.517037957906723022e-02,2.448798179626464844e+00,7.885372638702392578e-01
3.156076669692993164e-01,7.216987013816833496e-01,4.137100577354431152e-01
5.806990265846252441e-01,8.452640175819396973e-01,8.604934215545654297e-01
1.053838655352592468e-01,2.840047836303710938e+00,6.658397912979125977e-01
4.651218056678771973e-01,2.876396894454956055e+00,8.901009559631347656e-01
8.756161332130432129e-01,3.008097887039184570e+00,3.681617081165313721e-01
8.602598309516906738e-01,1.215679407119750977e+00,1.903674304485321045e-01
6.706355214118957520e-01,4.614552021026611328e+00,6.310541033744812012e-01
2.972256541252136230e-01,4.326890945434570312e+00,9.068564772605895996e-01
9.286692738533020020e-02,2.857552528381347656e+00,5.002285838127136230e-01
2.206295430660247803e-01,2.206850290298461914e+00,2.550268471240997314e-01
8.143281936645507812e-01,2.740767240524291992e+00,1.409607380628585815e-01
6.048591136932373047e-01,1.383879303932189941e+00,1.870725452899932861e-01
4.336977601051330566e-01,1.947972059249877930e+00,1.951884925365447998e-01
3.986037373542785645e-01,4.785306930541992188e+00,9.357793927192687988e-01
2.196694612503051758e-01,1.859968543052673340e+00,4.073645472526550293e-01
6.420634388923645020e-01,2.903015375137329102e+00,2.297143936157226562e-01
4.829678237438201904e-01,4.301084041595458984e+00,6.286010742187500000e-01
7.759858369827270508e-01,2.730547487735748291e-01,4.716656208038330078e-01
4.611865282058715820e-01,2.520303249359130859e+00,7.870020270347595215e-01
1.403842121362686157e-01,4.302456378936767578e+00,9.390469193458557129e-01
9.741498231887817383e-01,3.680024862289428711e+00,8.274286389350891113e-01
3.454214036464691162e-01,4.821301460266113281e+00,6.178162693977355957e-01
3.504053950309753418e-01,9.017425775527954102e-01,2.495353370904922485e-01
1.115666553378105164e-01,5.084770321846008301e-01,1.451546400785446167e-01
4.841168522834777832e-01,3.976011872291564941e-01,9.725783467292785645e-01
9.905291199684143066e-01,2.027260303497314453e+00,4.764599204063415527e-01
7.126010656356811523e-01,1.288043618202209473e+00,5.065820217132568359e-01
3.143547773361206055e-01,4.867245674133300781e+00,7.631230950355529785e-01
3.037431836128234863e-01,4.566465854644775391e+00,2.119288146495819092e-01
9.850575923919677734e-01,3.987095117568969727e+00,8.878983259201049805e-01
7.416924834251403809e-01,2.203831970691680908e-01,8.163822293281555176e-01
4.855875372886657715e-01,4.497085571289062500e+00,2.639765441417694092e-01
2.087054401636123657e-01,2.407287359237670898e+00,7.488763928413391113e-01
5.251011252403259277e-01,4.620467662811279297e+00,7.808337807655334473e-01
5.209535956382751465e-01,1.206487655639648438e+00,5.841547250747680664e-01
5.217946693301200867e-02,3.026032686233520508e+00,2.654272317886352539e-01
5.118760466575622559e-01,3.316414594650268555e+00,7.843067646026611328e-01
2.437800467014312744e-01,1.772069573402404785e+00,9.657236933708190918e-01
3.161030763294547796e-04,4.305472373962402344e+00,6.449183225631713867e-01
9.193043224513530731e-03,1.230361342430114746e+00,4.460641741752624512e-01
5.273474380373954773e-02,1.897346377372741699e+00,2.571547925472259521e-01
9.643660485744476318e-02,1.185927867889404297e+00,5.260481238365173340e-01
6.080126762390136719e-01,1.228525519371032715e+00,6.200277209281921387e-01
7.530141472816467285e-01,1.362214803695678711e+00,1.280049383640289307e-01
9.431468248367309570e-01,4.201710700988769531e+00,9.284297227859497070e-01
1.106420010328292847e-01,1.040323615074157715e+00,4.924326837062835693e-01
4.688877165317535400e-01,3.768157005310058594e+00,3.762319684028625488e-02
9.177725911140441895e-01,1.428001403808593750e+00,9.697980880737304688e-01
3.883540630340576172e-01,4.095338344573974609e+00,9.891398549079895020e-01
4.300198256969451904e-01,1.239748477935791016e+00,7.567147612571716309e-01
8.180122971534729004e-01,3.685096025466918945e+00,5.726230144500732422e-01
3.631615340709686279e-01,3.170423984527587891e+00,4.187710583209991455e-01
1.268238574266433716e-01,4.748716831207275391e+00,7.366942167282104492e-01
4.341765642166137695e-01,3.498437404632568359e+00,7.533802986145019531e-01
1.162181273102760315e-01,4.167357444763183594e+00,2.108881622552871704e-01
4.618445038795471191e-01,1.993747830390930176e+00,7.120991945266723633e-01
3.113316893577575684e-01,9.497143030166625977e-01,1.034808605909347534e-01
4.527924060821533203e-01,4.600775539875030518e-01,1.155089959502220154e-01
1.207539141178131104e-01,1.973657459020614624e-01,6.876462101936340332e-01
2.418527901172637939e-01,2.074630975723266602e+00,7.049529552459716797e-01
2.734974771738052368e-02,2.776438474655151367e+00,4.666343629360198975e-01
5.552279353141784668e-01,1.844406962394714355e+00,8.668521642684936523e-01
5.565674304962158203e-01,2.572137117385864258e+00,9.472422599792480469e-01
1.121441833674907684e-02,3.742392301559448242e+00,7.003463506698608398e-01
5.512053966522216797e-01,2.538777589797973633e+00,5.206535458564758301e-01
6.173703670501708984e-01,2.988628447055816650e-01,9.552507102489471436e-02
5.043871402740478516e-01,4.716958999633789062e+00,1.849537193775177002e-01
5.833137035369873047e-01,3.172358989715576172e+00,2.402337044477462769e-01
3.009752035140991211e-01,2.498522043228149414e+00,1.440166682004928589e-01
4.485253095626831055e-01,2.369953155517578125e+00,5.546723604202270508e-01
6.346504092216491699e-01,2.477286577224731445e+00,6.872065067291259766e-01
3.887904882431030273e-01,4.010987758636474609e+00,3.318561911582946777e-01
4.755319654941558838e-02,4.708579063415527344e+00,7.813409566879272461e-01
3.570707738399505615e-01,2.059991657733917236e-01,3.766478300094604492e-01
7.099335193634033203e-01,2.074880599975585938e+00,7.487538456916809082e-01
6.782659143209457397e-02,3.099067687988281250e+00,8.297032713890075684e-01
7.511155605316162109e-01,4.581883907318115234e+00,5.413835048675537109e-01
6.354984641075134277e-01,3.789924383163452148e+00,7.378190159797668457e-01
5.479221343994140625e-01,4.130554676055908203e+00,8.555789291858673096e-02
8.669146895408630371e-01,4.932696342468261719e+00,4.052083790302276611e-01
8.878415226936340332e-01,7.720327973365783691e-01,9.879434704780578613e-01
1.609117686748504639e-01,4.009879589080810547e+00,6.766481995582580566e-01
4.592770338058471680e-01,4.948320865631103516e+00,7.340565919876098633e-01
2.993130087852478027e-01,1.277493596076965332e+00,3.295583724975585938e-01
8.436125516891479492e-01,1.230807781219482422e+00,5.649850368499755859e-01
8.987656980752944946e-02,2.271586894989013672e+00,6.790924072265625000e-01
8.892966508865356445e-01,2.291286468505859375e+00,5.932670831680297852e-01
6.593111157417297363e-01,5.321994423866271973e-01,5.552688837051391602e-01
5.434142351150512695e-01,4.338060379028320312e+00,4.872875213623046875e-01
5.693082809448242188e-01,1.602197647094726562e+00,7.076906561851501465e-01
3.287348449230194092e-01,1.628507137298583984e+00,5.918732881546020508e-01
4.643391072750091553e-02,2.825509786605834961e+00,8.502897620201110840e-01
8.469260334968566895e-01,1.035177946090698242e+00,7.941215634346008301e-01
7.380358129739761353e-02,9.601342678070068359e-01,2.185327559709548950e-01
7.119889259338378906e-01,1.201212644577026367e+00,4.492482841014862061e-01
7.233163118362426758e-01,1.581399559974670410e+00,8.111786842346191406e-01
1.976197510957717896e-01,9.435955286026000977e-01,6.113337874412536621e-01
9.921408891677856445e-01,2.804390907287597656e+00,6.267483830451965332e-01
9.717069864273071289e-01,4.068117618560791016e+00,5.922393798828125000e-01
3.557209968566894531e-01,2.955392360687255859e+00,8.923270702362060547e-01
8.699800372123718262e-01,3.939769744873046875e+00,3.977222144603729248e-01
9.929270148277282715e-01,1.067632555961608887e+00,9.389219880104064941e-01
5.656892657279968262e-01,3.074766635894775391e+00,2.087717205286026001e-01
1.068683806806802750e-02,2.611802339553833008e+00,7.479894161224365234e-02
5.521802306175231934e-01,1.290759444236755371e+00,3.104332089424133301e-01
5.203854441642761230e-01,1.534963369369506836e+00,5.126783251762390137e-01
5.802931785583496094e-01,2.365279197692871094e+00,1.889707446098327637e-01
1.457921713590621948e-01,4.117783069610595703e+00,5.406377837061882019e-03
2.139127850532531738e-01,6.006067991256713867e-02,4.692100882530212402e-01
5.226595401763916016e-01,4.869066238403320312e+00,5.276280641555786133e-01
4.493539631366729736e-01,1.150918841361999512e+00,7.028869986534118652e-01
7.370692491531372070e-01,8.077969551086425781e-01,3.779346048831939697e-01
4.407297819852828979e-02,3.017944812774658203e+00,9.296628087759017944e-02
2.492051273584365845e-01,2.829473972320556641e+00,8.734164237976074219e-01
4.451526999473571777e-01,4.911142885684967041e-01,2.842263281345367432e-01
9.072871208190917969e-01,4.234905540943145752e-01,9.205351024866104126e-02
5.587822198867797852e-01,1.225689649581909180e+00,7.852858304977416992e-01
2.857735566794872284e-02,2.175806462764739990e-01,1.931291967630386353e-01
2.423924952745437622e-02,1.280307620763778687e-01,7.857783436775207520e-01
8.577694296836853027e-01,4.821349143981933594e+00,5.576745867729187012e-01
7.808406949043273926e-01,3.464045763015747070e+00,4.671194255352020264e-01
7.131359577178955078e-01,4.881657600402832031e+00,2.553361952304840088e-01
5.029656887054443359e-01,1.999432563781738281e+00,4.625709950923919678e-01
9.636363983154296875e-01,1.592148542404174805e+00,3.931396305561065674e-01
9.613295793533325195e-01,4.528897285461425781e+00,3.219517767429351807e-01
6.196202635765075684e-01,7.588010430335998535e-01,2.849366962909698486e-01
8.699618577957153320e-01,4.409865856170654297e+00,5.439211428165435791e-02
4.059386253356933594e-01,2.265348196029663086e+00,6.235495805740356445e-01
2.292156070470809937e-01,3.980301856994628906e+00,1.846746206283569336e-01
9.746617078781127930e-01,4.109399318695068359e+00,9.877957105636596680e-01
7.984272837638854980e-01,1.113439321517944336e+00,2.397796511650085449e-01
7.994590401649475098e-01,3.199819326400756836e+00,3.650681078433990479e-01
9.031348228454589844e-01,3.989351511001586914e+00,2.497454285621643066e-01
2.616262137889862061e-01,1.982851386070251465e+00,2.224553078413009644e-01
8.368471264839172363e-01,7.584526538848876953e-01,2.295729145407676697e-02
6.746008992195129395e-03,4.685472965240478516e+00,8.846365809440612793e-01
3.538737893104553223e-01,1.264036417007446289e+00,9.528031349182128906e-01
1.112932115793228149e-01,4.106817245483398438e+00,4.096169173717498779e-01
3.716930150985717773e-01,1.893589019775390625e+00,1.607680022716522217e-01
3.880085051059722900e-01,1.672607421875000000e+00,7.831900715827941895e-01
9.915512800216674805e-01,2.139251470565795898e+00,1.453149169683456421e-01
3.172397911548614502e-01,3.308597207069396973e-01,4.834627509117126465e-01
3.272415101528167725e-01,4.589274883270263672e+00,3.048398494720458984e-01
8.900823444128036499e-02,9.809452295303344727e-01,8.686218261718750000e-01
3.608972132205963135e-01,3.632013082504272461e+00,6.461356282234191895e-01
3.752962350845336914e-01,3.200994253158569336e+00,9.179797768592834473e-01
7.537952661514282227e-01,1.496239900588989258e+00,5.881569981575012207e-01
9.148325324058532715e-01,1.722168684005737305e+00,4.824210405349731445e-01
3.193974196910858154e-01,9.454607963562011719e-01,2.661151289939880371e-01
2.909661531448364258e-01,7.899902462959289551e-01,4.835162460803985596e-01
1.242425516247749329e-01,4.545068740844726562e+00,2.666260600090026855e-01
4.359010457992553711e-01,3.354181528091430664e+00,3.466401994228363037e-01
9.665699005126953125e-01,3.482260704040527344e-01,2.011256963014602661e-01
4.667517244815826416e-01,3.186297118663787842e-01,6.876408457756042480e-01
5.926129817962646484e-01,1.998487263917922974e-01,6.059470176696777344e-01
2.897558808326721191e-01,4.833724021911621094e+00,8.389445543289184570e-01
8.634928464889526367e-01,2.305828094482421875e+00,3.002363741397857666e-01
4.124625325202941895e-01,2.691311836242675781e+00,2.098691165447235107e-01
2.072552293539047241e-01,3.136502027511596680e+00,6.700407713651657104e-02
9.070752859115600586e-01,2.123557567596435547e+00,5.250197649002075195e-01
6.402789354324340820e-01,4.130081653594970703e+00,2.479126155376434326e-01
7.129289507865905762e-01,1.385528922080993652e+00,3.109708130359649658e-01
9.612212181091308594e-01,4.185678660869598389e-01,4.638478457927703857e-01
8.744133114814758301e-01,4.247659206390380859e+00,8.123380690813064575e-02
9.535213708877563477e-01,2.758960962295532227e+00,7.826403379440307617e-01
6.930899620056152344e-01,1.584040164947509766e+00,7.773061990737915039e-01
3.107021749019622803e-01,3.444420576095581055e+00,2.745485305786132812e-01
5.056448578834533691e-01,2.121237993240356445e+00,3.350424468517303467e-01
9.019776582717895508e-01,4.008321285247802734e+00,7.091859579086303711e-01
9.625768661499023438e-01,3.837694168090820312e+00,5.542754530906677246e-01
4.390318989753723145e-01,3.438548564910888672e+00,5.040575861930847168e-01
3.120578229427337646e-01,9.955371022224426270e-01,7.498936653137207031e-01
1.367531120777130127e-01,2.992864131927490234e+00,1.855151355266571045e-01
6.048821210861206055e-01,1.676589727401733398e+00,4.788432121276855469e-01
5.790681112557649612e-03,2.503792762756347656e+00,4.936477541923522949e-01
6.970152258872985840e-01,1.783429384231567383e+00,8.284107446670532227e-01
8.555496335029602051e-01,3.547501087188720703e+00,9.488968849182128906e-01
9.861568808555603027e-01,2.905117273330688477e+00,2.752834558486938477e-01
8.515844941139221191e-01,4.210574150085449219e+00,1.918687298893928528e-02
6.609965562820434570e-01,2.479499131441116333e-01,2.221144735813140869e-03
3.863429427146911621e-01,3.109038114547729492e+00,4.082616865634918213e-01
1.759763956069946289e-01,3.698647975921630859e+00,9.662836194038391113e-01
1.837687045335769653e-01,4.807784557342529297e+00,7.206782102584838867e-01
5.712476372718811035e-01,1.254864335060119629e+00,8.055201917886734009e-02
5.178202986717224121e-01,1.876266717910766602e+00,8.470725417137145996e-01
1.715539768338203430e-02,1.443742513656616211e-01,2.961775958538055420e-01
6.458709836006164551e-01,4.454290390014648438e+00,5.343303456902503967e-02
9.292617440223693848e-01,3.448297977447509766e+00,7.652412056922912598e-01
3.250167667865753174e-01,4.604486465454101562e+00,3.276432752609252930e-01
4.134320318698883057e-01,2.184349775314331055e+00,2.026878148317337036e-01
9.947701692581176758e-01,2.435703992843627930e+00,1.529883742332458496e-01
1.266703158617019653e-01,2.517578840255737305e+00,8.051567673683166504e-01
8.426569700241088867e-01,2.521358728408813477e+00,3.844640254974365234e-01
4.982297718524932861e-01,1.706113100051879883e+00,7.672292590141296387e-01
9.308895468711853027e-01,1.207322835922241211e+00,3.283161222934722900e-01
5.657465457916259766e-01,5.994217991828918457e-01,2.434860765933990479e-01
3.583827614784240723e-02,7.298222184181213379e-01,4.026670753955841064e-01
4.924470558762550354e-02,7.905001640319824219e-01,6.818343400955200195e-01
9.534406065940856934e-01,4.461081027984619141e+00,8.268175125122070312e-01
8.203183412551879883e-01,4.792373180389404297e+00,5.865904092788696289e-01
5.948715806007385254e-01,2.462363481521606445e+00,9.274975657463073730e-01
2.419960945844650269e-01,3.517600059509277344e+00,4.760996624827384949e-02
6.139992475509643555e-01,4.945713996887207031e+00,2.790570855140686035e-01
5.390699505805969238e-01,1.076837658882141113e+00,8.654210567474365234e-01
7.591368556022644043e-01,3.555485963821411133e+00,8.984439820051193237e-02
4.605486690998077393e-01,2.656603455543518066e-01,3.074207901954650879e-01
7.049365639686584473e-01,3.778736829757690430e+00,1.270025819540023804e-01
9.263361692428588867e-01,3.111164569854736328e+00,2.240856438875198364e-01
7.346417903900146484e-01,9.733999371528625488e-01,5.803132057189941406e-01
2.875508964061737061e-01,2.856990098953247070e+00,2.588428854942321777e-01
4.269858300685882568e-01,1.448317408561706543e+00,7.033634185791015625e-01
4.600660875439643860e-02,9.255735278129577637e-01,1.142295193858444691e-03
3.336125239729881287e-02,9.180089235305786133e-01,2.599979043006896973e-01
6.984121799468994141e-01,1.261301159858703613e+00,6.095942258834838867e-01
2.035950422286987305e-01,3.561998128890991211e+00,2.775743305683135986e-01
8.101010695099830627e-03,4.117600440979003906e+00,8.507865071296691895e-01
8.820952773094177246e-01,3.574115991592407227e+00,5.248895287513732910e-01
4.909766316413879395e-01,4.297968864440917969e+00,3.754879534244537354e-01
1.873448789119720459e-01,1.593289017677307129e+00,9.152305126190185547e-02
8.384679555892944336e-01,8.018507957458496094e-01,6.705774664878845215e-01
8.136956691741943359e-01,1.128862977027893066e+00,6.369283795356750488e-02
2.622464895248413086e-01,2.915884971618652344e+00,2.734138369560241699e-01
9.526780843734741211e-01,2.330105066299438477e+00,8.791579604148864746e-01
6.084856390953063965e-01,4.147850573062896729e-01,5.723149701952934265e-02
4.978663921356201172e-01,3.896392822265625000e+00,9.574682712554931641e-01
2.979312241077423096e-01,3.737795591354370117e+00,4.323613345623016357e-01
9.367391467094421387e-02,3.433025360107421875e+00,4.900527596473693848e-01
4.800562560558319092e-02,2.577429294586181641e+00,4.630311429500579834e-01
7.912765741348266602e-01,4.809209346771240234e+00,3.262507021427154541e-01
8.673316240310668945e-01,2.409326732158660889e-01,9.165472984313964844e-01
2.594096027314662933e-02,1.233833909034729004e+00,2.768399119377136230e-01
3.252560496330261230e-01,4.629746675491333008e-01,7.250992059707641602e-01
2.408888377249240875e-02,9.672865867614746094e-01,8.248131871223449707e-01
6.059532761573791504e-01,3.954001903533935547e+00,9.203904271125793457e-01
3.312858194112777710e-02,1.092343211174011230e+00,3.766785860061645508e-01
9.541823863983154297e-01,3.446760654449462891e+00,9.631533026695251465e-01
5.259509086608886719e-01,1.987655878067016602e+00,7.570436596870422363e-01
9.309344887733459473e-01,1.571378827095031738e+00,9.643288850784301758e-01
9.994997978210449219e-01,1.509940624237060547e+00,9.819493293762207031e-01
6.247500181198120117e-01,1.028867214918136597e-01,6.353954672813415527e-01
2.744790017604827881e-01,9.509064555168151855e-01,1.122132316231727600e-01
6.187883019447326660e-01,4.693253993988037109e+00,3.190076053142547607e-01
7.786697149276733398e-01,2.862502813339233398e+00,2.375162541866302490e-01
2.108698152005672455e-02,4.676704108715057373e-01,6.612364053726196289e-01
3.979574143886566162e-01,2.076133191585540771e-01,4.522375762462615967e-01
5.261536836624145508e-01,2.108452320098876953e+00,9.534953236579895020e-01
1.198884216137230396e-03,4.470575332641601562e+00,9.521217942237854004e-01
7.386186718940734863e-01,3.784272432327270508e+00,5.966919064521789551e-01
5.068821907043457031e-01,1.027890920639038086e+00,9.298104643821716309e-01
4.930191338062286377e-01,1.001465559005737305e+00,6.533143520355224609e-01
7.535970807075500488e-01,8.149804472923278809e-01,5.598435401916503906e-01
7.200441360473632812e-01,4.397397041320800781e+00,8.245915770530700684e-01
9.582685828208923340e-01,2.386258602142333984e+00,1.407976001501083374e-01
3.891305923461914062e-01,7.559981346130371094e-01,5.697028711438179016e-03
7.318545579910278320e-01,2.340593576431274414e+00,5.387388467788696289e-01
4.159513413906097412e-01,7.469820976257324219e-01,4.006539583206176758e-01
4.301495850086212158e-01,3.188946723937988281e+00,1.870040595531463623e-01
3.187072277069091797e-01,3.039963006973266602e+00,5.909882783889770508e-01
1.347679346799850464e-01,1.721821188926696777e+00,4.610396549105644226e-02
3.138561844825744629e-01,2.993360042572021484e+00,8.980281949043273926e-01
9.559232592582702637e-01,4.280367195606231689e-01,2.460194677114486694e-01
7.083775401115417480e-01,4.863615036010742188e+00,8.319036662578582764e-02
7.384411692619323730e-01,4.728588104248046875e+00,6.497339606285095215e-01
1.565484702587127686e-01,1.936628460884094238e+00,5.180398225784301758e-01
5.174976959824562073e-02,4.602862834930419922e+00,5.457916855812072754e-01
7.755410671234130859e-01,4.195377826690673828e+00,7.350026369094848633e-01
5.083321332931518555e-01,4.091341495513916016e+00,9.158083796501159668e-01
2.057351768016815186e-01,4.644738197326660156e+00,7.584136724472045898e-01
5.491102337837219238e-01,4.127617359161376953e+00,1.530942739918828011e-03
4.802449643611907959e-01,1.039793252944946289e+00,9.323723912239074707e-01
6.390234827995300293e-01,3.026783704757690430e+00,5.427980795502662659e-02
7.515903711318969727e-01,1.249986886978149414e+00,4.075927734375000000e-01
7.636753320693969727e-01,4.381920337677001953e+00,8.527091741561889648e-01
7.655047178268432617e-01,1.793170332908630371e+00,8.602203726768493652e-01
4.518814980983734131e-01,4.251041412353515625e+00,2.582262456417083740e-01
3.833034336566925049e-01,2.987871170043945312e+00,2.995739877223968506e-01
5.708941817283630371e-01,1.490490585565567017e-01,7.406881451606750488e-01
2.701846063137054443e-01,3.615844726562500000e+00,4.528128728270530701e-02
2.411179542541503906e-01,2.088931322097778320e+00,3.277083039283752441e-01
1.357519179582595825e-01,9.710152447223663330e-02,7.695313692092895508e-01
4.564704298973083496e-01,4.432200908660888672e+00,1.388243734836578369e-01
2.872627675533294678e-01,2.792806386947631836e+00,7.654845118522644043e-01
4.479045569896697998e-01,3.569818019866943359e+00,3.255694806575775146e-01
9.627909660339355469e-01,3.363580465316772461e+00,2.260138839483261108e-01
8.836957812309265137e-01,3.398421525955200195e+00,1.911533772945404053e-01
3.143644630908966064e-01,1.096940875053405762e+00,9.500605612993240356e-02
3.357559144496917725e-01,2.460052251815795898e+00,7.885103821754455566e-01
3.211664855480194092e-01,4.673053324222564697e-01,5.839785337448120117e-01
2.693080902099609375e-01,4.341077327728271484e+00,8.478053212165832520e-01
4.754336476325988770e-01,1.191407814621925354e-01,2.661686539649963379e-01
4.383623301982879639e-01,2.559610843658447266e+00,3.337706625461578369e-01
5.980513691902160645e-01,3.853726863861083984e+00,9.154865741729736328e-01
2.737768888473510742e-01,3.056501150131225586e+00,8.228685259819030762e-01
1.749376654624938965e-01,3.285044908523559570e+00,8.965321183204650879e-01
5.448221564292907715e-01,3.747593402862548828e+00,2.084409743547439575e-01
8.147831559181213379e-01,1.327390432357788086e+00,5.634677410125732422e-01
1.794683560729026794e-02,4.351370811462402344e+00,2.202026247978210449e-01
3.057874441146850586e-01,1.236766219139099121e+00,7.336753606796264648e-01
2.629014551639556885e-01,4.577995240688323975e-01,1.474158465862274170e-02
5.091548562049865723e-01,1.931678175926208496e+00,9.895116835832595825e-02
7.135006785392761230e-01,4.878462314605712891e+00,1.492342054843902588e-01
8.632959425449371338e-02,1.208008766174316406e+00,2.147061191499233246e-02
5.669852495193481445e-01,2.983166456222534180e+00,5.416947007179260254e-01
6.361474394798278809e-01,2.647974014282226562e+00,1.931354254484176636e-01
6.108631491661071777e-01,4.836856424808502197e-01,2.302363812923431396e-01
3.596372604370117188e-01,2.698204040527343750e+00,7.387802600860595703e-01
7.530371546745300293e-01,4.226012229919433594e+00,3.145825862884521484e-01
2.801429629325866699e-01,4.319317936897277832e-01,4.704455137252807617e-01
2.500253617763519287e-01,3.628688335418701172e+00,8.305022120475769043e-01
2.684565484523773193e-01,1.437209725379943848e+00,4.145047068595886230e-01
9.069934487342834473e-01,1.743585824966430664e+00,4.418682456016540527e-01
4.938199184834957123e-03,9.513662457466125488e-01,1.442111879587173462e-01
6.421315073966979980e-01,3.526045083999633789e+00,9.019944071769714355e-01
6.734193563461303711e-01,1.368439048528671265e-01,9.400721192359924316e-01
5.731008052825927734e-01,1.879428267478942871e+00,9.582495093345642090e-01
2.772134728729724884e-02,1.790390253067016602e+00,3.362416923046112061e-01
2.781041562557220459e-01,3.466853141784667969e+00,2.083876132965087891e-01
2.148049771785736084e-01,1.754664540290832520e+00,6.140492558479309082e-01
5.540234446525573730e-01,3.702803134918212891e+00,3.739600181579589844e-01
6.018097996711730957e-01,2.590387582778930664e+00,9.930213093757629395e-01
8.965027332305908203e-01,2.549018859863281250e+00,2.240202426910400391e-01
8.032298684120178223e-01,1.663436889648437500e+00,4.441550374031066895e-01
4.665802046656608582e-02,3.217595219612121582e-01,9.613192826509475708e-02
3.470796048641204834e-01,3.125196456909179688e+00,9.756053090095520020e-01
6.704501509666442871e-01,4.522514820098876953e+00,2.582527697086334229e-01
3.454306721687316895e-01,2.764077425003051758e+00,9.420795440673828125e-01
9.913580417633056641e-01,2.490299701690673828e+00,9.108003377914428711e-01
1.135500967502593994e-01,3.076696634292602539e+00,3.502568602561950684e-01
2.269039899110794067e-01,4.597813129425048828e+00,1.898379176855087280e-01
9.549317955970764160e-01,3.778896093368530273e+00,6.143083572387695312e-01
8.053132891654968262e-01,3.432154893875122070e+00,4.919253587722778320e-01
5.529227256774902344e-01,1.558161377906799316e+00,3.050410747528076172e-01
9.151129722595214844e-01,3.852251291275024414e+00,6.660728454589843750e-01
5.288429856300354004e-01,1.634428381919860840e+00,7.531447410583496094e-01
7.879307270050048828e-01,3.493469238281250000e+00,2.271934002637863159e-01
4.512210786342620850e-01,5.459262132644653320e-01,5.361628532409667969e-01
9.374807476997375488e-01,4.437546730041503906e-01,6.275326609611511230e-01
7.722454667091369629e-01,4.759823322296142578e+00,2.406345307826995850e-01
9.519827365875244141e-01,2.107623815536499023e-01,6.228510737419128418e-01
2.675400078296661377e-01,1.843935608863830566e+00,2.915701866149902344e-01
3.667062893509864807e-02,8.440493941307067871e-01,7.780758738517761230e-01
5.281893163919448853e-02,4.684784412384033203e+00,2.367113232612609863e-01
7.236436009407043457e-02,3.116123676300048828e+00,3.120091855525970459e-01
4.245212376117706299e-01,3.769879579544067383e+00,1.600942164659500122e-01
2.701694965362548828e-01,1.520420312881469727e+00,5.109571218490600586e-01
1.798205822706222534e-01,3.681773424148559570e+00,7.023170590400695801e-01
7.984937429428100586e-01,7.308205366134643555e-01,8.202237635850906372e-02
7.002120614051818848e-01,4.276574134826660156e+00,5.388318747282028198e-02
7.423626184463500977e-01,4.636170387268066406e+00,5.153489112854003906e-01
5.091817378997802734e-01,1.895698428153991699e+00,3.791403770446777344e-01
4.857925325632095337e-02,2.876911401748657227e+00,6.477601826190948486e-02
9.319053888320922852e-01,4.060558974742889404e-02,2.399302273988723755e-01
4.035945832729339600e-01,3.856300115585327148e+00,7.795099616050720215e-01
1.922529488801956177e-01,4.249706268310546875e-01,6.621816754341125488e-01
3.088591694831848145e-01,9.936747550964355469e-01,7.588680386543273926e-01
7.815778255462646484e-02,2.704843521118164062e+00,8.326740860939025879e-01
6.971204280853271484e-01,2.255683660507202148e+00,9.525414109230041504e-01
7.024599909782409668e-01,2.632873773574829102e+00,5.713754892349243164e-01
4.481796175241470337e-03,2.103128910064697266e+00,3.278729915618896484e-01
7.217314839363098145e-02,3.499852895736694336e+00,8.265751004219055176e-01
5.095441341400146484e-01,4.944597721099853516e+00,7.675437927246093750e-01
1.887158006429672241e-01,1.086864471435546875e+00,3.630068525671958923e-02
7.653092145919799805e-01,4.782190799713134766e+00,1.355305463075637817e-01
8.103418350219726562e-01,2.850742578506469727e+00,3.561814427375793457e-01
9.058055281639099121e-01,2.601061344146728516e+00,7.134948372840881348e-01
3.903676196932792664e-02,8.578674793243408203e-01,8.015215992927551270e-01
4.505169689655303955e-01,2.754672765731811523e+00,9.727835059165954590e-01
5.892504453659057617e-01,4.784703731536865234e+00,8.709439039230346680e-01
5.125461220741271973e-01,8.328582048416137695e-01,2.560561299324035645e-01
5.552439093589782715e-01,1.220384001731872559e+00,1.597124189138412476e-01
6.738479733467102051e-01,3.674001693725585938e+00,3.785556852817535400e-01
2.263436764478683472e-01,2.533679246902465820e+00,9.954559803009033203e-01
8.236729502677917480e-01,2.134578227996826172e+00,6.395952105522155762e-01
2.264863438904285431e-02,1.937895864248275757e-01,6.878193020820617676e-01
8.630979657173156738e-01,2.123755455017089844e+00,5.457555651664733887e-01
3.292677402496337891e-01,1.057524085044860840e+00,6.277059316635131836e-01
8.481457084417343140e-02,6.393060684204101562e-01,6.056528091430664062e-01
7.336211204528808594e-01,6.098959445953369141e-01,5.179141759872436523e-01
9.887284040451049805e-01,2.148403167724609375e+00,1.197324693202972412e-02
2.917907834053039551e-01,4.287716865539550781e+00,3.233132660388946533e-01
2.272283732891082764e-01,2.061840534210205078e+00,7.173363566398620605e-01
3.681135177612304688e-01,9.825256466865539551e-01,4.508498013019561768e-01
4.309365749359130859e-01,1.790099740028381348e-01,4.669120907783508301e-01
4.216619729995727539e-01,8.945268988609313965e-01,5.104221701622009277e-01
2.999330461025238037e-01,2.525471925735473633e+00,8.718574047088623047e-01
1.663054525852203369e-01,4.107332706451416016e+00,9.529727101325988770e-01
5.996232107281684875e-02,8.825362324714660645e-01,5.987814664840698242e-01
4.093639552593231201e-02,1.982828617095947266e+00,6.594844460487365723e-01
8.322573304176330566e-01,2.583996534347534180e+00,1.236907318234443665e-01
4.814403653144836426e-01,2.904731988906860352e+00,5.411463379859924316e-01
6.598412990570068359e-02,3.088274478912353516e+00,9.906358718872070312e-01
4.473907873034477234e-02,7.162983417510986328e-01,4.165057539939880371e-01
3.924275934696197510e-01,4.026317596435546875e+00,4.367543458938598633e-01
6.646689772605895996e-01,3.809469640254974365e-01,1.932528465986251831e-01
2.207502722740173340e-01,4.075562953948974609e+00,9.470753371715545654e-02
6.580660343170166016e-01,7.546056509017944336e-01,1.828447580337524414e-01
4.080376401543617249e-02,6.817042231559753418e-01,7.320302128791809082e-01
7.231729030609130859e-01,3.801188707351684570e+00,7.499726414680480957e-01
3.202457129955291748e-01,2.688452005386352539e+00,7.593662142753601074e-01
7.492620348930358887e-01,1.122679114341735840e+00,8.593671917915344238e-01
8.238890767097473145e-01,4.058673381805419922e+00,7.895677685737609863e-01
9.366659522056579590e-01,3.743537902832031250e+00,6.409314274787902832e-01
9.404399394989013672e-01,1.834811329841613770e+00,5.914941430091857910e-01
5.398175120353698730e-01,2.749521255493164062e+00,9.102386236190795898e-01
2.787312567234039307e-01,1.291955471038818359e+00,7.462593913078308105e-01
7.854694724082946777e-01,2.569123983383178711e+00,2.209144830703735352e-01
2.960579097270965576e-01,1.939583420753479004e+00,8.787229657173156738e-01
7.139853835105895996e-01,2.142809629440307617e-01,4.025396406650543213e-01
9.633176922798156738e-01,2.858442068099975586e+00,9.106482267379760742e-01
8.834704756736755371e-01,4.863506793975830078e+00,6.230742931365966797e-01
3.456107974052429199e-01,2.988466024398803711e+00,9.167865514755249023e-01
2.895264625549316406e-01,6.034047603607177734e-01,4.201015233993530273e-01
3.980977535247802734e-01,4.670971393585205078e+00,7.502266764640808105e-01
8.494161367416381836e-01,3.489186763763427734e+00,7.339659333229064941e-02
7.669221758842468262e-01,3.976610898971557617e+00,5.850430130958557129e-01
5.000759959220886230e-01,3.999100208282470703e+00,4.938753843307495117e-01
7.608872652053833008e-01,9.662254452705383301e-01,2.740214765071868896e-01
2.873344123363494873e-01,7.904531359672546387e-01,4.734158217906951904e-01
3.233422636985778809e-01,2.671798944473266602e+00,1.372124068439006805e-02
5.591756105422973633e-01,1.003632545471191406e+00,8.135328292846679688e-01
4.087823629379272461e-01,2.669436454772949219e+00,7.011963725090026855e-01
8.864588141441345215e-01,2.277026653289794922e+00,9.992668032646179199e-01
8.245035409927368164e-01,3.743744373321533203e+00,4.487130790948867798e-02
1.460722833871841431e-02,9.149445295333862305e-01,5.163115262985229492e-01
1.874332726001739502e-01,3.857076168060302734e-01,7.850132584571838379e-01
4.989465773105621338e-01,6.322978734970092773e-01,5.838717818260192871e-01
6.068292260169982910e-01,4.373710155487060547e+00,1.214407980442047119e-01
5.733568221330642700e-02,1.810034275054931641e+00,3.423015475273132324e-01
8.516749739646911621e-01,2.678544282913208008e+00,6.979861259460449219e-01
8.267866969108581543e-01,1.260185003280639648e+00,4.337177574634552002e-01
7.615654468536376953e-01,3.736755847930908203e+00,5.687714219093322754e-01
8.301835656166076660e-01,3.742524623870849609e+00,3.774024248123168945e-01
8.252819776535034180e-01,1.421566724777221680e+00,9.156740307807922363e-01
1.649085432291030884e-01,4.606700420379638672e+00,7.901714444160461426e-01
5.109080672264099121e-01,1.946504473686218262e+00,5.266817808151245117e-01
5.044791698455810547e-01,2.826477289199829102e+00,1.718789637088775635e-01
6.988246440887451172e-01,2.431564569473266602e+00,1.427249610424041748e-01
1.913339197635650635e-01,3.572933197021484375e+00,8.784066438674926758e-01
5.327119827270507812e-01,1.374660849571228027e+00,8.647076785564422607e-02
8.856915235519409180e-01,4.221971511840820312e+00,7.116369009017944336e-01
6.652585864067077637e-01,1.360061883926391602e+00,3.409654498100280762e-01
2.136483043432235718e-01,3.841474056243896484e+00,3.121508359909057617e-01
7.572094202041625977e-01,2.819233179092407227e+00,6.241317391395568848e-01
1.992598026990890503e-01,2.566237688064575195e+00,1.777230650186538696e-01
8.566636443138122559e-01,6.988647580146789551e-01,9.891915917396545410e-01
3.477689325809478760e-01,3.037019252777099609e+00,9.093904495239257812e-01
8.298968076705932617e-01,2.036602497100830078e+00,5.269298329949378967e-03
1.028061211109161377e-01,4.158572196960449219e+00,2.492040097713470459e-01
8.114960789680480957e-01,4.194860935211181641e+00,7.705524563789367676e-01
7.047730088233947754e-01,1.031773805618286133e+00,8.272852748632431030e-02
6.688645482063293457e-01,1.197824954986572266e+00,9.040656089782714844e-01
3.837083280086517334e-02,5.467752814292907715e-01,4.000125527381896973e-01
5.803070664405822754e-01,3.014495849609375000e+00,2.069108486175537109e-01
5.702476501464843750e-01,1.151351928710937500e+00,9.424942731857299805e-01
8.856894373893737793e-01,1.290358781814575195e+00,9.145464897155761719e-01
8.482178449630737305e-01,1.208086967468261719e+00,3.025205135345458984e-01
8.150346279144287109e-01,2.499955654144287109e+00,3.277206122875213623e-01
5.606954097747802734e-01,5.003114342689514160e-01,8.701277971267700195e-01
6.527287960052490234e-01,4.940259456634521484e+00,2.567470967769622803e-01
9.670077562332153320e-01,4.614056587219238281e+00,7.023079991340637207e-01
1.580140888690948486e-01,4.480522632598876953e+00,9.596192836761474609e-01
6.517311092466115952e-03,6.374902725219726562e-01,4.143893420696258545e-01
6.986264586448669434e-01,2.598881721496582031e+00,9.600608944892883301e-01
7.518025487661361694e-02,3.231759309768676758e+00,6.470004916191101074e-01
3.483027815818786621e-01,2.616706609725952148e+00,8.657958507537841797e-01
4.627266228199005127e-01,2.232176303863525391e+00,3.511421978473663330e-01
6.194254159927368164e-01,1.031919836997985840e+00,8.157033920288085938e-01
7.356346249580383301e-01,3.595874309539794922e-01,1.594547927379608154e-01
1.376663744449615479e-01,1.777970075607299805e+00,1.517933905124664307e-01
2.169301211833953857e-01,3.886132717132568359e+00,2.467952668666839600e-02
4.319263696670532227e-01,3.840082168579101562e+00,9.992805719375610352e-01
4.986674338579177856e-02,2.009544849395751953e+00,3.219822347164154053e-01
1.427083313465118408e-01,3.066981554031372070e+00,6.685384362936019897e-02
7.696142196655273438e-01,4.704735755920410156e+00,3.039577007293701172e-01
1.666608601808547974e-01,4.483214378356933594e+00,4.384221434593200684e-01
5.249798893928527832e-01,1.495693564414978027e+00,2.117881178855895996e-01
5.983793139457702637e-01,4.127526879310607910e-01,2.420022189617156982e-01
7.278041243553161621e-01,9.032272696495056152e-01,8.059886097908020020e-01
6.783564090728759766e-01,7.795266509056091309e-01,1.101045981049537659e-01
8.509210348129272461e-01,4.194694519042968750e+00,1.223490014672279358e-01
5.619569420814514160e-01,1.643460154533386230e+00,6.542407870292663574e-01
9.806386828422546387e-01,1.863232374191284180e+00,4.908660948276519775e-01
5.754505991935729980e-01,4.456862926483154297e+00,5.215272307395935059e-01
5.056746602058410645e-01,1.375172138214111328e+00,3.080635964870452881e-01
6.197904944419860840e-01,9.625787734985351562e-01,7.491949200630187988e-02
3.630099892616271973e-01,4.452834129333496094e+00,8.907414674758911133e-01
3.652616739273071289e-01,3.581936120986938477e+00,5.167009830474853516e-01
4.807087182998657227e-01,4.081934928894042969e+00,9.223549813032150269e-02
5.660817623138427734e-01,2.821592330932617188e+00,8.722768723964691162e-02
9.293671846389770508e-01,2.195733308792114258e+00,6.003718972206115723e-01
4.009756445884704590e-01,3.032599687576293945e-01,3.032678961753845215e-01
4.649293422698974609e-01,2.602295160293579102e+00,5.159620046615600586e-01
7.845182418823242188e-01,1.368520975112915039e+00,5.328181758522987366e-02
3.448644578456878662e-01,3.006459951400756836e+00,9.050996042788028717e-03
6.712375283241271973e-01,5.633632540702819824e-01,3.449885640293359756e-03
7.033312320709228516e-01,3.129728317260742188e+00,7.550079822540283203e-01
2.865401096642017365e-03,5.647584795951843262e-01,2.445364929735660553e-02
9.759457707405090332e-01,1.858057975769042969e+00,8.489299416542053223e-01
2.459650300443172455e-02,4.181492924690246582e-01,6.183226108551025391e-01
7.802582979202270508e-01,1.604454755783081055e+00,8.454797267913818359e-01
6.503263115882873535e-01,4.287333965301513672e+00,2.572892606258392334e-01
2.293536216020584106e-01,1.437765717506408691e+00,8.300895243883132935e-02
6.520181298255920410e-01,2.073886871337890625e+00,8.847424387931823730e-02
7.642828226089477539e-01,4.215821266174316406e+00,6.062087416648864746e-01
5.560086965560913086e-01,6.725951284170150757e-02,5.976275801658630371e-01
6.868410706520080566e-01,4.164040565490722656e+00,8.029194474220275879e-01
7.071627378463745117e-01,4.900364398956298828e+00,4.853381812572479248e-01
9.638962149620056152e-01,6.605789065361022949e-01,6.128842234611511230e-01
8.207168579101562500e-01,5.810631513595581055e-01,1.421194672584533691e-01
8.172457814216613770e-01,1.104488134384155273e+00,7.488451600074768066e-01
6.273994222283363342e-03,2.591470003128051758e+00,5.591605305671691895e-01
6.524212956428527832e-01,1.901281237602233887e+00,7.841556072235107422e-01
8.455363512039184570e-01,4.431384086608886719e+00,4.952459633350372314e-01
4.293902218341827393e-01,9.866125583648681641e-01,5.738606452941894531e-01
5.963330268859863281e-01,3.507618665695190430e+00,5.881147980690002441e-01
6.974363327026367188e-01,2.868786573410034180e+00,8.053407669067382812e-01
8.392347097396850586e-01,3.039554834365844727e+00,8.784893751144409180e-01
1.320311874151229858e-01,4.716423988342285156e+00,8.721889257431030273e-01
3.609629273414611816e-01,9.916424155235290527e-01,1.299780309200286865e-01
1.401347368955612183e-01,4.462618350982666016e+00,6.711067557334899902e-01
3.449175953865051270e-01,3.733503103256225586e+00,5.473490357398986816e-01
3.552439808845520020e-02,9.725447297096252441e-01,4.913259446620941162e-01
3.877601325511932373e-01,2.724953174591064453e+00,4.284458700567483902e-03
9.828584194183349609e-01,2.755479812622070312e+00,3.107076287269592285e-01
5.782616734504699707e-01,8.533082008361816406e-01,8.815196156501770020e-01
2.097687870264053345e-02,1.620858311653137207e+00,3.905887156724929810e-02
3.821292221546173096e-01,2.427270889282226562e+00,4.246006011962890625e-01
6.941030025482177734e-01,4.614485740661621094e+00,7.673648744821548462e-02
9.386225938796997070e-01,1.678556203842163086e+00,8.982721567153930664e-01
4.586404860019683838e-01,1.699403405189514160e+00,7.581813335418701172e-01
9.565426111221313477e-01,9.988734126091003418e-01,2.759930193424224854e-01
9.637771248817443848e-01,3.866137266159057617e+00,8.591188490390777588e-02
5.388936027884483337e-02,3.068372964859008789e+00,6.426470279693603516e-01
2.848140597343444824e-01,2.654987573623657227e+00,5.993025749921798706e-02
3.413724899291992188e-02,3.976000547409057617e+00,9.194434881210327148e-01
6.078063249588012695e-01,2.824934720993041992e-01,8.436387032270431519e-02
5.297172665596008301e-01,1.945078492164611816e+00,1.654719747602939606e-02
6.167657971382141113e-01,1.606306672096252441e+00,5.523543357849121094e-01
1.304281055927276611e-01,4.212548732757568359e+00,3.150559589266777039e-02
4.971965551376342773e-01,4.496843814849853516e+00,1.393691450357437134e-01
3.885370790958404541e-01,1.884652972221374512e+00,8.726289868354797363e-01
1.336010545492172241e-01,2.238681554794311523e+00,4.086281359195709229e-01
5.310257077217102051e-01,2.101173162460327148e+00,9.850491881370544434e-01
4.504802636802196503e-03,9.960010051727294922e-01,2.109566144645214081e-02
8.905540108680725098e-01,3.439902305603027344e+00,7.449997216463088989e-02
5.416793823242187500e-01,2.679358005523681641e+00,8.783933520317077637e-01
5.166578292846679688e-01,4.707936763763427734e+00,5.927563309669494629e-01
4.418048262596130371e-02,2.004710435867309570e-01,9.644704312086105347e-02
7.984601855278015137e-01,3.068229913711547852e+00,4.430854916572570801e-01
2.311558090150356293e-02,4.080537796020507812e+00,9.053868055343627930e-01
9.632208943367004395e-01,4.633200645446777344e+00,6.855235099792480469e-01
5.804383158683776855e-01,1.096525430679321289e+00,2.957411408424377441e-01
2.817816101014614105e-02,1.092529654502868652e+00,5.378013849258422852e-01
3.105917274951934814e-01,7.906054258346557617e-01,4.167373850941658020e-02
3.362565934658050537e-01,5.275689363479614258e-01,1.130505581386387348e-03
8.549339175224304199e-01,1.149165987968444824e+00,2.458572536706924438e-01
2.071755230426788330e-01,1.386691331863403320e+00,4.996460080146789551e-01
9.897396564483642578e-01,3.462062835693359375e+00,5.066304802894592285e-01
4.771990180015563965e-01,3.462325334548950195e+00,3.852544724941253662e-01
6.696918010711669922e-01,4.503503799438476562e+00,9.286246895790100098e-01
2.274155765771865845e-01,1.788025975227355957e+00,4.335267245769500732e-01
4.795697629451751709e-01,1.478736877441406250e+00,9.215318560600280762e-01
4.396362304687500000e-01,3.596358060836791992e+00,1.081562489271163940e-01
6.386403441429138184e-01,1.875616312026977539e-01,8.472692966461181641e-02
3.408567309379577637e-01,4.695005893707275391e+00,7.447163462638854980e-01
7.646901011466979980e-01,3.557478666305541992e+00,2.326666116714477539e-01
7.364736199378967285e-01,3.687618970870971680e+00,6.221258640289306641e-01
3.881444036960601807e-01,3.875405311584472656e+00,1.515224725008010864e-01
2.359210550785064697e-01,3.133213520050048828e+00,2.001199722290039062e-01
3.157055377960205078e-01,1.863315343856811523e+00,1.324964016675949097e-01
7.713825106620788574e-01,4.792967319488525391e+00,3.054179847240447998e-01
6.130124926567077637e-01,3.202372193336486816e-01,2.008653730154037476e-01
4.187056329101324081e-03,1.724834799766540527e+00,2.370756417512893677e-01
6.231359764933586121e-02,1.277058959007263184e+00,1.073976904153823853e-01
7.260866761207580566e-01,3.448743581771850586e+00,6.590136289596557617e-01
8.263597488403320312e-01,2.947931736707687378e-02,5.832182168960571289e-01
7.916557788848876953e-01,3.427423000335693359e+00,1.920727342367172241e-01
8.146126270294189453e-01,3.272717714309692383e+00,5.472440719604492188e-01
5.697444081306457520e-01,2.550085544586181641e+00,9.783583283424377441e-01
2.660853862762451172e-01,1.900074839591979980e+00,9.054786562919616699e-01
9.513368606567382812e-01,1.033097505569458008e+00,3.671853616833686829e-02
1.279684752225875854e-01,3.373388051986694336e+00,9.222096204757690430e-01
7.859972119331359863e-01,1.664810657501220703e+00,4.695450365543365479e-01
5.875352025032043457e-01,3.876272916793823242e+00,1.306038647890090942e-01
5.011084675788879395e-01,3.520563840866088867e+00,2.481698393821716309e-01
4.713644981384277344e-01,4.876536130905151367e-01,7.518861889839172363e-01
1.138054654002189636e-01,3.313406229019165039e+00,8.439826369285583496e-01
4.814470708370208740e-01,3.489497661590576172e+00,2.234165370464324951e-01
2.564249336719512939e-01,2.693081617355346680e+00,7.039254903793334961e-01
1.724308878183364868e-01,3.100413322448730469e+00,6.929241865873336792e-02
9.189189672470092773e-01,1.905582249164581299e-01,7.169748544692993164e-01
1.670770049095153809e-01,2.419823408126831055e+00,7.666934132575988770e-01
8.022934943437576294e-02,3.682409763336181641e+00,2.843996584415435791e-01
5.568906068801879883e-01,3.793132543563842773e+00,2.532756030559539795e-01
3.317894041538238525e-01,4.598523139953613281e+00,2.481935620307922363e-01
3.424106538295745850e-01,4.383865833282470703e+00,2.107217162847518921e-01
8.844273090362548828e-01,4.578695774078369141e+00,4.186081588268280029e-01
6.171055883169174194e-02,4.255922436714172363e-01,1.166150718927383423e-01
8.948645591735839844e-01,3.089638233184814453e+00,3.576982319355010986e-01
7.009597420692443848e-01,9.012957215309143066e-01,5.656277537345886230e-01
3.866629898548126221e-01,4.767738819122314453e+00,3.540324792265892029e-02
4.638060331344604492e-01,1.298420131206512451e-02,3.411612212657928467e-01
3.548863828182220459e-01,4.432420432567596436e-01,2.247667871415615082e-02
2.476124837994575500e-02,6.726981997489929199e-01,9.673142433166503906e-02
8.110904097557067871e-01,1.143244743347167969e+00,5.931721925735473633e-01
1.678847372531890869e-01,2.202000617980957031e+00,2.564854621887207031e-01
4.489874541759490967e-01,3.123795986175537109e+00,4.070054292678833008e-01
2.051389813423156738e-01,4.174119949340820312e+00,1.710612028837203979e-01
2.291716188192367554e-01,4.293048858642578125e+00,2.586486041545867920e-01
8.653426170349121094e-01,2.180905818939208984e+00,7.685621380805969238e-01
7.434096932411193848e-01,4.597200870513916016e+00,5.594443678855895996e-01
6.192750930786132812e-01,9.419420361518859863e-01,4.708563089370727539e-01
5.382890254259109497e-02,3.576023817062377930e+00,9.118156433105468750e-01
9.749194383621215820e-01,4.358018338680267334e-01,3.469308316707611084e-01
3.754091560840606689e-01,3.370508193969726562e+00,9.481379985809326172e-01
7.213958501815795898e-01,7.840716838836669922e-01,2.672859430313110352e-01
5.157015919685363770e-01,9.921464920043945312e-01,3.184494674205780029e-01
5.276624560356140137e-01,1.013909220695495605e+00,6.991508603096008301e-01
7.113093733787536621e-01,1.198389083147048950e-01,1.082527488470077515e-01
3.428319841623306274e-02,2.276183843612670898e+00,6.781618595123291016e-01
6.984529495239257812e-01,7.959814071655273438e-01,2.257784903049468994e-01
2.974292822182178497e-02,4.438158124685287476e-02,8.510043621063232422e-01
8.256700038909912109e-01,2.800060510635375977e+00,3.059576749801635742e-01
4.161558449268341064e-01,4.599324703216552734e+00,2.320206910371780396e-01
9.354526400566101074e-01,2.449889659881591797e+00,4.978310763835906982e-01
4.142068028450012207e-01,2.351044416427612305e+00,3.378120362758636475e-01
2.962629199028015137e-01,3.841057062149047852e+00,2.076645940542221069e-01
7.156860232353210449e-01,1.270969986915588379e+00,5.232191085815429688e-01
3.193379938602447510e-01,8.627647757530212402e-01,1.559156030416488647e-01
6.879013776779174805e-01,2.013328790664672852e+00,6.887869834899902344e-01
8.070420622825622559e-01,3.120913505554199219e+00,4.968664143234491348e-04
7.972037196159362793e-01,2.871635437011718750e+00,4.992909133434295654e-01
3.999570310115814209e-01,2.896271228790283203e+00,8.380403518676757812e-01
2.227271646261215210e-01,3.869948387145996094e-01,4.339650869369506836e-01
1.069663316011428833e-01,5.474321842193603516e-01,4.299124479293823242e-01
3.945400714874267578e-01,1.065824627876281738e+00,8.409034013748168945e-01
1.994727551937103271e-01,4.500322818756103516e+00,3.081579208374023438e-01
3.951465487480163574e-01,3.810436725616455078e+00,5.829431414604187012e-01
2.730866335332393646e-02,7.215694189071655273e-01,7.941130399703979492e-01
8.194532990455627441e-01,9.126649498939514160e-01,1.662566959857940674e-01
8.992214798927307129e-01,1.598546504974365234e+00,9.047502875328063965e-01
7.153455615043640137e-01,3.119206905364990234e+00,2.239700704813003540e-01
2.586252391338348389e-01,4.995326995849609375e-01,4.317344725131988525e-01
2.522998452186584473e-01,2.046790361404418945e+00,5.624666810035705566e-01
5.421897768974304199e-01,5.442512631416320801e-01,2.637763917446136475e-01
3.553676605224609375e-01,8.044391870498657227e-01,8.518653512001037598e-01
7.773475646972656250e-01,2.435445547103881836e+00,5.702763199806213379e-01
7.049995660781860352e-01,2.195490360260009766e+00,6.875534057617187500e-01
1.453380286693572998e-01,1.935560584068298340e+00,4.455319941043853760e-01
4.008415043354034424e-01,7.454407215118408203e-01,2.128600180149078369e-01
3.853023052215576172e-01,2.981154203414916992e+00,3.028430938720703125e-01
1.746093779802322388e-01,2.136324167251586914e+00,9.576314687728881836e-01
3.632687032222747803e-01,3.282671928405761719e+00,9.118500947952270508e-01
2.181279957294464111e-01,3.809355020523071289e+00,1.869145482778549194e-01
9.916498661041259766e-01,4.013569831848144531e+00,7.040074467658996582e-01
3.337956964969635010e-01,3.683252334594726562e+00,1.129424795508384705e-01
5.326958894729614258e-01,1.087723493576049805e+00,2.534377574920654297e-01
2.126473337411880493e-01,8.267215490341186523e-01,3.710170686244964600e-01
2.738118469715118408e-01,4.959569931030273438e+00,5.743865370750427246e-01
9.819164276123046875e-01,1.459832549095153809e+00,4.418309926986694336e-01
4.022437036037445068e-01,1.794612407684326172e+00,7.410836815834045410e-01
2.366235405206680298e-01,1.484271526336669922e+00,5.386754870414733887e-01
9.041817188262939453e-01,2.266400814056396484e+00,1.829920858144760132e-01
6.813276410102844238e-01,1.105958223342895508e+00,8.326134085655212402e-02
6.056277155876159668e-01,4.493487179279327393e-01,5.900722742080688477e-01
3.801533579826354980e-01,2.285557031631469727e+00,3.428014218807220459e-01
3.582735732197761536e-02,2.635044574737548828e+00,8.090519695542752743e-04
2.405733764171600342e-01,2.820951461791992188e+00,9.767711162567138672e-02
1.156692877411842346e-01,1.495245337486267090e+00,1.821290999650955200e-01
2.975617051124572754e-01,4.818931221961975098e-01,5.285649299621582031e-01
3.891832530498504639e-01,4.442774876952171326e-02,5.634217858314514160e-01
8.962262272834777832e-01,2.695327520370483398e+00,8.364589214324951172e-01
8.995895981788635254e-01,4.863449096679687500e+00,5.935478210449218750e-01
8.334826827049255371e-01,4.411082267761230469e+00,7.535896301269531250e-01
2.789500653743743896e-01,2.329481124877929688e+00,2.201880067586898804e-01
6.689239144325256348e-01,4.665812015533447266e+00,7.311155796051025391e-01
2.003728300333023071e-01,2.335149288177490234e+00,9.294540882110595703e-01
5.205196738243103027e-01,3.580404758453369141e+00,7.486891746520996094e-01
9.040765762329101562e-01,3.866478204727172852e-01,5.869157910346984863e-01
3.668965995311737061e-01,2.723869085311889648e+00,7.279925346374511719e-01
1.494851261377334595e-01,1.242076039314270020e+00,5.140516161918640137e-01
8.013187646865844727e-01,8.851699829101562500e-01,4.555887579917907715e-01
6.673771739006042480e-01,1.656813263893127441e+00,4.248645603656768799e-01
2.582068443298339844e-01,1.946646213531494141e+00,1.838365793228149414e-01
4.221199452877044678e-01,3.612440586090087891e+00,3.673335015773773193e-01
9.127720259130001068e-03,1.626086235046386719e+00,6.362847238779067993e-02
7.594492435455322266e-01,8.567551970481872559e-01,4.766731560230255127e-01
5.614019036293029785e-01,2.915838956832885742e+00,4.981722831726074219e-01
5.296337604522705078e-02,3.934296846389770508e+00,1.468165218830108643e-01
1.586295813322067261e-01,3.244830131530761719e+00,7.346597313880920410e-01
1.345903426408767700e-01,3.437598705291748047e+00,5.802927017211914062e-01
2.974172532558441162e-01,1.262248754501342773e+00,2.543499767780303955e-01
7.377733588218688965e-01,4.833800315856933594e+00,2.527576684951782227e-01
8.755398988723754883e-01,1.361840724945068359e+00,5.654993653297424316e-01
3.338310718536376953e-01,6.942086815834045410e-01,3.068310022354125977e-01
3.917557299137115479e-01,6.037852168083190918e-01,7.058143019676208496e-01
8.391219377517700195e-01,3.778963387012481689e-01,4.439353048801422119e-01
7.874438762664794922e-01,1.519477367401123047e+00,6.065157055854797363e-01
3.144847452640533447e-01,2.279532194137573242e+00,3.389355242252349854e-01
9.198920726776123047e-01,4.460922718048095703e+00,7.020018100738525391e-01
5.362426638603210449e-01,2.092342615127563477e+00,8.288950920104980469e-01
3.858806192874908447e-02,2.865083694458007812e+00,8.098466992378234863e-01
7.588776350021362305e-01,3.075685501098632812e+00,8.506736755371093750e-01
6.691155433654785156e-01,2.672140121459960938e+00,7.684986591339111328e-01
6.264517456293106079e-02,4.498237609863281250e+00,5.654742717742919922e-01
5.973141193389892578e-01,1.235594868659973145e+00,5.431212186813354492e-01
4.523351788520812988e-02,1.139159440994262695e+00,5.173536539077758789e-01
6.515157222747802734e-02,2.197872161865234375e+00,8.124792575836181641e-01
6.552319526672363281e-01,9.735733270645141602e-01,6.810547709465026855e-01
3.052792251110076904e-01,2.959543704986572266e+00,7.098463177680969238e-02
3.625986352562904358e-02,2.411114931106567383e+00,6.665475964546203613e-01
6.917359232902526855e-01,1.078343152999877930e+00,3.315684497356414795e-01
3.491788506507873535e-01,7.400897741317749023e-01,8.452380299568176270e-01
6.695452928543090820e-01,4.012867212295532227e-01,4.189341366291046143e-01
3.430978655815124512e-01,1.225345015525817871e+00,9.001415371894836426e-01
1.353770196437835693e-01,4.012577533721923828e-01,6.510834693908691406e-01
2.321123480796813965e-01,1.404298305511474609e+00,5.574726462364196777e-01
6.703037023544311523e-01,3.483248949050903320e+00,2.939068078994750977e-01
5.997256636619567871e-01,9.270665049552917480e-01,7.252520322799682617e-01
4.733175635337829590e-01,2.893923759460449219e+00,6.265900731086730957e-01
5.148208141326904297e-01,2.173509895801544189e-01,8.790852427482604980e-01
3.118240237236022949e-01,1.129693746566772461e+00,3.676919043064117432e-01
4.829581975936889648e-01,3.209400415420532227e+00,4.481903016567230225e-01
6.705483794212341309e-02,1.495434343814849854e-01,2.973502278327941895e-01
1.646095216274261475e-01,4.956200122833251953e+00,3.725741505622863770e-01
8.905036449432373047e-01,3.299582719802856445e+00,1.848125904798507690e-01
6.079962849617004395e-01,1.900633424520492554e-01,6.169349551200866699e-01
2.009310387074947357e-02,6.748687624931335449e-01,9.047312140464782715e-01
1.272561550140380859e-01,3.235987901687622070e+00,6.797289848327636719e-01
3.241930305957794189e-01,4.771986961364746094e+00,7.368741631507873535e-01
4.266840592026710510e-02,2.645537376403808594e+00,6.495311260223388672e-01
9.603137373924255371e-01,3.475877523422241211e+00,8.456889390945434570e-01
8.596780896186828613e-01,3.308285236358642578e+00,1.119062900543212891e-01
5.064070820808410645e-01,1.243105053901672363e+00,8.790054172277450562e-02
2.462813816964626312e-02,3.689467668533325195e+00,4.242402017116546631e-01
2.971599102020263672e-01,1.541710495948791504e+00,8.750671744346618652e-01
4.500537514686584473e-01,1.542807459831237793e+00,5.866261720657348633e-01
7.783879041671752930e-01,2.450158834457397461e+00,6.271737217903137207e-01
4.244825839996337891e-01,1.886672139167785645e+00,1.260655820369720459e-01
8.752297163009643555e-01,1.106383651494979858e-01,7.427519559860229492e-01
5.846599340438842773e-01,3.246622323989868164e+00,7.446723580360412598e-01
5.766817927360534668e-01,2.903583288192749023e+00,8.235374093055725098e-01
9.142372012138366699e-01,9.992986321449279785e-01,8.561536073684692383e-01
3.617074787616729736e-01,2.921761989593505859e+00,2.681544125080108643e-01
5.006483793258666992e-01,3.365447998046875000e+00,2.698332667350769043e-01
7.460863590240478516e-01,3.169444799423217773e+00,6.095511317253112793e-01
8.507311940193176270e-01,1.858948111534118652e+00,2.137823775410652161e-02
8.233745098114013672e-01,7.135003805160522461e-01,3.666355609893798828e-01
1.193314641714096069e-01,6.296031475067138672e-01,6.708793342113494873e-02
8.466025590896606445e-01,2.244383096694946289e+00,6.490463614463806152e-01
7.492132782936096191e-01,3.585378453135490417e-02,6.233903169631958008e-01
4.503938555717468262e-01,3.984316110610961914e+00,8.162520527839660645e-01
5.919610261917114258e-01,1.411040544509887695e+00,9.385840296745300293e-01
5.643957853317260742e-01,1.898334383964538574e+00,8.597323894500732422e-01
4.630600214004516602e-01,2.283958196640014648e+00,5.368140935897827148e-01
1.237430050969123840e-01,1.417233049869537354e-01,3.189525902271270752e-01
4.707379639148712158e-01,4.966288566589355469e+00,6.286613345146179199e-01
7.171775698661804199e-01,1.187892198562622070e+00,1.555579900741577148e-01
7.425308823585510254e-01,4.506795480847358704e-02,5.713309645652770996e-01
3.666203022003173828e-01,2.962388992309570312e+00,2.945255637168884277e-01
3.199508190155029297e-01,3.033364295959472656e+00,1.455652564764022827e-01
1.784288138151168823e-01,3.069707870483398438e+00,6.716482043266296387e-01
6.055426597595214844e-02,9.339521080255508423e-02,5.811570882797241211e-01
2.390037477016448975e-01,1.004676699638366699e+00,2.747990787029266357e-01
4.312196746468544006e-02,2.617963552474975586e+00,8.030209541320800781e-01
6.019151210784912109e-01,1.622177124023437500e+00,8.403500914573669434e-01
9.132184833288192749e-02,5.938231572508811951e-02,7.747728824615478516e-01
5.781624913215637207e-01,1.281990766525268555e+00,4.613401889801025391e-01
5.524667501449584961e-01,2.139746904373168945e+00,5.821469426155090332e-01
9.727796912193298340e-01,3.426822185516357422e+00,1.147919446229934692e-01
9.858651757240295410e-01,1.698828577995300293e+00,8.239207863807678223e-01
4.280099868774414062e-01,4.181195259094238281e+00,8.240885734558105469e-01
9.444216489791870117e-01,2.155429601669311523e+00,7.698772549629211426e-01
5.814840197563171387e-01,3.224734783172607422e+00,2.059859037399291992e-02
2.522672340273857117e-02,6.009368300437927246e-01,9.655104875564575195e-01
3.546041250228881836e-01,2.508095026016235352e+00,1.225353851914405823e-01
1.251086294651031494e-01,8.331159353256225586e-01,5.940096378326416016e-01
8.943273425102233887e-01,2.055811166763305664e+00,5.319685339927673340e-01
2.741308808326721191e-01,1.856524199247360229e-01,7.113997340202331543e-01
6.304434537887573242e-01,2.985988378524780273e+00,1.063003093004226685e-01
7.237918972969055176e-01,2.954508543014526367e+00,8.228647708892822266e-01
3.745076805353164673e-02,4.461115598678588867e-01,7.345548272132873535e-01
2.314251214265823364e-01,1.572840094566345215e+00,6.311922073364257812e-01
8.382990956306457520e-01,4.447236537933349609e+00,1.582405269145965576e-01
5.058097839355468750e-01,1.389568328857421875e+00,5.457292795181274414e-01
7.311882376670837402e-01,2.437001943588256836e+00,2.048591822385787964e-01
2.161680459976196289e-01,4.315184950828552246e-01,5.810147523880004883e-01
9.523443132638931274e-02,1.492293030023574829e-01,5.901665687561035156e-01
4.477819800376892090e-01,2.844576120376586914e+00,4.594268798828125000e-01
5.134913921356201172e-01,4.480110704898834229e-01,9.511846303939819336e-01
9.508323669433593750e-01,4.997703433036804199e-01,4.321319162845611572e-01
8.678685128688812256e-02,1.037001967430114746e+00,5.190038681030273438e-01
8.242362737655639648e-01,8.087867498397827148e-01,4.180559217929840088e-01
8.643112182617187500e-01,4.340442180633544922e+00,2.154571413993835449e-01
8.228834867477416992e-01,2.090637207031250000e+00,4.144388735294342041e-01
8.052223920822143555e-02,3.696040630340576172e+00,6.621158123016357422e-01
2.051630914211273193e-01,3.407834053039550781e+00,2.941438853740692139e-01
2.564866542816162109e-01,4.614769935607910156e+00,6.715036034584045410e-01
6.729758977890014648e-01,3.576803922653198242e+00,6.354431062936782837e-02
3.541138768196105957e-01,4.784905433654785156e+00,8.341863751411437988e-01
5.224372819066047668e-02,3.684781312942504883e+00,7.381732463836669922e-01
9.796336293220520020e-01,8.604630827903747559e-01,4.863758981227874756e-01
2.761697173118591309e-01,2.320695400238037109e+00,3.675103485584259033e-01
4.916048049926757812e-01,4.023712635040283203e+00,5.019530653953552246e-01
2.069326490163803101e-02,4.880253314971923828e+00,6.727036237716674805e-01
5.114458203315734863e-01,1.555620282888412476e-01,4.216645359992980957e-01
8.038549423217773438e-01,4.442038536071777344e+00,4.053952172398567200e-02
5.619389414787292480e-01,3.197476387023925781e+00,9.194056391716003418e-01
6.843924522399902344e-03,2.692841053009033203e+00,3.394122123718261719e-01
1.118896380066871643e-01,4.345802783966064453e+00,2.597732543945312500e-01
1.208384409546852112e-01,3.293112516403198242e+00,3.820969462394714355e-01
7.372326850891113281e-01,2.672213792800903320e+00,1.098018139600753784e-01
8.640719056129455566e-01,1.540856361389160156e+00,5.935971736907958984e-01
7.679005265235900879e-01,3.698601245880126953e+00,7.986125349998474121e-01
5.601589679718017578e-01,4.126889228820800781e+00,6.809716224670410156e-01
1.547826975584030151e-01,4.448761940002441406e+00,4.993381500244140625e-01
4.807643890380859375e-01,4.252786636352539062e+00,3.946110010147094727e-01
9.480533003807067871e-01,1.541905045509338379e+00,7.343987226486206055e-01
7.208951283246278763e-03,8.680090904235839844e-01,5.937156081199645996e-01
1.736132800579071045e-02,1.640469074249267578e+00,3.821250796318054199e-02
9.617417454719543457e-01,3.745769500732421875e+00,5.603910684585571289e-01
4.423171281814575195e-01,1.741805553436279297e+00,2.430453747510910034e-01
3.539339900016784668e-01,6.955478787422180176e-01,6.081165000796318054e-02
6.530844569206237793e-01,1.270804047584533691e+00,4.655010998249053955e-01
2.219559997320175171e-01,3.389998674392700195e+00,5.667093992233276367e-01
6.734120845794677734e-01,4.626052379608154297e+00,4.347937405109405518e-01
6.116032004356384277e-01,3.145113229751586914e+00,2.691406309604644775e-01
2.440859675407409668e-01,4.448537349700927734e+00,2.620840668678283691e-01
1.388892233371734619e-01,4.916668415069580078e+00,8.685767054557800293e-01
7.569577097892761230e-01,4.361312866210937500e+00,7.693962454795837402e-01
6.261720508337020874e-02,3.243906021118164062e+00,5.066925287246704102e-01
4.754134118556976318e-01,1.992993205785751343e-01,3.034338653087615967e-01
1.943109929561614990e-01,9.595007449388504028e-02,7.928365468978881836e-01
7.193060517311096191e-01,2.146848440170288086e+00,5.819007754325866699e-01
7.103703022003173828e-01,1.561720818281173706e-01,7.357717156410217285e-01
9.559665322303771973e-01,3.724784374237060547e+00,9.753253459930419922e-01
9.307170510292053223e-01,2.792567491531372070e+00,1.749097853899002075e-01
8.586219549179077148e-01,1.163108229637145996e+00,5.438600182533264160e-01
6.532259583473205566e-01,2.975056171417236328e-01,8.262184262275695801e-02
2.200069874525070190e-01,4.231680631637573242e-01,6.456113457679748535e-01
8.235514163970947266e-02,4.327770233154296875e+00,9.299291372299194336e-01
7.656013965606689453e-01,1.956740736961364746e+00,9.390490651130676270e-01
7.524164319038391113e-01,4.596940517425537109e+00,2.743495702743530273e-01
9.247129559516906738e-01,3.577641248703002930e+00,9.869403243064880371e-01
2.477828860282897949e-01,2.253249585628509521e-01,2.442277781665325165e-02
6.903979182243347168e-01,3.330887079238891602e+00,9.428576380014419556e-02
6.616912484169006348e-01,9.143849015235900879e-01,4.215921163558959961e-01
1.983400136232376099e-01,3.627530574798583984e+00,3.215831518173217773e-01
9.692094922065734863e-01,3.654052019119262695e+00,8.456712365150451660e-01
6.035397052764892578e-01,3.345144510269165039e+00,6.733705401420593262e-01
9.041731357574462891e-01,7.605428099632263184e-01,4.923792481422424316e-01
8.939092159271240234e-01,1.070431470870971680e+00,8.882181644439697266e-01
5.687448754906654358e-02,4.122320711612701416e-01,6.276770234107971191e-01
4.284329712390899658e-01,4.734467506408691406e+00,6.644168496131896973e-01
2.132298946380615234e-01,1.638554811477661133e+00,6.154219508171081543e-01
7.633768916130065918e-01,8.292847871780395508e-01,6.198173165321350098e-01
2.241663485765457153e-01,4.171221256256103516e+00,9.489048123359680176e-01
6.369930505752563477e-01,4.184147357940673828e+00,4.553047418594360352e-01
8.637959361076354980e-01,2.338868618011474609e+00,6.047599911689758301e-01
2.377384155988693237e-02,5.015257000923156738e-01,2.695096731185913086e-01
8.621458411216735840e-01,2.307539463043212891e+00,1.983504742383956909e-01
5.634509325027465820e-01,1.327970504760742188e+00,4.388709962368011475e-01
9.092343449592590332e-01,4.724514007568359375e+00,8.924489021301269531e-01
7.055509686470031738e-01,3.029070615768432617e+00,6.970500349998474121e-01
9.518482089042663574e-01,3.934936821460723877e-01,7.222893238067626953e-01
1.860078573226928711e-01,2.220011711120605469e+00,3.484838008880615234e-01
9.388654828071594238e-01,1.946590900421142578e+00,9.369826316833496094e-01
2.906707115471363068e-02,6.558276414871215820e-01,4.884553551673889160e-01
3.459328114986419678e-01,2.816951274871826172e+00,7.854686975479125977e-01
5.176969170570373535e-01,7.799132466316223145e-01,4.388700127601623535e-01
6.751531958580017090e-01,4.939116477966308594e+00,7.849549651145935059e-01
3.844595253467559814e-01,5.287113189697265625e-01,6.759933233261108398e-01
6.558868288993835449e-01,2.383845806121826172e+00,6.252662539482116699e-01
6.185693740844726562e-01,2.722729682922363281e+00,7.016131877899169922e-01
1.927716284990310669e-01,4.933308124542236328e+00,4.334874749183654785e-01
4.175831675529479980e-01,5.162235498428344727e-01,6.871209144592285156e-01
5.227078795433044434e-01,3.032426595687866211e+00,3.588240742683410645e-01
2.537785470485687256e-01,4.420413017272949219e+00,2.440975904464721680e-01
9.179648756980895996e-01,3.277672529220581055e+00,3.625301718711853027e-01
1.811495274305343628e-01,1.213515758514404297e+00,1.039442643523216248e-01
6.610947847366333008e-01,2.291952848434448242e+00,6.894158720970153809e-01
9.662877917289733887e-01,3.120264053344726562e+00,2.444438487291336060e-01
7.345453500747680664e-01,1.334630846977233887e+00,3.055966794490814209e-01
7.401091456413269043e-01,2.553421974182128906e+00,9.471856951713562012e-01
2.184413671493530273e-01,1.554462313652038574e+00,1.477954350411891937e-02
8.112195730209350586e-01,6.017890945076942444e-02,9.121377468109130859e-01
1.000031307339668274e-01,9.216825366020202637e-01,2.134010754525661469e-02
7.219146937131881714e-02,2.418782949447631836e+00,6.621403694152832031e-01
2.281424105167388916e-01,4.001874446868896484e+00,4.293113481253385544e-03
3.552134633064270020e-01,4.688737392425537109e+00,3.979209363460540771e-01
9.330019354820251465e-01,4.144799709320068359e+00,6.631398200988769531e-02
9.989137947559356689e-02,4.017333984375000000e+00,5.682836845517158508e-02
8.156539797782897949e-01,2.651240348815917969e+00,8.919567465782165527e-01
5.925735831260681152e-01,1.376464009284973145e+00,5.710562467575073242e-01
9.945941567420959473e-01,2.492350339889526367e+00,2.592743933200836182e-01
2.622485458850860596e-01,1.375421762466430664e+00,5.803862214088439941e-01
8.895826339721679688e-01,2.811754226684570312e+00,7.241472005844116211e-01
5.382975339889526367e-01,3.935996294021606445e+00,3.924691379070281982e-01
4.354168474674224854e-01,3.396604582667350769e-02,9.696159511804580688e-02
7.584174275398254395e-01,1.872320055961608887e+00,6.702511310577392578e-01
3.323914408683776855e-01,2.825441360473632812e+00,9.523643851280212402e-01
8.935769200325012207e-01,1.221562027931213379e+00,8.396125584840774536e-02
6.723917126655578613e-01,1.930458903312683105e+00,6.197680830955505371e-01
9.434289336204528809e-01,9.249026328325271606e-02,6.127691864967346191e-01
7.723785042762756348e-01,1.630199432373046875e+00,9.666125178337097168e-01
4.013373851776123047e-01,4.002548456192016602e-01,1.584901958703994751e-01
9.645153880119323730e-01,3.416110575199127197e-01,3.058236241340637207e-01
1.846904121339321136e-02,1.547299921512603760e-01,3.580855727195739746e-01
7.567008137702941895e-01,2.339888095855712891e+00,4.792689085006713867e-01
6.347304582595825195e-01,3.651866674423217773e+00,4.901331067085266113e-01
6.083626151084899902e-01,1.160598635673522949e+00,9.536431431770324707e-01
8.370730280876159668e-02,7.060799002647399902e-01,1.011756211519241333e-01
8.734453916549682617e-01,1.910917639732360840e+00,5.057843923568725586e-01
4.375706017017364502e-01,2.458642005920410156e+00,3.807896375656127930e-01
8.614523410797119141e-01,2.070554494857788086e+00,5.241817831993103027e-01
7.088729143142700195e-01,6.276123523712158203e-01,6.129216551780700684e-01
2.967356471344828606e-03,1.172551751136779785e+00,3.004346191883087158e-01
4.618455469608306885e-01,2.646820545196533203e+00,5.695256870239973068e-03
6.176343560218811035e-01,1.294298410415649414e+00,5.897703766822814941e-01
3.365628719329833984e-01,8.815198540687561035e-01,5.567714571952819824e-01
1.666133105754852295e-01,4.272241115570068359e+00,8.258036375045776367e-01
5.033099651336669922e-01,1.280452132225036621e+00,7.877530157566070557e-02
9.835148453712463379e-01,1.354194045066833496e+00,3.227448165416717529e-01
2.568805515766143799e-01,4.726050198078155518e-01,8.397371768951416016e-01
3.026184737682342529e-01,4.397014617919921875e+00,8.375342488288879395e-01
6.533785462379455566e-01,1.467758297920227051e+00,5.907813459634780884e-02
2.442543953657150269e-01,5.193223953247070312e-01,1.741278469562530518e-01
3.173669874668121338e-01,1.033544182777404785e+00,7.066940069198608398e-01
2.633931040763854980e-01,3.999961853027343750e+00,2.672004513442516327e-02
7.502682805061340332e-01,3.498081684112548828e+00,8.190550804138183594e-01
1.945354193449020386e-01,3.044461250305175781e+00,5.691711902618408203e-01
9.965820312500000000e-01,2.265743732452392578e+00,8.794185519218444824e-01
4.005809724330902100e-01,2.040364779531955719e-02,2.734610438346862793e-01
9.395527243614196777e-01,5.966391786932945251e-02,7.945907115936279297e-01
4.505597949028015137e-01,7.161021232604980469e-01,3.272478580474853516e-01
8.018164634704589844e-01,4.236021041870117188e+00,3.581536933779716492e-02
4.331916570663452148e-01,4.330001831054687500e+00,9.553329944610595703e-01
8.514959216117858887e-01,2.911725997924804688e+00,5.532448291778564453e-01
5.167390108108520508e-01,2.286275863647460938e+00,9.906045198440551758e-01
5.410268902778625488e-02,4.626992225646972656e+00,5.361136794090270996e-01
8.920284509658813477e-01,4.226233959197998047e+00,1.029874309897422791e-01
4.914178252220153809e-01,1.664289116859436035e+00,6.737433671951293945e-01
5.089527964591979980e-01,4.556155681610107422e+00,2.651468813419342041e-01
7.492749094963073730e-01,4.633453488349914551e-01,6.136799454689025879e-01
7.922019362449645996e-01,1.409120202064514160e+00,9.507491439580917358e-02
5.505452156066894531e-01,1.704520583152770996e+00,7.895901203155517578e-01
2.450570315122604370e-01,1.408822298049926758e+00,8.908498287200927734e-01
7.851695418357849121e-01,2.110584735870361328e+00,5.326765775680541992e-01
3.102809488773345947e-01,9.048308730125427246e-01,1.211287155747413635e-01
8.156605958938598633e-01,1.091485619544982910e+00,9.003984928131103516e-01
3.325662761926651001e-02,1.324506759643554688e+00,7.582472562789916992e-01
9.203750491142272949e-01,7.251868247985839844e-01,6.800438761711120605e-01
2.080149650573730469e-01,3.920925855636596680e+00,5.356957018375396729e-02
7.465034723281860352e-02,4.129458427429199219e+00,4.129747450351715088e-01
3.156669735908508301e-01,3.130065202713012695e+00,4.047361314296722412e-01
6.130473017692565918e-01,1.109877943992614746e+00,4.316454231739044189e-01
5.478422045707702637e-01,3.404842376708984375e+00,1.781945824623107910e-01
8.337162137031555176e-01,3.992680072784423828e+00,5.866618752479553223e-01
1.052113473415374756e-01,4.291744232177734375e+00,9.605412483215332031e-01
9.911638498306274414e-01,1.871420294046401978e-01,8.120537400245666504e-01
2.554638981819152832e-01,4.444488883018493652e-01,4.173015356063842773e-01
7.275037765502929688e-01,2.641768455505371094e+00,3.303821980953216553e-01
7.784447073936462402e-01,1.994830250740051270e+00,9.292736649513244629e-01
8.178448677062988281e-01,4.042192935943603516e+00,4.931380227208137512e-02
7.925987839698791504e-01,2.091022014617919922e+00,4.649807810783386230e-01
8.559044599533081055e-01,2.584661245346069336e+00,6.840086579322814941e-01
3.493427038192749023e-01,2.313839673995971680e+00,6.895588636398315430e-01
8.815944790840148926e-01,4.517924308776855469e+00,1.533434838056564331e-01
3.745335042476654053e-01,1.723179340362548828e+00,9.564933776855468750e-01
3.561049103736877441e-01,4.147693157196044922e+00,9.399844408035278320e-01
7.528548836708068848e-01,2.758001089096069336e+00,5.911520123481750488e-01
2.805564105510711670e-01,4.180274009704589844e+00,3.836886584758758545e-01
7.488655447959899902e-01,4.919608116149902344e+00,6.927142143249511719e-01
4.497312605381011963e-01,4.486173152923583984e+00,8.925190567970275879e-01
1.688031554222106934e-01,4.516599178314208984e+00,7.308759689331054688e-01
7.646621465682983398e-01,4.206548690795898438e+00,6.327341794967651367e-01
4.483461380004882812e-01,4.540530204772949219e+00,7.470875382423400879e-01
3.600781261920928955e-01,2.750197172164916992e+00,4.954057335853576660e-01
3.193145692348480225e-01,9.986323714256286621e-01,1.552772819995880127e-01
8.619342446327209473e-01,6.236881613731384277e-01,6.440984606742858887e-01
3.055465519428253174e-01,3.970865964889526367e+00,7.236903309822082520e-01
4.685197025537490845e-02,1.093997597694396973e+00,1.169494092464447021e-01
3.286835253238677979e-01,3.759919404983520508e+00,4.049285948276519775e-01
6.045347452163696289e-01,1.011337518692016602e+00,7.971231341361999512e-01
5.330374930053949356e-03,4.092091083526611328e+00,6.313263773918151855e-01
4.670437425374984741e-03,1.689530968666076660e+00,2.661387920379638672e-01
8.428182005882263184e-01,1.255196809768676758e+00,1.830331087112426758e-01
3.994108438491821289e-01,4.662462711334228516e+00,2.475281208753585815e-01
1.533957272768020630e-01,2.414367914199829102e+00,6.865561008453369141e-01
4.662845432758331299e-01,2.293787240982055664e+00,3.588281571865081787e-01
9.950847029685974121e-01,1.187406539916992188e+00,5.303612351417541504e-01
5.149844288825988770e-01,1.004471421241760254e+00,9.278432726860046387e-01
5.144153237342834473e-01,5.022351145744323730e-01,4.245919883251190186e-01
8.137035965919494629e-01,4.815242290496826172e+00,1.652537286281585693e-01
2.430453710258007050e-02,3.808391094207763672e+00,2.931971251964569092e-01
7.098448872566223145e-01,1.519649177789688110e-01,7.549389600753784180e-01
8.154801130294799805e-01,3.833128929138183594e+00,6.545749306678771973e-01
5.710334181785583496e-01,4.578229427337646484e+00,1.073233410716056824e-01
1.280787587165832520e-01,3.641041994094848633e+00,2.760770916938781738e-01
8.930183053016662598e-01,4.484460830688476562e+00,5.415425896644592285e-01
6.872366070747375488e-01,3.004899740219116211e+00,1.039706021547317505e-01
6.394981592893600464e-02,3.390869140625000000e+00,2.179428637027740479e-01
5.819187164306640625e-01,2.930073976516723633e+00,1.772952675819396973e-01
3.925488591194152832e-01,4.540022373199462891e+00,2.831930220127105713e-01
6.099365353584289551e-01,1.485064029693603516e+00,6.551423668861389160e-01
7.886577844619750977e-01,2.258637428283691406e+00,9.911808967590332031e-01
1.180122792720794678e-02,2.188818454742431641e+00,3.475858569145202637e-01
3.662213385105133057e-01,2.471326112747192383e+00,3.613009750843048096e-01
3.943527340888977051e-01,3.757945060729980469e+00,9.157224893569946289e-01
8.355946838855743408e-02,2.381863296031951904e-01,6.528651714324951172e-01
5.086344480514526367e-01,3.087015867233276367e+00,2.640959918498992920e-01
4.716881513595581055e-01,3.879284143447875977e+00,7.071797847747802734e-01
2.136077433824539185e-01,9.552911520004272461e-01,6.796729564666748047e-01
8.213833570480346680e-01,1.140933990478515625e+00,7.093798369169235229e-02
2.164933830499649048e-01,8.596477508544921875e-01,8.077411353588104248e-02
2.535945735871791840e-03,2.197913169860839844e+00,2.907778918743133545e-01
8.757830858230590820e-01,1.336971759796142578e+00,4.136116504669189453e-01
9.573464393615722656e-01,4.195959866046905518e-01,2.021993994712829590e-01
8.175495266914367676e-01,3.028229475021362305e+00,5.921760201454162598e-01
5.020013451576232910e-01,3.734688997268676758e+00,9.037443399429321289e-01
5.477105975151062012e-01,2.862529993057250977e+00,6.990863084793090820e-01
9.433355927467346191e-01,1.704645037651062012e+00,5.513554215431213379e-01
6.019098311662673950e-02,4.608993530273437500e+00,2.786951959133148193e-01
9.806084036827087402e-01,1.702114462852478027e+00,3.267707228660583496e-01
8.424078226089477539e-01,1.719676017761230469e+00,7.041535377502441406e-01
4.339829683303833008e-01,1.225676536560058594e+00,1.453165523707866669e-02
3.409973084926605225e-01,1.275698542594909668e+00,7.572714090347290039e-01
5.724141597747802734e-01,4.352240085601806641e+00,8.882862925529479980e-01
4.545902609825134277e-01,1.680628895759582520e+00,7.435248494148254395e-01
6.402983665466308594e-01,1.586704373359680176e+00,1.513768732547760010e-01
7.530540227890014648e-01,5.896435976028442383e-01,4.665799140930175781e-01
2.119881808757781982e-01,1.456718444824218750e+00,2.325441688299179077e-02
8.100454211235046387e-01,7.961952090263366699e-01,6.537252664566040039e-01
6.779608130455017090e-01,4.916297912597656250e+00,7.007479667663574219e-01
4.395944476127624512e-01,6.291570067405700684e-01,7.115126848220825195e-01
8.577509969472885132e-02,7.670120000839233398e-01,9.460639357566833496e-01
4.337433576583862305e-01,3.982545852661132812e+00,8.094553947448730469e-01
7.392828464508056641e-01,3.754071712493896484e+00,9.100735783576965332e-01
9.672173857688903809e-01,2.523555278778076172e+00,8.075908422470092773e-01
5.209682583808898926e-01,8.009006977081298828e-01,4.361336678266525269e-02
2.213166952133178711e-01,4.896945476531982422e+00,8.422722816467285156e-01
1.726114600896835327e-01,4.299545288085937500e+00,4.781299531459808350e-01
2.697947621345520020e-01,4.365226268768310547e+00,9.290684461593627930e-01
4.205541014671325684e-01,1.554065585136413574e+00,6.890760064125061035e-01
6.493700146675109863e-01,1.828050494194030762e+00,5.152217745780944824e-01
7.147324681282043457e-01,1.408832669258117676e-01,7.735337615013122559e-01
8.050286173820495605e-01,2.559078216552734375e+00,8.767645359039306641e-01
7.736469507217407227e-01,2.259789466857910156e+00,9.284693002700805664e-01
3.986384868621826172e-01,2.684088468551635742e+00,7.440513968467712402e-01
1.709298416972160339e-02,4.195342957973480225e-01,2.281465828418731689e-01
2.313688844442367554e-01,8.380156159400939941e-01,2.777099013328552246e-01
4.394829273223876953e-01,3.996697425842285156e+00,8.955696821212768555e-01
6.407632827758789062e-01,3.466831147670745850e-01,6.039373874664306641e-01
3.241718113422393799e-01,4.482635498046875000e+00,4.078079760074615479e-02
9.151882529258728027e-01,2.254379987716674805e+00,1.949779689311981201e-02
9.909587502479553223e-01,3.971251010894775391e+00,5.271853879094123840e-03
7.600957155227661133e-01,3.375124216079711914e+00,7.946795821189880371e-01
8.813953995704650879e-01,4.158141613006591797e+00,1.039488613605499268e-01
5.079153776168823242e-01,3.491094112396240234e+00,8.962664008140563965e-01
9.262056350708007812e-01,3.961693286895751953e+00,1.619216799736022949e-01
4.139321446418762207e-01,4.128065109252929688e+00,8.396905064582824707e-01
8.004134297370910645e-01,3.209312200546264648e+00,5.822974443435668945e-01
4.479108452796936035e-01,3.366731643676757812e+00,5.995115041732788086e-01
9.712379574775695801e-01,4.458742618560791016e+00,5.791937708854675293e-01
8.601561188697814941e-02,2.382763862609863281e+00,6.782386302947998047e-01
4.736249893903732300e-02,4.658267021179199219e+00,2.923198640346527100e-01
3.036798536777496338e-01,3.107517242431640625e+00,5.251582264900207520e-01
5.016728639602661133e-01,2.522814273834228516e+00,5.124617218971252441e-01
3.665066882967948914e-02,1.873030543327331543e+00,2.063098549842834473e-01
5.562139153480529785e-01,3.878374338150024414e+00,7.578197121620178223e-01
7.956401109695434570e-01,4.416723728179931641e+00,6.864932775497436523e-01
8.504449129104614258e-01,4.775072574615478516e+00,6.143226027488708496e-01
2.993229925632476807e-01,1.015983343124389648e+00,6.756788492202758789e-01
8.326289057731628418e-01,1.227159619331359863e+00,4.086097478866577148e-01
7.062019407749176025e-02,2.618383407592773438e+00,5.803212523460388184e-01
4.901346862316131592e-01,3.500578165054321289e+00,6.013351082801818848e-01
9.014226198196411133e-01,4.630187511444091797e+00,1.374543271958827972e-02
5.174024701118469238e-01,1.894685149192810059e+00,7.092269659042358398e-01
9.434363245964050293e-01,2.346194982528686523e+00,8.219796232879161835e-03
5.798821449279785156e-01,1.865123391151428223e+00,3.217823207378387451e-01
4.939631223678588867e-01,1.598451495170593262e+00,3.685913681983947754e-01
5.906283110380172729e-02,1.426633000373840332e+00,9.448129534721374512e-01
3.918825984001159668e-01,3.287030935287475586e+00,3.173841834068298340e-01
8.532504439353942871e-01,6.636148691177368164e-01,5.420657992362976074e-01
8.674828410148620605e-01,2.680138826370239258e+00,8.965696692466735840e-01
4.891299605369567871e-01,1.022572875022888184e+00,8.964580297470092773e-01
1.731194257736206055e-01,1.543909907341003418e-01,7.078103423118591309e-01
8.135262131690979004e-01,3.558278560638427734e+00,7.695323228836059570e-02
5.709002017974853516e-01,2.643561601638793945e+00,7.709830999374389648e-01
9.630438685417175293e-01,4.674081802368164062e+00,6.636921763420104980e-01
7.180622220039367676e-01,4.793660640716552734e+00,6.227708458900451660e-01
4.226046800613403320e-01,3.005310058593750000e+00,9.965881705284118652e-01
2.103268355131149292e-01,1.696156740188598633e+00,8.363254070281982422e-01
6.924895644187927246e-01,1.374469518661499023e+00,4.929362982511520386e-02
4.524909704923629761e-02,1.057672142982482910e+00,2.576495148241519928e-02
9.756686091423034668e-01,2.739833831787109375e+00,6.118728518486022949e-01
7.507109045982360840e-01,1.106158256530761719e+00,6.764565408229827881e-02
4.597535729408264160e-01,2.183792829513549805e+00,5.530283451080322266e-01
7.397280335426330566e-01,2.552682638168334961e+00,8.119627237319946289e-01
4.572115838527679443e-01,1.998977184295654297e+00,5.309445858001708984e-01
2.281293272972106934e-01,1.894089460372924805e+00,4.583628324326127768e-04
6.278497576713562012e-01,1.993684768676757812e-01,7.882899791002273560e-02
8.770283460617065430e-01,1.436872363090515137e+00,1.258021295070648193e-01
9.169136881828308105e-01,4.677718639373779297e+00,2.713688015937805176e-01
7.633867859840393066e-01,3.655002593994140625e+00,8.624136447906494141e-01
6.886136531829833984e-01,3.866849660873413086e+00,7.410387992858886719e-01
2.065330594778060913e-01,3.241154253482818604e-01,8.435307741165161133e-01
7.086183428764343262e-01,1.171509265899658203e+00,8.024073839187622070e-01
1.482578516006469727e-01,1.118103861808776855e+00,2.972039878368377686e-01
1.535014510154724121e-01,1.942197561264038086e+00,8.880432248115539551e-01
8.352202773094177246e-01,3.155978322029113770e-01,7.687125205993652344e-01
5.821652412414550781e-01,2.943485260009765625e+00,7.144548892974853516e-01
8.532914519309997559e-01,1.289457201957702637e+00,4.630345106124877930e-01
1.960412561893463135e-01,2.180042266845703125e+00,3.416251242160797119e-01
4.288752973079681396e-01,2.488465547561645508e+00,2.371811121702194214e-01
7.364131808280944824e-01,4.063786506652832031e+00,1.536349654197692871e-01
4.352166056632995605e-01,1.006177306175231934e+00,6.397515535354614258e-01
9.357236027717590332e-01,3.128717660903930664e+00,8.724900484085083008e-01
1.029599737375974655e-02,3.771710634231567383e+00,8.988828659057617188e-01
2.977409362792968750e-01,3.076664209365844727e+00,6.100293993949890137e-01
4.504906833171844482e-01,3.610228300094604492e+00,4.805453419685363770e-01
4.335534870624542236e-01,2.923579931259155273e+00,4.942213594913482666e-01
1.572922468185424805e-01,4.930072784423828125e+00,8.148775100708007812e-01
8.791939616203308105e-01,3.541907787322998047e+00,3.607262372970581055e-01
9.590777754783630371e-01,3.093963623046875000e+00,7.894831299781799316e-01
1.609236598014831543e-01,1.587284803390502930e-01,5.710542201995849609e-01
7.525421380996704102e-01,3.215487718582153320e+00,7.404058575630187988e-01
6.102566123008728027e-01,6.955488920211791992e-01,6.053385138511657715e-01
7.653953880071640015e-02,3.035517215728759766e+00,9.035071730613708496e-01
2.705390751361846924e-01,1.386385321617126465e+00,5.623416900634765625e-01
1.783816665410995483e-01,5.680441856384277344e-01,9.036059975624084473e-01
6.425146460533142090e-01,4.541599273681640625e+00,6.939657777547836304e-02
7.656940221786499023e-01,3.323043584823608398e-01,2.800120115280151367e-01
8.794033527374267578e-01,4.533234596252441406e+00,2.479736357927322388e-01
8.841609954833984375e-01,1.143183827400207520e+00,3.396574854850769043e-01
6.226373314857482910e-01,2.507354259490966797e+00,7.994851469993591309e-01
9.492788314819335938e-01,4.466315269470214844e+00,2.820078134536743164e-01
9.198675304651260376e-02,3.712250709533691406e+00,4.630222916603088379e-01
1.135725229978561401e-01,1.662841796875000000e+00,2.738373726606369019e-02
8.681794404983520508e-01,3.725656747817993164e+00,7.482320070266723633e-02
7.849134504795074463e-03,3.326540231704711914e+00,6.412673592567443848e-01
4.851913452148437500e-01,3.819039583206176758e+00,6.422926485538482666e-02
1.148556247353553772e-01,4.411592483520507812e+00,9.623217582702636719e-01
5.933188796043395996e-01,3.583883047103881836e+00,5.091382861137390137e-01
6.461195945739746094e-01,4.872662067413330078e+00,5.438463687896728516e-01
2.522589564323425293e-01,2.376125603914260864e-01,2.392616420984268188e-01
3.289121091365814209e-01,3.515952348709106445e+00,9.011273980140686035e-01
9.057434201240539551e-01,1.580836415290832520e+00,9.010398387908935547e-01
4.953423887491226196e-02,2.589371919631958008e+00,2.131814062595367432e-01
4.584798216819763184e-01,3.076633214950561523e+00,6.857345998287200928e-02
1.484330147504806519e-01,4.498574137687683105e-01,6.693665385246276855e-01
5.348383784294128418e-01,8.646075725555419922e-01,3.654943704605102539e-01
2.471244186162948608e-01,2.684180498123168945e+00,9.443169832229614258e-01
4.431206285953521729e-01,4.934706211090087891e+00,7.417902350425720215e-01
2.195194512605667114e-01,2.599462270736694336e+00,4.989815056324005127e-01
6.978912949562072754e-01,4.322686195373535156e+00,9.870603084564208984e-01
2.382643222808837891e-01,1.966148257255554199e+00,7.179180383682250977e-01
6.612756848335266113e-01,4.026504456996917725e-01,5.845754742622375488e-01
9.278060793876647949e-01,3.753936529159545898e+00,5.503460764884948730e-01
6.191996932029724121e-01,2.369936704635620117e+00,6.809794306755065918e-01
7.621001452207565308e-02,1.518482118844985962e-01,5.889497399330139160e-01
2.237784713506698608e-01,4.001056671142578125e+00,2.213703989982604980e-01
1.180008053779602051e-01,2.394125461578369141e+00,6.876874566078186035e-01
9.507469534873962402e-01,4.043752193450927734e+00,7.692205905914306641e-01
2.672286927700042725e-01,3.149375677108764648e+00,7.982854843139648438e-01
3.741545081138610840e-01,1.145583152770996094e+00,5.709546804428100586e-01
7.937263250350952148e-01,3.568098068237304688e+00,1.668777316808700562e-01
7.505695819854736328e-01,1.052342295646667480e+00,7.351032644510269165e-02
9.445533752441406250e-01,1.611756563186645508e+00,9.014018774032592773e-01
9.920240640640258789e-01,2.188813924789428711e+00,2.393369078636169434e-01
7.497001290321350098e-01,1.138091802597045898e+00,2.461055517196655273e-01
2.330364100635051727e-02,5.187506675720214844e-01,1.599676012992858887e-01
3.555471301078796387e-01,4.383618831634521484e+00,9.290552139282226562e-01
1.076493132859468460e-02,1.963890194892883301e+00,2.070185542106628418e-01
4.045942127704620361e-01,2.814275026321411133e+00,2.825082838535308838e-01
6.793928742408752441e-01,3.526599705219268799e-01,2.551053464412689209e-01
9.781165719032287598e-01,1.742532014846801758e+00,1.255154907703399658e-01
4.721509218215942383e-01,6.765406131744384766e-01,5.092642903327941895e-01
6.115288659930229187e-02,1.031425476074218750e+00,8.996334671974182129e-02
4.638093411922454834e-01,4.763374328613281250e+00,2.120899222791194916e-02
7.471476793289184570e-01,4.961855888366699219e+00,8.438514471054077148e-01
7.046484947204589844e-01,2.605329513549804688e+00,9.654260277748107910e-01
5.388128161430358887e-01,4.930729389190673828e+00,9.346598386764526367e-01
6.198652982711791992e-01,4.189805984497070312e+00,1.168658882379531860e-01
1.429128646850585938e-01,1.754808902740478516e+00,4.809132814407348633e-01
4.624484181404113770e-01,4.250223159790039062e+00,5.505304336547851562e-01
7.266153097152709961e-01,4.898970603942871094e+00,5.907348394393920898e-01
8.466511368751525879e-01,3.775742053985595703e-01,9.881334304809570312e-01
8.812291026115417480e-01,2.264183998107910156e+00,6.526306867599487305e-01
1.578615605831146240e-01,1.256953716278076172e+00,3.013121783733367920e-01
2.209131866693496704e-01,8.699021339416503906e-01,2.862833738327026367e-01
5.215805172920227051e-01,3.180678606033325195e+00,8.889797925949096680e-01
7.337336987257003784e-02,9.475802183151245117e-01,1.282805353403091431e-01
6.454384922981262207e-01,1.070672512054443359e+00,3.183876574039459229e-01
3.766742348670959473e-01,8.225462436676025391e-01,5.061464384198188782e-02
3.782425820827484131e-01,2.320245027542114258e+00,3.930515050888061523e-01
1.822929084300994873e-01,1.913384318351745605e+00,2.207427918910980225e-01
1.503071635961532593e-01,1.723526597023010254e+00,1.875597089529037476e-01
5.815850496292114258e-01,2.110507011413574219e+00,9.636865854263305664e-01
8.821364045143127441e-01,1.696632616221904755e-02,5.434047579765319824e-01
2.424156069755554199e-01,8.329840898513793945e-01,1.403890550136566162e-01
7.201075553894042969e-01,3.005340814590454102e+00,8.490415215492248535e-01
9.299260377883911133e-01,9.576785564422607422e-01,9.230844974517822266e-01
4.606094062328338623e-01,2.389722347259521484e+00,8.957030624151229858e-02
9.077025055885314941e-01,3.218901634216308594e+00,2.609465420246124268e-01
8.019146919250488281e-01,2.455543279647827148e-01,7.473891973495483398e-01
5.638192966580390930e-02,1.424198627471923828e+00,3.448368608951568604e-01
8.253869414329528809e-01,3.759724617004394531e+00,8.356303572654724121e-01
6.468043327331542969e-01,8.784077763557434082e-01,7.967711687088012695e-01
2.674616575241088867e-01,6.259864568710327148e-01,5.131571888923645020e-01
3.576065003871917725e-01,3.114189863204956055e+00,9.019634723663330078e-01
5.116029381752014160e-01,1.427394986152648926e+00,8.232748508453369141e-01
3.149285018444061279e-01,3.215818405151367188e+00,8.094316720962524414e-01
4.921920299530029297e-01,3.023203849792480469e+00,2.913301289081573486e-01
8.164386153221130371e-01,3.801511764526367188e+00,3.009003102779388428e-01
8.481817841529846191e-01,1.096675634384155273e+00,5.696328282356262207e-01
9.541725516319274902e-01,3.924666881561279297e+00,6.202664971351623535e-01
2.991698384284973145e-01,3.399485588073730469e+00,7.785452008247375488e-01
1.469864994287490845e-01,2.069232225418090820e+00,8.336307406425476074e-01
5.730804204940795898e-01,1.259510040283203125e+00,3.450174629688262939e-01
2.588266432285308838e-01,1.914678812026977539e+00,2.336912900209426880e-01
7.733389735221862793e-01,1.187239766120910645e+00,6.952916085720062256e-02
7.742466330528259277e-01,2.641746044158935547e+00,2.231305539608001709e-01
8.008896112442016602e-01,8.503891229629516602e-01,8.120311498641967773e-01
1.474935412406921387e-01,7.855282425880432129e-01,5.458043217658996582e-01
6.802670955657958984e-01,3.676385879516601562e+00,2.060271352529525757e-01
2.797046899795532227e-01,3.409262001514434814e-01,4.940137863159179688e-01
1.187897752970457077e-02,6.332730054855346680e-01,4.824654161930084229e-01
1.970697492361068726e-01,1.109373927116394043e+00,2.364909201860427856e-01
4.021252393722534180e-01,3.389239549636840820e+00,7.652221322059631348e-01
2.639705240726470947e-01,4.209678173065185547e+00,2.189963012933731079e-01
4.064469039440155029e-01,2.651918172836303711e+00,2.960140584036707878e-03
3.340081870555877686e-01,4.718750000000000000e+00,3.600414097309112549e-01
7.435864806175231934e-01,7.644284963607788086e-01,4.272660911083221436e-01
5.095335841178894043e-01,4.415396213531494141e+00,3.347496092319488525e-01
4.495593309402465820e-01,4.963408946990966797e+00,8.274363875389099121e-01
2.468760013580322266e-01,1.393843054771423340e+00,5.147272944450378418e-01
2.437055557966232300e-01,8.496044278144836426e-01,7.529461979866027832e-01
3.685992658138275146e-01,1.972261428833007812e+00,4.911083579063415527e-01
7.169554233551025391e-01,4.333052635192871094e+00,4.702836275100708008e-01
9.765583872795104980e-01,4.853929579257965088e-01,6.004534363746643066e-01
4.853585064411163330e-01,1.986750602722167969e+00,2.942949533462524414e-01
3.210410475730895996e-01,3.856524467468261719e+00,4.335486590862274170e-01
9.412643909454345703e-01,3.771168470382690430e+00,7.739756107330322266e-01
8.582084178924560547e-01,2.228797435760498047e+00,5.717940330505371094e-01
8.095635101199150085e-03,1.697028636932373047e+00,9.405777603387832642e-02
8.466121554374694824e-01,4.423829555511474609e+00,4.998695552349090576e-01
5.967090278863906860e-02,3.021151065826416016e+00,2.176168113946914673e-01
2.446952015161514282e-01,3.462291479110717773e+00,8.810788393020629883e-02
3.075218498706817627e-01,2.292084693908691406e+00,1.005688682198524475e-01
7.473576068878173828e-01,7.376515865325927734e-01,4.981120526790618896e-01
2.117938995361328125e-01,3.003282070159912109e+00,9.962520599365234375e-01
1.972025185823440552e-01,2.407903909683227539e+00,6.970195174217224121e-01
6.345022320747375488e-01,7.980928421020507812e-01,4.701499640941619873e-01
2.721989154815673828e-01,3.350404262542724609e+00,5.356411933898925781e-01
5.847568064928054810e-02,3.678740024566650391e+00,7.307043075561523438e-01
3.318957984447479248e-01,3.520617723464965820e+00,4.150184690952301025e-01
1.009100824594497681e-01,6.920313090085983276e-02,7.754158973693847656e-01
9.807975888252258301e-01,8.283602595329284668e-01,6.573284268379211426e-01
6.545288860797882080e-02,4.510660648345947266e+00,8.258538842201232910e-01
4.238960444927215576e-01,3.189733266830444336e+00,7.246548533439636230e-01
4.716356694698333740e-01,2.830460071563720703e+00,9.177413582801818848e-01
1.653161942958831787e-01,4.079404830932617188e+00,1.094963774085044861e-01
7.787727117538452148e-01,2.426647096872329712e-01,3.104439675807952881e-01
9.395234584808349609e-01,4.548986554145812988e-01,3.358523845672607422e-01
2.260437607765197754e-01,4.178598880767822266e+00,4.656990766525268555e-01
2.731283307075500488e-01,8.914967179298400879e-01,8.894214779138565063e-02
1.224600374698638916e-01,3.190634489059448242e+00,7.419317364692687988e-01
9.039490818977355957e-01,3.245279312133789062e+00,2.680847942829132080e-01
4.823704361915588379e-01,4.615001678466796875e+00,5.546131730079650879e-01
1.691730469465255737e-01,3.688602685928344727e+00,7.150024771690368652e-01
3.273294866085052490e-02,3.421876430511474609e+00,4.907782375812530518e-01
4.547882080078125000e-02,2.877421975135803223e-01,1.602907627820968628e-01
7.387656569480895996e-01,2.858150720596313477e+00,4.667995274066925049e-01
3.370110690593719482e-01,2.130345582962036133e+00,3.673598468303680420e-01
2.462179809808731079e-01,4.518404960632324219e+00,2.113304734230041504e-01
3.638873994350433350e-01,2.731483221054077148e+00,7.002146542072296143e-02
5.976173281669616699e-01,3.911209106445312500e-01,9.519950747489929199e-01
5.140599608421325684e-01,2.823783159255981445e+00,3.090780377388000488e-01
1.263145636767148972e-02,3.939023971557617188e+00,5.932319164276123047e-01
6.142485141754150391e-01,3.719559431076049805e+00,2.135649472475051880e-01
4.292269647121429443e-01,3.747129917144775391e+00,4.609402716159820557e-01
6.650938093662261963e-02,4.813030242919921875e+00,7.804617881774902344e-01
4.993448555469512939e-01,3.760891437530517578e+00,1.743452399969100952e-01
9.965956211090087891e-01,1.465927362442016602e+00,7.101875543594360352e-01
1.499444395303726196e-01,1.369363069534301758e+00,3.213592991232872009e-02
9.696269035339355469e-01,4.399897575378417969e+00,9.447348713874816895e-01
2.949959039688110352e-01,2.776257276535034180e+00,4.536660760641098022e-02
3.197977244853973389e-01,1.135335683822631836e+00,6.480545550584793091e-02
4.651107788085937500e-01,4.765986442565917969e+00,3.108955174684524536e-02
2.247735559940338135e-01,4.737432003021240234e+00,2.022971957921981812e-01
8.531923890113830566e-01,3.574948549270629883e+00,5.018281340599060059e-01
2.420074790716171265e-01,2.556202650070190430e+00,9.555713534355163574e-01
9.794697165489196777e-01,1.568675518035888672e+00,4.625073671340942383e-01
5.609014630317687988e-01,3.712867259979248047e+00,2.041914016008377075e-01
8.957303762435913086e-01,2.283720254898071289e+00,2.028986662626266479e-01
6.300363540649414062e-01,1.979867339134216309e+00,3.123629093170166016e-01
2.273038327693939209e-01,3.988285541534423828e+00,3.506928682327270508e-02
5.132601261138916016e-01,3.535860538482666016e+00,6.501421928405761719e-01
7.676184177398681641e-01,4.627673149108886719e+00,6.699988842010498047e-01
8.485946059226989746e-01,4.697628498077392578e+00,2.781632840633392334e-01
1.564006656408309937e-01,6.282222270965576172e-01,6.651862263679504395e-01
7.454842329025268555e-01,4.149263381958007812e+00,1.559185981750488281e-01
3.512916862964630127e-01,2.129583120346069336e+00,9.998033046722412109e-01
6.866096854209899902e-01,2.954891443252563477e+00,6.596878170967102051e-01
8.416451811790466309e-01,1.184709072113037109e+00,1.045252233743667603e-01
2.999675273895263672e-01,2.271143198013305664e+00,6.843340396881103516e-01
8.523673415184020996e-01,1.109935622662305832e-02,5.527034401893615723e-01
8.624089956283569336e-01,2.107596874237060547e+00,3.912984859198331833e-03
5.620407462120056152e-01,1.097731590270996094e+00,4.754118025302886963e-01
4.972404837608337402e-01,1.048224687576293945e+00,9.217329025268554688e-01
2.183592766523361206e-01,4.084473609924316406e+00,4.568302333354949951e-01
1.506260484457015991e-01,3.770858526229858398e+00,7.408553957939147949e-01
8.941730260848999023e-01,8.325265049934387207e-01,6.758579015731811523e-01
7.160557508468627930e-01,5.390887260437011719e-01,6.431632637977600098e-01
7.590974569320678711e-01,2.616961956024169922e+00,8.372134566307067871e-01
3.725885152816772461e-01,3.745677947998046875e+00,6.037834882736206055e-01
5.465011596679687500e-01,3.294571638107299805e+00,8.710512518882751465e-01
7.732250094413757324e-01,2.966511011123657227e+00,2.692654430866241455e-01
8.811367303133010864e-02,3.942464590072631836e+00,6.235510706901550293e-01
8.801530003547668457e-01,3.157371520996093750e+00,9.956191480159759521e-02
6.806346774101257324e-01,1.029454469680786133e+00,9.234513044357299805e-01
7.867419719696044922e-01,1.078632473945617676e+00,8.999635577201843262e-01
9.411878585815429688e-01,2.940148353576660156e+00,3.655155003070831299e-01
7.594389915466308594e-01,3.627574920654296875e+00,4.624366462230682373e-01
9.865495562553405762e-01,1.865540742874145508e+00,8.150119185447692871e-01
6.471372842788696289e-01,2.597066402435302734e+00,9.286786913871765137e-01
8.822740912437438965e-01,4.692018508911132812e+00,1.896808482706546783e-02
1.501292735338211060e-01,4.668754100799560547e+00,8.822942972183227539e-01
6.099493503570556641e-01,5.568428039550781250e-01,1.943028718233108521e-01
8.225335478782653809e-01,1.258709192276000977e+00,5.421084165573120117e-02
4.698983132839202881e-01,4.960653305053710938e+00,7.662536501884460449e-01
7.228403687477111816e-01,2.900763988494873047e+00,2.521178722381591797e-01
6.553513407707214355e-01,6.875175237655639648e-01,5.887339115142822266e-01
4.118517935276031494e-01,2.886723279953002930e+00,2.639174461364746094e-01
1.822884976863861084e-01,5.246120095252990723e-01,4.895725548267364502e-01
2.271503210067749023e-01,3.821670293807983398e+00,3.124691545963287354e-01
6.538945436477661133e-01,3.511307477951049805e+00,9.619062542915344238e-01
6.805079579353332520e-01,9.801498651504516602e-01,8.867356777191162109e-01
9.474970102310180664e-01,3.760640859603881836e+00,5.687646269798278809e-01
6.886915564537048340e-01,1.115169525146484375e+00,9.002929329872131348e-01
2.534443736076354980e-01,9.097546935081481934e-01,2.368814498186111450e-02
5.917424559593200684e-01,1.360576748847961426e+00,7.241054773330688477e-01
5.949636697769165039e-01,1.034768104553222656e+00,1.075355261564254761e-01
5.406062006950378418e-01,1.590781927108764648e+00,8.198418021202087402e-01
6.408460438251495361e-02,2.441565513610839844e+00,7.652636766433715820e-01
7.334904670715332031e-01,4.952012538909912109e+00,2.822974622249603271e-01
7.731437087059020996e-01,1.868074178695678711e+00,8.886688947677612305e-01
8.838142156600952148e-01,2.187894582748413086e+00,2.473277300596237183e-01
9.025255441665649414e-01,3.471254110336303711e+00,4.358105063438415527e-01
4.788182973861694336e-01,3.094009637832641602e+00,6.069479584693908691e-01
2.960636913776397705e-01,2.204385280609130859e+00,3.860962688922882080e-01
7.787817120552062988e-01,1.341318845748901367e+00,4.307205080986022949e-01
7.259093523025512695e-01,4.093946933746337891e+00,4.150545895099639893e-01
9.611455798149108887e-01,4.746914386749267578e+00,3.429155349731445312e-01
5.039668679237365723e-01,4.440433025360107422e+00,9.030396342277526855e-01
4.682296887040138245e-02,8.329837322235107422e-01,4.122287333011627197e-01
1.837882548570632935e-01,2.060628652572631836e+00,4.032224714756011963e-01
4.591690301895141602e-01,2.810158967971801758e+00,8.345866799354553223e-01
7.439143061637878418e-01,3.013866901397705078e+00,3.369809687137603760e-01
8.932411670684814453e-01,1.474347472190856934e+00,9.850062727928161621e-01
8.102862238883972168e-01,4.726581096649169922e+00,7.936232686042785645e-01
8.007887750864028931e-03,4.745885848999023438e+00,2.694673538208007812e-01
6.427940726280212402e-02,2.264023542404174805e+00,6.596178412437438965e-01
3.678343892097473145e-01,4.785565376281738281e+00,8.628261089324951172e-01
9.883705973625183105e-01,2.202451467514038086e+00,1.485633254051208496e-01
4.830357134342193604e-01,1.443767428398132324e+00,9.365839362144470215e-01
8.303211927413940430e-01,3.430178403854370117e+00,2.381708472967147827e-01
8.743969798088073730e-01,2.611785650253295898e+00,3.594278097152709961e-01
7.838625311851501465e-01,4.759152889251708984e+00,1.260367184877395630e-01
4.564948976039886475e-01,1.017218470573425293e+00,1.525968611240386963e-01
3.424414992332458496e-01,2.137866735458374023e+00,1.296764016151428223e-01
2.020357549190521240e-01,1.980600476264953613e+00,9.643610119819641113e-01
2.126194685697555542e-01,9.154583215713500977e-01,6.897482275962829590e-01
3.862949609756469727e-01,4.630581855773925781e+00,1.176276803016662598e-01
1.118908356875181198e-02,1.623993277549743652e+00,6.442185491323471069e-02
2.442589104175567627e-01,4.936981678009033203e+00,4.476819336414337158e-01
8.223623037338256836e-01,1.233104228973388672e+00,4.313905537128448486e-01
6.062435507774353027e-01,3.954529762268066406e+00,9.875640869140625000e-01
3.606275320053100586e-01,1.143219947814941406e+00,7.415414452552795410e-01
3.851308226585388184e-01,3.524893522262573242e+00,1.388938128948211670e-01
7.369827032089233398e-01,1.268337845802307129e+00,9.757396578788757324e-02
5.813283324241638184e-01,5.600829720497131348e-01,1.302095223218202591e-02
9.846327304840087891e-01,4.313951015472412109e+00,2.127796709537506104e-01
3.580664396286010742e-01,1.411249399185180664e+00,7.544424533843994141e-01
1.950247138738632202e-01,1.516734004020690918e+00,9.057540297508239746e-01
8.307404518127441406e-01,4.537237167358398438e+00,3.611273318529129028e-02
8.926972150802612305e-01,3.529484272003173828e+00,4.790992736816406250e-01
5.730548501014709473e-01,5.398834347724914551e-01,5.787841677665710449e-01
5.831598043441772461e-01,9.648707509040832520e-01,8.081982135772705078e-01
5.431145429611206055e-01,1.345891356468200684e+00,9.171024709939956665e-02
1.326112151145935059e-01,4.626295089721679688e+00,5.988886952400207520e-01
5.829544067382812500e-01,2.707121133804321289e+00,6.792733669281005859e-01
9.413397312164306641e-01,4.056570529937744141e+00,7.050855085253715515e-03
5.552240610122680664e-01,1.527783036231994629e+00,2.913992702960968018e-01
1.490487903356552124e-01,4.217493534088134766e+00,7.972484827041625977e-01
4.546116888523101807e-01,9.944970607757568359e-01,8.500064015388488770e-01
9.127510786056518555e-01,4.846341133117675781e+00,1.753189712762832642e-01
2.974945306777954102e-01,1.522063136100769043e+00,5.523518919944763184e-01
7.919153571128845215e-01,3.723991632461547852e+00,7.823837399482727051e-01
9.200085401535034180e-01,2.610864400863647461e+00,8.919309973716735840e-01
6.303327530622482300e-02,4.333645343780517578e+00,1.573170274496078491e-01
8.640236258506774902e-01,3.705667734146118164e+00,5.551627874374389648e-01
9.722155928611755371e-01,2.825496673583984375e+00,5.904160141944885254e-01
6.328364014625549316e-01,1.915982127189636230e+00,7.478575706481933594e-01
2.642545402050018311e-01,3.100044965744018555e+00,7.340375185012817383e-01
6.865109801292419434e-01,1.869549870491027832e+00,2.528616487979888916e-01
8.735452890396118164e-01,2.425935268402099609e+00,6.980072259902954102e-01
1.493608057498931885e-01,4.689007282257080078e+00,8.144586682319641113e-01
5.625798702239990234e-01,1.094816088676452637e+00,4.365090429782867432e-01
9.134253859519958496e-01,1.195966720581054688e+00,9.026425331830978394e-02
6.493274569511413574e-01,9.193353056907653809e-01,7.104490399360656738e-01
2.257366031408309937e-01,1.740449905395507812e+00,5.151670575141906738e-01
8.583442568778991699e-01,3.426652908325195312e+00,7.393985986709594727e-01
9.495243430137634277e-01,4.567548930644989014e-01,2.060780078172683716e-01
4.294966161251068115e-01,8.580219745635986328e-01,7.805364727973937988e-01
6.364086866378784180e-01,1.499309659004211426e+00,5.388096570968627930e-01
2.054685056209564209e-01,2.295194387435913086e+00,3.133488595485687256e-01
8.954285979270935059e-01,3.107471942901611328e+00,2.860918045043945312e-01
7.854198813438415527e-01,1.593168616294860840e+00,9.683009386062622070e-01
6.110501885414123535e-01,1.173246383666992188e+00,4.443214237689971924e-01
6.700139045715332031e-01,3.766939878463745117e+00,7.393862605094909668e-01
7.364417612552642822e-02,2.472650766372680664e+00,8.532935976982116699e-01
7.868415713310241699e-01,3.462814092636108398e-01,7.623372226953506470e-02
8.769024014472961426e-01,4.883056640625000000e+00,6.674752831459045410e-01
7.670839428901672363e-01,2.547021627426147461e+00,4.997056424617767334e-01
2.237360775470733643e-01,4.334555149078369141e+00,8.873335719108581543e-01
6.469308137893676758e-01,4.268076419830322266e+00,6.007122397422790527e-01
7.954043745994567871e-01,1.598243594169616699e+00,9.696354866027832031e-01
3.917870521545410156e-01,6.895174980163574219e-01,1.717588901519775391e-01
2.605903148651123047e-01,4.132162094116210938e+00,8.802543878555297852e-01
2.063482403755187988e-01,4.030044555664062500e+00,6.819310188293457031e-01
7.531999945640563965e-01,3.434314250946044922e+00,4.118861556053161621e-01
8.785624504089355469e-01,4.041823863983154297e+00,2.943981289863586426e-01
5.728713274002075195e-01,7.230156064033508301e-01,2.458003312349319458e-01
1.697481721639633179e-01,3.528240919113159180e+00,4.812011420726776123e-01
2.937473654747009277e-01,3.002645730972290039e+00,4.196155667304992676e-01
5.441855788230895996e-01,2.016372203826904297e+00,6.447281241416931152e-01
7.536163330078125000e-01,7.890284061431884766e-01,4.687280058860778809e-01
1.390685141086578369e-01,4.047757625579833984e+00,2.352980673313140869e-01
5.555497407913208008e-01,4.616559028625488281e+00,8.395255208015441895e-01
8.867213129997253418e-01,2.855787754058837891e+00,2.269023060798645020e-01
2.883790135383605957e-01,2.982206821441650391e+00,5.460858345031738281e-01
8.813245892524719238e-01,1.356341719627380371e+00,5.904120802879333496e-01
6.745946407318115234e-01,1.173724651336669922e+00,4.211809933185577393e-01
1.529147773981094360e-01,1.934930443763732910e+00,1.987524181604385376e-01
2.543032728135585785e-02,6.842931509017944336e-01,4.277656674385070801e-01
7.417942881584167480e-01,2.115986347198486328e+00,8.727231025695800781e-01
5.742076039314270020e-01,8.043446540832519531e-01,4.445782601833343506e-01
5.992805957794189453e-01,8.363708257675170898e-01,3.238660991191864014e-01
9.927458167076110840e-01,2.558980703353881836e+00,5.178452730178833008e-01
8.767870068550109863e-02,3.054303646087646484e+00,8.762047886848449707e-01
1.947451829910278320e-01,3.966939210891723633e+00,2.024417370557785034e-01
4.477918148040771484e-01,7.588206529617309570e-01,9.752627611160278320e-01
3.610190153121948242e-01,1.590034246444702148e+00,6.260152459144592285e-01
4.261049032211303711e-01,3.260570287704467773e+00,7.480474710464477539e-01
1.839434355497360229e-01,4.717315673828125000e+00,7.727763652801513672e-01
5.618224143981933594e-01,2.496109247207641602e+00,4.025384485721588135e-01
6.165031790733337402e-01,3.636473655700683594e+00,3.700330555438995361e-01
7.023458480834960938e-01,1.159523725509643555e+00,4.766343533992767334e-01
4.290414750576019287e-01,3.564793109893798828e+00,4.888601005077362061e-01
7.138319611549377441e-01,4.187279224395751953e+00,6.423290371894836426e-01
1.365058571100234985e-01,2.081556558609008789e+00,2.483653873205184937e-01
8.549827933311462402e-01,3.766986846923828125e+00,8.578286767005920410e-01
4.957000017166137695e-01,2.073405742645263672e+00,6.262605786323547363e-01
4.124575555324554443e-01,1.336642742156982422e+00,5.353297665715217590e-02
2.326450645923614502e-01,2.724320411682128906e+00,4.725078046321868896e-01
6.250608563423156738e-01,3.212336778640747070e+00,2.975505590438842773e-01
7.548667788505554199e-01,5.997729301452636719e-01,3.869542181491851807e-01
1.680328398942947388e-01,4.613150596618652344e+00,8.152266144752502441e-01
2.420153021812438965e-01,8.560153245925903320e-01,2.371509671211242676e-01
9.882447719573974609e-01,1.433428883552551270e+00,2.069418132305145264e-01
3.472464084625244141e-01,3.431936979293823242e+00,7.976419329643249512e-01
1.277918554842472076e-02,3.481941223144531250e+00,6.863003373146057129e-01
6.868695616722106934e-01,3.057381808757781982e-01,2.289474010467529297e-01
4.358737468719482422e-01,3.978818416595458984e+00,9.922142624855041504e-01
7.384695410728454590e-01,1.108234763145446777e+00,5.165107175707817078e-02
6.275372505187988281e-01,3.750479936599731445e+00,9.526536464691162109e-01
4.135463833808898926e-01,2.975024461746215820e+00,3.833787739276885986e-01
3.469806015491485596e-01,1.669426083564758301e+00,6.259468197822570801e-01
8.254513144493103027e-01,3.279598951339721680e+00,1.966053545475006104e-01
8.239802122116088867e-01,4.914480075240135193e-02,9.446594864130020142e-03
5.555758997797966003e-02,1.562064647674560547e+00,2.150235772132873535e-01
2.835682928562164307e-01,4.272363781929016113e-01,6.799910068511962891e-01
4.885385632514953613e-01,4.674354553222656250e+00,5.816366672515869141e-01
8.906531929969787598e-01,3.079123973846435547e+00,8.729277849197387695e-01
3.725035786628723145e-01,2.916176915168762207e-01,8.366374969482421875e-01
4.298181235790252686e-01,3.912039279937744141e+00,8.814203143119812012e-01
2.080005854368209839e-01,2.087434291839599609e+00,4.032914042472839355e-01
9.891678094863891602e-01,2.591450214385986328e+00,6.119924783706665039e-01
8.786351419985294342e-03,2.588654041290283203e+00,1.901915073394775391e-01
7.721952199935913086e-01,8.771573305130004883e-01,4.209723770618438721e-01
2.106038480997085571e-01,2.890229940414428711e+00,8.114581108093261719e-01
3.905647099018096924e-01,4.621381282806396484e+00,2.609475255012512207e-01
1.413679569959640503e-01,4.074751377105712891e+00,4.063489288091659546e-02
7.124467492103576660e-01,4.330866411328315735e-02,5.724628567695617676e-01
8.150371909141540527e-01,1.160700440406799316e+00,5.303950309753417969e-01
5.582634806632995605e-01,4.674673557281494141e+00,6.158772110939025879e-01
9.759192466735839844e-01,2.475567579269409180e+00,9.825443625450134277e-01
4.473071396350860596e-01,4.601204872131347656e+00,5.937338471412658691e-01
7.208425402641296387e-01,1.152318358421325684e+00,8.370532393455505371e-01
7.845847867429256439e-03,3.170859813690185547e+00,7.963016629219055176e-01
7.134902477264404297e-01,2.819452762603759766e+00,7.846710681915283203e-01
6.157232522964477539e-01,1.965308189392089844e-01,5.820178985595703125e-02
9.895761609077453613e-01,1.508013010025024414e+00,4.246196448802947998e-01
9.686778783798217773e-01,2.076068371534347534e-01,3.443973883986473083e-02
1.983554512262344360e-01,1.811392188072204590e+00,3.604282736778259277e-01
2.537889182567596436e-01,7.911260128021240234e-01,4.593429863452911377e-01
2.994078695774078369e-01,3.680828511714935303e-01,5.373663455247879028e-02
7.055131793022155762e-01,3.720617532730102539e+00,7.625796198844909668e-01
9.676170349121093750e-01,4.656095504760742188e+00,4.604033827781677246e-01
8.966906070709228516e-01,2.916474938392639160e-01,9.172752499580383301e-01
2.390034794807434082e-01,1.631003022193908691e+00,1.061796173453330994e-01
6.593375802040100098e-01,1.236998438835144043e+00,9.365714192390441895e-01
5.485754013061523438e-01,4.683298587799072266e+00,9.340403676033020020e-01
9.104447066783905029e-02,1.378529906272888184e+00,3.249232769012451172e-01
7.777040004730224609e-01,2.542623579502105713e-01,4.047282934188842773e-01
5.793267488479614258e-01,2.286637544631958008e+00,8.059532642364501953e-01
8.992080688476562500e-01,1.093806147575378418e+00,3.841431736946105957e-01
5.574418902397155762e-01,2.502817809581756592e-01,9.745714664459228516e-01
6.156089305877685547e-01,1.283981919288635254e+00,8.136358261108398438e-01
9.219470620155334473e-01,1.315028369426727295e-01,1.055304426699876785e-03
6.104035302996635437e-02,1.269700288772583008e+00,2.098301239311695099e-02
7.682704925537109375e-01,2.912168025970458984e+00,6.342338025569915771e-02
8.917701840400695801e-01,3.039422631263732910e-01,7.405971288681030273e-01
2.928486764430999756e-01,3.443757534027099609e+00,5.809888243675231934e-01
8.373364806175231934e-01,4.907436370849609375e+00,6.370870471000671387e-01
6.380136609077453613e-01,4.704024791717529297e+00,7.005106806755065918e-01
8.005176186561584473e-01,2.464596033096313477e+00,2.801042795181274414e-01
3.189951181411743164e-01,1.677664279937744141e+00,7.497565150260925293e-01
2.661180794239044189e-01,1.138586401939392090e+00,9.497685432434082031e-01
1.378981769084930420e-01,2.390433788299560547e+00,6.743435859680175781e-01
6.151967048645019531e-01,2.618259668350219727e+00,4.298156592994928360e-03
6.427862644195556641e-01,3.755847215652465820e+00,7.967058420181274414e-01
9.354115724563598633e-01,3.332918405532836914e+00,5.162068605422973633e-01
7.629427313804626465e-01,4.301415443420410156e+00,7.029260396957397461e-01
7.056966423988342285e-01,2.991110801696777344e+00,7.721213102340698242e-01
2.187533974647521973e-01,1.936133146286010742e+00,6.747800707817077637e-01
8.678848147392272949e-01,3.612915992736816406e+00,4.816088676452636719e-01
9.939006567001342773e-01,2.654787063598632812e+00,4.943782389163970947e-01
5.471943616867065430e-01,4.181887626647949219e+00,6.007298231124877930e-01
6.629676222801208496e-01,1.176597118377685547e+00,8.042709231376647949e-01
7.967281937599182129e-01,8.110693693161010742e-01,8.725821375846862793e-01
2.413120269775390625e-01,3.801941394805908203e+00,2.333475351333618164e-01
7.859144210815429688e-01,1.147404551506042480e+00,5.657520294189453125e-01
5.998476147651672363e-01,3.678964138031005859e+00,5.921037793159484863e-01
8.140099644660949707e-01,3.403796851634979248e-01,8.919517397880554199e-01
9.356393218040466309e-01,1.666534423828125000e+00,9.230024814605712891e-01
7.821283340454101562e-01,4.394092559814453125e+00,2.849492728710174561e-01
5.341494679450988770e-01,3.190061330795288086e+00,4.092632234096527100e-01
5.724748969078063965e-02,4.026695251464843750e+00,6.960730552673339844e-01
9.070853590965270996e-01,1.285079270601272583e-01,9.905622154474258423e-02
9.027189016342163086e-01,2.867531299591064453e+00,7.060502171516418457e-01
9.512429833412170410e-01,1.140615940093994141e+00,9.708037376403808594e-01
1.925604194402694702e-01,1.970556259155273438e+00,6.543091535568237305e-01
9.119122028350830078e-01,4.007568836212158203e+00,6.772469878196716309e-01
9.245047569274902344e-01,1.629496335983276367e+00,9.760361313819885254e-01
7.415988445281982422e-01,2.512938976287841797e+00,7.786412239074707031e-01
5.243971347808837891e-01,3.235821247100830078e+00,5.637773871421813965e-01
2.016223073005676270e-01,1.744822978973388672e+00,7.486962080001831055e-01
8.990905880928039551e-01,4.117749691009521484e+00,7.674532532691955566e-01
5.690588951110839844e-01,2.639974117279052734e+00,9.390215575695037842e-02
5.336510539054870605e-01,3.577196836471557617e+00,1.358019113540649414e-01
5.240263938903808594e-01,4.008564949035644531e+00,5.341909825801849365e-03
7.518860697746276855e-01,1.199431061744689941e+00,4.739235043525695801e-01
3.199812173843383789e-01,2.500419378280639648e+00,9.665126204490661621e-01
1.067035049200057983e-01,4.353961944580078125e+00,2.141274064779281616e-01
9.486842155456542969e-01,4.272263348102569580e-01,2.053761929273605347e-01
8.752943277359008789e-01,1.142073720693588257e-01,7.589221000671386719e-01
8.149110674858093262e-01,4.481999874114990234e-01,6.039512753486633301e-01
9.358363151550292969e-01,4.027471065521240234e+00,6.592219695448875427e-03
6.332834959030151367e-01,2.789726734161376953e+00,7.780995965003967285e-01
4.419041052460670471e-02,1.910515189170837402e+00,3.837197721004486084e-01
9.593404829502105713e-02,3.006949901580810547e+00,2.980334758758544922e-01
6.768059730529785156e-01,7.098298668861389160e-01,2.701369822025299072e-01
5.338713526725769043e-01,3.874044895172119141e+00,9.912211894989013672e-01
4.966702163219451904e-01,1.782594680786132812e+00,7.045872211456298828e-01
5.980075597763061523e-01,2.551771879196166992e+00,5.473766922950744629e-01
8.424442410469055176e-01,4.183177471160888672e+00,4.386545419692993164e-01
5.865049362182617188e-01,3.871973752975463867e+00,6.202897429466247559e-01
6.906383037567138672e-01,3.376168310642242432e-01,7.178217768669128418e-01
8.619796633720397949e-01,1.442621231079101562e+00,3.537987470626831055e-01
2.463908344507217407e-01,1.349418520927429199e+00,5.560242533683776855e-01
1.550552248954772949e-01,2.248072385787963867e+00,6.587733626365661621e-01
9.466087073087692261e-02,4.678290367126464844e+00,7.940198779106140137e-01
4.978932738304138184e-01,3.078803777694702148e+00,5.337594747543334961e-01
3.266959786415100098e-01,7.565357685089111328e-01,3.564705848693847656e-01
2.226433157920837402e-01,2.420119047164916992e-01,6.308560967445373535e-01
1.392577737569808960e-01,1.078163385391235352e+00,1.314763873815536499e-01
6.760945916175842285e-01,4.786853790283203125e+00,8.074812889099121094e-01
7.825699448585510254e-02,2.748495578765869141e+00,4.163898527622222900e-02
8.192817568778991699e-01,4.569654464721679688e+00,9.340162873268127441e-01
4.348024725914001465e-02,4.724083900451660156e+00,4.274336099624633789e-01
6.598033905029296875e-01,1.761968731880187988e+00,7.940235733985900879e-01
1.634578257799148560e-01,2.004522323608398438e+00,1.186220943927764893e-01
1.406977176666259766e-01,2.088510751724243164e+00,5.328246951103210449e-01
3.707086741924285889e-01,2.792083978652954102e+00,3.884631991386413574e-01
5.975646376609802246e-01,5.108146667480468750e-01,2.543539106845855713e-01
7.103619724512100220e-02,1.000796437263488770e+00,2.851538956165313721e-01
7.442933917045593262e-01,2.602213859558105469e+00,7.784065008163452148e-01
3.745447397232055664e-01,3.387263298034667969e+00,8.628911375999450684e-01
6.378366798162460327e-02,4.144376754760742188e+00,2.199423909187316895e-01
9.914829134941101074e-01,1.830348849296569824e+00,2.291013598442077637e-01
6.617738604545593262e-01,1.070663928985595703e+00,3.376752734184265137e-01
7.344661951065063477e-01,4.419559001922607422e+00,6.920379996299743652e-01
3.380968868732452393e-01,1.510481953620910645e+00,9.051306843757629395e-01
3.142236471176147461e-01,3.248100042343139648e+00,8.114121556282043457e-01
7.412747144699096680e-01,4.220081329345703125e+00,6.229589581489562988e-01
4.011981785297393799e-01,2.886626243591308594e+00,6.099210977554321289e-01
9.754277765750885010e-02,4.277315616607666016e+00,8.870903849601745605e-01
7.729300260543823242e-01,4.955580711364746094e+00,8.744783997535705566e-01
3.719338178634643555e-01,4.823894977569580078e+00,7.099236249923706055e-01
8.602929115295410156e-01,2.979090929031372070e+00,1.480138488113880157e-02
9.669108390808105469e-01,3.884010553359985352e+00,8.807203769683837891e-01
4.757390022277832031e-01,1.124291062355041504e+00,9.557381272315979004e-01
3.507665395736694336e-01,4.616122245788574219e+00,1.511333137750625610e-02
8.248974680900573730e-01,4.751117229461669922e+00,1.392206847667694092e-01
7.746306061744689941e-01,1.051641941070556641e+00,9.666647315025329590e-01
6.652461886405944824e-01,3.099743127822875977e-01,1.003413870930671692e-01
7.050091624259948730e-01,4.049839973449707031e-01,9.627448320388793945e-01
6.926091387867927551e-03,2.574827194213867188e+00,4.965601861476898193e-01
5.718821883201599121e-01,5.679246187210083008e-01,4.730127155780792236e-01
6.371437907218933105e-01,4.258028030395507812e+00,1.154856234788894653e-01
5.308452844619750977e-01,1.171880841255187988e+00,8.043025135993957520e-01
5.033121109008789062e-01,4.773593902587890625e+00,8.738727569580078125e-01
3.367097973823547363e-01,3.065388917922973633e+00,8.411268591880798340e-01
7.934949398040771484e-01,1.567392706871032715e+00,4.676831364631652832e-01
9.591199755668640137e-01,1.836704760789871216e-01,2.405325621366500854e-01
5.471284687519073486e-02,5.777430161833763123e-02,5.257618427276611328e-01
9.367685765027999878e-02,9.997938573360443115e-02,2.825997471809387207e-01
1.688792556524276733e-01,4.546805858612060547e+00,8.002374768257141113e-01
9.758981466293334961e-01,4.842349529266357422e+00,4.458368420600891113e-01
2.991150617599487305e-01,3.481342494487762451e-01,3.356657326221466064e-01
2.506446242332458496e-01,2.666416645050048828e+00,4.548073709011077881e-01
5.836824178695678711e-01,2.610727787017822266e+00,9.969590306282043457e-01
1.164970844984054565e-01,3.757296562194824219e+00,7.404811382293701172e-01
7.700326293706893921e-02,8.916260600090026855e-01,8.976596593856811523e-01
1.864084452390670776e-01,3.547785520553588867e+00,7.787810564041137695e-01
4.852045178413391113e-01,4.912089824676513672e+00,7.304265499114990234e-01
9.829007387161254883e-01,1.457693934440612793e+00,2.894451916217803955e-01
6.957409381866455078e-01,2.190127134323120117e+00,1.197789758443832397e-01
1.328133493661880493e-01,4.987828254699707031e+00,7.484023571014404297e-01
4.445457756519317627e-01,4.888856887817382812e+00,9.768705815076828003e-02
7.442783117294311523e-01,1.216210484504699707e+00,4.401588141918182373e-01
9.965745210647583008e-01,2.143330812454223633e+00,8.979269266128540039e-01
1.046587750315666199e-01,5.821816921234130859e-01,6.050786972045898438e-01
7.554644346237182617e-01,1.425207972526550293e+00,5.286008119583129883e-01
3.684825301170349121e-01,8.342272043228149414e-01,9.347515702247619629e-01
1.501631438732147217e-01,2.672504425048828125e+00,2.498354464769363403e-01
8.011804819107055664e-01,5.399977564811706543e-01,3.021916449069976807e-01
7.791049480438232422e-01,6.336980462074279785e-01,2.896300256252288818e-01
3.132062852382659912e-01,1.047651410102844238e+00,7.718589901924133301e-01
6.476514935493469238e-01,1.861601352691650391e+00,7.567499279975891113e-01
3.266941308975219727e-01,1.040310226380825043e-02,9.892020225524902344e-01
8.074271609075367451e-04,7.502918243408203125e-01,1.774380728602409363e-02
3.612108826637268066e-01,1.009588241577148438e+00,7.868553400039672852e-01
6.540316939353942871e-01,1.679180145263671875e+00,8.935093283653259277e-01
8.168505430221557617e-01,2.235172271728515625e+00,7.287524342536926270e-01
3.844216763973236084e-01,3.434079885482788086e+00,8.445439338684082031e-01
2.689899504184722900e-01,3.601497411727905273e+00,1.501418352127075195e-01
6.835706830024719238e-01,2.459100961685180664e+00,5.230726003646850586e-01
9.283961653709411621e-01,4.690558910369873047e+00,9.337215423583984375e-01
1.851801276206970215e-01,2.871177673339843750e+00,8.193188309669494629e-01
5.839548707008361816e-01,3.605871200561523438e+00,4.404562413692474365e-01
5.531288385391235352e-01,2.621565818786621094e+00,9.179461002349853516e-01
7.897592186927795410e-01,3.044771194458007812e+00,7.505924105644226074e-01
3.426769375801086426e-01,4.451834678649902344e+00,5.398602038621902466e-02
8.481676578521728516e-01,3.563905239105224609e+00,4.897132515907287598e-02
1.546970456838607788e-01,3.011691331863403320e+00,5.104881152510643005e-02
4.526218771934509277e-01,2.883774042129516602e+00,9.670251607894897461e-01
7.866939902305603027e-01,3.009116649627685547e+00,6.303477287292480469e-02
5.613837391138076782e-02,3.597652435302734375e+00,7.185105085372924805e-01
4.254491031169891357e-01,2.975104808807373047e+00,9.622256755828857422e-01
1.896349787712097168e-01,4.828098773956298828e+00,9.053575247526168823e-02
5.085338354110717773e-01,2.315900325775146484e+00,4.010136723518371582e-01
4.197442829608917236e-01,2.515206098556518555e+00,1.319800019264221191e-01
1.728393733501434326e-01,1.490023255348205566e+00,8.579506874084472656e-01
1.162937507033348083e-01,4.200367927551269531e+00,6.838628649711608887e-01
4.706507623195648193e-01,3.575284004211425781e+00,4.957424998283386230e-01
9.593678116798400879e-01,2.223783493041992188e+00,6.037407517433166504e-01
9.169691801071166992e-01,2.917540788650512695e+00,5.496199727058410645e-01
6.598492264747619629e-01,2.427626848220825195e+00,9.880461692810058594e-01
1.721000969409942627e-01,1.884905219078063965e+00,6.688629984855651855e-01
4.660413861274719238e-01,4.767786502838134766e+00,8.624918013811111450e-02
6.020825505256652832e-01,2.514208555221557617e+00,3.386753201484680176e-01
2.421343624591827393e-01,3.072020053863525391e+00,9.975262880325317383e-01
8.565925955772399902e-01,2.410406827926635742e+00,1.695988774299621582e-01
5.026841163635253906e-01,3.665571212768554688e+00,6.022604107856750488e-01
1.310606896877288818e-01,1.806579113006591797e+00,3.741797208786010742e-01
2.908730320632457733e-02,1.727184802293777466e-01,2.908229231834411621e-01
8.485383391380310059e-01,1.159469127655029297e+00,3.632877767086029053e-01
2.238780558109283447e-01,3.686668395996093750e+00,3.693272545933723450e-02
8.755137920379638672e-01,7.736319303512573242e-01,8.132706582546234131e-02
7.364912033081054688e-01,2.801847934722900391e+00,9.178006649017333984e-01
8.038653731346130371e-01,1.696570634841918945e+00,8.693147897720336914e-01
5.175418853759765625e-01,4.025855064392089844e+00,8.858730196952819824e-01
4.632095396518707275e-01,4.682823657989501953e+00,2.354700118303298950e-01
2.032194584608078003e-01,7.759736478328704834e-02,7.971522808074951172e-01
7.633357048034667969e-01,1.341873764991760254e+00,5.516868233680725098e-01
5.327530205249786377e-02,3.089163541793823242e+00,5.161532163619995117e-01
7.633310556411743164e-01,2.139654874801635742e+00,8.020310997962951660e-01
1.819692105054855347e-01,4.719361782073974609e+00,6.059278249740600586e-01
4.434230327606201172e-01,1.227192640304565430e+00,7.928123474121093750e-01
1.294207423925399780e-01,4.142366409301757812e+00,1.604674011468887329e-01
6.079924702644348145e-01,3.245531082153320312e+00,7.231186628341674805e-01
4.537339508533477783e-01,4.281710624694824219e+00,3.291176855564117432e-01
9.091202616691589355e-01,3.493950843811035156e+00,1.721509099006652832e-01
6.829499006271362305e-01,3.857892513275146484e+00,4.498140811920166016e-01
2.627278268337249756e-01,2.003260135650634766e+00,9.826112985610961914e-01
1.005670651793479919e-01,1.103303313255310059e+00,5.777106881141662598e-01
3.239959105849266052e-02,3.683054685592651367e+00,3.133568167686462402e-01
1.946111023426055908e-01,2.943402767181396484e+00,1.606998890638351440e-01
4.036102071404457092e-02,6.278382539749145508e-01,7.540855556726455688e-02
5.291797518730163574e-01,1.266071081161499023e+00,5.634946227073669434e-01
4.205809831619262695e-01,1.277304530143737793e+00,8.148794770240783691e-01
7.742039859294891357e-02,2.928137302398681641e+00,2.633497714996337891e-01
5.751727223396301270e-01,2.004313945770263672e+00,5.001413822174072266e-01
3.623377531766891479e-02,4.367681503295898438e+00,6.441703438758850098e-01
6.668372154235839844e-01,3.114012181758880615e-01,8.290603160858154297e-01
6.127886176109313965e-01,1.652199149131774902e+00,7.696093916893005371e-01
6.137841939926147461e-01,4.147472858428955078e+00,2.424530237913131714e-01
4.961418807506561279e-01,4.343903541564941406e+00,2.619039416313171387e-01
5.019878149032592773e-01,2.719985544681549072e-01,8.030465245246887207e-01
1.307757496833801270e-01,1.507984638214111328e+00,2.663601934909820557e-01
4.223121702671051025e-01,3.748658299446105957e-01,4.265116453170776367e-01
3.931689560413360596e-01,4.634897708892822266e+00,2.851313650608062744e-01
5.380005836486816406e-01,1.449725508689880371e+00,5.202517509460449219e-01
1.818207204341888428e-01,3.640744686126708984e+00,8.868276476860046387e-01
2.316368371248245239e-02,1.885572075843811035e-01,6.037469506263732910e-01
3.469618260860443115e-01,1.744523882865905762e+00,8.720344305038452148e-01
8.049593567848205566e-01,7.319273948669433594e-01,3.235043883323669434e-01
7.505300641059875488e-01,4.920947074890136719e+00,9.749573469161987305e-01
6.188461780548095703e-01,3.326558172702789307e-01,1.371624469757080078e-01
1.667623370885848999e-01,2.886883735656738281e+00,2.155855894088745117e-01
7.960523366928100586e-01,1.195849657058715820e+00,5.713366270065307617e-01
7.984257936477661133e-01,4.075516223907470703e+00,6.587422490119934082e-01
3.802343737334012985e-03,4.900797009468078613e-01,4.190075993537902832e-01
1.363133192062377930e-01,4.237803936004638672e+00,5.336214303970336914e-01
9.421972632408142090e-01,2.592131137847900391e+00,8.248211741447448730e-01
4.121674597263336182e-01,2.691774129867553711e+00,4.250898361206054688e-01
6.601434350013732910e-01,4.642118930816650391e+00,2.384308129549026489e-01
8.960512280464172363e-01,6.427589058876037598e-01,4.463394284248352051e-01
9.828304052352905273e-01,3.826220989227294922e+00,8.673252537846565247e-03
6.718294620513916016e-01,5.268043279647827148e-01,5.917807221412658691e-01
7.000975012779235840e-01,2.774703979492187500e+00,1.991633474826812744e-01
4.502858817577362061e-01,3.933100700378417969e+00,1.719064414501190186e-01
1.727769523859024048e-01,3.961926221847534180e+00,7.175961732864379883e-01
8.913869857788085938e-01,2.672889232635498047e+00,7.989630699157714844e-01
7.711076736450195312e-01,2.217929840087890625e+00,7.337502241134643555e-01
7.122034430503845215e-01,1.561474204063415527e+00,9.655780196189880371e-01
7.304500788450241089e-02,2.492228507995605469e+00,5.494956970214843750e-01
7.618731260299682617e-01,2.373813837766647339e-01,5.725631117820739746e-01
6.446818355470895767e-03,1.921604990959167480e+00,1.237065792083740234e-01
4.668644070625305176e-01,1.074685335159301758e+00,8.823197484016418457e-01
3.138343095779418945e-01,3.082011222839355469e+00,8.374046087265014648e-01
2.179659307003021240e-01,5.558168888092041016e-01,1.657459326088428497e-02
3.400269150733947754e-01,3.340422868728637695e+00,5.201584100723266602e-01
4.404597580432891846e-01,4.741116523742675781e+00,3.176080882549285889e-01
7.983455657958984375e-01,4.401795387268066406e+00,4.520587995648384094e-02
2.225661873817443848e-01,3.847846269607543945e+00,9.209513664245605469e-01
9.163022637367248535e-01,3.247261524200439453e+00,7.951654791831970215e-01
1.068236008286476135e-01,3.631658077239990234e+00,8.386087417602539062e-02
6.169812679290771484e-01,4.398667812347412109e+00,1.730023138225078583e-02
5.827184021472930908e-02,3.357201814651489258e+00,4.426321983337402344e-01
6.667130589485168457e-01,3.076051950454711914e+00,8.285584449768066406e-01
2.865159511566162109e-01,4.287802219390869141e+00,7.694731354713439941e-01
2.256325930356979370e-01,2.339237689971923828e+00,3.799919188022613525e-01
5.893786549568176270e-01,2.854447662830352783e-01,7.238105535507202148e-01
9.008064270019531250e-01,3.551807403564453125e+00,5.446476340293884277e-01
3.929892182350158691e-01,1.841664552688598633e+00,1.811451464891433716e-01
2.430902868509292603e-01,2.561119794845581055e+00,5.406684279441833496e-01
7.140476107597351074e-01,1.431506752967834473e+00,2.254828065633773804e-01
4.713422656059265137e-01,4.326267719268798828e+00,5.698747634887695312e-01
6.464040279388427734e-01,1.180776476860046387e+00,5.729659199714660645e-01
4.192124605178833008e-01,4.549896717071533203e+00,1.475162357091903687e-01
2.542893290519714355e-01,9.725056886672973633e-01,5.521966889500617981e-02
3.671777248382568359e-02,1.481149792671203613e-01,3.653593361377716064e-01
3.660582005977630615e-02,1.026408076286315918e+00,4.729995131492614746e-01
2.299287170171737671e-01,2.621590375900268555e+00,7.805773615837097168e-01
7.988325357437133789e-01,3.313301563262939453e+00,2.504942119121551514e-01
5.742458701133728027e-01,2.931493520736694336e+00,3.117026388645172119e-01
6.954149007797241211e-01,4.269356250762939453e+00,8.890194892883300781e-01
9.309651851654052734e-01,3.949883222579956055e+00,7.559484839439392090e-01
3.181641101837158203e-01,3.827934265136718750e+00,4.229708909988403320e-01
9.350054860115051270e-01,4.606513977050781250e+00,7.356072068214416504e-01
5.312508344650268555e-01,2.684255123138427734e+00,3.322644829750061035e-01
4.603053331375122070e-01,3.291828155517578125e+00,8.465144038200378418e-01
3.915415108203887939e-01,1.887132167816162109e+00,3.570813238620758057e-01
3.183553516864776611e-01,4.085638999938964844e+00,3.218274563550949097e-02
3.103713989257812500e-01,7.429586052894592285e-01,7.889665961265563965e-01
5.249562859535217285e-01,1.493224501609802246e+00,3.924670815467834473e-01
6.698981523513793945e-01,3.256246089935302734e+00,6.625361442565917969e-01
9.173220396041870117e-02,9.755060672760009766e-01,7.100102901458740234e-01
7.157392501831054688e-01,4.502396106719970703e+00,5.080761313438415527e-01
8.070398569107055664e-01,1.051078915596008301e+00,6.685563921928405762e-01
7.175712585449218750e-01,1.279123306274414062e+00,7.904777526855468750e-01
4.547670185565948486e-01,2.314502239227294922e+00,2.954984605312347412e-01
3.170943856239318848e-01,2.197492599487304688e+00,3.577516973018646240e-01
2.114705741405487061e-01,1.561227321624755859e+00,6.239901185035705566e-01
8.823869228363037109e-01,4.288806915283203125e+00,1.671805828809738159e-01
7.950491905212402344e-01,3.857582569122314453e+00,6.148117184638977051e-01
8.563833236694335938e-01,2.332193702459335327e-01,5.989504456520080566e-01
8.492064476013183594e-01,1.403115987777709961e+00,6.353729367256164551e-01
5.867750644683837891e-01,8.486590981483459473e-01,6.026474833488464355e-01
8.451490402221679688e-01,1.584886670112609863e+00,8.564038276672363281e-01
3.595600724220275879e-01,1.633993625640869141e+00,5.601722598075866699e-01
5.657346844673156738e-01,2.765344858169555664e+00,4.421423673629760742e-01
4.767350554466247559e-01,3.404464006423950195e+00,5.322150588035583496e-01
3.871872723102569580e-01,3.136104822158813477e+00,3.468552529811859131e-01
6.730383634567260742e-01,2.677924871444702148e+00,8.053559064865112305e-01
9.578711390495300293e-01,4.660789966583251953e+00,9.678544402122497559e-01
3.498672544956207275e-01,2.855641365051269531e+00,2.417144924402236938e-01
8.290234208106994629e-01,1.835691213607788086e+00,1.406254917383193970e-01
2.205505669116973877e-01,1.991331458091735840e+00,7.697322368621826172e-01
4.444499611854553223e-01,2.724707841873168945e+00,5.156305804848670959e-02
7.268980741500854492e-01,8.686240911483764648e-01,8.030799031257629395e-01
2.634668350219726562e-01,4.175946116447448730e-01,4.573290944099426270e-01
1.948475390672683716e-01,2.690261602401733398e+00,3.349590301513671875e-01
5.440499186515808105e-01,1.230295777320861816e+00,3.197200000286102295e-01
3.505586087703704834e-01,2.376991987228393555e+00,7.295852899551391602e-01
7.798857688903808594e-01,3.397901773452758789e+00,1.220302730798721313e-01
2.948641479015350342e-01,4.543432891368865967e-01,9.707990884780883789e-01
7.692314386367797852e-01,4.931878566741943359e+00,7.484104037284851074e-01
9.219256043434143066e-01,3.511501550674438477e+00,5.297666192054748535e-01
2.384046465158462524e-02,4.762651622295379639e-01,1.296609640121459961e-01
4.799214601516723633e-01,1.666685461997985840e+00,8.036029934883117676e-01
3.892011940479278564e-01,2.836325883865356445e+00,7.678902745246887207e-01
8.341103196144104004e-01,4.108352959156036377e-01,9.764288067817687988e-01
1.109800860285758972e-01,4.248135566711425781e+00,1.077715530991554260e-01
3.666136264801025391e-01,1.925885677337646484e-01,7.041214108467102051e-01
6.397723918780684471e-04,4.795925915241241455e-01,1.634135656058788300e-02
1.253366321325302124e-01,4.076628208160400391e+00,5.921759605407714844e-01
7.934151291847229004e-01,2.022820472717285156e+00,2.638010978698730469e-01
2.884545922279357910e-01,3.356825113296508789e+00,9.121278524398803711e-01
2.454474866390228271e-01,3.708353281021118164e+00,9.309945702552795410e-01
2.796494066715240479e-01,4.647750854492187500e+00,1.681518256664276123e-01
8.937525749206542969e-01,4.297445774078369141e+00,4.700439274311065674e-01
3.502259775996208191e-02,4.311953544616699219e+00,3.092246651649475098e-01
1.402445286512374878e-01,1.742891430854797363e+00,5.314855370670557022e-04
8.843891620635986328e-01,2.474475622177124023e+00,5.879022479057312012e-01
9.226154685020446777e-01,3.528910160064697266e+00,5.809208750724792480e-01
4.401100277900695801e-01,3.076722621917724609e-01,5.263545513153076172e-01
7.698028683662414551e-01,4.218717098236083984e+00,6.744145154953002930e-01
5.632169842720031738e-01,3.260991573333740234e+00,5.378669500350952148e-01
8.381593823432922363e-01,4.019424438476562500e+00,2.203270345926284790e-01
1.518397182226181030e-01,1.869504809379577637e+00,6.679386496543884277e-01
4.317779242992401123e-01,3.837456941604614258e+00,2.624044716358184814e-01
2.345181629061698914e-02,2.442009925842285156e+00,5.471112728118896484e-01
7.182422876358032227e-01,2.927127122879028320e+00,7.533043622970581055e-01
2.119781523942947388e-01,2.781817197799682617e+00,4.769155979156494141e-01
6.751154661178588867e-01,1.995152950286865234e+00,7.870858311653137207e-01
8.100733160972595215e-02,4.814585208892822266e+00,6.905439496040344238e-01
3.079243302345275879e-01,4.701092541217803955e-01,9.830955862998962402e-01
1.486219316720962524e-01,1.565886735916137695e+00,2.035877853631973267e-02
3.470225334167480469e-01,3.725826978683471680e+00,4.979991316795349121e-01
3.745299577713012695e-01,2.218448638916015625e+00,3.354985415935516357e-01
5.236709117889404297e-01,4.336378574371337891e+00,5.037615820765495300e-02
7.233011722564697266e-01,4.452399730682373047e+00,1.011151354759931564e-02
4.103470742702484131e-01,3.488102257251739502e-01,6.217733025550842285e-01
6.273229718208312988e-01,1.352422356605529785e+00,4.582419395446777344e-01
4.661047458648681641e-01,4.445650577545166016e+00,9.107252359390258789e-01
6.566826105117797852e-01,1.126933693885803223e+00,8.307528495788574219e-01
1.951509118080139160e-01,1.962121129035949707e+00,6.232661008834838867e-01
6.827629208564758301e-01,5.228457450866699219e-01,1.397685557603836060e-01
6.125037074089050293e-01,6.836016774177551270e-01,9.427291899919509888e-02
1.469644755125045776e-01,4.619852304458618164e-01,6.583198904991149902e-01
2.285711914300918579e-01,2.985152959823608398e+00,6.245084479451179504e-02
8.298628926277160645e-01,9.585717320442199707e-01,9.404349327087402344e-01
8.900728225708007812e-01,2.089241981506347656e+00,7.673414349555969238e-01
5.825350284576416016e-01,1.648077011108398438e+00,8.300884366035461426e-01
7.868814468383789062e-01,3.594972372055053711e+00,1.348059326410293579e-01
2.538398206233978271e-01,1.808474779129028320e+00,1.886133402585983276e-01
4.192993342876434326e-01,2.073530912399291992e+00,6.686381101608276367e-01
8.927624821662902832e-01,3.641325473785400391e+00,5.449103116989135742e-01
8.693369030952453613e-01,2.260386466979980469e+00,7.868900895118713379e-01
4.001681804656982422e-01,2.969591617584228516e+00,8.693369626998901367e-01
3.736381530761718750e-01,2.473146677017211914e+00,2.283747792243957520e-01
3.894846886396408081e-02,2.956934213638305664e+00,7.023141384124755859e-01
5.651950836181640625e-01,2.943443059921264648e+00,9.700996279716491699e-01
2.802113890647888184e-01,1.341845989227294922e+00,8.230724930763244629e-01
1.194410547614097595e-01,2.939937829971313477e+00,4.988945424556732178e-01
9.159607291221618652e-01,2.806584119796752930e+00,4.234815835952758789e-01
2.209108769893646240e-01,2.139061450958251953e+00,3.364019095897674561e-02
5.864239931106567383e-01,3.516656160354614258e+00,3.215821981430053711e-01
5.288875699043273926e-01,1.978266477584838867e+00,7.624298930168151855e-01
3.490539491176605225e-01,1.164424419403076172e+00,7.543563246726989746e-01
6.249661445617675781e-01,1.740504622459411621e+00,8.710919022560119629e-01
8.655300736427307129e-01,2.830988407135009766e+00,4.089750051498413086e-01
1.193808987736701965e-01,5.079453587532043457e-01,4.491746723651885986e-01
1.558367609977722168e-01,2.209309816360473633e+00,5.315395593643188477e-01
9.501990079879760742e-01,3.915551662445068359e+00,6.376024484634399414e-01
1.834255158901214600e-01,4.130199909210205078e+00,4.982519447803497314e-01
7.194377183914184570e-01,1.446981906890869141e+00,1.539721488952636719e-01
9.954747557640075684e-02,1.648462176322937012e+00,7.120119333267211914e-01
9.720010161399841309e-01,4.366981029510498047e+00,6.091151833534240723e-01
9.920031428337097168e-01,4.147274017333984375e+00,8.150165677070617676e-01
8.323367685079574585e-02,1.802680134773254395e+00,1.557914614677429199e-01
6.306231617927551270e-01,1.792089581489562988e+00,4.065661728382110596e-01
3.391972780227661133e-01,2.079110145568847656e+00,1.352092325687408447e-01
3.484321534633636475e-01,9.017258882522583008e-01,1.406000703573226929e-01
2.148674577474594116e-01,2.656506061553955078e+00,1.345870345830917358e-01
3.955285847187042236e-01,3.140235900878906250e+00,4.611458480358123779e-01
3.597233891487121582e-01,3.647461414337158203e+00,5.071652531623840332e-01
9.160733819007873535e-01,8.756648302078247070e-01,8.751484751701354980e-01
9.728152751922607422e-01,3.979512751102447510e-01,1.418809443712234497e-01
8.074144721031188965e-01,3.729874134063720703e+00,4.611681997776031494e-01
1.898584365844726562e-01,1.741889715194702148e+00,9.905801415443420410e-01
1.513567119836807251e-01,4.506202220916748047e+00,1.607027798891067505e-01
9.692157506942749023e-01,4.140927314758300781e+00,6.472246050834655762e-01
8.260094523429870605e-01,1.165961399674415588e-01,9.473828077316284180e-01
8.511885404586791992e-01,3.377991676330566406e+00,7.971841096878051758e-01
5.131495594978332520e-01,1.253662824630737305e+00,8.461049199104309082e-01
3.598849773406982422e-01,2.106883525848388672e+00,1.308069080114364624e-01
9.560346603393554688e-01,3.410209894180297852e+00,1.851393282413482666e-01
4.296646118164062500e-01,3.656951427459716797e+00,5.281385779380798340e-01
6.264415979385375977e-01,2.560404062271118164e+00,7.616834044456481934e-01
3.161756694316864014e-02,4.342610359191894531e+00,9.556609392166137695e-02
9.632470011711120605e-01,4.188101291656494141e-01,5.764033198356628418e-01
8.199076652526855469e-01,1.510163545608520508e+00,9.843342304229736328e-01
5.368641018867492676e-01,3.622890949249267578e+00,8.703429698944091797e-01
2.993150055408477783e-01,8.012799024581909180e-01,1.888065040111541748e-02
6.046031713485717773e-01,4.174009323120117188e+00,7.943729162216186523e-01
1.901647821068763733e-02,2.479470491409301758e+00,5.483983755111694336e-01
7.896178364753723145e-01,3.702086448669433594e+00,8.664713501930236816e-01
3.392777442932128906e-01,9.444696307182312012e-01,7.371554970741271973e-01
1.793809533119201660e-01,3.808917701244354248e-01,6.345946788787841797e-01
6.568643450736999512e-01,4.247395515441894531e+00,7.969514727592468262e-01
5.165934562683105469e-01,1.441231518983840942e-01,3.336673378944396973e-01
9.606893062591552734e-01,7.261016368865966797e-01,6.529361605644226074e-01
7.614689469337463379e-01,2.838615179061889648e+00,7.123765349388122559e-01
5.371288061141967773e-01,4.091122627258300781e+00,2.345967143774032593e-01
6.836091279983520508e-01,1.280989050865173340e-01,7.518344521522521973e-01
4.901262521743774414e-01,4.702834606170654297e+00,2.717923521995544434e-01
8.579708337783813477e-01,2.901504278182983398e+00,5.820278525352478027e-01
4.546038806438446045e-01,3.976165533065795898e+00,6.128036975860595703e-02
8.899996280670166016e-01,5.326139330863952637e-01,9.082233309745788574e-01
6.173116564750671387e-01,3.482078313827514648e+00,5.946745872497558594e-01
3.469407558441162109e-01,4.700250625610351562e+00,2.718648016452789307e-01
8.597837090492248535e-01,1.566237568855285645e+00,4.237989783287048340e-01
9.022331237792968750e-01,2.604993581771850586e-01,9.908655285835266113e-01
4.301052689552307129e-01,1.714654862880706787e-01,1.623597294092178345e-01
3.143916726112365723e-01,1.908888101577758789e+00,3.909064829349517822e-01
1.439138948917388916e-01,4.888921737670898438e+00,7.107487320899963379e-01
6.843757629394531250e-01,1.269737839698791504e+00,6.189063563942909241e-02
4.410728514194488525e-01,2.886208057403564453e+00,9.459124207496643066e-01
2.784512042999267578e-01,2.192115545272827148e+00,6.775066852569580078e-01
9.041237235069274902e-01,3.478349208831787109e+00,1.209509819746017456e-01
5.508420467376708984e-01,1.091838002204895020e+00,8.737272024154663086e-01
6.942632794380187988e-01,4.151475906372070312e+00,1.145473644137382507e-01
4.053223505616188049e-02,1.241324305534362793e+00,6.991067528724670410e-01
3.749232590198516846e-01,3.056797504425048828e+00,8.582735657691955566e-01
7.953564524650573730e-01,1.324905753135681152e+00,1.189818158745765686e-01
1.571438014507293701e-01,1.983581185340881348e+00,8.972619771957397461e-01
8.355965614318847656e-01,4.637565135955810547e+00,4.805589914321899414e-01
9.708529710769653320e-01,3.084755659103393555e+00,7.830114364624023438e-01
3.420854508876800537e-01,8.024308681488037109e-01,2.325249910354614258e-01
2.121180444955825806e-01,4.815929889678955078e+00,8.465024828910827637e-01
5.010621547698974609e-01,3.708035230636596680e+00,5.341865420341491699e-01
3.482424914836883545e-01,4.563116550445556641e+00,4.453324079513549805e-01
4.458427429199218750e-01,3.225218772888183594e+00,4.774129688739776611e-01
1.765103191137313843e-01,1.556365728378295898e+00,5.824868679046630859e-01
5.209690928459167480e-01,3.939088821411132812e+00,2.168684750795364380e-01
5.495190024375915527e-01,3.161890268325805664e+00,8.656585812568664551e-01
8.871525526046752930e-01,4.299788951873779297e+00,6.543181538581848145e-01
4.533376097679138184e-01,2.288675606250762939e-01,9.141602367162704468e-02
1.606124788522720337e-01,6.013972684741020203e-02,4.055638015270233154e-01
3.025877773761749268e-01,2.142325639724731445e+00,6.359582543373107910e-01
3.022469282150268555e-01,4.752081394195556641e+00,7.435118556022644043e-01
7.388557195663452148e-01,1.843476414680480957e+00,3.275220692157745361e-01
5.329810082912445068e-02,4.260944843292236328e+00,2.426065504550933838e-01
7.342594861984252930e-01,2.665563344955444336e+00,9.539649486541748047e-01
4.070866107940673828e-01,4.044168949127197266e+00,9.161007404327392578e-01
8.936846852302551270e-01,3.593678951263427734e+00,6.113926172256469727e-01
9.870144128799438477e-01,1.546034693717956543e+00,7.696639299392700195e-01
7.731217145919799805e-01,7.803520560264587402e-01,1.042348816990852356e-01
9.607676267623901367e-01,3.525195360183715820e+00,2.759257704019546509e-02
8.579198122024536133e-01,4.823100090026855469e+00,3.921085894107818604e-01
6.050327420234680176e-01,3.570841550827026367e+00,2.620020508766174316e-01
8.798127993941307068e-03,2.735931873321533203e+00,8.047870993614196777e-01
9.362913370132446289e-01,2.412626504898071289e+00,8.493205308914184570e-01
6.920925378799438477e-01,4.013904571533203125e+00,4.136617481708526611e-01
8.796339035034179688e-01,3.624030113220214844e+00,4.403746426105499268e-01
1.811905056238174438e-01,2.242013216018676758e+00,3.012919425964355469e-01
2.734366357326507568e-01,1.353706002235412598e+00,6.981446146965026855e-01
5.493223294615745544e-02,1.660215854644775391e+00,8.841778039932250977e-01
9.188559651374816895e-01,2.638442754745483398e+00,5.980203151702880859e-01
9.672932624816894531e-01,9.046167135238647461e-01,9.132919311523437500e-01
9.093107581138610840e-01,4.615218639373779297e+00,7.621000707149505615e-02
9.579402208328247070e-01,2.579925537109375000e+00,9.876779913902282715e-01
3.401581570506095886e-02,1.883862257003784180e+00,9.008345752954483032e-02
5.508748888969421387e-01,1.371790528297424316e+00,5.915089845657348633e-01
2.362319231033325195e-01,3.620970726013183594e+00,1.727706193923950195e-01
6.624338626861572266e-01,3.260485410690307617e+00,4.389493465423583984e-01
9.482072591781616211e-01,3.733426094055175781e+00,6.265417933464050293e-01
2.641885280609130859e-01,3.460525989532470703e+00,2.152645140886306763e-01
6.546931266784667969e-01,2.319102525711059570e+00,7.218360304832458496e-01
4.835387691855430603e-02,3.499931097030639648e+00,3.844604492187500000e-01
5.456521511077880859e-01,9.814823865890502930e-01,5.649055913090705872e-02
5.549841523170471191e-01,2.935849905014038086e+00,6.361087560653686523e-01
1.387012284249067307e-02,3.726220428943634033e-01,6.703820824623107910e-01
4.634612202644348145e-01,3.306450843811035156e-01,7.729266285896301270e-01
8.890559077262878418e-01,1.485172390937805176e+00,9.438136219978332520e-01
1.986898034811019897e-01,3.119963169097900391e+00,9.997657537460327148e-01
9.691026210784912109e-01,4.590414047241210938e+00,5.265377759933471680e-01
7.260363698005676270e-01,3.947082281112670898e+00,2.107469290494918823e-01
5.382885336875915527e-01,1.359142541885375977e+00,1.661881804466247559e-01
3.837377950549125671e-02,4.523676872253417969e+00,5.621477961540222168e-01
5.109615325927734375e-01,1.345827341079711914e+00,5.764772891998291016e-01
6.860191226005554199e-01,2.689176559448242188e+00,8.703063726425170898e-01
1.315674930810928345e-01,7.895067930221557617e-01,5.253064036369323730e-01
6.699465513229370117e-01,2.822263002395629883e+00,5.323167443275451660e-01
2.235653400421142578e-01,3.562356948852539062e+00,6.326807290315628052e-02
1.798743009567260742e-01,3.482600212097167969e+00,7.638389468193054199e-01
6.215530037879943848e-01,4.164319992065429688e+00,1.233661770820617676e-01
9.187785387039184570e-01,2.009069919586181641e-01,7.499037384986877441e-01
7.145992517471313477e-01,3.678385972976684570e+00,3.734422028064727783e-01
7.516096830368041992e-01,2.795943498611450195e+00,3.158262372016906738e-01
9.276233315467834473e-01,2.024598121643066406e+00,5.986619591712951660e-01
8.943035006523132324e-01,7.409099936485290527e-01,4.038153886795043945e-01
1.165405288338661194e-01,3.837810754776000977e+00,7.979628443717956543e-01
2.162818908691406250e-01,1.667203783988952637e+00,9.276829957962036133e-01
3.948065638542175293e-01,1.343485355377197266e+00,4.864906966686248779e-01
8.233809471130371094e-02,4.575169086456298828e+00,2.944956123828887939e-01
4.237066507339477539e-01,4.598320484161376953e+00,6.634466648101806641e-01
1.994978189468383789e-01,3.757602274417877197e-01,5.201296880841255188e-02
2.577566802501678467e-01,3.475726366043090820e+00,9.186912775039672852e-01
6.970468163490295410e-01,4.595878601074218750e+00,8.015788793563842773e-01
3.774419128894805908e-01,1.296286463737487793e+00,6.414909958839416504e-01
3.667767345905303955e-01,3.491286516189575195e+00,7.881520986557006836e-01
9.903706908226013184e-01,1.382217645645141602e+00,2.441070228815078735e-01
2.588864862918853760e-01,3.579670190811157227e+00,3.254616558551788330e-01
2.214724123477935791e-01,1.612412691116333008e+00,2.766085974872112274e-02
1.041380409151315689e-02,2.373215913772583008e+00,4.546104371547698975e-01
1.822836399078369141e-01,1.761220693588256836e-01,6.081374883651733398e-01
5.085077285766601562e-01,3.141839265823364258e+00,1.395446360111236572e-01
9.622977375984191895e-01,2.241348981857299805e+00,6.619390845298767090e-01
5.719699859619140625e-01,4.024514198303222656e+00,1.668068915605545044e-01
9.869475960731506348e-01,4.625037193298339844e+00,3.407895565032958984e-01
6.662848871201276779e-03,1.185418963432312012e+00,4.678105190396308899e-02
7.354638576507568359e-01,3.955676794052124023e+00,8.885436058044433594e-01
4.492958486080169678e-01,9.108842015266418457e-01,4.644031226634979248e-01
5.156924128532409668e-01,1.209151268005371094e+00,4.754365980625152588e-02
3.460476696491241455e-01,3.622967720031738281e+00,4.466814398765563965e-01
8.211470246315002441e-01,1.277195453643798828e+00,5.741785764694213867e-01
9.008007645606994629e-01,3.511000633239746094e+00,3.086567819118499756e-01
9.003844261169433594e-01,2.493812590837478638e-01,3.943125009536743164e-01
6.847767233848571777e-01,7.677472233772277832e-01,4.053277969360351562e-01
7.450502514839172363e-01,7.447078227996826172e-01,1.334498822689056396e-01
4.332506954669952393e-01,1.439860463142395020e+00,6.991566419601440430e-01
7.454841136932373047e-01,4.233965396881103516e+00,7.872954607009887695e-01
5.599101185798645020e-01,3.402294516563415527e-01,2.629418969154357910e-01
6.549481749534606934e-01,2.717977285385131836e+00,8.456119894981384277e-01
7.070224881172180176e-01,2.601862430572509766e+00,9.591771364212036133e-01
4.027269780635833740e-01,5.107179284095764160e-01,6.438427567481994629e-01
8.618026375770568848e-01,1.415548801422119141e+00,9.623464345932006836e-01
5.040366053581237793e-01,1.730198025703430176e+00,8.700657486915588379e-01
9.571898579597473145e-01,4.713530540466308594e+00,5.924961566925048828e-01
1.650370657444000244e-01,1.124947428703308105e+00,1.957158744335174561e-01
5.125592350959777832e-01,1.042762041091918945e+00,8.888050317764282227e-01
7.375476509332656860e-02,2.561294317245483398e+00,9.335727691650390625e-01
8.632177710533142090e-01,1.078270435333251953e+00,4.484863579273223877e-01
1.634158045053482056e-01,2.548275947570800781e+00,3.514651358127593994e-01
4.552558660507202148e-01,6.365933269262313843e-02,6.051815152168273926e-01
7.335829138755798340e-01,1.012202382087707520e+00,9.364180564880371094e-01
2.409718036651611328e-01,3.564522981643676758e+00,7.773837447166442871e-01
8.126324415206909180e-01,4.038923263549804688e+00,5.027886629104614258e-01
2.793199121952056885e-01,2.638080120086669922e+00,6.886370778083801270e-01
1.495489031076431274e-01,4.393182277679443359e+00,6.142964363098144531e-01
5.083142518997192383e-01,8.988149762153625488e-01,9.573338031768798828e-01
8.687570095062255859e-01,1.511285543441772461e+00,9.755331873893737793e-01
7.990416288375854492e-01,2.380890130996704102e+00,3.247904777526855469e-01
9.216043353080749512e-01,4.344192504882812500e+00,9.603709913790225983e-03
7.284376025199890137e-01,2.568057060241699219e+00,4.098447561264038086e-01
2.373005002737045288e-01,3.956652641296386719e+00,4.938958212733268738e-02
8.348640985786914825e-03,7.526550292968750000e-01,1.126559898257255554e-01
2.295735478401184082e-01,4.020263195037841797e+00,4.064797610044479370e-02
7.118094712495803833e-02,2.977230310440063477e+00,2.371140271425247192e-01
8.673290014266967773e-01,1.799068808555603027e+00,3.174749910831451416e-01
1.559566259384155273e-01,2.594933986663818359e+00,3.465585410594940186e-01
7.634248137474060059e-01,4.611817359924316406e+00,5.846876502037048340e-01
9.800418615341186523e-01,2.837389707565307617e-01,6.234495639801025391e-01
2.418104792013764381e-03,1.802555203437805176e+00,8.123301714658737183e-02
1.504961848258972168e-01,1.820016741752624512e+00,2.153517752885818481e-01
6.461038589477539062e-01,2.719010353088378906e+00,3.592262864112854004e-01
2.178101986646652222e-02,4.309905052185058594e+00,6.657371520996093750e-01
6.411004662513732910e-01,4.387077808380126953e+00,5.593228936195373535e-01
6.706859916448593140e-02,2.869534730911254883e+00,1.069426685571670532e-01
7.364901304244995117e-01,2.356800556182861328e+00,5.478581786155700684e-01
2.034921497106552124e-01,1.030843496322631836e+00,1.774525791406631470e-01
2.982800453901290894e-02,2.080514729022979736e-01,6.829431653022766113e-01
3.349049985408782959e-01,6.347135901451110840e-01,8.802443146705627441e-01
9.967990219593048096e-02,4.535613358020782471e-01,3.724812567234039307e-01
3.025672435760498047e-01,4.214856147766113281e+00,1.409052312374114990e-01
1.829379945993423462e-01,4.605016231536865234e+00,8.158093690872192383e-01
1.596034020185470581e-01,6.847226023674011230e-01,6.678849458694458008e-01
7.856303453445434570e-02,2.859812021255493164e+00,7.922464013099670410e-01
7.469031214714050293e-01,3.575311660766601562e+00,7.162682414054870605e-01
2.551834583282470703e-01,2.365745306015014648e+00,3.974274396896362305e-01
1.194152757525444031e-01,1.157201528549194336e-01,7.260755896568298340e-01
5.714580416679382324e-01,3.793081521987915039e+00,1.860327422618865967e-01
6.619567871093750000e-01,6.388464570045471191e-01,8.303247690200805664e-01
3.450806140899658203e-01,4.663206577301025391e+00,8.800532221794128418e-01
2.960649430751800537e-01,3.601383924484252930e+00,4.417047649621963501e-02
5.069907903671264648e-01,4.565351486206054688e+00,2.781527340412139893e-01
4.174963533878326416e-01,4.781946182250976562e+00,9.292594194412231445e-01
5.246187448501586914e-01,4.585822582244873047e+00,3.458115756511688232e-01
4.661038517951965332e-01,3.748182535171508789e+00,6.076166033744812012e-02
2.253603003919124603e-02,1.127506420016288757e-01,5.900684595108032227e-01
8.809611201286315918e-02,9.811140596866607666e-02,2.126454263925552368e-01
3.019957058131694794e-02,5.463180541992187500e-01,3.468825817108154297e-01
8.623782396316528320e-01,3.947334766387939453e+00,3.698917329311370850e-01
7.025595754384994507e-02,4.263719916343688965e-01,6.360543370246887207e-01
6.661263853311538696e-02,4.488748550415039062e+00,8.564543128013610840e-01
4.265177249908447266e-01,3.880867481231689453e+00,5.923586487770080566e-01
3.137162625789642334e-01,1.466982841491699219e+00,5.126650333404541016e-01
7.442848682403564453e-01,2.579424381256103516e+00,9.693331718444824219e-01
4.500260353088378906e-01,2.805675983428955078e+00,6.717349588871002197e-02
2.154897451400756836e-01,3.978771924972534180e+00,1.837834566831588745e-01
4.722973704338073730e-01,8.054729551076889038e-02,3.616348505020141602e-01
8.813693523406982422e-01,2.778639554977416992e+00,4.622103273868560791e-01
7.523938417434692383e-01,2.203643560409545898e+00,3.204330503940582275e-01
9.512069821357727051e-01,5.298278927803039551e-01,8.270829916000366211e-01
9.521622061729431152e-01,1.808846712112426758e+00,2.758162915706634521e-01
5.607015490531921387e-01,2.642896413803100586e+00,9.630295634269714355e-01
6.774962544441223145e-01,1.290452480316162109e+00,3.795414566993713379e-01
8.583889007568359375e-01,1.597113132476806641e+00,5.046544075012207031e-01
9.972551465034484863e-01,9.148269891738891602e-01,9.091143012046813965e-01
9.752001762390136719e-01,1.781812191009521484e+00,9.882932305335998535e-01
9.373059868812561035e-01,3.130748271942138672e+00,1.131203770637512207e-01
8.801422119140625000e-01,2.613743245601654053e-01,9.468896389007568359e-01
6.453821659088134766e-01,4.994393587112426758e-01,6.414297223091125488e-01
2.964366078376770020e-01,3.386816978454589844e+00,1.315539777278900146e-01
8.870739936828613281e-01,1.077348232269287109e+00,3.088425397872924805e-01
6.578816771507263184e-01,1.350981473922729492e+00,2.461647838354110718e-01
1.991489082574844360e-01,4.733740806579589844e+00,1.701006144285202026e-01
6.722595691680908203e-01,1.957047581672668457e-01,3.538570404052734375e-01
3.969995379447937012e-01,3.095889329910278320e+00,9.591807723045349121e-01
3.837436065077781677e-02,4.012685775756835938e+00,9.481925368309020996e-01
4.676105082035064697e-01,3.293388843536376953e+00,5.337852239608764648e-01
3.744897246360778809e-01,3.302528381347656250e+00,2.626947164535522461e-01
4.847368597984313965e-01,2.710034847259521484e+00,8.612464070320129395e-01
1.292187571525573730e-01,1.490850001573562622e-01,5.705029368400573730e-01
1.950485408306121826e-01,3.373085737228393555e+00,2.380703240633010864e-01
6.687151789665222168e-01,3.926599979400634766e+00,8.717623353004455566e-01
3.280004858970642090e-01,2.018203735351562500e+00,5.846540927886962891e-01
4.588542580604553223e-01,2.318069189786911011e-01,7.832430601119995117e-01
3.431465327739715576e-01,4.402011871337890625e+00,1.798090338706970215e-01
9.259799718856811523e-01,1.127506852149963379e+00,2.993874847888946533e-01
9.285471439361572266e-01,1.305844783782958984e+00,3.740451931953430176e-01
1.349420845508575439e-01,3.175249576568603516e+00,8.105275630950927734e-01
5.947816371917724609e-01,1.315295338630676270e+00,6.140772700309753418e-01
2.732214629650115967e-01,4.019867181777954102e-01,1.807109415531158447e-01
5.192622169852256775e-02,3.634409427642822266e+00,5.340279936790466309e-01
7.156820893287658691e-01,2.681973934173583984e+00,2.018942087888717651e-01
6.868869662284851074e-01,2.485596179962158203e+00,5.736068487167358398e-01
9.127923250198364258e-01,3.923171043395996094e+00,7.500132322311401367e-01
2.680237889289855957e-01,2.214982062578201294e-01,9.622183442115783691e-01
2.192572057247161865e-01,8.448486924171447754e-01,6.759870052337646484e-01
7.148368358612060547e-01,1.065220475196838379e+00,4.618670046329498291e-02
3.178177177906036377e-01,4.313181877136230469e+00,9.798580408096313477e-01
7.626283168792724609e-01,8.298646807670593262e-01,6.022912263870239258e-01
6.124022006988525391e-01,1.228059887886047363e+00,2.810255885124206543e-01
2.403189986944198608e-01,3.087181329727172852e+00,9.942017793655395508e-01
3.395204544067382812e-01,1.516988277435302734e+00,5.476066470146179199e-01
6.832770109176635742e-01,4.166451454162597656e+00,7.669888734817504883e-01
6.297297477722167969e-01,1.099373698234558105e+00,6.008841991424560547e-01
5.810691714286804199e-01,1.122601151466369629e+00,8.330999612808227539e-01
9.867029786109924316e-01,3.536130189895629883e+00,8.792944550514221191e-01
9.514648318290710449e-01,2.240983009338378906e+00,1.067533530294895172e-02
8.975260853767395020e-01,3.109140396118164062e+00,6.976740807294845581e-02
4.177609980106353760e-01,2.851941585540771484e+00,8.102142214775085449e-01
2.421507090330123901e-01,2.096495151519775391e+00,3.344646096229553223e-01
9.546196460723876953e-01,2.581530332565307617e+00,6.320535540580749512e-01
5.340715646743774414e-01,1.739353388547897339e-01,6.014795601367950439e-02
9.732692241668701172e-01,2.779857635498046875e+00,1.608879715204238892e-01
3.993819653987884521e-01,1.216527223587036133e+00,1.496764123439788818e-01
9.061847329139709473e-01,1.274781465530395508e+00,4.030279517173767090e-01
7.147980332374572754e-01,1.181237697601318359e+00,7.856027483940124512e-01
7.094416618347167969e-01,2.387023210525512695e+00,7.573045045137405396e-02
3.878363966941833496e-01,2.033843398094177246e-01,3.913112580776214600e-01
6.723511815071105957e-01,4.552870273590087891e+00,5.719891786575317383e-01
4.781800508499145508e-01,6.224120259284973145e-01,5.350575447082519531e-01
7.117291688919067383e-01,4.270139694213867188e+00,9.151991456747055054e-03
5.630429387092590332e-01,4.598326206207275391e+00,1.157375648617744446e-01
3.015691936016082764e-01,2.540352106094360352e+00,7.162660956382751465e-01
1.529680788516998291e-01,4.864413738250732422e+00,8.934382796287536621e-01
7.567420005798339844e-01,8.506410717964172363e-01,8.464343547821044922e-01
4.221669211983680725e-02,1.124728798866271973e+00,2.989312708377838135e-01
9.258910417556762695e-01,1.373288869857788086e+00,3.737375438213348389e-01
2.413499951362609863e-01,2.580830335617065430e+00,5.317363142967224121e-02
3.263002634048461914e-01,2.729654550552368164e+00,3.628463149070739746e-01
8.612238764762878418e-01,3.694667100906372070e+00,5.926819443702697754e-01
6.799209713935852051e-01,7.236860990524291992e-01,3.775731027126312256e-01
2.063797712326049805e-01,2.665055990219116211e+00,3.437238037586212158e-01
1.418046355247497559e-01,1.451756209135055542e-01,1.171059086918830872e-01
4.289169907569885254e-01,1.556342653930187225e-02,3.617062568664550781e-01
6.486864387989044189e-02,2.286474466323852539e+00,7.161505222320556641e-01
8.491281867027282715e-01,2.279705524444580078e+00,1.656326651573181152e-01
1.815389655530452728e-02,3.721964359283447266e+00,2.223050147294998169e-01
5.900731086730957031e-01,4.144390106201171875e+00,7.340391725301742554e-02
5.359677076339721680e-01,1.956786513328552246e+00,5.548959374427795410e-01
3.208471834659576416e-02,3.395577192306518555e+00,1.323378235101699829e-01
4.734932780265808105e-01,4.259290218353271484e+00,7.486355304718017578e-01
6.551719903945922852e-01,1.224581599235534668e+00,8.915750980377197266e-01
2.494002729654312134e-01,1.651970863342285156e+00,1.823641806840896606e-01
2.282922901213169098e-02,3.582340717315673828e+00,5.274594426155090332e-01
1.729812771081924438e-01,4.424194812774658203e+00,2.441183030605316162e-01
2.136255055665969849e-02,3.798619508743286133e+00,1.126524433493614197e-01
6.774467229843139648e-01,4.209238052368164062e+00,1.230131387710571289e-01
3.868108093738555908e-01,6.341128945350646973e-01,9.593238234519958496e-01
7.308607101440429688e-01,2.457405328750610352e+00,9.552931189537048340e-01
3.312481567263603210e-02,4.704498052597045898e-01,6.600578427314758301e-01
8.554322123527526855e-01,4.256136417388916016e+00,8.585375733673572540e-03
5.571186542510986328e-01,6.308314800262451172e-01,6.956921219825744629e-01
5.536480620503425598e-02,4.953015223145484924e-02,5.846279859542846680e-01
3.122259676456451416e-01,4.703489780426025391e+00,8.005939722061157227e-01
4.717336595058441162e-01,7.568698525428771973e-01,3.382708728313446045e-01
4.461987316608428955e-01,4.752953052520751953e+00,3.064575791358947754e-01
1.018066257238388062e-01,3.879779100418090820e+00,2.445711791515350342e-01
1.159081533551216125e-01,4.093774318695068359e+00,4.214861094951629639e-01
6.816172599792480469e-01,9.014862179756164551e-01,8.733427152037620544e-03
8.178505897521972656e-01,4.208895206451416016e+00,7.441882491111755371e-01
8.554660081863403320e-01,2.866232633590698242e+00,1.721071302890777588e-01
2.420613169670104980e-01,4.388825416564941406e+00,8.791475296020507812e-01
5.809799432754516602e-01,1.202775955200195312e+00,5.655277371406555176e-01
1.392546147108078003e-01,1.979298591613769531e+00,5.917654186487197876e-02
6.576937437057495117e-01,2.998956680297851562e+00,5.000373125076293945e-01
7.634617090225219727e-01,2.480634450912475586e+00,9.821495413780212402e-01
8.076455593109130859e-01,3.267891883850097656e+00,2.686642110347747803e-01
5.356984734535217285e-01,3.179723501205444336e+00,8.734815716743469238e-01
3.646432757377624512e-01,3.622803211212158203e+00,7.998628616333007812e-01
6.519769132137298584e-02,1.025878071784973145e+00,4.844295382499694824e-01
2.499013841152191162e-01,2.261455774307250977e+00,6.877344846725463867e-01
2.840610593557357788e-02,4.252607226371765137e-01,7.107862234115600586e-01
3.814977128058671951e-03,1.746741533279418945e+00,2.015110403299331665e-01
5.393804907798767090e-01,1.057033538818359375e+00,1.413277238607406616e-01
4.476961195468902588e-01,3.213324308395385742e+00,4.068674743175506592e-01
1.579225361347198486e-01,1.273795604705810547e+00,2.628768384456634521e-01
4.044990241527557373e-01,1.003840565681457520e+00,5.013389587402343750e-01
8.805068731307983398e-01,4.243165999650955200e-02,6.046096086502075195e-01
9.202936291694641113e-01,2.395132303237915039e+00,5.236269831657409668e-01
8.060625195503234863e-01,3.632455348968505859e+00,5.101605057716369629e-01
7.755553126335144043e-01,2.511194705963134766e+00,3.526076376438140869e-01
9.916488528251647949e-01,1.384433388710021973e+00,5.057736635208129883e-01
7.724041938781738281e-01,2.817852795124053955e-01,7.594952583312988281e-01
3.146823048591613770e-01,1.699495792388916016e+00,8.225903511047363281e-01
7.001417279243469238e-01,7.659307122230529785e-01,2.700133919715881348e-01
7.358646392822265625e-01,2.214099645614624023e+00,7.085505723953247070e-01
9.141443967819213867e-01,3.581856727600097656e+00,6.103457808494567871e-01
7.090095281600952148e-01,2.201721906661987305e+00,6.686139702796936035e-01
6.329395174980163574e-01,2.340088605880737305e+00,1.631601303815841675e-01
6.980102658271789551e-01,4.800673007965087891e+00,6.718605160713195801e-01
6.177173256874084473e-01,2.110577583312988281e+00,3.776722252368927002e-01
9.833727478981018066e-01,1.058797359466552734e+00,2.876942455768585205e-01
9.658966660499572754e-01,2.537812948226928711e+00,5.126947760581970215e-01
3.379429280757904053e-01,4.105806827545166016e+00,2.423866242170333862e-01
9.717899560928344727e-01,3.982426404953002930e+00,6.464736461639404297e-01
4.167458415031433105e-01,2.168174028396606445e+00,4.320005178451538086e-01
4.359444081783294678e-01,1.208238244056701660e+00,9.614464044570922852e-01
1.803043037652969360e-01,4.071376323699951172e+00,6.345001459121704102e-01
6.888713836669921875e-01,4.822927474975585938e+00,9.320493936538696289e-01
6.254919171333312988e-01,5.292695760726928711e-01,2.090336531400680542e-01
7.435796260833740234e-01,2.058539628982543945e+00,3.606105148792266846e-01
7.740997076034545898e-01,2.911844253540039062e+00,5.988425612449645996e-01
7.643674015998840332e-01,9.183552861213684082e-01,8.981000781059265137e-01
4.901668429374694824e-01,4.100879192352294922e+00,3.808247447013854980e-01
1.266457289457321167e-01,3.003802776336669922e+00,3.340440094470977783e-01
8.738672137260437012e-01,4.084244251251220703e+00,3.327992260456085205e-01
2.973658740520477295e-01,3.339847922325134277e-01,1.845086216926574707e-01
3.931934759020805359e-02,4.758382320404052734e+00,8.190788030624389648e-01
2.417627871036529541e-01,2.256859540939331055e+00,9.626709818840026855e-01
5.092008709907531738e-01,4.926695346832275391e+00,8.154992461204528809e-01
6.390647292137145996e-01,2.312117338180541992e+00,1.635268926620483398e-01
7.842748761177062988e-01,3.916196584701538086e+00,9.491305351257324219e-01
7.901608943939208984e-01,4.693747997283935547e+00,1.975986063480377197e-01
7.292230725288391113e-01,3.912922382354736328e+00,1.031396761536598206e-01
8.736160993576049805e-01,1.092240333557128906e+00,4.506157040596008301e-01
8.562900424003601074e-01,3.880058526992797852e+00,7.325549721717834473e-01
3.524217009544372559e-01,6.220620870590209961e-01,8.993005156517028809e-01
4.840207099914550781e-01,3.110689640045166016e+00,1.528747677803039551e-01
9.901288151741027832e-01,1.396978735923767090e+00,3.946927189826965332e-01
9.937165975570678711e-01,4.813217639923095703e+00,4.181243181228637695e-01
1.269411891698837280e-01,2.728220939636230469e+00,5.929148197174072266e-01
5.587971806526184082e-01,1.196310877799987793e+00,8.685334920883178711e-01
4.124112129211425781e-01,3.939201116561889648e+00,4.646791517734527588e-01
6.249803304672241211e-01,1.573412895202636719e+00,9.717049002647399902e-01
4.587394893169403076e-01,3.959663152694702148e+00,6.918117403984069824e-01
3.440701663494110107e-01,4.503088593482971191e-01,1.776775717735290527e-01
7.854257225990295410e-01,2.704043388366699219e+00,1.359862834215164185e-01
1.569716632366180420e-01,1.777046084403991699e+00,2.528215758502483368e-02
5.320304632186889648e-01,6.861633062362670898e-01,5.718550682067871094e-01
1.524838060140609741e-01,3.067644119262695312e+00,2.289466708898544312e-01
6.037969514727592468e-02,4.414512589573860168e-02,8.761729598045349121e-01
2.953221797943115234e-01,9.048473834991455078e-01,8.635941147804260254e-02
5.921454429626464844e-01,3.850235939025878906e+00,7.159817218780517578e-01
5.394801497459411621e-01,3.863281965255737305e+00,9.446024894714355469e-01
1.993167102336883545e-01,6.238835453987121582e-01,4.473875463008880615e-01
7.882387936115264893e-02,4.776526927947998047e+00,3.919781148433685303e-01
7.574415802955627441e-01,4.386439323425292969e+00,9.239037036895751953e-01
4.130221903324127197e-01,3.416395187377929688e+00,6.340981721878051758e-01
8.857352137565612793e-01,1.253194928169250488e+00,5.463693141937255859e-01
6.945089101791381836e-01,2.711900234222412109e+00,1.019970029592514038e-01
7.057933807373046875e-01,1.225488781929016113e+00,3.325544297695159912e-01
7.452416419982910156e-01,7.770009338855743408e-02,6.677472847513854504e-04
5.778190493583679199e-01,2.723511457443237305e+00,8.446716070175170898e-01
9.570085406303405762e-01,1.496032327413558960e-01,1.548102404922246933e-02
5.123624205589294434e-01,2.246546506881713867e+00,6.063581109046936035e-01
2.166468417271971703e-03,3.086911678314208984e+00,7.931849956512451172e-01
8.753530979156494141e-01,3.173852443695068359e+00,4.553451538085937500e-01
9.537124633789062500e-01,3.657044768333435059e-01,2.250387668609619141e-01
5.425971150398254395e-01,1.947703719139099121e+00,5.183510780334472656e-01
4.708020091056823730e-01,4.742086887359619141e+00,3.282538056373596191e-02
8.322533965110778809e-01,2.285989284515380859e+00,5.124037861824035645e-01
1.535371541976928711e-01,2.231325149536132812e+00,7.306218743324279785e-01
5.772507786750793457e-01,1.715653896331787109e+00,6.651321649551391602e-01
3.637988865375518799e-01,3.063884019851684570e+00,9.070528149604797363e-01
8.725554943084716797e-01,1.710229992866516113e+00,9.790624976158142090e-01
1.378253251314163208e-01,2.183831930160522461e+00,2.384752035140991211e-01
6.062604784965515137e-01,3.161615848541259766e+00,7.263000607490539551e-01
2.048237472772598267e-01,2.812849760055541992e+00,7.899844646453857422e-01
9.593026638031005859e-01,2.465628385543823242e+00,8.202938437461853027e-01
5.325543880462646484e-01,4.906932353973388672e+00,5.951867699623107910e-01
1.935165002942085266e-02,4.833277165889739990e-01,2.218020111322402954e-01
5.996807217597961426e-01,5.629376769065856934e-01,6.104128360748291016e-01
2.353443652391433716e-01,3.710708618164062500e+00,9.006896018981933594e-01
9.331204891204833984e-01,1.454091548919677734e+00,2.537065446376800537e-01
6.796636581420898438e-01,1.171566963195800781e+00,5.488075017929077148e-01
4.881939589977264404e-01,4.654625415802001953e+00,4.565120637416839600e-01
6.293935775756835938e-01,3.666951894760131836e+00,2.788231968879699707e-01
2.587128877639770508e-01,3.082052707672119141e+00,9.662826657295227051e-01
5.011636614799499512e-01,1.154983401298522949e+00,8.552523255348205566e-01
1.747709810733795166e-01,1.874704718589782715e+00,7.434424161911010742e-01
9.923567175865173340e-01,3.659315109252929688e+00,4.182280898094177246e-01
2.584457993507385254e-01,8.626586198806762695e-01,2.105512320995330811e-01
8.765400052070617676e-01,3.348330974578857422e+00,3.398613035678863525e-01
3.351068496704101562e-01,1.637165427207946777e+00,9.793159961700439453e-01
7.636298537254333496e-01,2.101947784423828125e+00,1.548214405775070190e-01
2.485822290182113647e-01,4.113874435424804688e+00,2.700683176517486572e-01
6.558066606521606445e-01,1.294027566909790039e+00,6.214180588722229004e-01
6.220756769180297852e-01,4.056737899780273438e+00,7.241790294647216797e-01
3.501411378383636475e-01,3.039886951446533203e+00,9.918427467346191406e-01
8.960312008857727051e-01,1.702274322509765625e+00,6.623959541320800781e-02
9.834579229354858398e-01,4.093872070312500000e+00,5.924414396286010742e-01
6.483829021453857422e-01,4.815622806549072266e+00,9.416428208351135254e-01
1.040022298693656921e-01,2.541988372802734375e+00,2.305114716291427612e-01
2.270842790603637695e-01,1.432418346405029297e+00,8.927287459373474121e-01
3.903228640556335449e-01,3.960943937301635742e+00,1.544001847505569458e-01
3.103550970554351807e-01,1.711470603942871094e+00,5.588282346725463867e-01
6.522414684295654297e-01,6.650576591491699219e-01,6.207235455513000488e-01
7.883725166320800781e-01,3.052619934082031250e+00,1.417024582624435425e-01
8.841329216957092285e-01,3.286723613739013672e+00,1.139429584145545959e-01
8.537427186965942383e-01,4.846442222595214844e+00,9.417203068733215332e-01
6.965664029121398926e-01,2.855954647064208984e+00,7.795098423957824707e-01
3.256045877933502197e-01,4.170768857002258301e-01,5.494980216026306152e-01
3.746299147605895996e-01,1.726555466651916504e+00,4.232236444950103760e-01
9.202316999435424805e-01,4.503108024597167969e+00,1.814029514789581299e-01
4.997588694095611572e-01,1.834164977073669434e+00,3.173125386238098145e-01
2.383078783750534058e-01,3.582482337951660156e+00,8.339707851409912109e-01
4.981341361999511719e-01,2.020233392715454102e+00,7.885521054267883301e-01
9.140297770500183105e-01,1.311431288719177246e+00,3.484078347682952881e-01
4.675032198429107666e-01,2.235593557357788086e+00,3.549367785453796387e-01
6.932151038199663162e-03,2.709289073944091797e+00,2.803578376770019531e-01
5.602172017097473145e-01,4.764598906040191650e-01,5.982210636138916016e-01
3.420480787754058838e-01,3.511619806289672852e+00,1.042364165186882019e-01
6.577124595642089844e-01,4.459156692028045654e-01,1.777416020631790161e-01
2.819144725799560547e-01,2.582366466522216797e-01,8.799637556076049805e-01
4.508187472820281982e-01,2.844112634658813477e+00,5.663397908210754395e-02
1.322309225797653198e-01,9.473422169685363770e-02,7.769317030906677246e-01
7.602024078369140625e-01,3.419638574123382568e-01,3.600139319896697998e-01
3.171825408935546875e-02,8.428454399108886719e-01,5.683996677398681641e-01
7.510736584663391113e-02,2.511757373809814453e+00,8.179641962051391602e-01
7.849613428115844727e-01,1.270392775535583496e+00,2.787619233131408691e-01
2.985434532165527344e-01,1.222707033157348633e+00,3.101473450660705566e-01
9.430803060531616211e-01,1.490755200386047363e+00,5.809088945388793945e-01
8.422423005104064941e-01,2.569015622138977051e-01,9.931247234344482422e-01
1.050826255232095718e-02,5.249416232109069824e-01,9.023801684379577637e-01
8.975082635879516602e-01,4.425355434417724609e+00,7.849820889532566071e-03
4.433842599391937256e-01,2.913439273834228516e+00,4.851306974887847900e-01
3.007931113243103027e-01,2.673851251602172852e+00,7.065724134445190430e-01
2.280662357807159424e-01,3.878760337829589844e+00,7.981725335121154785e-01
5.386576652526855469e-01,3.958855390548706055e+00,4.995545446872711182e-01
8.821689486503601074e-01,4.192384243011474609e+00,8.141820877790451050e-02
2.145309746265411377e-01,2.888187408447265625e+00,1.628959476947784424e-01
6.534024477005004883e-01,2.080600976943969727e+00,6.677311062812805176e-01
2.573518157005310059e-01,5.062959194183349609e-01,9.850820899009704590e-01
6.123583912849426270e-01,1.469553589820861816e+00,3.070967197418212891e-01
1.043263450264930725e-02,4.605949223041534424e-01,6.549951434135437012e-01
6.978083252906799316e-01,9.696690440177917480e-01,5.911400318145751953e-01
5.809164047241210938e-01,3.637574195861816406e+00,1.222209855914115906e-01
1.930450052022933960e-01,2.729651212692260742e+00,7.292492985725402832e-01
9.459112882614135742e-01,1.024581193923950195e+00,9.751443266868591309e-01
4.185674786567687988e-01,6.817152500152587891e-01,9.056722521781921387e-01
2.984192371368408203e-01,2.859830617904663086e+00,4.693723917007446289e-01
7.982646226882934570e-01,1.444754123687744141e+00,8.633092790842056274e-02
6.211071014404296875e-01,3.624083995819091797e-01,7.052406072616577148e-01
6.070265769958496094e-01,2.194541692733764648e+00,5.137415528297424316e-01
5.123645663261413574e-01,2.113141059875488281e+00,7.874836325645446777e-01
6.262416839599609375e-01,2.211275100708007812e+00,8.173136115074157715e-01
4.503546655178070068e-01,3.932024955749511719e+00,7.294827103614807129e-01
4.561846554279327393e-01,3.285870075225830078e+00,7.916877865791320801e-01
7.455518841743469238e-01,1.448730707168579102e+00,3.955428004264831543e-01
1.156558319926261902e-01,4.630149364471435547e+00,8.332987427711486816e-01
4.888405203819274902e-01,4.781968116760253906e+00,6.863792538642883301e-01
9.898864626884460449e-01,3.049900054931640625e+00,6.434082388877868652e-01
6.379455327987670898e-01,4.375221133232116699e-01,6.866207718849182129e-01
5.013861227780580521e-03,1.168688893318176270e+00,3.303297460079193115e-01
6.803823113441467285e-01,1.366757273674011230e+00,9.147059321403503418e-01
2.109024524688720703e-01,2.363171339035034180e+00,6.858752965927124023e-01
3.971025813370943069e-03,1.343048810958862305e+00,2.073902338743209839e-01
2.496655285358428955e-01,4.323155403137207031e+00,8.563649058341979980e-01
3.570563197135925293e-01,3.218459367752075195e+00,2.138226479291915894e-01
8.082211613655090332e-01,1.765340209007263184e+00,2.670621275901794434e-01
5.243124067783355713e-02,4.616136550903320312e+00,5.186966061592102051e-01
5.696182250976562500e-01,4.093345642089843750e+00,1.606345623731613159e-01
5.908969044685363770e-01,2.230927228927612305e+00,7.007142305374145508e-01
7.075827121734619141e-01,3.710354089736938477e+00,6.059605479240417480e-01
7.335607409477233887e-01,3.177282810211181641e+00,2.608949542045593262e-01
9.523839354515075684e-01,2.481832742691040039e+00,1.948887705802917480e-01
9.861603975296020508e-01,2.382516860961914062e+00,1.910723149776458740e-01
7.121188640594482422e-01,6.217409372329711914e-01,4.429089426994323730e-01
5.474481582641601562e-01,1.935348957777023315e-01,7.128850221633911133e-01
9.325821995735168457e-01,5.622552633285522461e-01,6.432600021362304688e-01
1.461926251649856567e-01,2.953071832656860352e+00,5.384504199028015137e-01
8.654604554176330566e-01,4.674188137054443359e+00,4.758112132549285889e-01
8.754307627677917480e-01,3.771886825561523438e-01,9.504204392433166504e-01
9.243034720420837402e-01,1.462762355804443359e+00,5.075570344924926758e-01
1.554033719003200531e-02,3.712741374969482422e+00,7.505547404289245605e-01
2.881453931331634521e-01,2.162144184112548828e+00,7.503820061683654785e-01
1.132092773914337158e-01,2.591260969638824463e-01,9.134973287582397461e-01
3.012396991252899170e-01,2.077619791030883789e+00,3.986060023307800293e-01
5.644994974136352539e-01,8.511078357696533203e-01,6.526962518692016602e-01
5.694401860237121582e-01,3.118527889251708984e+00,8.680574297904968262e-01
2.788614332675933838e-01,3.855769157409667969e+00,1.781301796436309814e-01
8.764070272445678711e-01,3.807133197784423828e+00,5.749993920326232910e-01
3.961524367332458496e-01,2.385426282882690430e+00,5.064144730567932129e-01
9.729483723640441895e-02,7.583708763122558594e-01,7.575628161430358887e-01
1.783902198076248169e-01,1.079943776130676270e+00,6.555693149566650391e-01
4.055875837802886963e-01,4.125863552093505859e+00,8.338447213172912598e-01
7.737920880317687988e-01,3.582138299942016602e+00,3.863216340541839600e-01
3.299832642078399658e-01,2.864359378814697266e+00,3.289187252521514893e-01
4.909314215183258057e-02,1.974686384201049805e-01,6.734290719032287598e-01
8.810906410217285156e-01,3.766387939453125000e+00,7.505016922950744629e-01
9.513669610023498535e-01,3.295468807220458984e+00,2.994858324527740479e-01
5.114958286285400391e-01,2.533909797668457031e+00,4.284464418888092041e-01
3.807626068592071533e-01,1.994156360626220703e+00,2.146741896867752075e-01
6.586509346961975098e-01,3.641895294189453125e+00,6.021043658256530762e-01
1.897984556853771210e-02,3.581044912338256836e+00,3.439111709594726562e-01
9.564974904060363770e-01,3.561621427536010742e+00,1.462863236665725708e-01
9.733743667602539062e-01,2.447343111038208008e+00,8.690061569213867188e-01
2.974583208560943604e-01,4.628043651580810547e+00,5.906569361686706543e-01
7.879853844642639160e-01,4.805884361267089844e+00,3.873585760593414307e-01
1.304712146520614624e-01,2.105929851531982422e+00,7.423593401908874512e-01
3.106602132320404053e-01,8.081337809562683105e-01,4.043811559677124023e-02
1.345062628388404846e-02,3.650476217269897461e+00,8.132059574127197266e-01
6.912844777107238770e-01,3.566405773162841797e-01,2.288895994424819946e-01
1.691444218158721924e-01,2.952193737030029297e+00,4.466837346553802490e-01
1.178907379508018494e-01,2.265450000762939453e+00,5.236292481422424316e-01
4.264554977416992188e-01,1.367466337978839874e-02,2.855912148952484131e-01
6.539577245712280273e-01,4.265621185302734375e+00,9.007144570350646973e-01
7.073585987091064453e-01,1.419921517372131348e+00,2.402241379022598267e-01
8.381049633026123047e-01,6.150673627853393555e-01,3.976692855358123779e-01
3.671779334545135498e-01,3.012488603591918945e+00,3.552548289299011230e-01
4.135540425777435303e-01,2.813512563705444336e+00,4.030646085739135742e-01
6.644073724746704102e-01,4.559862613677978516e+00,3.645720183849334717e-01
5.460655689239501953e-01,1.236676335334777832e+00,2.761552035808563232e-01
8.026992678642272949e-01,3.383135318756103516e+00,2.627656459808349609e-01
7.587104439735412598e-01,9.770150780677795410e-01,7.514765858650207520e-01
2.113481312990188599e-01,2.753932952880859375e+00,7.196626812219619751e-02
6.329475045204162598e-01,3.637813091278076172e+00,4.645074903964996338e-01
2.495537847280502319e-01,2.631968498229980469e+00,7.856236696243286133e-01
5.367352366447448730e-01,3.828296184539794922e+00,7.960894703865051270e-01
5.999856591224670410e-01,1.413752555847167969e+00,6.040832996368408203e-01
1.149604562669992447e-02,2.632509708404541016e+00,7.165043950080871582e-01
9.836878180503845215e-01,1.778394460678100586e+00,6.943328976631164551e-01
4.329064786434173584e-01,4.619288921356201172e+00,6.607328057289123535e-01
6.765458583831787109e-01,5.005613565444946289e-01,6.597511768341064453e-01
6.334373354911804199e-02,1.651237308979034424e-01,6.120521426200866699e-01
2.446028143167495728e-01,1.052315950393676758e+00,2.488756179809570312e-01
4.102910459041595459e-01,3.280092716217041016e+00,2.253171652555465698e-01
1.201996281743049622e-01,1.649609565734863281e+00,1.953362971544265747e-01
7.916811108589172363e-01,2.557840347290039062e+00,5.479884147644042969e-01
8.400742411613464355e-01,1.987360239028930664e+00,6.737369298934936523e-01
5.632671117782592773e-01,4.692282199859619141e+00,7.379802465438842773e-01
6.866564154624938965e-01,3.804019689559936523e+00,1.272613108158111572e-01
4.154742956161499023e-01,3.081568241119384766e+00,9.045686721801757812e-01
9.738390445709228516e-01,3.910341739654541016e+00,1.490173935890197754e-01
1.642199456691741943e-01,1.169394105672836304e-01,5.681968927383422852e-01
4.813985228538513184e-01,7.373297810554504395e-01,7.388988733291625977e-01
7.999065518379211426e-01,2.421374320983886719e+00,1.966285258531570435e-01
9.543305635452270508e-01,3.839996159076690674e-01,2.009179145097732544e-01
9.661639928817749023e-01,2.035644054412841797e-01,5.015400648117065430e-01
3.302549719810485840e-01,4.267813682556152344e+00,6.708119064569473267e-02
1.933610737323760986e-01,1.589226245880126953e+00,8.841019868850708008e-01
3.831858336925506592e-01,5.352364182472229004e-01,6.966989040374755859e-01
1.467173695564270020e-01,3.185231685638427734e+00,2.307765930891036987e-01
9.881876111030578613e-01,1.625140786170959473e+00,5.757995247840881348e-01
7.085867524147033691e-01,4.124867439270019531e+00,2.381884157657623291e-01
5.061622858047485352e-01,4.622374057769775391e+00,3.313162326812744141e-01
8.402267694473266602e-01,2.474071025848388672e+00,1.535640805959701538e-01
1.595098972320556641e-01,3.107837438583374023e+00,5.825104713439941406e-01
9.139537215232849121e-01,9.172174334526062012e-01,9.303992986679077148e-01
4.987406432628631592e-01,2.358105421066284180e+00,7.401496171951293945e-02
9.511978626251220703e-01,4.972404003143310547e+00,9.172867536544799805e-01
9.043611884117126465e-01,2.700430154800415039e+00,8.124737143516540527e-01
2.185228168964385986e-01,4.171294689178466797e+00,1.059293821454048157e-01
9.789028763771057129e-01,7.601618766784667969e-01,1.438799649477005005e-01
4.487209916114807129e-01,4.727380573749542236e-01,6.491214632987976074e-01
2.311479449272155762e-01,1.255617588758468628e-01,9.832004308700561523e-01
5.899864435195922852e-01,1.150975227355957031e+00,2.831759154796600342e-01
4.673516750335693359e-01,4.916193008422851562e+00,5.363622903823852539e-01
4.400541782379150391e-01,3.812653541564941406e+00,4.901252090930938721e-01
9.230133295059204102e-01,4.585861682891845703e+00,5.020053982734680176e-01
9.497576951980590820e-01,1.853262066841125488e+00,4.019124805927276611e-01
1.757086068391799927e-01,1.725051403045654297e+00,6.127096712589263916e-02
8.177759051322937012e-01,4.066635131835937500e+00,7.709887623786926270e-01
2.988830804824829102e-01,2.915325164794921875e-01,2.867063581943511963e-01
6.694598197937011719e-01,2.470138311386108398e+00,5.903140902519226074e-01
6.318699568510055542e-02,4.195614337921142578e+00,2.506666481494903564e-01
1.380933672189712524e-01,2.672981500625610352e+00,7.470215559005737305e-01
2.397895008325576782e-01,4.458314895629882812e+00,1.565775871276855469e-01
3.096120357513427734e-01,4.686177253723144531e+00,5.864987969398498535e-01
1.498470008373260498e-01,4.004527568817138672e+00,6.508099436759948730e-01
7.603007555007934570e-01,2.910672903060913086e+00,6.828226447105407715e-01
3.279079198837280273e-01,9.710282087326049805e-01,3.559041395783424377e-02
3.073009429499506950e-03,2.601853907108306885e-01,3.817085027694702148e-01
7.434305548667907715e-01,9.826280474662780762e-01,6.440284252166748047e-01
7.107201814651489258e-01,2.695601701736450195e+00,4.485957026481628418e-01
7.133198976516723633e-01,2.636099100112915039e+00,5.300647020339965820e-01
6.684514880180358887e-01,2.390388011932373047e+00,7.827500104904174805e-01
4.689171016216278076e-01,3.519310235977172852e+00,3.376158475875854492e-01
5.926412343978881836e-01,1.753575444221496582e+00,8.830952048301696777e-01
6.685550212860107422e-01,4.561649799346923828e+00,4.897649884223937988e-01
3.952522873878479004e-01,9.206380844116210938e-01,8.119919896125793457e-01
4.454436600208282471e-01,3.943700551986694336e+00,9.048818945884704590e-01
7.838874459266662598e-01,3.442371606826782227e+00,6.618157029151916504e-02
2.083130925893783569e-01,1.156477332115173340e+00,4.988096281886100769e-02
4.108851850032806396e-01,1.631275415420532227e+00,7.193101644515991211e-01
5.759392976760864258e-01,2.668343782424926758e+00,7.753157615661621094e-01
5.466001629829406738e-01,2.713269889354705811e-01,4.847967028617858887e-01
7.179332971572875977e-01,4.735846996307373047e+00,3.810431659221649170e-01
6.643167138099670410e-01,3.865117788314819336e+00,7.708987593650817871e-01
9.572740197181701660e-01,3.862981081008911133e+00,8.574419617652893066e-01
4.129174649715423584e-01,4.195739924907684326e-01,2.955020070075988770e-01
4.201508760452270508e-01,2.695107460021972656e+00,6.058148741722106934e-01
7.684949636459350586e-01,1.598729014396667480e+00,4.934867918491363525e-01
7.002082467079162598e-01,1.245416641235351562e+00,7.501356601715087891e-01
5.632568597793579102e-01,3.349168777465820312e+00,2.672761082649230957e-01
5.463073849678039551e-01,1.114293217658996582e+00,3.349398970603942871e-01
8.738783001899719238e-01,3.945567846298217773e+00,6.241077780723571777e-01
9.208593368530273438e-01,2.332180023193359375e+00,4.266941547393798828e-01
8.435785770416259766e-01,1.250022530555725098e+00,4.892577230930328369e-01
5.023220181465148926e-01,1.781542748212814331e-01,7.472389340400695801e-01
9.473009109497070312e-01,3.394599199295043945e+00,9.981703162193298340e-01
4.962990581989288330e-01,1.993373751640319824e+00,1.740588843822479248e-01
3.928319811820983887e-01,3.238593637943267822e-01,6.011585593223571777e-01
3.471306264400482178e-01,3.346182346343994141e+00,9.439998120069503784e-02
4.287894368171691895e-01,6.164606809616088867e-01,2.625221014022827148e-02
1.596414446830749512e-01,4.946985244750976562e+00,8.019570112228393555e-01
5.201779007911682129e-01,4.204533100128173828e+00,6.055153012275695801e-01
3.288884460926055908e-01,1.128709435462951660e+00,7.540363669395446777e-01
3.039297461509704590e-01,1.712267279624938965e+00,7.078264355659484863e-01
5.009672045707702637e-01,1.328475236892700195e+00,5.237894058227539062e-01
2.581543028354644775e-01,2.357840061187744141e+00,3.360493779182434082e-01
2.846494019031524658e-01,1.712456822395324707e+00,5.063737630844116211e-01
1.697907745838165283e-01,2.285568714141845703e+00,8.111666440963745117e-01
6.902596950531005859e-01,4.045513629913330078e+00,1.157651692628860474e-01
7.932628393173217773e-01,2.474178552627563477e+00,5.753704309463500977e-01
5.723115205764770508e-01,3.477137804031372070e+00,3.924455642700195312e-01
3.415313735604286194e-02,1.165659818798303604e-02,5.751836895942687988e-01
2.813538312911987305e-01,2.415651082992553711e+00,7.719979286193847656e-01
8.171227574348449707e-01,1.389747738838195801e+00,5.514765977859497070e-01
3.409423232078552246e-01,5.807420015335083008e-01,7.080702185630798340e-01
2.352643013000488281e-01,2.207503318786621094e+00,7.203368544578552246e-01
7.458534836769104004e-01,4.139825105667114258e-01,6.344116926193237305e-01
8.558301329612731934e-01,2.756699323654174805e+00,4.154475629329681396e-01
2.264219373464584351e-01,6.444129347801208496e-01,5.614128112792968750e-01
2.046132236719131470e-01,4.131906032562255859e+00,4.601136147975921631e-01
6.447538733482360840e-01,2.712011814117431641e+00,1.300507038831710815e-01
6.837785243988037109e-01,4.304162025451660156e+00,8.711232542991638184e-01
7.207128405570983887e-01,3.674579858779907227e+00,4.218634963035583496e-01
7.308200001716613770e-01,7.180929183959960938e-01,9.898914098739624023e-01
1.856176555156707764e-01,4.745458960533142090e-01,1.029084473848342896e-01
9.374383091926574707e-01,3.524996995925903320e+00,9.771656394004821777e-01
7.291041612625122070e-01,4.495207309722900391e+00,7.598690390586853027e-01
3.519572615623474121e-01,2.775972604751586914e+00,2.819308936595916748e-01
2.900677323341369629e-01,2.530927419662475586e+00,3.174363970756530762e-01
8.087269067764282227e-01,1.799411892890930176e+00,4.541347920894622803e-01
8.240107297897338867e-01,1.669409990310668945e+00,8.560553193092346191e-01
4.811830818653106689e-01,1.796722650527954102e+00,9.818243384361267090e-01
7.848051190376281738e-01,9.809917807579040527e-01,9.325757026672363281e-01
7.651007771492004395e-01,4.157372951507568359e+00,5.736186355352401733e-02
8.346401453018188477e-01,1.590491652488708496e+00,8.892676830291748047e-01
3.765526041388511658e-02,4.575009822845458984e+00,3.178685307502746582e-01
7.888689637184143066e-01,2.844433307647705078e+00,1.130885183811187744e-01
1.293206661939620972e-01,4.873292446136474609e+00,7.743252515792846680e-01
8.330454677343368530e-02,1.004996418952941895e+00,1.285133231431245804e-02
4.497324824333190918e-01,4.930268764495849609e+00,2.745454907417297363e-01
7.008069157600402832e-01,1.017653226852416992e+00,7.051317095756530762e-01
2.917575538158416748e-01,1.044070720672607422e+00,4.207079708576202393e-01
3.088326752185821533e-02,4.645044326782226562e+00,3.966536223888397217e-01
4.421975612640380859e-01,1.902740746736526489e-01,4.137040078639984131e-01
7.606506347656250000e-01,3.662030220031738281e+00,1.786023676395416260e-01
9.769478440284729004e-02,2.518501758575439453e+00,7.534872889518737793e-01
7.789681553840637207e-01,4.217036366462707520e-01,2.090333402156829834e-01
4.649657011032104492e-01,1.097177028656005859e+00,4.320612847805023193e-01
9.674782752990722656e-01,3.836855411529541016e+00,6.125031709671020508e-01
9.605745077133178711e-01,2.752991676330566406e+00,5.798798799514770508e-01
2.910979688167572021e-01,1.528535723686218262e+00,4.812976717948913574e-01
3.787267506122589111e-01,2.614552736282348633e+00,4.720115661621093750e-01
8.572497367858886719e-01,3.149529695510864258e+00,6.429189443588256836e-02
4.195510149002075195e-01,5.363093018531799316e-01,7.759878039360046387e-01
3.098107278347015381e-01,2.864013314247131348e-01,9.516909718513488770e-02
2.564021944999694824e-01,2.862926721572875977e+00,8.282102942466735840e-01
3.283870518207550049e-01,1.188489794731140137e+00,5.967034697532653809e-01
9.450814723968505859e-01,3.909089863300323486e-01,2.622749507427215576e-01
2.031931430101394653e-01,1.263060212135314941e+00,4.675659537315368652e-01
6.880251765251159668e-01,4.501313567161560059e-01,6.375381946563720703e-01
1.508945673704147339e-01,3.626356363296508789e+00,7.690017223358154297e-01
6.732495427131652832e-01,4.025993347167968750e+00,2.649734318256378174e-01
4.049002230167388916e-01,1.301848769187927246e+00,2.226469665765762329e-01
1.265537738800048828e-01,2.765161514282226562e+00,6.085670590400695801e-01
8.229512572288513184e-01,1.196238279342651367e+00,2.806283161044120789e-02
1.791096329689025879e-01,4.057590484619140625e+00,2.235474735498428345e-01
8.873505592346191406e-01,1.334979772567749023e+00,5.436277389526367188e-01
4.440222382545471191e-01,2.386005401611328125e+00,8.198974132537841797e-01
5.397893786430358887e-01,4.464700698852539062e+00,9.491677284240722656e-01
6.921647191047668457e-01,1.219913840293884277e+00,1.349361240863800049e-01
2.025727480649948120e-01,2.055972814559936523e+00,3.597844839096069336e-01
9.067578911781311035e-01,1.520321726799011230e+00,4.788906276226043701e-01
2.369953542947769165e-01,1.596502542495727539e+00,7.583061456680297852e-01
5.900534391403198242e-01,1.020804286003112793e+00,2.980352044105529785e-01
3.593682646751403809e-01,8.058407306671142578e-01,4.211786687374114990e-01
5.719820261001586914e-01,7.514725923538208008e-01,1.709747910499572754e-01
7.744612097740173340e-01,3.235042810440063477e+00,2.663191854953765869e-01
8.714749217033386230e-01,2.954244375228881836e+00,4.656966924667358398e-01
3.753371536731719971e-01,3.909807443618774414e+00,8.069346100091934204e-02
7.269557714462280273e-01,3.724572181701660156e+00,4.656749665737152100e-01
3.692726418375968933e-02,1.583815932273864746e+00,2.814805209636688232e-01
7.118131518363952637e-01,3.938690185546875000e+00,5.537757277488708496e-01
7.540537118911743164e-01,3.708662033081054688e+00,2.859721183776855469e-01
5.048352479934692383e-01,4.399355411529541016e+00,3.034984134137630463e-02
9.889316558837890625e-01,8.589166998863220215e-01,5.770241618156433105e-01
2.188477665185928345e-01,3.067292213439941406e+00,7.818434834480285645e-01
5.792257189750671387e-01,2.215822935104370117e+00,1.143661215901374817e-01
1.246634870767593384e-01,1.595813751220703125e+00,2.738816663622856140e-02
5.467883348464965820e-01,4.407333374023437500e+00,3.950281739234924316e-01
5.262858048081398010e-02,3.160938501358032227e+00,3.354659974575042725e-01
9.585769772529602051e-01,3.130704164505004883e-01,4.693271517753601074e-01
3.176921904087066650e-01,2.286386251449584961e+00,7.378013134002685547e-01
6.441685557365417480e-01,1.585780382156372070e+00,7.317316532135009766e-02
7.013498544692993164e-01,2.616231679916381836e+00,3.193322718143463135e-01
5.240157246589660645e-01,4.172147214412689209e-01,6.919825077056884766e-01
3.472883403301239014e-01,4.788369655609130859e+00,7.160276174545288086e-01
9.116431474685668945e-01,3.225108146667480469e+00,1.014590114355087280e-01
4.984231889247894287e-01,3.411116838455200195e+00,8.079359531402587891e-01
4.229019582271575928e-01,4.041440010070800781e+00,9.549535512924194336e-01
3.542103469371795654e-01,1.543451428413391113e+00,8.213850259780883789e-01
6.407650709152221680e-01,4.589608609676361084e-01,6.221117377281188965e-01
8.546265959739685059e-02,3.989676237106323242e+00,2.854473888874053955e-02
4.308222532272338867e-01,2.310685962438583374e-01,2.832533605396747589e-02
7.193390130996704102e-01,7.909405231475830078e-01,4.352730214595794678e-01
4.203729331493377686e-02,7.312033176422119141e-01,7.097892165184020996e-01
5.625638961791992188e-01,3.849317789077758789e+00,9.980458617210388184e-01
4.918452501296997070e-01,3.662610769271850586e+00,2.820422351360321045e-01
7.484259605407714844e-01,3.590563535690307617e+00,5.891002416610717773e-01
3.126859664916992188e-02,2.408457279205322266e+00,5.603271722793579102e-01
4.539442956447601318e-01,4.891650676727294922e+00,5.815032720565795898e-01
1.508918851613998413e-01,1.983663439750671387e+00,3.677009046077728271e-01
1.885681748390197754e-01,3.060187339782714844e+00,3.242944180965423584e-01
3.924200832843780518e-01,3.318424224853515625e+00,7.523012161254882812e-01
4.471578598022460938e-01,3.381000518798828125e+00,7.990291118621826172e-01
2.035655975341796875e-01,2.331721305847167969e+00,3.920888006687164307e-01
1.988603323698043823e-01,1.988248348236083984e+00,9.263798594474792480e-01
9.674853682518005371e-01,1.048605799674987793e+00,3.091795556247234344e-02
8.433128595352172852e-01,2.463651895523071289e+00,7.275599986314773560e-02
4.286774098873138428e-01,2.161689996719360352e+00,9.209011793136596680e-01
4.064094424247741699e-01,2.930377960205078125e+00,5.839982628822326660e-01
4.328486621379852295e-01,2.804882526397705078e+00,9.430676698684692383e-01
8.697078227996826172e-01,3.390868425369262695e+00,3.008329570293426514e-01
1.477373242378234863e-01,4.208789348602294922e+00,2.859285101294517517e-02
7.817268371582031250e-01,4.741479873657226562e+00,9.414089918136596680e-01
4.870151877403259277e-01,2.313988685607910156e+00,2.873372137546539307e-01
4.111176431179046631e-01,3.898193120956420898e+00,5.066602826118469238e-01
9.636135101318359375e-01,3.341430425643920898e-01,2.719881236553192139e-01
1.610730290412902832e-01,1.772869944572448730e+00,6.241047978401184082e-01
8.900622129440307617e-01,4.350519657135009766e+00,5.918931961059570312e-02
7.909402847290039062e-01,3.868568658828735352e+00,6.188963651657104492e-01
1.556492149829864502e-01,4.392178058624267578e+00,9.721726179122924805e-01
8.070308566093444824e-01,4.863011360168457031e+00,6.094543337821960449e-01
7.866110205650329590e-01,3.598783254623413086e+00,3.162202239036560059e-01
6.405033469200134277e-01,8.855694532394409180e-01,8.529534935951232910e-01
5.027277469635009766e-01,2.511385917663574219e+00,2.736980319023132324e-01
9.026538729667663574e-01,5.305941700935363770e-01,6.827933788299560547e-01
1.994139701128005981e-01,2.406357526779174805e+00,8.075527148321270943e-06
7.632303237915039062e-01,1.671837091445922852e+00,9.002965688705444336e-01
4.894620180130004883e-01,4.887721836566925049e-01,2.510410845279693604e-01
2.747504413127899170e-01,5.070460438728332520e-01,9.156000018119812012e-01
3.993446826934814453e-01,3.719184637069702148e+00,1.635540872812271118e-01
8.994675874710083008e-01,3.217199325561523438e+00,8.727714419364929199e-01
2.322981804609298706e-01,2.638206720352172852e+00,7.612643241882324219e-01
3.313141465187072754e-01,1.674370408058166504e+00,6.332257390022277832e-01
3.696405887603759766e-01,6.442525982856750488e-01,8.020843863487243652e-01
2.896080017089843750e-01,5.565226674079895020e-01,1.649145223200321198e-02
2.343730926513671875e-01,8.886442780494689941e-01,2.202056534588336945e-02
4.552531540393829346e-01,1.348127961158752441e+00,8.567962646484375000e-01
1.500128768384456635e-03,2.987950444221496582e-01,2.181958258152008057e-01
2.812103927135467529e-01,1.050971746444702148e+00,5.590268373489379883e-01
3.689821660518646240e-01,2.010571956634521484e+00,1.996114552021026611e-01
6.186631917953491211e-01,5.479270815849304199e-01,5.895835161209106445e-01
8.910797238349914551e-01,4.015694141387939453e+00,2.100165188312530518e-02
1.047772318124771118e-01,4.242775440216064453e+00,2.292579859495162964e-01
6.647511124610900879e-01,4.162992000579833984e+00,9.325079917907714844e-01
7.659397721290588379e-01,4.282914161682128906e+00,9.911499917507171631e-03
7.166283726692199707e-01,4.768650531768798828e+00,5.992324352264404297e-01
5.424155592918395996e-01,2.268826007843017578e+00,4.996074736118316650e-01
1.115373447537422180e-01,1.379623413085937500e+00,9.893147349357604980e-01
7.380104660987854004e-01,3.039566516876220703e+00,8.055281639099121094e-01
3.494810163974761963e-01,2.808726549148559570e+00,7.403013706207275391e-01
6.273471713066101074e-01,1.757656782865524292e-01,8.975424170494079590e-01
9.012744426727294922e-01,4.531513690948486328e+00,1.026307791471481323e-01
2.487555295228958130e-01,2.226134300231933594e+00,3.429676294326782227e-01
6.637185811996459961e-01,3.232751369476318359e+00,7.345138192176818848e-01
8.555222749710083008e-01,1.746796011924743652e+00,9.028005599975585938e-01
4.428775608539581299e-01,9.445456266403198242e-01,9.130289554595947266e-01
9.729386568069458008e-01,4.737902164459228516e+00,2.018650770187377930e-01
4.940975606441497803e-01,1.642549872398376465e+00,7.747073769569396973e-01
3.880079984664916992e-01,4.759294509887695312e+00,6.675590276718139648e-01
4.886073470115661621e-01,2.744913339614868164e+00,8.737614154815673828e-01
5.112843513488769531e-01,4.475324153900146484e+00,5.594169497489929199e-01
3.953157961368560791e-01,3.472105979919433594e+00,9.474754929542541504e-01
3.219858407974243164e-01,3.295656442642211914e+00,5.037818551063537598e-01
3.066467046737670898e-01,4.298953533172607422e+00,3.862220346927642822e-01
5.201973319053649902e-01,2.341970920562744141e+00,2.995926439762115479e-01
8.838204741477966309e-01,1.207411170005798340e+00,1.396080106496810913e-01
7.699520587921142578e-01,3.937441110610961914e-01,2.684039175510406494e-01
5.943429470062255859e-01,4.416254997253417969e+00,9.329754710197448730e-01
3.976262807846069336e-01,1.656319051980972290e-01,3.581548333168029785e-01
7.216269969940185547e-01,2.212666869163513184e-01,7.565127611160278320e-01
5.995030999183654785e-01,2.226874351501464844e+00,1.457636058330535889e-01
2.090135067701339722e-01,1.704580783843994141e+00,9.406144618988037109e-01
2.136941105127334595e-01,2.835941076278686523e+00,2.077737636864185333e-02
9.882444143295288086e-01,2.287061214447021484e+00,2.645207047462463379e-01
7.320291996002197266e-01,2.095993518829345703e+00,9.604567885398864746e-01
7.805805206298828125e-01,1.144394278526306152e+00,5.361536741256713867e-01
5.393540952354669571e-03,4.918706893920898438e+00,7.340452075004577637e-01
4.102921187877655029e-01,9.315282106399536133e-01,8.880271911621093750e-01
1.952560502104461193e-03,5.961623191833496094e-01,2.534462511539459229e-01
7.393417954444885254e-01,9.745728373527526855e-01,8.591026067733764648e-01
8.262646198272705078e-02,1.670850038528442383e+00,7.278202176094055176e-01
6.216612458229064941e-01,4.952202320098876953e+00,8.392597436904907227e-01
9.498451352119445801e-01,1.575028538703918457e+00,4.257260859012603760e-01
2.896846532821655273e-01,3.323176503181457520e-01,9.869767427444458008e-01
1.168235242366790771e-01,4.319918155670166016e+00,9.511305093765258789e-01
8.549461960792541504e-01,3.190028667449951172e+00,1.757318824529647827e-01
8.325406312942504883e-01,2.595864295959472656e+00,1.887869834899902344e-01
5.695590376853942871e-01,1.691859960556030273e+00,8.850362151861190796e-02
4.340462684631347656e-01,4.792447090148925781e+00,6.569084525108337402e-01
6.207114458084106445e-01,3.171026229858398438e+00,5.948923230171203613e-01
1.699764579534530640e-01,4.361149311065673828e+00,5.258278250694274902e-01
6.336193680763244629e-01,4.912602901458740234e+00,1.593730449676513672e-01
9.749698042869567871e-01,2.617878198623657227e+00,8.011243939399719238e-01
6.877756863832473755e-02,2.500457286834716797e+00,7.283789515495300293e-01
3.997367918491363525e-01,2.170300006866455078e+00,9.470741152763366699e-01
8.726204037666320801e-01,2.160670518875122070e+00,3.084496967494487762e-02
7.827215194702148438e-01,3.770586013793945312e+00,1.535703241825103760e-01
6.412164568901062012e-01,7.109990119934082031e-01,1.122278124094009399e-01
3.680548444390296936e-02,4.282095432281494141e+00,3.293358981609344482e-01
4.060986340045928955e-01,2.561165809631347656e+00,1.189296841621398926e-01
9.255675077438354492e-01,2.671702623367309570e+00,3.096459209918975830e-01
4.832780361175537109e-01,4.546430110931396484e+00,6.527221798896789551e-01
9.893549084663391113e-01,1.809739589691162109e+00,7.730462551116943359e-01
8.436414599418640137e-01,4.397248268127441406e+00,4.575718343257904053e-01
3.479777872562408447e-01,4.369655132293701172e+00,5.524578690528869629e-01
3.810057938098907471e-01,4.651180267333984375e+00,3.557324036955833435e-02
2.684118151664733887e-01,3.044153451919555664e-01,1.003367155790328979e-01
8.648591637611389160e-01,3.106283426284790039e+00,4.217259883880615234e-01
5.128272771835327148e-01,1.280606269836425781e+00,5.208309888839721680e-01
5.492303371429443359e-01,2.604723930358886719e+00,2.172455489635467529e-01
4.997926056385040283e-01,4.315536975860595703e+00,5.750524997711181641e-01
6.338788866996765137e-01,2.847893714904785156e+00,4.519314169883728027e-01
7.838295102119445801e-01,5.143901705741882324e-02,6.960679888725280762e-01
2.844623103737831116e-02,1.043127179145812988e+00,2.058113813400268555e-01
2.799325883388519287e-01,1.365485906600952148e+00,2.469353228807449341e-01
3.746227174997329712e-02,3.141665935516357422e+00,8.992995619773864746e-01
3.212217614054679871e-02,1.767491221427917480e+00,4.652805924415588379e-01
1.496313065290451050e-01,4.098523616790771484e+00,4.572547376155853271e-01
4.709600806236267090e-01,4.784141063690185547e+00,6.582474708557128906e-01
3.121833801269531250e-01,2.738656282424926758e+00,4.754482507705688477e-01
8.132498860359191895e-01,2.454792261123657227e+00,1.789421290159225464e-01
7.262085676193237305e-01,3.220860719680786133e+00,2.067755311727523804e-01
1.872657537460327148e-01,1.693067103624343872e-01,5.709228515625000000e-01
3.513628244400024414e-01,4.887186527252197266e+00,7.078895568847656250e-01
7.018215656280517578e-01,4.476004123687744141e+00,5.072870850563049316e-01
9.819946885108947754e-01,2.814930438995361328e+00,4.848614633083343506e-01
6.703662276268005371e-01,2.662223577499389648e-01,6.379730105400085449e-01
6.884399056434631348e-01,2.898136615753173828e+00,8.110010623931884766e-01
3.068365156650543213e-01,5.194358229637145996e-01,4.578940272331237793e-01
4.284332096576690674e-01,4.732932090759277344e+00,2.199994325637817383e-01
6.890383362770080566e-02,2.934857130050659180e+00,6.286420822143554688e-01
2.848044037818908691e-01,1.067609667778015137e+00,2.477960437536239624e-01
4.053351283073425293e-01,1.774239063262939453e+00,1.487219035625457764e-01
4.296522140502929688e-01,2.512344121932983398e+00,5.085697174072265625e-01
4.363336563110351562e-01,3.700466871261596680e+00,6.593184471130371094e-01
9.879679083824157715e-01,1.028852581977844238e+00,9.926086068153381348e-01
1.128596886992454529e-01,2.686041593551635742e+00,4.863566458225250244e-01
8.191845417022705078e-01,6.870677471160888672e-01,2.671763896942138672e-01
2.698279619216918945e-01,1.949509501457214355e+00,1.901017874479293823e-01
6.459012627601623535e-01,4.943127632141113281e+00,7.352516055107116699e-01
6.417540907859802246e-01,3.763987541198730469e+00,9.050397276878356934e-01
6.390976309776306152e-01,1.060383915901184082e+00,6.046507358551025391e-01
1.178436577320098877e-01,3.932970046997070312e+00,7.243453860282897949e-01
1.643699705600738525e-01,4.985779285430908203e+00,5.971921086311340332e-01
1.334691494703292847e-01,8.181460499763488770e-01,7.189007401466369629e-01
4.183782041072845459e-01,1.509756922721862793e+00,5.405112504959106445e-01
3.862609714269638062e-02,3.483305931091308594e+00,8.886996507644653320e-01
3.768052160739898682e-01,7.764775753021240234e-01,4.105482101440429688e-01
1.149787381291389465e-01,2.890339612960815430e+00,4.766097664833068848e-02
7.674152851104736328e-01,3.144110441207885742e+00,5.246343612670898438e-01
8.632462620735168457e-01,7.881374359130859375e-01,4.388420879840850830e-01
3.991025090217590332e-01,4.247869968414306641e+00,1.864399909973144531e-01
1.582192629575729370e-01,1.950280904769897461e+00,5.134294629096984863e-01
3.161126077175140381e-01,2.022977352142333984e+00,5.185306072235107422e-03
1.534601598978042603e-01,4.889870643615722656e+00,1.184370443224906921e-01
5.663257241249084473e-01,6.924051046371459961e-01,2.791832983493804932e-01
6.077990531921386719e-01,1.825064539909362793e+00,9.808724522590637207e-01
7.597677707672119141e-01,3.664581477642059326e-01,3.012185096740722656e-01
6.569808721542358398e-01,2.615381002426147461e+00,2.028140723705291748e-01
4.868116974830627441e-01,4.328417778015136719e+00,4.532369971275329590e-01
3.022986352443695068e-01,5.141043066978454590e-01,7.029625773429870605e-01
8.483960032463073730e-01,1.036470651626586914e+00,9.437018036842346191e-01
6.350082159042358398e-01,7.546209692955017090e-01,7.009959220886230469e-01
5.139698982238769531e-01,8.709058761596679688e-01,6.111190319061279297e-01
1.349250376224517822e-01,1.922333121299743652e+00,6.468169093132019043e-01
2.857420593500137329e-02,1.076035737991333008e+00,1.867486387491226196e-01
3.792519569396972656e-01,2.897697448730468750e+00,2.913051247596740723e-01
1.724670082330703735e-01,4.019650936126708984e+00,3.580493032932281494e-01
7.275324463844299316e-01,3.634833544492721558e-02,5.841610431671142578e-01
8.174708485603332520e-01,9.296370744705200195e-01,3.209944963455200195e-01
2.630365490913391113e-01,4.360370159149169922e+00,1.106517575681209564e-02
6.922051776200532913e-03,2.804110765457153320e+00,7.506858706474304199e-01
5.117083340883255005e-02,2.543508768081665039e+00,3.535648882389068604e-01
2.824142873287200928e-01,6.671296954154968262e-01,8.186448812484741211e-01
6.173405051231384277e-01,2.390553355216979980e-01,3.433654010295867920e-01
3.344861567020416260e-01,1.841135025024414062e+00,3.590555191040039062e-01
1.848047524690628052e-01,3.750018119812011719e+00,4.255849123001098633e-01
7.273223400115966797e-01,1.581243038177490234e+00,1.551901642233133316e-02
1.298574209213256836e-01,2.551628351211547852e+00,5.319294333457946777e-01
5.168818235397338867e-01,8.471015095710754395e-01,9.897290468215942383e-01
1.038786023855209351e-01,3.717569828033447266e+00,4.853879213333129883e-01
5.369837880134582520e-01,4.750802040100097656e+00,3.044344112277030945e-02
7.210167646408081055e-01,1.044779419898986816e+00,1.056170538067817688e-01
5.251146554946899414e-01,1.547842025756835938e+00,8.491116762161254883e-02
7.207012176513671875e-01,3.496040821075439453e+00,5.935816764831542969e-01
6.826815009117126465e-01,5.839053988456726074e-01,4.826963543891906738e-01
2.522603571414947510e-01,2.213712692260742188e+00,8.410521149635314941e-01
7.241243720054626465e-01,2.859487771987915039e+00,2.665075957775115967e-01
6.975806355476379395e-01,1.342138409614562988e+00,8.773899823427200317e-02
8.294690847396850586e-01,2.648757457733154297e+00,1.692612767219543457e-01
4.586306214332580566e-01,2.816157817840576172e+00,8.769218921661376953e-01
3.142925798892974854e-01,4.729465484619140625e+00,5.955416560173034668e-01
9.198486804962158203e-03,8.577025532722473145e-01,3.753403425216674805e-01
3.142064809799194336e-01,3.643976211547851562e+00,3.670510947704315186e-01
4.462945461273193359e-02,3.171211242675781250e+00,9.173166155815124512e-01
7.771805524826049805e-01,4.844045639038085938e+00,3.449518382549285889e-01
6.696140170097351074e-01,6.013000011444091797e-01,6.019973754882812500e-01
9.793102145195007324e-01,4.230891227722167969e+00,7.561004161834716797e-01
9.928574785590171814e-03,2.586478948593139648e+00,8.085082769393920898e-01
3.630918860435485840e-01,1.026662111282348633e+00,6.305977106094360352e-01
7.814552783966064453e-01,4.956025600433349609e+00,7.987393736839294434e-01
9.742148518562316895e-01,4.055067539215087891e+00,2.529917955398559570e-01
5.051689743995666504e-01,2.703078746795654297e+00,9.784097075462341309e-01
9.161066412925720215e-01,1.437159895896911621e+00,2.859471738338470459e-01
9.043115973472595215e-01,1.107923030853271484e+00,8.159806132316589355e-01
4.530059397220611572e-01,3.230505704879760742e+00,8.162497282028198242e-01
6.524222493171691895e-01,3.566361427307128906e+00,9.965606927871704102e-01
6.209700703620910645e-01,7.193505167961120605e-01,2.551556378602981567e-02
1.363492012023925781e-02,3.539563417434692383e+00,4.938075244426727295e-01
8.918543457984924316e-01,2.331323385238647461e+00,1.782971471548080444e-01
1.936221569776535034e-01,1.642711758613586426e+00,2.887801639735698700e-02
1.176155433058738708e-01,3.569027483463287354e-01,5.430801510810852051e-01
2.853299975395202637e-01,8.104705810546875000e-01,4.128983914852142334e-01
7.290956974029541016e-01,1.416313886642456055e+00,1.225909665226936340e-01
5.635206103324890137e-01,1.709312796592712402e+00,6.527010798454284668e-01
6.269066333770751953e-01,3.385222196578979492e+00,5.551109313964843750e-01
5.970380902290344238e-01,1.073697924613952637e+00,2.625392079353332520e-01
6.893984675407409668e-01,4.494300842285156250e+00,1.147355213761329651e-01
7.138592004776000977e-01,1.100517392158508301e+00,9.213879108428955078e-01
2.177267968654632568e-01,3.394479036331176758e+00,3.181288838386535645e-01
1.986291408538818359e-01,4.827597141265869141e+00,7.362457513809204102e-01
3.651392161846160889e-01,3.130851507186889648e+00,4.957732856273651123e-01
7.227143645286560059e-01,1.121997237205505371e+00,4.999274611473083496e-01
9.458556175231933594e-01,9.640876054763793945e-01,2.228134274482727051e-01
8.392734527587890625e-01,4.615896701812744141e+00,4.676063656806945801e-01
6.762330532073974609e-01,3.104050874710083008e+00,7.855085134506225586e-01
7.296297550201416016e-01,4.565646171569824219e+00,1.367596983909606934e-01
3.000018596649169922e-01,1.348156213760375977e+00,6.127327680587768555e-01
2.003461271524429321e-01,2.616614818572998047e+00,7.511436194181442261e-02
2.200209945440292358e-01,1.548983931541442871e+00,6.587522625923156738e-01
6.965191960334777832e-01,7.129318714141845703e-01,1.514577418565750122e-01
1.603907644748687744e-01,4.137504577636718750e+00,2.070213109254837036e-01
4.796352386474609375e-01,2.558331012725830078e+00,9.324136972427368164e-01
3.361407220363616943e-01,4.707803249359130859e+00,5.718666911125183105e-01
1.423165053129196167e-01,4.368213176727294922e+00,9.599690437316894531e-01
4.824223369359970093e-02,3.315366029739379883e+00,5.981624126434326172e-01
8.690581917762756348e-01,3.586199283599853516e+00,2.032331377267837524e-01
9.464024305343627930e-01,3.820492029190063477e+00,6.259653568267822266e-01
2.217525690793991089e-01,3.244571447372436523e+00,8.954955339431762695e-01
4.359397590160369873e-01,1.972597718238830566e+00,6.478437185287475586e-01
4.956635236740112305e-01,1.221706151962280273e+00,5.155130028724670410e-01
1.606694906949996948e-01,1.579707264900207520e+00,8.189442753791809082e-01
4.302535057067871094e-01,1.272795677185058594e+00,6.795474290847778320e-01
2.650319039821624756e-01,3.394822359085083008e+00,7.520784139633178711e-01
3.332045674324035645e-01,5.549446344375610352e-01,9.458222389221191406e-01
8.204440474510192871e-01,2.784096956253051758e+00,3.823583722114562988e-01
3.054808080196380615e-01,5.305994153022766113e-01,2.623852789402008057e-01
9.513607025146484375e-01,3.357079267501831055e+00,8.912726640701293945e-01
2.988678216934204102e-01,2.133581876754760742e+00,5.271704792976379395e-01
7.429958581924438477e-01,1.684042930603027344e+00,8.842662572860717773e-01
6.358277052640914917e-02,6.156079173088073730e-01,6.787531310692429543e-05
7.167252302169799805e-01,3.010549306869506836e+00,4.029870033264160156e-01
8.626760244369506836e-01,3.416382074356079102e+00,8.597906827926635742e-01
3.340966105461120605e-01,2.038484573364257812e+00,4.326384067535400391e-01
8.485547900199890137e-01,3.102316617965698242e+00,2.478138655424118042e-01
5.524634718894958496e-01,3.213750422000885010e-01,2.698692679405212402e-01
1.261980235576629639e-01,1.817473292350769043e+00,9.481805562973022461e-01
7.214018702507019043e-01,2.555612802505493164e+00,9.391020238399505615e-02
5.578601956367492676e-01,1.111845731735229492e+00,9.664783626794815063e-02
4.585088193416595459e-01,5.079896450042724609e-01,8.298461437225341797e-01
4.490472078323364258e-01,5.999608039855957031e-01,7.227966189384460449e-01
7.207694649696350098e-01,4.683303356170654297e+00,2.741340696811676025e-01
3.283257484436035156e-01,3.774863719940185547e+00,1.392469257116317749e-01
4.820693433284759521e-01,1.623995304107666016e-01,7.093909382820129395e-01
4.187209606170654297e-01,1.422033071517944336e+00,8.676868081092834473e-01
1.961468756198883057e-01,4.940745830535888672e+00,3.940739333629608154e-01
7.925381064414978027e-01,1.789605975151062012e+00,7.159295678138732910e-02
4.662000536918640137e-01,4.377560615539550781e+00,2.762112915515899658e-01
7.413412928581237793e-01,2.382790327072143555e+00,7.381357550621032715e-01
5.787729620933532715e-01,1.069195628166198730e+00,5.328418612480163574e-01
1.534896045923233032e-01,1.974449276924133301e+00,3.231286108493804932e-01
2.321335673332214355e-01,4.159918308258056641e+00,4.485073983669281006e-01
5.443560481071472168e-01,1.184771418571472168e+00,4.161993563175201416e-01
3.450163304805755615e-01,1.142265796661376953e+00,8.874923586845397949e-01
4.199513792991638184e-01,2.737262010574340820e+00,1.048005744814872742e-02
8.701916337013244629e-01,2.892240762710571289e+00,2.201029509305953979e-01
6.660175919532775879e-01,1.051380395889282227e+00,5.874386429786682129e-01
1.699132621288299561e-01,2.286854028701782227e+00,6.624907255172729492e-01
8.745599538087844849e-02,3.294980525970458984e+00,8.204802870750427246e-01
1.922626793384552002e-01,2.842799901962280273e+00,2.744072377681732178e-01
4.328587651252746582e-01,3.481565475463867188e+00,8.983507752418518066e-01
1.659150272607803345e-01,6.475811004638671875e-01,1.920578777790069580e-01
1.667694598436355591e-01,4.734021663665771484e+00,6.835255622863769531e-01
3.676127791404724121e-01,3.635770380496978760e-01,1.044796034693717957e-01
8.864943981170654297e-01,1.001371741294860840e+00,7.573264837265014648e-01
6.712324619293212891e-01,3.151290416717529297e+00,8.683406114578247070e-01
5.457829833030700684e-01,3.446332931518554688e+00,8.389506340026855469e-01
5.822875499725341797e-01,1.205818295478820801e+00,5.757701396942138672e-01
7.647739052772521973e-01,4.195682048797607422e+00,8.850111961364746094e-01
1.060492470860481262e-01,3.331964254379272461e+00,6.554656028747558594e-01
1.929927617311477661e-01,2.291908740997314453e+00,1.838103383779525757e-01
8.016045093536376953e-01,4.116142749786376953e+00,8.260087966918945312e-01
2.430337294936180115e-02,4.588506221771240234e-01,2.725184857845306396e-01
8.724130392074584961e-01,3.909002780914306641e+00,2.660727798938751221e-01
6.642917990684509277e-01,2.867234945297241211e+00,1.606227010488510132e-01
7.117037475109100342e-02,4.635587692260742188e+00,4.723096191883087158e-01
6.463085412979125977e-01,4.729810237884521484e+00,6.479297876358032227e-01
4.993473365902900696e-02,3.349560737609863281e+00,7.980497479438781738e-01
3.810876905918121338e-01,4.784288406372070312e+00,6.103614568710327148e-01
6.474254131317138672e-01,1.382349371910095215e+00,1.839728802442550659e-01
4.230813086032867432e-01,6.898292899131774902e-01,5.557212978601455688e-02
5.157968401908874512e-01,1.215469956398010254e+00,4.596895277500152588e-01
7.144932150840759277e-01,7.884766459465026855e-01,8.277903199195861816e-01
5.326786041259765625e-01,3.427876710891723633e+00,2.307096421718597412e-01
2.570931017398834229e-01,1.354326605796813965e-01,2.322059720754623413e-01
2.762159705162048340e-01,1.527715921401977539e+00,4.024327993392944336e-01
1.586710065603256226e-01,4.119945764541625977e-01,6.675639748573303223e-01
1.969756036996841431e-01,3.440893888473510742e+00,8.237303495407104492e-01
6.109453439712524414e-01,3.951563835144042969e-01,6.047962903976440430e-01
1.249196752905845642e-01,1.498998522758483887e+00,3.592829033732414246e-02
5.679748058319091797e-01,1.349573731422424316e+00,7.789400964975357056e-02
8.256502747535705566e-01,5.963246822357177734e-01,5.950329899787902832e-01
1.190976649522781372e-01,2.925006628036499023e+00,7.489713430404663086e-01
1.819146424531936646e-01,4.068992614746093750e+00,1.605329662561416626e-02
9.894967824220657349e-02,1.026083528995513916e-01,5.866498947143554688e-01
4.158854484558105469e-01,3.925181388854980469e+00,6.019991040229797363e-01
9.811645150184631348e-01,1.656041741371154785e+00,5.655744671821594238e-01
1.923982799053192139e-01,2.925565004348754883e+00,1.993134170770645142e-01
6.263052225112915039e-01,2.957348823547363281e+00,6.852008700370788574e-01
9.793109893798828125e-01,4.522817611694335938e+00,6.926980018615722656e-01
4.181983470916748047e-01,2.753109931945800781e-01,9.847916960716247559e-01
3.937920033931732178e-01,1.944580197334289551e+00,7.258694171905517578e-01
6.941044330596923828e-01,3.714101552963256836e+00,9.157195687294006348e-01
1.965663433074951172e-01,4.339939594268798828e+00,7.831534147262573242e-01
2.920374870300292969e-01,1.206201434135437012e+00,5.302665233612060547e-01
3.516756296157836914e-01,4.539158821105957031e+00,4.243938028812408447e-01
7.360914945602416992e-01,4.177417278289794922e+00,4.082632064819335938e-02
9.088503718376159668e-01,4.269625663757324219e+00,2.875539362430572510e-01
2.996032685041427612e-02,6.142305135726928711e-01,4.461863934993743896e-01
5.857142210006713867e-01,3.929116010665893555e+00,5.559531450271606445e-01
6.971046328544616699e-01,2.960791885852813721e-01,8.432943224906921387e-01
1.900743693113327026e-01,3.734371900558471680e+00,2.006877809762954712e-01
2.637921571731567383e-01,1.916195750236511230e+00,2.184303253889083862e-01
4.467991292476654053e-01,4.487797319889068604e-01,5.040006637573242188e-01
4.224863275885581970e-02,1.840806484222412109e+00,2.383185178041458130e-01
8.444148898124694824e-01,4.630676746368408203e+00,1.597816310822963715e-02
8.814796805381774902e-01,3.565237998962402344e+00,7.511712312698364258e-01
5.451081693172454834e-02,4.170059680938720703e+00,1.348800063133239746e-01
7.371359467506408691e-01,1.337393641471862793e+00,1.578533202409744263e-01
5.127388834953308105e-01,3.554086983203887939e-01,4.366161823272705078e-01
7.402790784835815430e-01,3.032702684402465820e+00,4.702948033809661865e-01
6.200125813484191895e-02,3.032746315002441406e+00,3.309279382228851318e-01
8.260756731033325195e-03,8.660472631454467773e-01,1.225690543651580811e-01
3.427537083625793457e-01,5.264582037925720215e-01,4.539026319980621338e-01
2.241921573877334595e-01,4.262120723724365234e+00,9.772085547447204590e-01
7.494962215423583984e-01,1.072702765464782715e+00,7.901049256324768066e-01
5.585157871246337891e-02,6.178760528564453125e-02,6.083159446716308594e-01
4.401731491088867188e-01,2.500097274780273438e+00,3.042332828044891357e-01
2.110564857721328735e-01,3.986945867538452148e+00,9.012867696583271027e-03
4.568478763103485107e-01,1.771726645529270172e-03,2.867540121078491211e-01
5.332675948739051819e-02,1.226141095161437988e+00,6.291859745979309082e-01
4.869723320007324219e-01,3.918359279632568359e-01,7.953821420669555664e-01
8.983163237571716309e-01,2.154204368591308594e+00,5.186452269554138184e-01
9.797062277793884277e-01,1.464795947074890137e+00,2.480132430791854858e-01
4.319516196846961975e-02,3.003626823425292969e+00,2.861426472663879395e-01
2.569479942321777344e-01,3.253886699676513672e+00,8.930901885032653809e-01
5.325836539268493652e-01,4.485559940338134766e+00,9.171943068504333496e-01
6.896983981132507324e-01,2.575724422931671143e-01,6.080096364021301270e-01
4.618772566318511963e-01,1.339228391647338867e+00,7.420083880424499512e-02
3.559592664241790771e-01,2.773838281631469727e+00,7.315289229154586792e-02
1.644041091203689575e-01,4.152848243713378906e+00,1.908651888370513916e-01
5.512662604451179504e-02,4.827583730220794678e-01,6.072428822517395020e-01
2.678294181823730469e-01,1.618333816528320312e+00,5.938419699668884277e-01
7.253369092941284180e-01,3.143615484237670898e+00,9.149899333715438843e-02
3.106001615524291992e-01,4.584350109100341797e+00,8.653357028961181641e-01
7.250059247016906738e-01,4.376263618469238281e-01,4.172940850257873535e-01
8.658009767532348633e-02,3.393399238586425781e+00,7.918190360069274902e-01
5.163093805313110352e-01,4.365422248840332031e+00,6.981810927391052246e-01
4.532182216644287109e-01,2.702453374862670898e+00,9.601594209671020508e-01
5.429988726973533630e-02,3.317431449890136719e+00,4.953486621379852295e-01
8.777568936347961426e-01,1.458183169364929199e+00,9.316690564155578613e-01
9.706839919090270996e-01,3.071664571762084961e-01,3.778257369995117188e-01
3.587031066417694092e-01,6.695818305015563965e-01,2.429674006998538971e-02
4.876063764095306396e-02,3.872698783874511719e+00,6.964458227157592773e-01
6.912294193170964718e-04,1.787048459053039551e+00,2.785000801086425781e-01
3.567533195018768311e-01,2.781670808792114258e+00,8.618705272674560547e-01
5.166218280792236328e-01,3.416227579116821289e+00,7.503361105918884277e-01
3.147923052310943604e-01,2.938359022140502930e+00,4.121798276901245117e-01
3.320441395044326782e-02,4.696172714233398438e+00,9.201970696449279785e-01
7.068551778793334961e-01,2.819973230361938477e+00,5.325189828872680664e-01
6.614958643913269043e-01,4.785035133361816406e+00,3.011328876018524170e-01
4.288426637649536133e-01,4.339996337890625000e+00,8.667182922363281250e-01
8.013118803501129150e-02,1.074016213417053223e+00,5.910933613777160645e-01
3.569489717483520508e-02,1.846244335174560547e+00,9.950171113014221191e-01
2.960675060749053955e-01,1.994414687156677246e+00,4.138669371604919434e-01
5.519639849662780762e-01,3.631597042083740234e+00,8.954689502716064453e-01
7.091594338417053223e-01,8.374440670013427734e-01,2.074147313833236694e-01
6.187232136726379395e-01,2.097213268280029297e+00,7.148835659027099609e-01
1.346501260995864868e-01,3.402268409729003906e+00,2.573912739753723145e-01
9.637287855148315430e-01,3.809891700744628906e+00,7.169247269630432129e-01
2.030459195375442505e-01,2.065589904785156250e+00,4.728118777275085449e-01
8.374330401420593262e-01,4.498437881469726562e+00,4.857812225818634033e-01
2.339542806148529053e-01,4.131997585296630859e+00,9.526545405387878418e-01
5.118631124496459961e-01,3.057757616043090820e+00,4.315796494483947754e-01
8.164660334587097168e-01,2.168157577514648438e+00,6.356089711189270020e-01
9.658082127571105957e-01,3.614671945571899414e+00,3.824484944343566895e-01
8.469793796539306641e-01,1.242643475532531738e+00,7.561215013265609741e-02
4.454653710126876831e-02,4.832122802734375000e+00,8.009894490242004395e-01
4.040741622447967529e-01,1.338469028472900391e+00,7.601461410522460938e-01
9.245777130126953125e-01,1.892712116241455078e+00,2.805770635604858398e-01
7.551105022430419922e-01,2.653934001922607422e+00,2.763118147850036621e-01
3.065453469753265381e-01,3.092928647994995117e+00,9.145042896270751953e-01
9.368954300880432129e-01,2.276444196701049805e+00,2.602803707122802734e-01
2.088512526825070381e-03,6.264553070068359375e-01,1.968143284320831299e-01
2.586807608604431152e-01,3.357617855072021484e+00,8.558041453361511230e-01
6.187841296195983887e-01,2.555411100387573242e+00,6.566847860813140869e-02
6.732322573661804199e-01,3.023990869522094727e+00,2.760677635669708252e-01
4.176789224147796631e-01,4.968776702880859375e+00,7.931047677993774414e-01
8.126731514930725098e-01,1.254423856735229492e+00,8.543150871992111206e-02
7.520988583564758301e-01,2.567289590835571289e+00,4.159640073776245117e-01
9.531772136688232422e-01,3.838355541229248047e+00,6.639484167098999023e-01
8.237010240554809570e-01,3.481565237045288086e+00,5.033561587333679199e-01
6.873435974121093750e-01,2.950955867767333984e+00,4.433595836162567139e-01
1.284109055995941162e-01,2.840650081634521484e+00,7.572516798973083496e-02
8.590697050094604492e-01,6.767938137054443359e-01,2.491928786039352417e-01
8.911299705505371094e-01,2.380612939596176147e-01,7.439888715744018555e-01
1.591003388166427612e-01,2.617308378219604492e+00,6.304124593734741211e-01
7.439700365066528320e-01,4.306721210479736328e+00,1.938604116439819336e-01
3.804675340652465820e-01,3.551233708858489990e-01,4.666942656040191650e-01
8.456316590309143066e-01,3.914261817932128906e+00,2.743797302246093750e-01
6.823319792747497559e-01,2.231388807296752930e+00,6.918419003486633301e-01
4.874148964881896973e-01,1.254495382308959961e+00,7.325845360755920410e-01
2.737716138362884521e-01,2.648211717605590820e-01,6.904981732368469238e-01
6.742616891860961914e-01,1.489783048629760742e+00,8.230998516082763672e-01
3.709844350814819336e-01,2.417413711547851562e+00,5.215798020362854004e-01
7.546192407608032227e-01,4.364398479461669922e+00,6.266950964927673340e-01
9.541478157043457031e-01,3.283922672271728516e+00,2.377313524484634399e-01
4.179113805294036865e-01,3.862560749053955078e+00,7.109283804893493652e-01
8.838440775871276855e-01,1.893829464912414551e+00,6.109318733215332031e-01
5.846941471099853516e-01,4.086055278778076172e+00,1.042414903640747070e-01
3.064861297607421875e-01,4.212170600891113281e+00,2.374618798494338989e-01
9.448556900024414062e-01,3.721589088439941406e+00,2.116862684488296509e-01
2.315533459186553955e-01,2.280325651168823242e+00,1.118687391281127930e-01
4.903192445635795593e-02,3.800912499427795410e-01,5.826339125633239746e-01
9.042540788650512695e-01,5.302960276603698730e-01,2.415283024311065674e-01
8.973085284233093262e-01,1.426985979080200195e+00,9.581934809684753418e-01
6.979689002037048340e-01,4.748286247253417969e+00,5.656169056892395020e-01
3.798232078552246094e-01,1.400913119316101074e+00,7.387090921401977539e-01
9.344148039817810059e-01,2.260297298431396484e+00,7.927965521812438965e-01
8.770638108253479004e-01,2.258399963378906250e+00,5.766434073448181152e-01
1.382618397474288940e-01,2.012014389038085938e+00,6.652976870536804199e-01
4.762835800647735596e-01,3.183784723281860352e+00,4.938256144523620605e-01
3.273710608482360840e-01,1.946655988693237305e+00,2.699784636497497559e-01
5.695203319191932678e-02,4.673508182168006897e-02,8.159465193748474121e-01
3.307870123535394669e-03,4.088853836059570312e+00,6.152191758155822754e-01
4.901835620403289795e-01,4.858067035675048828e+00,3.065538220107555389e-02
8.508989214897155762e-01,2.732959508895874023e+00,6.502403616905212402e-01
6.457644104957580566e-01,2.517808198928833008e+00,9.829850196838378906e-01
2.308829128742218018e-01,1.390503287315368652e+00,7.697088718414306641e-01
9.678559303283691406e-01,4.471039772033691406e+00,6.311416029930114746e-01
5.707268714904785156e-01,1.824855923652648926e+00,8.897871971130371094e-01
4.541754722595214844e-01,1.019180178642272949e+00,7.427738904953002930e-01
2.278554141521453857e-01,4.130799770355224609e+00,9.329032897949218750e-01
4.189713001251220703e-01,4.535966873168945312e+00,5.478728413581848145e-01
2.895408272743225098e-01,1.583977103233337402e+00,8.551158308982849121e-01
9.011748433113098145e-01,3.676287174224853516e+00,6.304607391357421875e-01
4.919369239360094070e-03,9.228549599647521973e-01,5.023277401924133301e-01
7.792878746986389160e-01,2.157790422439575195e+00,6.691598296165466309e-01
9.592601656913757324e-01,4.545606613159179688e+00,2.166169434785842896e-01
1.864934265613555908e-01,2.839735507965087891e+00,6.528003513813018799e-02
6.845807433128356934e-01,3.432709217071533203e+00,7.754491567611694336e-01
8.320325016975402832e-01,4.112399101257324219e+00,9.030630588531494141e-01
8.199161291122436523e-01,3.427754878997802734e+00,5.056533962488174438e-02
8.707590103149414062e-01,1.536243677139282227e+00,7.778833508491516113e-01
2.272607572376728058e-02,1.674254387617111206e-01,5.262210965156555176e-03
6.984313726425170898e-01,3.768156051635742188e+00,5.109443664550781250e-01
3.927606940269470215e-01,4.316090106964111328e+00,7.234159708023071289e-01
3.847841322422027588e-01,3.664609432220458984e+00,4.487097859382629395e-01
9.147861003875732422e-01,9.907427430152893066e-02,8.079439401626586914e-01
2.290845364332199097e-01,3.783043622970581055e+00,5.117089953273534775e-03
7.684791088104248047e-01,9.238035082817077637e-01,7.015034556388854980e-01
2.325492352247238159e-02,4.577824115753173828e+00,4.892048239707946777e-01
5.780228972434997559e-02,7.706143856048583984e-01,1.419464647769927979e-01
7.035560011863708496e-01,3.454677104949951172e+00,8.299829065799713135e-02
6.283994913101196289e-01,1.487918019294738770e+00,6.819156408309936523e-01
9.791436791419982910e-01,4.592825889587402344e+00,7.444775104522705078e-01
3.807387948036193848e-01,3.120296239852905273e+00,8.699142932891845703e-01
4.476874172687530518e-01,3.572985649108886719e+00,4.571757316589355469e-01
8.681821078062057495e-02,2.742146730422973633e+00,4.375497102737426758e-01
9.960779547691345215e-01,8.848754167556762695e-01,8.819921612739562988e-01
1.357031911611557007e-01,5.255106687545776367e-01,7.136308550834655762e-01
3.511283993721008301e-01,3.244998216629028320e+00,5.294104218482971191e-01
8.047245442867279053e-02,6.196883320808410645e-01,7.347564101219177246e-01
2.112949639558792114e-01,3.582447528839111328e+00,7.605664730072021484e-01
9.275559186935424805e-01,3.597153663635253906e+00,4.698709845542907715e-01
5.801745653152465820e-01,4.308878898620605469e+00,1.239610761404037476e-01
7.732710242271423340e-01,3.426016330718994141e+00,8.595436811447143555e-01
6.754750013351440430e-01,4.532892227172851562e+00,7.402149438858032227e-01
5.594755411148071289e-01,1.512680768966674805e+00,8.232810497283935547e-01
4.773201644420623779e-01,2.091974020004272461e+00,1.876414418220520020e-01
9.319481849670410156e-01,4.813897609710693359e+00,9.445344209671020508e-01
3.195168375968933105e-01,4.659062385559082031e+00,1.849657595157623291e-01
4.629994928836822510e-01,1.945704102516174316e+00,2.695557773113250732e-01
3.031528927385807037e-02,1.176749110221862793e+00,5.338770747184753418e-01
7.616496682167053223e-01,4.223326206207275391e+00,3.209525644779205322e-01
1.222094297409057617e-01,1.692196965217590332e+00,4.089976251125335693e-01
6.312783956527709961e-01,3.594576120376586914e+00,9.074946641921997070e-01
2.232486456632614136e-01,3.453823089599609375e+00,5.590528249740600586e-01
2.581863477826118469e-02,9.719130396842956543e-02,9.051939249038696289e-01
3.641519248485565186e-01,1.306385159492492676e+00,8.665627837181091309e-01
7.147648334503173828e-01,9.503960609436035156e-01,4.802632331848144531e-01
5.845724344253540039e-01,4.354349136352539062e+00,4.735393449664115906e-03
2.960034012794494629e-01,4.473514080047607422e+00,1.377688944339752197e-01
5.309988260269165039e-01,1.502760648727416992e+00,4.802505671977996826e-02
7.835045456886291504e-01,2.386380434036254883e+00,7.451605796813964844e-01
4.099013805389404297e-01,8.299570083618164062e-01,5.371267795562744141e-01
2.969089448451995850e-01,1.848029494285583496e+00,8.962020277976989746e-01
1.153225749731063843e-01,1.388990759849548340e+00,8.735424876213073730e-01
2.000111192464828491e-01,4.627847194671630859e+00,7.668924927711486816e-01
1.663127355277538300e-02,3.856720209121704102e+00,8.079203367233276367e-01
7.874928116798400879e-01,3.488782167434692383e+00,3.547801375389099121e-01
2.574931681156158447e-01,4.637681007385253906e+00,7.056223154067993164e-01
7.889863848686218262e-01,3.566279649734497070e+00,5.495169758796691895e-01
8.992616534233093262e-01,4.764439582824707031e+00,2.367311269044876099e-01
9.616635441780090332e-01,3.696713685989379883e+00,1.702220588922500610e-01
1.980132311582565308e-01,1.542454957962036133e-01,2.644940316677093506e-01
7.938224077224731445e-01,2.228474378585815430e+00,4.887058138847351074e-01
9.187171459197998047e-01,4.627775192260742188e+00,6.421772837638854980e-01
7.853441834449768066e-01,3.876234769821166992e+00,6.281961798667907715e-01
1.268700063228607178e-01,3.502300977706909180e+00,8.934368491172790527e-01
9.725134968757629395e-01,2.599806547164916992e+00,8.661297559738159180e-01
2.244595140218734741e-01,4.633354187011718750e+00,9.572359323501586914e-01
9.141486287117004395e-01,1.326404809951782227e+00,4.881882965564727783e-01
5.891119837760925293e-01,4.996534824371337891e+00,2.758810818195343018e-01
6.201478242874145508e-01,5.926142930984497070e-01,2.989795804023742676e-01
5.115736722946166992e-01,1.675914764404296875e+00,8.289452791213989258e-01
4.262913465499877930e-01,1.768056154251098633e+00,7.072192430496215820e-01
1.706295907497406006e-01,2.465560436248779297e+00,9.981518983840942383e-01
4.019993245601654053e-01,4.792837619781494141e+00,8.217359185218811035e-01
7.212220430374145508e-01,1.716503858566284180e+00,3.896369636058807373e-01
7.492160052061080933e-02,2.428751230239868164e+00,6.060999631881713867e-01
3.835627138614654541e-01,2.773493528366088867e+00,7.127592712640762329e-02
3.775642216205596924e-01,2.994990825653076172e+00,9.957164525985717773e-01
3.707297146320343018e-01,1.880741000175476074e+00,9.837988615036010742e-01
3.652220070362091064e-01,2.530920982360839844e+00,3.111306726932525635e-01
8.994341492652893066e-01,4.740531921386718750e+00,3.087508678436279297e-01
1.714696735143661499e-01,8.552189469337463379e-01,7.832358479499816895e-01
4.514681398868560791e-01,2.145845443010330200e-01,1.614288985729217529e-01
6.814292073249816895e-01,5.891287326812744141e-01,7.628653943538665771e-02
8.987257480621337891e-01,4.990372955799102783e-01,2.315158098936080933e-01
2.950573563575744629e-01,1.632465571165084839e-01,1.132167056202888489e-01
3.860262632369995117e-01,2.205044031143188477e+00,3.699041008949279785e-01
5.511019825935363770e-01,4.199981987476348877e-01,2.440095394849777222e-01
6.960777640342712402e-01,8.777360320091247559e-01,8.817823529243469238e-01
8.703015446662902832e-01,2.214443445205688477e+00,6.428682208061218262e-01
7.246410846710205078e-01,4.250015735626220703e+00,5.588120818138122559e-01
7.830414175987243652e-01,3.318998098373413086e+00,2.208207398653030396e-01
6.927000880241394043e-01,4.219154357910156250e+00,2.856723666191101074e-01
3.412081673741340637e-02,6.453555226325988770e-01,1.283444166183471680e-01
6.972351670265197754e-01,1.582564115524291992e+00,7.182305455207824707e-01
6.858556270599365234e-01,3.964821100234985352e-01,4.985970854759216309e-01
7.779176235198974609e-01,1.012554407119750977e+00,4.430860280990600586e-01
