omega,lambda_p,pi_bar
1.635434627532958984e-01,7.070334553718566895e-01,2.101979684084653854e-03
1.472364217042922974e-01,4.392724514007568359e+00,1.076764147728681564e-02
1.805190742015838623e-01,4.547991752624511719e+00,1.908603124320507050e-02
1.613029539585113525e-01,4.372709274291992188e+00,1.102584414184093475e-02
8.624763786792755127e-02,2.431632041931152344e+00,7.399084512144327164e-03
2.616319954395294189e-01,6.211956217885017395e-02,2.820449415594339371e-03
1.097275093197822571e-01,4.487920284271240234e+00,1.090829819440841675e-02
6.197275593876838684e-02,4.486644268035888672e+00,1.075838692486286163e-02
2.396663650870323181e-02,2.085428386926651001e-01,3.570977598428726196e-03
1.164264827966690063e-01,8.091827034950256348e-01,4.251305013895034790e-03
1.396603137254714966e-01,4.799681901931762695e-01,1.487593725323677063e-02
3.454640880227088928e-02,2.988313436508178711e+00,1.274414919316768646e-02
2.350969761610031128e-01,2.238555699586868286e-01,3.341253381222486496e-03
2.176938503980636597e-01,2.877205371856689453e+00,9.216784499585628510e-03
7.245577871799468994e-02,4.380470275878906250e+00,9.896242991089820862e-03
8.153299987316131592e-02,2.513566255569458008e+00,7.700594607740640640e-03
4.449390619993209839e-02,2.325150251388549805e+00,6.577282212674617767e-03
1.319850832223892212e-01,2.080874681472778320e+00,7.918047718703746796e-03
2.122256308794021606e-01,3.787485361099243164e+00,9.963734075427055359e-03
9.497924894094467163e-02,4.071535587310791016e+00,1.657542586326599121e-02
5.386110395193099976e-02,2.046226501464843750e+00,1.046403497457504272e-02
7.193731516599655151e-02,1.429454684257507324e+00,5.979222245514392853e-03
2.734436392784118652e-01,1.711594939231872559e+00,3.619601484388113022e-03
1.988875716924667358e-01,5.288316607475280762e-01,1.051715854555368423e-02
9.583356976509094238e-02,1.506453514099121094e+00,1.487363595515489578e-02
1.948336511850357056e-01,3.916150331497192383e-01,1.328064966946840286e-02
3.605090081691741943e-01,7.236983776092529297e-01,1.335396897047758102e-03
2.046946436166763306e-01,1.337164878845214844e+00,9.787644259631633759e-03
6.510785967111587524e-02,1.415269732475280762e+00,1.309847552329301834e-02
5.926061421632766724e-02,3.568496704101562500e+00,9.002808481454849243e-03
7.619276642799377441e-02,3.698004007339477539e+00,7.491322234272956848e-03
4.735508561134338379e-02,7.458190321922302246e-01,7.793343160301446915e-03
1.270020306110382080e-01,7.635512948036193848e-01,3.374282736331224442e-03
1.518151611089706421e-01,6.181318163871765137e-01,3.970962483435869217e-03
1.984125077724456787e-01,1.265687048435211182e-01,1.235362328588962555e-02
7.828723639249801636e-02,4.089931488037109375e+00,1.012796163558959961e-02
7.087087631225585938e-02,1.805205821990966797e+00,5.683950148522853851e-03
4.712967947125434875e-02,1.359795331954956055e+00,5.425797775387763977e-03
3.003250248730182648e-02,6.521258354187011719e-01,4.879735875874757767e-03
9.953979402780532837e-02,1.746120810508728027e+00,4.789492581039667130e-03
6.548579782247543335e-02,6.640792489051818848e-01,9.675875306129455566e-03
2.160071134567260742e-01,4.531382083892822266e+00,9.369150735437870026e-03
6.395687907934188843e-02,4.699089050292968750e+00,1.674129068851470947e-02
4.457401111721992493e-02,2.451107263565063477e+00,8.005939424037933350e-03
3.746915161609649658e-01,6.699489355087280273e-01,3.378168679773807526e-03
9.555286914110183716e-02,4.001849651336669922e+00,8.627979084849357605e-03
2.057571113109588623e-01,2.651692867279052734e+00,6.044258829206228256e-03
2.648475766181945801e-02,6.116997599601745605e-01,4.087435547262430191e-03
1.118294596672058105e-01,4.534921646118164062e+00,1.018824335187673569e-02
5.405630171298980713e-02,7.609001994132995605e-01,4.875287879258394241e-03
1.293630450963973999e-01,1.894257426261901855e+00,8.388847112655639648e-03
1.098653674125671387e-01,1.157117933034896851e-01,5.386581644415855408e-03
1.797127127647399902e-01,3.702255964279174805e+00,8.913485333323478699e-03
2.135423123836517334e-01,4.048725605010986328e+00,1.102824788540601730e-02
3.365357220172882080e-02,4.630985260009765625e+00,1.031754910945892334e-02
8.095661550760269165e-02,1.559897422790527344e+00,2.687508054077625275e-02
6.467676907777786255e-02,3.910249948501586914e+00,9.416393935680389404e-03
7.479513436555862427e-02,2.533676147460937500e+00,1.257557515054941177e-02
1.745513081550598145e-01,4.055237770080566406e+00,8.588901162147521973e-02
1.614299267530441284e-01,1.368261218070983887e+00,1.855213940143585205e-02
1.596083939075469971e-01,3.814471721649169922e+00,1.276485621929168701e-02
1.749552041292190552e-01,4.264130890369415283e-01,2.642979379743337631e-03
3.255695477128028870e-02,4.924992084503173828e+00,1.187367178499698639e-02
5.768723413348197937e-02,4.546181201934814453e+00,1.207859814167022705e-02
2.997415363788604736e-01,6.759522110223770142e-02,2.397251781076192856e-03
2.347774058580398560e-01,3.888860940933227539e+00,1.349897217005491257e-02
1.952140778303146362e-01,1.375628829002380371e+00,4.729364532977342606e-03
6.009711697697639465e-02,1.407346367835998535e+00,7.360277697443962097e-03
2.045419812202453613e-01,1.646916508674621582e+00,1.087250746786594391e-02
6.115514785051345825e-02,6.810002923011779785e-01,2.914680866524577141e-03
7.037452608346939087e-02,3.645822048187255859e+00,1.053014490753412247e-02
1.618290990591049194e-01,4.803022861480712891e+00,1.149884238839149475e-02
1.648913621902465820e-01,3.939948320388793945e+00,7.834328711032867432e-02
1.919486746191978455e-02,2.773507118225097656e+00,8.643266744911670685e-03
2.387998700141906738e-01,3.317703008651733398e+00,2.412529103457927704e-02
9.740189462900161743e-02,4.074406147003173828e+00,1.098632160574197769e-02
1.153452619910240173e-01,4.677265167236328125e+00,1.166992075741291046e-02
9.652736783027648926e-02,1.902181267738342285e+00,7.498582359403371811e-03
2.855770662426948547e-02,3.537722110748291016e+00,1.090829819440841675e-02
7.273194938898086548e-02,4.968089580535888672e+00,1.741737313568592072e-02
1.631307154893875122e-01,2.019361734390258789e+00,8.082070387899875641e-03
8.400662243366241455e-02,3.786238670349121094e+00,9.558022022247314453e-03
1.278273165225982666e-01,4.462456703186035156e+00,1.253339368849992752e-02
7.408005744218826294e-02,4.847992420196533203e+00,1.605804823338985443e-02
1.664645671844482422e-01,4.627162933349609375e+00,1.239646971225738525e-02
1.477364301681518555e-01,1.925029635429382324e+00,6.764262448996305466e-03
2.565617859363555908e-01,7.071807384490966797e-01,5.409129429608583450e-03
2.228965461254119873e-01,1.543007254600524902e+00,6.608420051634311676e-03
3.415916115045547485e-02,4.706541538238525391e+00,1.115607097744941711e-02
4.499831795692443848e-01,7.035104632377624512e-01,2.663006819784641266e-02
9.993717819452285767e-02,9.896868467330932617e-01,6.512143649160861969e-03
2.423512339591979980e-01,3.237732052803039551e-01,9.273435920476913452e-03
2.765735685825347900e-01,1.090085268020629883e+00,9.267505258321762085e-03
5.722213163971900940e-02,4.456099987030029297e+00,1.757086440920829773e-02
1.877645403146743774e-01,1.699793577194213867e+00,4.526994656771421432e-03
1.111911609768867493e-01,1.932626724243164062e+00,4.922377876937389374e-03
1.572175174951553345e-01,4.160551071166992188e+00,2.993103116750717163e-02
1.955411881208419800e-01,1.946141004562377930e+00,5.828441586345434189e-03
1.609552949666976929e-01,1.432287812232971191e+00,5.054496228694915771e-03
7.708235085010528564e-02,1.956500887870788574e+00,3.263178840279579163e-02
2.919176816940307617e-01,3.052212715148925781e+00,2.067548967897891998e-02
3.074920736253261566e-02,4.577962398529052734e+00,1.236722338944673538e-02
1.240132004022598267e-01,8.892580270767211914e-01,3.987937700003385544e-03
6.057062745094299316e-02,4.342273712158203125e+00,9.705530479550361633e-03
1.027933061122894287e-01,2.656063556671142578e+00,6.664202082902193069e-03
2.786114066839218140e-02,4.470277786254882812e+00,1.126927137374877930e-02
2.398479282855987549e-01,2.976423501968383789e+00,7.388398516923189163e-03
1.512703746557235718e-01,4.651740550994873047e+00,1.212026830762624741e-02
7.133902609348297119e-02,4.452880024909973145e-01,2.257867902517318726e-02
1.781355589628219604e-01,3.996702194213867188e+00,1.159977167844772339e-02
2.136425524950027466e-01,1.502065539360046387e+00,5.021466873586177826e-03
2.365552037954330444e-01,4.432672023773193359e+00,1.250082440674304962e-02
1.175757274031639099e-01,2.303138971328735352e+00,1.020005345344543457e-02
1.149593293666839600e-01,4.799839496612548828e+00,1.064820308238267899e-02
2.213678658008575439e-01,2.262282133102416992e+00,1.296947617083787918e-02
1.542154327034950256e-02,6.489744782447814941e-01,2.217020606622099876e-03
1.943815946578979492e-01,7.217053771018981934e-01,5.953554995357990265e-03
1.162681356072425842e-01,4.663323402404785156e+00,2.428660541772842407e-02
8.078768104314804077e-02,9.284034967422485352e-01,4.385110456496477127e-03
2.374237179756164551e-01,1.702756434679031372e-01,7.818243466317653656e-03
2.451493293046951294e-01,3.767851352691650391e+00,1.053914427757263184e-02
3.263363614678382874e-02,2.932156324386596680e+00,6.789520382881164551e-03
1.817192584276199341e-01,6.401909589767456055e-01,2.671801112592220306e-02
2.794238924980163574e-02,8.060925006866455078e-01,9.437203407287597656e-03
5.951270088553428650e-02,1.832143217325210571e-01,2.471389248967170715e-03
9.025713056325912476e-02,4.690574645996093750e+00,2.216453105211257935e-02
1.117601841688156128e-01,6.955052614212036133e-01,2.864114008843898773e-03
2.216648310422897339e-01,2.049259185791015625e+00,6.120492704212665558e-03
1.422068923711776733e-01,3.762814760208129883e+00,1.126968022435903549e-02
5.349386110901832581e-02,9.646639823913574219e-01,5.210849922150373459e-03
4.677540808916091919e-02,3.447496175765991211e+00,2.723303623497486115e-02
9.293356537818908691e-02,3.132568359375000000e+00,9.041104465723037720e-03
2.777304127812385559e-02,4.222298145294189453e+00,9.604243561625480652e-03
2.740849852561950684e-01,7.636200785636901855e-01,2.775251166895031929e-03
6.950072199106216431e-02,9.773341566324234009e-02,1.301447045989334583e-03
6.754424422979354858e-02,4.643286228179931641e+00,1.080261357128620148e-02
1.500837206840515137e-01,3.945149421691894531e+00,8.753910660743713379e-03
1.016104966402053833e-01,1.785895347595214844e+00,9.756251238286495209e-03
4.675070196390151978e-02,3.525867700576782227e+00,8.798597380518913269e-03
1.625187546014785767e-01,7.626279592514038086e-01,2.435803180560469627e-03
5.560916289687156677e-02,4.668434619903564453e+00,1.797580905258655548e-02
1.594156920909881592e-01,2.877530336380004883e+00,7.677739951759576797e-03
7.427754253149032593e-02,2.142703294754028320e+00,1.014524325728416443e-02
2.250903397798538208e-01,1.018009930849075317e-01,3.224678337574005127e-03
1.722333282232284546e-01,7.475501894950866699e-01,1.008772291243076324e-02
1.275354027748107910e-01,2.750654935836791992e+00,7.200396154075860977e-03
1.336350739002227783e-01,5.601109564304351807e-02,2.803832525387406349e-03
5.388027429580688477e-02,3.580616950988769531e+00,1.545226760208606720e-02
6.129525974392890930e-02,3.972561836242675781e+00,1.695506274700164795e-02
2.068544775247573853e-01,2.595610141754150391e+00,8.057529106736183167e-03
1.843549311161041260e-01,4.011804103851318359e+00,1.197506114840507507e-02
7.132137566804885864e-02,4.834261894226074219e+00,1.337851118296384811e-02
1.711301505565643311e-01,4.340568780899047852e-01,1.715441583655774593e-03
5.780512839555740356e-02,4.072198390960693359e+00,2.242963761091232300e-02
1.356570869684219360e-01,4.653277873992919922e+00,1.196376141160726547e-02
2.769635617733001709e-01,4.137137889862060547e+00,7.991009391844272614e-03
2.090594470500946045e-01,4.845890522003173828e+00,1.115683745592832565e-02
1.911269426345825195e-01,3.750043392181396484e+00,1.036837138235569000e-02
2.637156248092651367e-01,1.486388921737670898e+00,8.894618600606918335e-03
1.934810727834701538e-01,2.068174362182617188e+00,6.910287775099277496e-03
1.137970387935638428e-01,4.672205924987792969e+00,1.047349348664283752e-02
5.704053118824958801e-02,1.356325626373291016e+00,6.778629962354898453e-03
1.549492627382278442e-01,3.020895004272460938e+00,9.403509087860584259e-03
1.409151107072830200e-01,2.946205377578735352e+00,1.607118919491767883e-02
1.821621507406234741e-02,1.317838907241821289e+00,1.380631048232316971e-02
5.783429741859436035e-02,6.082743778824806213e-02,3.692921018227934837e-03
3.504306823015213013e-02,4.011659145355224609e+00,1.043356209993362427e-02
3.164463862776756287e-02,4.239792823791503906e+00,9.749962016940116882e-03
1.826591193675994873e-01,1.713461875915527344e+00,6.675808690488338470e-03
1.576196104288101196e-01,4.241081714630126953e+00,1.367107313126325607e-02
9.700544923543930054e-02,4.823075294494628906e+00,1.098248641937971115e-02
1.040801703929901123e-01,1.469204902648925781e+00,6.645846646279096603e-03
2.140367925167083740e-01,3.333685874938964844e+00,7.982777431607246399e-03
3.629321977496147156e-02,1.924648761749267578e+00,1.164609473198652267e-02
9.290913492441177368e-02,3.289167881011962891e+00,1.214450411498546600e-02
3.492430970072746277e-02,4.047343254089355469e+00,1.736941374838352203e-02
1.453456580638885498e-01,6.410276293754577637e-01,1.327707059681415558e-02
2.880162559449672699e-02,2.339685440063476562e+00,6.698305718600749969e-03
1.748757064342498779e-02,2.343580484390258789e+00,7.542553823441267014e-03
1.089248508214950562e-01,4.374773025512695312e+00,1.030226144939661026e-02
1.549647003412246704e-01,4.149875164031982422e+00,1.181880943477153778e-02
1.450009346008300781e-01,9.343988895416259766e-01,5.430450662970542908e-03
1.662089489400386810e-02,6.987223029136657715e-01,3.412783378735184669e-03
1.023354381322860718e-01,2.766345500946044922e+00,6.968268658965826035e-03
1.039416193962097168e-01,6.908167004585266113e-01,1.317399321123957634e-03
2.210190892219543457e-01,1.211973071098327637e+00,7.990754209458827972e-03
2.796225249767303467e-01,5.781747102737426758e-01,6.873781327158212662e-03
1.287737190723419189e-01,3.646074295043945312e+00,9.574894793331623077e-03
1.487149149179458618e-01,3.798128128051757812e+00,1.854303851723670959e-02
5.605471506714820862e-02,1.522611141204833984e+00,2.889883238822221756e-03
5.661913380026817322e-02,3.965372800827026367e+00,9.914138354361057281e-03
8.426960557699203491e-02,3.467540264129638672e+00,1.066650729626417160e-02
5.508647859096527100e-02,6.058820486068725586e-01,3.629929618909955025e-03
3.616892546415328979e-02,7.754220962524414062e-01,7.477517239749431610e-03
4.423154145479202271e-02,7.372184991836547852e-01,3.844928694888949394e-03
2.703786194324493408e-01,3.689230680465698242e+00,1.004359778016805649e-02
3.414120152592658997e-02,2.104966640472412109e+00,3.181141614913940430e-02
3.064508549869060516e-02,7.329491376876831055e-01,4.152574110776185989e-03
3.869649395346641541e-02,3.921937227249145508e+00,1.714035496115684509e-02
9.916158020496368408e-02,3.955136775970458984e+00,2.104853093624114990e-02
2.214575409889221191e-01,4.334880828857421875e+00,1.147358398884534836e-02
3.337189927697181702e-02,9.499951601028442383e-01,1.522811595350503922e-02
4.829906299710273743e-02,1.481705069541931152e+00,1.026018243283033371e-02
1.460014581680297852e-01,4.591771602630615234e+00,1.454032398760318756e-02
1.250618845224380493e-01,2.708872079849243164e+00,1.784425228834152222e-02
1.570594757795333862e-01,4.365450859069824219e+00,1.009339839220046997e-02
4.255552962422370911e-02,5.423966646194458008e-01,3.732699668034911156e-03
1.195287406444549561e-01,4.120457649230957031e+00,8.990588597953319550e-03
7.829270511865615845e-02,7.402226328849792480e-01,2.695080358535051346e-03
3.869756683707237244e-02,1.437249898910522461e+00,1.326628215610980988e-02
1.314488798379898071e-01,1.499929547309875488e+00,4.517228808254003525e-03
1.867571622133255005e-01,1.617700338363647461e+00,6.115226075053215027e-03
1.009076684713363647e-01,8.735625743865966797e-01,1.209388580173254013e-02
5.782419443130493164e-02,1.886807680130004883e+00,1.243875361979007721e-02
4.720961302518844604e-02,2.590199470520019531e+00,7.877041585743427277e-03
2.192682027816772461e-01,5.872275829315185547e-01,8.540547452867031097e-03
1.395984888076782227e-01,4.091158866882324219e+00,9.055829606950283051e-03
2.591330111026763916e-01,9.942747354507446289e-01,8.683096617460250854e-03
7.059706002473831177e-02,8.471108675003051758e-01,7.856640964746475220e-03
2.043495774269104004e-01,2.074096053838729858e-01,1.242474373430013657e-02
1.720270663499832153e-01,7.438908815383911133e-01,1.165125891566276550e-02
8.718784898519515991e-02,7.207044959068298340e-01,2.766763558611273766e-03
5.856754258275032043e-02,5.062996149063110352e-01,3.511769697070121765e-03
3.951745852828025818e-02,1.163677215576171875e+00,4.593820776790380478e-03
2.392678409814834595e-01,6.570812463760375977e-01,3.301014425233006477e-03
5.561248585581779480e-02,3.938759326934814453e+00,1.245802920311689377e-02
4.538445919752120972e-02,5.623853206634521484e-01,1.550089102238416672e-02
6.819035857915878296e-02,3.071161508560180664e+00,8.004046976566314697e-03
2.903800085186958313e-02,7.959175109863281250e-01,4.042032640427350998e-03
2.509639859199523926e-01,4.193393290042877197e-01,7.611527107656002045e-03
2.974162623286247253e-02,1.443673014640808105e+00,1.199341658502817154e-02
1.599252223968505859e-01,9.588556885719299316e-01,9.356060996651649475e-03
8.739782124757766724e-02,7.524534463882446289e-01,8.237657137215137482e-03
2.304449528455734253e-01,1.121416091918945312e+00,4.341957159340381622e-03
1.923702806234359741e-01,7.385357618331909180e-01,5.728636868298053741e-03
7.743208855390548706e-02,2.111854076385498047e+00,1.372588425874710083e-02
1.323510110378265381e-01,2.536363363265991211e+00,7.216552738100290298e-03
2.234531939029693604e-01,4.665637016296386719e+00,1.565750129520893097e-02
6.513394415378570557e-02,4.592812359333038330e-01,1.069754268974065781e-02
8.313174545764923096e-02,1.909777641296386719e+00,7.370503153651952744e-03
6.858224421739578247e-02,2.088889360427856445e+00,7.217268459498882294e-03
7.518792152404785156e-02,2.464660167694091797e+00,1.248185522854328156e-02
4.000778868794441223e-02,1.926583766937255859e+00,1.244177017360925674e-02
2.205625325441360474e-01,4.885766983032226562e+00,1.761054061353206635e-02
9.269276261329650879e-02,9.115959405899047852e-01,7.352403365075588226e-03
3.569690138101577759e-02,1.162710636854171753e-01,4.841031040996313095e-03
2.137057632207870483e-01,4.489339828491210938e+00,1.319986488670110703e-02
1.957816816866397858e-02,1.919941186904907227e+00,6.362027488648891449e-03
1.941409260034561157e-01,3.130809545516967773e+00,1.064932812005281448e-02
2.170605212450027466e-01,1.498559951782226562e+00,7.818652316927909851e-03
1.049057394266128540e-01,4.200345575809478760e-01,1.254709623754024506e-02
4.930287227034568787e-02,1.394612193107604980e+00,4.037686623632907867e-03
2.520906925201416016e-01,2.647459745407104492e+00,7.465808652341365814e-03
6.792287528514862061e-02,3.066374778747558594e+00,1.427429821342229843e-02
1.034238189458847046e-01,1.283665776252746582e+00,7.248968817293643951e-03
2.930237166583538055e-02,5.262665748596191406e-01,5.109409336000680923e-03
2.530566453933715820e-01,3.860437393188476562e+00,8.971005678176879883e-03
2.368691414594650269e-01,2.214559793472290039e+00,2.303700335323810577e-02
7.012624293565750122e-02,6.419191956520080566e-01,3.464372828602790833e-03
3.829796612262725830e-02,1.792700052261352539e+00,6.073095370084047318e-03
9.377536177635192871e-02,4.087424278259277344e+00,1.279972679913043976e-02
1.832915991544723511e-01,2.991077899932861328e+00,7.617355789989233017e-03
1.334703713655471802e-01,1.517136096954345703e+00,2.086175419390201569e-02
3.998044878244400024e-02,4.780834674835205078e+00,1.350030116736888885e-02
8.740518987178802490e-02,2.380990505218505859e+00,7.218137849122285843e-03
1.431394517421722412e-01,4.249546527862548828e+00,1.044833846390247345e-02
3.903100267052650452e-02,2.635821580886840820e+00,1.488652080297470093e-02
5.781453847885131836e-02,4.595801830291748047e+00,1.924974843859672546e-02
4.256684333086013794e-02,1.127012014389038086e+00,4.299980122596025467e-03
3.031452000141143799e-02,1.230687618255615234e+00,4.374680109322071075e-03
1.004620417952537537e-01,3.476482391357421875e+00,8.011870086193084717e-03
1.766881048679351807e-01,4.623048782348632812e+00,1.273653097450733185e-02
7.846115529537200928e-02,4.773788928985595703e+00,1.154557429254055023e-02
5.895876884460449219e-02,1.522458195686340332e+00,1.260875817388296127e-02
3.804522380232810974e-02,2.035597562789916992e+00,8.250286802649497986e-03
1.735526621341705322e-01,4.364454746246337891e+00,2.208471857011318207e-02
6.234086677432060242e-02,3.875041961669921875e+00,2.743811719119548798e-02
1.950176805257797241e-01,4.060764789581298828e+00,1.141447853296995163e-02
4.336618259549140930e-02,1.721639037132263184e+00,5.144330672919750214e-03
6.555849313735961914e-02,4.142093181610107422e+00,9.583638049662113190e-03
2.490253597497940063e-01,2.491164445877075195e+00,1.004656311124563217e-02
3.431612253189086914e-02,2.588235855102539062e+00,8.247576653957366943e-03
1.038125827908515930e-01,4.350892543792724609e+00,9.355703368782997131e-03
9.819877892732620239e-02,3.095837831497192383e+00,2.917666919529438019e-02
9.232378005981445312e-02,2.339746713638305664e+00,6.026465445756912231e-03
1.520398110151290894e-01,8.585891723632812500e-01,4.856369923800230026e-03
2.381425350904464722e-01,6.957082748413085938e-01,6.289270706474781036e-03
1.646480262279510498e-01,4.387732982635498047e+00,9.555056691169738770e-03
4.997424781322479248e-02,5.798246264457702637e-01,5.264586769044399261e-03
3.370897099375724792e-02,1.462497472763061523e+00,4.735960159450769424e-03
5.547774210572242737e-02,4.278529167175292969e+00,1.327282655984163284e-02
2.787034586071968079e-02,1.663443446159362793e+00,1.280299946665763855e-02
6.245606392621994019e-02,3.766664266586303711e+00,1.784190163016319275e-02
4.539829865097999573e-02,6.688972562551498413e-02,2.624521730467677116e-03
1.419599205255508423e-01,6.134914755821228027e-01,5.711252801120281219e-03
5.427485704421997070e-02,3.172990679740905762e-01,1.629186235368251801e-02
2.329646199941635132e-01,6.327340602874755859e-01,5.239942576736211777e-03
1.786506026983261108e-01,1.980430483818054199e+00,1.516226120293140411e-02
4.290678724646568298e-02,2.152827501296997070e+00,1.095549017190933228e-02
1.146717462688684464e-02,5.393853187561035156e-01,2.942546503618359566e-03
3.155518695712089539e-02,3.185327529907226562e+00,8.329690434038639069e-03
1.928228884935379028e-01,2.545361518859863281e+00,1.588042452931404114e-02
2.020719200372695923e-01,1.912450313568115234e+00,5.631951149553060532e-03
7.128299772739410400e-02,7.571622133255004883e-01,4.427598789334297180e-03
1.868849843740463257e-01,4.237386226654052734e+00,1.002197060734033585e-02
7.563295215368270874e-02,4.824584484100341797e+00,1.036474201828241348e-02
2.208835482597351074e-01,4.996995449066162109e+00,1.258687488734722137e-02
2.511169575154781342e-02,3.776834964752197266e+00,9.791428223252296448e-03
2.132112532854080200e-01,4.297686100006103516e+00,9.607822634279727936e-03
1.032640486955642700e-01,3.990488290786743164e+00,1.709561608731746674e-02
7.139165699481964111e-02,4.865421295166015625e+00,1.130838505923748016e-02
9.013532847166061401e-02,1.619816660881042480e+00,6.782055366784334183e-03
1.627819836139678955e-01,4.795077323913574219e+00,1.638016290962696075e-02
2.348724193871021271e-02,6.025823950767517090e-01,4.831520840525627136e-03
2.102892100811004639e-01,4.778592586517333984e+00,2.167051844298839569e-02
1.168584004044532776e-01,3.744342327117919922e+00,1.807653345167636871e-02
2.487321048974990845e-01,6.702634692192077637e-01,1.242351718246936798e-02
1.681555062532424927e-01,3.751269578933715820e+00,1.448571775108575821e-02
1.460002809762954712e-01,4.034550189971923828e+00,1.228086557239294052e-02
2.262623980641365051e-02,1.453164815902709961e+00,6.380280945450067520e-03
5.110148712992668152e-02,7.787107825279235840e-01,6.237783469259738922e-03
1.467980593442916870e-01,7.287187576293945312e-01,7.546388544142246246e-03
1.775643974542617798e-02,9.515424966812133789e-01,6.470064166933298111e-03
3.416196256875991821e-02,1.164524435997009277e+00,4.639376886188983917e-03
3.054888732731342316e-02,1.509741306304931641e+00,5.742493085563182831e-03
1.497720181941986084e-01,1.612523317337036133e+00,4.657374229282140732e-03
1.065636873245239258e-01,6.695324778556823730e-01,7.209803909063339233e-03
8.109592646360397339e-02,4.510858058929443359e+00,1.024228706955909729e-02
8.668921142816543579e-02,4.291549682617187500e+00,1.041024643927812576e-02
1.568100601434707642e-01,1.985988259315490723e+00,7.099415641278028488e-03
3.662662208080291748e-02,7.059785723686218262e-01,7.130604237318038940e-03
6.563001871109008789e-02,8.468495607376098633e-01,1.009820401668548584e-02
9.332925081253051758e-02,2.773792505264282227e+00,1.013517100363969803e-02
1.573381721973419189e-01,4.181277751922607422e+00,1.163520384579896927e-02
3.664046525955200195e-02,6.170040369033813477e-01,4.020251333713531494e-03
2.493250668048858643e-01,4.156358242034912109e+00,1.059942506253719330e-02
2.905789911746978760e-01,2.930030822753906250e+00,9.113452397286891937e-03
2.329426556825637817e-01,2.552267551422119141e+00,1.652721129357814789e-02
1.305122971534729004e-01,2.098824977874755859e+00,7.436664775013923645e-03
1.423323899507522583e-01,2.532961606979370117e+00,7.050995714962482452e-03
2.945068106055259705e-02,4.827598094940185547e+00,9.617741219699382782e-03
2.251802831888198853e-01,1.438305139541625977e+00,8.028998970985412598e-03
1.539395302534103394e-01,2.636159420013427734e+00,1.214741822332143784e-02
1.582168638706207275e-01,4.874084472656250000e+00,1.669322885572910309e-02
2.252009660005569458e-01,7.173475623130798340e-01,3.785516368225216866e-03
2.274157293140888214e-02,1.817210674285888672e+00,4.760042298585176468e-03
8.446259051561355591e-02,3.888947486877441406e+00,2.344450354576110840e-02
2.908655703067779541e-01,2.369056940078735352e+00,1.047369837760925293e-02
2.679619789123535156e-01,4.055216789245605469e+00,1.718928478658199310e-02
2.232112586498260498e-01,4.625976085662841797e+00,1.129028573632240295e-02
3.256214782595634460e-02,1.603221416473388672e+00,1.405899226665496826e-02
1.053039878606796265e-01,3.413806915283203125e+00,1.365307625383138657e-02
1.347686499357223511e-01,1.800447344779968262e+00,5.886626895517110825e-03
1.898350566625595093e-01,3.783563375473022461e+00,8.100425824522972107e-03
2.502117305994033813e-02,2.480772733688354492e+00,6.054535508155822754e-03
1.039622798562049866e-01,7.440889477729797363e-01,3.826880129054188728e-03
1.547936797142028809e-01,4.632556915283203125e+00,1.269015669822692871e-02
2.479662597179412842e-01,9.729120135307312012e-01,9.250223636627197266e-03
2.222400456666946411e-01,3.909392356872558594e+00,1.124580297619104385e-02
5.729133635759353638e-02,1.989553689956665039e+00,5.967308767139911652e-03
1.624349355697631836e-01,4.095745563507080078e+00,1.061021350324153900e-02
3.281659185886383057e-01,2.104128748178482056e-01,8.051034994423389435e-03
3.574454784393310547e-02,3.427563607692718506e-01,2.305065514519810677e-03
4.356781765818595886e-02,3.946534395217895508e+00,1.607231236994266510e-02
1.854615360498428345e-01,7.351683974266052246e-01,3.414061386138200760e-03
2.678899094462394714e-02,9.542127251625061035e-01,9.945122525095939636e-03
1.536915004253387451e-01,5.796193480491638184e-01,2.553656464442610741e-03
1.924276798963546753e-01,2.015747547149658203e+00,9.195719845592975616e-03
1.479244381189346313e-01,2.411383152008056641e+00,1.838842220604419708e-02
7.943662256002426147e-02,3.741750240325927734e+00,1.141043938696384430e-02
1.900788396596908569e-01,1.742463588714599609e+00,4.778857808560132980e-03
8.861146867275238037e-02,4.013442993164062500e+00,1.706253550946712494e-02
9.111969172954559326e-02,4.571070671081542969e+00,2.000942826271057129e-02
5.483114346861839294e-02,1.898428201675415039e+00,4.836327396333217621e-03
4.539753869175910950e-02,3.215150356292724609e+00,6.708786822855472565e-03
1.873911619186401367e-01,4.372091770172119141e+00,1.213887985795736313e-02
6.967238336801528931e-02,3.785981655120849609e+00,9.572543203830718994e-03
2.195033244788646698e-02,3.016057252883911133e+00,7.979914546012878418e-03
3.007115423679351807e-02,1.909088373184204102e+00,5.703890230506658554e-03
2.342468500137329102e-01,7.427548766136169434e-01,4.451476503163576126e-03
5.620074272155761719e-02,7.639742493629455566e-01,4.534050356596708298e-03
8.700475841760635376e-02,9.549442529678344727e-01,3.818699391558766365e-03
2.725991904735565186e-01,1.994963049888610840e+00,1.075818203389644623e-02
9.272999316453933716e-02,3.992747068405151367e+00,1.515658665448427200e-02
9.003120660781860352e-02,4.327188014984130859e+00,1.399911940097808838e-02
1.697460711002349854e-01,2.732817888259887695e+00,8.312868885695934296e-03
4.946429729461669922e-01,4.387225627899169922e+00,2.062645740807056427e-02
1.375044584274291992e-01,1.761757969856262207e+00,3.300298703834414482e-03
1.148948669433593750e-01,4.712858676910400391e+00,1.374838128685951233e-02
5.294100195169448853e-02,4.656108856201171875e+00,1.434183958917856216e-02
5.439368635416030884e-02,2.743793725967407227e+00,6.849852856248617172e-03
2.261038869619369507e-01,9.951969385147094727e-01,1.774751581251621246e-03
2.340388894081115723e-01,4.041863918304443359e+00,9.655628353357315063e-03
1.352003663778305054e-01,1.568607211112976074e+00,5.183802451938390732e-03
1.996659487485885620e-01,3.929238557815551758e+00,1.304785721004009247e-02
5.042073503136634827e-02,1.559324860572814941e+00,4.079049918800592422e-03
9.722787886857986450e-02,4.063216686248779297e+00,2.263609692454338074e-02
1.912481188774108887e-01,4.058014869689941406e+00,1.142235286533832550e-02
1.421361565589904785e-01,3.231882333755493164e+00,1.449850015342235565e-02
6.899616867303848267e-02,4.644575119018554688e+00,1.354048866778612137e-02
1.268618553876876831e-01,4.854225635528564453e+00,1.451798062771558762e-02
2.282979488372802734e-01,9.223726391792297363e-01,1.451250910758972168e-02
5.026277899742126465e-01,5.554972887039184570e-01,1.871948479674756527e-03
3.307922556996345520e-02,4.780822277069091797e+00,1.502564363181591034e-02
2.518049180507659912e-01,3.898805379867553711e+00,1.832302846014499664e-02
1.627777963876724243e-01,3.734703540802001953e+00,9.359947405755519867e-03
4.022983834147453308e-02,4.851291179656982422e+00,1.177023723721504211e-02
6.138640269637107849e-02,2.526096582412719727e+00,6.298474036157131195e-03
2.355815321207046509e-01,1.404173731803894043e+00,5.797917488962411880e-03
1.794905215501785278e-01,1.845891356468200684e+00,5.211258772760629654e-03
2.019710093736648560e-01,3.916497230529785156e+00,2.016803063452243805e-02
5.652040988206863403e-02,4.252640724182128906e+00,9.993798099458217621e-03
5.934103205800056458e-02,7.143124341964721680e-01,7.599972188472747803e-03
1.203589811921119690e-01,2.168262958526611328e+00,5.559858866035938263e-03
1.788371056318283081e-02,1.477973163127899170e-01,1.070848479866981506e-02
2.020407468080520630e-02,7.831910848617553711e-01,2.822954906150698662e-03
5.150966718792915344e-02,8.883760571479797363e-01,6.267847493290901184e-03
1.393248736858367920e-01,4.236142158508300781e+00,2.222460880875587463e-02
4.968451336026191711e-02,3.586484670639038086e+00,9.134160354733467102e-03
2.461881935596466064e-01,8.818584680557250977e-01,7.667826116085052490e-02
9.148938953876495361e-02,4.177369594573974609e+00,9.988327510654926300e-03
2.259539514780044556e-01,1.845115423202514648e+00,1.695470325648784637e-02
1.674052327871322632e-01,4.638802051544189453e+00,1.021447218954563141e-02
6.220508366823196411e-02,4.126948356628417969e+00,2.624209783971309662e-02
6.889893114566802979e-02,4.016716003417968750e+00,1.043264102190732956e-02
1.157319247722625732e-01,2.971371173858642578e+00,6.702549289911985397e-03
1.722089648246765137e-01,4.217370986938476562e+00,1.049875188618898392e-02
4.735916852951049805e-02,4.093859672546386719e+00,9.717136621475219727e-03
2.779603600502014160e-01,7.769156694412231445e-01,2.103983797132968903e-02
3.634162992238998413e-02,3.483669281005859375e+00,1.049972325563430786e-02
2.467233687639236450e-02,5.395779013633728027e-01,3.027114318683743477e-03
1.728323847055435181e-01,4.435951709747314453e+00,2.260772138833999634e-02
2.810187935829162598e-01,3.901371002197265625e+00,9.903401136398315430e-03
2.322551310062408447e-01,4.100750446319580078e+00,1.485880836844444275e-02
1.893370449542999268e-01,4.643311023712158203e+00,1.019908208400011063e-02
1.959051787853240967e-01,4.549725532531738281e+00,1.333735231310129166e-02
2.529204823076725006e-02,9.255368709564208984e-01,3.955419175326824188e-03
3.289737701416015625e-01,3.305997133255004883e+00,7.189658936113119125e-03
6.636049598455429077e-02,8.127611279487609863e-01,5.691363476216793060e-03
8.341604471206665039e-02,7.086346149444580078e-01,3.881588578224182129e-03
1.257380694150924683e-01,9.968416690826416016e-01,5.289895925670862198e-03
7.164104282855987549e-02,1.571641921997070312e+00,6.478806957602500916e-03
3.256833925843238831e-02,4.807143688201904297e+00,1.233306899666786194e-02
2.240695208311080933e-01,3.267415285110473633e+00,5.648338422179222107e-02
2.870548367500305176e-01,1.714808940887451172e-01,1.848889165557920933e-03
2.042879164218902588e-01,2.535789728164672852e+00,1.752694323658943176e-02
1.334747225046157837e-01,4.936331272125244141e+00,1.551612839102745056e-02
1.131596118211746216e-01,4.271084308624267578e+00,2.284107543528079987e-02
1.318215131759643555e-01,2.584657907485961914e+00,2.597382292151451111e-02
5.509603023529052734e-02,2.066012144088745117e+00,7.790122181177139282e-03
1.299337297677993774e-01,3.620610475540161133e+00,1.136641670018434525e-02
3.866901695728302002e-01,4.785372257232666016e+00,1.386388204991817474e-02
7.070381194353103638e-02,3.925784111022949219e+00,9.303499944508075714e-03
4.783451557159423828e-02,1.950526595115661621e+00,4.905811976641416550e-03
5.358400195837020874e-02,7.430153489112854004e-01,6.516591645777225494e-03
3.411765694618225098e-01,1.745481848716735840e+00,1.890176162123680115e-02
1.401417851448059082e-01,6.793168783187866211e-01,3.474803175777196884e-03
5.632175132632255554e-02,3.962101697921752930e+00,8.852897211909294128e-03
1.322563439607620239e-01,8.415533304214477539e-01,3.576499409973621368e-03
6.070160120725631714e-02,3.872926950454711914e+00,1.075128000229597092e-02
1.851183176040649414e-01,4.834476947784423828e+00,1.622427068650722504e-02
1.014100387692451477e-01,1.684049963951110840e+00,4.727012477815151215e-03
1.335490494966506958e-01,3.212556838989257812e+00,8.864554576575756073e-03
6.488861143589019775e-02,7.982870936393737793e-01,4.484199453145265579e-03
1.823933720588684082e-01,1.469726264476776123e-01,1.988753676414489746e-02
2.126572579145431519e-01,4.084870815277099609e+00,8.344978094100952148e-03
1.858676820993423462e-01,6.366875767707824707e-01,2.567972755059599876e-03
1.727430373430252075e-01,4.888524532318115234e+00,2.496227994561195374e-02
1.995834857225418091e-01,2.341308355331420898e+00,6.916781421750783920e-03
5.576840788125991821e-02,4.849076747894287109e+00,1.653672195971012115e-02
4.215568676590919495e-02,5.619075894355773926e-01,3.829385386779904366e-03
6.766376644372940063e-02,4.387519359588623047e+00,7.733450084924697876e-02
2.244294136762619019e-01,3.000092029571533203e+00,2.025899104773998260e-02
6.847538799047470093e-02,4.748286247253417969e+00,1.630116812884807587e-02
1.804199665784835815e-01,1.464408636093139648e+00,9.053529240190982819e-03
1.844377666711807251e-01,4.253707885742187500e+00,2.045675925910472870e-02
1.417476981878280640e-01,4.687419414520263672e+00,1.921334303915500641e-02
4.601932689547538757e-02,3.852931976318359375e+00,1.000064890831708908e-02
4.481554403901100159e-02,4.250465393066406250e+00,1.575531065464019775e-02
1.306941062211990356e-01,2.208418607711791992e+00,6.620333064347505569e-03
7.502732425928115845e-02,3.623573780059814453e+00,1.572887785732746124e-02
1.963611245155334473e-01,3.694498300552368164e+00,9.871803224086761475e-03
1.943213194608688354e-01,2.540595531463623047e+00,6.972461007535457611e-03
2.596971094608306885e-01,1.336140155792236328e+00,7.498224731534719467e-03
1.346423774957656860e-01,3.128638744354248047e+00,1.185710541903972626e-02
1.584651023149490356e-01,4.328413963317871094e+00,1.148340106010437012e-02
9.781955927610397339e-02,3.548578500747680664e+00,3.030422516167163849e-02
4.091352969408035278e-02,6.970200538635253906e-01,3.817165503278374672e-03
6.031847372651100159e-02,4.962031364440917969e+00,1.545559056103229523e-02
1.011124849319458008e-01,6.772941350936889648e-01,4.239085130393505096e-03
1.083629280328750610e-01,3.859761238098144531e+00,1.672738231718540192e-02
4.619012773036956787e-02,3.385838747024536133e+00,2.176188677549362183e-02
2.410743758082389832e-02,5.190956592559814453e-01,3.018320072442293167e-03
9.802898019552230835e-02,3.068235158920288086e+00,1.243062410503625870e-02
2.529159188270568848e-01,1.622281908988952637e+00,8.429903537034988403e-03
4.602327197790145874e-02,4.000501632690429688e+00,1.154603436589241028e-02
1.167975291609764099e-01,2.077470064163208008e+00,8.116583339869976044e-03
2.769260108470916748e-01,2.093712091445922852e+00,4.219359159469604492e-02
5.292515456676483154e-02,3.731472730636596680e+00,1.261264458298683167e-02
2.666026540100574493e-02,4.585388660430908203e+00,1.094920188188552856e-02
1.348331123590469360e-01,2.943259954452514648e+00,7.015921175479888916e-03
8.594191819429397583e-02,3.461141347885131836e+00,8.191282860934734344e-03
2.923980914056301117e-02,8.546799421310424805e-01,6.108067929744720459e-03
8.537802100181579590e-02,7.861380577087402344e-01,1.226317510008811951e-02
5.139322951436042786e-02,4.073153018951416016e+00,1.043064706027507782e-02
2.188007831573486328e-01,2.358730554580688477e+00,7.088422775268554688e-03
1.171777173876762390e-01,4.228692054748535156e+00,2.391668409109115601e-02
5.631528049707412720e-02,3.276479244232177734e+00,9.087836369872093201e-03
3.383842110633850098e-02,8.451560139656066895e-01,8.486708626151084900e-03
8.360145241022109985e-02,1.651606321334838867e+00,5.262797232717275620e-03
1.679038703441619873e-01,2.252502918243408203e+00,9.284735657274723053e-03
1.994824856519699097e-01,1.941483974456787109e+00,2.226029708981513977e-02
1.111970469355583191e-01,3.833266735076904297e+00,1.138282939791679382e-02
7.645205408334732056e-02,2.822955846786499023e+00,6.936261430382728577e-03
2.137764692306518555e-01,4.944868564605712891e+00,1.033345051109790802e-02
2.061218917369842529e-01,4.441720008850097656e+00,2.100440673530101776e-02
2.318111956119537354e-01,8.222126960754394531e-02,6.797803100198507309e-03
2.313106879591941833e-02,4.771393775939941406e+00,1.161286048591136932e-02
1.871152073144912720e-01,7.164771556854248047e-01,1.729604322463274002e-03
6.033563613891601562e-02,4.978283882141113281e+00,1.112687587738037109e-02
5.658470094203948975e-02,4.683363437652587891e+00,1.122080069035291672e-02
4.582284763455390930e-02,8.033593297004699707e-01,1.108530815690755844e-02
1.723709553480148315e-01,1.120678186416625977e+00,4.016314167529344559e-03
1.046045497059822083e-01,4.812507629394531250e+00,1.335212867707014084e-02
8.729089796543121338e-02,4.773207187652587891e+00,2.106918580830097198e-02
5.675474181771278381e-02,3.938574314117431641e+00,2.161207795143127441e-02
7.019738852977752686e-02,1.030667796730995178e-01,2.827249700203537941e-03
2.251920849084854126e-01,1.936813235282897949e+00,5.046979989856481552e-03
3.077799640595912933e-02,3.938555479049682617e+00,9.232942014932632446e-03
2.486021965742111206e-01,2.804067373275756836e+00,1.451332774013280869e-02
1.220732629299163818e-01,1.047482132911682129e+00,1.290996186435222626e-02
6.710810214281082153e-02,4.623766899108886719e+00,1.078614965081214905e-02
1.514655351638793945e-01,1.940510869026184082e+00,1.571548171341419220e-02
7.832267135381698608e-02,3.921195983886718750e+00,9.544370695948600769e-03
4.374664649367332458e-02,1.666497945785522461e+00,7.779487408697605133e-03
2.597053349018096924e-01,1.733606815338134766e+00,1.015874091535806656e-02
1.931704133749008179e-01,2.228413820266723633e+00,5.858352407813072205e-03
1.658820956945419312e-01,2.390503406524658203e+00,9.058642201125621796e-03
1.982561051845550537e-01,4.964407444000244141e+00,2.271243371069431305e-02
1.243091598153114319e-01,2.950985670089721680e+00,1.782042719423770905e-02
9.820912033319473267e-02,3.089784145355224609e+00,1.631599664688110352e-02
3.153498098254203796e-02,9.871245026588439941e-01,5.601836368441581726e-03
4.732158780097961426e-02,6.382572650909423828e-01,1.148621365427970886e-02
1.558505743741989136e-01,7.881305813789367676e-01,2.255111932754516602e-03
1.957922428846359253e-01,4.096444129943847656e+00,2.000083774328231812e-02
5.360735952854156494e-02,4.178115844726562500e+00,1.099465508013963699e-02
1.737845689058303833e-01,4.559867858886718750e+00,1.053024735301733017e-02
2.141564637422561646e-01,9.139212369918823242e-01,2.347737923264503479e-02
1.783207952976226807e-01,1.245959997177124023e+00,1.979765109717845917e-02
5.339140072464942932e-02,3.841166496276855469e+00,9.386483579874038696e-03
2.668874524533748627e-02,1.568526864051818848e+00,4.943085368722677231e-03
2.502992935478687286e-02,2.661480665206909180e+00,7.866816595196723938e-03
2.012837976217269897e-01,4.931342124938964844e+00,1.418901421129703522e-02
1.682421416044235229e-01,2.033077955245971680e+00,1.670202240347862244e-02
8.997964859008789062e-02,3.264820575714111328e+00,9.740912355482578278e-03
1.905901730060577393e-01,3.665081262588500977e+00,1.538293622434139252e-02
7.324494421482086182e-02,3.632985830307006836e+00,1.099695637822151184e-02
1.766340434551239014e-01,1.475502848625183105e+00,7.147681433707475662e-03
7.985601574182510376e-02,2.885056972503662109e+00,7.411713711917400360e-03
3.635986521840095520e-02,4.816043376922607422e+00,1.037164404988288879e-02
1.287482827901840210e-01,2.653691530227661133e+00,7.199935615062713623e-03
7.597369700670242310e-02,4.165122985839843750e+00,9.400748647749423981e-03
9.092085808515548706e-02,1.440312623977661133e+00,5.825425032526254654e-03
1.197051480412483215e-01,2.926074981689453125e+00,1.201059576123952866e-02
1.786542236804962158e-01,3.879120588302612305e+00,8.911337703466415405e-03
1.810105741024017334e-01,1.549035429954528809e+00,6.973892915993928909e-03
4.333507269620895386e-02,3.934847116470336914e-01,6.697538774460554123e-03
5.711693689227104187e-02,4.302819728851318359e+00,1.001895405352115631e-02
5.511163547635078430e-02,3.885792016983032227e+00,1.214205008000135422e-02
7.389493286609649658e-02,4.839129447937011719e+00,3.131270036101341248e-02
8.434217423200607300e-02,4.903703689575195312e+00,1.064385659992694855e-02
1.959717273712158203e-01,4.937307357788085938e+00,1.034260261803865433e-02
1.748592853546142578e-01,1.880234479904174805e+00,9.441601112484931946e-03
2.407605499029159546e-01,9.840288758277893066e-01,1.258140429854393005e-02
3.048258833587169647e-02,3.665777683258056641e+00,8.840728551149368286e-03
1.435247957706451416e-01,9.428412318229675293e-01,5.779255181550979614e-03
2.421761751174926758e-01,4.089735984802246094e+00,9.408775717020034790e-03
3.153899312019348145e-02,3.947755813598632812e+00,9.984901174902915955e-03
8.311233669519424438e-02,2.426629543304443359e+00,7.777186576277017593e-03
4.210668802261352539e-02,1.511287569999694824e+00,4.335208330303430557e-03
2.675345353782176971e-02,1.867936491966247559e+00,1.586232520639896393e-02
9.026225656270980835e-02,4.143445491790771484e+00,1.519068982452154160e-02
1.165317445993423462e-01,9.891392588615417480e-01,8.284645155072212219e-03
7.965607941150665283e-02,1.764050841331481934e+00,5.464042536914348602e-03
1.874799281358718872e-01,2.530680418014526367e+00,1.428022887557744980e-02
1.411330401897430420e-01,3.875478744506835938e+00,2.385916374623775482e-02
5.041236057877540588e-02,8.046071529388427734e-01,2.505032345652580261e-03
1.344499588012695312e-01,1.641418635845184326e-01,4.678746685385704041e-03
2.375607565045356750e-02,8.768119663000106812e-02,5.700516048818826675e-03
7.237453013658523560e-02,8.688604831695556641e-01,3.440597560256719589e-03
2.033348381519317627e-01,2.522051095962524414e+00,1.384527143090963364e-02
5.309329181909561157e-02,4.085684299468994141e+00,9.625870734453201294e-03
2.792959213256835938e-01,6.000795364379882812e-01,2.110722707584500313e-03
1.400610953569412231e-01,3.350004434585571289e+00,9.155122563242912292e-03
1.689607948064804077e-01,2.827186107635498047e+00,9.473863057792186737e-03
1.022956743836402893e-01,3.839634180068969727e+00,1.035594753921031952e-02
3.624629601836204529e-02,4.249859333038330078e+00,1.036305446177721024e-02
2.340983413159847260e-02,2.119565248489379883e+00,1.618715003132820129e-02
6.106331199407577515e-02,2.516723632812500000e+00,9.868121705949306488e-03
1.143353655934333801e-01,2.997135639190673828e+00,1.879715174436569214e-02
7.263360172510147095e-02,5.239410996437072754e-01,4.980051890015602112e-03
1.368299424648284912e-01,2.339681625366210938e+00,6.942857522517442703e-03
1.750810146331787109e-01,3.346559286117553711e+00,7.615106180310249329e-03
3.813800215721130371e-01,2.586805105209350586e+00,9.655782021582126617e-03
2.381734699010848999e-01,5.992192625999450684e-01,3.417742904275655746e-03
3.500026464462280273e-02,5.552193522453308105e-01,2.628407673910260201e-03
2.444440498948097229e-02,1.933485388755798340e+00,5.717490799725055695e-03
2.303968183696269989e-02,7.241351604461669922e-01,3.127839183434844017e-03
1.094498559832572937e-01,2.058539152145385742e+00,6.792843807488679886e-03
2.036799341440200806e-01,2.573632001876831055e+00,2.294210717082023621e-02
2.838071063160896301e-02,4.436535835266113281e+00,1.025041658431291580e-02
1.130122691392898560e-01,3.059938192367553711e+00,6.753576453775167465e-03
2.119161933660507202e-01,3.776354551315307617e+00,1.242770906537771225e-02
1.723178625106811523e-01,4.326522350311279297e+00,7.786865532398223877e-02
2.404647022485733032e-01,1.758764863014221191e+00,4.412720445543527603e-03
4.225717857480049133e-02,4.966810703277587891e+00,1.192730665206909180e-02
1.665423214435577393e-01,4.131106853485107422e+00,1.231379341334104538e-02
2.667220495641231537e-02,1.854192733764648438e+00,5.807222798466682434e-03
2.180979102849960327e-01,7.617271542549133301e-01,8.248804137110710144e-03
3.204098716378211975e-02,1.423955410718917847e-01,1.926600746810436249e-02
1.633447706699371338e-01,1.390495777130126953e+00,5.597285460680723190e-03
5.089826136827468872e-02,1.808817386627197266e+00,7.325202692300081253e-03
2.008888274431228638e-01,9.697738289833068848e-01,1.187827344983816147e-02
1.106179952621459961e-01,4.258976459503173828e+00,1.049051992595195770e-02
8.653529733419418335e-02,8.210436701774597168e-01,1.348777487874031067e-02
7.049490511417388916e-02,2.357902288436889648e+00,1.501352619379758835e-02
8.379824459552764893e-02,4.689153671264648438e+00,1.392712909728288651e-02
7.633097469806671143e-02,1.503778100013732910e-01,1.512048882432281971e-03
3.129123523831367493e-02,4.131891727447509766e+00,9.594835340976715088e-03
2.356611341238021851e-01,3.094897508621215820e+00,1.659802533686161041e-02
3.419442102313041687e-02,9.640322327613830566e-01,3.293907502666115761e-03
2.378921657800674438e-01,3.835022449493408203e+00,9.857435710728168488e-03
2.092081010341644287e-01,6.093000769615173340e-01,1.445652265101671219e-02
2.203108668327331543e-01,1.253467917442321777e+00,5.668048746883869171e-03
1.030624881386756897e-01,2.651347398757934570e+00,2.322587557137012482e-02
2.384966313838958740e-01,6.338431835174560547e-01,3.534624585881829262e-03
9.503149986267089844e-02,4.215987205505371094e+00,1.101602707058191299e-02
2.364957928657531738e-01,1.578663229942321777e+00,3.954805899411439896e-03
7.404659688472747803e-02,2.109369516372680664e+00,5.762893706560134888e-03
2.246168106794357300e-01,1.610033869743347168e+00,1.645931228995323181e-02
7.370527088642120361e-02,4.756230354309082031e+00,1.559031661599874496e-02
3.289482370018959045e-02,4.556125104427337646e-01,3.227541455999016762e-03
1.711144298315048218e-01,4.709654331207275391e+00,1.116941589862108231e-02
6.714080274105072021e-02,4.748242855072021484e+00,1.130981650203466415e-02
7.187206149101257324e-01,3.822714805603027344e+00,5.589104723185300827e-03
1.704269349575042725e-01,3.994812011718750000e+00,9.309737943112850189e-03
7.407248020172119141e-02,7.036765217781066895e-01,2.921992447227239609e-03
8.841242641210556030e-02,2.096243858337402344e+00,1.270529069006443024e-02
7.050916552543640137e-02,1.202018380165100098e+00,1.717353798449039459e-02
2.820670306682586670e-01,6.379111409187316895e-01,7.321265991777181625e-03
1.315957009792327881e-01,3.597834110260009766e+00,8.479141630232334137e-03
6.310442835092544556e-02,1.581710577011108398e+00,4.946255590766668320e-03
6.109068170189857483e-02,3.553971529006958008e+00,8.950043469667434692e-03
3.999515622854232788e-02,2.830023288726806641e+00,1.021022908389568329e-02
3.454561159014701843e-02,8.373389840126037598e-01,1.455867942422628403e-02
1.100257933139801025e-01,1.172385737299919128e-01,3.356285393238067627e-03
1.480287313461303711e-01,4.942322254180908203e+00,1.089919731020927429e-02
4.476031661033630371e-02,3.548158407211303711e+00,9.401720017194747925e-03
4.439117014408111572e-02,3.688631296157836914e+00,1.185930427163839340e-02
9.539268910884857178e-02,2.056022405624389648e+00,2.023168839514255524e-02
2.585859000682830811e-01,1.374350547790527344e+00,6.160577759146690369e-03
5.135502666234970093e-02,4.220167636871337891e+00,9.800272993743419647e-03
1.112978830933570862e-01,4.221669673919677734e+00,1.249228604137897491e-02
6.516803056001663208e-02,4.378518104553222656e+00,9.709620848298072815e-03
1.142223179340362549e-01,1.596954703330993652e+00,1.326116919517517090e-02
2.168222516775131226e-02,1.818139553070068359e+00,1.266909111291170120e-02
3.397424146533012390e-02,8.938235044479370117e-01,4.564625676721334457e-03
1.220982447266578674e-01,4.406758785247802734e+00,1.028390601277351379e-02
7.943253964185714722e-02,4.771336555480957031e+00,1.636666432023048401e-02
4.392527043819427490e-02,4.897026538848876953e+00,1.080097723752260208e-02
1.374915838241577148e-01,7.584074735641479492e-01,1.086039002984762192e-02
1.405691802501678467e-01,1.466895818710327148e+00,1.374014932662248611e-02
1.092146858572959900e-01,3.932359695434570312e+00,1.350638549774885178e-02
2.670605480670928955e-01,2.704776525497436523e+00,7.358999457210302353e-03
1.452679336071014404e-01,4.325404644012451172e+00,9.365929290652275085e-03
9.947242587804794312e-02,4.045189857482910156e+00,1.425987947732210159e-02
2.039829939603805542e-01,4.040985107421875000e+00,2.154484391212463379e-02
5.517011508345603943e-02,3.871739625930786133e+00,1.813707128167152405e-02
1.702227443456649780e-01,4.956977844238281250e+00,1.122831646353006363e-02
4.233375564217567444e-02,1.359221339225769043e+00,3.926377743482589722e-03
2.239831835031509399e-01,3.833338975906372070e+00,1.050897780805826187e-02
1.916837841272354126e-01,4.994987010955810547e+00,1.349953468888998032e-02
1.253329664468765259e-01,2.070279121398925781e+00,1.244407054036855698e-02
2.380064427852630615e-01,7.097670435905456543e-01,2.960850717499852180e-03
1.929027885198593140e-01,1.769449114799499512e+00,7.190937176346778870e-03
6.466230005025863647e-02,8.675156831741333008e-01,3.495715092867612839e-03
7.815404981374740601e-02,1.065314784646034241e-01,6.415713578462600708e-04
4.903839901089668274e-02,2.410239219665527344e+00,9.437765926122665405e-03
2.047050595283508301e-01,6.659914851188659668e-01,8.348250761628150940e-03
6.233629956841468811e-02,9.236584305763244629e-01,5.755582358688116074e-03
1.292786598205566406e-01,3.844610929489135742e+00,1.470470521599054337e-02
6.902744621038436890e-02,4.985659122467041016e+00,1.216623373329639435e-02
1.104716584086418152e-01,4.091011047363281250e+00,2.843268588185310364e-02
2.842424809932708740e-01,3.929711818695068359e+00,2.501831762492656708e-02
2.807235419750213623e-01,4.936485290527343750e+00,9.437663480639457703e-03
9.417800605297088623e-02,4.034343719482421875e+00,1.286512147635221481e-02
2.561138570308685303e-01,1.324221491813659668e+00,8.435170166194438934e-03
6.218733265995979309e-02,1.741411328315734863e+00,4.985420498996973038e-03
6.265863031148910522e-02,5.786964893341064453e-01,1.144137233495712280e-02
7.017385959625244141e-02,3.731077194213867188e+00,1.090865582227706909e-02
2.313677780330181122e-02,1.337984800338745117e+00,4.803348798304796219e-03
1.432851552963256836e-01,1.665808796882629395e+00,4.866544622927904129e-03
2.242049276828765869e-01,3.631464958190917969e+00,1.612748205661773682e-02
1.548804789781570435e-01,2.861338853836059570e+00,9.834632277488708496e-03
8.343788236379623413e-02,4.639782905578613281e+00,1.164813991636037827e-02
4.442331567406654358e-02,4.884530544281005859e+00,1.160805486142635345e-02
7.161806523799896240e-02,2.224207639694213867e+00,1.736021041870117188e-02
1.869026273488998413e-01,4.717176914215087891e+00,2.150368504226207733e-02
8.985075354576110840e-02,4.255484580993652344e+00,1.577750220894813538e-02
1.827777028083801270e-01,4.062602519989013672e+00,1.693343371152877808e-02
2.456410527229309082e-01,3.844017267227172852e+00,1.723683625459671021e-02
9.322579205036163330e-02,2.566040992736816406e+00,8.094291202723979950e-03
2.042442746460437775e-02,1.039352416992187500e+00,4.904993809759616852e-03
4.282917082309722900e-02,8.642669916152954102e-01,6.588581949472427368e-03
5.590318888425827026e-02,7.565516233444213867e-01,1.434255577623844147e-02
3.798165544867515564e-02,2.061909437179565430e+00,6.468530278652906418e-03
1.353486031293869019e-01,4.024309158325195312e+00,9.669944643974304199e-03
2.182697206735610962e-01,3.081529617309570312e+00,8.428369648754596710e-03
2.399813681840896606e-01,4.639417827129364014e-01,6.531674880534410477e-03
2.200363576412200928e-01,1.748164594173431396e-01,1.367296557873487473e-02
1.740343719720840454e-01,6.883605122566223145e-01,3.112142672762274742e-03
9.286197274923324585e-02,2.069136857986450195e+00,7.842785678803920746e-03
7.258357107639312744e-02,2.346001863479614258e+00,8.453576825559139252e-03
1.757132261991500854e-01,4.929385185241699219e+00,9.960155002772808075e-03
1.366895586252212524e-01,2.366743087768554688e+00,2.329096198081970215e-02
8.550564199686050415e-02,9.157611727714538574e-01,1.046618260443210602e-02
4.316101968288421631e-02,4.174132347106933594e+00,6.704962253570556641e-02
1.091224700212478638e-01,4.060935020446777344e+00,2.060442045331001282e-02
4.039368405938148499e-02,1.727553248405456543e+00,3.562439000234007835e-03
3.133600056171417236e-01,7.138527035713195801e-01,2.973019611090421677e-03
2.871909737586975098e-02,1.893211841583251953e+00,7.173195015639066696e-03
3.085945360362529755e-02,3.233277320861816406e+00,8.525924757122993469e-03
3.837309032678604126e-02,1.315411448478698730e+00,6.590320263057947159e-03
2.062851190567016602e-01,9.446086287498474121e-01,3.502924228087067604e-03
2.397649288177490234e-01,2.328539133071899414e+00,7.964166812598705292e-03
2.961835563182830811e-01,3.800311088562011719e+00,7.697629276663064957e-03
7.381053268909454346e-02,2.364829063415527344e+00,2.174649760127067566e-02
9.133838117122650146e-02,1.577505350112915039e+00,4.590139258652925491e-03
2.332124859094619751e-02,4.857870101928710938e+00,1.094695180654525757e-02
1.245794445276260376e-01,3.119232892990112305e+00,1.063444931060075760e-02
2.076791226863861084e-01,2.438311100006103516e+00,6.597989704459905624e-03
3.424749970436096191e-01,8.089185953140258789e-01,7.484010420739650726e-03
1.674874424934387207e-01,7.624245882034301758e-01,2.775353379547595978e-03
7.316306978464126587e-02,3.187955617904663086e-01,1.618208736181259155e-02
3.464256972074508667e-02,3.506279945373535156e+00,1.161040645092725754e-02
1.397906690835952759e-01,3.782451629638671875e+00,1.024852413684129715e-02
4.856471344828605652e-02,1.566606879234313965e+00,1.153897866606712341e-02
1.701346337795257568e-01,4.618960857391357422e+00,1.154020614922046661e-02
7.526719570159912109e-02,4.002147674560546875e+00,1.066277455538511276e-02
1.160102039575576782e-01,7.646375149488449097e-02,2.689865184947848320e-03
1.439872682094573975e-01,7.698615789413452148e-01,5.628985818475484848e-03
2.194933593273162842e-01,8.694506883621215820e-01,7.033662870526313782e-03
1.755635589361190796e-01,4.474757194519042969e+00,1.203401293605566025e-02
1.984128952026367188e-01,7.463406920433044434e-01,5.266836378723382950e-03
6.593598425388336182e-02,3.010485172271728516e+00,1.485507655888795853e-02
3.001416288316249847e-02,2.234899520874023438e+00,6.142580416053533554e-03
1.420666724443435669e-01,3.524370908737182617e+00,9.992212988436222076e-03
1.056010574102401733e-01,2.055845558643341064e-01,7.769721560180187225e-03
2.031967341899871826e-01,3.978519439697265625e+00,3.076218999922275543e-02
4.681260883808135986e-02,4.894707202911376953e+00,1.739267818629741669e-02
2.250244468450546265e-01,4.794260501861572266e+00,1.400397717952728271e-02
2.872182987630367279e-02,4.204967975616455078e+00,1.064078882336616516e-02
1.832018792629241943e-01,2.910807132720947266e+00,7.556512020528316498e-03
8.788607269525527954e-02,2.848128080368041992e+00,7.848409935832023621e-03
2.111637443304061890e-01,4.361812591552734375e+00,1.953648217022418976e-02
2.930233627557754517e-02,8.392059206962585449e-01,6.972819101065397263e-03
4.498046264052391052e-02,6.529657840728759766e-01,3.045674413442611694e-03
8.922581374645233154e-02,1.711296319961547852e+00,1.702188886702060699e-02
9.335977584123611450e-02,3.865460395812988281e+00,1.153003145009279251e-02
2.455895990133285522e-01,8.264858126640319824e-01,2.322797104716300964e-02
1.178002357482910156e-01,4.327589035034179688e+00,1.238506752997636795e-02
4.144136980175971985e-02,1.299927473068237305e+00,6.739873904734849930e-03
9.463971853256225586e-02,3.595396757125854492e+00,1.434250455349683762e-02
2.406073957681655884e-01,1.467042714357376099e-01,2.343565924093127251e-03
4.843349754810333252e-02,2.437077760696411133e+00,6.878025364130735397e-03
2.213373035192489624e-02,7.567447423934936523e-01,6.421593483537435532e-03
1.007689759135246277e-01,4.592611789703369141e+00,1.092128455638885498e-02
5.090431869029998779e-02,1.705156564712524414e+00,1.135578192770481110e-02
2.785238623619079590e-02,1.220565795898437500e+00,5.945067852735519409e-03
2.141299098730087280e-01,1.034936189651489258e+00,4.635337740182876587e-03
3.341145068407058716e-02,1.762001156806945801e+00,4.361488856375217438e-03
3.151857852935791016e-02,2.160209119319915771e-01,1.020025834441184998e-02
1.435876935720443726e-01,3.969063520431518555e+00,1.062463223934173584e-02
3.132190704345703125e-01,9.058592915534973145e-01,8.100937120616436005e-03
2.488086968660354614e-01,4.764297008514404297e+00,1.884674653410911560e-02
1.350967884063720703e-01,1.574590563774108887e+00,6.212371867150068283e-03
2.195053398609161377e-01,3.085817337036132812e+00,7.746304385364055634e-03
1.819380521774291992e-01,4.047105312347412109e+00,9.559198282659053802e-03
2.117971517145633698e-02,5.816605687141418457e-01,3.378424327820539474e-03
2.748759388923645020e-01,4.331276416778564453e+00,2.185432985424995422e-02
1.057087481021881104e-01,3.539898157119750977e+00,8.101858198642730713e-03
1.682293713092803955e-01,4.272508144378662109e+00,1.212696637958288193e-02
1.994333788752555847e-02,7.007880210876464844e-01,4.137133248150348663e-03
7.045456022024154663e-02,3.214316442608833313e-02,6.441789679229259491e-03
5.198183283209800720e-02,2.854224443435668945e+00,1.043386850506067276e-02
2.527419626712799072e-01,8.899953365325927734e-01,2.315270900726318359e-02
8.824083209037780762e-02,4.376314640045166016e+00,1.281061768531799316e-02
4.801587015390396118e-02,2.951161384582519531e+00,7.837570272386074066e-03
1.259527206420898438e-01,3.875494003295898438e+00,1.925659924745559692e-02
7.982120662927627563e-02,2.827211618423461914e+00,7.227238733321428299e-03
1.027288734912872314e-01,4.073959350585937500e+00,1.308436412364244461e-02
2.439255565404891968e-01,2.057694673538208008e+00,1.179851125925779343e-02
3.019387722015380859e-01,4.591585636138916016e+00,1.603309623897075653e-02
5.450787767767906189e-02,2.392439126968383789e+00,6.581679452210664749e-03
1.605731062591075897e-02,1.827363133430480957e+00,6.543741561472415924e-03
2.098561972379684448e-01,4.614492893218994141e+00,1.172053907066583633e-02
4.644491150975227356e-02,3.552948236465454102e+00,8.010182529687881470e-03
3.698566928505897522e-02,6.820318102836608887e-01,5.384485237300395966e-03
1.941495537757873535e-01,2.005928516387939453e+00,6.011995952576398849e-03
6.426256895065307617e-02,4.881216049194335938e+00,1.983466744422912598e-02
2.063666135072708130e-01,1.723464846611022949e+00,8.066681213676929474e-03
3.461796790361404419e-02,1.981635093688964844e+00,8.329485543072223663e-03
5.237129330635070801e-02,5.042597651481628418e-02,4.773080348968505859e-03
2.104649096727371216e-01,4.026634216308593750e+00,1.716371998190879822e-02
2.885609567165374756e-01,7.790480852127075195e-01,2.095332834869623184e-03
6.442478299140930176e-02,8.509937524795532227e-01,7.559017278254032135e-03
1.028013378381729126e-01,2.752262115478515625e+00,9.858663193881511688e-03
4.671298339962959290e-02,1.383728384971618652e+00,4.141018725931644440e-03
9.152904897928237915e-02,4.273285865783691406e+00,1.401798613369464874e-02
5.954083427786827087e-02,2.160176277160644531e+00,9.888113476336002350e-03
2.699668109416961670e-01,4.482013225555419922e+00,1.448408141732215881e-02
8.532334864139556885e-02,4.977627754211425781e+00,2.311349287629127502e-02
1.759259253740310669e-01,1.217585921287536621e+00,5.888518411666154861e-03
6.614485383033752441e-02,2.553257942199707031e+00,7.059278897941112518e-03
2.522847950458526611e-01,2.748505115509033203e+00,1.064375415444374084e-02
1.218922510743141174e-01,1.036713361740112305e+00,3.363545751199126244e-03
1.511183977127075195e-01,2.124419510364532471e-01,5.697141401469707489e-03
1.996479481458663940e-01,2.078402757644653320e+00,1.764673925936222076e-02
1.704320907592773438e-01,2.247599661350250244e-01,3.176207654178142548e-03
1.126508712768554688e-01,4.693361818790435791e-01,4.373094998300075531e-03
1.982375830411911011e-01,2.183860540390014648e+00,6.323936395347118378e-03
7.698207348585128784e-02,2.161157369613647461e+00,6.069618742913007736e-03
1.565946936607360840e-01,3.918661355972290039e+00,4.056844487786293030e-02
5.235437303781509399e-02,2.944640159606933594e+00,8.582167327404022217e-03
6.633624434471130371e-02,4.255936622619628906e+00,9.946656413376331329e-03
1.865804791450500488e-01,4.891447067260742188e+00,1.033677347004413605e-02
1.682350486516952515e-01,3.900007963180541992e+00,1.210753712803125381e-02
7.033047080039978027e-02,1.679822325706481934e+00,5.508576054126024246e-03
1.941317915916442871e-01,3.963867425918579102e+00,8.739799261093139648e-03
1.872919201850891113e-01,4.732821941375732422e+00,1.129851769655942917e-02
1.027366295456886292e-01,3.905966281890869141e+00,1.000320538878440857e-02
5.329170823097229004e-02,4.241072177886962891e+00,1.128870062530040741e-02
6.040110811591148376e-02,4.441793918609619141e+00,1.113500539213418961e-02
2.326539158821105957e-01,4.225566864013671875e+00,1.210150402039289474e-02
1.652049422264099121e-01,4.604935646057128906e+00,1.174487639218568802e-02
2.578361928462982178e-01,3.729764938354492188e+00,1.422291249036788940e-02
4.844405129551887512e-02,3.292751550674438477e+00,7.165883667767047882e-03
6.895332783460617065e-02,4.090919971466064453e+00,1.188410166651010513e-02
2.102918475866317749e-01,1.723335027694702148e+00,4.703186452388763428e-03
3.753025457262992859e-02,4.549560070037841797e+00,1.566854491829872131e-02
2.412780523300170898e-01,6.879762411117553711e-01,1.070347335189580917e-02
5.687194317579269409e-02,5.907164216041564941e-01,3.283221507444977760e-03
6.903682649135589600e-02,4.218631744384765625e+00,1.272339094430208206e-02
1.531749367713928223e-01,1.343081712722778320e+00,7.274942472577095032e-03
2.504626056179404259e-03,2.695096731185913086e-01,2.815847750753164291e-03
1.939811706542968750e-01,4.821733951568603516e+00,1.171481236815452576e-02
1.067107915878295898e-01,3.823540687561035156e+00,9.113145992159843445e-03
5.983932316303253174e-02,1.281130194664001465e+00,4.989562090486288071e-03
1.865340769290924072e-01,3.909505128860473633e+00,1.504757814109325409e-02
4.355155304074287415e-02,1.308558821678161621e+00,4.090809728950262070e-03
9.611658751964569092e-02,1.844468593597412109e+00,1.038299500942230225e-02
2.156772762537002563e-01,2.991632938385009766e+00,7.772891316562891006e-03
4.104239493608474731e-02,3.446237325668334961e+00,9.547796100378036499e-03
6.533277779817581177e-02,2.568336009979248047e+00,9.038139134645462036e-03
2.505661547183990479e-01,2.273699045181274414e+00,1.864069513976573944e-02
5.913417413830757141e-02,4.742743015289306641e+00,1.112365443259477615e-02
2.398488968610763550e-01,6.134685277938842773e-01,4.907345864921808243e-03
3.371734544634819031e-02,8.625782132148742676e-01,3.069193800911307335e-03
1.976616866886615753e-02,1.038748919963836670e-01,1.912903157062828541e-03
2.196559756994247437e-01,3.194734811782836914e+00,8.859748952090740204e-03
6.799101084470748901e-02,3.739685297012329102e+00,2.677803672850131989e-02
1.964496672153472900e-01,6.723089814186096191e-01,3.225240623578429222e-03
6.172745302319526672e-02,3.941215991973876953e+00,8.476891554892063141e-03
6.727274507284164429e-02,6.742667555809020996e-01,3.405011491850018501e-03
1.280850768089294434e-01,2.480090379714965820e+00,1.588865742087364197e-02
1.816023290157318115e-01,4.016276836395263672e+00,1.153642218559980392e-02
2.642220258712768555e-01,4.273439943790435791e-01,3.053599502891302109e-03
5.171254649758338928e-02,1.665121555328369141e+00,5.089928861707448959e-03
2.057294994592666626e-01,6.016165614128112793e-01,1.237100735306739807e-02
2.803666293621063232e-01,3.089530944824218750e+00,7.450316101312637329e-03
1.105540469288825989e-01,1.511224269866943359e+00,5.273176357150077820e-03
1.259128153324127197e-01,3.955202102661132812e+00,9.082110598683357239e-03
1.439183354377746582e-01,1.016795516014099121e+00,3.817727789282798767e-03
1.218710094690322876e-01,2.432798862457275391e+00,8.817311376333236694e-03
2.702387869358062744e-01,8.093385100364685059e-01,2.380634658038616180e-03
2.497375011444091797e-01,2.916585445404052734e+00,1.595287583768367767e-02
2.359925210475921631e-02,9.321970343589782715e-01,6.052183452993631363e-03
2.034090906381607056e-01,3.817583084106445312e+00,1.046393252909183502e-02
7.223853468894958496e-02,1.056995987892150879e-01,2.204851945862174034e-03
2.214374542236328125e-01,3.688556432723999023e+00,9.517885744571685791e-03
1.081181094050407410e-01,8.740900158882141113e-01,1.643195748329162598e-03
1.426305770874023438e-01,2.336615324020385742e+00,9.863980114459991455e-03
4.090923815965652466e-02,1.086753845214843750e+00,6.216513458639383316e-03
1.231663525104522705e-01,4.942820549011230469e+00,1.324496138840913773e-02
2.977664768695831299e-01,2.722907543182373047e+00,8.385011926293373108e-03
4.144344478845596313e-02,2.270449876785278320e+00,6.269534584134817123e-03
1.278975605964660645e-01,4.662928581237792969e+00,1.074084918946027756e-02
1.799063570797443390e-02,6.806004643440246582e-01,6.031680852174758911e-03
1.122865006327629089e-01,3.906478404998779297e+00,9.584405459463596344e-03
1.396568566560745239e-01,7.168719172477722168e-01,8.167661726474761963e-03
1.657880693674087524e-01,4.308393001556396484e+00,9.153588674962520599e-03
8.165906369686126709e-02,1.775580167770385742e+00,4.787784814834594727e-02
5.134049430489540100e-02,3.982961177825927734e+00,1.054318342357873917e-02
2.208092659711837769e-01,4.229226589202880859e+00,2.907129190862178802e-02
4.842329025268554688e-02,4.595300674438476562e+00,9.902889840304851532e-03
5.630683526396751404e-02,4.780432224273681641e+00,1.324542146176099777e-02
1.029685735702514648e-01,4.158654212951660156e+00,9.657417424023151398e-03
1.500985920429229736e-01,9.124719500541687012e-01,1.160590723156929016e-02
2.426842302083969116e-01,1.616632103919982910e+00,2.075980231165885925e-02
6.763009727001190186e-02,4.334504604339599609e+00,1.019207760691642761e-02
2.252497673034667969e-01,4.803086280822753906e+00,1.068844180554151535e-02
2.329019904136657715e-01,1.530677199363708496e+00,3.885781159624457359e-03
1.821503788232803345e-01,1.910979986190795898e+00,1.119395811110734940e-02
2.650076448917388916e-01,3.919921159744262695e+00,7.921831682324409485e-03
1.465099900960922241e-01,3.212612628936767578e+00,8.099659346044063568e-03
5.388695374131202698e-02,1.219974040985107422e+00,5.267654545605182648e-03
2.338266670703887939e-01,2.136705160140991211e+00,5.167952273041009903e-03
1.823003441095352173e-01,4.524057388305664062e+00,1.144776400178670883e-02
1.247210428118705750e-01,1.654027581214904785e+00,4.693931899964809418e-03
1.407257616519927979e-01,1.282028675079345703e+00,2.212485484778881073e-02
8.793642371892929077e-02,1.491917848587036133e+00,5.314233247190713882e-03
2.953061461448669434e-02,3.021135091781616211e+00,1.174267847090959549e-02
2.562104761600494385e-01,2.735720396041870117e+00,1.577335968613624573e-02
7.992965728044509888e-02,5.752256512641906738e-01,1.157712098211050034e-02
1.702642589807510376e-01,4.086963176727294922e+00,9.802114218473434448e-03
4.671004414558410645e-02,3.057935714721679688e+00,7.642307318747043610e-03
2.082128375768661499e-01,2.374454975128173828e+00,6.536634638905525208e-03
2.174249142408370972e-01,4.135667324066162109e+00,1.040942873805761337e-02
2.197701930999755859e-01,4.697021484375000000e+00,1.443719584494829178e-02
2.961940690875053406e-02,4.466192245483398438e+00,9.735288098454475403e-03
1.169824898242950439e-01,4.245818614959716797e+00,9.954479523003101349e-03
1.302137076854705811e-01,9.818280935287475586e-01,5.136610008776187897e-03
1.632490605115890503e-01,1.669680476188659668e+00,5.071726627647876740e-03
2.000177204608917236e-01,2.831745386123657227e+00,1.225586328655481339e-02
6.634319573640823364e-02,2.323379069566726685e-01,5.698419641703367233e-03
4.786773398518562317e-02,2.000606775283813477e+00,5.122140515595674515e-03
1.096520721912384033e-01,1.028543636202812195e-01,4.810108244419097900e-02
2.046221494674682617e-02,3.990700244903564453e-01,2.510503167286515236e-03
5.908898264169692993e-02,1.073487877845764160e+00,7.740577682852745056e-03
1.037979796528816223e-01,4.707818925380706787e-01,2.122789155691862106e-03
2.927863001823425293e-01,2.147457361221313477e+00,5.134053528308868408e-03
9.539856761693954468e-02,4.851772785186767578e+00,1.428319420665502548e-02
6.673047691583633423e-02,4.600357532501220703e+00,1.229211408644914627e-02
8.330434560775756836e-02,4.625020503997802734e+00,1.575740799307823181e-02
3.357148468494415283e-01,1.914373159408569336e+00,1.370415464043617249e-02
5.533950030803680420e-02,2.135480880737304688e+00,8.971466682851314545e-03
1.851436346769332886e-01,2.728219509124755859e+00,7.818601094186306000e-03
9.884239733219146729e-02,3.882140874862670898e+00,1.032368466258049011e-02
1.623311638832092285e-01,3.790496826171875000e+00,1.240608189254999161e-02
8.967860043048858643e-02,4.374211311340332031e+00,1.321044936776161194e-02
1.532062888145446777e-01,2.264695405960083008e+00,6.537247914820909500e-03
2.719241678714752197e-01,3.006893157958984375e+00,9.319657459855079651e-03
1.214497461915016174e-01,3.182079792022705078e+00,1.698481850326061249e-02
3.742218762636184692e-02,2.117921113967895508e+00,1.449763122946023941e-02
2.923971712589263916e-01,2.869203805923461914e+00,5.794798489660024643e-03
1.140118911862373352e-01,7.730167508125305176e-01,2.794987056404352188e-03
1.655632257461547852e-01,4.691400051116943359e+00,2.467856183648109436e-02
2.182162404060363770e-01,3.178057432174682617e+00,1.052257791161537170e-02
2.927201986312866211e-01,1.586263537406921387e+00,5.654652602970600128e-03
2.662562765181064606e-02,3.072256803512573242e+00,8.967376314103603363e-03
2.182166576385498047e-01,3.785978555679321289e+00,1.321443729102611542e-02
6.133159250020980835e-02,7.466316223144531250e-01,4.346149973571300507e-03
5.392051860690116882e-02,7.042177915573120117e-01,3.754736389964818954e-03
3.483025729656219482e-02,3.398592472076416016e+00,7.931086234748363495e-03
6.865809112787246704e-02,2.964482545852661133e+00,3.339709341526031494e-02
2.199009507894515991e-01,4.279693603515625000e+00,2.016900293529033661e-02
1.451250165700912476e-01,9.117469787597656250e-01,4.062330815941095352e-03
5.785990506410598755e-02,2.023872613906860352e+00,4.940324462950229645e-03
1.922704838216304779e-02,6.778547763824462891e-01,6.843615323305130005e-03
1.127922609448432922e-01,3.925378322601318359e+00,2.189978398382663727e-02
2.302834242582321167e-01,8.180243372917175293e-01,7.675081025809049606e-03
7.789857685565948486e-02,3.764172792434692383e+00,8.844921365380287170e-03
8.945167064666748047e-02,4.615683555603027344e+00,1.767348125576972961e-02
1.217102780938148499e-01,3.984413862228393555e+00,1.040590088814496994e-02
3.657748550176620483e-02,4.142819404602050781e+00,1.021897140890359879e-02
7.367305457592010498e-02,3.984352111816406250e+00,1.274205278605222702e-02
6.959397345781326294e-02,1.470524966716766357e-01,4.302536603063344955e-03
5.267154425382614136e-02,1.084769129753112793e+00,4.123788326978683472e-03
3.122105300426483154e-01,1.364490985870361328e+00,3.436660626903176308e-03
7.396586984395980835e-02,1.807583093643188477e+00,6.305632181465625763e-03
1.105648428201675415e-01,3.383718967437744141e+00,7.209394592791795731e-03
5.647037178277969360e-02,3.227419137954711914e+00,8.070464245975017548e-03
4.375335946679115295e-02,3.334401130676269531e+00,8.838223293423652649e-03
2.861933596432209015e-02,2.940118551254272461e+00,1.815895363688468933e-02
9.575878828763961792e-02,4.994185924530029297e+00,1.526027638465166092e-02
2.218109220266342163e-01,4.060234546661376953e+00,8.844665251672267914e-03
1.635489612817764282e-01,6.104129552841186523e-01,4.319153726100921631e-03
1.799752414226531982e-01,1.997665166854858398e+00,5.250679794698953629e-03
1.044604629278182983e-01,2.791968822479248047e+00,7.491986732929944992e-03
5.352922528982162476e-02,4.559201240539550781e+00,1.131431665271520615e-02
2.077817469835281372e-01,2.377628564834594727e+00,7.995150983333587646e-03
6.007676944136619568e-02,4.990520000457763672e+00,1.107226964086294174e-02
4.334348067641258240e-02,2.047657012939453125e+00,5.388064309954643250e-03
6.509248912334442139e-02,4.022430896759033203e+00,1.731445081532001495e-02
3.889262303709983826e-02,1.647510170936584473e+00,7.182347122579813004e-03
1.235118284821510315e-01,1.691464066505432129e+00,4.337304737418889999e-03
3.908602148294448853e-02,6.847234368324279785e-01,7.968308404088020325e-03
5.751556530594825745e-02,3.106334209442138672e+00,7.883228361606597900e-03
1.847481876611709595e-01,4.567968368530273438e+00,1.028743386268615723e-02
8.255175501108169556e-02,7.462009787559509277e-01,3.825295018032193184e-03
3.764122724533081055e-02,7.221337556838989258e-01,3.602012991905212402e-03
1.342160701751708984e-01,1.631519913673400879e+00,5.038544069975614548e-03
2.075004577636718750e-01,3.191325902938842773e+00,2.714872546494007111e-02
1.257606297731399536e-01,7.402222752571105957e-01,3.688881872221827507e-03
1.674012839794158936e-01,3.839309215545654297e+00,1.602154225111007690e-02
1.836415827274322510e-01,7.791265845298767090e-01,1.221542060375213623e-02
3.621522337198257446e-02,8.458957076072692871e-01,4.666628781706094742e-03
2.228108942508697510e-01,3.699626207351684570e+00,1.249596755951642990e-02
9.387830644845962524e-02,4.510888576507568359e+00,1.153069548308849335e-02
2.158351242542266846e-01,7.957307696342468262e-01,5.309989675879478455e-03
8.530099689960479736e-02,4.268015861511230469e+00,9.384131059050559998e-03
6.996506452560424805e-02,3.687105178833007812e+00,1.160186808556318283e-02
2.389753013849258423e-01,2.091811150312423706e-01,2.329607494175434113e-03
2.204639092087745667e-02,8.379629254341125488e-01,3.065665950998663902e-03
3.109991177916526794e-02,3.897855043411254883e+00,1.214787829667329788e-02
6.844376027584075928e-02,2.501592636108398438e+00,8.944163098931312561e-03
9.484214335680007935e-02,4.936708450317382812e+00,1.680136658251285553e-02
1.429089158773422241e-01,1.935335755348205566e+00,1.059308554977178574e-02
4.507970437407493591e-02,6.877585053443908691e-01,4.240772221237421036e-03
5.937926843762397766e-02,4.823649883270263672e+00,1.621818542480468750e-02
3.409355133771896362e-02,3.861446857452392578e+00,1.648860797286033630e-02
6.343177706003189087e-02,2.436511516571044922e+00,1.412975508719682693e-02
5.428593233227729797e-02,7.383404970169067383e-01,3.047208301723003387e-03
2.621028386056423187e-02,4.273752689361572266e+00,9.911479428410530090e-03
1.316837668418884277e-01,1.808801054954528809e+00,4.080686252564191818e-03
1.496420055627822876e-01,4.715551376342773438e+00,1.203022990375757217e-02
2.288511842489242554e-01,4.094227790832519531e+00,1.330534555017948151e-02
3.496482968330383301e-02,4.009916305541992188e+00,1.416953373700380325e-02
7.134050875902175903e-02,8.908935785293579102e-01,2.575130667537450790e-03
4.886282235383987427e-02,3.950496435165405273e+00,1.385237835347652435e-02
1.186395063996315002e-01,4.520756721496582031e+00,1.667415723204612732e-02
2.027533650398254395e-01,7.054237723350524902e-01,1.586217246949672699e-02
1.861747801303863525e-01,3.432815968990325928e-01,4.344462882727384567e-03
1.253129988908767700e-01,4.207645893096923828e+00,2.683187648653984070e-02
2.489453405141830444e-01,1.644205212593078613e+00,3.750083735212683678e-03
6.880456954240798950e-02,3.867377042770385742e+00,1.039501000195741653e-02
6.421314924955368042e-02,2.736066102981567383e+00,8.446469902992248535e-03
1.904819756746292114e-01,5.242395401000976562e-01,1.431622356176376343e-02
2.578217163681983948e-02,6.415699720382690430e-01,4.734579939395189285e-03
1.895877122879028320e-01,4.059461593627929688e+00,1.179396081715822220e-02
8.780759572982788086e-02,1.511093616485595703e+00,4.729517735540866852e-03
1.023042947053909302e-01,3.837637186050415039e+00,1.619599573314189911e-02
5.557054653763771057e-02,2.545816421508789062e+00,6.537606008350849152e-03
1.213982552289962769e-01,6.307305097579956055e-01,2.599585987627506256e-02
1.420905143022537231e-01,1.847495436668395996e+00,1.182151958346366882e-02
1.024477928876876831e-01,4.863751411437988281e+00,1.138441450893878937e-02
7.302095741033554077e-02,2.815198898315429688e+00,1.260431017726659775e-02
3.120240755379199982e-02,4.358959674835205078e+00,9.875739924609661102e-03
2.540272772312164307e-01,3.744230747222900391e+00,2.051126211881637573e-02
3.024141788482666016e-01,6.495280861854553223e-01,1.706749550066888332e-03
5.962841212749481201e-02,3.880033254623413086e+00,1.705210469663143158e-02
3.723252937197685242e-02,4.024523258209228516e+00,1.023359503597021103e-02
1.091620251536369324e-01,2.642643928527832031e+00,1.853807829320430756e-02
2.554877102375030518e-02,1.761046528816223145e+00,4.954078234732151031e-03
1.812655776739120483e-01,8.382667899131774902e-01,3.578749252483248711e-03
2.768625505268573761e-02,3.221271038055419922e+00,7.374337874352931976e-03
5.082438513636589050e-02,1.399484515190124512e+00,1.132566668093204498e-02
6.037304550409317017e-02,1.693046689033508301e+00,7.368713617324829102e-03
1.166780143976211548e-01,4.801956653594970703e+00,1.103238854557275772e-02
7.322618365287780762e-02,9.507648348808288574e-01,3.517598379403352737e-03
1.412812471389770508e-01,2.796932697296142578e+00,7.365748286247253418e-03
1.202726811170578003e-01,4.881924688816070557e-01,9.560374543070793152e-03
2.715359032154083252e-01,1.893246889114379883e+00,3.559079766273498535e-02
1.065076664090156555e-01,4.376365184783935547e+00,1.731214858591556549e-02
1.784742921590805054e-01,2.161848783493041992e+00,5.582918412983417511e-03
1.748373806476593018e-01,3.594635009765625000e+00,1.473737694323062897e-02
3.568928688764572144e-02,3.893504142761230469e+00,1.169200893491506577e-02
1.260319650173187256e-01,4.945426940917968750e+00,3.149149939417839050e-02
1.284205615520477295e-01,1.597907900810241699e+00,4.251611884683370590e-03
2.178302258253097534e-01,9.767459630966186523e-01,3.382207825779914856e-03
2.635665610432624817e-02,1.102878093719482422e+00,4.182996228337287903e-03
1.550507247447967529e-01,1.719471067190170288e-01,6.023858208209276199e-03
4.898798465728759766e-02,7.033563256263732910e-01,4.013195633888244629e-03
4.262490943074226379e-02,7.535877227783203125e-01,5.401102360337972641e-03
1.583727151155471802e-01,6.749653816223144531e-01,3.185871057212352753e-03
9.203518927097320557e-02,2.847907304763793945e+00,1.181594654917716980e-02
1.319958418607711792e-01,4.723155021667480469e+00,2.012866176664829254e-02
6.278198957443237305e-02,3.934708356857299805e+00,1.678520999848842621e-02
1.996772885322570801e-01,4.060403347015380859e+00,1.696779392659664154e-02
2.421228587627410889e-01,4.617724418640136719e+00,1.013915892690420151e-02
3.757562115788459778e-02,2.169894456863403320e+00,1.161986496299505234e-02
1.826236099004745483e-01,1.630112290382385254e+00,6.802762858569622040e-03
1.700610369443893433e-01,1.547901153564453125e+00,2.140745893120765686e-02
5.374490842223167419e-02,1.825227379798889160e+00,5.387501791119575500e-03
1.715166270732879639e-01,3.429829835891723633e+00,7.185926195234060287e-03
2.103241980075836182e-01,3.527726605534553528e-02,3.992283716797828674e-03
1.866240799427032471e-01,4.791483402252197266e+00,1.030763052403926849e-02
6.153031811118125916e-02,4.409417152404785156e+00,1.869422756135463715e-02
1.946318447589874268e-01,2.646194398403167725e-01,2.277608960866928101e-03
5.678083375096321106e-02,7.637413591146469116e-02,1.583323231898248196e-03
3.640696033835411072e-02,4.457618236541748047e+00,9.466552175581455231e-03
4.716341570019721985e-02,2.053127288818359375e+00,2.340088970959186554e-02
5.886803939938545227e-02,2.949984073638916016e+00,9.794239886105060577e-03
2.359004020690917969e-01,3.577121973037719727e+00,8.345335721969604492e-03
9.027820825576782227e-02,1.617050290107727051e+00,6.305069662630558014e-03
1.102954894304275513e-01,1.256278395652770996e+00,6.493890192359685898e-03
1.845964975655078888e-02,9.341334700584411621e-01,4.159374162554740906e-03
3.514819592237472534e-02,4.317096233367919922e+00,1.219000946730375290e-02
1.790040284395217896e-01,4.145815849304199219e+00,1.218187902122735977e-02
2.820316255092620850e-01,2.163638591766357422e+00,8.174563758075237274e-03
1.743343472480773926e-01,8.906488418579101562e-01,3.216497600078582764e-03
4.791877418756484985e-02,2.999319314956665039e+00,9.296341799199581146e-03
2.289026416838169098e-02,1.329237967729568481e-01,3.516627009958028793e-03
7.489912211894989014e-02,3.989915132522583008e+00,9.202570654451847076e-03
2.027265727519989014e-01,1.408964633941650391e+00,4.591417498886585236e-03
2.008025646209716797e-01,4.191874027252197266e+00,8.960933424532413483e-03
3.516805544495582581e-02,6.760859489440917969e-01,5.778845865279436111e-03
2.258298546075820923e-01,1.620196342468261719e+00,3.671242156997323036e-03
6.912904232740402222e-02,2.203692913055419922e+00,9.772970341145992279e-03
3.053227812051773071e-02,1.222577542066574097e-01,1.150083635002374649e-02
6.556801497936248779e-02,4.657931327819824219e+00,1.079218275845050812e-02
1.789915412664413452e-01,9.059064984321594238e-01,4.033186938613653183e-03
9.935414791107177734e-02,3.602097272872924805e+00,1.075168885290622711e-02
1.919195055961608887e-01,7.204640507698059082e-01,2.746158512309193611e-03
1.787645071744918823e-01,3.164335250854492188e+00,1.553928945213556290e-02
7.230410724878311157e-02,4.542790412902832031e+00,9.594171307981014252e-03
3.122505247592926025e-01,2.036807775497436523e+00,2.039893157780170441e-02
2.883172929286956787e-01,2.099677085876464844e+00,7.875968702137470245e-03
4.880863428115844727e-02,7.864811420440673828e-01,5.253338254988193512e-03
1.227031871676445007e-01,4.263505935668945312e+00,1.080798171460628510e-02
1.048506870865821838e-01,4.120068550109863281e+00,9.560629725456237793e-03
1.924818009138107300e-01,1.082225680351257324e+00,9.195975027978420258e-03
1.889509409666061401e-01,2.222621202468872070e+00,8.890119381248950958e-03
1.810987442731857300e-01,3.764097929000854492e+00,1.458363048732280731e-02
5.512904375791549683e-02,8.144284486770629883e-01,5.175110418349504471e-03
3.471240028738975525e-02,4.119867324829101562e+00,1.124825701117515564e-02
1.872070729732513428e-01,4.302995204925537109e+00,1.109113637357950211e-02
3.625563904643058777e-02,4.215437889099121094e+00,1.306692883372306824e-02
4.586053267121315002e-02,2.558785915374755859e+00,1.033774483948945999e-02
5.647009611129760742e-02,4.279111385345458984e+00,1.150497794151306152e-02
2.482424080371856689e-01,8.881290555000305176e-01,1.143457274883985519e-02
1.697806417942047119e-01,7.787923812866210938e-01,9.453207254409790039e-03
1.353693008422851562e-01,3.576902627944946289e+00,1.037583686411380768e-02
2.407707422971725464e-01,5.115712434053421021e-02,1.035108976066112518e-02
2.165478616952896118e-01,1.605734229087829590e+00,4.778602160513401031e-03
6.895097345113754272e-02,3.565728664398193359e+00,1.814934238791465759e-02
4.769834876060485840e-02,4.068660736083984375e+00,1.028702501207590103e-02
3.367191180586814880e-02,2.137653827667236328e+00,1.666577160358428955e-02
1.386576592922210693e-01,7.433726787567138672e-01,2.033006167039275169e-03
3.446887135505676270e-01,1.029194235801696777e+00,4.798644687980413437e-03
3.186378255486488342e-02,4.225155830383300781e+00,1.146402303129434586e-02
1.332796961069107056e-01,1.012670040130615234e+00,4.481182433664798737e-03
7.273343205451965332e-02,2.742486000061035156e+00,6.845609284937381744e-03
1.973770409822463989e-01,4.192804813385009766e+00,8.879842236638069153e-03
1.422470957040786743e-01,3.222333192825317383e+00,9.932493790984153748e-03
6.715312600135803223e-02,4.427786827087402344e+00,1.534433290362358093e-02
1.640974543988704681e-02,1.002558112144470215e+00,3.776159603148698807e-03
4.054624959826469421e-02,1.639881134033203125e-01,2.984012244269251823e-03
1.369403898715972900e-01,1.332968175411224365e-01,4.551843274384737015e-03
8.927588164806365967e-02,4.780862808227539062e+00,1.266060397028923035e-02
3.610002994537353516e-02,1.421816110610961914e+00,5.004338454455137253e-03
9.600187838077545166e-02,3.917216300964355469e+00,1.021002419292926788e-02
2.854107618331909180e-01,7.640449404716491699e-01,4.782436881214380264e-03
6.873314827680587769e-02,5.289510488510131836e-01,3.530176356434822083e-03
1.914806962013244629e-01,1.394350290298461914e+00,4.359392449259757996e-03
1.940113455057144165e-01,7.856759428977966309e-01,7.566533517092466354e-03
6.931859999895095825e-02,1.027037382125854492e+00,1.328024081885814667e-02
4.793354868888854980e-02,2.528576612472534180e+00,2.731796354055404663e-02
1.948503404855728149e-01,2.100801229476928711e+00,2.197110839188098907e-02
4.141441360116004944e-02,2.830242633819580078e+00,7.565152831375598907e-03
2.446958273649215698e-01,4.305689334869384766e+00,1.002549845725297928e-02
1.446273624897003174e-01,8.837341666221618652e-01,6.211298052221536636e-03
1.465059369802474976e-01,8.216029405593872070e-01,3.397291060537099838e-03
1.323929876089096069e-01,2.877769231796264648e+00,7.717569358646869659e-03
1.468073278665542603e-01,4.449620723724365234e+00,1.036295201629400253e-02
8.100761473178863525e-02,1.018385291099548340e+00,1.143119763582944870e-02
1.492197811603546143e-01,3.779124498367309570e+00,8.724920451641082764e-03
1.083739325404167175e-01,4.656738281250000000e+00,1.106398645788431168e-02
1.023841947317123413e-01,7.679395675659179688e-01,3.923565614968538284e-03
6.979408860206604004e-02,6.776582598686218262e-01,4.894665908068418503e-03
7.805360108613967896e-02,1.350857973098754883e+00,6.294894963502883911e-03
1.314395964145660400e-01,1.966769933700561523e+00,5.264944862574338913e-03
5.445742607116699219e-02,4.266779899597167969e+00,1.130649354308843613e-02
7.955902069807052612e-02,4.246813297271728516e+00,1.740300655364990234e-02
6.497695297002792358e-02,3.845339536666870117e+00,9.284326806664466858e-03
2.670642733573913574e-02,8.016758561134338379e-01,5.866532679647207260e-03
8.253058046102523804e-02,4.394373893737792969e+00,1.040267944335937500e-02
3.028192371129989624e-02,3.857482910156250000e+00,9.228697977960109711e-03
2.325133681297302246e-01,6.812618374824523926e-01,9.525197558104991913e-03
1.597661226987838745e-01,4.225324630737304688e+00,9.290973655879497528e-03
1.351199746131896973e-01,4.012934684753417969e+00,9.039110504090785980e-03
2.050385326147079468e-01,4.837408065795898438e+00,1.158197876065969467e-02
2.039953768253326416e-01,3.122833013534545898e+00,1.300409063696861267e-02
3.052110224962234497e-02,9.188284277915954590e-01,9.746076539158821106e-03
2.122466862201690674e-01,2.199049711227416992e+00,8.230243809521198273e-03
1.306903660297393799e-01,8.528410196304321289e-01,1.302674133330583572e-02
4.346698150038719177e-02,2.409585714340209961e+00,1.845233514904975891e-02
6.558697670698165894e-02,2.887791872024536133e+00,2.082985080778598785e-02
2.809910848736763000e-02,3.877494812011718750e+00,9.354987181723117828e-03
2.158370316028594971e-01,1.485155463218688965e+00,6.810585502535104752e-03
1.128495633602142334e-01,4.201267242431640625e+00,1.690500602126121521e-02
6.872685253620147705e-02,7.183336615562438965e-01,3.779534250497817993e-03
1.747749149799346924e-01,1.403185009956359863e+00,8.075322024524211884e-03
3.294811397790908813e-02,9.226979613304138184e-01,3.484364366158843040e-03
8.522818982601165771e-02,2.031514406204223633e+00,1.068184617906808853e-02
1.357661336660385132e-01,3.786191463470458984e+00,1.781873963773250580e-02
2.296963781118392944e-01,2.061594247817993164e+00,8.305096998810768127e-03
2.584441006183624268e-01,1.378362894058227539e+00,1.556265540421009064e-02
1.765265017747879028e-01,1.560783386230468750e+00,5.224245600402355194e-03
6.438042223453521729e-02,4.178062915802001953e+00,1.535696256905794144e-02
1.212856918573379517e-01,3.825356721878051758e+00,9.063345380127429962e-03
2.091372013092041016e-01,1.817381739616394043e+00,2.587161585688591003e-02
3.621702268719673157e-02,3.639842748641967773e+00,8.761528879404067993e-03
6.336440145969390869e-02,2.980271577835083008e+00,8.285975083708763123e-03
2.278762310743331909e-01,4.675643920898437500e+00,1.027715671807527542e-02
2.639140784740447998e-01,7.186477184295654297e-01,2.104024635627865791e-03
6.081987544894218445e-02,4.278966903686523438e+00,1.432793214917182922e-02
1.916468888521194458e-01,4.564777374267578125e+00,1.943136006593704224e-02
5.632856860756874084e-02,4.812501430511474609e+00,1.357546169310808182e-02
3.734318912029266357e-02,5.189292430877685547e-01,2.125703496858477592e-03
3.293859586119651794e-02,1.477050423622131348e+00,1.072648167610168457e-02
8.222167938947677612e-02,3.169445991516113281e+00,1.955417171120643616e-02
2.640247046947479248e-01,3.663893043994903564e-01,5.057922098785638809e-03
2.443608939647674561e-01,1.560660958290100098e+00,7.368969265371561050e-03
1.204503327608108521e-01,1.965201944112777710e-01,9.154969826340675354e-03
3.980535641312599182e-02,4.451774120330810547e+00,1.037082634866237640e-02
5.946522578597068787e-02,3.794720172882080078e+00,1.148350350558757782e-02
2.104503214359283447e-01,9.069709777832031250e-01,5.724648945033550262e-03
5.121688917279243469e-02,1.626590013504028320e+00,5.838411860167980194e-03
5.835926532745361328e-02,5.002055168151855469e-01,1.389041822403669357e-02
1.267642378807067871e-01,3.876572132110595703e+00,4.048096388578414917e-02
2.582525610923767090e-01,3.815426588058471680e+00,1.064487919211387634e-02
7.730021327733993530e-02,3.651708602905273438e+00,8.516107685863971710e-03
8.575122058391571045e-02,3.883651018142700195e+00,1.197337359189987183e-02
9.457282721996307373e-02,4.129679203033447266e+00,1.031151600182056427e-02
1.234903410077095032e-01,9.366250038146972656e-01,6.076776888221502304e-03
2.683226168155670166e-01,1.413694858551025391e+00,3.180400235578417778e-03
1.594546586275100708e-01,1.062228441238403320e+00,5.164066329598426819e-03
2.443796843290328979e-01,3.694402873516082764e-01,4.419264849275350571e-03
1.698835641145706177e-01,1.347163677215576172e+00,2.513443119823932648e-02
3.522300720214843750e-02,4.960055828094482422e+00,1.126671489328145981e-02
2.272172421216964722e-01,4.624845504760742188e+00,2.070085145533084869e-02
2.251158356666564941e-01,4.682941913604736328e+00,1.149935368448495865e-02
1.548147648572921753e-01,3.918677806854248047e+00,1.437497138977050781e-02
3.198333457112312317e-02,4.246153831481933594e+00,1.146412547677755356e-02
3.181803598999977112e-02,2.306286573410034180e+00,1.003833208233118057e-02
3.277365863323211670e-01,4.285545825958251953e+00,8.390176109969615936e-03
2.300320938229560852e-02,3.187685012817382812e+00,8.178194053471088409e-03
3.321930021047592163e-02,2.799036979675292969e+00,2.329356968402862549e-02
9.083621948957443237e-02,3.451049327850341797e-01,2.275614999234676361e-03
3.682327270507812500e-02,6.672605276107788086e-01,2.498303726315498352e-02
9.433150291442871094e-02,1.507383227348327637e+00,2.654120512306690216e-02
6.592833995819091797e-02,3.611160039901733398e+00,1.587689667940139771e-02
9.995838999748229980e-02,4.411443233489990234e+00,1.606581918895244598e-02
2.725255489349365234e-01,3.875582292675971985e-02,1.575055532157421112e-02
1.088257133960723877e-01,7.467827796936035156e-01,2.998415566980838776e-02
2.032513022422790527e-01,1.556836366653442383e-01,2.081630052998661995e-03
1.714945882558822632e-01,4.910152435302734375e+00,1.709986105561256409e-02
2.875597476959228516e-01,3.392492055892944336e+00,8.993042632937431335e-03
5.496529862284660339e-02,5.230117440223693848e-01,9.430045261979103088e-03
4.242189228534698486e-02,5.360701084136962891e-01,4.691119771450757980e-03
1.352651417255401611e-01,7.037047147750854492e-01,1.587704941630363464e-02
4.499278217554092407e-02,5.255393385887145996e-01,3.964878153055906296e-03
5.372002720832824707e-02,7.057647705078125000e-01,3.529102541506290436e-03
2.365223020315170288e-01,4.690479278564453125e+00,9.230231866240501404e-03
4.464660957455635071e-02,1.050427317619323730e+00,1.167288701981306076e-02
2.062461227178573608e-01,3.588719129562377930e+00,1.116062141954898834e-02
1.875596195459365845e-01,3.947348117828369141e+00,9.463484399020671844e-03
5.892049893736839294e-02,3.880997419357299805e+00,9.745769202709197998e-03
4.580367729067802429e-02,6.972054839134216309e-01,3.411862999200820923e-03
4.521479830145835876e-02,1.377245545387268066e+00,4.952595569193363190e-03
2.376140058040618896e-01,2.138382345438003540e-01,9.391442872583866119e-03
5.951173231005668640e-02,5.439976453781127930e-01,8.141023106873035431e-03
1.596924215555191040e-01,1.822691440582275391e+00,1.140767894685268402e-02
2.147737331688404083e-02,1.761699318885803223e+00,5.674644373357295990e-03
2.964985072612762451e-01,6.849334836006164551e-01,7.303268183022737503e-03
1.054308116436004639e-01,1.946282267570495605e+00,1.601392403244972229e-02
2.198492884635925293e-01,4.363256931304931641e+00,9.137738496065139771e-03
7.568831741809844971e-02,3.156645774841308594e+00,9.896191768348217010e-03
1.731962412595748901e-01,1.512790918350219727e+00,4.877588711678981781e-03
1.375345736742019653e-01,3.754247665405273438e+00,9.040235541760921478e-03
2.568982839584350586e-01,1.890446901321411133e+00,1.323938835412263870e-02
1.098948493599891663e-01,4.516598701477050781e+00,1.027828175574541092e-02
2.496401965618133545e-01,3.413541793823242188e+00,2.700694277882575989e-02
3.626858070492744446e-02,4.866978168487548828e+00,1.211459282785654068e-02
1.389246135950088501e-01,6.850396990776062012e-01,9.323900565505027771e-03
9.764020889997482300e-02,2.829339027404785156e+00,1.430829893797636032e-02
1.316715776920318604e-01,1.049789190292358398e+00,1.817347481846809387e-02
2.056603580713272095e-01,3.441343545913696289e+00,1.679564081132411957e-02
3.829630464315414429e-02,2.242964029312133789e+00,7.221665699034929276e-03
2.884733676910400391e-02,4.228969097137451172e+00,9.675211273133754730e-03
7.040441781282424927e-02,3.948671102523803711e+00,9.423398412764072418e-03
2.777392268180847168e-01,3.949038267135620117e+00,1.873068325221538544e-02
8.570585399866104126e-02,4.281987845897674561e-01,9.093102999031543732e-03
1.629398316144943237e-01,1.681396126747131348e+00,5.228029098361730576e-03
1.416081786155700684e-01,1.810485839843750000e+00,9.697400964796543121e-03
2.459249049425125122e-01,1.960729837417602539e+00,4.683987423777580261e-02
9.087251871824264526e-02,2.218764543533325195e+00,1.458194293081760406e-02
3.057542815804481506e-02,4.145847797393798828e+00,1.002964004874229431e-02
9.174213558435440063e-02,3.745835065841674805e+00,1.018716953694820404e-02
1.207041144371032715e-01,4.634078145027160645e-01,2.989892149344086647e-03
9.645165503025054932e-02,4.042692661285400391e+00,1.762270927429199219e-02
2.130441665649414062e-01,4.885713011026382446e-02,6.145955063402652740e-03
3.609428554773330688e-02,4.371673583984375000e+00,9.336734190583229065e-03
3.696511313319206238e-02,1.482297658920288086e+00,5.270415451377630234e-03
1.658752411603927612e-01,8.428011089563369751e-02,7.997605018317699432e-03
7.357443124055862427e-02,1.719227910041809082e+00,5.151386372745037079e-03
3.435605391860008240e-02,1.774474024772644043e+00,5.971450358629226685e-03
2.446446120738983154e-01,1.542190432548522949e+00,1.503571681678295135e-02
9.202965348958969116e-02,4.620307445526123047e+00,1.354069355875253677e-02
4.409223049879074097e-02,8.629269599914550781e-01,2.623499138280749321e-03
1.722724735736846924e-01,3.934223413467407227e+00,1.704832166433334351e-02
8.224956691265106201e-02,2.204459428787231445e+00,6.223927251994609833e-03
6.306394189596176147e-02,4.599033832550048828e+00,1.055642589926719666e-02
1.213336884975433350e-01,2.774075746536254883e+00,2.544064633548259735e-02
2.000802457332611084e-01,3.835991144180297852e+00,1.561465393751859665e-02
3.336877226829528809e-01,4.197097301483154297e+00,7.862500846385955811e-02
1.849290579557418823e-01,4.143668174743652344e+00,1.108285319060087204e-02
2.485482543706893921e-01,6.174617409706115723e-01,2.262781374156475067e-03
1.872285902500152588e-01,4.143811702728271484e+00,1.469447929412126541e-02
1.829172968864440918e-01,2.343213081359863281e+00,6.943163927644491196e-03
1.939522102475166321e-02,1.490984797477722168e+00,6.755672860890626907e-03
2.650393843650817871e-01,4.684763431549072266e+00,1.960657909512519836e-02
2.018776237964630127e-01,3.173497915267944336e+00,3.956707566976547241e-02
3.792265802621841431e-02,3.686339139938354492e+00,7.892891764640808105e-03
5.089106410741806030e-02,7.655749320983886719e-01,1.402805838733911514e-02
1.340192109346389771e-01,1.713629245758056641e+00,1.347325369715690613e-02
8.973029255867004395e-02,1.934622645378112793e+00,5.614618305116891861e-03
1.415815353393554688e-01,4.208601117134094238e-01,3.135099541395902634e-03
1.895492076873779297e-01,1.418299674987792969e+00,2.077115327119827271e-02
3.132694959640502930e-01,4.127680778503417969e+00,9.390317834913730621e-03
1.146201863884925842e-01,4.550334453582763672e+00,1.454671472311019897e-02
1.273307651281356812e-01,3.684037923812866211e+00,1.842426508665084839e-02
1.585949659347534180e-01,4.146461963653564453e+00,2.455483004450798035e-02
1.753609180450439453e-01,7.732856273651123047e-01,4.102927632629871368e-03
3.364066779613494873e-01,3.025046348571777344e+00,1.260696910321712494e-02
7.774773985147476196e-02,1.668131351470947266e+00,7.594756782054901123e-03
3.355152532458305359e-02,3.887985944747924805e+00,1.553908549249172211e-02
3.777666762471199036e-02,4.279150962829589844e+00,1.024509873241186142e-02
9.430229663848876953e-02,3.856310844421386719e-01,4.205186385661363602e-03
2.093930840492248535e-01,4.461786270141601562e+00,2.037362195551395416e-02
1.868380010128021240e-01,1.730524063110351562e+00,4.291901830583810806e-03
4.694901406764984131e-02,2.663183212280273438e+00,9.701951406896114349e-03
9.449469298124313354e-02,3.760958671569824219e+00,4.089869186282157898e-02
1.217232197523117065e-01,8.322772383689880371e-01,3.044498385861515999e-03
1.389963179826736450e-01,3.796204328536987305e+00,3.080866672098636627e-02
3.431746065616607666e-01,1.671892285346984863e+00,2.057630009949207306e-02
5.980489030480384827e-02,6.569830775260925293e-01,6.761552765965461731e-03
1.184175238013267517e-01,1.684443712234497070e+00,8.683505468070507050e-03
2.192918658256530762e-01,3.940853118896484375e+00,1.439010631293058395e-02
5.590695887804031372e-02,4.850902557373046875e+00,1.087491028010845184e-02
4.993203282356262207e-02,8.024277091026306152e-01,8.828559890389442444e-03
1.590529829263687134e-01,4.329663753509521484e+00,1.517207827419042587e-02
5.059977248311042786e-02,1.817950248718261719e+00,8.079872466623783112e-03
2.143464535474777222e-01,9.576525092124938965e-01,2.113054133951663971e-02
8.117399364709854126e-02,1.582877397537231445e+00,4.722922109067440033e-03
7.814062386751174927e-02,3.266286611557006836e+00,7.690726779401302338e-03
1.036069393157958984e-01,4.756101608276367188e+00,1.095267850905656815e-02
1.249042004346847534e-01,2.122710227966308594e+00,2.246215566992759705e-02
1.157191544771194458e-01,4.460019588470458984e+00,1.198073662817478180e-02
4.680662229657173157e-02,3.232951641082763672e+00,1.596212945878505707e-02
3.808512166142463684e-02,4.553638100624084473e-01,7.350869476795196533e-03
1.212498396635055542e-01,3.120117187500000000e+00,1.276654377579689026e-02
1.780755966901779175e-01,4.249461591243743896e-01,6.544559728354215622e-03
1.015200391411781311e-01,1.477871417999267578e+00,8.009518496692180634e-03
2.360036820173263550e-01,1.459386110305786133e+00,6.002588197588920593e-03
1.603645831346511841e-01,4.151832103729248047e+00,8.332911878824234009e-03
3.519231453537940979e-02,2.948556661605834961e+00,9.828241541981697083e-03
3.870853409171104431e-02,6.297210454940795898e-01,3.085504053160548210e-03
1.150913760066032410e-01,4.100716590881347656e+00,9.115191176533699036e-03
1.869516670703887939e-01,3.940366744995117188e+00,1.168520841747522354e-02
4.119893908500671387e-02,7.596687674522399902e-01,1.039577741175889969e-02
2.025169581174850464e-01,4.835402965545654297e+00,9.786621667444705963e-03
1.678954958915710449e-01,3.843033552169799805e+00,1.426018588244915009e-02
9.688810259103775024e-02,9.587758183479309082e-01,3.855870338156819344e-03
4.247632250189781189e-02,3.945143222808837891e+00,1.676486060023307800e-02
2.735703885555267334e-01,3.087908960878849030e-02,1.219946789206005633e-04
2.121522873640060425e-01,9.730886816978454590e-01,4.060285631567239761e-03
2.728039212524890900e-02,2.743893861770629883e+00,7.343200501054525375e-03
1.502169817686080933e-01,4.219925880432128906e+00,1.472260057926177979e-02
2.329280413687229156e-02,1.019660353660583496e+00,8.863634429872035980e-03
3.429377377033233643e-01,3.810607194900512695e+00,7.836036384105682373e-03
1.733388453722000122e-01,3.859987974166870117e+00,1.031402125954627991e-02
3.559644520282745361e-02,7.855564355850219727e-01,4.703442100435495377e-03
9.316052496433258057e-02,3.496759653091430664e+00,7.056237012147903442e-02
9.768547117710113525e-02,2.817931890487670898e+00,1.036755368113517761e-02
2.448302134871482849e-02,8.724550008773803711e-01,1.587536372244358063e-02
1.908846199512481689e-01,1.197184443473815918e+00,4.116527736186981201e-03
1.157166957855224609e-01,1.313258886337280273e+00,1.929704286158084869e-02
8.012298494577407837e-02,2.747542381286621094e+00,6.000951863825321198e-03
4.756228998303413391e-02,4.639336109161376953e+00,1.202787738293409348e-02
2.634926736354827881e-01,1.918433308601379395e+00,4.185654688626527786e-03
4.300430044531822205e-02,7.908314466476440430e-01,3.638826310634613037e-03
4.792472720146179199e-02,6.741364002227783203e-01,3.326732432469725609e-03
2.800458967685699463e-01,1.707076668739318848e+00,3.485796041786670685e-03
1.960079967975616455e-01,5.450705289840698242e-01,5.324510391801595688e-03
3.608912974596023560e-02,4.950291633605957031e+00,1.113873813301324844e-02
1.023085489869117737e-01,3.972851991653442383e+00,9.227317757904529572e-03
1.878719776868820190e-01,6.087895035743713379e-01,5.301808938384056091e-03
1.557564586400985718e-01,4.817310810089111328e+00,1.082122419029474258e-02
2.051569819450378418e-01,2.917793035507202148e+00,7.956190034747123718e-03
1.011851876974105835e-01,4.589035987854003906e+00,1.193783897906541824e-02
9.215904027223587036e-02,1.983684301376342773e+00,1.588666252791881561e-02
2.434700727462768555e-01,6.536350250244140625e-01,1.390534825623035431e-02
1.497554779052734375e-01,4.101395606994628906e+00,1.242566388100385666e-02
1.391454190015792847e-01,1.879775762557983398e+00,8.896254934370517731e-03
2.864320278167724609e-01,9.002743363380432129e-01,1.094306632876396179e-02
1.549978852272033691e-01,3.936421394348144531e+00,9.331109933555126190e-03
1.799712330102920532e-01,9.264420866966247559e-01,4.029454663395881653e-03
6.494684517383575439e-02,2.893868207931518555e+00,2.095813304185867310e-02
3.439107164740562439e-02,3.539426088333129883e+00,9.952179156243801117e-03
4.556512087583541870e-02,4.235542774200439453e+00,1.199919451028108597e-02
3.448799625039100647e-02,3.770815134048461914e+00,8.785457350313663483e-03
4.220997914671897888e-02,8.019707202911376953e-01,1.151126623153686523e-02
2.501226663589477539e-01,4.822887897491455078e+00,1.167171075940132141e-02
3.263343125581741333e-02,4.859899997711181641e+00,1.288322079926729202e-02
3.533197194337844849e-02,1.017675518989562988e+00,4.281982779502868652e-03
5.222315713763237000e-02,1.095371365547180176e+00,1.639529690146446228e-02
7.615280151367187500e-02,2.371134519577026367e+00,1.134489197283983231e-02
3.265998363494873047e-01,2.592459917068481445e+00,1.220381353050470352e-02
2.673693895339965820e-01,5.263006091117858887e-01,2.369401603937149048e-02
2.395868748426437378e-01,2.012598514556884766e+00,1.675391942262649536e-02
6.945878267288208008e-02,2.667377710342407227e+00,1.022735703736543655e-02
2.249116450548171997e-01,1.975816845893859863e+00,6.567976903170347214e-03
1.857906579971313477e-02,2.877150774002075195e+00,7.899538613855838776e-03
6.409273296594619751e-02,4.712554931640625000e+00,1.338623184710741043e-02
6.893166899681091309e-02,9.906755685806274414e-01,4.605171270668506622e-03
1.021744608879089355e-01,4.218535900115966797e+00,1.837037317454814911e-02
1.451214551925659180e-01,4.762409210205078125e+00,1.211663801223039627e-02
3.144443035125732422e-01,1.574034690856933594e+00,6.736856885254383087e-03
1.780434846878051758e-01,4.777414321899414062e+00,1.664598472416400909e-02
1.219465509057044983e-01,6.149818301200866699e-01,1.668453682214021683e-03
6.101680546998977661e-02,4.143270015716552734e+00,1.146208029240369797e-02
1.053516417741775513e-01,2.380942583084106445e+00,7.725698873400688171e-03
8.042991161346435547e-02,3.288495063781738281e+00,1.443014014512300491e-02
3.656032308936119080e-02,4.909122467041015625e+00,1.162610296159982681e-02
9.940235316753387451e-02,3.041471242904663086e+00,1.069600880146026611e-02
3.799771144986152649e-02,2.558724641799926758e+00,1.978957280516624451e-02
4.964444413781166077e-02,8.881066739559173584e-02,1.028549112379550934e-02
4.404824972152709961e-02,3.778292179107666016e+00,9.601533412933349609e-03
1.461046040058135986e-01,4.061121463775634766e+00,1.063030771911144257e-02
1.895298659801483154e-01,3.782330513000488281e+00,2.059981971979141235e-02
2.194092422723770142e-01,4.646455764770507812e+00,1.086402032524347305e-02
1.447284966707229614e-01,7.261614799499511719e-01,6.130156107246875763e-03
6.694484502077102661e-02,3.904302120208740234e+00,9.240406565368175507e-03
1.169036254286766052e-01,3.736681461334228516e+00,8.505217730998992920e-03
6.614412367343902588e-02,2.963415384292602539e+00,1.429117098450660706e-02
1.460499018430709839e-01,3.971368074417114258e+00,1.082597952336072922e-02
2.903919816017150879e-01,8.511950373649597168e-01,4.730898421257734299e-03
2.019191086292266846e-01,1.660849571228027344e+00,5.065847188234329224e-03
3.419217094779014587e-02,1.068273901939392090e+00,3.571437671780586243e-03
2.253680825233459473e-01,2.082680702209472656e+00,1.233245525509119034e-02
1.018448323011398315e-01,3.895004749298095703e+00,1.614614389836788177e-02
9.038748592138290405e-02,4.803158283233642578e+00,1.133609749376773834e-02
8.852273970842361450e-02,3.928681373596191406e+00,1.315461564809083939e-02
3.260090947151184082e-01,1.744102120399475098e+00,3.659814968705177307e-02
1.369546204805374146e-01,3.930378675460815430e+00,1.333494856953620911e-02
2.211394757032394409e-01,2.910316705703735352e+00,6.234766449779272079e-03
6.143256276845932007e-02,3.383722066879272461e+00,1.174799539148807526e-02
3.134815767407417297e-02,8.269600868225097656e-01,3.055746899917721748e-03
5.661702156066894531e-02,8.362370729446411133e-01,6.143142934888601303e-03
1.465808898210525513e-01,4.773548603057861328e+00,1.591038703918457031e-02
2.406850010156631470e-01,4.671349525451660156e+00,1.708810031414031982e-02
8.478581905364990234e-02,9.899697452783584595e-02,4.827072843909263611e-03
1.559437662363052368e-01,4.344827175140380859e+00,1.347008440643548965e-02
3.064851090312004089e-02,4.597943782806396484e+00,1.123317424207925797e-02
2.010844349861145020e-01,9.899846315383911133e-01,4.124248400330543518e-03
1.606387495994567871e-01,8.626661300659179688e-01,1.501511130481958389e-02
6.742379069328308105e-02,3.237280368804931641e+00,1.432941574603319168e-02
6.721236556768417358e-02,1.194858193397521973e+00,5.756706930696964264e-03
1.374707967042922974e-01,9.409797191619873047e-01,2.826482756063342094e-03
2.116831392049789429e-01,4.424818038940429688e+00,1.361074112355709076e-02
1.200748831033706665e-01,3.645224571228027344e+00,1.279824413359165192e-02
2.030520886182785034e-01,3.850686788558959961e+00,9.187282994389533997e-03
2.125172615051269531e-01,4.450783252716064453e+00,9.426517412066459656e-03
2.629454135894775391e-01,4.171178817749023438e+00,9.941902011632919312e-03
4.297332838177680969e-02,3.745120763778686523e+00,9.818833321332931519e-03
1.381058692932128906e-01,9.215205907821655273e-01,2.981660421937704086e-03
1.109239533543586731e-01,3.905739068984985352e+00,1.010991260409355164e-02
2.515861764550209045e-02,3.313434839248657227e+00,1.267016492784023285e-02
1.515195816755294800e-01,5.444446951150894165e-02,5.949311424046754837e-03
3.557180985808372498e-02,1.247325465083122253e-01,4.688972141593694687e-03
6.031432002782821655e-02,4.382826685905456543e-01,8.372485637664794922e-03
9.290830045938491821e-02,2.205392599105834961e+00,1.556730829179286957e-02
4.768267646431922913e-02,1.589996099472045898e+00,1.375538576394319534e-02
5.784917622804641724e-02,7.737513184547424316e-01,4.698942415416240692e-03
2.637270987033843994e-01,1.482606410980224609e+00,6.451401859521865845e-03
8.603804558515548706e-02,2.363505363464355469e+00,1.374270580708980560e-02
5.341171100735664368e-02,3.289327859878540039e+00,1.189867407083511353e-02
1.183080375194549561e-01,3.816931009292602539e+00,8.944776840507984161e-03
1.124195829033851624e-01,3.726310491561889648e+00,9.824303910136222839e-03
6.253150105476379395e-02,3.656969785690307617e+00,9.105016477406024933e-03
7.021697610616683960e-02,1.626738786697387695e+00,5.012876819819211960e-03
2.391575574874877930e-01,3.949213743209838867e+00,1.360102649778127670e-02
2.536830306053161621e-01,1.422273159027099609e+00,3.717718878760933876e-03
7.286534458398818970e-02,2.114805936813354492e+00,1.097563561052083969e-02
1.495195478200912476e-01,1.340503454208374023e+00,4.211372695863246918e-03
1.757136285305023193e-01,1.497301220893859863e+00,4.753446672111749649e-03
8.835487812757492065e-02,2.454307794570922852e+00,9.682215750217437744e-03
1.698218844830989838e-02,7.617560029029846191e-01,4.309592302888631821e-03
4.711161553859710693e-02,4.124026298522949219e+00,1.554501615464687347e-02
1.127794906497001648e-01,3.767101526260375977e+00,1.169742830097675323e-02
3.031728789210319519e-02,9.180796742439270020e-01,1.238598767668008804e-02
2.198086678981781006e-01,3.990821540355682373e-01,3.018422517925500870e-03
1.435061097145080566e-01,1.572560071945190430e+00,5.421656183898448944e-03
9.525126218795776367e-02,4.183184623718261719e+00,9.435874409973621368e-03
1.132097542285919189e-01,3.901251077651977539e+00,2.098334021866321564e-02
1.885488182306289673e-01,4.129757881164550781e+00,9.953661821782588959e-03
5.622192099690437317e-02,1.890056014060974121e+00,6.403289269655942917e-03
5.225640907883644104e-02,4.370679378509521484e+00,1.101014763116836548e-02
4.113980010151863098e-02,1.470682263374328613e+00,4.637024831026792526e-03
3.406680375337600708e-02,2.223045825958251953e+00,1.169574167579412460e-02
9.311858564615249634e-02,4.041742801666259766e+00,1.120433676987886429e-02
8.181242644786834717e-02,4.743402481079101562e+00,1.096515357494354248e-02
2.864570356905460358e-02,6.337020993232727051e-01,3.308837302029132843e-03
7.389994710683822632e-02,3.989630460739135742e+00,1.903536170721054077e-02
4.345237836241722107e-02,3.990578413009643555e+00,1.001864671707153320e-02
1.784063726663589478e-01,1.252646148204803467e-01,1.546356710605323315e-03
8.722722530364990234e-02,1.776146531105041504e+00,6.052490323781967163e-03
1.196901276707649231e-01,4.601679801940917969e+00,1.080588623881340027e-02
2.319408804178237915e-01,4.662553787231445312e+00,1.013726741075515747e-02
4.131146892905235291e-02,4.159717559814453125e+00,9.357646107673645020e-03
2.022071480751037598e-01,2.013184309005737305e+00,2.029227651655673981e-02
4.282083362340927124e-02,7.203133702278137207e-01,3.356771171092987061e-02
1.779003888368606567e-01,6.107635498046875000e-01,2.447460778057575226e-03
9.280701726675033569e-02,2.578605651855468750e+00,2.942413464188575745e-02
2.326539903879165649e-02,3.552175045013427734e+00,2.736157551407814026e-02
1.420191973447799683e-01,4.675727367401123047e+00,1.595215871930122375e-02
7.178900390863418579e-02,4.037814617156982422e+00,1.489316765218973160e-02
2.165629714727401733e-01,3.967242479324340820e+00,1.064850948750972748e-02
7.107441127300262451e-02,4.042684555053710938e+00,1.173393521457910538e-02
2.534944415092468262e-01,4.181210041046142578e+00,8.809130638837814331e-03
1.680479496717453003e-01,4.190972328186035156e+00,1.318171434104442596e-02
5.607153475284576416e-02,2.014602661132812500e+00,5.990981590002775192e-03
1.658900231122970581e-01,3.967169761657714844e+00,8.990077301859855652e-03
1.085129305720329285e-01,1.555915236473083496e+00,9.684004820883274078e-03
8.029046654701232910e-02,4.182916164398193359e+00,1.087046228349208832e-02
3.634211421012878418e-02,4.008420467376708984e+00,1.378376223146915436e-02
2.271621376276016235e-01,4.136620998382568359e+00,9.012779220938682556e-03
7.586431503295898438e-02,3.985610723495483398e+00,1.333443727344274521e-02
8.152168244123458862e-02,2.211214065551757812e+00,6.183228455483913422e-03
1.794521808624267578e-01,1.673520803451538086e+00,4.957401659339666367e-03
1.055338606238365173e-01,3.126645565032958984e+00,1.238378975540399551e-02
1.859369874000549316e-01,6.237547397613525391e-01,2.027484122663736343e-03
2.123570591211318970e-01,2.820227622985839844e+00,6.469010561704635620e-02
1.887364089488983154e-01,1.946274757385253906e+00,6.543332245200872421e-03
6.974550336599349976e-02,4.083660602569580078e+00,1.319991610944271088e-02
2.037386298179626465e-01,4.035173892974853516e+00,9.024794213473796844e-03
2.036012858152389526e-01,4.299023628234863281e+00,2.248409017920494080e-02
2.715710178017616272e-02,2.705437898635864258e+00,5.710435099899768829e-03
2.669016271829605103e-02,4.465775489807128906e+00,9.879575110971927643e-03
1.234152168035507202e-01,3.840448141098022461e+00,1.057963818311691284e-02
1.392939388751983643e-01,6.881272792816162109e-01,1.139852590858936310e-02
4.034354537725448608e-02,4.224990367889404297e+00,8.832650259137153625e-03
2.991208247840404510e-02,2.230004221200942993e-01,6.598705425858497620e-03
1.100673153996467590e-01,4.274010658264160156e+00,1.242724899202585220e-02
2.349342554807662964e-01,6.461675763130187988e-01,1.008455269038677216e-02
7.143774628639221191e-02,2.070795774459838867e+00,6.493378896266222000e-03
3.198402747511863708e-02,7.566809058189392090e-01,4.890013020485639572e-03
1.257544010877609253e-01,4.933109283447265625e+00,1.706667803227901459e-02
1.478204578161239624e-01,3.414384126663208008e-01,1.403705799020826817e-03
1.830130368471145630e-01,4.766478538513183594e-01,1.281302049756050110e-02
2.558147162199020386e-02,1.651927590370178223e+00,1.351768523454666138e-02
2.266286462545394897e-01,1.901446819305419922e+00,4.998509772121906281e-03
5.459123849868774414e-02,6.912088394165039062e-01,2.215588930994272232e-03
1.008606776595115662e-01,3.336249589920043945e+00,7.963501848280429840e-03
3.542983159422874451e-02,2.962975502014160156e+00,7.214507553726434708e-03
1.672851592302322388e-01,3.866294145584106445e+00,1.175653375685214996e-02
1.954096555709838867e-01,3.446284055709838867e+00,9.800631552934646606e-03
2.838107943534851074e-01,3.067461013793945312e+00,7.337371353060007095e-03
1.668724119663238525e-01,2.226634025573730469e+00,2.951504290103912354e-02
1.900160685181617737e-02,4.633195400238037109e+00,1.010301057249307632e-02
3.843461349606513977e-02,8.471505641937255859e-01,3.871055785566568375e-03
1.020665019750595093e-01,4.688309192657470703e+00,1.321586873382329941e-02
1.283183097839355469e-01,3.868196010589599609e+00,9.719795547425746918e-03
2.027874737977981567e-01,4.665016174316406250e+00,1.266653463244438171e-02
2.073513567447662354e-01,2.275310039520263672e+00,6.542003247886896133e-03
8.744841068983078003e-02,4.451438903808593750e+00,1.275780051946640015e-02
2.692992985248565674e-02,1.022836685180664062e+00,5.622748285531997681e-03
2.186385914683341980e-02,6.158916950225830078e-01,4.413794260472059250e-03
6.532627344131469727e-02,4.134816646575927734e+00,1.673960313200950623e-02
7.760115712881088257e-02,4.978899002075195312e+00,1.144367363303899765e-02
3.468720987439155579e-02,5.855420827865600586e-01,1.260436140000820160e-02
3.286485746502876282e-02,4.557268619537353516e+00,1.090359408408403397e-02
2.763075195252895355e-02,1.388235807418823242e+00,6.931455340236425400e-03
2.123964130878448486e-01,3.170419454574584961e+00,9.292456321418285370e-03
1.689497232437133789e-01,4.432987213134765625e+00,1.085686217993497849e-02
6.860394030809402466e-02,2.123572349548339844e+00,1.811073906719684601e-02
5.654072016477584839e-02,2.232624769210815430e+00,7.117157336324453354e-03
6.216989085078239441e-02,4.800155639648437500e+00,1.114257238805294037e-02
1.511031389236450195e-01,3.866065979003906250e+00,9.329985827207565308e-03
2.843561768531799316e-01,4.064160823822021484e+00,1.163060218095779419e-02
1.034912243485450745e-01,1.513649821281433105e+00,4.903869237750768661e-03
3.399832546710968018e-02,1.573991537094116211e+00,4.592286888509988785e-03
3.041587211191654205e-02,2.778959512710571289e+00,8.051546290516853333e-03
1.084012314677238464e-01,4.544225692749023438e+00,1.152123697102069855e-02
4.138974100351333618e-02,4.919757843017578125e+00,1.168086286634206772e-02
1.980380266904830933e-01,3.976316213607788086e+00,2.232006751000881195e-02
1.357247382402420044e-01,4.461172103881835938e+00,1.887808926403522491e-02
8.708528429269790649e-02,2.142623424530029297e+00,6.135626696050167084e-03
1.259138584136962891e-01,6.829425096511840820e-01,3.042248776182532310e-03
3.176128491759300232e-02,5.779403448104858398e-01,4.573368933051824570e-03
2.541414797306060791e-01,4.585239887237548828e+00,1.910904049873352051e-02
7.016745954751968384e-02,2.672086715698242188e+00,8.889864198863506317e-03
1.762691587209701538e-01,3.425386905670166016e+00,1.004462037235498428e-02
1.598843932151794434e-01,3.572478771209716797e+00,1.042635273188352585e-02
2.251222282648086548e-01,8.023791313171386719e-01,9.880904108285903931e-03
9.754429012537002563e-02,3.572550773620605469e+00,1.240858715027570724e-02
6.321287155151367188e-02,4.361998558044433594e+00,1.049123611301183701e-02
1.064484268426895142e-01,5.222754478454589844e-01,2.431508386507630348e-03
1.481239646673202515e-01,1.603138685226440430e+00,1.465301308780908585e-02
1.141199246048927307e-01,2.454247236251831055e+00,1.664179190993309021e-02
2.625333666801452637e-01,2.869857788085937500e+00,1.631328649818897247e-02
2.667413055896759033e-01,1.679576635360717773e+00,3.404807066544890404e-03
4.303627461194992065e-02,4.296681404113769531e+00,9.592738933861255646e-03
9.305145591497421265e-02,4.630613327026367188e+00,2.101560309529304504e-02
2.193063944578170776e-01,1.020800232887268066e+00,6.115891039371490479e-03
1.391274631023406982e-01,8.518584966659545898e-01,5.165958311408758163e-03
4.147984832525253296e-02,6.366070508956909180e-01,8.830145001411437988e-03
1.940058767795562744e-01,4.638291835784912109e+00,1.246851030737161636e-02
1.855342388153076172e-01,2.712632894515991211e+00,7.417798042297363281e-03
5.423208698630332947e-02,3.933614730834960938e+00,1.033912599086761475e-02
9.264379739761352539e-02,1.342656970024108887e+00,4.048730246722698212e-03
5.938999727368354797e-02,7.092236876487731934e-01,3.500265534967184067e-03
1.665227711200714111e-01,3.389161825180053711e+00,8.888943120837211609e-03
7.840126007795333862e-02,4.173758029937744141e+00,8.714592084288597107e-03
2.047161310911178589e-01,1.101420044898986816e+00,1.400704495608806610e-02
5.662477388978004456e-02,4.994538724422454834e-01,2.824079710990190506e-03
9.219215065240859985e-02,4.580149650573730469e+00,1.015143003314733505e-02
2.108346074819564819e-01,4.770462989807128906e+00,1.047763507813215256e-02
2.800638973712921143e-01,1.026800632476806641e+00,3.016019240021705627e-03
2.619491219520568848e-01,4.627308368682861328e+00,1.172565203160047531e-02
1.079955771565437317e-01,9.219522476196289062e-01,8.279992267489433289e-03
3.429252281785011292e-02,8.361407518386840820e-01,5.777772516012191772e-03
7.758631557226181030e-02,3.983866214752197266e+00,9.116622619330883026e-03
6.508951634168624878e-02,9.047467708587646484e-01,6.097995676100254059e-03
8.346244692802429199e-02,1.621880292892456055e+00,2.340723015367984772e-02
4.754644259810447693e-02,4.066415786743164062e+00,1.130598224699497223e-02
3.779185563325881958e-02,4.001552104949951172e+00,1.525858975946903229e-02
8.495374768972396851e-02,4.856635093688964844e+00,1.077858265489339828e-02
7.752475142478942871e-02,1.439192414283752441e+00,4.377747885882854462e-03
2.063795179128646851e-01,6.159412860870361328e-01,2.280523302033543587e-03
3.696757182478904724e-02,4.177056789398193359e+00,2.424524165689945221e-02
3.282381594181060791e-02,1.285165190696716309e+00,6.913662422448396683e-03
1.195592582225799561e-01,4.717488765716552734e+00,1.104639843106269836e-02
1.050870642066001892e-01,2.927784919738769531e+00,7.205611094832420349e-03
3.165941312909126282e-02,3.250747919082641602e+00,8.658912032842636108e-03
1.771157681941986084e-01,7.062691450119018555e-01,2.515513915568590164e-03
8.532563596963882446e-02,1.254358142614364624e-01,4.332089331001043320e-03
1.786541938781738281e-01,4.829351902008056641e+00,1.877485774457454681e-02
3.257482945919036865e-01,1.838127851486206055e+00,5.314898211508989334e-03
6.940590590238571167e-02,3.868753910064697266e+00,8.443555794656276703e-03
8.635622262954711914e-02,4.693750292062759399e-02,2.110671484842896461e-03
1.266523599624633789e-01,8.870466351509094238e-01,7.639290299266576767e-03
3.657696768641471863e-02,2.390459060668945312e+00,7.206224836409091949e-03
3.738038986921310425e-02,4.487986087799072266e+00,1.073036808520555496e-02
1.603714078664779663e-01,1.590153932571411133e+00,1.246779505163431168e-02
2.436384409666061401e-01,3.237868070602416992e+00,5.265210568904876709e-02
2.028352022171020508e-01,8.039572238922119141e-01,5.434080492705106735e-03
3.198039531707763672e-02,1.729584336280822754e+00,5.232528783380985260e-03
2.050421983003616333e-01,4.360324144363403320e-01,2.602075925096869469e-03
1.643892377614974976e-01,8.098803162574768066e-01,7.588723674416542053e-03
8.441400527954101562e-02,2.977492094039916992e+00,6.744781974703073502e-03
1.880239844322204590e-01,2.184622049331665039e+00,6.777300499379634857e-03
2.835792303085327148e-01,3.940756320953369141e-01,8.934550918638706207e-03
1.615321785211563110e-01,4.039704322814941406e+00,1.256202626973390579e-02
1.250096410512924194e-01,1.619844794273376465e+00,1.644008606672286987e-02
7.810404896736145020e-02,4.069484710693359375e+00,1.061384379863739014e-02
6.478811800479888916e-02,3.077936887741088867e+00,1.237704046070575714e-02
2.179758250713348389e-01,1.681742787361145020e+00,8.003229275345802307e-03
4.883278533816337585e-02,3.792900800704956055e+00,1.149802375584840775e-02
1.223559752106666565e-01,1.658603698015213013e-01,1.106076594442129135e-02
1.281357109546661377e-01,2.044483900070190430e+00,1.205681730061769485e-02
1.676831990480422974e-01,4.668447494506835938e+00,1.772333122789859772e-02
8.656090497970581055e-02,4.648902893066406250e+00,1.017612498253583908e-02
1.793544292449951172e-01,8.575270771980285645e-01,6.060313433408737183e-03
5.141212046146392822e-02,1.752122759819030762e+00,4.752065986394882202e-03
1.594943851232528687e-01,4.244916439056396484e+00,1.028431486338376999e-02
3.138390183448791504e-02,6.073693037033081055e-01,5.645398516207933426e-03
2.032343149185180664e-01,9.867351055145263672e-01,2.431089058518409729e-02
1.001750826835632324e-01,4.788172245025634766e+00,1.202992256730794907e-02
1.597476154565811157e-01,4.389723300933837891e+00,1.060867961496114731e-02
2.061745226383209229e-01,1.895706892013549805e+00,6.890245247632265091e-03
3.178589046001434326e-02,1.690997838973999023e+00,5.688449367880821228e-03
2.305847406387329102e-01,9.751268625259399414e-01,2.409880748018622398e-03
4.353345558047294617e-02,8.332683444023132324e-01,2.581879962235689163e-03
2.854361534118652344e-01,3.916750669479370117e+00,2.419738471508026123e-02
3.305301964282989502e-01,1.792465567588806152e+00,1.687923632562160492e-02
1.652767062187194824e-01,4.667051315307617188e+00,1.686594262719154358e-02
7.669382542371749878e-02,5.423884391784667969e-01,1.118444744497537613e-02
1.433531939983367920e-01,4.893058300018310547e+00,1.211796794086694717e-02
8.793579787015914917e-02,7.209659814834594727e-01,8.153498172760009766e-03
8.058653026819229126e-02,3.858261108398437500e+00,9.335097856819629669e-03
5.163825303316116333e-02,4.187744259834289551e-01,1.158709172159433365e-02
1.667027175426483154e-01,3.452681541442871094e+00,5.387542769312858582e-02
7.360616326332092285e-02,1.414607882499694824e+00,1.270355284214019775e-02
7.699622213840484619e-02,4.444792270660400391e+00,1.041950099170207977e-02
2.748777158558368683e-02,3.648587763309478760e-01,2.093952149152755737e-03
6.969705689698457718e-03,1.385369598865509033e-01,2.225252566859126091e-03
6.415339559316635132e-02,1.321003675460815430e+00,1.187505200505256653e-02
1.256084889173507690e-01,4.835776329040527344e+00,1.319337170571088791e-02
4.308215901255607605e-02,2.571573257446289062e+00,1.684037782251834869e-02
2.161778509616851807e-01,4.842346191406250000e+00,1.570955105125904083e-02
1.461182832717895508e-01,1.462067604064941406e+00,1.166230253875255585e-02
1.325619220733642578e-01,7.385116815567016602e-01,4.009616561233997345e-03
1.794000416994094849e-01,1.889868736267089844e+00,1.654970832169055939e-02
2.285199239850044250e-02,4.145045280456542969e+00,9.428613819181919098e-03
3.096897341310977936e-02,3.861416578292846680e+00,9.985412470996379852e-03
1.765699684619903564e-01,3.956111371517181396e-01,5.394199863076210022e-03
2.009979635477066040e-01,1.533823013305664062e+00,7.945351302623748779e-03
4.119575396180152893e-02,4.114029109477996826e-01,8.617804385721683502e-03
5.305789411067962646e-02,4.154417514801025391e+00,9.798637591302394867e-03
1.852393895387649536e-01,2.570608615875244141e+00,1.010116934776306152e-02
1.420523524284362793e-01,2.894316196441650391e+00,6.515875924378633499e-03
7.627498358488082886e-02,4.596038341522216797e+00,1.378785260021686554e-02
5.253672972321510315e-02,1.535246729850769043e+00,4.356120247393846512e-03
4.884029552340507507e-02,3.894540548324584961e+00,9.056698530912399292e-03
1.196127235889434814e-01,2.852507829666137695e+00,7.945300079882144928e-03
1.071340590715408325e-01,1.968844175338745117e+00,5.474779754877090454e-03
2.431093901395797729e-02,3.931971549987792969e+00,1.110928785055875778e-02
8.740602433681488037e-02,7.182704210281372070e-01,7.685000076889991760e-03
2.021175920963287354e-01,4.630740165710449219e+00,1.184089761227369308e-02
7.226826250553131104e-02,2.839877128601074219e+00,8.882603608071804047e-03
2.467954903841018677e-01,2.445469617843627930e+00,5.161612294614315033e-03
2.336262911558151245e-01,4.578232288360595703e+00,1.165401935577392578e-02
2.980341315269470215e-01,7.949149608612060547e-01,1.676532090641558170e-03
4.022603109478950500e-02,3.972312927246093750e+00,2.854051813483238220e-02
2.306054681539535522e-01,4.335704803466796875e+00,9.700519964098930359e-03
1.052274852991104126e-01,3.962587356567382812e+00,1.023216359317302704e-02
1.177292615175247192e-01,8.477351665496826172e-01,3.821562509983778000e-03
4.556439444422721863e-02,2.744527339935302734e+00,6.438517011702060699e-03
6.498228013515472412e-02,9.024515748023986816e-01,6.693448405712842941e-03
4.439871013164520264e-02,1.549206823110580444e-01,1.250113127753138542e-03
2.017980664968490601e-01,3.891416788101196289e+00,3.797327354550361633e-02
2.168769985437393188e-01,2.728984832763671875e+00,1.205865759402513504e-02
5.791658535599708557e-02,4.922810554504394531e+00,1.748016104102134705e-02
1.593409478664398193e-01,8.269315361976623535e-01,3.315023845061659813e-03
1.559348404407501221e-01,4.264993190765380859e+00,9.302170947194099426e-03
1.384853273630142212e-01,8.080884218215942383e-01,7.221614476293325424e-03
1.423079222440719604e-01,2.914497613906860352e+00,2.449935488402843475e-02
2.520291209220886230e-01,4.651196002960205078e+00,1.051097176969051361e-02
1.952176094055175781e-01,3.928574562072753906e+00,1.168387942016124725e-02
4.676426574587821960e-02,5.672209858894348145e-01,4.175428766757249832e-03
5.582304671406745911e-02,1.865041136741638184e+00,2.662812545895576477e-02
1.694432944059371948e-01,3.245906352996826172e+00,9.206098504364490509e-03
2.284867130219936371e-02,3.310739755630493164e+00,8.685908280313014984e-03
7.204745709896087646e-02,5.604966282844543457e-01,2.844633767381310463e-03
1.579768806695938110e-01,3.529562234878540039e+00,2.681249752640724182e-02
8.937259763479232788e-02,8.308905363082885742e-01,3.852291265502572060e-03
1.825320869684219360e-01,1.721369504928588867e+00,1.323504187166690826e-02
1.967298537492752075e-01,7.446711063385009766e-01,1.339625287801027298e-02
8.514971286058425903e-02,1.870770096778869629e+00,6.476250477135181427e-03
1.944440901279449463e-01,4.871999919414520264e-01,1.419862615875899792e-03
6.000662967562675476e-02,4.440563678741455078e+00,1.022122148424386978e-02
2.192281782627105713e-01,4.836083889007568359e+00,1.039393618702888489e-02
6.539797037839889526e-02,1.433911323547363281e+00,4.448868799954652786e-03
2.455137968063354492e-01,4.214398860931396484e+00,8.337666280567646027e-03
4.462249204516410828e-02,1.815097570419311523e+00,5.197249352931976318e-03
1.050240844488143921e-01,4.230935096740722656e+00,1.102446392178535461e-02
2.323096841573715210e-01,4.367051124572753906e+00,8.835564367473125458e-03
2.642516978085041046e-02,8.886267542839050293e-01,3.905568039044737816e-03
1.751050949096679688e-01,4.714071273803710938e+00,1.214373670518398285e-02
2.138702385127544403e-02,1.031116962432861328e+00,6.630047690123319626e-03
5.253067612648010254e-02,1.123362034559249878e-01,3.218235913664102554e-03
2.436779253184795380e-02,1.602006554603576660e+00,4.185552708804607391e-03
1.216239780187606812e-01,2.528246164321899414e+00,1.187034789472818375e-02
3.569690138101577759e-02,3.000909328460693359e+00,1.310297474265098572e-02
1.245236992835998535e-01,3.736606597900390625e+00,9.441549889743328094e-03
2.608286142349243164e-01,4.154213428497314453e+00,1.575106754899024963e-02
1.814139932394027710e-01,1.918982267379760742e+00,6.341780535876750946e-03
7.882888615131378174e-02,2.464563846588134766e+00,1.952840387821197510e-02
1.452434714883565903e-02,6.673262119293212891e-01,4.803041927516460419e-03
2.549960911273956299e-01,3.813538253307342529e-01,2.035081945359706879e-02
1.824493557214736938e-01,8.273963928222656250e-01,2.098441496491432190e-02
2.645430564880371094e-01,4.081374168395996094e+00,9.925489313900470734e-03
1.455134749412536621e-01,4.169915676116943359e+00,2.679843641817569733e-02
5.955906957387924194e-02,4.205393314361572266e+00,1.616496033966541290e-02
3.366076946258544922e-02,4.746506214141845703e+00,1.373943313956260681e-02
1.407184600830078125e-01,1.862997174263000488e+00,4.888274706900119781e-03
6.369472295045852661e-02,3.881216049194335938e+00,1.445769891142845154e-02
2.241108864545822144e-01,1.181851863861083984e+00,4.306064452975988388e-03
9.477757662534713745e-02,2.446604490280151367e+00,1.457319967448711395e-02
3.766690567135810852e-02,5.604670643806457520e-01,1.197214704006910324e-02
2.399454265832901001e-01,1.893336176872253418e+00,9.727107360959053040e-03
1.840572059154510498e-01,4.704855918884277344e+00,1.234462391585111618e-02
1.235292702913284302e-01,9.817051291465759277e-01,5.659868009388446808e-03
2.618230283260345459e-01,3.426803350448608398e+00,1.515438780188560486e-02
1.506639868021011353e-01,4.244221687316894531e+00,1.152333337813615799e-02
2.681525945663452148e-01,2.599833488464355469e+00,1.951776817440986633e-02
2.151524424552917480e-01,1.984397768974304199e+00,1.583430543541908264e-02
8.186716586351394653e-02,2.174598217010498047e+00,1.620918698608875275e-02
6.002950295805931091e-02,3.166784048080444336e+00,9.748785756528377533e-03
4.775520414113998413e-02,3.637492954730987549e-01,2.304963069036602974e-03
2.217511646449565887e-02,1.748734354972839355e+00,9.962609037756919861e-03
4.270812869071960449e-02,1.085417509078979492e+00,4.328407812863588333e-03
2.393262088298797607e-01,6.258055567741394043e-01,5.208753515034914017e-03
2.376344949007034302e-01,4.678699493408203125e+00,1.155738532543182373e-02
4.136060550808906555e-02,4.922394275665283203e+00,2.204989828169345856e-02
3.946191817522048950e-02,3.143772363662719727e+00,8.174206130206584930e-03
5.874319002032279968e-02,3.276336491107940674e-01,8.500718511641025543e-03
1.397418826818466187e-01,8.460710644721984863e-01,3.928781021386384964e-03
1.557891964912414551e-01,3.160022974014282227e+00,1.405914500355720520e-02
8.398395776748657227e-02,1.579045534133911133e+00,4.649500362575054169e-03
1.489624977111816406e-01,4.660815715789794922e+00,1.157799083739519119e-02
2.266665697097778320e-01,4.800919532775878906e+00,1.870179548859596252e-02
3.923755139112472534e-02,6.494702696800231934e-01,7.472761906683444977e-03
3.797847405076026917e-02,3.795108556747436523e+00,1.156653743237257004e-02
3.170956671237945557e-01,7.605735659599304199e-01,6.904407870024442673e-03
3.293295577168464661e-02,7.477701306343078613e-01,7.089036051183938980e-03
2.613590061664581299e-01,7.811474800109863281e-01,1.003715582191944122e-02
6.522813439369201660e-02,7.196856737136840820e-01,1.015996839851140976e-02
1.574421525001525879e-01,2.754818677902221680e+00,8.676807396113872528e-03
6.559714674949645996e-02,2.761673212051391602e+00,7.020982913672924042e-03
1.469058841466903687e-01,8.516175150871276855e-01,5.800371523946523666e-03
4.485191702842712402e-01,2.556171894073486328e+00,1.148549746721982956e-02
8.927965909242630005e-02,3.783790826797485352e+00,1.057196874171495438e-02
2.165083438158035278e-01,2.623944282531738281e+00,1.021529082208871841e-02
8.553630113601684570e-02,1.954752206802368164e+00,8.479141630232334137e-03
3.787182644009590149e-02,7.636965513229370117e-01,1.819873228669166565e-02
3.744817525148391724e-02,5.051826238632202148e-01,8.462677709758281708e-03
1.559420675039291382e-01,3.694371461868286133e+00,8.683351799845695496e-03
1.645587198436260223e-02,4.498586177825927734e+00,1.364499796181917191e-02
3.123123943805694580e-01,7.568586468696594238e-01,6.956866942346096039e-03
2.011110484600067139e-01,3.547701835632324219e+00,7.830003276467323303e-03
6.514910608530044556e-02,2.586731672286987305e+00,9.235038422048091888e-03
1.825096309185028076e-01,1.209981292486190796e-01,2.414635615423321724e-03
2.602081894874572754e-01,8.076040744781494141e-01,1.779660000465810299e-03
1.914673298597335815e-01,4.786756992340087891e+00,1.061496883630752563e-02
1.485628038644790649e-01,4.276945114135742188e+00,1.011681556701660156e-02
4.716365784406661987e-02,6.511554121971130371e-01,5.197044927626848221e-03
1.834094226360321045e-01,4.007008552551269531e+00,8.814089931547641754e-03
1.676514595746994019e-01,4.510169982910156250e+00,1.273422967642545700e-02
2.371916025876998901e-01,1.768724322319030762e+00,9.810498915612697601e-03
2.116065621376037598e-01,3.968589782714843750e+00,1.028359960764646530e-02
5.992326885461807251e-02,1.546158671379089355e+00,1.054394990205764771e-02
5.883527174592018127e-02,1.102894991636276245e-01,8.343853056430816650e-03
1.063579767942428589e-01,2.135817527770996094e+00,2.877397462725639343e-02
2.662284076213836670e-01,1.861847281455993652e+00,4.607318900525569916e-03
1.583685576915740967e-01,4.831229209899902344e+00,1.118547003716230392e-02
1.433691382408142090e-01,4.730340957641601562e+00,1.426703762263059616e-02
5.145074054598808289e-02,1.868519663810729980e+00,5.205839406698942184e-03
1.037601605057716370e-01,4.824004173278808594e+00,1.609245873987674713e-02
9.429745376110076904e-02,6.325295567512512207e-01,9.269090369343757629e-03
2.182394415140151978e-01,2.237889766693115234e+00,4.016212187707424164e-03
3.340363800525665283e-01,1.872078776359558105e+00,1.297908835113048553e-02
1.004441902041435242e-01,7.216360569000244141e-01,6.506416946649551392e-03
2.033740095794200897e-02,9.299813956022262573e-02,2.606575377285480499e-03
1.696082800626754761e-01,4.955495357513427734e+00,1.255420316010713577e-02
3.554270789027214050e-02,2.817856550216674805e+00,8.534259162843227386e-03
2.145203948020935059e-01,3.997862577438354492e+00,2.082381770014762878e-02
9.711939096450805664e-02,4.259159564971923828e+00,9.370939806103706360e-03
9.575688838958740234e-02,3.270359754562377930e+00,1.267231255769729614e-02
4.532580450177192688e-02,9.468975067138671875e-01,1.263826061040163040e-02
2.021524012088775635e-01,3.971904993057250977e+00,1.633931137621402740e-02
1.506946384906768799e-01,3.962507486343383789e+00,9.730890393257141113e-03
1.608385890722274780e-01,3.779752492904663086e+00,1.169839967042207718e-02
2.197544127702713013e-01,4.032375812530517578e+00,1.414892822504043579e-02
1.443419158458709717e-01,7.079977393150329590e-01,5.840201396495103836e-03
1.631026118993759155e-01,1.581025958061218262e+00,9.886886924505233765e-03
7.974816113710403442e-02,4.703969478607177734e+00,1.038268767297267914e-02
9.702537953853607178e-02,1.575037240982055664e+00,9.297364391386508942e-03
1.444309502840042114e-01,4.516012668609619141e+00,1.077029947191476822e-02
1.166081801056861877e-01,9.127639234066009521e-02,6.558977998793125153e-03
1.943373084068298340e-01,4.098468303680419922e+00,1.339896302670240402e-02
7.894249260425567627e-02,1.295234441757202148e+00,6.072313338518142700e-02
5.243818089365959167e-02,1.032709479331970215e+00,1.230852678418159485e-02
4.698898270726203918e-02,7.675541043281555176e-01,3.047873033210635185e-03
1.370042711496353149e-01,1.489323019981384277e+00,7.361197844147682190e-03
3.001548349857330322e-01,2.530429959297180176e-01,1.612466992810368538e-03
2.182138264179229736e-01,2.435699224472045898e+00,6.779498886317014694e-03
1.944859623908996582e-01,3.368775129318237305e+00,1.341195032000541687e-02
5.965568125247955322e-02,2.769067049026489258e+00,8.659065701067447662e-03
7.610331475734710693e-02,4.838950157165527344e+00,1.994168199598789215e-02
1.937263756990432739e-01,4.700639724731445312e+00,1.391168870031833649e-02
1.632367074489593506e-01,3.229372024536132812e+00,1.214164029806852341e-02
1.345770806074142456e-01,4.481157302856445312e+00,1.049016229808330536e-02
7.270163297653198242e-02,2.742952585220336914e+00,1.589075289666652679e-02
3.176014497876167297e-02,5.865126848220825195e-01,3.339719492942094803e-03
8.599776774644851685e-02,8.616618514060974121e-01,7.569038774818181992e-03
1.887478493154048920e-02,2.220057964324951172e+00,6.695493590086698532e-03
2.047517001628875732e-01,2.915835142135620117e+00,1.468358840793371201e-02
1.652278453111648560e-01,8.562830090522766113e-01,2.372811920940876007e-02
5.673702433705329895e-02,1.897832870483398438e+00,6.875928957015275955e-03
1.947602331638336182e-01,9.419085979461669922e-01,3.850757377222180367e-03
8.006779104471206665e-02,4.248724460601806641e+00,1.354284118860960007e-02
1.647401154041290283e-01,4.158444404602050781e+00,3.022983111441135406e-02
1.062871068716049194e-01,2.734617471694946289e+00,8.052824996411800385e-03
1.794771701097488403e-01,1.476271152496337891e+00,6.861766334623098373e-03
1.929804682731628418e-01,4.732651233673095703e+00,9.923444129526615143e-03
4.384367540478706360e-02,2.685330152511596680e+00,8.080536499619483948e-03
2.604885399341583252e-01,1.817209839820861816e+00,1.297377143055200577e-02
1.201143339276313782e-01,4.061272621154785156e+00,2.797548659145832062e-02
6.122632697224617004e-02,2.956541299819946289e+00,1.210452057421207428e-02
3.803958371281623840e-02,4.251774787902832031e+00,1.095012202858924866e-02
2.025792747735977173e-01,2.729965686798095703e+00,1.007182151079177856e-02
2.169757783412933350e-01,4.551672458648681641e+00,1.438054442405700684e-02
2.926918677985668182e-02,4.487038612365722656e+00,1.125638652592897415e-02
1.610751599073410034e-01,1.644647717475891113e+00,4.195420537143945694e-03
9.160974621772766113e-02,2.635759830474853516e+00,1.035661157220602036e-02
2.121203243732452393e-01,4.114520072937011719e+00,1.130782254040241241e-02
1.308764666318893433e-01,2.093651056289672852e+00,1.118286233395338058e-02
1.389682143926620483e-01,1.938403606414794922e+00,6.930535193532705307e-03
1.366709321737289429e-01,4.088776707649230957e-01,3.538868390023708344e-03
7.570289075374603271e-02,1.445660710334777832e+00,6.547933910042047501e-03
2.565232515335083008e-01,1.434448122978210449e+00,5.433415994048118591e-03
1.717709600925445557e-01,8.511949181556701660e-01,3.646853612735867500e-03
2.142478227615356445e-01,4.387642860412597656e+00,1.188481785356998444e-02
1.820323169231414795e-01,3.692945480346679688e+00,1.017351821064949036e-02
1.301418710500001907e-02,1.536602616310119629e+00,5.802212283015251160e-03
2.610162198543548584e-01,2.511545896530151367e+00,7.647317834198474884e-03
1.964168250560760498e-01,3.404068708419799805e+00,1.550390850752592087e-02
1.179468855261802673e-01,1.501845479011535645e+00,5.097342655062675476e-03
9.771626442670822144e-02,3.726996660232543945e+00,1.008204743266105652e-02
2.242666780948638916e-01,4.304589748382568359e+00,1.073813904076814651e-02
7.792303711175918579e-02,2.052165269851684570e+00,1.233843713998794556e-02
5.135277658700942993e-02,6.477384567260742188e-01,1.784133911132812500e-02
4.794669896364212036e-02,4.277531623840332031e+00,1.042533013969659805e-02
2.658732235431671143e-02,3.965673208236694336e+00,9.977180510759353638e-03
8.141060918569564819e-02,4.453642368316650391e+00,1.165059395134449005e-02
1.876347362995147705e-01,3.879242658615112305e+00,1.984612084925174713e-02
8.666350692510604858e-02,4.439126014709472656e+00,1.994587481021881104e-02
1.940637379884719849e-01,3.993294715881347656e+00,1.815849356353282928e-02
2.902791202068328857e-01,4.468118190765380859e+00,1.347258966416120529e-02
1.304330974817276001e-01,3.824329853057861328e+00,8.504297584295272827e-03
4.323323443531990051e-02,2.007873296737670898e+00,5.577089730650186539e-03
4.427240788936614990e-02,9.456720948219299316e-01,2.628969959914684296e-03
1.512624174356460571e-01,9.011141061782836914e-01,3.135662060230970383e-03
3.416988998651504517e-02,3.843845129013061523e+00,1.011502556502819061e-02
1.344004720449447632e-01,4.110303878784179688e+00,8.872531354427337646e-03
1.459025591611862183e-01,3.530988693237304688e+00,9.477390907704830170e-03
2.539430186152458191e-02,2.189660549163818359e+00,5.727409850805997849e-03
2.430300861597061157e-01,3.450890064239501953e+00,7.136177271604537964e-03
1.757573783397674561e-01,3.903438568115234375e+00,3.939247131347656250e-02
1.694356501102447510e-01,5.395300388336181641e-01,6.445163860917091370e-03
5.486481264233589172e-02,3.104948282241821289e+00,9.996660985052585602e-03
2.875660732388496399e-02,5.644728541374206543e-01,1.952988561242818832e-03
6.593079119920730591e-02,3.058601379394531250e+00,9.227829053997993469e-03
4.349847137928009033e-02,8.240684866905212402e-01,4.378770478069782257e-03
1.721087545156478882e-01,1.410126209259033203e+00,4.615704063326120377e-03
2.615762352943420410e-01,1.465097308158874512e+00,1.258677337318658829e-02
7.161463797092437744e-02,1.374523758888244629e+00,4.111414775252342224e-03
1.687722057104110718e-01,2.291110992431640625e+00,5.574072711169719696e-03
2.289872467517852783e-01,2.738507270812988281e+00,6.015523802489042282e-03
4.548577591776847839e-02,2.630633592605590820e+00,7.477517239749431610e-03
2.462673000991344452e-02,3.093788623809814453e+00,7.994486019015312195e-03
5.010269582271575928e-02,1.886868357658386230e+00,1.588431000709533691e-02
1.967939734458923340e-01,2.955118417739868164e+00,8.297530002892017365e-03
3.583693876862525940e-02,2.833569288253784180e+00,8.485839702188968658e-03
3.560364246368408203e-02,8.497455716133117676e-01,1.280995272099971771e-02
2.379853278398513794e-01,3.730190992355346680e+00,8.352187462151050568e-03
1.655044406652450562e-02,7.312282323837280273e-01,3.024251200258731842e-03
3.533370420336723328e-02,2.363844633102416992e+00,1.830078661441802979e-02
1.131572946906089783e-01,4.843883514404296875e+00,1.107288338243961334e-02
2.673893868923187256e-01,4.187693119049072266e+00,9.995740838348865509e-03
2.632942795753479004e-01,2.904422283172607422e+00,7.375514134764671326e-03
3.369126021862030029e-01,2.978495836257934570e+00,6.494350265711545944e-03
2.026464790105819702e-01,5.421298146247863770e-01,3.207601141184568405e-03
9.810431301593780518e-02,3.940726518630981445e+00,8.654668927192687988e-03
1.918246448040008545e-01,2.345523357391357422e+00,5.818931385874748230e-03
8.014800399541854858e-02,4.363538742065429688e+00,1.102241873741149902e-02
2.094670385122299194e-01,3.408716678619384766e+00,2.067027613520622253e-02
9.645525366067886353e-02,3.986840009689331055e+00,1.489889435470104218e-02
1.680638045072555542e-01,3.128070592880249023e+00,9.289337322115898132e-03
8.646882325410842896e-02,4.319119930267333984e+00,1.546612381935119629e-02
4.185782000422477722e-02,8.281843066215515137e-01,2.329157665371894836e-02
2.035390287637710571e-01,1.492546916007995605e+00,1.219517271965742111e-02
2.400656491518020630e-01,8.685365319252014160e-01,7.922700606286525726e-03
5.812980979681015015e-02,1.394420027732849121e+00,5.983925890177488327e-03
2.624293863773345947e-01,4.264608860015869141e+00,8.977448567748069763e-03
5.547275766730308533e-02,3.278511047363281250e+00,7.475932128727436066e-03
3.916426002979278564e-02,2.512205839157104492e+00,9.603169746696949005e-03
2.217030711472034454e-02,1.274811476469039917e-01,4.089531488716602325e-03
2.131203711032867432e-01,1.506287097930908203e+00,1.811615936458110809e-02
2.188230305910110474e-02,4.020724296569824219e+00,9.393130429089069366e-03
7.025752961635589600e-02,1.890439271926879883e+00,3.610694780945777893e-02
3.061051666736602783e-01,9.199789166450500488e-01,3.284755395725369453e-03
3.139713704586029053e-01,1.437826037406921387e+00,2.409931737929582596e-03
7.768216729164123535e-02,1.871364712715148926e+00,5.160180851817131042e-03
1.404948830604553223e-01,1.621749877929687500e+00,7.979607209563255310e-03
1.877050548791885376e-01,2.848284244537353516e+00,6.713388487696647644e-03
1.724456250667572021e-01,4.941225647926330566e-01,2.583464840427041054e-03
2.200641334056854248e-01,4.126440525054931641e+00,1.303221192210912704e-02
6.907973438501358032e-02,3.333021402359008789e+00,7.777084130793809891e-03
2.093413621187210083e-01,6.348023414611816406e-01,9.414706379175186157e-03
1.000008136034011841e-01,9.337763190269470215e-01,2.483609132468700409e-03
1.148701235651969910e-01,5.126398205757141113e-01,4.642137791961431503e-03
3.669690340757369995e-02,8.360174298286437988e-01,5.662271287292242050e-03
2.519362866878509521e-01,4.833374500274658203e+00,2.310950495302677155e-02
2.750751674175262451e-01,1.058377847075462341e-01,2.191992849111557007e-02
3.267765417695045471e-02,2.310251235961914062e+00,7.181631401181221008e-03
7.593234628438949585e-02,1.088553667068481445e+00,6.595382001250982285e-03
1.885665059089660645e-01,4.360914230346679688e+00,1.556986477226018906e-02
1.099736094474792480e-01,4.834135770797729492e-01,3.667356446385383606e-03
5.370556190609931946e-02,2.975279808044433594e+00,6.743554957211017609e-03
1.580855399370193481e-01,4.525742530822753906e+00,1.179176196455955505e-02
3.212877362966537476e-02,4.561839103698730469e-01,5.080929957330226898e-03
9.497914463281631470e-02,8.394098281860351562e-01,3.052679123356938362e-03
9.565573930740356445e-02,3.715859889984130859e+00,2.627134509384632111e-02
6.511525809764862061e-02,2.463711977005004883e+00,5.895676556974649429e-03
2.451646625995635986e-01,3.308472633361816406e+00,1.290668919682502747e-02
8.802480250597000122e-02,3.977279424667358398e+00,9.162331931293010712e-03
8.226911723613739014e-02,4.762243270874023438e+00,1.949573121964931488e-02
6.479842960834503174e-02,4.827891349792480469e+00,6.255964934825897217e-02
9.905652701854705811e-02,6.360424757003784180e-01,5.171889439225196838e-03
6.309837102890014648e-02,4.743504047393798828e+00,1.129539869725704193e-02
2.724425196647644043e-01,7.477509975433349609e-01,1.058173482306301594e-03
2.190714776515960693e-01,7.769168615341186523e-01,1.373452506959438324e-02
7.211054116487503052e-02,8.625665903091430664e-01,5.599535536020994186e-03
2.436339855194091797e-02,3.818090200424194336e+00,9.137892164289951324e-03
5.233658477663993835e-02,1.423205137252807617e+00,6.878025364130735397e-03
9.697658568620681763e-02,4.644571304321289062e+00,1.123199798166751862e-02
1.118495240807533264e-01,7.900276184082031250e-01,3.082640934735536575e-03
8.118634670972824097e-02,1.999703407287597656e+00,5.012979265302419662e-03
6.010829284787178040e-02,2.113435745239257812e+00,5.555410869419574738e-03
9.118515998125076294e-02,3.599161624908447266e+00,8.389512076973915100e-03
1.973286569118499756e-01,2.264746665954589844e+00,6.510609760880470276e-03
1.898792833089828491e-01,4.753844261169433594e+00,1.172186806797981262e-02
1.133362278342247009e-01,1.027219817042350769e-01,7.660969160497188568e-03
1.141246631741523743e-01,2.137354850769042969e+00,1.037328038364648819e-02
2.099759131669998169e-01,2.544459342956542969e+00,1.804928109049797058e-02
1.743586063385009766e-01,3.806946277618408203e+00,1.052508316934108734e-02
1.070636063814163208e-01,4.967420101165771484e+00,1.124437153339385986e-02
2.524481527507305145e-02,4.979094862937927246e-02,2.445006510242819786e-03
2.773395180702209473e-01,1.935398459434509277e+00,6.333241704851388931e-03
8.347988873720169067e-02,1.998139500617980957e+00,2.474641054868698120e-02
2.882326543331146240e-01,2.830359220504760742e+00,6.396181881427764893e-03
6.531160324811935425e-02,4.497777462005615234e+00,1.184728927910327911e-02
1.584589779376983643e-01,3.288967132568359375e+00,8.445242419838905334e-03
6.791803240776062012e-02,7.092170119285583496e-01,9.358617477118968964e-03
4.616216942667961121e-02,3.720035791397094727e+00,8.901725523173809052e-03
8.728276193141937256e-02,1.056209921836853027e+00,5.804717540740966797e-03
4.154684022068977356e-02,1.789650797843933105e+00,6.023091264069080353e-03
1.212795004248619080e-01,4.921240329742431641e+00,1.316908560693264008e-02
1.099747866392135620e-01,1.499610781669616699e+00,1.046521123498678207e-02
1.138586699962615967e-01,2.704991102218627930e+00,6.417911965399980545e-03
2.105635553598403931e-01,1.528200268745422363e+00,4.436342045664787292e-03
5.317557975649833679e-02,2.590155839920043945e+00,9.304113686084747314e-03
4.116052761673927307e-02,2.273065328598022461e+00,5.794542841613292694e-03
4.427005723118782043e-02,3.355502605438232422e+00,8.376780897378921509e-03
2.416478246450424194e-01,5.852077603340148926e-01,1.158540416508913040e-02
1.354365348815917969e-01,8.370879292488098145e-01,3.221201477572321892e-03
2.937121689319610596e-01,3.706386327743530273e+00,1.603872142732143402e-02
1.381879448890686035e-01,1.853616595268249512e+00,4.908777307718992233e-03
1.017948314547538757e-01,1.285894989967346191e+00,3.948363475501537323e-03
1.390843540430068970e-01,1.706810832023620605e+00,5.865203682333230972e-03
1.946451067924499512e-01,4.911880970001220703e+00,2.719990536570549011e-02
6.701128184795379639e-02,1.054162383079528809e+00,4.284283611923456192e-03
3.761707618832588196e-02,2.207775563001632690e-01,3.730552271008491516e-03
6.856881827116012573e-02,4.000569343566894531e+00,9.019221179187297821e-03
1.257623583078384399e-01,1.605311036109924316e+00,1.514232158660888672e-02
5.364199727773666382e-02,3.995199874043464661e-02,2.099781064316630363e-03
1.842838525772094727e-01,4.939751625061035156e+00,1.088033057749271393e-02
5.639915913343429565e-02,4.541187286376953125e-01,1.575249992311000824e-02
1.514213830232620239e-01,2.257907867431640625e+00,6.105255801230669022e-03
2.000070661306381226e-01,8.178211450576782227e-01,1.681368984282016754e-02
1.185562834143638611e-01,9.979631304740905762e-01,3.463043365627527237e-03
1.444313228130340576e-01,8.769824504852294922e-01,1.251928228884935379e-02
5.108920484781265259e-02,8.216135501861572266e-01,7.941695302724838257e-02
1.764398962259292603e-01,4.330344200134277344e+00,1.543912757188081741e-02
3.044054470956325531e-02,3.827547550201416016e+00,1.124887075275182724e-02
7.199797779321670532e-02,8.170375227928161621e-01,4.698737990111112595e-03
2.613205313682556152e-01,2.326648950576782227e+00,7.040923461318016052e-03
1.725704669952392578e-01,2.788260459899902344e+00,2.256247028708457947e-02
1.289757043123245239e-01,8.385233879089355469e-01,2.724684076383709908e-03
1.603814363479614258e-01,6.015051007270812988e-01,3.468667622655630112e-03
1.340030878782272339e-01,3.227385282516479492e+00,1.540998369455337524e-02
9.066541492938995361e-02,2.108805894851684570e+00,1.503408048301935196e-02
6.163824722170829773e-02,3.865837812423706055e+00,7.706781383603811264e-03
1.614720672369003296e-01,6.059365868568420410e-01,1.453812583349645138e-03
2.737188339233398438e-02,3.879364728927612305e+00,7.732448168098926544e-03
1.819178462028503418e-01,3.259832859039306641e+00,8.448566310107707977e-03
2.588513791561126709e-01,1.583620548248291016e+00,5.362550728023052216e-03
5.518978834152221680e-01,4.834040164947509766e+00,8.136216551065444946e-03
4.617109522223472595e-02,3.944615125656127930e+00,1.217789109796285629e-02
3.719160556793212891e-01,1.326521277427673340e+00,1.416212040930986404e-02
1.010846942663192749e-01,4.133061408996582031e+00,1.048581581562757492e-02
4.967170953750610352e-02,2.504823923110961914e+00,1.334532815963029861e-02
2.336282730102539062e-01,3.796444416046142578e+00,2.440225891768932343e-02
1.420986503362655640e-01,1.062733411788940430e+00,5.891790613532066345e-03
1.243262887001037598e-01,1.070804819464683533e-01,5.689932033419609070e-03
9.201889485120773315e-02,4.804214954376220703e+00,2.143399417400360107e-02
1.620124280452728271e-01,3.800373077392578125e+00,8.822168223559856415e-03
1.478717327117919922e-01,3.813888549804687500e+00,1.265574619174003601e-02
1.928773224353790283e-01,3.941285848617553711e+00,1.842395775020122528e-02
6.920420378446578979e-02,3.647199392318725586e+00,1.145349070429801941e-02
2.285959273576736450e-01,1.317960143089294434e+00,7.038878276944160461e-03
5.674751102924346924e-02,2.433555126190185547e+00,8.538912050426006317e-03
2.080314159393310547e-01,8.477828502655029297e-01,8.652776479721069336e-03
2.912194132804870605e-01,7.473998665809631348e-01,3.927860409021377563e-03
2.367119640111923218e-01,1.067302703857421875e+00,7.696964312344789505e-03
2.391981706023216248e-02,4.740325450897216797e+00,1.190102566033601761e-02
2.607611119747161865e-01,4.402256965637207031e+00,1.055223308503627777e-02
3.133542090654373169e-02,2.907649278640747070e+00,1.281854230910539627e-02
4.241140559315681458e-02,3.594845294952392578e+00,1.130628865212202072e-02
4.901036992669105530e-02,7.401631474494934082e-01,3.058763453736901283e-03
1.360317766666412354e-01,3.925413608551025391e+00,9.336631745100021362e-03
2.351432144641876221e-01,3.879539966583251953e+00,1.274246163666248322e-02
3.952932730317115784e-02,5.137958526611328125e-01,5.506786517798900604e-03
8.604604005813598633e-02,7.810605764389038086e-01,5.935097578912973404e-03
2.485361099243164062e-01,8.672650903463363647e-02,2.030040603131055832e-03
5.707333609461784363e-02,1.360332131385803223e+00,7.903476245701313019e-03
1.724329888820648193e-01,2.600300610065460205e-01,7.547666784375905991e-03
7.488593459129333496e-02,1.728001713752746582e+00,6.634700577706098557e-03
4.076373204588890076e-02,3.623204708099365234e+00,8.112236857414245605e-03
1.884412318468093872e-01,2.311185359954833984e+00,1.175367087125778198e-02
5.255382508039474487e-02,3.761339187622070312e+00,1.066701859235763550e-02
1.220209449529647827e-01,1.232108995318412781e-01,1.010858360677957535e-02
1.464077979326248169e-01,3.479344129562377930e+00,8.918444626033306122e-03
9.152067452669143677e-02,4.506511092185974121e-01,3.167157759889960289e-03
2.802613005042076111e-02,4.217583537101745605e-01,6.109704263508319855e-03
3.245255723595619202e-02,7.477971911430358887e-01,3.064950229600071907e-03
1.790154874324798584e-01,2.484594583511352539e+00,7.692516315728425980e-03
2.444277554750442505e-01,2.311854362487792969e+00,8.476891554892063141e-03
6.385871022939682007e-02,4.770186424255371094e+00,1.298839412629604340e-02
4.127928614616394043e-02,2.054962635040283203e+00,8.315067738294601440e-03
9.448867291212081909e-02,4.112524032592773438e+00,1.647219620645046234e-02
3.487655892968177795e-02,4.983843803405761719e+00,1.252516172826290131e-02
4.074168950319290161e-02,4.751492023468017578e+00,1.135634444653987885e-02
2.303839474916458130e-01,2.946929931640625000e+00,6.285026669502258301e-03
6.128266081213951111e-02,8.183515071868896484e-01,1.046587526798248291e-02
1.753216087818145752e-01,4.466636180877685547e+00,1.738015189766883850e-02
2.263127565383911133e-01,1.970221996307373047e+00,1.253763772547245026e-02
9.961394965648651123e-02,3.976256847381591797e+00,1.060913968831300735e-02
1.821783781051635742e-01,1.852456331253051758e+00,4.793787375092506409e-03
4.761900380253791809e-02,7.969902157783508301e-01,2.969389315694570541e-03
8.900262415409088135e-02,5.939385890960693359e-01,3.553797956556081772e-03
8.697988092899322510e-02,3.658847808837890625e+00,9.940112009644508362e-03
2.108838707208633423e-01,3.730575561523437500e+00,1.059359684586524963e-02
1.542864739894866943e-01,3.753866672515869141e+00,9.370582178235054016e-03
5.137042328715324402e-02,4.850737094879150391e+00,1.130219828337430954e-02
2.275586500763893127e-02,9.020906686782836914e-01,4.003020934760570526e-03
1.252748668193817139e-01,3.775917530059814453e+00,9.630728513002395630e-03
2.383068017661571503e-02,4.169050693511962891e+00,1.028145197778940201e-02
6.141214817762374878e-02,4.718936920166015625e+00,1.111240684986114502e-02
2.150997370481491089e-01,6.899627447128295898e-01,4.135855007916688919e-03
2.751976549625396729e-01,3.833525896072387695e+00,1.720452122390270233e-02
3.321774303913116455e-02,4.983886241912841797e+00,1.352249179035425186e-02
2.538459599018096924e-01,6.354291439056396484e-01,2.122461982071399689e-02
3.650170564651489258e-02,9.895148128271102905e-02,3.534880233928561211e-03
5.210017412900924683e-02,1.819175779819488525e-01,1.280064694583415985e-02
8.191221952438354492e-02,2.235144138336181641e+00,2.246450819075107574e-02
7.030254602432250977e-02,1.552627325057983398e+00,1.426499243825674057e-02
2.399064451456069946e-01,2.017763137817382812e+00,5.130167584866285324e-03
1.530962139368057251e-01,1.746445059776306152e+00,4.534152802079916000e-03
1.888215243816375732e-01,2.078966856002807617e+00,2.482254244387149811e-02
6.826060265302658081e-02,4.224331378936767578e+00,1.558188069611787796e-02
2.036214619874954224e-01,3.736014127731323242e+00,8.446929976344108582e-03
4.085003212094306946e-02,1.864152997732162476e-01,7.779691834002733231e-03
2.326551973819732666e-01,2.692875862121582031e+00,6.747900974005460739e-03
1.507114619016647339e-01,1.950365185737609863e+00,4.830549471080303192e-03
1.028694361448287964e-01,4.792521476745605469e+00,1.055039279162883759e-02
2.471192367374897003e-02,3.529774188995361328e+00,1.323637180030345917e-02
1.401229053735733032e-01,4.121521472930908203e+00,9.894146583974361420e-03
3.861178457736968994e-02,1.764479279518127441e+00,9.707371704280376434e-03
1.808827519416809082e-01,1.632873415946960449e+00,8.358323015272617340e-03
5.722292512655258179e-02,8.890258073806762695e-01,7.126667536795139313e-03
2.742244899272918701e-01,2.271297425031661987e-01,9.221948683261871338e-03
1.751146465539932251e-01,4.362043857574462891e+00,1.283495500683784485e-02
1.377276927232742310e-01,4.495547771453857422e+00,1.054768264293670654e-02
2.409114986658096313e-01,6.899344921112060547e-01,2.353382762521505356e-03
2.617997117340564728e-02,5.947017073631286621e-01,1.928702113218605518e-03
2.003060653805732727e-02,5.912259221076965332e-01,4.971155431121587753e-03
8.316053450107574463e-02,4.451231956481933594e+00,1.161173544824123383e-02
9.526357799768447876e-02,1.433862805366516113e+00,5.773886572569608688e-03
1.783378571271896362e-01,2.165302515029907227e+00,5.829361733049154282e-03
1.409520357847213745e-01,6.793811917304992676e-01,3.140008077025413513e-03
9.540351480245590210e-02,1.416868686676025391e+00,5.331412889063358307e-03
3.306569531559944153e-02,2.400428771972656250e+00,5.243470426648855209e-03
1.705850362777709961e-01,1.189538165926933289e-01,2.654279116541147232e-03
3.742440417408943176e-02,4.594659805297851562e+00,1.068159006536006927e-02
2.181157022714614868e-01,6.518790721893310547e-01,3.734489204362034798e-03
3.329508006572723389e-02,4.723556518554687500e+00,1.655998453497886658e-02
2.461223118007183075e-02,8.035597801208496094e-01,6.858033593744039536e-03
8.694593608379364014e-02,4.176925659179687500e+00,8.362310938537120819e-03
2.692456729710102081e-02,1.712187051773071289e+00,5.904164165258407593e-03
6.459091603755950928e-02,4.849824905395507812e+00,1.128614414483308792e-02
2.805811464786529541e-01,2.729098320007324219e+00,7.064596284180879593e-03
5.504568293690681458e-02,4.044218540191650391e+00,1.663156598806381226e-02
6.627751886844635010e-02,4.300409317016601562e+00,1.067852228879928589e-02
2.776533067226409912e-01,1.117845773696899414e+00,1.067980099469423294e-02
6.384746730327606201e-02,3.724657535552978516e+00,8.667246438562870026e-03
3.092297613620758057e-01,2.456427335739135742e+00,5.355852656066417694e-03
6.602007150650024414e-02,1.830651640892028809e+00,6.513523869216442108e-03
3.089059703052043915e-02,1.010203719139099121e+00,3.087958320975303650e-03
7.002624124288558960e-02,6.969282031059265137e-01,2.873317338526248932e-03
1.865256577730178833e-01,8.697344064712524414e-01,4.797468893229961395e-03
3.109427168965339661e-02,2.744060277938842773e+00,8.667604066431522369e-03
2.426297962665557861e-02,4.746270179748535156e+00,1.041295658797025681e-02
4.561512544751167297e-02,1.769635200500488281e+00,6.093495991080999374e-03
1.221651025116443634e-02,1.394384652376174927e-01,2.062451466917991638e-02
1.700864732265472412e-01,4.206266403198242188e+00,9.576019831001758575e-03
6.533575803041458130e-02,4.774653434753417969e+00,1.337820477783679962e-02
7.999858260154724121e-02,2.270314931869506836e+00,8.325242437422275543e-03
2.374526411294937134e-01,3.899789333343505859e+00,8.413133211433887482e-03
1.441155076026916504e-01,1.731025457382202148e+00,1.231773011386394501e-02
1.907201409339904785e-01,3.845893144607543945e+00,8.574292995035648346e-03
5.647376179695129395e-02,4.645487785339355469e+00,1.958945207297801971e-02
1.356695890426635742e-01,3.969094514846801758e+00,1.098918449133634567e-02
3.816204518079757690e-02,7.187463641166687012e-01,2.285431697964668274e-02
2.035529017448425293e-01,4.504562377929687500e+00,3.579163178801536560e-02
2.271899878978729248e-01,2.110178709030151367e+00,1.641247607767581940e-02
1.378649324178695679e-01,4.560035705566406250e+00,1.697300747036933899e-02
1.035882532596588135e-01,7.658651471138000488e-01,9.241122752428054810e-03
2.286428362131118774e-01,5.391773581504821777e-01,2.234215475618839264e-02
1.467210054397583008e-01,4.940676689147949219e+00,1.159138604998588562e-02
7.036206871271133423e-02,7.951461672782897949e-01,4.853762220591306686e-03
6.302431970834732056e-02,4.441154003143310547e+00,1.019836682826280594e-02
5.249590054154396057e-02,9.432095885276794434e-01,6.529118400067090988e-03
1.777218468487262726e-02,4.527021050453186035e-01,8.336081169545650482e-03
3.596244752407073975e-02,9.110806584358215332e-01,5.959383677691221237e-03
9.203550219535827637e-02,3.799842596054077148e+00,1.525301579385995865e-02
1.339409351348876953e-01,4.385430812835693359e+00,1.473119016736745834e-02
2.304168343544006348e-01,4.652741909027099609e+00,1.532684732228517532e-02
2.482448890805244446e-02,4.530783593654632568e-01,2.444393001496791840e-03
2.869688160717487335e-02,4.807436466217041016e+00,9.587013162672519684e-03
4.495499655604362488e-02,2.081467628479003906e+00,1.068087480962276459e-02
7.104634493589401245e-02,8.082792758941650391e-01,2.721146121621131897e-02
1.839892007410526276e-02,9.838954806327819824e-01,1.851420104503631592e-02
9.291667491197586060e-02,3.796576261520385742e+00,1.076462399214506149e-02
9.613966941833496094e-02,4.755862653255462646e-01,6.361516192555427551e-03
3.162647038698196411e-02,1.490576505661010742e+00,7.504002191126346588e-03
4.476530104875564575e-02,3.918899059295654297e+00,1.097082905471324921e-02
5.777450278401374817e-02,4.310361862182617188e+00,9.638193063437938690e-03
4.591115564107894897e-02,1.413620829582214355e+00,6.061284802854061127e-03
4.434511065483093262e-02,4.305080413818359375e+00,1.066983025521039963e-02
2.263938933610916138e-01,2.706679344177246094e+00,1.963613182306289673e-02
7.758600264787673950e-02,7.289660722017288208e-02,1.103203091770410538e-02
1.993468701839447021e-01,4.530517578125000000e+00,1.187484711408615112e-02
7.775964587926864624e-02,3.605574846267700195e+00,1.632080227136611938e-02
2.155791372060775757e-01,3.993680238723754883e+00,1.653303951025009155e-02
1.886410415172576904e-01,3.979064464569091797e+00,1.123337820172309875e-02
7.474458217620849609e-02,1.845761418342590332e+00,1.360997371375560760e-02
1.955289095640182495e-01,8.399689197540283203e-01,1.307822857052087784e-02
2.512165606021881104e-01,1.439158916473388672e+00,4.660391248762607574e-03
4.025648161768913269e-02,9.084349870681762695e-01,5.914492066949605942e-03
1.664888560771942139e-01,4.296320915222167969e+00,9.125058539211750031e-03
2.581056952476501465e-01,1.819681406021118164e+00,8.606964722275733948e-03
7.941209524869918823e-02,4.310113906860351562e+00,1.196611393243074417e-02
6.912714242935180664e-02,1.974215209484100342e-01,5.298996809870004654e-03
1.009262129664421082e-01,1.378687977790832520e+00,6.746008992195129395e-03
9.111692011356353760e-02,9.719114899635314941e-01,1.620059646666049957e-02
1.060458198189735413e-01,4.018596649169921875e+00,1.105079520493745804e-02
5.645659938454627991e-02,4.559728145599365234e+00,1.247965730726718903e-02
5.255607515573501587e-02,4.949860572814941406e+00,1.196636911481618881e-02
3.573627769947052002e-02,3.689807653427124023e+00,9.283150546252727509e-03
5.622455105185508728e-02,4.301001548767089844e+00,1.276071462780237198e-02
8.038662374019622803e-02,7.991851568222045898e-01,5.964190233498811722e-03
4.941273853182792664e-02,1.818680882453918457e+00,1.386495586484670639e-02
1.821900755167007446e-01,4.510960102081298828e+00,1.345459185540676117e-02
1.749720573425292969e-01,2.544657468795776367e+00,5.924616008996963501e-03
1.444215774536132812e-01,3.261417627334594727e+00,8.030685596168041229e-03
1.935354769229888916e-01,2.964201927185058594e+00,6.957173347473144531e-03
2.089561223983764648e-01,7.359245419502258301e-01,3.307968145236372948e-03
2.532783448696136475e-01,9.367640614509582520e-01,4.133247304707765579e-03
7.970117032527923584e-02,4.875333786010742188e+00,1.153805851936340332e-02
1.391321718692779541e-01,2.537935733795166016e+00,1.076288614422082901e-02
1.208167821168899536e-01,4.218334674835205078e+00,1.054548379033803940e-02
1.203453093767166138e-01,1.689009189605712891e+00,5.330850370228290558e-03
2.298530787229537964e-01,4.674533843994140625e+00,1.682422123849391937e-02
2.185661941766738892e-01,4.352982997894287109e+00,9.852170012891292572e-03
1.685311198234558105e-01,1.918760895729064941e+00,3.465564176440238953e-02
2.007258534431457520e-01,3.805427551269531250e+00,1.197419222444295883e-02
8.008830994367599487e-02,1.526742815971374512e+00,5.410254467278718948e-03
2.367941439151763916e-01,7.308035492897033691e-01,1.715835183858871460e-02
2.468346208333969116e-01,1.727838516235351562e+00,6.799643859267234802e-03
2.294215857982635498e-01,4.477039813995361328e+00,1.433820929378271103e-02
4.128243774175643921e-02,1.563081622123718262e+00,5.660737399011850357e-03
1.966190785169601440e-01,4.003615379333496094e+00,1.464094687253236771e-02
2.046933025121688843e-01,3.462707042694091797e+00,1.695153303444385529e-02
9.483027458190917969e-02,4.681596279144287109e+00,1.108244433999061584e-02
4.939972981810569763e-02,3.196418523788452148e+00,2.951601520180702209e-02
1.209550574421882629e-01,3.945106506347656250e+00,9.167342446744441986e-03
7.849977165460586548e-02,5.874689221382141113e-01,2.326795365661382675e-03
2.910901904106140137e-01,4.248128890991210938e+00,8.188471198081970215e-03
1.835770010948181152e-01,2.476365089416503906e+00,9.796796366572380066e-03
2.807914279401302338e-02,2.857486486434936523e+00,7.732806261628866196e-03
1.681002080440521240e-01,4.102931022644042969e-01,1.745761255733668804e-03
1.876690983772277832e-01,4.738550662994384766e+00,2.240289561450481415e-02
1.405684798955917358e-01,4.117312431335449219e+00,1.408619247376918793e-02
4.113817587494850159e-02,6.149289608001708984e-01,4.231006372720003128e-03
7.827378064393997192e-02,2.122049808502197266e+00,6.010922137647867203e-03
1.233552843332290649e-01,1.586654186248779297e+00,9.496973827481269836e-03
2.221726328134536743e-01,7.991838455200195312e-01,8.678137324750423431e-03
2.326920032501220703e-01,3.259077310562133789e+00,2.228606492280960083e-02
1.626847088336944580e-01,1.039368510246276855e+00,6.068391725420951843e-03
1.078822836279869080e-01,2.840818166732788086e+00,6.837786640971899033e-03
4.517815262079238892e-02,7.837664484977722168e-01,3.880463540554046631e-03
1.196761131286621094e-01,4.481692790985107422e+00,1.529698725789785385e-02
9.326413273811340332e-02,2.555538177490234375e+00,4.758712835609912872e-03
2.193179428577423096e-01,2.770945072174072266e+00,6.623350083827972412e-03
1.478196233510971069e-01,2.921411037445068359e+00,1.477091759443283081e-02
2.013933099806308746e-02,4.569590091705322266e-01,3.146092407405376434e-03
1.656808108091354370e-01,4.687908649444580078e+00,1.335386652499437332e-02
8.968389034271240234e-02,4.671810150146484375e+00,1.147210132330656052e-02
1.445533782243728638e-01,4.012823581695556641e+00,1.509589608758687973e-02
1.036045849323272705e-01,6.846981048583984375e-01,1.904461719095706940e-02
1.940815150737762451e-01,4.726223945617675781e+00,1.037859730422496796e-02
2.244917601346969604e-01,4.014135360717773438e+00,2.713440917432308197e-02
3.854188323020935059e-02,1.388798832893371582e+00,5.384996533393859863e-03
6.821392476558685303e-02,2.104730367660522461e+00,6.828276440501213074e-03
9.465213865041732788e-02,7.354993224143981934e-01,2.108728745952248573e-03
2.581000030040740967e-01,5.023408532142639160e-01,3.844673046842217445e-03
8.322427421808242798e-02,4.754887580871582031e+00,1.106337364763021469e-02
9.516506642103195190e-02,2.870382785797119141e+00,8.281474933028221130e-03
5.918836221098899841e-02,4.705159664154052734e+00,1.121083088219165802e-02
1.549894362688064575e-01,4.391604900360107422e+00,1.183266565203666687e-02
2.688504941761493683e-02,4.494724050164222717e-02,1.186216715723276138e-02
5.057679489254951477e-02,3.554409265518188477e+00,2.130085416138172150e-02
1.818238645792007446e-01,2.007290601730346680e+00,5.442159250378608704e-03
3.430075943470001221e-02,4.683164596557617188e+00,1.486361492425203323e-02
2.404273450374603271e-01,1.929257512092590332e+00,5.740141030400991440e-03
1.113234534859657288e-01,1.600031018257141113e+00,3.002725727856159210e-02
8.678437024354934692e-02,2.445287466049194336e+00,1.121803931891918182e-02
2.015477120876312256e-01,1.972094774246215820e+00,6.930944044142961502e-03
8.475696295499801636e-02,4.609994411468505859e+00,1.638578809797763824e-02
2.131869345903396606e-01,1.401867389678955078e+00,4.381020087748765945e-03
1.653754711151123047e-01,4.627402782440185547e+00,2.081001177430152893e-02
1.143642589449882507e-01,4.385424613952636719e+00,1.802049577236175537e-02
2.792685292661190033e-02,4.767882823944091797e+00,1.823186501860618591e-02
6.357752531766891479e-02,4.726953506469726562e+00,1.708692498505115509e-02
1.894965022802352905e-01,8.332306742668151855e-01,8.363027125597000122e-03
8.029482513666152954e-02,7.953536510467529297e-01,5.914338864386081696e-03
3.365204855799674988e-02,1.321700811386108398e-01,1.279717078432440758e-03
5.010065436363220215e-02,2.064403533935546875e+00,1.871769502758979797e-02
1.056759059429168701e-01,2.082021474838256836e+00,1.485594548285007477e-02
5.722112581133842468e-02,3.658767700195312500e+00,9.954377077519893646e-03
1.742715686559677124e-01,1.580320358276367188e+00,1.218208391219377518e-02
1.285702884197235107e-01,2.269888222217559814e-01,5.112834740430116653e-03
3.999851271510124207e-02,2.081296443939208984e+00,5.631593521684408188e-03
2.242057919502258301e-01,7.316973805427551270e-01,3.342326963320374489e-03
2.331187874078750610e-01,8.650502562522888184e-01,2.916726050898432732e-03
1.773311048746109009e-01,9.955731630325317383e-01,6.890449672937393188e-03
2.146192938089370728e-01,1.607153415679931641e+00,5.917253438383340836e-03
5.539441481232643127e-02,4.836567938327789307e-01,1.153258793056011200e-02
8.388454467058181763e-02,3.453819990158081055e+00,1.090241782367229462e-02
3.633080050349235535e-02,7.256680727005004883e-01,3.421884262934327126e-03
4.789413511753082275e-02,1.828765422105789185e-01,1.050498988479375839e-02
2.085212916135787964e-01,7.387499213218688965e-01,2.403233759105205536e-02
3.458762168884277344e-02,4.558868408203125000e+00,1.186574622988700867e-02
1.017750725150108337e-01,3.742066621780395508e+00,5.008392781019210815e-02
2.336873114109039307e-01,6.358398199081420898e-01,4.498208872973918915e-03
1.061499770730733871e-02,8.049055933952331543e-01,6.632450968027114868e-03
5.338260903954505920e-02,1.881800889968872070e+00,1.354376133531332016e-02
2.081193476915359497e-01,5.508725047111511230e-01,5.872923880815505981e-03
4.663177207112312317e-02,9.831268787384033203e-01,5.567886400967836380e-03
5.422887206077575684e-02,8.869096636772155762e-01,6.637001410126686096e-03
4.797095432877540588e-02,3.963832616806030273e+00,8.530475199222564697e-03
6.134186685085296631e-02,1.799452781677246094e+00,4.445545375347137451e-03
6.837067753076553345e-02,1.360743522644042969e+00,5.249503534287214279e-03
3.063394315540790558e-02,2.892702102661132812e+00,7.201930042356252670e-03
3.243425115942955017e-02,8.606702089309692383e-01,2.008387260138988495e-02
4.994133859872817993e-02,8.548821210861206055e-01,2.455641515552997589e-03
3.859392926096916199e-02,8.837216496467590332e-01,1.034086383879184723e-02
1.893485337495803833e-01,4.949296951293945312e+00,1.687678322196006775e-02
8.339794725179672241e-02,9.552868455648422241e-02,2.445911429822444916e-02
4.564782232046127319e-02,4.210007190704345703e+00,9.685385972261428833e-03
6.160862743854522705e-02,1.305172920227050781e+00,6.136342417448759079e-03
5.495346337556838989e-02,4.419732093811035156e+00,1.169487182050943375e-02
3.194124400615692139e-01,1.399735450744628906e+00,3.753407159820199013e-03
9.713160991668701172e-02,3.823011159896850586e+00,9.294603951275348663e-03
1.795367896556854248e-01,2.126197338104248047e+00,2.276775613427162170e-02
8.484288305044174194e-02,4.262854099273681641e+00,1.033830735832452774e-02
3.551374375820159912e-02,4.269207477569580078e+00,1.479060202836990356e-02
7.061497867107391357e-02,8.546242117881774902e-01,4.806314129382371902e-03
3.601210191845893860e-02,9.105610847473144531e-01,4.538447596132755280e-03
5.566089600324630737e-02,4.775483131408691406e+00,1.170034334063529968e-02
4.287204518914222717e-02,4.193110942840576172e+00,1.256412267684936523e-02
1.555534452199935913e-01,7.156076431274414062e-01,8.886642754077911377e-03
2.109823226928710938e-01,4.736484050750732422e+00,9.632977657020092010e-03
1.494463235139846802e-01,6.420547962188720703e-01,8.789547719061374664e-03
2.071445584297180176e-01,5.576192140579223633e-01,2.372351707890629768e-03
2.913983911275863647e-02,4.036449432373046875e+00,9.619019925594329834e-03
1.200364753603935242e-01,3.127224445343017578e+00,9.725727140903472900e-03
6.949418038129806519e-02,3.236537456512451172e+00,8.117503486573696136e-03
1.952190995216369629e-01,3.899565696716308594e+00,9.328247047960758209e-03
1.057209596037864685e-01,3.383821964263916016e+00,9.406525641679763794e-03
2.526749372482299805e-01,2.295983791351318359e+00,1.511026266962289810e-02
5.689384788274765015e-02,3.732199668884277344e+00,1.156909391283988953e-02
2.150225788354873657e-01,4.253507614135742188e+00,8.997184224426746368e-03
1.631634831428527832e-01,4.573662757873535156e+00,9.750064462423324585e-03
2.324415296316146851e-01,3.753412246704101562e+00,3.091547638177871704e-02
6.253869831562042236e-02,3.029234409332275391e+00,7.058409508317708969e-03
1.947779506444931030e-01,4.146940708160400391e+00,1.973389275372028351e-02
1.951765716075897217e-01,4.711960792541503906e+00,1.914293877780437469e-02
3.567046225070953369e-01,1.529629468917846680e+00,1.073057204484939575e-02
2.231775224208831787e-02,1.400873363018035889e-01,6.359164603054523468e-03
2.573634088039398193e-01,2.605714797973632812e+00,1.287151221185922623e-02
1.889799088239669800e-01,4.724899291992187500e+00,1.031340751796960831e-02
3.174306750297546387e-01,1.170174837112426758e+00,7.363601122051477432e-03
2.187939137220382690e-01,2.945221900939941406e+00,1.615084707736968994e-02
7.131916284561157227e-02,7.036903500556945801e-01,2.587555209174752235e-03
1.409159004688262939e-01,4.905861854553222656e+00,1.706918329000473022e-02
1.237342581152915955e-01,3.990147113800048828e+00,9.903554804623126984e-03
1.805900484323501587e-01,4.584037303924560547e+00,2.744174748659133911e-02
2.476338595151901245e-01,1.070367455482482910e+00,6.262887734919786453e-03
1.458034217357635498e-01,3.983446121215820312e+00,1.624124497175216675e-02
1.541861146688461304e-01,1.441246569156646729e-01,4.184734541922807693e-03
3.516629338264465332e-02,3.206509113311767578e+00,9.451264515519142151e-03
1.069520413875579834e-01,1.767947554588317871e+00,7.278521545231342316e-03
5.119737237691879272e-02,4.623908996582031250e+00,1.164179947227239609e-02
7.618480920791625977e-02,9.673091173171997070e-01,1.850371994078159332e-02
6.050754711031913757e-02,4.734040260314941406e+00,1.156761124730110168e-02
6.011666730046272278e-02,6.288855671882629395e-01,4.067596979439258575e-03
1.535342931747436523e-01,3.876279115676879883e+00,9.687226265668869019e-03
5.208089947700500488e-02,3.098494291305541992e+00,7.701924070715904236e-03
2.441654913127422333e-02,4.882962703704833984e-01,5.066409241408109665e-03
9.560695290565490723e-02,7.951699495315551758e-01,7.828622125089168549e-03
7.703868299722671509e-02,6.630109548568725586e-01,2.660312224179506302e-03
2.728060074150562286e-02,6.392128467559814453e-01,4.615448415279388428e-03
4.081875085830688477e-02,7.364099025726318359e-01,1.163014210760593414e-02
3.888760879635810852e-02,8.223190903663635254e-01,4.336384125053882599e-03
5.476089566946029663e-02,2.653844356536865234e+00,2.732113376259803772e-02
3.743900731205940247e-02,4.513545036315917969e+00,1.065945159643888474e-02
1.522146910429000854e-01,3.690440893173217773e+00,8.511250838637351990e-03
3.261246159672737122e-02,2.160712718963623047e+00,6.375321187078952789e-03
1.343729197978973389e-01,3.936419725418090820e+00,1.178772281855344772e-02
3.109987825155258179e-02,5.231309533119201660e-01,3.943454939872026443e-03
1.663043946027755737e-01,4.843528270721435547e+00,1.030706800520420074e-02
9.781983494758605957e-02,1.661952733993530273e+00,7.272385992109775543e-03
1.627747118473052979e-01,3.815604209899902344e+00,1.487880013883113861e-02
2.161836922168731689e-01,4.225763797760009766e+00,9.940930642187595367e-03
2.853327989578247070e-01,1.308299303054809570e+00,4.246243275701999664e-03
1.782735586166381836e-01,4.561608314514160156e+00,9.682522155344486237e-03
2.706678584218025208e-02,1.509000301361083984e+00,1.576763391494750977e-02
2.119501978158950806e-01,4.926116943359375000e+00,1.742437854409217834e-02
5.788987129926681519e-02,1.228746548295021057e-01,1.272507826797664165e-03
2.336149662733078003e-01,1.462382197380065918e+00,4.641217645257711411e-03
1.323139965534210205e-01,3.624796152114868164e+00,2.096176333725452423e-02
1.212031990289688110e-01,2.031365394592285156e+00,1.446490827947854996e-02
1.515551954507827759e-01,4.062326908111572266e+00,9.502598084509372711e-03
7.155726850032806396e-02,1.192967534065246582e+00,1.102047599852085114e-02
1.719123870134353638e-01,9.224814176559448242e-01,1.421519182622432709e-02
8.484692871570587158e-02,3.882791519165039062e+00,9.263312444090843201e-03
2.110520154237747192e-01,4.174304008483886719e+00,9.638141840696334839e-03
2.926466464996337891e-01,8.619664311408996582e-01,1.190982013940811157e-02
6.509315222501754761e-02,1.000293731689453125e+00,3.634991589933633804e-03
5.227191001176834106e-02,7.296963334083557129e-01,3.916714340448379517e-03
1.240244135260581970e-01,3.944451570510864258e+00,1.120132021605968475e-02
7.709449529647827148e-02,4.457780838012695312e+00,1.049512159079313278e-02
1.459285169839859009e-01,2.900685310363769531e+00,4.880145192146301270e-02
9.739511460065841675e-02,1.882572770118713379e+00,5.575146526098251343e-03
6.693764775991439819e-02,1.540193319320678711e+00,2.394966222345829010e-02
1.815206706523895264e-01,4.784485816955566406e+00,9.942105971276760101e-03
1.930281519889831543e-01,3.934862375259399414e+00,1.569104194641113281e-02
7.097714394330978394e-02,2.828011751174926758e+00,8.021635934710502625e-03
6.081350892782211304e-02,3.329253196716308594e+00,1.923215948045253754e-02
1.591943353414535522e-01,2.194141387939453125e+00,6.128519773483276367e-03
2.829165160655975342e-01,1.653952002525329590e+00,1.232161559164524078e-02
5.866027995944023132e-02,3.272537231445312500e+00,1.824285648763179779e-02
6.271389126777648926e-02,3.886673927307128906e+00,1.258109789341688156e-02
3.049788177013397217e-01,5.595244765281677246e-01,1.223888900130987167e-02
1.779638528823852539e-01,2.629514455795288086e+00,7.001860532909631729e-03
5.710752308368682861e-02,2.983805239200592041e-01,1.351313479244709015e-02
8.261480927467346191e-02,4.074807167053222656e+00,1.424781326204538345e-02
6.246139109134674072e-02,4.948150515556335449e-01,2.637099474668502808e-03
9.120727330446243286e-02,6.749311834573745728e-02,1.209700480103492737e-02
2.537163719534873962e-02,2.137013673782348633e+00,5.484903231263160706e-03
1.355971992015838623e-01,3.754981458187103271e-01,9.040695149451494217e-04
2.070375978946685791e-01,3.866792440414428711e+00,7.018017582595348358e-03
1.474908888339996338e-01,4.872770309448242188e+00,1.432072371244430542e-02
2.320508956909179688e-01,1.795378804206848145e+00,4.218326415866613388e-03
1.375931203365325928e-01,6.248072385787963867e-01,5.468184128403663635e-03
8.760945498943328857e-02,3.948136091232299805e+00,1.096857991069555283e-02
2.115113288164138794e-01,1.812774181365966797e+00,1.944986917078495026e-02
2.713626325130462646e-01,1.659615516662597656e+00,1.182693894952535629e-02
9.406477957963943481e-02,9.827954173088073730e-01,1.614338345825672150e-02
1.739092022180557251e-01,4.223307609558105469e+00,1.563571952283382416e-02
2.860895358026027679e-02,2.287088871002197266e+00,1.427552476525306702e-02
2.668973505496978760e-01,9.088278412818908691e-01,8.518460206687450409e-03
4.578194767236709595e-02,8.189976811408996582e-01,7.335837464779615402e-03
4.957447573542594910e-02,4.118568420410156250e+00,1.013256330043077469e-02
1.177571862936019897e-01,3.567537546157836914e+00,1.043340843170881271e-02
1.972902864217758179e-01,3.259727954864501953e-01,3.192926989868283272e-03
5.416911095380783081e-02,2.146088361740112305e+00,8.599857799708843231e-03
5.984001159667968750e-01,4.038355350494384766e+00,2.795595489442348480e-02
2.305560559034347534e-01,1.434797048568725586e+00,3.988909069448709488e-03
3.133936822414398193e-01,1.796000719070434570e+00,1.817112229764461517e-02
2.139756530523300171e-01,3.842599153518676758e+00,9.110282175242900848e-03
2.229356318712234497e-01,3.886309146881103516e+00,1.206944603472948074e-02
1.727534234523773193e-01,3.907647848129272461e+00,2.138644456863403320e-02
1.312337815761566162e-01,4.178337574005126953e+00,9.158088825643062592e-03
9.785893559455871582e-02,1.481492161750793457e+00,4.767251200973987579e-03
5.668833851814270020e-02,6.048700809478759766e-01,1.191135402768850327e-02
9.925303608179092407e-02,2.132097005844116211e+00,1.234620902687311172e-02
5.938300862908363342e-02,1.407429099082946777e+00,6.585974246263504028e-03
5.284567177295684814e-02,1.074739575386047363e+00,3.931286279112100601e-03
4.202755168080329895e-02,3.043808698654174805e+00,2.246997877955436707e-02
2.731437981128692627e-01,2.079124689102172852e+00,3.094671666622161865e-02
4.437971487641334534e-02,5.989599823951721191e-01,1.140144094824790955e-02
2.449191547930240631e-02,7.588995099067687988e-01,1.045467797666788101e-02
6.799841672182083130e-02,4.080660820007324219e+00,1.189197599887847900e-02
2.091551944613456726e-02,7.669482827186584473e-01,5.330492742359638214e-03
2.200168371200561523e-02,6.941546797752380371e-01,6.305938586592674255e-03
1.011674329638481140e-01,6.947394013404846191e-01,4.911676421761512756e-02
6.494359672069549561e-02,3.388629198074340820e+00,1.389987766742706299e-02
2.430186271667480469e-01,3.952355146408081055e+00,9.511546231806278229e-03
2.220609635114669800e-01,1.694922447204589844e+00,5.965366028249263763e-03
7.867929339408874512e-02,3.918799638748168945e+00,8.910776115953922272e-03
1.364339739084243774e-01,4.163460254669189453e+00,1.636098884046077728e-02
1.317058652639389038e-01,1.324334859848022461e+00,9.165758267045021057e-03
2.339786142110824585e-01,3.217806100845336914e+00,1.991391927003860474e-02
8.695161342620849609e-02,4.194958686828613281e+00,1.362740900367498398e-02
9.861979633569717407e-02,1.138768315315246582e+00,4.636360332369804382e-03
1.170429363846778870e-01,1.839360594749450684e+00,6.125656422227621078e-03
7.371011376380920410e-02,4.554047584533691406e+00,1.097911223769187927e-02
3.177145868539810181e-02,4.577397823333740234e+00,1.130557339638471603e-02
1.399036496877670288e-01,3.918676137924194336e+00,1.206131651997566223e-02
2.478041201829910278e-01,3.791212797164916992e+00,9.800426661968231201e-03
4.864475131034851074e-01,2.262471675872802734e+00,6.162776611745357513e-03
1.435867249965667725e-01,3.008868217468261719e+00,2.839531004428863525e-02
2.743632495403289795e-01,9.161925315856933594e-01,4.112130962312221527e-03
1.926773488521575928e-01,4.262567996978759766e+00,1.223755907267332077e-02
9.890261292457580566e-02,6.407009363174438477e-01,2.910130424425005913e-03
1.472191512584686279e-01,1.990497112274169922e+00,2.121935412287712097e-02
8.524417877197265625e-02,9.819384217262268066e-01,5.699339788407087326e-03
3.406292945146560669e-02,3.735848903656005859e+00,9.883307851850986481e-03
1.701750904321670532e-01,7.775594592094421387e-01,1.285729836672544479e-02
7.800463587045669556e-02,3.795141220092773438e+00,1.274108141660690308e-02
9.443213045597076416e-02,2.214775562286376953e+00,1.394119020551443100e-02
5.503630638122558594e-02,3.139046192169189453e+00,6.595075130462646484e-03
2.777930349111557007e-02,4.245233058929443359e+00,1.371371559798717499e-02
2.534094452857971191e-01,1.033180356025695801e+00,1.052815094590187073e-02
7.148660719394683838e-02,4.053354263305664062e+00,1.294058840721845627e-02
1.108102500438690186e-01,2.451728343963623047e+00,1.355899777263402939e-02
1.558238565921783447e-01,4.303898334503173828e+00,1.276291348040103912e-02
2.847025990486145020e-01,2.169328927993774414e+00,4.671383649110794067e-03
1.219865456223487854e-01,1.927765250205993652e+00,5.447322968393564224e-03
1.939780116081237793e-01,2.528610706329345703e+00,8.426835760474205017e-03
2.432575076818466187e-02,1.920789182186126709e-01,1.857530092820525169e-03
1.023776158690452576e-01,1.930756211280822754e+00,5.912293680012226105e-03
2.464348524808883667e-01,4.236184120178222656e+00,1.156101562082767487e-02
1.290274709463119507e-01,1.533977150917053223e+00,9.144181385636329651e-03
4.648834094405174255e-02,2.453174591064453125e+00,1.304080151021480560e-02
2.729751169681549072e-01,1.315021157264709473e+00,8.581348694860935211e-03
9.795690327882766724e-02,7.336390614509582520e-01,4.656095989048480988e-03
3.608712181448936462e-02,7.620876431465148926e-01,4.128901287913322449e-03
2.020597010850906372e-01,1.947757005691528320e+00,2.131731808185577393e-02
7.891248911619186401e-02,1.958930015563964844e+00,7.987941615283489227e-03
2.111121565103530884e-01,1.488686442375183105e+00,4.087281879037618637e-03
1.135064437985420227e-01,2.508006095886230469e+00,1.506782602518796921e-02
7.280551642179489136e-02,4.943247795104980469e+00,2.010918222367763519e-02
1.299549043178558350e-01,4.842650890350341797e+00,1.506419572979211807e-02
6.889616698026657104e-02,1.677029252052307129e+00,4.921815358102321625e-03
1.151296496391296387e-01,1.997024297714233398e+00,5.796332377940416336e-03
2.313858419656753540e-01,2.547288417816162109e+00,5.985766649246215820e-03
1.889013946056365967e-01,4.153497219085693359e+00,1.429531164467334747e-02
1.644840091466903687e-01,3.761437654495239258e+00,8.829735219478607178e-03
2.724385559558868408e-01,1.383687376976013184e+00,1.552466675639152527e-02
1.141836941242218018e-01,4.177613735198974609e+00,9.631648659706115723e-03
1.057201623916625977e-01,4.720761299133300781e+00,1.082638837397098541e-02
1.832085847854614258e-01,2.242256402969360352e+00,1.138922106474637985e-02
7.604348659515380859e-02,4.004207134246826172e+00,1.164670847356319427e-02
1.295569986104965210e-01,6.945422291755676270e-01,9.981118142604827881e-03
4.632494226098060608e-02,3.486895322799682617e+00,8.983890525996685028e-03
2.283838838338851929e-01,1.774589657783508301e+00,4.373248666524887085e-03
4.064974933862686157e-02,3.802958965301513672e+00,1.050304621458053589e-02
2.719047367572784424e-01,3.574256896972656250e+00,8.717813529074192047e-03
6.940490007400512695e-02,9.172837138175964355e-01,2.928178990259766579e-03
2.518827281892299652e-02,3.272800683975219727e+00,9.468137286603450775e-03
1.989437788724899292e-01,4.778445243835449219e+00,2.627149783074855804e-02
6.678504496812820435e-02,4.377919673919677734e+00,1.054476853460073471e-02
3.270357102155685425e-02,3.709539890289306641e+00,8.799671195447444916e-03
5.296055227518081665e-02,5.953156948089599609e-01,2.677287207916378975e-03
4.849623516201972961e-02,3.328375577926635742e+00,8.965688757598400116e-03
1.058658435940742493e-01,6.195852160453796387e-01,3.102274611592292786e-03
6.188569590449333191e-02,4.584270000457763672e+00,3.160955756902694702e-02
1.974189132452011108e-01,3.115783929824829102e+00,8.363588713109493256e-03
2.508519589900970459e-01,1.449554681777954102e+00,3.313285484910011292e-02
1.871598064899444580e-01,4.409666538238525391e+00,1.142542064189910889e-02
2.057186961174011230e-01,4.905915260314941406e+00,1.155677158385515213e-02
4.965901002287864685e-02,4.468299865722656250e+00,1.632796041667461395e-02
6.578923016786575317e-02,2.065097093582153320e+00,9.004393592476844788e-03
2.137500345706939697e-01,7.010154724121093750e-01,3.537845797836780548e-03
2.110015749931335449e-01,4.438857078552246094e+00,1.785770058631896973e-02
1.234581619501113892e-01,4.033315658569335938e+00,1.077275443822145462e-02
1.579758524894714355e-01,4.583801269531250000e+00,1.115653105080127716e-02
5.097670853137969971e-02,4.354484558105468750e+00,1.731138303875923157e-02
1.806826144456863403e-01,1.997008562088012695e+00,5.481784231960773468e-03
3.357161283493041992e-01,1.956469535827636719e+00,1.103141717612743378e-02
1.953927427530288696e-02,1.060618042945861816e+00,7.925665937364101410e-03
5.761038139462471008e-02,1.644864082336425781e+00,5.024176556617021561e-03
1.250263452529907227e-01,4.817749977111816406e+00,1.185797527432441711e-02
5.729842931032180786e-02,3.907133102416992188e+00,8.656815625727176666e-03
2.074543982744216919e-01,4.738862037658691406e+00,1.048745214939117432e-02
6.718859076499938965e-02,2.399975776672363281e+00,5.521869752556085587e-03
7.015475630760192871e-02,3.666639328002929688e+00,1.247745845466852188e-02
2.653929218649864197e-02,3.973936319351196289e+00,1.177366264164447784e-02
2.478201240301132202e-01,7.872607111930847168e-01,3.159743966534733772e-03
6.877014040946960449e-02,3.923544645309448242e+00,9.521107189357280731e-03
6.804782897233963013e-02,7.688554525375366211e-01,2.316313795745372772e-03
1.061102449893951416e-01,2.413103342056274414e+00,8.359549567103385925e-03
3.516656905412673950e-02,1.621668219566345215e+00,5.844342987984418869e-03
6.232200935482978821e-02,2.230147600173950195e+00,7.440703921020030975e-03
2.706949114799499512e-01,7.297129034996032715e-01,3.448931733146309853e-03
3.807086497545242310e-02,1.552415251731872559e+00,5.315358284860849380e-03
4.969053342938423157e-02,4.602276325225830078e+00,1.219640020281076431e-02
3.464229404926300049e-02,1.492819547653198242e+00,6.580503657460212708e-03
6.716623902320861816e-02,4.686856269836425781e+00,1.190020795911550522e-02
6.076423451304435730e-02,1.279647946357727051e+00,1.100851129740476608e-02
5.103664100170135498e-02,3.180375099182128906e+00,9.080065414309501648e-03
1.807371377944946289e-01,6.432840228080749512e-01,3.312723012641072273e-03
2.530824393033981323e-02,4.672459602355957031e+00,2.828548476099967957e-02
2.444700002670288086e-01,5.412999987602233887e-01,1.278541050851345062e-03
5.560532212257385254e-02,4.554431915283203125e+00,1.172508951276540756e-02
1.064167320728302002e-01,6.808106303215026855e-01,2.748766215518116951e-03
2.438321858644485474e-01,2.005335330963134766e+00,6.498849950730800629e-03
2.107203006744384766e-02,4.859780788421630859e+00,1.720140315592288971e-02
1.579134613275527954e-01,3.272995233535766602e+00,9.678022935986518860e-03
2.746583148837089539e-02,3.638961553573608398e+00,9.574588388204574585e-03
2.621412463486194611e-02,2.624602079391479492e+00,1.357965450733900070e-02
1.024593487381935120e-01,4.150161743164062500e+00,1.311683095991611481e-02
3.938260674476623535e-02,1.340659856796264648e+00,5.736510735005140305e-03
2.694754302501678467e-02,1.591922760009765625e+00,6.981971208006143570e-03
2.657988965511322021e-01,3.781803131103515625e+00,8.420445024967193604e-03
2.733688950538635254e-01,7.067489027976989746e-01,5.152715835720300674e-03
1.759458184242248535e-01,5.165191292762756348e-01,2.948988694697618484e-03
2.418398410081863403e-01,3.935115337371826172e+00,1.150318793952465057e-02
7.860019057989120483e-02,4.257457733154296875e+00,9.620297700166702271e-03
1.016194894909858704e-01,4.301149845123291016e+00,1.240015029907226562e-02
2.524966001510620117e-02,7.358607053756713867e-01,3.597309114411473274e-03
1.719900369644165039e-01,1.355253338813781738e+00,6.979721598327159882e-03
5.633742734789848328e-02,3.060114383697509766e+00,1.072223857045173645e-02
3.625730052590370178e-02,3.867076635360717773e+00,1.062923390418291092e-02
1.553384065628051758e-01,2.764136552810668945e+00,1.329424977302551270e-02
1.636203527450561523e-01,1.241360783576965332e+00,8.860412985086441040e-03
2.655018866062164307e-01,5.657566189765930176e-01,7.204128429293632507e-03
5.995531007647514343e-02,1.533091068267822266e+00,5.076890811324119568e-03
6.765649467706680298e-02,4.160630702972412109e+00,1.196299493312835693e-02
4.848007485270500183e-02,1.479074001312255859e+00,5.987863056361675262e-03
3.608290106058120728e-02,4.205749988555908203e+00,1.003076415508985519e-02
1.371165513992309570e-01,1.688773512840270996e+00,6.859516259282827377e-03
1.506047397851943970e-01,3.242099523544311523e+00,1.488549821078777313e-02
1.266019418835639954e-02,2.883305788040161133e+00,7.275965064764022827e-03
2.709683477878570557e-01,2.784322738647460938e+00,7.115879096090793610e-03
3.251536190509796143e-02,3.738997936248779297e+00,9.245826862752437592e-03
7.963303476572036743e-02,1.885353326797485352e+00,1.053868327289819717e-02
1.803061217069625854e-01,3.770480632781982422e+00,3.119300678372383118e-02
1.443740278482437134e-01,1.822718501091003418e+00,8.309033699333667755e-03
8.780115842819213867e-02,2.460243940353393555e+00,9.664371609687805176e-03
2.259896546602249146e-01,1.633696198463439941e+00,1.429694797843694687e-02
1.915555819869041443e-02,1.835806369781494141e+00,6.442761048674583435e-03
2.052199542522430420e-01,7.613055706024169922e-01,2.932320581749081612e-03
5.847764387726783752e-02,2.111331462860107422e+00,8.289605379104614258e-03
1.723219901323318481e-01,3.120515644550323486e-01,5.449470598250627518e-03
1.251359432935714722e-01,2.892734110355377197e-01,7.759955711662769318e-03
2.908122837543487549e-01,3.753694534301757812e+00,1.693547889590263367e-02
9.607347100973129272e-02,3.480736494064331055e+00,1.156086195260286331e-02
1.339474767446517944e-01,2.656860113143920898e+00,8.825594559311866760e-03
5.542680248618125916e-02,4.430959224700927734e+00,1.889516599476337433e-02
3.384804353117942810e-02,3.151661634445190430e+00,1.129258610308170319e-02
2.540333569049835205e-01,7.312720417976379395e-01,1.056465785950422287e-02
2.352811694145202637e-01,4.791581153869628906e+00,1.164450962096452713e-02
2.216099649667739868e-01,1.571007609367370605e+00,5.982238799333572388e-03
1.513163298368453979e-01,6.033484339714050293e-01,1.945574884302914143e-03
4.720438644289970398e-02,1.730895876884460449e+00,8.126604370772838593e-03
6.775781512260437012e-02,1.124137282371520996e+00,4.767916165292263031e-03
8.299797028303146362e-02,2.261754274368286133e+00,1.349713094532489777e-02
4.112104699015617371e-02,3.826826333999633789e+00,1.345085911452770233e-02
8.912643045186996460e-02,7.076153159141540527e-01,4.274466540664434433e-03
1.510251760482788086e-01,3.760176897048950195e+00,8.563403040170669556e-03
2.340954244136810303e-01,4.100455284118652344e+00,1.094756554812192917e-02
7.495126873254776001e-02,1.217264294624328613e+00,6.752605084329843521e-03
1.756880581378936768e-01,4.562189102172851562e+00,1.230218727141618729e-02
2.328152805566787720e-01,3.533410072326660156e+00,1.902079023420810699e-02
1.135591790080070496e-01,4.173371791839599609e+00,1.382824499160051346e-02
8.119125664234161377e-02,2.717834472656250000e+00,5.873333197087049484e-03
5.360081791877746582e-02,6.889312863349914551e-01,7.453946396708488464e-03
3.115368634462356567e-02,6.592922806739807129e-01,4.811018239706754684e-03
1.934077143669128418e-01,3.972301483154296875e+00,2.469722554087638855e-02
2.257194221019744873e-01,1.559371471405029297e+00,5.496816243976354599e-03
6.966778635978698730e-02,3.172585964202880859e+00,1.543692871928215027e-02
7.100004702806472778e-02,2.442086219787597656e+00,6.695851217955350876e-03
1.945410519838333130e-01,9.582257866859436035e-01,1.165090128779411316e-02
2.779584378004074097e-02,4.814645349979400635e-01,3.311495995149016380e-03
5.156140029430389404e-02,1.623600602149963379e+00,4.539010114967823029e-03
2.217528074979782104e-01,1.263747662305831909e-01,3.694454906508326530e-03
1.660381853580474854e-01,5.680567622184753418e-01,3.812461625784635544e-03
2.090517245233058929e-02,4.901746809482574463e-01,9.383364580571651459e-03
8.545903116464614868e-02,8.635672926902770996e-01,5.772148258984088898e-03
9.692277759313583374e-02,1.569467902183532715e+00,2.365280501544475555e-02
8.669911324977874756e-02,5.293040275573730469e-01,4.175275564193725586e-03
1.297947950661182404e-02,8.652312159538269043e-01,4.825999028980731964e-03
1.830124855041503906e-01,4.540202140808105469e+00,1.515121757984161377e-02
8.062521368265151978e-02,7.187465429306030273e-01,3.192671341821551323e-03
6.993561238050460815e-02,1.512680053710937500e-01,2.702391706407070160e-03
1.220460310578346252e-01,3.971637189388275146e-01,8.866088464856147766e-03
2.303751856088638306e-01,4.380960762500762939e-01,1.010270323604345322e-02
2.386701256036758423e-01,1.476607441902160645e+00,5.985357798635959625e-03
1.960101723670959473e-01,2.117335319519042969e+00,1.075997203588485718e-02
2.900357171893119812e-02,4.832328319549560547e+00,1.236942224204540253e-02
3.830024972558021545e-02,3.907289028167724609e+00,9.962097741663455963e-03
3.331796824932098389e-01,9.985877275466918945e-01,3.594036912545561790e-03
5.020439624786376953e-02,4.019884109497070312e+00,8.604664355516433716e-03
1.515009701251983643e-01,1.854823708534240723e+00,6.938050966709852219e-03
2.657919004559516907e-02,1.096397563815116882e-01,3.121601417660713196e-03
1.564281731843948364e-01,3.791082143783569336e+00,9.094330482184886932e-03
2.071763277053833008e-01,3.731615066528320312e+00,2.906290628015995026e-02
1.694157868623733521e-01,7.694708108901977539e-01,1.110499259084463120e-02
1.440327316522598267e-01,1.057334780693054199e+00,4.148534964770078659e-03
1.519656628370285034e-01,4.168357849121093750e+00,9.659002535045146942e-03
2.778745591640472412e-01,2.275320529937744141e+00,2.179680950939655304e-02
1.435042768716812134e-01,3.873428106307983398e+00,1.191713195294141769e-02
1.858166009187698364e-01,4.327292919158935547e+00,1.107247453182935715e-02
5.597931519150733948e-02,3.776556625962257385e-02,1.948795979842543602e-03
9.463809430599212646e-02,3.829202413558959961e+00,2.849444933235645294e-02
2.429467625916004181e-02,3.347701072692871094e+00,8.031656965613365173e-03
8.297873288393020630e-02,3.937303781509399414e+00,3.868606686592102051e-02
4.247345030307769775e-02,7.262398600578308105e-01,3.860523225739598274e-03
7.361630350351333618e-02,3.924321413040161133e+00,1.083375141024589539e-02
1.963325776159763336e-02,3.745169639587402344e+00,9.430147707462310791e-03
4.180246889591217041e-01,4.860902786254882812e+00,9.239281527698040009e-03
1.266978681087493896e-01,3.892751216888427734e+00,1.741803810000419617e-02
1.685586571693420410e-01,2.053939819335937500e+00,1.228071283549070358e-02
2.429441362619400024e-01,3.065891742706298828e+00,8.514421060681343079e-03
3.827758505940437317e-02,7.512317895889282227e-01,8.111010305583477020e-03
3.045224025845527649e-02,1.954918146133422852e+00,6.137467455118894577e-03
2.390960156917572021e-01,2.350449562072753906e+00,6.199896335601806641e-03
1.609054058790206909e-01,4.341521263122558594e-01,6.319999229162931442e-03
2.547373771667480469e-01,2.877211332321166992e+00,1.532413717359304428e-02
1.132176443934440613e-01,2.376878261566162109e+00,6.335542537271976471e-03
1.895026266574859619e-01,3.712916851043701172e+00,1.571921445429325104e-02
2.453140169382095337e-01,4.421054363250732422e+00,1.171864755451679230e-02
1.065876334905624390e-01,4.657663822174072266e+00,1.465587597340345383e-02
1.934486925601959229e-01,2.499136686325073242e+00,1.184718683362007141e-02
2.733294069766998291e-01,9.566610455513000488e-01,1.656029256992042065e-03
4.931785538792610168e-02,2.404539823532104492e+00,6.802302785217761993e-03
1.072825044393539429e-01,3.922379255294799805e+00,9.035326540470123291e-03
8.739214390516281128e-02,3.170375585556030273e+00,1.835876703262329102e-02
2.970100194215774536e-02,3.929370880126953125e+00,1.565468870103359222e-02
2.546776458621025085e-02,1.012984275817871094e+00,2.847241237759590149e-03
1.769413948059082031e-01,1.732310205698013306e-01,3.258474869653582573e-03
1.163009405136108398e-01,4.202630043029785156e+00,1.210881583392620087e-02
4.487700015306472778e-02,1.490485906600952148e+00,4.410419613122940063e-03
1.347241103649139404e-01,2.451413631439208984e+00,6.461985409259796143e-03
2.277638763189315796e-01,2.296655923128128052e-01,1.239989534951746464e-03
4.258736595511436462e-02,4.124491691589355469e+00,1.105038635432720184e-02
9.490678459405899048e-02,1.522194743156433105e+00,5.540071986615657806e-03
5.589270219206809998e-02,1.976631760597229004e+00,1.109323278069496155e-02
1.936631649732589722e-01,2.602227210998535156e+00,2.327393554151058197e-02
2.271493524312973022e-01,4.122861862182617188e+00,1.079499535262584686e-02
2.301030009984970093e-01,8.584849834442138672e-01,3.727075411006808281e-03
2.408453077077865601e-02,1.004271864891052246e+00,3.623129567131400108e-03
2.133883237838745117e-01,4.043986797332763672e+00,8.791184052824974060e-03
4.863617196679115295e-02,4.101531028747558594e+00,1.071226783096790314e-02
7.217957079410552979e-02,2.249060153961181641e+00,5.796690005809068680e-03
7.435525953769683838e-02,3.982974767684936523e+00,1.152486726641654968e-02
2.056789100170135498e-01,4.315379619598388672e+00,9.270726703107357025e-03
7.421774417161941528e-02,4.081480979919433594e+00,1.788750849664211273e-02
9.931220859289169312e-02,4.220304965972900391e+00,1.553908549249172211e-02
1.653836369514465332e-01,3.015976667404174805e+00,7.000224664807319641e-03
8.698095381259918213e-02,2.352433919906616211e+00,1.198513340204954147e-02
1.389585584402084351e-01,9.386646747589111328e-01,1.416876725852489471e-02
1.046327874064445496e-01,6.783917546272277832e-01,1.100886985659599304e-02
2.641780972480773926e-01,1.528521180152893066e+00,4.721030592918395996e-03
1.401578169316053391e-02,1.791417479515075684e+00,6.651419680565595627e-03
2.601232230663299561e-01,2.879618644714355469e+00,9.721074253320693970e-03
4.417524486780166626e-02,4.036597311496734619e-01,3.478944767266511917e-03
9.050686657428741455e-02,2.304898977279663086e+00,1.358926668763160706e-02
3.400133550167083740e-02,8.443272113800048828e-01,4.466201644390821457e-03
5.548023059964179993e-02,1.383556723594665527e-01,3.581407945603132248e-03
2.390386536717414856e-02,3.728147506713867188e+00,8.327133953571319580e-03
4.387502372264862061e-02,4.266642570495605469e+00,1.273095794022083282e-02
2.486768364906311035e-01,1.637414842844009399e-01,1.966911181807518005e-02
8.834304660558700562e-02,8.186426162719726562e-01,7.956343702971935272e-03
4.496246948838233948e-02,8.924903273582458496e-01,7.165628019720315933e-03
2.361073791980743408e-01,3.963629245758056641e+00,2.601871453225612640e-02
2.659886181354522705e-01,2.773848533630371094e+00,3.636571392416954041e-02
3.219195827841758728e-02,3.720841646194458008e+00,8.466614410281181335e-03
3.193599730730056763e-02,4.495302200317382812e+00,1.897339336574077606e-02
3.148895874619483948e-02,4.317933559417724609e+00,1.537429541349411011e-02
1.318800598382949829e-01,3.896567106246948242e+00,1.780754141509532928e-02
4.244279116392135620e-02,2.872320890426635742e+00,8.521527983248233795e-03
5.366411060094833374e-02,6.516538262367248535e-01,4.437773954123258591e-03
6.504909694194793701e-02,6.173312067985534668e-01,1.314873620867729187e-02
1.870627850294113159e-01,4.099845409393310547e+00,1.929469034075737000e-02
8.660741150379180908e-02,4.068150043487548828e+00,1.026028394699096680e-02
4.125953093171119690e-02,1.933869421482086182e-01,6.065988563932478428e-04
6.700298190116882324e-02,1.549857497215270996e+00,5.531635601073503494e-03
5.388273298740386963e-02,2.398546934127807617e+00,2.673631533980369568e-02
2.662887983024120331e-02,9.403936266899108887e-01,3.721297951415181160e-03
2.306598871946334839e-01,1.726978540420532227e+00,3.298355732113122940e-03
2.270484864711761475e-01,1.461959779262542725e-01,7.917433977127075195e-03
1.248531267046928406e-01,1.970841169357299805e+00,5.116925109177827835e-03
8.328631520271301270e-02,3.447776317596435547e+00,7.529413327574729919e-03
4.018824547529220581e-02,3.706890344619750977e+00,1.232207659631967545e-02
9.274043887853622437e-02,1.798920392990112305e+00,3.853467293083667755e-03
2.628853321075439453e-01,9.967638850212097168e-01,1.462688576430082321e-02
7.095164060592651367e-02,4.537291526794433594e+00,1.326745841652154922e-02
3.602103143930435181e-02,2.724195241928100586e+00,8.808516897261142731e-03
8.126042783260345459e-02,8.094300031661987305e-01,5.823328625410795212e-03
5.450369045138359070e-02,1.192762106657028198e-01,2.724172780290246010e-03
4.024530574679374695e-02,1.936915159225463867e+00,5.625662393867969513e-03
8.272155374288558960e-02,3.214188098907470703e+00,8.101550862193107605e-03
8.071432262659072876e-02,4.370558261871337891e+00,9.797716513276100159e-03
6.941296160221099854e-02,1.926306366920471191e+00,5.822357255965471268e-03
1.822616606950759888e-01,4.459736347198486328e+00,1.309326011687517166e-02
2.110055088996887207e-01,3.705809593200683594e+00,9.338115341961383820e-03
1.010067015886306763e-01,9.305262565612792969e-01,3.615357913076877594e-03
2.340801358222961426e-01,1.323545217514038086e+00,1.696544140577316284e-02
1.362789422273635864e-01,2.690093517303466797e+00,7.559119723737239838e-03
3.390787169337272644e-02,2.060173273086547852e+00,6.714104674756526947e-03
2.011018544435501099e-01,1.982214689254760742e+00,6.123458035290241241e-03
2.203625142574310303e-01,3.656961679458618164e+00,1.135501544922590256e-02
3.551859036087989807e-02,1.740029811859130859e+00,8.818537928164005280e-03
4.467394575476646423e-02,1.806044578552246094e+00,8.394164964556694031e-03
1.581214517354965210e-01,3.923520326614379883e+00,9.315719828009605408e-03
3.030611015856266022e-02,8.605251908302307129e-01,3.065921599045395851e-03
4.968053475022315979e-02,4.379332065582275391e+00,1.063368190079927444e-02
2.582746744155883789e-02,3.440651893615722656e+00,8.556142449378967285e-03
2.749804556369781494e-01,4.021724224090576172e+00,1.120796706527471542e-02
1.250481456518173218e-01,7.531173825263977051e-01,4.492737818509340286e-03
2.558001875877380371e-02,5.378968715667724609e-01,3.833884838968515396e-03
6.837019324302673340e-02,1.363520383834838867e+00,1.023845188319683075e-02
2.217381000518798828e-01,3.580916672945022583e-02,8.923608809709548950e-03
7.217898219823837280e-02,3.991947650909423828e+00,1.103837136179208755e-02
7.196880131959915161e-02,3.716559708118438721e-01,3.124157898128032684e-03
8.587901294231414795e-02,3.224165916442871094e+00,1.581871137022972107e-02
8.771094679832458496e-02,5.550177022814750671e-02,1.167488098144531250e-02
3.896785154938697815e-02,4.510230541229248047e+00,3.207897767424583435e-02
1.640530675649642944e-01,4.461995601654052734e+00,1.354120485484600067e-02
2.257610559463500977e-01,2.924631357192993164e+00,1.045789942145347595e-02
1.438093036413192749e-01,3.275542974472045898e+00,1.211265008896589279e-02
2.652435004711151123e-01,5.400338768959045410e-01,6.479420699179172516e-03
1.472630202770233154e-01,5.830442160367965698e-02,6.430540815927088261e-04
9.658709168434143066e-02,1.243369579315185547e+00,5.758292041718959808e-03
1.714195311069488525e-01,2.273505687713623047e+00,2.780675888061523438e-02
1.664763987064361572e-01,3.917132377624511719e+00,1.198651455342769623e-02
2.190347947180271149e-02,5.205388069152832031e-01,6.728471722453832626e-03
9.650653600692749023e-02,9.748927354812622070e-01,3.708362113684415817e-03
1.245291009545326233e-01,6.558395624160766602e-01,1.734870672225952148e-02
2.181096374988555908e-01,4.715648174285888672e+00,1.175551116466522217e-02
1.562307309359312057e-02,1.677848696708679199e+00,5.515376571565866470e-03
1.471213549375534058e-01,5.569281056523323059e-02,2.447562874294817448e-04
2.133497744798660278e-01,4.087653160095214844e+00,1.350812427699565887e-02
5.913356542587280273e-01,1.563414096832275391e+00,8.953980170190334320e-03
1.139669045805931091e-01,3.859740257263183594e+00,8.244048804044723511e-03
2.520722448825836182e-01,1.403984785079956055e+00,3.892888082191348076e-03
7.513376325368881226e-02,4.702626466751098633e-01,1.033314410597085953e-02
5.588578432798385620e-02,2.165346622467041016e+00,6.902925204485654831e-03
4.384312033653259277e-02,2.691127538681030273e+00,7.658770773559808731e-03
1.751484274864196777e-01,1.811627626419067383e+00,1.998319849371910095e-02
8.392834663391113281e-02,1.858631491661071777e+00,1.039286237210035324e-02
8.734591305255889893e-02,4.327643871307373047e+00,1.094776950776576996e-02
1.565776914358139038e-01,2.796230077743530273e+00,8.188624866306781769e-03
9.354978054761886597e-02,1.379919886589050293e+00,7.961865514516830444e-03
1.590290069580078125e-01,4.875310420989990234e+00,1.032138429582118988e-02
2.391140908002853394e-02,2.347862005233764648e+00,5.852881353348493576e-03
3.755395859479904175e-02,5.898115038871765137e-01,3.896927228197455406e-03
1.365654617547988892e-01,4.494547843933105469e+00,1.450775470584630966e-02
1.323383599519729614e-01,2.673499584197998047e+00,6.190555170178413391e-02
7.352744042873382568e-02,9.087082743644714355e-01,4.404437262564897537e-03
4.402717575430870056e-02,1.715105056762695312e+00,1.060796435922384262e-02
6.466707587242126465e-02,7.735862731933593750e-01,3.334248438477516174e-03
1.305650621652603149e-01,4.038606166839599609e+00,8.196395821869373322e-03
8.133399486541748047e-02,6.749602556228637695e-01,2.347247209399938583e-03
2.011155486106872559e-01,4.744817256927490234e+00,9.665291756391525269e-03
2.203819900751113892e-01,9.033071994781494141e-01,5.812182556837797165e-03
9.001833200454711914e-02,4.006173610687255859e+00,1.368595194071531296e-02
9.825562685728073120e-02,9.137722849845886230e-01,5.943278316408395767e-03
9.289100021123886108e-02,3.941525459289550781e+00,9.916081093251705170e-03
1.223805099725723267e-01,3.090276002883911133e+00,1.498238835483789444e-02
2.077044397592544556e-01,4.888408184051513672e+00,1.529366429895162582e-02
2.103187590837478638e-01,2.185807228088378906e+00,9.721738286316394806e-03
8.551356196403503418e-02,3.455126762390136719e+00,1.938222348690032959e-02
1.413784474134445190e-01,4.456937313079833984e+00,1.279573887586593628e-02
5.079638957977294922e-02,1.005711555480957031e+00,1.613254286348819733e-02
5.536524578928947449e-02,3.715998828411102295e-01,2.132212370634078979e-02
1.821399331092834473e-01,1.091711282730102539e+00,3.539277240633964539e-03
1.958199143409729004e-01,3.547451496124267578e+00,1.155590265989303589e-02
1.915208697319030762e-01,8.879706859588623047e-01,1.954067498445510864e-02
1.956552118062973022e-01,3.996110439300537109e+00,1.053735427558422089e-02
3.129430115222930908e-01,6.202221512794494629e-01,1.705164555460214615e-03
4.634798690676689148e-02,1.315923094749450684e+00,7.334099151194095612e-03
8.203263580799102783e-02,4.580296993255615234e+00,2.582697942852973938e-02
6.642939150333404541e-02,1.025534987449645996e+00,5.386939272284507751e-03
1.142998635768890381e-01,3.424099683761596680e+00,8.682994171977043152e-03
1.736833900213241577e-01,2.585420131683349609e+00,9.253546595573425293e-03
2.976318448781967163e-02,4.507770538330078125e+00,1.521385088562965393e-02
6.324872374534606934e-02,2.522628545761108398e+00,6.197646725922822952e-03
3.212257847189903259e-02,2.267802715301513672e+00,1.283971033990383148e-02
1.985320299863815308e-01,4.081309318542480469e+00,9.418490342795848846e-03
1.510694622993469238e-01,3.812843799591064453e+00,1.185639016330242157e-02
1.999987214803695679e-01,1.070036530494689941e+00,6.414179690182209015e-03
8.917076140642166138e-02,6.314212679862976074e-01,4.053178709000349045e-03
1.282906979322433472e-01,7.613788843154907227e-01,7.409157231450080872e-03
5.611686408519744873e-02,4.159649848937988281e+00,1.348818372935056686e-02
1.456513702869415283e-01,1.632852554321289062e+00,4.564063157886266708e-03
1.209061592817306519e-01,9.806002974510192871e-01,7.680142764002084732e-03
2.997554466128349304e-02,3.591670036315917969e+00,1.061307732015848160e-02
1.579311788082122803e-01,3.279973983764648438e+00,1.008884795010089874e-02
2.042586356401443481e-01,3.483735799789428711e+00,1.278822310268878937e-02
1.931270211935043335e-01,8.253909349441528320e-01,9.108185768127441406e-03
1.346718966960906982e-01,6.859442591667175293e-01,7.051609456539154053e-03
2.643203139305114746e-01,7.552052736282348633e-01,4.112335387617349625e-03
5.424565449357032776e-02,3.967886686325073242e+00,1.096474472433328629e-02
1.459845751523971558e-01,4.193659782409667969e+00,1.019402034580707550e-02
5.629036575555801392e-02,2.255723237991333008e+00,5.367510020732879639e-03
1.751839965581893921e-01,2.431384801864624023e+00,1.088774390518665314e-02
2.299329787492752075e-01,3.803694486618041992e+00,2.728830836713314056e-02
1.168282255530357361e-01,1.593864917755126953e+00,5.383820738643407822e-03
6.766601651906967163e-02,1.096576571464538574e+00,4.709935281425714493e-03
5.072815343737602234e-02,4.921342849731445312e+00,1.537398807704448700e-02
3.276315703988075256e-02,4.169245243072509766e+00,1.248563919216394424e-02
6.777369976043701172e-02,4.203620433807373047e+00,1.208948902785778046e-02
2.358919680118560791e-01,3.945720195770263672e+00,1.146039273589849472e-02
8.234628289937973022e-02,2.260184526443481445e+00,5.177973769605159760e-03
8.849751949310302734e-02,5.125492215156555176e-01,5.277471616864204407e-03
1.265576183795928955e-01,3.896576404571533203e+00,1.040007174015045166e-02
2.470279484987258911e-01,2.675107240676879883e+00,2.259764820337295532e-02
1.014106646180152893e-01,7.611871957778930664e-01,9.001274593174457550e-03
2.021326869726181030e-01,4.149199008941650391e+00,9.812135249376296997e-03
1.670579910278320312e-01,3.456699848175048828e+00,8.061517030000686646e-03
1.810103058815002441e-01,2.074146270751953125e+00,1.227426994591951370e-02
3.402628377079963684e-02,9.347490072250366211e-01,1.352918986231088638e-02
8.715262264013290405e-02,3.039405584335327148e+00,2.451970428228378296e-02
2.575947046279907227e-01,1.049296259880065918e+00,1.288173813372850418e-02
4.328310117125511169e-02,2.435977935791015625e+00,1.333663612604141235e-02
8.331593871116638184e-02,2.726032495498657227e+00,1.733566820621490479e-02
2.712016403675079346e-01,1.845454931259155273e+00,7.600432261824607849e-03
3.028804808855056763e-02,1.369213700294494629e+00,5.351199768483638763e-03
4.520849883556365967e-02,1.613989710807800293e+00,7.597415708005428314e-03
3.581562265753746033e-02,3.992093563079833984e+00,1.710221171379089355e-02
2.057534754276275635e-01,5.457065701484680176e-01,3.670986508950591087e-03
2.173735052347183228e-01,4.877647876739501953e+00,1.007131021469831467e-02
6.355593353509902954e-02,4.107736110687255859e+00,1.048888359218835831e-02
6.827642023563385010e-02,4.250698566436767578e+00,1.478988677263259888e-02
9.034620225429534912e-02,3.600602388381958008e+00,1.506409328430891037e-02
1.828643530607223511e-01,3.153975248336791992e+00,1.567462831735610962e-02
8.874292671680450439e-02,3.053354263305664062e+00,7.983391173183917999e-03
1.957355886697769165e-01,4.675233840942382812e+00,1.352070178836584091e-02
1.770934462547302246e-01,4.182005882263183594e+00,2.305050007998943329e-02
1.279183626174926758e-01,3.271619796752929688e+00,9.418899193406105042e-03
2.250423282384872437e-01,9.195061922073364258e-01,8.345438167452812195e-03
6.177874207496643066e-01,1.643754720687866211e+00,2.104587154462933540e-03
2.082921750843524933e-02,9.059345722198486328e-01,9.674801491200923920e-03
2.037939578294754028e-01,1.922783851623535156e+00,1.282723434269428253e-02
2.487934827804565430e-01,3.217008113861083984e+00,1.121952198445796967e-02
2.570846378803253174e-01,3.166588306427001953e+00,7.691646926105022430e-03
1.643355935811996460e-01,1.893641471862792969e+00,5.756860598921775818e-03
1.517669707536697388e-01,6.462388634681701660e-01,7.633717264980077744e-03
1.540041714906692505e-01,7.544332742691040039e-01,8.062181062996387482e-03
6.439973413944244385e-02,1.204244941473007202e-01,1.769996597431600094e-03
4.207523539662361145e-02,4.493910312652587891e+00,9.890004992485046387e-03
4.992677271366119385e-02,4.128903865814208984e+00,1.313513517379760742e-02
1.893654614686965942e-01,4.158788204193115234e+00,1.691374927759170532e-02
1.861765831708908081e-01,1.462174654006958008e+00,5.078271497040987015e-03
2.131496071815490723e-01,1.656587600708007812e+00,4.186575300991535187e-03
3.239030763506889343e-02,1.555185556411743164e+00,7.270800881087779999e-03
4.882292449474334717e-02,1.915086388587951660e+00,7.522357627749443054e-03
6.370787322521209717e-02,8.973015546798706055e-01,4.827226046472787857e-03
8.310367912054061890e-02,1.705215573310852051e+00,9.399674832820892334e-03
3.187052905559539795e-02,8.750012516975402832e-01,3.621237818151712418e-03
2.040508091449737549e-01,2.738041877746582031e+00,7.783475331962108612e-03
1.514036953449249268e-01,3.959902286529541016e+00,1.341169420629739761e-02
6.673919409513473511e-02,1.218728542327880859e+00,5.912446882575750351e-03
6.014663353562355042e-02,4.826459884643554688e+00,1.944833435118198395e-02
2.305232584476470947e-01,2.917863845825195312e+00,8.574497886002063751e-03
6.717388331890106201e-02,3.888684749603271484e+00,1.038800552487373352e-02
1.377986222505569458e-01,1.233415678143501282e-01,1.226900378242135048e-03
1.691057831048965454e-01,8.194871544837951660e-01,6.015268154442310333e-03
8.777437359094619751e-02,4.522138118743896484e+00,1.827143877744674683e-02
2.174825966358184814e-01,3.838068246841430664e+00,1.380048226565122604e-02
2.060644142329692841e-02,1.361586809158325195e+00,4.242306109517812729e-03
3.923429921269416809e-02,3.975173711776733398e+00,9.562931023538112640e-03
5.290570855140686035e-02,8.504167199134826660e-01,3.184797475114464760e-03
3.068394586443901062e-02,1.344907581806182861e-01,8.383682928979396820e-03
1.530389487743377686e-01,2.676233947277069092e-01,5.934483837336301804e-03
6.437595933675765991e-02,4.012636661529541016e+00,1.436597295105457306e-02
3.419615328311920166e-02,4.136178493499755859e+00,1.777471601963043213e-02
1.822013556957244873e-01,2.587265014648437500e+00,5.692488513886928558e-03
2.154204845428466797e-01,2.279329299926757812e+00,7.997605018317699432e-03
1.351696997880935669e-01,4.388842582702636719e+00,1.497456524521112442e-02
4.787351191043853760e-02,6.173815131187438965e-01,3.479507053270936012e-03
5.523185059428215027e-02,1.492237329483032227e+00,1.966271921992301941e-02
1.150835901498794556e-01,7.523047924041748047e-01,6.797598674893379211e-03
7.769244164228439331e-02,4.165268421173095703e+00,1.510182674974203110e-02
3.871386498212814331e-02,8.615696430206298828e-01,5.013336893171072006e-03
1.676702201366424561e-01,6.828438043594360352e-01,2.793862251564860344e-03
2.088131308555603027e-01,4.860962867736816406e+00,1.011625304818153381e-02
1.144608333706855774e-01,1.453812718391418457e+00,4.616368561983108521e-03
4.805708304047584534e-02,2.492398470640182495e-01,5.646932404488325119e-03
8.055797964334487915e-02,1.881764292716979980e+00,5.022233817726373672e-03
8.721746504306793213e-02,3.843214750289916992e+00,1.009488105773925781e-02
8.179024606943130493e-02,3.715388774871826172e+00,7.957212626934051514e-03
1.125950887799263000e-01,4.031909406185150146e-01,1.324373390525579453e-02
4.991926252841949463e-02,3.983421087265014648e+00,1.036392338573932648e-02
1.338869929313659668e-01,1.495416164398193359e+00,4.192659631371498108e-03
2.042511701583862305e-01,5.063825845718383789e-01,3.208112437278032303e-03
2.091568112373352051e-01,4.505187988281250000e+00,9.895834140479564667e-03
2.675817608833312988e-01,2.621586322784423828e+00,1.288332324475049973e-02
7.886417955160140991e-02,2.776765584945678711e+00,7.319476455450057983e-03
5.901572853326797485e-02,4.035497188568115234e+00,1.838627457618713379e-02
4.351809248328208923e-02,2.236137390136718750e+00,6.498083006590604782e-03
1.723621636629104614e-01,4.595534324645996094e+00,1.055785734206438065e-02
8.823539316654205322e-02,1.622352361679077148e+00,6.128826644271612167e-03
3.507884964346885681e-02,9.156633615493774414e-01,3.646700177341699600e-03
3.870950266718864441e-02,4.996811866760253906e+00,1.104542706161737442e-02
8.775603771209716797e-02,2.544919252395629883e+00,9.082774631679058075e-03
1.185893267393112183e-01,4.639853477478027344e+00,1.077761128544807434e-02
4.066774249076843262e-02,4.346824169158935547e+00,1.025706343352794647e-02
3.960351645946502686e-02,2.750394344329833984e+00,8.616679348051548004e-03
1.669209897518157959e-01,4.714342594146728516e+00,1.492737326771020889e-02
2.344201654195785522e-01,2.857884645462036133e+00,7.865077815949916840e-03
1.501075327396392822e-01,3.080928564071655273e+00,1.199863199144601822e-02
2.277084812521934509e-02,3.988553047180175781e+00,9.904066100716590881e-03
6.592173129320144653e-02,4.518746376037597656e+00,1.273591723293066025e-02
2.549735009670257568e-01,5.358573794364929199e-01,8.699355646967887878e-03
1.635618358850479126e-01,3.693907499313354492e+00,9.924006648361682892e-03
6.374067813158035278e-02,9.232351779937744141e-01,8.702781051397323608e-03
5.541884526610374451e-02,4.321422576904296875e+00,1.023200992494821548e-02
6.383991986513137817e-02,2.783148288726806641e+00,1.246846001595258713e-02
3.845883533358573914e-02,3.745537519454956055e+00,9.669382125139236450e-03
6.217155233025550842e-02,1.745986223220825195e+00,1.425982825458049774e-02
6.846293061971664429e-02,4.791669845581054688e+00,1.080445386469364166e-02
4.703490063548088074e-02,9.136312007904052734e-01,3.215065924450755119e-03
1.193430945277214050e-01,4.065217971801757812e+00,2.472048811614513397e-02
2.063871622085571289e-01,1.974295377731323242e+00,4.372276831418275833e-03
6.651102006435394287e-02,3.950403690338134766e+00,1.275258511304855347e-02
7.535515725612640381e-02,4.190081119537353516e+00,1.413808949291706085e-02
2.423872239887714386e-02,1.220692843198776245e-01,1.026227790862321854e-02
1.658748984336853027e-01,3.701398372650146484e+00,9.697196073830127716e-03
2.503931522369384766e-01,8.866472840309143066e-01,8.071282878518104553e-03
2.406618148088455200e-01,4.052846908569335938e+00,9.641772136092185974e-03
3.396576270461082458e-02,2.769633054733276367e+00,6.574879400432109833e-03
2.994602918624877930e-02,5.619075894355773926e-01,6.346944253891706467e-03
1.808195710182189941e-01,7.063252329826354980e-01,4.672457464039325714e-03
2.561351656913757324e-01,2.089670181274414062e+00,9.243270382285118103e-03
1.558135896921157837e-01,4.874819278717041016e+00,2.016951516270637512e-02
4.247905686497688293e-02,4.143754005432128906e+00,8.993401192128658295e-03
2.008922547101974487e-01,1.797822833061218262e+00,7.648237980902194977e-03
1.534044593572616577e-01,5.283384323120117188e-01,2.260991837829351425e-03
4.249774292111396790e-02,6.932312846183776855e-01,4.155233036726713181e-03
1.235250458121299744e-01,3.085052013397216797e+00,8.052773773670196533e-03
9.830134361982345581e-02,3.142147362232208252e-01,8.302694186568260193e-03
1.179505139589309692e-01,8.821673393249511719e-01,1.216009818017482758e-02
2.103939205408096313e-01,1.090325474739074707e+00,4.881730303168296814e-03
1.067369505763053894e-01,1.790655374526977539e+00,4.678951110690832138e-03
3.326957672834396362e-02,3.763420820236206055e+00,1.103208214044570923e-02
7.372090965509414673e-02,2.170636415481567383e+00,8.486299775540828705e-03
9.588965773582458496e-02,1.881202101707458496e+00,5.626071710139513016e-03
1.044605001807212830e-01,2.437471389770507812e+00,6.274136248975992203e-03
3.145819604396820068e-01,7.044196128845214844e-01,1.006333436816930771e-02
2.586985565721988678e-02,4.193000316619873047e+00,1.038774941116571426e-02
9.197045117616653442e-02,3.953038454055786133e+00,1.878426596522331238e-02
3.329629078507423401e-02,2.367159605026245117e+00,8.237913250923156738e-03
1.763166636228561401e-01,4.497556209564208984e+00,2.087648026645183563e-02
1.194345485419034958e-02,6.721716523170471191e-01,3.591480432078242302e-03
1.208233907818794250e-01,6.247340440750122070e-01,5.152255762368440628e-03
2.234401553869247437e-02,2.038440465927124023e+00,9.346857666969299316e-03
2.032621055841445923e-01,4.529409408569335938e+00,1.812648773193359375e-02
3.745281323790550232e-02,3.290647983551025391e+00,1.101858355104923248e-02
1.295960694551467896e-01,2.748796701431274414e+00,1.420777849853038788e-02
2.604999542236328125e-01,8.189184665679931641e-01,5.837696138769388199e-03
8.396184444427490234e-02,2.028541088104248047e+00,7.280209101736545563e-03
3.236016035079956055e-01,2.782083749771118164e+00,6.811148021370172501e-03
2.067315429449081421e-01,4.981167316436767578e+00,1.046439260244369507e-02
1.413873434066772461e-01,8.041939139366149902e-01,9.318174794316291809e-03
4.588129371404647827e-02,4.690490245819091797e+00,1.034449413418769836e-02
8.306644856929779053e-02,1.048982262611389160e+00,9.699548594653606415e-03
2.886840701103210449e-01,1.906910061836242676e+00,1.045094616711139679e-02
2.968976199626922607e-01,4.033464431762695312e+00,1.104195043444633484e-02
3.776078298687934875e-02,1.943773746490478516e+00,6.358295213431119919e-03
2.451394796371459961e-01,2.325607061386108398e+00,1.720748841762542725e-02
2.867975272238254547e-02,4.751927852630615234e+00,2.766748331487178802e-02
1.391184031963348389e-01,4.760218620300292969e+00,1.560708694159984589e-02
9.235184639692306519e-02,8.315968513488769531e-01,7.577065844088792801e-03
2.899497151374816895e-01,9.337776899337768555e-01,3.694608341902494431e-03
1.197355315089225769e-01,1.208301782608032227e-01,1.640301756560802460e-02
7.989674806594848633e-02,1.061228960752487183e-01,4.131099674850702286e-03
4.185640439391136169e-02,3.901398181915283203e+00,9.470846503973007202e-03
2.464162260293960571e-01,3.304857015609741211e+00,2.606938406825065613e-02
1.320130079984664917e-01,3.572592973709106445e+00,1.593436673283576965e-02
1.452355086803436279e-01,7.356039881706237793e-01,5.473808385431766510e-03
2.541325092315673828e-01,8.960836529731750488e-01,2.854297170415520668e-03
2.163308858871459961e-01,3.113595485687255859e+00,3.962265327572822571e-02
1.256711184978485107e-01,2.524540662765502930e+00,6.110675632953643799e-03
3.174941837787628174e-01,5.759391784667968750e-01,3.271870780736207962e-03
5.270735919475555420e-02,3.872850656509399414e+00,1.787539012730121613e-02
5.749373137950897217e-02,5.941667556762695312e-01,4.017899278551340103e-03
2.506970763206481934e-01,1.606153249740600586e+00,1.189529895782470703e-02
1.919518858194351196e-01,5.961672663688659668e-01,1.041270140558481216e-02
1.638103276491165161e-01,8.613004684448242188e-01,2.346838125959038734e-03
2.079495042562484741e-01,4.484803676605224609e+00,1.360920723527669907e-02
1.604567021131515503e-01,3.508473932743072510e-01,1.423922274261713028e-02
5.614382028579711914e-02,2.029064655303955078e+00,6.716763135045766830e-03
2.353267520666122437e-01,4.173441886901855469e+00,1.377067342400550842e-02
8.509077876806259155e-02,4.746129989624023438e+00,1.927546598017215729e-02
2.003772109746932983e-01,4.102499961853027344e+00,1.467658393085002899e-02
1.242766305804252625e-01,4.189781665802001953e+00,9.502598084509372711e-03
8.436158299446105957e-02,4.757193088531494141e+00,2.667281217873096466e-02
1.767312884330749512e-01,3.829874515533447266e+00,1.669358648359775543e-02
3.655163943767547607e-02,3.242924451828002930e+00,1.581191085278987885e-02
1.625712066888809204e-01,4.587134361267089844e+00,1.604414172470569611e-02
6.881193816661834717e-02,4.464409828186035156e+00,1.158213149756193161e-02
9.470251947641372681e-02,4.574224472045898438e+00,1.418809406459331512e-02
2.166561335325241089e-01,1.823410987854003906e+00,5.331106018275022507e-03
6.618329137563705444e-02,4.575654506683349609e+00,1.592986658215522766e-02
2.419948875904083252e-01,2.735823392868041992e+00,7.404862437397241592e-03
1.387721896171569824e-01,2.221352100372314453e+00,6.515057757496833801e-03
5.608544498682022095e-02,4.430565357208251953e+00,1.076503377407789230e-02
8.117149770259857178e-02,8.368313908576965332e-01,5.186358932405710220e-03
2.250087261199951172e-02,4.518149793148040771e-01,3.473524935543537140e-03
3.722872212529182434e-02,2.580363988876342773e+00,9.538900107145309448e-03
1.707538664340972900e-01,4.245803833007812500e+00,1.225121133029460907e-02
1.941955983638763428e-01,2.842400312423706055e+00,1.645394228398799896e-02
7.981169223785400391e-02,1.492766261100769043e+00,1.073307730257511139e-02
4.821380227804183960e-02,4.032395362854003906e+00,8.991764858365058899e-03
9.254147112369537354e-02,1.546551346778869629e+00,5.537464283406734467e-03
7.649506628513336182e-02,4.106767654418945312e+00,8.799364790320396423e-03
9.492073208093643188e-02,2.164493083953857422e+00,6.583673413842916489e-03
8.261546492576599121e-02,4.304162025451660156e+00,1.261151954531669617e-02
2.020367681980133057e-01,1.175149530172348022e-01,1.854651421308517456e-02
1.177696436643600464e-01,2.275479555130004883e+00,1.856180280447006226e-02
7.776230573654174805e-02,8.908927440643310547e-02,6.532697472721338272e-03
1.717578768730163574e-01,2.670205116271972656e+00,2.716355212032794952e-02
6.151806935667991638e-02,1.642101407051086426e+00,2.410703897476196289e-02
1.776093095541000366e-01,1.579254865646362305e-01,8.186783641576766968e-03
8.821017295122146606e-02,1.434037089347839355e+00,5.000861361622810364e-03
1.055976375937461853e-01,1.059164628386497498e-01,1.042098365724086761e-02
5.803887546062469482e-02,1.865350157022476196e-01,1.176369190216064453e-02
2.385240979492664337e-02,3.875106573104858398e+00,1.070127543061971664e-02
3.770257905125617981e-02,3.825060844421386719e+00,1.108341570943593979e-02
3.127917051315307617e-01,3.162431716918945312e+00,1.752505265176296234e-02
6.867892295122146606e-02,2.531624794006347656e+00,9.433778002858161926e-03
9.905783832073211670e-02,3.448759317398071289e-01,2.773512620478868484e-03
1.085856035351753235e-01,6.636923551559448242e-01,1.089623104780912399e-02
1.896348148584365845e-01,4.740613460540771484e+00,1.121103484183549881e-02
2.392254173755645752e-01,3.894791603088378906e+00,9.022032842040061951e-03
6.786300987005233765e-02,2.770558834075927734e+00,1.220954023301601410e-02
5.545151233673095703e-02,6.846204996109008789e-01,2.910795155912637711e-03
3.002138733863830566e-01,6.168401837348937988e-01,1.186932530254125595e-02
3.299621120095252991e-02,4.787747561931610107e-01,5.841377191245555878e-03
1.796320527791976929e-01,1.982658028602600098e+00,9.327582083642482758e-03
8.918114006519317627e-02,4.787139415740966797e+00,2.381626516580581665e-02
9.091390669345855713e-02,2.682736396789550781e+00,1.019356027245521545e-02
7.453211396932601929e-02,3.830666065216064453e+00,1.008245628327131271e-02
2.129345685243606567e-01,4.732903480529785156e+00,1.571026630699634552e-02
1.746958196163177490e-01,3.850978374481201172e+00,9.145407937467098236e-03
9.810773283243179321e-02,4.721054077148437500e+00,1.698026806116104126e-02
1.083544492721557617e-01,2.309605836868286133e+00,5.952890496701002121e-03
5.670283734798431396e-02,3.817233085632324219e+00,1.469018403440713882e-02
3.556762263178825378e-02,2.492293596267700195e+00,1.108351815491914749e-02
1.364772319793701172e-01,9.733931422233581543e-01,4.326260648667812347e-03
5.666373670101165771e-02,2.017342090606689453e+00,1.402049139142036438e-02
1.745281219482421875e-01,1.645542502403259277e+00,7.721199654042720795e-03
2.488804012537002563e-01,1.771314620971679688e+00,1.820844784379005432e-02
2.537765800952911377e-01,1.853145241737365723e+00,4.918236285448074341e-03
2.289777249097824097e-02,7.458106875419616699e-01,7.105857599526643753e-03
3.557371348142623901e-02,4.081220626831054688e+00,8.789138868451118469e-03
1.286964118480682373e-01,4.222063064575195312e+00,1.125950552523136139e-02
4.357297345995903015e-02,4.090882301330566406e+00,1.490242220461368561e-02
1.260058730840682983e-01,3.780042171478271484e+00,8.955820463597774506e-03
4.476436600089073181e-02,4.272625446319580078e+00,1.043218094855546951e-02
7.390922307968139648e-02,4.949793815612792969e+00,1.611045561730861664e-02
4.637390747666358948e-02,9.439281225204467773e-01,7.067868486046791077e-03
6.155312061309814453e-02,4.018309116363525391e+00,1.472367346286773682e-02
1.328595429658889771e-01,4.438108444213867188e+00,1.120351906865835190e-02
2.377818226814270020e-01,6.811653375625610352e-01,2.478342968970537186e-03
8.194782584905624390e-02,4.882463455200195312e+00,1.127658318728208542e-02
3.441446647047996521e-02,4.465857505798339844e+00,1.002902630716562271e-02
2.968553453683853149e-02,8.047287464141845703e-01,4.477654583752155304e-03
2.115010619163513184e-01,4.364848136901855469e+00,9.114935062825679779e-03
2.849780768156051636e-02,3.802131652832031250e+00,1.094807684421539307e-02
1.271338611841201782e-01,1.714887499809265137e+00,5.590076558291912079e-03
2.093981802463531494e-01,2.471226692199707031e+00,7.006666623055934906e-03
3.225760161876678467e-02,7.405639886856079102e-01,1.258518826216459274e-02
1.565862149000167847e-01,7.591540217399597168e-01,4.960060119628906250e-03
1.452980786561965942e-01,2.397550582885742188e+00,9.189686737954616547e-03
1.886336952447891235e-01,8.502810597419738770e-01,2.555855084210634232e-03
1.037317141890525818e-01,4.561695575714111328e+00,1.072617527097463608e-02
1.737264990806579590e-01,1.868041992187500000e+00,8.895692415535449982e-03
1.415120512247085571e-01,1.020712852478027344e+00,4.873549565672874451e-03
1.799294352531433105e-01,2.743212223052978516e+00,6.963666994124650955e-03
9.462878108024597168e-02,5.487633347511291504e-01,2.827556570991873741e-03
1.554778963327407837e-01,4.434630393981933594e+00,9.461950510740280151e-03
1.409584283828735352e-01,6.814140081405639648e-01,1.923538045957684517e-03
1.881481111049652100e-01,3.598252773284912109e+00,1.070372946560382843e-02
4.069857299327850342e-02,2.024500608444213867e+00,1.019765064120292664e-02
9.965066611766815186e-02,4.381489753723144531e+00,1.140854787081480026e-02
1.190512478351593018e-01,5.519407391548156738e-01,2.075392287224531174e-03
6.627191603183746338e-02,2.476545333862304688e+00,6.321277469396591187e-03
2.063830792903900146e-01,4.667807102203369141e+00,1.729532703757286072e-02
7.112386077642440796e-02,4.763658046722412109e+00,1.445902790874242783e-02
1.855201870203018188e-01,4.924285113811492920e-01,2.000641077756881714e-03
9.378989040851593018e-02,4.294499874114990234e+00,9.495491161942481995e-03
1.489927768707275391e-01,1.424468606710433960e-01,2.191404782934114337e-04
2.344865910708904266e-02,1.644971132278442383e+00,5.479125771671533585e-03
2.032320350408554077e-01,4.328247070312500000e+00,1.653288677334785461e-02
3.722529485821723938e-02,3.783360481262207031e+00,1.012438256293535233e-02
5.916227027773857117e-02,4.078298568725585938e+00,1.213545352220535278e-02
6.934458762407302856e-02,1.369944334030151367e+00,4.832697100937366486e-03
2.503316104412078857e-01,8.554779887199401855e-01,3.098133020102977753e-03
9.272743016481399536e-02,2.865321874618530273e+00,7.537645287811756134e-03
4.077324643731117249e-02,1.200312376022338867e+00,3.951021935790777206e-03
3.504902124404907227e-02,3.851318120956420898e+00,8.387262001633644104e-03
8.587880432605743408e-02,3.940397739410400391e+00,7.644608151167631149e-03
5.523696914315223694e-02,6.145101189613342285e-01,5.033891182392835617e-03
1.252464205026626587e-01,1.773916125297546387e+00,2.809144742786884308e-02
4.735144972801208496e-02,8.312628269195556641e-01,3.769052680581808090e-03
2.045014202594757080e-01,4.380599021911621094e+00,1.519503537565469742e-02
3.452748060226440430e-02,3.969708442687988281e+00,1.350689679384231567e-02
8.519957214593887329e-02,2.017161846160888672e+00,8.008291013538837433e-03
8.226490020751953125e-02,2.554979801177978516e+00,1.064441911876201630e-02
2.793422341346740723e-02,4.205633163452148438e+00,1.341184787452220917e-02
9.085770696401596069e-02,1.891351699829101562e+00,9.026430547237396240e-03
1.348712146282196045e-01,4.545242488384246826e-01,3.153066337108612061e-02
1.120556965470314026e-01,8.897435665130615234e-01,5.633178632706403732e-03
3.455969318747520447e-02,3.804950714111328125e+00,1.671081595122814178e-02
1.974126100540161133e-01,4.593352317810058594e+00,1.205165311694145203e-02
1.228237077593803406e-01,4.767920374870300293e-01,2.383548999205231667e-03
1.976756304502487183e-01,8.619950413703918457e-01,1.223965547978878021e-02
5.888022109866142273e-02,8.139610290527343750e-01,3.862414974719285965e-03
3.784421086311340332e-02,4.475569248199462891e+00,1.184749323874711990e-02
1.250106096267700195e-01,3.845735311508178711e+00,1.768585480749607086e-02
5.728247761726379395e-02,2.197769165039062500e+00,1.290147379040718079e-02
1.248368993401527405e-01,4.490479469299316406e+00,8.767971768975257874e-03
1.042662709951400757e-01,4.779175758361816406e+00,1.905653066933155060e-02
4.979655891656875610e-02,1.800487875938415527e+00,6.231494247913360596e-03
1.367975473403930664e-01,7.872499227523803711e-01,3.460640320554375648e-03
2.680989168584346771e-02,5.681236386299133301e-01,5.752719007432460785e-03
1.733487695455551147e-01,2.503330707550048828e+00,7.824582979083061218e-03
8.854831755161285400e-02,4.145666062831878662e-01,2.057343721389770508e-03
3.105058372020721436e-01,9.807309508323669434e-01,7.470512297004461288e-03
1.748949885368347168e-01,2.361069679260253906e+00,8.830196224153041840e-03
2.347346954047679901e-02,4.409370899200439453e+00,1.465817727148532867e-02
1.794397979974746704e-01,1.667128801345825195e+00,5.517881829291582108e-03
1.519303917884826660e-01,3.331908702850341797e+00,7.751212455332279205e-03
1.907717734575271606e-01,7.861354947090148926e-01,7.649976294487714767e-03
1.324543505907058716e-01,4.585823535919189453e+00,2.259882353246212006e-02
6.005438044667243958e-02,8.481329679489135742e-01,3.300758777186274529e-03
9.962907433509826660e-02,4.731431007385253906e+00,1.933017373085021973e-02
1.836799532175064087e-01,3.364471435546875000e+00,1.275580655783414841e-02
2.373264916241168976e-02,4.276274204254150391e+00,1.175653375685214996e-02
1.069696247577667236e-01,2.513825654983520508e+00,2.508907951414585114e-02
7.757184654474258423e-02,1.614272236824035645e+00,1.889358088374137878e-02
1.973884254693984985e-01,3.517378807067871094e+00,7.545621600002050400e-03
8.041420578956604004e-02,4.962138175964355469e+00,1.091330870985984802e-02
7.428093254566192627e-02,1.468208909034729004e+00,1.104465965181589127e-02
2.669458985328674316e-01,7.970193028450012207e-01,1.821790589019656181e-03
7.180353999137878418e-02,3.225876569747924805e+00,1.371126156300306320e-02
1.662144511938095093e-01,3.137984752655029297e+00,8.033600635826587677e-03
3.244629502296447754e-02,3.809346199035644531e+00,1.567912846803665161e-02
7.629124820232391357e-02,3.366653203964233398e+00,1.053234376013278961e-02
1.569859832525253296e-01,4.957669734954833984e+00,1.819402910768985748e-02
9.844577312469482422e-02,7.069063782691955566e-01,1.312388689257204533e-03
4.236745834350585938e-02,1.113493680953979492e+00,5.295520182698965073e-03
2.956854104995727539e-01,2.980044364929199219e+00,2.212582714855670929e-02
2.042306214570999146e-01,4.585203647613525391e+00,1.082940492779016495e-02
1.509395986795425415e-01,8.892737627029418945e-01,1.221214793622493744e-02
4.303565248847007751e-02,1.500110864639282227e+00,7.167315110564231873e-03
5.133121833205223083e-02,1.810993850231170654e-01,9.075872600078582764e-03
1.259964853525161743e-01,4.787703037261962891e+00,1.039250474423170090e-02
1.411114186048507690e-01,1.476242423057556152e+00,5.821947939693927765e-03
6.195029988884925842e-02,3.998442649841308594e+00,1.293102744966745377e-02
1.854518800973892212e-02,2.154915809631347656e+00,1.183552946895360947e-02
1.553228050470352173e-01,1.555575877428054810e-01,6.849750876426696777e-03
2.741503529250621796e-02,3.201738834381103516e+00,1.799462363123893738e-02
7.855559140443801880e-02,4.268377304077148438e+00,1.909247413277626038e-02
1.544763427227735519e-02,9.309189915657043457e-01,3.952709492295980453e-03
1.713639944791793823e-01,8.014261722564697266e-01,1.731629110872745514e-02
2.083603888750076294e-01,1.999464988708496094e+00,7.963348180055618286e-03
2.843054234981536865e-01,1.526471853256225586e+00,5.723830778151750565e-03
1.283534020185470581e-01,9.445036053657531738e-01,1.504180114716291428e-02
5.769848078489303589e-02,2.302189826965332031e+00,1.407514885067939758e-02
1.645071953535079956e-01,4.803927421569824219e+00,1.641758903861045837e-02
2.635343074798583984e-01,1.845678091049194336e+00,5.034964997321367264e-03
2.941301167011260986e-01,3.584021806716918945e+00,9.094636887311935425e-03
1.591348797082901001e-01,3.645410776138305664e+00,1.125771645456552505e-02
1.966869086027145386e-01,1.705544233322143555e+00,5.346189253032207489e-03
2.869110368192195892e-02,1.431774944067001343e-01,2.963355975225567818e-03
6.208411231637001038e-02,2.318741083145141602e+00,6.619004067033529282e-03
1.618110388517379761e-01,5.089206695556640625e-01,5.287441425025463104e-03
2.352067530155181885e-01,7.070461511611938477e-01,3.530176356434822083e-03
1.440273970365524292e-01,7.070408463478088379e-01,6.953594274818897247e-03
1.014665812253952026e-01,4.606462478637695312e+00,1.069662254303693771e-02
2.974418736994266510e-02,2.180395364761352539e+00,5.636962130665779114e-03
1.703005582094192505e-01,4.187101364135742188e+00,2.415724657475948334e-02
1.179506555199623108e-01,3.516361474990844727e+00,8.314862847328186035e-03
2.530836164951324463e-01,8.001193404197692871e-01,2.393263624981045723e-03
1.959078758955001831e-01,4.984837055206298828e+00,1.193420868366956711e-02
6.536160409450531006e-02,1.727597355842590332e+00,5.746839102357625961e-03
1.910160034894943237e-01,3.276175498962402344e+00,1.573838666081428528e-02
2.244820445775985718e-01,3.584100484848022461e+00,9.568708017468452454e-03
1.938679516315460205e-01,4.010684967041015625e+00,1.026406791061162949e-02
9.799981117248535156e-02,8.403008580207824707e-01,3.626503981649875641e-03
1.866630017757415771e-01,8.226626515388488770e-01,1.219808775931596756e-02
2.225789427757263184e-01,8.982484936714172363e-01,4.435370676219463348e-03
1.057911738753318787e-01,9.593559503555297852e-01,1.174543891102075577e-02
7.474468648433685303e-02,4.173547267913818359e+00,9.862804785370826721e-03
2.933223359286785126e-02,4.908081889152526855e-01,2.161494223400950432e-03
4.660173505544662476e-02,6.589266657829284668e-01,1.079872809350490570e-02
1.440901458263397217e-01,4.991942882537841797e+00,1.084320992231369019e-02
1.409398168325424194e-01,3.987076759338378906e+00,9.875075891613960266e-03
2.000792473554611206e-01,4.843604087829589844e+00,1.036504842340946198e-02
2.038317471742630005e-01,2.613271474838256836e+00,2.405033633112907410e-02
1.877652257680892944e-01,1.879153847694396973e-01,9.747507981956005096e-03
3.004082739353179932e-01,7.312752604484558105e-01,3.045725403353571892e-03
1.141631454229354858e-01,1.856090307235717773e+00,9.074850007891654968e-03
3.300009667873382568e-01,3.996173381805419922e+00,9.600817225873470306e-03
7.499556243419647217e-02,4.501849651336669922e+00,1.071451790630817413e-02
1.617907583713531494e-01,3.881368637084960938e+00,1.059380080550909042e-02
6.349880248308181763e-02,9.020403772592544556e-02,5.411737132817506790e-03
2.843863703310489655e-02,2.371319532394409180e+00,6.140177138149738312e-03
1.470868587493896484e-01,4.795353412628173828e-01,1.372516853734850883e-03
1.918220520019531250e-01,3.806623220443725586e+00,9.641107171773910522e-03
1.987676136195659637e-02,3.968123197555541992e+00,9.794904850423336029e-03
6.680975109338760376e-02,3.802083015441894531e+00,9.162025526165962219e-03
1.839956045150756836e-01,4.154467582702636719e+00,1.251191925257444382e-02
3.608961403369903564e-02,7.135337591171264648e-01,4.046889953315258026e-03
2.031139284372329712e-01,8.340514898300170898e-01,5.839638784527778625e-02
5.049890279769897461e-02,1.060335874557495117e+00,5.584554281085729599e-03
1.987940818071365356e-01,3.379461765289306641e+00,1.706355810165405273e-02
2.300445549190044403e-02,4.121660232543945312e+00,9.607311338186264038e-03
4.450781643390655518e-02,4.232648849487304688e+00,1.215605903416872025e-02
8.202993869781494141e-02,4.986467838287353516e+00,1.537332404404878616e-02
1.567405462265014648e-01,3.920810937881469727e+00,1.049522403627634048e-02
9.289062023162841797e-02,3.375486373901367188e+00,2.032167464494705200e-02
8.174830675125122070e-02,2.323670864105224609e+00,1.023257244378328323e-02
2.427175492048263550e-01,2.755246400833129883e+00,1.078988239169120789e-02
6.629683077335357666e-02,6.211482286453247070e-01,4.155335016548633575e-03
4.059445112943649292e-02,4.123126983642578125e+00,2.133357711136341095e-02
4.253708571195602417e-02,4.233226299285888672e+00,1.365496776998043060e-02
1.906698048114776611e-01,6.014852523803710938e-01,3.593985689803957939e-03
1.716987490653991699e-01,4.658312320709228516e+00,1.381996180862188339e-02
4.184436053037643433e-02,1.278270125389099121e+00,4.407607484608888626e-03
1.131396442651748657e-01,4.993747234344482422e+00,1.527730282396078110e-02
6.656029820442199707e-02,3.901427507400512695e+00,1.986488513648509979e-02
2.046831250190734863e-01,1.788167238235473633e+00,4.907141439616680145e-03
8.272729814052581787e-02,3.851053714752197266e+00,9.785343892872333527e-03
6.043792515993118286e-02,6.963410973548889160e-01,4.501787945628166199e-03
5.215290933847427368e-02,4.084680080413818359e+00,1.045564934611320496e-02
1.205315440893173218e-01,1.289011985063552856e-01,1.598764327354729176e-03
2.749709188938140869e-01,5.968180298805236816e-01,3.048128681257367134e-03
9.966948628425598145e-02,6.665924787521362305e-01,2.184911398217082024e-03
3.308991715312004089e-02,3.877669572830200195e+00,8.569844998419284821e-03
6.001337617635726929e-02,7.230017185211181641e-01,1.070868875831365585e-02
1.702403575181961060e-01,2.482525825500488281e+00,1.147992443293333054e-02
2.030461430549621582e-01,4.266515076160430908e-01,2.178724855184555054e-03
1.799285709857940674e-01,2.811836004257202148e+00,6.680819205939769745e-03
5.131101235747337341e-02,8.236496448516845703e-01,1.876171864569187164e-02
4.776454716920852661e-02,3.848459482192993164e+00,2.131194807589054108e-02
4.299824312329292297e-02,6.677088141441345215e-01,3.672009101137518883e-03
1.645606905221939087e-01,4.156274318695068359e+00,9.339649230241775513e-03
2.720052748918533325e-02,1.973948240280151367e+00,6.586485542356967926e-03
1.199586167931556702e-01,2.489846944808959961e+00,7.541326805949211121e-03
1.736816167831420898e-01,4.574603080749511719e+00,4.419336467981338501e-02
2.895170077681541443e-02,4.118852615356445312e+00,1.288495957851409912e-02
2.478824108839035034e-01,2.366075038909912109e+00,5.812591407448053360e-03
2.143280506134033203e-01,6.591859459877014160e-01,4.764899611473083496e-03
1.575199067592620850e-01,8.345881700515747070e-01,3.800343954935669899e-03
1.671041101217269897e-01,4.831683635711669922e+00,1.425527781248092651e-02
4.321472346782684326e-02,1.982482075691223145e+00,7.741242647171020508e-03
5.765955150127410889e-02,1.517928838729858398e+00,7.856079377233982086e-03
1.198764368891716003e-01,1.854293704032897949e+00,1.209792494773864746e-02
8.777219802141189575e-02,9.371762275695800781e-01,1.311084907501935959e-02
1.610812842845916748e-01,2.656887531280517578e+00,1.032010558992624283e-02
2.436596602201461792e-01,2.590566873550415039e+00,7.052836474031209946e-03
4.092442989349365234e-02,4.866686344146728516e+00,1.109860185533761978e-02
2.122172266244888306e-01,5.534452795982360840e-01,1.128798443824052811e-02
7.628737390041351318e-02,1.642212033271789551e+00,4.102211911231279373e-03
3.689258545637130737e-02,3.786394834518432617e+00,9.514357894659042358e-03
2.849394083023071289e-01,6.219744682312011719e-01,4.939915146678686142e-03
1.050642952322959900e-01,6.936140060424804688e-01,1.247883867472410202e-02
7.566852867603302002e-02,1.654440760612487793e+00,6.578662898391485214e-03
6.471604108810424805e-02,1.516736268997192383e+00,5.618811119347810745e-03
6.287386268377304077e-02,8.284158706665039062e-01,3.138371976092457771e-03
2.466684728860855103e-01,3.077230453491210938e+00,7.655651774257421494e-03
5.122948437929153442e-02,1.589640736579895020e+00,4.547037184238433838e-03
2.987541258335113525e-01,5.710963010787963867e-01,1.769638620316982269e-03
1.085681617259979248e-01,4.944106101989746094e+00,1.100539229810237885e-02
1.390569359064102173e-01,3.140120983123779297e+00,1.030906196683645248e-02
9.156313538551330566e-02,3.965465068817138672e+00,1.156029943376779556e-02
2.919115684926509857e-02,1.741310834884643555e+00,4.763416945934295654e-03
4.547806084156036377e-02,1.679504275321960449e+00,6.605505943298339844e-03
3.351823613047599792e-02,3.956314086914062500e+00,1.235802005976438522e-02
1.966539323329925537e-01,4.151836872100830078e+00,1.171174459159374237e-02
1.710469871759414673e-01,2.170309782028198242e+00,7.482118904590606689e-03
1.478905230760574341e-01,3.844401121139526367e+00,8.519226685166358948e-03
3.088167905807495117e-01,1.506067156791687012e+00,2.220528200268745422e-02
6.561306864023208618e-02,4.331090450286865234e+00,9.444770403206348419e-03
1.965217441320419312e-01,3.321707725524902344e+00,1.074263919144868851e-02
1.087791025638580322e-01,2.707931518554687500e+00,7.887677289545536041e-03
7.861666381359100342e-02,7.351463437080383301e-01,3.243698505684733391e-03
2.474602758884429932e-01,7.829596996307373047e-01,2.085792087018489838e-02
2.133595012128353119e-02,2.525145053863525391e+00,6.400885991752147675e-03
2.587012350559234619e-01,3.013129234313964844e+00,1.113567035645246506e-02
6.853614747524261475e-02,4.093705654144287109e+00,1.931795477867126465e-02
8.522614836692810059e-02,2.472135305404663086e+00,5.352120380848646164e-03
4.433002322912216187e-02,2.804863929748535156e+00,7.695686072111129761e-03
2.091079652309417725e-01,8.828402161598205566e-01,1.602650154381990433e-03
2.441596090793609619e-01,4.059811115264892578e+00,1.172836218029260635e-02
2.186102569103240967e-01,1.190719977021217346e-01,1.239171484485268593e-03
5.916843190789222717e-02,1.907101511955261230e+00,1.471344754099845886e-02
4.365729913115501404e-02,4.113224029541015625e+00,1.222283393144607544e-02
1.571659594774246216e-01,2.096136808395385742e+00,5.336423404514789581e-03
7.226905971765518188e-02,3.816456317901611328e+00,9.168569929897785187e-03
1.936632581055164337e-02,2.764928102493286133e+00,9.754818864166736603e-03
1.250835806131362915e-01,4.488718032836914062e+00,1.001895405352115631e-02
5.713057145476341248e-02,1.661511540412902832e+00,5.296082701534032822e-03
5.760654062032699585e-02,4.753628730773925781e+00,1.057953573763370514e-02
2.457918412983417511e-02,7.224664092063903809e-01,3.215168137103319168e-03
1.861019432544708252e-01,3.085055589675903320e+00,4.196039214730262756e-02
1.675083190202713013e-01,3.084205150604248047e+00,8.329945616424083710e-03
8.277989923954010010e-02,2.728557586669921875e+00,1.083313766866922379e-02
1.262457668781280518e-01,2.747367382049560547e+00,9.513949044048786163e-03
2.140370383858680725e-02,4.624400138854980469e+00,1.198068540543317795e-02
7.045909762382507324e-02,3.536387920379638672e+00,1.405173167586326599e-02
2.583887279033660889e-01,1.670821666717529297e+00,1.577852480113506317e-02
1.756992340087890625e-01,1.649378299713134766e+00,3.204707056283950806e-02
1.824035048484802246e-01,4.186123371124267578e+00,9.596420451998710632e-03
1.902272850275039673e-01,6.264956593513488770e-01,2.734296489506959915e-03
2.226397842168807983e-01,1.051594838500022888e-01,2.912277821451425552e-03
1.649668663740158081e-01,2.261387348175048828e+00,5.647085607051849365e-03
7.102738320827484131e-02,1.602494955062866211e+00,1.199321169406175613e-02
1.611448228359222412e-01,3.752722740173339844e+00,1.208151225000619888e-02
5.875661596655845642e-02,1.153839379549026489e-01,2.778830239549279213e-03
1.633363515138626099e-01,4.067715167999267578e+00,1.661131903529167175e-02
4.311350733041763306e-02,1.977628350257873535e+00,1.062606368213891983e-02
5.047028884291648865e-02,1.596547245979309082e+00,5.271336063742637634e-03
6.220383942127227783e-02,6.309973001480102539e-01,2.060892060399055481e-02
1.789361834526062012e-01,4.285568237304687500e+00,1.580132730305194855e-02
7.770887762308120728e-02,4.006698608398437500e+00,1.028891652822494507e-02
9.965734183788299561e-02,4.125260353088378906e+00,9.327940642833709717e-03
2.331154197454452515e-01,8.401992917060852051e-01,5.375741980969905853e-03
3.769666329026222229e-02,8.463178277015686035e-01,4.680689424276351929e-03
3.370658308267593384e-02,3.844089031219482422e+00,1.490093953907489777e-02
7.472375035285949707e-02,5.089753866195678711e-01,3.309297375380992889e-03
2.427493780851364136e-01,7.906229496002197266e-01,4.221240989863872528e-03
7.953690737485885620e-02,3.385755777359008789e+00,1.039454992860555649e-02
5.160105600953102112e-02,4.142920970916748047e+00,9.591665118932723999e-03
1.891288347542285919e-02,2.065124273300170898e+00,8.639176376163959503e-03
2.408761382102966309e-01,2.108774662017822266e+00,7.789815310388803482e-03
2.494591102004051208e-02,2.043352127075195312e+00,5.073158536106348038e-03
3.371803835034370422e-02,1.509971022605895996e-01,7.639495190232992172e-03
6.669625639915466309e-02,4.525487422943115234e+00,1.753359101712703705e-02
7.630751281976699829e-02,2.333678454160690308e-01,9.306772612035274506e-03
8.856312185525894165e-02,3.347964048385620117e+00,8.532622829079627991e-03
1.539690494537353516e-01,4.059963703155517578e+00,1.881121098995208740e-02
2.974951639771461487e-02,1.955001235008239746e+00,6.720444653183221817e-03
1.809256672859191895e-01,4.686088562011718750e+00,1.119083911180496216e-02
2.294529378414154053e-01,3.868196964263916016e+00,1.367746479809284210e-02
2.084706723690032959e-01,2.902273893356323242e+00,2.253670245409011841e-02
2.037600725889205933e-01,4.660412311553955078e+00,1.263555046170949936e-02
2.171173542737960815e-01,6.342246383428573608e-02,1.506128069013357162e-02
4.635691642761230469e-02,2.429495811462402344e+00,1.292274426668882370e-02
6.189915537834167480e-02,4.069175243377685547e+00,1.117826066911220551e-02
8.792053908109664917e-02,2.137003898620605469e+00,7.805051747709512711e-03
3.503253161907196045e-01,8.415168523788452148e-01,1.230561267584562302e-02
2.143933773040771484e-01,1.077202200889587402e+00,1.036888267844915390e-02
1.259541362524032593e-01,4.295617341995239258e-01,3.114698920398950577e-03
3.830478340387344360e-02,4.484105110168457031e+00,1.093273796141147614e-02
2.718518078327178955e-01,2.454366683959960938e+00,5.193772725760936737e-03
7.963116466999053955e-02,1.795726776123046875e+00,6.265751086175441742e-03
2.722118608653545380e-02,8.902896642684936523e-01,8.002820424735546112e-03
1.798008531332015991e-01,3.695694208145141602e+00,8.141840808093547821e-03
2.251209467649459839e-01,3.920828104019165039e+00,1.672963239252567291e-02
1.088296249508857727e-01,1.554418802261352539e+00,6.050752010196447372e-03
3.316836059093475342e-01,2.261399745941162109e+00,2.028608880937099457e-02
7.008568942546844482e-02,4.802120685577392578e+00,1.044204924255609512e-02
4.055946692824363708e-02,3.362768650054931641e+00,8.683301508426666260e-03
1.582345366477966309e-01,6.074153184890747070e-01,1.458516460843384266e-03
1.667374521493911743e-01,4.710068225860595703e+00,1.311969477683305740e-02
6.398103386163711548e-02,5.835107564926147461e-01,1.162973325699567795e-02
1.382404416799545288e-01,4.796631336212158203e+00,2.053641900420188904e-02
4.186090081930160522e-02,8.254516124725341797e-01,3.155244514346122742e-03
8.175532519817352295e-02,3.071093797683715820e+00,1.156633254140615463e-02
2.786723151803016663e-02,2.365155458450317383e+00,8.851977065205574036e-03
4.534784704446792603e-02,1.886820316314697266e+00,5.597285460680723190e-03
2.803623490035533905e-02,4.536711692810058594e+00,1.490835286676883698e-02
5.893136188387870789e-02,1.991644740104675293e+00,1.975920051336288452e-02
2.046134024858474731e-01,4.134491443634033203e+00,9.775219485163688660e-03
1.769978404045104980e-01,1.590062975883483887e+00,3.845900064334273338e-03
4.841017723083496094e-02,2.891767919063568115e-01,5.832173861563205719e-03
1.824423223733901978e-01,4.942671775817871094e+00,2.140433900058269501e-02
2.793145552277565002e-02,4.322268486022949219e+00,1.184176653623580933e-02
3.671688735485076904e-01,2.093913793563842773e+00,1.290551386773586273e-02
1.499484851956367493e-02,2.249865770339965820e+00,9.957189671695232391e-03
3.911872208118438721e-02,5.725729465484619141e-01,2.302662469446659088e-03
1.195902973413467407e-01,4.992435455322265625e+00,2.634537965059280396e-02
1.640508770942687988e-01,4.275054931640625000e+00,1.090185530483722687e-02
4.785036295652389526e-02,3.104739427566528320e+00,1.518624089658260345e-02
1.576157361268997192e-01,4.976621150970458984e+00,1.042533013969659805e-02
9.986416995525360107e-02,4.258147716522216797e+00,9.832331910729408264e-03
2.793028652667999268e-01,6.422479152679443359e-01,1.039337366819381714e-02
2.716001570224761963e-01,1.438971757888793945e-01,5.893171182833611965e-04
3.938766196370124817e-02,3.426592826843261719e+00,1.057907566428184509e-02
5.625510588288307190e-02,4.286524295806884766e+00,1.177192386239767075e-02
9.745141118764877319e-02,4.792678833007812500e+00,1.247229427099227905e-02
5.154319852590560913e-02,4.683489322662353516e+00,1.254014298319816589e-02
1.292393803596496582e-01,4.831970214843750000e+00,1.358686387538909912e-02
2.528083696961402893e-02,7.513773441314697266e-01,2.518683904781937599e-03
2.061928361654281616e-01,6.979624629020690918e-01,3.895393339917063713e-03
4.677900671958923340e-02,4.918641567230224609e+00,1.245874539017677307e-02
2.288026511669158936e-01,4.595057487487792969e+00,1.083119492977857590e-02
9.106813371181488037e-02,4.766765117645263672e+00,1.333019416779279709e-02
1.739275157451629639e-01,4.400707244873046875e+00,9.085893630981445312e-03
7.860662788152694702e-02,4.254376888275146484e+00,1.412019412964582443e-02
2.574453055858612061e-01,1.942748546600341797e+00,9.435414336621761322e-03
2.700512297451496124e-02,1.664733290672302246e+00,7.423984818160533905e-03
1.397350579500198364e-01,1.939249753952026367e+00,1.506710983812808990e-02
2.198488712310791016e-01,1.560039669275283813e-01,1.395678427070379257e-02
1.434421539306640625e-01,3.392685651779174805e-01,2.118085278198122978e-03
2.227167189121246338e-01,1.434580206871032715e+00,1.477449666708707809e-02
3.207847476005554199e-01,4.721049308776855469e+00,8.945441804826259613e-03
6.029612198472023010e-02,1.194352865219116211e+00,4.006600007414817810e-03
8.569433540105819702e-02,4.507044792175292969e+00,1.799360103905200958e-02
2.481926381587982178e-01,1.940431118011474609e+00,6.877411622554063797e-03
1.102957651019096375e-01,1.095118165016174316e+00,4.174968693405389786e-03
9.655996412038803101e-02,7.155905365943908691e-01,3.069756319746375084e-03
2.056370675563812256e-02,4.931995868682861328e+00,1.079647801816463470e-02
2.347066625952720642e-02,7.791110277175903320e-01,3.893297165632247925e-03
8.838294446468353271e-02,2.939880609512329102e+00,2.681321278214454651e-02
1.950726658105850220e-02,8.749552369117736816e-01,3.725030226632952690e-03
2.018775790929794312e-01,1.229829788208007812e+00,4.329021554440259933e-03
1.313229501247406006e-01,4.743215084075927734e+00,1.945508271455764771e-02
1.603005081415176392e-01,4.376681327819824219e+00,2.250249683856964111e-02
4.684707149863243103e-02,1.764830827713012695e+00,6.207412574440240860e-03
1.970708370208740234e-01,2.021214962005615234e+00,4.876617342233657837e-03
5.988236889243125916e-02,2.985643863677978516e+00,7.145278621464967728e-03
1.650897860527038574e-01,2.957917690277099609e+00,9.052404202520847321e-03
1.081154122948646545e-01,4.935170173645019531e+00,1.110795792192220688e-02
2.028416693210601807e-01,1.615083813667297363e+00,7.951128296554088593e-03
2.852808684110641479e-02,3.716710567474365234e+00,9.075975045561790466e-03
2.676448523998260498e-01,1.693114161491394043e+00,4.829629324376583099e-03
1.537112612277269363e-02,1.002938508987426758e+00,2.821267582476139069e-03
7.954604178667068481e-02,1.810164690017700195e+00,1.520705129951238632e-02
1.146151646971702576e-01,4.534040451049804688e+00,1.082383189350366592e-02
1.387398093938827515e-01,1.838396072387695312e+00,7.179637439548969269e-03
1.860955059528350830e-01,4.335966587066650391e+00,1.062350720167160034e-02
2.654327750205993652e-01,2.840775728225708008e+00,6.731693167239427567e-03
2.214216887950897217e-01,4.636303424835205078e+00,1.345362048596143723e-02
3.988522291183471680e-02,3.162573575973510742e+00,7.567146793007850647e-03
1.156254485249519348e-01,1.751276373863220215e+00,1.421718671917915344e-02
4.113502800464630127e-02,1.876317024230957031e+00,5.327220074832439423e-03
2.378499656915664673e-01,4.125678062438964844e+00,8.318084292113780975e-03
2.345270663499832153e-01,2.423356056213378906e+00,5.329009611159563065e-03
1.469214260578155518e-01,4.671872138977050781e+00,1.695634052157402039e-02
1.338066011667251587e-01,4.646223068237304688e+00,1.022398285567760468e-02
2.693773508071899414e-01,1.477991580963134766e+00,3.667049575597047806e-03
1.592312902212142944e-01,4.079853534698486328e+00,1.094194129109382629e-02
1.909749358892440796e-01,4.074736595153808594e+00,9.545700624585151672e-03
2.250799536705017090e-01,3.922684431076049805e+00,1.020874548703432083e-02
1.142733916640281677e-01,2.443981409072875977e+00,1.775319129228591919e-02
4.291851818561553955e-02,3.241536855697631836e+00,9.156605228781700134e-03
1.072634756565093994e-01,5.979468226432800293e-01,5.927990190684795380e-03
3.122483007609844208e-02,4.824241161346435547e+00,1.256795693188905716e-02
2.440938539803028107e-02,4.190109729766845703e+00,1.181129366159439087e-02
1.125698983669281006e-01,4.091160297393798828e+00,1.020240597426891327e-02
7.248335331678390503e-02,2.307811498641967773e+00,7.682443596422672272e-03
6.640651822090148926e-02,1.913543224334716797e+00,1.003454811871051788e-02
1.309145614504814148e-02,1.297625005245208740e-01,2.273314166814088821e-03
2.346280068159103394e-01,1.765350580215454102e+00,4.201147239655256271e-03
1.690919995307922363e-01,4.372549057006835938e+00,1.728249527513980865e-02
2.500410676002502441e-01,1.361964702606201172e+00,3.322642296552658081e-03
7.224808633327484131e-02,1.685056328773498535e+00,4.021529573947191238e-03
1.989157497882843018e-01,1.412206053733825684e+00,7.162662688642740250e-03
1.081808432936668396e-01,2.209869146347045898e+00,1.926406472921371460e-02
3.787403926253318787e-02,2.592061281204223633e+00,9.941850788891315460e-03
2.273697108030319214e-01,1.854242563247680664e+00,7.127127610146999359e-03
6.880173087120056152e-02,4.027829647064208984e+00,1.175218820571899414e-02
6.422256678342819214e-02,7.690560817718505859e-01,5.241578444838523865e-03
3.790213912725448608e-02,4.842111587524414062e+00,1.225228421390056610e-02
2.011535167694091797e-01,3.701219081878662109e+00,4.735837504267692566e-02
5.226032063364982605e-02,4.742862701416015625e+00,1.100385840982198715e-02
1.515964716672897339e-01,4.155169963836669922e+00,1.010500453412532806e-02
1.866216510534286499e-01,2.523421049118041992e+00,6.414537318050861359e-03
4.066556319594383240e-02,6.521025896072387695e-01,8.906224742531776428e-03
4.983123391866683960e-02,1.508852720260620117e+00,4.968598950654268265e-03
2.718113064765930176e-01,1.330842614173889160e+00,4.880093969404697418e-03
1.994806379079818726e-01,7.392075657844543457e-01,1.230975426733493805e-02
1.943681389093399048e-01,4.107128143310546875e+00,8.972181938588619232e-03
4.869596660137176514e-02,4.452700614929199219e+00,9.749859571456909180e-03
4.915013536810874939e-02,9.849423766136169434e-01,4.756309557706117630e-03
2.909696660935878754e-02,4.409616470336914062e+00,1.261341106146574020e-02
1.953495889902114868e-01,3.990545749664306641e+00,3.826046735048294067e-02
2.260003536939620972e-01,4.556939601898193359e+00,1.175351720303297043e-02
2.103767544031143188e-01,1.370565056800842285e+00,7.036066148430109024e-03
4.423420876264572144e-02,5.538793206214904785e-01,7.591484580188989639e-03
3.237715736031532288e-02,9.270341992378234863e-01,2.827505348250269890e-03
8.698593825101852417e-02,9.615977853536605835e-02,2.201375085860490799e-03
2.163514792919158936e-01,3.413351297378540039e+00,8.018005639314651489e-03
9.299560636281967163e-02,1.835419774055480957e+00,1.080910675227642059e-02
6.035591661930084229e-02,4.058172225952148438e+00,1.096285320818424225e-02
5.849010124802589417e-02,5.450429916381835938e-01,4.527607932686805725e-03
1.387589424848556519e-01,3.782286167144775391e+00,8.724204264581203461e-03
2.703360095620155334e-02,4.176728725433349609e+00,1.002866867929697037e-02
8.835224807262420654e-02,4.701856613159179688e+00,1.010234560817480087e-02
2.626458108425140381e-01,3.088244915008544922e+00,2.077836357057094574e-02
5.740307271480560303e-02,3.700534343719482422e+00,1.024065073579549789e-02
1.346321105957031250e-01,4.975286006927490234e+00,2.141681499779224396e-02
2.730374038219451904e-01,8.983373045921325684e-01,1.518337754532694817e-03
5.218958854675292969e-02,3.682098984718322754e-01,3.827595850452780724e-03
4.995127022266387939e-02,4.228650093078613281e+00,9.057926014065742493e-03
2.157434970140457153e-01,4.266491889953613281e+00,1.147317513823509216e-02
2.064189016819000244e-01,2.154204607009887695e+00,1.196330133825540543e-02
2.844896316528320312e-01,1.436199665069580078e+00,6.158481817692518234e-03
2.983204461634159088e-02,3.746037244796752930e+00,1.047574356198310852e-02
1.890673488378524780e-01,1.885546922683715820e+00,4.611306823790073395e-03
1.507215350866317749e-01,3.815609931945800781e+00,1.680939458310604095e-02
2.357256263494491577e-01,3.928948879241943359e+00,7.968563586473464966e-03
1.158188469707965851e-02,2.925575494766235352e+00,8.261381648480892181e-03
1.397679001092910767e-01,1.945432782173156738e+00,1.164619717746973038e-02
1.315750330686569214e-01,3.899412155151367188e+00,1.012877933681011200e-02
6.890789419412612915e-02,4.602304935455322266e+00,1.242254581302404404e-02
2.200197130441665649e-01,4.998042106628417969e+00,2.622650377452373505e-02
8.147327601909637451e-02,4.063115596771240234e+00,1.609879918396472931e-02
8.415836095809936523e-02,8.693271875381469727e-01,1.025419961661100388e-02
5.374103039503097534e-02,4.809599876403808594e+00,9.883665479719638824e-03
1.420641094446182251e-01,4.300826549530029297e+00,1.010837871581315994e-02
2.013482302427291870e-01,3.321002006530761719e+00,1.035676524043083191e-02
9.454321116209030151e-02,3.062463998794555664e+00,1.688629202544689178e-02
7.925253361463546753e-02,4.012630462646484375e+00,1.502145174890756607e-02
1.866200566291809082e-01,2.894184589385986328e+00,6.774488370865583420e-03
7.452246546745300293e-02,4.150067329406738281e+00,1.781270653009414673e-02
2.825658768415451050e-02,9.298998117446899414e-01,1.285862736403942108e-02
9.864744544029235840e-02,2.831594944000244141e+00,7.513563148677349091e-03
2.861113473773002625e-02,7.982134222984313965e-01,3.462071996182203293e-03
1.625919342041015625e-01,1.659217596054077148e+00,2.014389820396900177e-02
3.329473361372947693e-02,1.068493366241455078e+00,9.366389364004135132e-03
3.305150568485260010e-02,2.141877889633178711e+00,1.341102924197912216e-02
2.537580728530883789e-01,8.767045140266418457e-01,6.158583797514438629e-03
2.182387262582778931e-01,3.644979000091552734e+00,8.561050519347190857e-03
2.580175697803497314e-01,4.554798603057861328e+00,9.024794213473796844e-03
1.742121279239654541e-01,4.160012245178222656e+00,1.227171346545219421e-02
3.247588127851486206e-02,4.559092521667480469e+00,1.084499992430210114e-02
1.565883904695510864e-01,4.879547595977783203e+00,1.124616060405969620e-02
1.267803311347961426e-01,3.657110691070556641e+00,7.695430424064397812e-03
3.355280682444572449e-02,1.035807251930236816e+00,7.777339778840541840e-03
1.846296787261962891e-01,1.449273586273193359e+00,1.047369837760925293e-02
1.017992570996284485e-01,1.578086733818054199e+00,1.075864210724830627e-02
1.400723457336425781e-01,4.295743942260742188e+00,1.446685101836919785e-02
2.204314768314361572e-01,2.266270399093627930e+00,8.194197900593280792e-03
8.187636733055114746e-02,4.011241912841796875e+00,9.737179614603519440e-03
1.510080844163894653e-01,4.808635234832763672e+00,1.109103392809629440e-02
1.621317863464355469e-01,8.372579216957092285e-01,4.607880953699350357e-03
4.280401766300201416e-02,7.494089603424072266e-01,1.933763967826962471e-03
1.087529435753822327e-01,4.033322811126708984e+00,2.935475297272205353e-02
5.228973180055618286e-02,4.161338806152343750e+00,1.381418481469154358e-02
2.171725481748580933e-01,3.976830959320068359e+00,1.346604432910680771e-02
1.419660747051239014e-01,1.714530229568481445e+00,7.572055328637361526e-03
6.072281301021575928e-02,1.363515615463256836e+00,2.790835313498973846e-02
9.859357029199600220e-02,2.574365854263305664e+00,7.052478846162557602e-03
6.485389918088912964e-02,1.840658783912658691e-01,1.728070434182882309e-03
1.837761849164962769e-01,2.215879201889038086e+00,5.537055432796478271e-03
2.537572383880615234e-01,4.116672992706298828e+00,1.443515066057443619e-02
2.123453468084335327e-01,4.448268413543701172e+00,1.368922460824251175e-02
2.621352672576904297e-01,1.716336131095886230e+00,3.980319481343030930e-03
4.156282916665077209e-02,3.880139112472534180e+00,8.486657403409481049e-03
1.380561739206314087e-01,1.251937866210937500e+00,5.571004934608936310e-03
2.982121333479881287e-02,6.088921427726745605e-01,5.356773268431425095e-03
1.609331518411636353e-01,2.278518915176391602e+00,5.866226274520158768e-03
1.711660623550415039e-01,1.564131021499633789e+00,1.616899855434894562e-02
3.415452316403388977e-02,1.910105466842651367e+00,6.447413470596075058e-03
3.524165973067283630e-02,4.272513866424560547e+00,1.738797500729560852e-02
2.628250047564506531e-02,1.651226639747619629e+00,6.413412746042013168e-03
1.349654048681259155e-01,4.001588344573974609e+00,9.884380735456943512e-03
8.604102581739425659e-02,3.807359695434570312e+00,8.743940852582454681e-03
2.897125110030174255e-02,1.812197864055633545e-01,4.707685671746730804e-03
5.120190605521202087e-02,7.893882989883422852e-01,5.823584273457527161e-03
2.141889929771423340e-01,4.238346099853515625e+00,1.116788201034069061e-02
9.389118105173110962e-02,1.004331350326538086e+00,4.559922032058238983e-03
1.576035469770431519e-01,4.859574317932128906e+00,1.491050049662590027e-02
7.334574311971664429e-02,2.831946372985839844e+00,1.346108503639698029e-02
5.941421911120414734e-02,4.942453384399414062e+00,1.247101649641990662e-02
1.783592440187931061e-02,2.327719449996948242e+00,1.473870594054460526e-02
2.818769216537475586e-02,3.666447877883911133e+00,9.261932224035263062e-03
2.597261369228363037e-01,2.515724420547485352e+00,1.247597578912973404e-02
1.896126009523868561e-02,4.268146038055419922e+00,9.959847666323184967e-03
3.865053877234458923e-02,1.616046190261840820e+00,1.076339744031429291e-02
1.458070129156112671e-01,3.548886060714721680e+00,9.340671822428703308e-03
1.882403939962387085e-01,8.992396593093872070e-01,9.068254381418228149e-03
8.184494823217391968e-02,7.553402185440063477e-01,8.819611743092536926e-03
5.317097529768943787e-02,6.631982326507568359e-01,5.344553384929895401e-03
9.923359006643295288e-02,4.578657150268554688e+00,1.326638460159301758e-02
9.421773254871368408e-02,3.174770593643188477e+00,1.257905270904302597e-02
4.865343868732452393e-02,1.088706493377685547e+00,1.486576255410909653e-02
1.318243592977523804e-01,4.628520488739013672e+00,2.697355486452579498e-02
2.007637321949005127e-01,1.062657237052917480e+00,4.846092779189348221e-03
2.338111549615859985e-01,6.292622089385986328e-01,2.371891634538769722e-03
1.922458112239837646e-01,1.553478360176086426e+00,6.736448034644126892e-03
2.127923220396041870e-01,3.314644575119018555e+00,2.806215174496173859e-02
2.149616032838821411e-01,3.909378767013549805e+00,1.162421144545078278e-02
1.788529157638549805e-01,4.254169464111328125e+00,9.913473390042781830e-03
3.594130277633666992e-02,2.054732561111450195e+00,6.485147401690483093e-03
1.122863292694091797e-01,7.593715190887451172e-02,4.498157650232315063e-03
3.057743608951568604e-02,8.159761428833007812e-01,2.985750790685415268e-03
9.959222376346588135e-02,2.032300710678100586e+00,8.639994077384471893e-03
2.616703510284423828e-01,1.846957921981811523e+00,1.288235187530517578e-02
1.055013686418533325e-01,1.005389213562011719e+00,1.231379341334104538e-02
2.236831039190292358e-01,4.149957180023193359e+00,1.077403221279382706e-02
2.275103330612182617e-01,3.776648521423339844e+00,9.036349132657051086e-03
2.251969650387763977e-02,8.594684004783630371e-01,6.259564310312271118e-03
2.052697539329528809e-01,4.274716377258300781e+00,1.102983206510543823e-02
2.075814604759216309e-01,3.998169660568237305e+00,2.295294590294361115e-02
4.891209676861763000e-02,8.738693594932556152e-01,4.660442005842924118e-03
2.798378169536590576e-01,6.676927208900451660e-01,1.035947538912296295e-02
2.479590028524398804e-01,2.602307081222534180e+00,2.536073140799999237e-02
2.329719960689544678e-01,3.882747173309326172e+00,1.485522929579019547e-02
8.596842736005783081e-02,1.567314624786376953e+00,4.183967597782611847e-03
5.099556595087051392e-02,1.686496019363403320e+00,7.082338444888591766e-03
1.729611158370971680e-01,1.508288621902465820e+00,7.608817424625158310e-03
4.886718094348907471e-02,4.580856323242187500e+00,1.027102116495370865e-02
1.062929555773735046e-01,3.858940839767456055e+00,9.479589760303497314e-03
1.322342008352279663e-01,2.739059686660766602e+00,8.171342313289642334e-03
7.886103540658950806e-02,4.160698413848876953e+00,1.302873529493808746e-02
3.525543212890625000e-02,4.572307586669921875e+00,1.138610206544399261e-02
1.022733226418495178e-01,4.749681949615478516e+00,1.090727560222148895e-02
1.834964156150817871e-01,1.701162457466125488e+00,2.483813650906085968e-02
2.478684037923812866e-01,4.009823322296142578e+00,1.795085705816745758e-02
4.366564005613327026e-02,3.946518898010253906e+00,1.010152790695428848e-02
1.177715510129928589e-01,3.851023197174072266e+00,9.527957998216152191e-03
1.712337136268615723e-01,2.138068914413452148e+00,5.178638268262147903e-03
1.317123770713806152e-01,1.506206393241882324e+00,5.027601961046457291e-03
7.406002283096313477e-02,2.103548526763916016e+00,1.870460622012615204e-02
5.416592583060264587e-02,2.315777540206909180e+00,6.804143544286489487e-03
8.526486903429031372e-02,4.277012646198272705e-01,1.325477845966815948e-02
7.979411631822586060e-02,3.148371696472167969e+00,7.736487314105033875e-03
4.011436551809310913e-02,8.022317290306091309e-01,1.564845070242881775e-02
2.199114263057708740e-01,2.811438798904418945e+00,9.455354884266853333e-03
2.632450871169567108e-02,7.961983084678649902e-01,3.144149435684084892e-03
3.994055464863777161e-02,7.007093429565429688e-01,2.499101450666785240e-03
1.700839400291442871e-01,4.190521240234375000e+00,9.900793433189392090e-03
8.677821606397628784e-02,4.001297950744628906e+00,9.554442949593067169e-03
1.389515101909637451e-01,1.580319285392761230e+00,4.821397364139556885e-03
1.275111436843872070e-01,4.586390256881713867e-01,3.891456406563520432e-03
1.413837373256683350e-01,3.779597520828247070e+00,2.660966850817203522e-02
1.947398781776428223e-01,3.490088462829589844e+00,1.896966062486171722e-02
4.949516430497169495e-02,9.588780999183654785e-01,6.255525164306163788e-03
5.840075388550758362e-02,4.325825214385986328e+00,1.184360776096582413e-02
8.903698623180389404e-02,1.482859492301940918e+00,1.403373386710882187e-02
3.175865486264228821e-02,1.725173950195312500e+00,4.973660688847303391e-03
1.826579123735427856e-01,3.787401914596557617e+00,1.049650181084871292e-02
1.706779152154922485e-01,4.718220233917236328e+00,1.677181385457515717e-02
1.825153380632400513e-01,3.690337657928466797e+00,1.340653002262115479e-02
1.409267038106918335e-01,4.588343143463134766e+00,3.277832269668579102e-02
6.985467672348022461e-02,4.011851310729980469e+00,8.996110409498214722e-03
1.003057062625885010e-01,7.828753590583801270e-01,1.150794327259063721e-02
8.230109512805938721e-02,4.603160858154296875e+00,1.539392862468957901e-02
2.642638236284255981e-02,6.084260940551757812e-01,3.191955620422959328e-03
1.965186595916748047e-01,3.799828052520751953e+00,1.274890452623367310e-02
1.179122477769851685e-01,1.482600450515747070e+00,5.653323605656623840e-03
1.990896910429000854e-01,2.987862825393676758e+00,1.220647245645523071e-02
5.535098910331726074e-02,9.995791912078857422e-01,6.318567786365747452e-03
9.195985645055770874e-02,2.218155384063720703e+00,1.423543971031904221e-02
2.139646857976913452e-01,1.514537334442138672e+00,5.678683519363403320e-03
7.564935833215713501e-02,4.692223072052001953e+00,1.061696279793977737e-02
1.181199699640274048e-01,3.585395574569702148e+00,1.325646508485078812e-02
4.778575897216796875e-02,3.100580573081970215e-01,2.016951330006122589e-03
1.306596398353576660e-01,3.813741683959960938e+00,8.623019792139530182e-03
8.838360011577606201e-02,4.215860843658447266e+00,2.348668500781059265e-02
5.236447602510452271e-02,4.382340908050537109e+00,1.242827158421278000e-02
6.956421583890914917e-02,4.021174907684326172e+00,9.472022764384746552e-03
2.204560637474060059e-01,3.875265598297119141e+00,1.012289989739656448e-02
3.524747118353843689e-02,2.466369569301605225e-01,4.470240790396928787e-03
1.218771338462829590e-01,5.502051115036010742e-01,3.569597145542502403e-03
5.532351136207580566e-02,7.400391101837158203e-01,2.474047942087054253e-03
5.167739093303680420e-02,8.007382750511169434e-01,1.600042544305324554e-02
3.199597895145416260e-01,1.491999983787536621e+00,9.183295071125030518e-03
1.308997571468353271e-01,9.104040265083312988e-01,8.251769468188285828e-03
2.192628532648086548e-01,1.130612969398498535e+00,2.575069479644298553e-02
9.770260006189346313e-02,4.787066459655761719e+00,1.036970131099224091e-02
8.738387376070022583e-02,7.380923032760620117e-01,2.787010977044701576e-03
2.415770292282104492e-01,3.817487478256225586e+00,8.748337626457214355e-03
1.163193807005882263e-01,4.898367881774902344e+00,1.208442728966474533e-02
1.273490339517593384e-01,8.982724547386169434e-01,8.789343759417533875e-03
7.561735063791275024e-02,1.724424481391906738e+00,7.083565462380647659e-03
1.100756227970123291e-01,3.800001621246337891e+00,1.297740172594785690e-02
3.051150739192962646e-01,1.016219258308410645e-01,1.045135431922972202e-03
9.453410655260086060e-02,1.534013390541076660e+00,6.307165604084730148e-03
6.843282282352447510e-02,4.741799831390380859e+00,1.234994176775217056e-02
1.396422982215881348e-01,8.744513988494873047e-01,2.582851331681013107e-03
1.955175548791885376e-01,4.748251438140869141e+00,1.039593014866113663e-02
1.358689367771148682e-01,8.461006283760070801e-01,1.634432189166545868e-02
4.539632797241210938e-02,1.351127922534942627e-01,4.639734979718923569e-03
2.430497407913208008e-01,2.288006544113159180e+00,6.473387591540813446e-03
3.165495693683624268e-01,4.291563510894775391e+00,1.334425434470176697e-02
1.676197052001953125e-01,3.957275390625000000e+00,7.764455396682024002e-03
1.039613112807273865e-01,2.255470454692840576e-01,1.467172615230083466e-02
2.215619832277297974e-01,1.412873625755310059e+00,4.222007934004068375e-03
7.127002626657485962e-02,1.984810233116149902e+00,5.187227856367826462e-03
2.177908085286617279e-02,4.396559715270996094e+00,1.012653019279241562e-02
8.801327645778656006e-02,4.177908301353454590e-01,4.361795727163553238e-03
6.371866911649703979e-02,2.692611515522003174e-01,3.193387063220143318e-03
3.367073461413383484e-02,4.923248767852783203e+00,1.769199036061763763e-02
9.695699810981750488e-02,3.071106672286987305e+00,5.470081046223640442e-02
1.435619592666625977e-01,3.646477222442626953e+00,2.954111993312835693e-02
9.889561682939529419e-02,1.557782649993896484e+00,4.436495713889598846e-03
2.915559113025665283e-01,1.310118794441223145e+00,3.863120451569557190e-02
5.330402776598930359e-02,1.399823278188705444e-01,2.110978355631232262e-03
2.548251748085021973e-01,4.871759891510009766e+00,1.895212382078170776e-02
1.568500995635986328e-01,8.915765285491943359e-01,1.108050160109996796e-02
6.839296221733093262e-02,4.602619647979736328e+00,1.899440772831439972e-02
9.607648104429244995e-02,4.366478919982910156e+00,2.148706652224063873e-02
1.066803708672523499e-01,4.727513790130615234e+00,1.149909757077693939e-02
4.606493189930915833e-02,2.886118412017822266e+00,7.598489057272672653e-03
1.821037977933883667e-01,4.983566284179687500e+00,1.551045291125774384e-02
1.635515540838241577e-01,2.667716741561889648e+00,2.664555981755256653e-02
3.834973275661468506e-02,4.031490802764892578e+00,9.470897726714611053e-03
2.510553598403930664e-02,1.412528157234191895e+00,6.542309653013944626e-03
1.955187320709228516e-01,3.806980609893798828e+00,7.968205958604812622e-03
4.116980358958244324e-02,2.050938129425048828e+00,1.790913566946983337e-02
8.062701672315597534e-02,3.223173141479492188e+00,1.034234650433063507e-02
1.417949646711349487e-01,1.368829488754272461e+00,5.827470216900110245e-03
6.224941089749336243e-02,1.333349227905273438e+00,5.127611104398965836e-03
2.257049083709716797e-01,2.151023864746093750e+00,1.669118367135524750e-02
2.817554771900177002e-02,1.042104363441467285e+00,4.281010944396257401e-03
2.223466336727142334e-01,4.161441326141357422e+00,1.258099544793367386e-02
1.620984263718128204e-02,3.370897054672241211e+00,8.653032593429088593e-03
4.175380244851112366e-02,1.655040383338928223e+00,4.072761163115501404e-03
2.324188649654388428e-01,4.671342849731445312e+00,2.070366218686103821e-02
1.541282683610916138e-01,3.580391407012939453e+00,1.405628211796283722e-02
2.218142747879028320e-01,6.525017619132995605e-01,5.862698424607515335e-03
2.338538914918899536e-01,2.330013275146484375e+00,6.474512163549661636e-03
1.062660664319992065e-01,3.309848308563232422e+00,8.472903631627559662e-03
4.454702138900756836e-02,3.945357561111450195e+00,1.454589702188968658e-02
2.548478916287422180e-02,4.007934570312500000e+00,1.018778327852487564e-02
1.042374074459075928e-01,3.982380628585815430e+00,8.856629952788352966e-03
1.922483742237091064e-01,2.047363281250000000e+00,1.973297260701656342e-02
2.209128588438034058e-01,2.993408918380737305e+00,8.206775411963462830e-03
1.440195459872484207e-02,1.559680223464965820e+00,5.486641544848680496e-03
2.589846849441528320e-01,6.511229276657104492e-01,5.606948863714933395e-03
2.252531200647354126e-01,4.213901519775390625e+00,8.738520555198192596e-03
7.153235375881195068e-02,1.898948788642883301e+00,1.130690239369869232e-02
1.681409031152725220e-01,3.630325555801391602e+00,1.381730381399393082e-02
1.503288447856903076e-01,1.747841358184814453e+00,4.131304100155830383e-03
4.909348860383033752e-02,1.456712484359741211e+00,5.011598579585552216e-03
2.617360465228557587e-02,3.333388090133666992e+00,1.052227150648832321e-02
5.685125291347503662e-02,3.315032958984375000e+00,7.423013448715209961e-03
4.900126904249191284e-02,2.685316562652587891e+00,5.538476631045341492e-02
2.885986305773258209e-02,1.847706317901611328e+00,5.673621781170368195e-03
1.247295588254928589e-01,4.723383426666259766e+00,1.091366633772850037e-02
5.104380473494529724e-02,7.304865121841430664e-01,4.798695910722017288e-03
9.970325976610183716e-02,3.990086793899536133e+00,1.044803112745285034e-02
3.694850206375122070e-02,3.085226058959960938e+00,8.949122391641139984e-03
7.074575126171112061e-02,4.861250877380371094e+00,1.196718681603670120e-02
9.273964911699295044e-02,3.671548366546630859e+00,1.053346879780292511e-02
1.461272090673446655e-01,3.520647883415222168e-01,2.161509543657302856e-02
6.236657872796058655e-02,3.880888700485229492e+00,1.699243672192096710e-02
1.448471993207931519e-01,3.964435815811157227e+00,1.338587421923875809e-02
6.932676583528518677e-02,4.003264427185058594e+00,1.409519184380769730e-02
3.396275267004966736e-02,4.044190883636474609e+00,9.876813739538192749e-03
4.476606100797653198e-02,4.192235946655273438e+00,1.171639747917652130e-02
1.756584793329238892e-01,4.650258064270019531e+00,1.171941403299570084e-02
1.107766181230545044e-01,2.519352674484252930e+00,6.110011134296655655e-03
5.926355719566345215e-02,1.179215908050537109e+00,3.794054966419935226e-03
1.556811183691024780e-01,2.187986373901367188e+00,6.003303918987512589e-03
8.892687410116195679e-02,2.793857574462890625e+00,1.535420119762420654e-02
4.080359637737274170e-02,4.670732498168945312e+00,1.040804851800203323e-02
2.092970609664916992e-01,4.613862514495849609e+00,1.748363673686981201e-02
1.551023125648498535e-02,9.801405668258666992e-01,7.052529603242874146e-03
2.673368453979492188e-01,6.690872907638549805e-01,4.456845112144947052e-03
1.824124306440353394e-01,2.806453943252563477e+00,6.728318519890308380e-03
2.576006017625331879e-02,2.696285247802734375e-01,1.588078303029760718e-04
8.988199383020401001e-02,3.799517869949340820e+00,9.506382048130035400e-03
5.218751356005668640e-02,2.603299379348754883e+00,9.065953083336353302e-03
3.790265694260597229e-02,1.895984411239624023e+00,1.059042662382125854e-02
1.854934170842170715e-02,6.353046298027038574e-01,2.319381572306156158e-03
8.572910726070404053e-02,4.759379386901855469e+00,1.205170433968305588e-02
1.017184928059577942e-01,1.426628679037094116e-01,4.654664546251296997e-03
6.618949025869369507e-02,4.194921016693115234e+00,2.043968252837657928e-02
1.125120446085929871e-01,7.738277912139892578e-01,6.687261629849672318e-03
5.914223566651344299e-02,4.179909706115722656e+00,1.122703868895769119e-02
1.915033161640167236e-02,3.367717266082763672e-01,3.158005652949213982e-03
2.376559078693389893e-01,4.022204875946044922e+00,8.504706434905529022e-03
1.649966984987258911e-01,6.878039836883544922e-01,7.000326644629240036e-03
9.121948480606079102e-02,2.047709941864013672e+00,3.858232498168945312e-02
2.102102637290954590e-01,3.713988780975341797e+00,2.248618565499782562e-02
2.807917594909667969e-01,5.593599677085876465e-01,1.194586604833602905e-02
1.952147036790847778e-01,3.470363467931747437e-02,4.207742866128683090e-03
8.138749748468399048e-02,1.476629853248596191e+00,5.689880810678005219e-03
2.512570023536682129e-01,4.415297508239746094e+00,1.134432945400476456e-02
3.243477270007133484e-02,4.248407363891601562e+00,1.022490300238132477e-02
1.269052028656005859e-01,1.511495947837829590e+00,4.709423985332250595e-03
1.232884675264358521e-01,1.676757693290710449e+00,9.923035278916358948e-03
4.055133834481239319e-02,1.484700322151184082e+00,5.051939748227596283e-03
3.510490655899047852e-01,2.767625331878662109e+00,7.796973455697298050e-03
1.169959455728530884e-01,3.864406585693359375e+00,1.263841334730386734e-02
1.720806211233139038e-01,2.413280725479125977e+00,1.225724443793296814e-02
6.404027342796325684e-02,3.080715179443359375e+00,7.394892163574695587e-03
1.218372732400894165e-01,3.854139328002929688e+00,1.401118654757738113e-02
3.126078471541404724e-02,1.312852025032043457e+00,1.211720053106546402e-02
3.918208181858062744e-02,4.108578264713287354e-01,2.796981018036603928e-03
2.535102367401123047e-01,1.552354693412780762e+00,1.095610391348600388e-02
1.707943230867385864e-01,4.888971328735351562e+00,2.016925811767578125e-02
1.710869967937469482e-01,3.354757070541381836e+00,1.243133936077356339e-02
2.407157719135284424e-01,8.977720141410827637e-01,8.080536499619483948e-03
2.575016207993030548e-02,8.279069066047668457e-01,4.557978827506303787e-03
4.170989245176315308e-02,2.188779354095458984e+00,8.746598847210407257e-03
3.758067265152931213e-02,9.350939393043518066e-01,4.785811528563499451e-03
6.680345535278320312e-02,2.180848836898803711e+00,1.048402674496173859e-02
1.816862523555755615e-01,4.495334148406982422e+00,2.729388140141963959e-02
2.876700460910797119e-01,1.898953914642333984e-01,4.098121542483568192e-03
1.962443292140960693e-01,1.588200330734252930e+00,2.401797100901603699e-02
1.076809316873550415e-01,3.786364078521728516e+00,9.034202434122562408e-03
1.577464640140533447e-01,1.685524463653564453e+00,8.088308386504650116e-03
1.191639900207519531e-01,4.020993709564208984e+00,9.209013544023036957e-03
8.399105072021484375e-02,1.583615183830261230e+00,6.549519021064043045e-03
2.356471270322799683e-01,8.014046549797058105e-01,1.167932897806167603e-02
1.265992075204849243e-01,6.571772098541259766e-01,1.049230899661779404e-02
5.202152207493782043e-02,1.004779458045959473e+00,3.827237989753484726e-03
2.388520985841751099e-01,4.591495394706726074e-01,2.662255195900797844e-03
4.561491683125495911e-02,1.028113961219787598e+00,6.969700101763010025e-03
9.444531798362731934e-02,4.931651115417480469e+00,3.968672081828117371e-02
6.996049731969833374e-02,1.604342341423034668e+00,1.335795689374208450e-02
2.233231663703918457e-01,1.533903032541275024e-01,1.714061014354228973e-03
1.393674761056900024e-01,3.893961191177368164e+00,2.233714424073696136e-02
6.716457754373550415e-02,4.589748382568359375e+00,1.234339736402034760e-02
1.079718768596649170e-01,1.861820816993713379e+00,9.411229752004146576e-03
5.302380770444869995e-02,3.396964788436889648e+00,9.846289642155170441e-03
1.572795212268829346e-01,2.324144363403320312e+00,2.554622851312160492e-02
3.581275045871734619e-02,3.141246080398559570e+00,8.485123515129089355e-03
9.398166835308074951e-02,2.907668113708496094e+00,1.098381634801626205e-02
9.393256157636642456e-02,1.125968456268310547e+00,9.925693273544311523e-03
5.143990740180015564e-02,3.048030138015747070e+00,2.250341698527336121e-02
2.464015334844589233e-01,2.164686679840087891e+00,5.439500324428081512e-03
1.169884726405143738e-01,4.950293600559234619e-01,5.609096493571996689e-03
3.581012040376663208e-02,8.537772297859191895e-01,5.932694301009178162e-03
7.131338119506835938e-02,2.047448873519897461e+00,6.985141430050134659e-03
1.882817894220352173e-01,3.555824279785156250e+00,1.177581027150154114e-02
7.824827730655670166e-02,4.545467376708984375e+00,1.190368458628654480e-02
3.593946993350982666e-02,7.042154073715209961e-01,7.335172966122627258e-03
2.407849282026290894e-01,2.086883783340454102e-01,9.222051128745079041e-03
8.475644141435623169e-02,8.521509170532226562e-01,5.307637620717287064e-03
1.437157243490219116e-01,3.113447189331054688e+00,1.409151032567024231e-02
1.707356274127960205e-01,3.851443290710449219e+00,9.933056309819221497e-03
2.820966579020023346e-02,1.989021539688110352e+00,6.531521677970886230e-03
9.500581771135330200e-02,1.196512728929519653e-01,2.514133462682366371e-03
9.033319354057312012e-02,4.132958889007568359e+00,1.366683002561330795e-02
8.342549204826354980e-02,3.832978963851928711e+00,9.988685138523578644e-03
7.541754841804504395e-02,1.039240717887878418e+00,8.543360047042369843e-03
2.333047091960906982e-01,6.044556498527526855e-01,2.801736118271946907e-03
2.539651654660701752e-02,4.020545482635498047e+00,1.440667174756526947e-02
2.240269631147384644e-01,4.785691738128662109e+00,1.392477750778198242e-02
2.048139274120330811e-01,4.498857975006103516e+00,2.381902746856212616e-02
2.010991126298904419e-01,1.676136136054992676e+00,6.607448682188987732e-03
2.489299029111862183e-01,8.677828311920166016e-01,1.045503560453653336e-02
1.843288689851760864e-01,2.147314071655273438e+00,8.911900222301483154e-03
9.447815269231796265e-02,2.041115283966064453e+00,8.564425632357597351e-03
1.997202783823013306e-01,6.925044059753417969e-01,1.123179309070110321e-02
2.096303254365921021e-01,2.641976118087768555e+00,1.236006524413824081e-02
6.428505480289459229e-02,3.704596281051635742e+00,9.062834084033966064e-03
3.130133822560310364e-02,6.038225069642066956e-02,5.649130791425704956e-03
7.254180312156677246e-02,1.692738056182861328e+00,5.920116323977708817e-03
3.302984684705734253e-02,7.805582880973815918e-01,1.178041193634271622e-02
4.973476007580757141e-02,7.297331094741821289e-01,5.589514039456844330e-03
2.627915740013122559e-01,3.848161935806274414e+00,7.783628534525632858e-03
9.445375949144363403e-02,7.909500002861022949e-01,2.333697862923145294e-03
4.436140879988670349e-02,7.964497208595275879e-01,4.823340568691492081e-03
2.047925740480422974e-01,6.211056709289550781e-01,4.377287812530994415e-03
1.863527148962020874e-01,4.101848602294921875e+00,9.560272097587585449e-03
6.313335150480270386e-02,2.596064567565917969e+00,9.230539202690124512e-03
1.019903346896171570e-01,4.013592720031738281e+00,9.280696511268615723e-03
6.911285221576690674e-02,4.098572254180908203e+00,9.109669364988803864e-03
7.707235217094421387e-02,4.647621154785156250e+00,1.141708623617887497e-02
1.294764429330825806e-01,7.604988217353820801e-01,7.112964522093534470e-03
1.787654757499694824e-01,4.721152782440185547e+00,1.030926592648029327e-02
1.888852268457412720e-01,3.232842922210693359e+00,7.212616037577390671e-03
4.640792310237884521e-02,2.919561386108398438e+00,1.055831741541624069e-02
2.913332581520080566e-01,3.904574871063232422e+00,1.434102188795804977e-02
2.456020861864089966e-01,1.758880496025085449e+00,6.699685938656330109e-03
2.011195570230484009e-01,2.569997549057006836e+00,1.420159172266721725e-02
1.743573248386383057e-01,9.062914848327636719e-01,4.116067662835121155e-03
1.806663423776626587e-01,4.291337966918945312e+00,9.652969427406787872e-03
2.501947805285453796e-02,8.977987170219421387e-01,5.828901659697294235e-03
4.141192138195037842e-02,9.185775518417358398e-01,5.458622705191373825e-03
1.165128126740455627e-01,1.669794023036956787e-01,8.340530097484588623e-03
2.022281140089035034e-01,3.997839450836181641e+00,9.682113304734230042e-03
7.562402635812759399e-02,4.160096168518066406e+00,9.670199826359748840e-03
1.858594417572021484e-01,3.971949815750122070e+00,9.196844883263111115e-03
1.842053681612014771e-01,4.154339313507080078e+00,8.931534364819526672e-03
1.591946184635162354e-01,6.568270921707153320e-01,1.088063698261976242e-02
9.209997206926345825e-02,3.244723796844482422e+00,8.379490114748477936e-03
1.402471214532852173e-01,3.915599584579467773e+00,1.137475110590457916e-02
1.408144533634185791e-01,1.808535099029541016e+00,5.585730541497468948e-03
5.957934632897377014e-02,3.974042177200317383e+00,2.018306404352188110e-02
2.279946655035018921e-01,1.825199604034423828e+00,8.430568501353263855e-03
2.052078098058700562e-01,1.045636773109436035e+00,3.959356341511011124e-03
2.439758330583572388e-01,3.172255992889404297e+00,1.078512705862522125e-02
1.381390541791915894e-02,7.607933282852172852e-01,4.767302423715591431e-03
2.257494032382965088e-01,2.539708852767944336e+00,1.626358740031719208e-02
2.442486435174942017e-01,2.452541589736938477e+00,2.620375156402587891e-02
1.008369028568267822e-01,7.813674211502075195e-01,4.453266039490699768e-03
2.322971671819686890e-01,8.601533770561218262e-01,3.502566367387771606e-03
2.004642486572265625e-01,3.837912082672119141e+00,1.592291332781314850e-02
1.803451627492904663e-01,1.695724129676818848e+00,6.669213064014911652e-03
3.285478800535202026e-02,1.589788317680358887e+00,4.791486542671918869e-03
1.844026148319244385e-01,2.591436386108398438e+00,1.032404229044914246e-02
1.918516755104064941e-01,4.564964294433593750e+00,1.007626950740814209e-02
4.631369560956954956e-02,4.262831211090087891e+00,1.383146643638610840e-02
8.632864803075790405e-02,1.380836367607116699e+00,4.143013153225183487e-03
1.023354679346084595e-01,3.547086477279663086e+00,1.463925931602716446e-02
2.476972192525863647e-01,9.464316368103027344e-01,2.751015825197100639e-03
9.792067110538482666e-02,2.265971601009368896e-01,3.353575477376580238e-03
5.047748610377311707e-02,4.499954700469970703e+00,1.310215704143047333e-02
2.449297755956649780e-01,5.601232647895812988e-01,3.783982479944825172e-03
2.136958390474319458e-02,4.799692153930664062e+00,1.174088846892118454e-02
2.660578489303588867e-01,3.821217775344848633e+00,2.367990277707576752e-02
9.568393975496292114e-02,4.102583408355712891e+00,9.111663326621055603e-03
3.034265153110027313e-02,4.446957111358642578e+00,1.462703943252563477e-02
1.546829193830490112e-02,2.367287874221801758e+00,6.418167613446712494e-03
6.344059854745864868e-02,7.545428872108459473e-01,3.120578825473785400e-03
8.110142499208450317e-02,1.043442249298095703e+00,5.515069700777530670e-03
2.408163398504257202e-01,4.537807941436767578e+00,9.751087054610252380e-03
7.604037225246429443e-02,4.310044765472412109e+00,2.276136353611946106e-02
1.132231801748275757e-01,1.569823980331420898e+00,1.606387645006179810e-02
6.123373284935951233e-02,4.248599529266357422e+00,1.014667470008134842e-02
1.186921373009681702e-01,2.319915771484375000e+00,5.005872342735528946e-03
2.168748229742050171e-01,8.294335007667541504e-01,2.748898975551128387e-02
3.118908591568470001e-02,1.478674411773681641e-01,2.642519306391477585e-03
2.710485085844993591e-02,9.701461195945739746e-01,3.863079706206917763e-03
